[2026-01-23 16:56:43,570] - [root] - [INFO] - leaf_correlation_mw.py
[2026-01-23 16:56:43,570] - [root] - [INFO] - model_type       : ResNet
[2026-01-23 16:56:43,570] - [root] - [INFO] - pretrained       : True
[2026-01-23 16:56:43,570] - [root] - [INFO] - loading_epoch    : 65
[2026-01-23 16:56:43,570] - [root] - [INFO] - timestamp        : Jan22_10-21-00_2026
[2026-01-23 16:56:43,570] - [root] - [INFO] - outdim           : 2
[2026-01-23 16:56:43,570] - [root] - [INFO] - dual_head        : True
[2026-01-23 16:56:43,571] - [root] - [INFO] - model_path       : ../..
[2026-01-23 16:56:43,571] - [root] - [INFO] - step_size        : 224
[2026-01-23 16:56:43,571] - [root] - [INFO] - means            : [0.541, 0.6371, 0.4188]
[2026-01-23 16:56:43,571] - [root] - [INFO] - stds             : [0.1764, 0.165, 0.2326]
[2026-01-23 16:56:43,571] - [root] - [INFO] - target_class     : 1
[2026-01-23 16:56:43,571] - [root] - [INFO] - contam_control   : False
[2026-01-23 16:56:43,571] - [root] - [INFO] - spor_th          : 0.9
[2026-01-23 16:56:43,571] - [root] - [INFO] - inf_gate         : 0.5
[2026-01-23 16:56:43,571] - [root] - [INFO] - pm               : HPM-1269
[2026-01-23 16:56:43,571] - [root] - [INFO] - mps              : False
[2026-01-23 16:56:43,571] - [root] - [INFO] - cuda             : True
[2026-01-23 16:56:43,571] - [root] - [INFO] - cuda_id          : 0
[2026-01-23 16:56:43,571] - [root] - [INFO] - sal_threshold    : 0.5
[2026-01-23 16:56:43,571] - [root] - [INFO] - up_threshold     : 0.6
[2026-01-23 16:56:43,571] - [root] - [INFO] - down_threshold   : 0.1
[2026-01-23 16:56:43,572] - [root] - [INFO] - dataset_path     : C:/Users/Intel User/Desktop/blackbird_scripts/data/human_disk_assessments
[2026-01-23 16:56:43,572] - [root] - [INFO] - img_folder       : 1-22-2026
[2026-01-23 16:56:43,572] - [root] - [INFO] - platform         : BlackBird
[2026-01-23 16:56:43,572] - [root] - [INFO] - threshold        : ['0.7']
[2026-01-23 16:56:43,572] - [root] - [INFO] - log              : ../../results/logs/random.log
[2026-01-23 16:56:43,572] - [root] - [INFO] - dpi              : 5
[2026-01-23 16:56:43,572] - [root] - [INFO] - group            : baseline
[2026-01-23 16:56:43,572] - [root] - [INFO] - trays            : ['5dpi']
[2026-01-23 16:56:43,572] - [root] - [INFO] - sal_gradcam      : False
[2026-01-23 16:56:43,572] - [root] - [INFO] - sal_gradient     : True
[2026-01-23 16:56:43,572] - [root] - [INFO] - sal_smoothgrad   : False
[2026-01-23 16:56:43,572] - [root] - [INFO] - sal_deeplift     : False
[2026-01-23 16:56:43,572] - [root] - [INFO] - sal_thresh_method : fixed
[2026-01-23 16:56:43,572] - [root] - [INFO] - sal_thresh_p     : 95.0
[2026-01-23 16:56:44,627] - [root] - [INFO] - -------------------------------------------
[2026-01-23 16:56:44,627] - [root] - [INFO] - Processing 1-22-2026 5dpi 002-W2021006-081_R1.png
[2026-01-23 16:57:00,529] - [root] - [INFO] - Finished loading mask: 0m 15s
[2026-01-23 16:57:08,740] - [root] - [INFO] - Finished crop and inference: 0m 24s
[2026-01-23 16:57:10,095] - [root] - [INFO] - Analysis finished: 0m 25s
[2026-01-23 16:57:10,095] - [root] - [INFO] - -------------------------------------------
[2026-01-23 16:57:10,095] - [root] - [INFO] - -------------------------------------------
[2026-01-23 16:57:10,095] - [root] - [INFO] - Processing 1-22-2026 5dpi 002-W2021010-336_R2.png
[2026-01-23 16:57:26,891] - [root] - [INFO] - Finished loading mask: 0m 16s
[2026-01-23 16:57:35,002] - [root] - [INFO] - Finished crop and inference: 0m 24s
[2026-01-23 16:57:36,614] - [root] - [INFO] - Analysis finished: 0m 26s
[2026-01-23 16:57:36,614] - [root] - [INFO] - -------------------------------------------
[2026-01-23 16:57:36,614] - [root] - [INFO] - -------------------------------------------
[2026-01-23 16:57:36,614] - [root] - [INFO] - Processing 1-22-2026 5dpi 005-W2021011-592_R2.png
[2026-01-23 16:57:53,634] - [root] - [INFO] - Finished loading mask: 0m 17s
[2026-01-23 16:58:02,043] - [root] - [INFO] - Finished crop and inference: 0m 25s
[2026-01-23 16:58:03,611] - [root] - [INFO] - Analysis finished: 0m 26s
[2026-01-23 16:58:03,611] - [root] - [INFO] - -------------------------------------------
[2026-01-23 16:58:03,611] - [root] - [INFO] - -------------------------------------------
[2026-01-23 16:58:03,611] - [root] - [INFO] - Processing 1-22-2026 5dpi 009-W2021010-311_R2.png
[2026-01-23 16:58:20,772] - [root] - [INFO] - Finished loading mask: 0m 17s
[2026-01-23 16:58:31,960] - [root] - [INFO] - Finished crop and inference: 0m 28s
[2026-01-23 16:58:33,499] - [root] - [INFO] - Analysis finished: 0m 29s
[2026-01-23 16:58:33,499] - [root] - [INFO] - -------------------------------------------
[2026-01-23 16:58:33,499] - [root] - [INFO] - -------------------------------------------
[2026-01-23 16:58:33,499] - [root] - [INFO] - Processing 1-22-2026 5dpi 010-W2021010-347_R2.png
[2026-01-23 16:58:51,002] - [root] - [INFO] - Finished loading mask: 0m 17s
[2026-01-23 16:59:03,006] - [root] - [INFO] - Finished crop and inference: 0m 29s
[2026-01-23 16:59:04,584] - [root] - [INFO] - Analysis finished: 0m 31s
[2026-01-23 16:59:04,585] - [root] - [INFO] - -------------------------------------------
[2026-01-23 16:59:04,585] - [root] - [INFO] - -------------------------------------------
[2026-01-23 16:59:04,585] - [root] - [INFO] - Processing 1-22-2026 5dpi 013-W2021009-172_R2.png
[2026-01-23 16:59:21,794] - [root] - [INFO] - Finished loading mask: 0m 17s
[2026-01-23 16:59:29,830] - [root] - [INFO] - Finished crop and inference: 0m 25s
[2026-01-23 16:59:31,361] - [root] - [INFO] - Analysis finished: 0m 26s
[2026-01-23 16:59:31,361] - [root] - [INFO] - -------------------------------------------
[2026-01-23 16:59:31,361] - [root] - [INFO] - -------------------------------------------
[2026-01-23 16:59:31,361] - [root] - [INFO] - Processing 1-22-2026 5dpi 015-W2021009-160_R1.png
[2026-01-23 16:59:48,144] - [root] - [INFO] - Finished loading mask: 0m 16s
[2026-01-23 17:00:00,293] - [root] - [INFO] - Finished crop and inference: 0m 28s
[2026-01-23 17:00:01,846] - [root] - [INFO] - Analysis finished: 0m 30s
[2026-01-23 17:00:01,846] - [root] - [INFO] - -------------------------------------------
[2026-01-23 17:00:01,846] - [root] - [INFO] - -------------------------------------------
[2026-01-23 17:00:01,846] - [root] - [INFO] - Processing 1-22-2026 5dpi 015-W2021011-633_R1.png
[2026-01-23 17:00:19,292] - [root] - [INFO] - Finished loading mask: 0m 17s
[2026-01-23 17:00:30,367] - [root] - [INFO] - Finished crop and inference: 0m 28s
[2026-01-23 17:00:31,836] - [root] - [INFO] - Analysis finished: 0m 29s
[2026-01-23 17:00:31,836] - [root] - [INFO] - -------------------------------------------
[2026-01-23 17:00:31,836] - [root] - [INFO] - -------------------------------------------
[2026-01-23 17:00:31,836] - [root] - [INFO] - Processing 1-22-2026 5dpi 017-W2021006-612_R2.png
[2026-01-23 17:00:49,342] - [root] - [INFO] - Finished loading mask: 0m 17s
[2026-01-23 17:01:00,412] - [root] - [INFO] - Finished crop and inference: 0m 28s
[2026-01-23 17:01:02,530] - [root] - [INFO] - Analysis finished: 0m 30s
[2026-01-23 17:01:02,530] - [root] - [INFO] - -------------------------------------------
[2026-01-23 17:01:02,530] - [root] - [INFO] - -------------------------------------------
[2026-01-23 17:01:02,530] - [root] - [INFO] - Processing 1-22-2026 5dpi 019-W2021010-428_R2.png
[2026-01-23 17:01:20,415] - [root] - [INFO] - Finished loading mask: 0m 17s
[2026-01-23 17:01:28,178] - [root] - [INFO] - Finished crop and inference: 0m 25s
[2026-01-23 17:01:29,714] - [root] - [INFO] - Analysis finished: 0m 27s
[2026-01-23 17:01:29,715] - [root] - [INFO] - -------------------------------------------
[2026-01-23 17:01:29,715] - [root] - [INFO] - -------------------------------------------
[2026-01-23 17:01:29,715] - [root] - [INFO] - Processing 1-22-2026 5dpi 021-W2021009-175_R1.png
[2026-01-23 17:01:46,355] - [root] - [INFO] - Finished loading mask: 0m 16s
[2026-01-23 17:01:54,849] - [root] - [INFO] - Finished crop and inference: 0m 25s
[2026-01-23 17:01:56,352] - [root] - [INFO] - Analysis finished: 0m 26s
[2026-01-23 17:01:56,352] - [root] - [INFO] - -------------------------------------------
[2026-01-23 17:01:56,353] - [root] - [INFO] - -------------------------------------------
[2026-01-23 17:01:56,353] - [root] - [INFO] - Processing 1-22-2026 5dpi 022-W2021009-198_R2.png
[2026-01-23 17:02:13,400] - [root] - [INFO] - Finished loading mask: 0m 17s
[2026-01-23 17:02:23,957] - [root] - [INFO] - Finished crop and inference: 0m 27s
[2026-01-23 17:02:25,427] - [root] - [INFO] - Analysis finished: 0m 29s
[2026-01-23 17:02:25,427] - [root] - [INFO] - -------------------------------------------
[2026-01-23 17:02:25,427] - [root] - [INFO] - -------------------------------------------
[2026-01-23 17:02:25,427] - [root] - [INFO] - Processing 1-22-2026 5dpi 023-W2021006-049_R1.png
[2026-01-23 17:02:42,344] - [root] - [INFO] - Finished loading mask: 0m 16s
[2026-01-23 17:02:52,180] - [root] - [INFO] - Finished crop and inference: 0m 26s
[2026-01-23 17:02:53,683] - [root] - [INFO] - Analysis finished: 0m 28s
[2026-01-23 17:02:53,683] - [root] - [INFO] - -------------------------------------------
[2026-01-23 17:02:53,683] - [root] - [INFO] - -------------------------------------------
[2026-01-23 17:02:53,684] - [root] - [INFO] - Processing 1-22-2026 5dpi 023-W2021010-305_R2.png
[2026-01-23 17:03:10,720] - [root] - [INFO] - Finished loading mask: 0m 17s
[2026-01-23 17:03:19,803] - [root] - [INFO] - Finished crop and inference: 0m 26s
[2026-01-23 17:03:21,304] - [root] - [INFO] - Analysis finished: 0m 27s
[2026-01-23 17:03:21,304] - [root] - [INFO] - -------------------------------------------
[2026-01-23 17:03:21,304] - [root] - [INFO] - -------------------------------------------
[2026-01-23 17:03:21,304] - [root] - [INFO] - Processing 1-22-2026 5dpi 026-W2021009-622_R2.png
[2026-01-23 17:03:38,424] - [root] - [INFO] - Finished loading mask: 0m 17s
[2026-01-23 17:03:50,232] - [root] - [INFO] - Finished crop and inference: 0m 28s
[2026-01-23 17:03:51,760] - [root] - [INFO] - Analysis finished: 0m 30s
[2026-01-23 17:03:51,760] - [root] - [INFO] - -------------------------------------------
[2026-01-23 17:03:51,760] - [root] - [INFO] - -------------------------------------------
[2026-01-23 17:03:51,760] - [root] - [INFO] - Processing 1-22-2026 5dpi 032-W2021006-041_R2.png
[2026-01-23 17:04:09,189] - [root] - [INFO] - Finished loading mask: 0m 17s
[2026-01-23 17:04:20,176] - [root] - [INFO] - Finished crop and inference: 0m 28s
[2026-01-23 17:04:21,677] - [root] - [INFO] - Analysis finished: 0m 29s
[2026-01-23 17:04:21,678] - [root] - [INFO] - -------------------------------------------
[2026-01-23 17:04:21,678] - [root] - [INFO] - -------------------------------------------
[2026-01-23 17:04:21,678] - [root] - [INFO] - Processing 1-22-2026 5dpi 032-W2021009-155_R1.png
[2026-01-23 17:04:38,972] - [root] - [INFO] - Finished loading mask: 0m 17s
[2026-01-23 17:04:59,490] - [root] - [INFO] - Finished crop and inference: 0m 37s
[2026-01-23 17:05:01,027] - [root] - [INFO] - Analysis finished: 0m 39s
[2026-01-23 17:05:01,027] - [root] - [INFO] - -------------------------------------------
[2026-01-23 17:05:01,027] - [root] - [INFO] - -------------------------------------------
[2026-01-23 17:05:01,027] - [root] - [INFO] - Processing 1-22-2026 5dpi 036-W2021006-047_R2.png
[2026-01-23 17:05:18,454] - [root] - [INFO] - Finished loading mask: 0m 17s
[2026-01-23 17:05:26,369] - [root] - [INFO] - Finished crop and inference: 0m 25s
[2026-01-23 17:05:27,842] - [root] - [INFO] - Analysis finished: 0m 26s
[2026-01-23 17:05:27,842] - [root] - [INFO] - -------------------------------------------
[2026-01-23 17:05:27,843] - [root] - [INFO] - -------------------------------------------
[2026-01-23 17:05:27,843] - [root] - [INFO] - Processing 1-22-2026 5dpi 040-W2021009-207_R1.png
[2026-01-23 17:05:44,595] - [root] - [INFO] - Finished loading mask: 0m 16s
[2026-01-23 17:05:55,251] - [root] - [INFO] - Finished crop and inference: 0m 27s
[2026-01-23 17:05:56,734] - [root] - [INFO] - Analysis finished: 0m 28s
[2026-01-23 17:05:56,734] - [root] - [INFO] - -------------------------------------------
[2026-01-23 17:05:56,734] - [root] - [INFO] - -------------------------------------------
[2026-01-23 17:05:56,734] - [root] - [INFO] - Processing 1-22-2026 5dpi 042-W2021010-429_R1.png
[2026-01-23 17:06:14,168] - [root] - [INFO] - Finished loading mask: 0m 17s
[2026-01-23 17:06:30,256] - [root] - [INFO] - Finished crop and inference: 0m 33s
             timestamp time_elapsed  ... severity_rate_patch Gradient_sr2
0  2026-01-23 16:56:44       0m 25s  ...                1.74         0.04

[1 rows x 24 columns]
             timestamp time_elapsed  ... severity_rate_patch Gradient_sr2
0  2026-01-23 16:56:44       0m 25s  ...                1.74         0.04
1  2026-01-23 16:57:10       0m 26s  ...                4.36         0.11

[2 rows x 24 columns]
             timestamp time_elapsed  ... severity_rate_patch Gradient_sr2
0  2026-01-23 16:56:44       0m 25s  ...                1.74         0.04
1  2026-01-23 16:57:10       0m 26s  ...                4.36         0.11
2  2026-01-23 16:57:36       0m 26s  ...                0.85         0.02

[3 rows x 24 columns]
             timestamp time_elapsed  ... severity_rate_patch Gradient_sr2
0  2026-01-23 16:56:44       0m 25s  ...                1.74         0.04
1  2026-01-23 16:57:10       0m 26s  ...                4.36         0.11
2  2026-01-23 16:57:36       0m 26s  ...                0.85         0.02
3  2026-01-23 16:58:03       0m 29s  ...               25.47         0.67

[4 rows x 24 columns]
             timestamp time_elapsed  ... severity_rate_patch Gradient_sr2
0  2026-01-23 16:56:44       0m 25s  ...                1.74         0.04
1  2026-01-23 16:57:10       0m 26s  ...                4.36         0.11
2  2026-01-23 16:57:36       0m 26s  ...                0.85         0.02
3  2026-01-23 16:58:03       0m 29s  ...               25.47         0.67
4  2026-01-23 16:58:33       0m 31s  ...               37.39         0.99

[5 rows x 24 columns]
             timestamp time_elapsed  ... severity_rate_patch Gradient_sr2
0  2026-01-23 16:56:44       0m 25s  ...                1.74         0.04
1  2026-01-23 16:57:10       0m 26s  ...                4.36         0.11
2  2026-01-23 16:57:36       0m 26s  ...                0.85         0.02
3  2026-01-23 16:58:03       0m 29s  ...               25.47         0.67
4  2026-01-23 16:58:33       0m 31s  ...               37.39         0.99
5  2026-01-23 16:59:04       0m 26s  ...                0.45         0.01

[6 rows x 24 columns]
             timestamp time_elapsed  ... severity_rate_patch Gradient_sr2
0  2026-01-23 16:56:44       0m 25s  ...                1.74         0.04
1  2026-01-23 16:57:10       0m 26s  ...                4.36         0.11
2  2026-01-23 16:57:36       0m 26s  ...                0.85         0.02
3  2026-01-23 16:58:03       0m 29s  ...               25.47         0.67
4  2026-01-23 16:58:33       0m 31s  ...               37.39         0.99
5  2026-01-23 16:59:04       0m 26s  ...                0.45         0.01
6  2026-01-23 16:59:31       0m 30s  ...               38.62         0.91

[7 rows x 24 columns]
             timestamp time_elapsed  ... severity_rate_patch Gradient_sr2
0  2026-01-23 16:56:44       0m 25s  ...                1.74         0.04
1  2026-01-23 16:57:10       0m 26s  ...                4.36         0.11
2  2026-01-23 16:57:36       0m 26s  ...                0.85         0.02
3  2026-01-23 16:58:03       0m 29s  ...               25.47         0.67
4  2026-01-23 16:58:33       0m 31s  ...               37.39         0.99
5  2026-01-23 16:59:04       0m 26s  ...                0.45         0.01
6  2026-01-23 16:59:31       0m 30s  ...               38.62         0.91
7  2026-01-23 17:00:01       0m 29s  ...               19.86         0.56

[8 rows x 24 columns]
             timestamp time_elapsed  ... severity_rate_patch Gradient_sr2
0  2026-01-23 16:56:44       0m 25s  ...                1.74         0.04
1  2026-01-23 16:57:10       0m 26s  ...                4.36         0.11
2  2026-01-23 16:57:36       0m 26s  ...                0.85         0.02
3  2026-01-23 16:58:03       0m 29s  ...               25.47         0.67
4  2026-01-23 16:58:33       0m 31s  ...               37.39         0.99
5  2026-01-23 16:59:04       0m 26s  ...                0.45         0.01
6  2026-01-23 16:59:31       0m 30s  ...               38.62         0.91
7  2026-01-23 17:00:01       0m 29s  ...               19.86         0.56
8  2026-01-23 17:00:31       0m 30s  ...               39.61         1.05

[9 rows x 24 columns]
             timestamp time_elapsed  ... severity_rate_patch Gradient_sr2
0  2026-01-23 16:56:44       0m 25s  ...                1.74         0.04
1  2026-01-23 16:57:10       0m 26s  ...                4.36         0.11
2  2026-01-23 16:57:36       0m 26s  ...                0.85         0.02
3  2026-01-23 16:58:03       0m 29s  ...               25.47         0.67
4  2026-01-23 16:58:33       0m 31s  ...               37.39         0.99
5  2026-01-23 16:59:04       0m 26s  ...                0.45         0.01
6  2026-01-23 16:59:31       0m 30s  ...               38.62         0.91
7  2026-01-23 17:00:01       0m 29s  ...               19.86         0.56
8  2026-01-23 17:00:31       0m 30s  ...               39.61         1.05
9  2026-01-23 17:01:02       0m 27s  ...                1.79         0.05

[10 rows x 24 columns]
              timestamp time_elapsed  ... severity_rate_patch Gradient_sr2
0   2026-01-23 16:56:44       0m 25s  ...                1.74         0.04
1   2026-01-23 16:57:10       0m 26s  ...                4.36         0.11
2   2026-01-23 16:57:36       0m 26s  ...                0.85         0.02
3   2026-01-23 16:58:03       0m 29s  ...               25.47         0.67
4   2026-01-23 16:58:33       0m 31s  ...               37.39         0.99
5   2026-01-23 16:59:04       0m 26s  ...                0.45         0.01
6   2026-01-23 16:59:31       0m 30s  ...               38.62         0.91
7   2026-01-23 17:00:01       0m 29s  ...               19.86         0.56
8   2026-01-23 17:00:31       0m 30s  ...               39.61         1.05
9   2026-01-23 17:01:02       0m 27s  ...                1.79         0.05
10  2026-01-23 17:01:29       0m 26s  ...                2.79         0.07

[11 rows x 24 columns]
              timestamp time_elapsed  ... severity_rate_patch Gradient_sr2
0   2026-01-23 16:56:44       0m 25s  ...                1.74         0.04
1   2026-01-23 16:57:10       0m 26s  ...                4.36         0.11
2   2026-01-23 16:57:36       0m 26s  ...                0.85         0.02
3   2026-01-23 16:58:03       0m 29s  ...               25.47         0.67
4   2026-01-23 16:58:33       0m 31s  ...               37.39         0.99
5   2026-01-23 16:59:04       0m 26s  ...                0.45         0.01
6   2026-01-23 16:59:31       0m 30s  ...               38.62         0.91
7   2026-01-23 17:00:01       0m 29s  ...               19.86         0.56
8   2026-01-23 17:00:31       0m 30s  ...               39.61         1.05
9   2026-01-23 17:01:02       0m 27s  ...                1.79         0.05
10  2026-01-23 17:01:29       0m 26s  ...                2.79         0.07
11  2026-01-23 17:01:56       0m 29s  ...               20.77         0.49

[12 rows x 24 columns]
              timestamp time_elapsed  ... severity_rate_patch Gradient_sr2
0   2026-01-23 16:56:44       0m 25s  ...                1.74         0.04
1   2026-01-23 16:57:10       0m 26s  ...                4.36         0.11
2   2026-01-23 16:57:36       0m 26s  ...                0.85         0.02
3   2026-01-23 16:58:03       0m 29s  ...               25.47         0.67
4   2026-01-23 16:58:33       0m 31s  ...               37.39         0.99
5   2026-01-23 16:59:04       0m 26s  ...                0.45         0.01
6   2026-01-23 16:59:31       0m 30s  ...               38.62         0.91
7   2026-01-23 17:00:01       0m 29s  ...               19.86         0.56
8   2026-01-23 17:00:31       0m 30s  ...               39.61         1.05
9   2026-01-23 17:01:02       0m 27s  ...                1.79         0.05
10  2026-01-23 17:01:29       0m 26s  ...                2.79         0.07
11  2026-01-23 17:01:56       0m 29s  ...               20.77         0.49
12  2026-01-23 17:02:25       0m 28s  ...               20.60         0.51

[13 rows x 24 columns]
[2026-01-23 17:06:31,931] - [root] - [INFO] - Analysis finished: 0m 35s
[2026-01-23 17:06:31,931] - [root] - [INFO] - -------------------------------------------
[2026-01-23 17:06:31,931] - [root] - [INFO] - -------------------------------------------
[2026-01-23 17:06:31,931] - [root] - [INFO] - Processing 1-22-2026 5dpi 044-W2021009-169_R2.png
[2026-01-23 17:06:49,351] - [root] - [INFO] - Finished loading mask: 0m 17s
[2026-01-23 17:06:57,322] - [root] - [INFO] - Finished crop and inference: 0m 25s
[2026-01-23 17:06:58,794] - [root] - [INFO] - Analysis finished: 0m 26s
[2026-01-23 17:06:58,794] - [root] - [INFO] - -------------------------------------------
[2026-01-23 17:06:58,794] - [root] - [INFO] - -------------------------------------------
[2026-01-23 17:06:58,794] - [root] - [INFO] - Processing 1-22-2026 5dpi 044-W2021009-618_R1.png
[2026-01-23 17:07:15,605] - [root] - [INFO] - Finished loading mask: 0m 16s
[2026-01-23 17:07:25,819] - [root] - [INFO] - Finished crop and inference: 0m 27s
[2026-01-23 17:07:27,266] - [root] - [INFO] - Analysis finished: 0m 28s
[2026-01-23 17:07:27,266] - [root] - [INFO] - -------------------------------------------
[2026-01-23 17:07:27,267] - [root] - [INFO] - -------------------------------------------
[2026-01-23 17:07:27,267] - [root] - [INFO] - Processing 1-22-2026 5dpi 047-W2021011-482_R1.png
[2026-01-23 17:07:44,727] - [root] - [INFO] - Finished loading mask: 0m 17s
[2026-01-23 17:07:57,141] - [root] - [INFO] - Finished crop and inference: 0m 29s
[2026-01-23 17:07:58,619] - [root] - [INFO] - Analysis finished: 0m 31s
[2026-01-23 17:07:58,619] - [root] - [INFO] - -------------------------------------------
[2026-01-23 17:07:58,620] - [root] - [INFO] - -------------------------------------------
[2026-01-23 17:07:58,620] - [root] - [INFO] - Processing 1-22-2026 5dpi 048-W2021006-147_R1.png
[2026-01-23 17:08:15,927] - [root] - [INFO] - Finished loading mask: 0m 17s
[2026-01-23 17:08:22,018] - [root] - [INFO] - Finished crop and inference: 0m 23s
              timestamp time_elapsed  ... severity_rate_patch Gradient_sr2
0   2026-01-23 16:56:44       0m 25s  ...                1.74         0.04
1   2026-01-23 16:57:10       0m 26s  ...                4.36         0.11
2   2026-01-23 16:57:36       0m 26s  ...                0.85         0.02
3   2026-01-23 16:58:03       0m 29s  ...               25.47         0.67
4   2026-01-23 16:58:33       0m 31s  ...               37.39         0.99
5   2026-01-23 16:59:04       0m 26s  ...                0.45         0.01
6   2026-01-23 16:59:31       0m 30s  ...               38.62         0.91
7   2026-01-23 17:00:01       0m 29s  ...               19.86         0.56
8   2026-01-23 17:00:31       0m 30s  ...               39.61         1.05
9   2026-01-23 17:01:02       0m 27s  ...                1.79         0.05
10  2026-01-23 17:01:29       0m 26s  ...                2.79         0.07
11  2026-01-23 17:01:56       0m 29s  ...               20.77         0.49
12  2026-01-23 17:02:25       0m 28s  ...               20.60         0.51
13  2026-01-23 17:02:53       0m 27s  ...               15.28         0.35

[14 rows x 24 columns]
              timestamp time_elapsed  ... severity_rate_patch Gradient_sr2
0   2026-01-23 16:56:44       0m 25s  ...                1.74         0.04
1   2026-01-23 16:57:10       0m 26s  ...                4.36         0.11
2   2026-01-23 16:57:36       0m 26s  ...                0.85         0.02
3   2026-01-23 16:58:03       0m 29s  ...               25.47         0.67
4   2026-01-23 16:58:33       0m 31s  ...               37.39         0.99
5   2026-01-23 16:59:04       0m 26s  ...                0.45         0.01
6   2026-01-23 16:59:31       0m 30s  ...               38.62         0.91
7   2026-01-23 17:00:01       0m 29s  ...               19.86         0.56
8   2026-01-23 17:00:31       0m 30s  ...               39.61         1.05
9   2026-01-23 17:01:02       0m 27s  ...                1.79         0.05
10  2026-01-23 17:01:29       0m 26s  ...                2.79         0.07
11  2026-01-23 17:01:56       0m 29s  ...               20.77         0.49
12  2026-01-23 17:02:25       0m 28s  ...               20.60         0.51
13  2026-01-23 17:02:53       0m 27s  ...               15.28         0.35
14  2026-01-23 17:03:21       0m 30s  ...               30.18         0.79

[15 rows x 24 columns]
              timestamp time_elapsed  ... severity_rate_patch Gradient_sr2
0   2026-01-23 16:56:44       0m 25s  ...                1.74         0.04
1   2026-01-23 16:57:10       0m 26s  ...                4.36         0.11
2   2026-01-23 16:57:36       0m 26s  ...                0.85         0.02
3   2026-01-23 16:58:03       0m 29s  ...               25.47         0.67
4   2026-01-23 16:58:33       0m 31s  ...               37.39         0.99
5   2026-01-23 16:59:04       0m 26s  ...                0.45         0.01
6   2026-01-23 16:59:31       0m 30s  ...               38.62         0.91
7   2026-01-23 17:00:01       0m 29s  ...               19.86         0.56
8   2026-01-23 17:00:31       0m 30s  ...               39.61         1.05
9   2026-01-23 17:01:02       0m 27s  ...                1.79         0.05
10  2026-01-23 17:01:29       0m 26s  ...                2.79         0.07
11  2026-01-23 17:01:56       0m 29s  ...               20.77         0.49
12  2026-01-23 17:02:25       0m 28s  ...               20.60         0.51
13  2026-01-23 17:02:53       0m 27s  ...               15.28         0.35
14  2026-01-23 17:03:21       0m 30s  ...               30.18         0.79
15  2026-01-23 17:03:51       0m 29s  ...               19.25         0.48

[16 rows x 24 columns]
              timestamp time_elapsed  ... severity_rate_patch Gradient_sr2
0   2026-01-23 16:56:44       0m 25s  ...                1.74         0.04
1   2026-01-23 16:57:10       0m 26s  ...                4.36         0.11
2   2026-01-23 16:57:36       0m 26s  ...                0.85         0.02
3   2026-01-23 16:58:03       0m 29s  ...               25.47         0.67
4   2026-01-23 16:58:33       0m 31s  ...               37.39         0.99
5   2026-01-23 16:59:04       0m 26s  ...                0.45         0.01
6   2026-01-23 16:59:31       0m 30s  ...               38.62         0.91
7   2026-01-23 17:00:01       0m 29s  ...               19.86         0.56
8   2026-01-23 17:00:31       0m 30s  ...               39.61         1.05
9   2026-01-23 17:01:02       0m 27s  ...                1.79         0.05
10  2026-01-23 17:01:29       0m 26s  ...                2.79         0.07
11  2026-01-23 17:01:56       0m 29s  ...               20.77         0.49
12  2026-01-23 17:02:25       0m 28s  ...               20.60         0.51
13  2026-01-23 17:02:53       0m 27s  ...               15.28         0.35
14  2026-01-23 17:03:21       0m 30s  ...               30.18         0.79
15  2026-01-23 17:03:51       0m 29s  ...               19.25         0.48
16  2026-01-23 17:04:21       0m 39s  ...               85.84         2.58

[17 rows x 24 columns]
              timestamp time_elapsed  ... severity_rate_patch Gradient_sr2
0   2026-01-23 16:56:44       0m 25s  ...                1.74         0.04
1   2026-01-23 16:57:10       0m 26s  ...                4.36         0.11
2   2026-01-23 16:57:36       0m 26s  ...                0.85         0.02
3   2026-01-23 16:58:03       0m 29s  ...               25.47         0.67
4   2026-01-23 16:58:33       0m 31s  ...               37.39         0.99
5   2026-01-23 16:59:04       0m 26s  ...                0.45         0.01
6   2026-01-23 16:59:31       0m 30s  ...               38.62         0.91
7   2026-01-23 17:00:01       0m 29s  ...               19.86         0.56
8   2026-01-23 17:00:31       0m 30s  ...               39.61         1.05
9   2026-01-23 17:01:02       0m 27s  ...                1.79         0.05
10  2026-01-23 17:01:29       0m 26s  ...                2.79         0.07
11  2026-01-23 17:01:56       0m 29s  ...               20.77         0.49
12  2026-01-23 17:02:25       0m 28s  ...               20.60         0.51
13  2026-01-23 17:02:53       0m 27s  ...               15.28         0.35
14  2026-01-23 17:03:21       0m 30s  ...               30.18         0.79
15  2026-01-23 17:03:51       0m 29s  ...               19.25         0.48
16  2026-01-23 17:04:21       0m 39s  ...               85.84         2.58
17  2026-01-23 17:05:01       0m 26s  ...                0.76         0.02

[18 rows x 24 columns]
              timestamp time_elapsed  ... severity_rate_patch Gradient_sr2
0   2026-01-23 16:56:44       0m 25s  ...                1.74         0.04
1   2026-01-23 16:57:10       0m 26s  ...                4.36         0.11
2   2026-01-23 16:57:36       0m 26s  ...                0.85         0.02
3   2026-01-23 16:58:03       0m 29s  ...               25.47         0.67
4   2026-01-23 16:58:33       0m 31s  ...               37.39         0.99
5   2026-01-23 16:59:04       0m 26s  ...                0.45         0.01
6   2026-01-23 16:59:31       0m 30s  ...               38.62         0.91
7   2026-01-23 17:00:01       0m 29s  ...               19.86         0.56
8   2026-01-23 17:00:31       0m 30s  ...               39.61         1.05
9   2026-01-23 17:01:02       0m 27s  ...                1.79         0.05
10  2026-01-23 17:01:29       0m 26s  ...                2.79         0.07
11  2026-01-23 17:01:56       0m 29s  ...               20.77         0.49
12  2026-01-23 17:02:25       0m 28s  ...               20.60         0.51
13  2026-01-23 17:02:53       0m 27s  ...               15.28         0.35
14  2026-01-23 17:03:21       0m 30s  ...               30.18         0.79
15  2026-01-23 17:03:51       0m 29s  ...               19.25         0.48
16  2026-01-23 17:04:21       0m 39s  ...               85.84         2.58
17  2026-01-23 17:05:01       0m 26s  ...                0.76         0.02
18  2026-01-23 17:05:27       0m 28s  ...               23.22         0.57

[19 rows x 24 columns]
[2026-01-23 17:08:23,547] - [root] - [INFO] - Analysis finished: 0m 24s
[2026-01-23 17:08:23,547] - [root] - [INFO] - -------------------------------------------
[2026-01-23 17:08:23,547] - [root] - [INFO] - -------------------------------------------
[2026-01-23 17:08:23,547] - [root] - [INFO] - Processing 1-22-2026 5dpi 052-W2021006-004_R2.png
[2026-01-23 17:08:39,831] - [root] - [INFO] - Finished loading mask: 0m 16s
[2026-01-23 17:08:47,059] - [root] - [INFO] - Finished crop and inference: 0m 23s
[2026-01-23 17:08:48,569] - [root] - [INFO] - Analysis finished: 0m 25s
[2026-01-23 17:08:48,570] - [root] - [INFO] - -------------------------------------------
[2026-01-23 17:08:48,570] - [root] - [INFO] - -------------------------------------------
[2026-01-23 17:08:48,570] - [root] - [INFO] - Processing 1-22-2026 5dpi 055-W2021010-341_R2.png
[2026-01-23 17:09:05,431] - [root] - [INFO] - Finished loading mask: 0m 16s
[2026-01-23 17:09:13,978] - [root] - [INFO] - Finished crop and inference: 0m 25s
[2026-01-23 17:09:15,520] - [root] - [INFO] - Analysis finished: 0m 26s
[2026-01-23 17:09:15,520] - [root] - [INFO] - -------------------------------------------
[2026-01-23 17:09:15,520] - [root] - [INFO] - -------------------------------------------
[2026-01-23 17:09:15,520] - [root] - [INFO] - Processing 1-22-2026 5dpi 055-W2021010-397_R2.png
[2026-01-23 17:09:32,560] - [root] - [INFO] - Finished loading mask: 0m 17s
[2026-01-23 17:09:41,967] - [root] - [INFO] - Finished crop and inference: 0m 26s
[2026-01-23 17:09:43,450] - [root] - [INFO] - Analysis finished: 0m 27s
[2026-01-23 17:09:43,450] - [root] - [INFO] - -------------------------------------------
[2026-01-23 17:09:43,450] - [root] - [INFO] - -------------------------------------------
[2026-01-23 17:09:43,450] - [root] - [INFO] - Processing 1-22-2026 5dpi 056-W2021006-609_R1.png
[2026-01-23 17:10:00,483] - [root] - [INFO] - Finished loading mask: 0m 17s
[2026-01-23 17:10:11,959] - [root] - [INFO] - Finished crop and inference: 0m 28s
              timestamp time_elapsed  ... severity_rate_patch Gradient_sr2
0   2026-01-23 16:56:44       0m 25s  ...                1.74         0.04
1   2026-01-23 16:57:10       0m 26s  ...                4.36         0.11
2   2026-01-23 16:57:36       0m 26s  ...                0.85         0.02
3   2026-01-23 16:58:03       0m 29s  ...               25.47         0.67
4   2026-01-23 16:58:33       0m 31s  ...               37.39         0.99
5   2026-01-23 16:59:04       0m 26s  ...                0.45         0.01
6   2026-01-23 16:59:31       0m 30s  ...               38.62         0.91
7   2026-01-23 17:00:01       0m 29s  ...               19.86         0.56
8   2026-01-23 17:00:31       0m 30s  ...               39.61         1.05
9   2026-01-23 17:01:02       0m 27s  ...                1.79         0.05
10  2026-01-23 17:01:29       0m 26s  ...                2.79         0.07
11  2026-01-23 17:01:56       0m 29s  ...               20.77         0.49
12  2026-01-23 17:02:25       0m 28s  ...               20.60         0.51
13  2026-01-23 17:02:53       0m 27s  ...               15.28         0.35
14  2026-01-23 17:03:21       0m 30s  ...               30.18         0.79
15  2026-01-23 17:03:51       0m 29s  ...               19.25         0.48
16  2026-01-23 17:04:21       0m 39s  ...               85.84         2.58
17  2026-01-23 17:05:01       0m 26s  ...                0.76         0.02
18  2026-01-23 17:05:27       0m 28s  ...               23.22         0.57
19  2026-01-23 17:05:56       0m 35s  ...               62.76         1.72

[20 rows x 24 columns]
              timestamp time_elapsed  ... severity_rate_patch Gradient_sr2
0   2026-01-23 16:56:44       0m 25s  ...                1.74         0.04
1   2026-01-23 16:57:10       0m 26s  ...                4.36         0.11
2   2026-01-23 16:57:36       0m 26s  ...                0.85         0.02
3   2026-01-23 16:58:03       0m 29s  ...               25.47         0.67
4   2026-01-23 16:58:33       0m 31s  ...               37.39         0.99
5   2026-01-23 16:59:04       0m 26s  ...                0.45         0.01
6   2026-01-23 16:59:31       0m 30s  ...               38.62         0.91
7   2026-01-23 17:00:01       0m 29s  ...               19.86         0.56
8   2026-01-23 17:00:31       0m 30s  ...               39.61         1.05
9   2026-01-23 17:01:02       0m 27s  ...                1.79         0.05
10  2026-01-23 17:01:29       0m 26s  ...                2.79         0.07
11  2026-01-23 17:01:56       0m 29s  ...               20.77         0.49
12  2026-01-23 17:02:25       0m 28s  ...               20.60         0.51
13  2026-01-23 17:02:53       0m 27s  ...               15.28         0.35
14  2026-01-23 17:03:21       0m 30s  ...               30.18         0.79
15  2026-01-23 17:03:51       0m 29s  ...               19.25         0.48
16  2026-01-23 17:04:21       0m 39s  ...               85.84         2.58
17  2026-01-23 17:05:01       0m 26s  ...                0.76         0.02
18  2026-01-23 17:05:27       0m 28s  ...               23.22         0.57
19  2026-01-23 17:05:56       0m 35s  ...               62.76         1.72
20  2026-01-23 17:06:31       0m 26s  ...                1.10         0.03

[21 rows x 24 columns]
              timestamp time_elapsed  ... severity_rate_patch Gradient_sr2
0   2026-01-23 16:56:44       0m 25s  ...                1.74         0.04
1   2026-01-23 16:57:10       0m 26s  ...                4.36         0.11
2   2026-01-23 16:57:36       0m 26s  ...                0.85         0.02
3   2026-01-23 16:58:03       0m 29s  ...               25.47         0.67
4   2026-01-23 16:58:33       0m 31s  ...               37.39         0.99
5   2026-01-23 16:59:04       0m 26s  ...                0.45         0.01
6   2026-01-23 16:59:31       0m 30s  ...               38.62         0.91
7   2026-01-23 17:00:01       0m 29s  ...               19.86         0.56
8   2026-01-23 17:00:31       0m 30s  ...               39.61         1.05
9   2026-01-23 17:01:02       0m 27s  ...                1.79         0.05
10  2026-01-23 17:01:29       0m 26s  ...                2.79         0.07
11  2026-01-23 17:01:56       0m 29s  ...               20.77         0.49
12  2026-01-23 17:02:25       0m 28s  ...               20.60         0.51
13  2026-01-23 17:02:53       0m 27s  ...               15.28         0.35
14  2026-01-23 17:03:21       0m 30s  ...               30.18         0.79
15  2026-01-23 17:03:51       0m 29s  ...               19.25         0.48
16  2026-01-23 17:04:21       0m 39s  ...               85.84         2.58
17  2026-01-23 17:05:01       0m 26s  ...                0.76         0.02
18  2026-01-23 17:05:27       0m 28s  ...               23.22         0.57
19  2026-01-23 17:05:56       0m 35s  ...               62.76         1.72
20  2026-01-23 17:06:31       0m 26s  ...                1.10         0.03
21  2026-01-23 17:06:58       0m 28s  ...               19.31         0.52

[22 rows x 24 columns]
              timestamp time_elapsed  ... severity_rate_patch Gradient_sr2
0   2026-01-23 16:56:44       0m 25s  ...                1.74         0.04
1   2026-01-23 16:57:10       0m 26s  ...                4.36         0.11
2   2026-01-23 16:57:36       0m 26s  ...                0.85         0.02
3   2026-01-23 16:58:03       0m 29s  ...               25.47         0.67
4   2026-01-23 16:58:33       0m 31s  ...               37.39         0.99
5   2026-01-23 16:59:04       0m 26s  ...                0.45         0.01
6   2026-01-23 16:59:31       0m 30s  ...               38.62         0.91
7   2026-01-23 17:00:01       0m 29s  ...               19.86         0.56
8   2026-01-23 17:00:31       0m 30s  ...               39.61         1.05
9   2026-01-23 17:01:02       0m 27s  ...                1.79         0.05
10  2026-01-23 17:01:29       0m 26s  ...                2.79         0.07
11  2026-01-23 17:01:56       0m 29s  ...               20.77         0.49
12  2026-01-23 17:02:25       0m 28s  ...               20.60         0.51
13  2026-01-23 17:02:53       0m 27s  ...               15.28         0.35
14  2026-01-23 17:03:21       0m 30s  ...               30.18         0.79
15  2026-01-23 17:03:51       0m 29s  ...               19.25         0.48
16  2026-01-23 17:04:21       0m 39s  ...               85.84         2.58
17  2026-01-23 17:05:01       0m 26s  ...                0.76         0.02
18  2026-01-23 17:05:27       0m 28s  ...               23.22         0.57
19  2026-01-23 17:05:56       0m 35s  ...               62.76         1.72
20  2026-01-23 17:06:31       0m 26s  ...                1.10         0.03
21  2026-01-23 17:06:58       0m 28s  ...               19.31         0.52
22  2026-01-23 17:07:27       0m 31s  ...               42.05         1.16

[23 rows x 24 columns]
[2026-01-23 17:10:13,442] - [root] - [INFO] - Analysis finished: 0m 29s
[2026-01-23 17:10:13,442] - [root] - [INFO] - -------------------------------------------
[2026-01-23 17:10:13,442] - [root] - [INFO] - -------------------------------------------
[2026-01-23 17:10:13,442] - [root] - [INFO] - Processing 1-22-2026 5dpi 059-W2021010-434_R1.png
[2026-01-23 17:10:30,340] - [root] - [INFO] - Finished loading mask: 0m 16s
[2026-01-23 17:10:38,896] - [root] - [INFO] - Finished crop and inference: 0m 25s
[2026-01-23 17:10:40,407] - [root] - [INFO] - Analysis finished: 0m 26s
[2026-01-23 17:10:40,408] - [root] - [INFO] - -------------------------------------------
[2026-01-23 17:10:40,408] - [root] - [INFO] - -------------------------------------------
[2026-01-23 17:10:40,408] - [root] - [INFO] - Processing 1-22-2026 5dpi 060-W2021010-324_R2.png
[2026-01-23 17:10:57,260] - [root] - [INFO] - Finished loading mask: 0m 16s
[2026-01-23 17:11:05,452] - [root] - [INFO] - Finished crop and inference: 0m 25s
[2026-01-23 17:11:06,971] - [root] - [INFO] - Analysis finished: 0m 26s
[2026-01-23 17:11:06,971] - [root] - [INFO] - -------------------------------------------
[2026-01-23 17:11:06,971] - [root] - [INFO] - -------------------------------------------
[2026-01-23 17:11:06,971] - [root] - [INFO] - Processing 1-22-2026 5dpi 061-W2021011-483_R1.png
[2026-01-23 17:11:23,562] - [root] - [INFO] - Finished loading mask: 0m 16s
[2026-01-23 17:11:32,834] - [root] - [INFO] - Finished crop and inference: 0m 25s
              timestamp time_elapsed  ... severity_rate_patch Gradient_sr2
0   2026-01-23 16:56:44       0m 25s  ...                1.74         0.04
1   2026-01-23 16:57:10       0m 26s  ...                4.36         0.11
2   2026-01-23 16:57:36       0m 26s  ...                0.85         0.02
3   2026-01-23 16:58:03       0m 29s  ...               25.47         0.67
4   2026-01-23 16:58:33       0m 31s  ...               37.39         0.99
5   2026-01-23 16:59:04       0m 26s  ...                0.45         0.01
6   2026-01-23 16:59:31       0m 30s  ...               38.62         0.91
7   2026-01-23 17:00:01       0m 29s  ...               19.86         0.56
8   2026-01-23 17:00:31       0m 30s  ...               39.61         1.05
9   2026-01-23 17:01:02       0m 27s  ...                1.79         0.05
10  2026-01-23 17:01:29       0m 26s  ...                2.79         0.07
11  2026-01-23 17:01:56       0m 29s  ...               20.77         0.49
12  2026-01-23 17:02:25       0m 28s  ...               20.60         0.51
13  2026-01-23 17:02:53       0m 27s  ...               15.28         0.35
14  2026-01-23 17:03:21       0m 30s  ...               30.18         0.79
15  2026-01-23 17:03:51       0m 29s  ...               19.25         0.48
16  2026-01-23 17:04:21       0m 39s  ...               85.84         2.58
17  2026-01-23 17:05:01       0m 26s  ...                0.76         0.02
18  2026-01-23 17:05:27       0m 28s  ...               23.22         0.57
19  2026-01-23 17:05:56       0m 35s  ...               62.76         1.72
20  2026-01-23 17:06:31       0m 26s  ...                1.10         0.03
21  2026-01-23 17:06:58       0m 28s  ...               19.31         0.52
22  2026-01-23 17:07:27       0m 31s  ...               42.05         1.16
23  2026-01-23 17:07:58       0m 24s  ...                6.56         0.18

[24 rows x 24 columns]
              timestamp time_elapsed  ... severity_rate_patch Gradient_sr2
0   2026-01-23 16:56:44       0m 25s  ...                1.74         0.04
1   2026-01-23 16:57:10       0m 26s  ...                4.36         0.11
2   2026-01-23 16:57:36       0m 26s  ...                0.85         0.02
3   2026-01-23 16:58:03       0m 29s  ...               25.47         0.67
4   2026-01-23 16:58:33       0m 31s  ...               37.39         0.99
5   2026-01-23 16:59:04       0m 26s  ...                0.45         0.01
6   2026-01-23 16:59:31       0m 30s  ...               38.62         0.91
7   2026-01-23 17:00:01       0m 29s  ...               19.86         0.56
8   2026-01-23 17:00:31       0m 30s  ...               39.61         1.05
9   2026-01-23 17:01:02       0m 27s  ...                1.79         0.05
10  2026-01-23 17:01:29       0m 26s  ...                2.79         0.07
11  2026-01-23 17:01:56       0m 29s  ...               20.77         0.49
12  2026-01-23 17:02:25       0m 28s  ...               20.60         0.51
13  2026-01-23 17:02:53       0m 27s  ...               15.28         0.35
14  2026-01-23 17:03:21       0m 30s  ...               30.18         0.79
15  2026-01-23 17:03:51       0m 29s  ...               19.25         0.48
16  2026-01-23 17:04:21       0m 39s  ...               85.84         2.58
17  2026-01-23 17:05:01       0m 26s  ...                0.76         0.02
18  2026-01-23 17:05:27       0m 28s  ...               23.22         0.57
19  2026-01-23 17:05:56       0m 35s  ...               62.76         1.72
20  2026-01-23 17:06:31       0m 26s  ...                1.10         0.03
21  2026-01-23 17:06:58       0m 28s  ...               19.31         0.52
22  2026-01-23 17:07:27       0m 31s  ...               42.05         1.16
23  2026-01-23 17:07:58       0m 24s  ...                6.56         0.18
24  2026-01-23 17:08:23       0m 25s  ...                1.51         0.04

[25 rows x 24 columns]
              timestamp time_elapsed  ... severity_rate_patch Gradient_sr2
0   2026-01-23 16:56:44       0m 25s  ...                1.74         0.04
1   2026-01-23 16:57:10       0m 26s  ...                4.36         0.11
2   2026-01-23 16:57:36       0m 26s  ...                0.85         0.02
3   2026-01-23 16:58:03       0m 29s  ...               25.47         0.67
4   2026-01-23 16:58:33       0m 31s  ...               37.39         0.99
5   2026-01-23 16:59:04       0m 26s  ...                0.45         0.01
6   2026-01-23 16:59:31       0m 30s  ...               38.62         0.91
7   2026-01-23 17:00:01       0m 29s  ...               19.86         0.56
8   2026-01-23 17:00:31       0m 30s  ...               39.61         1.05
9   2026-01-23 17:01:02       0m 27s  ...                1.79         0.05
10  2026-01-23 17:01:29       0m 26s  ...                2.79         0.07
11  2026-01-23 17:01:56       0m 29s  ...               20.77         0.49
12  2026-01-23 17:02:25       0m 28s  ...               20.60         0.51
13  2026-01-23 17:02:53       0m 27s  ...               15.28         0.35
14  2026-01-23 17:03:21       0m 30s  ...               30.18         0.79
15  2026-01-23 17:03:51       0m 29s  ...               19.25         0.48
16  2026-01-23 17:04:21       0m 39s  ...               85.84         2.58
17  2026-01-23 17:05:01       0m 26s  ...                0.76         0.02
18  2026-01-23 17:05:27       0m 28s  ...               23.22         0.57
19  2026-01-23 17:05:56       0m 35s  ...               62.76         1.72
20  2026-01-23 17:06:31       0m 26s  ...                1.10         0.03
21  2026-01-23 17:06:58       0m 28s  ...               19.31         0.52
22  2026-01-23 17:07:27       0m 31s  ...               42.05         1.16
23  2026-01-23 17:07:58       0m 24s  ...                6.56         0.18
24  2026-01-23 17:08:23       0m 25s  ...                1.51         0.04
25  2026-01-23 17:08:48       0m 26s  ...                8.51         0.22

[26 rows x 24 columns]
              timestamp time_elapsed  ... severity_rate_patch Gradient_sr2
0   2026-01-23 16:56:44       0m 25s  ...                1.74         0.04
1   2026-01-23 16:57:10       0m 26s  ...                4.36         0.11
2   2026-01-23 16:57:36       0m 26s  ...                0.85         0.02
3   2026-01-23 16:58:03       0m 29s  ...               25.47         0.67
4   2026-01-23 16:58:33       0m 31s  ...               37.39         0.99
5   2026-01-23 16:59:04       0m 26s  ...                0.45         0.01
6   2026-01-23 16:59:31       0m 30s  ...               38.62         0.91
7   2026-01-23 17:00:01       0m 29s  ...               19.86         0.56
8   2026-01-23 17:00:31       0m 30s  ...               39.61         1.05
9   2026-01-23 17:01:02       0m 27s  ...                1.79         0.05
10  2026-01-23 17:01:29       0m 26s  ...                2.79         0.07
11  2026-01-23 17:01:56       0m 29s  ...               20.77         0.49
12  2026-01-23 17:02:25       0m 28s  ...               20.60         0.51
13  2026-01-23 17:02:53       0m 27s  ...               15.28         0.35
14  2026-01-23 17:03:21       0m 30s  ...               30.18         0.79
15  2026-01-23 17:03:51       0m 29s  ...               19.25         0.48
16  2026-01-23 17:04:21       0m 39s  ...               85.84         2.58
17  2026-01-23 17:05:01       0m 26s  ...                0.76         0.02
18  2026-01-23 17:05:27       0m 28s  ...               23.22         0.57
19  2026-01-23 17:05:56       0m 35s  ...               62.76         1.72
20  2026-01-23 17:06:31       0m 26s  ...                1.10         0.03
21  2026-01-23 17:06:58       0m 28s  ...               19.31         0.52
22  2026-01-23 17:07:27       0m 31s  ...               42.05         1.16
23  2026-01-23 17:07:58       0m 24s  ...                6.56         0.18
24  2026-01-23 17:08:23       0m 25s  ...                1.51         0.04
25  2026-01-23 17:08:48       0m 26s  ...                8.51         0.22
26  2026-01-23 17:09:15       0m 27s  ...               12.12         0.31

[27 rows x 24 columns]
[2026-01-23 17:11:34,352] - [root] - [INFO] - Analysis finished: 0m 27s
[2026-01-23 17:11:34,352] - [root] - [INFO] - -------------------------------------------
[2026-01-23 17:11:34,352] - [root] - [INFO] - -------------------------------------------
[2026-01-23 17:11:34,353] - [root] - [INFO] - Processing 1-22-2026 5dpi 070-W2021011-486_R2.png
[2026-01-23 17:11:51,067] - [root] - [INFO] - Finished loading mask: 0m 16s
[2026-01-23 17:12:01,043] - [root] - [INFO] - Finished crop and inference: 0m 26s
[2026-01-23 17:12:02,582] - [root] - [INFO] - Analysis finished: 0m 28s
[2026-01-23 17:12:02,582] - [root] - [INFO] - -------------------------------------------
[2026-01-23 17:12:02,582] - [root] - [INFO] - -------------------------------------------
[2026-01-23 17:12:02,583] - [root] - [INFO] - Processing 1-22-2026 5dpi 071-W2021010-323_R1.png
[2026-01-23 17:12:19,562] - [root] - [INFO] - Finished loading mask: 0m 16s
[2026-01-23 17:12:34,840] - [root] - [INFO] - Finished crop and inference: 0m 32s
[2026-01-23 17:12:36,429] - [root] - [INFO] - Analysis finished: 0m 33s
[2026-01-23 17:12:36,430] - [root] - [INFO] - -------------------------------------------
[2026-01-23 17:12:36,430] - [root] - [INFO] - -------------------------------------------
[2026-01-23 17:12:36,430] - [root] - [INFO] - Processing 1-22-2026 5dpi 077-W2021010-351_R2.png
[2026-01-23 17:12:54,307] - [root] - [INFO] - Finished loading mask: 0m 17s
[2026-01-23 17:13:02,965] - [root] - [INFO] - Finished crop and inference: 0m 26s
              timestamp time_elapsed  ... severity_rate_patch Gradient_sr2
0   2026-01-23 16:56:44       0m 25s  ...                1.74         0.04
1   2026-01-23 16:57:10       0m 26s  ...                4.36         0.11
2   2026-01-23 16:57:36       0m 26s  ...                0.85         0.02
3   2026-01-23 16:58:03       0m 29s  ...               25.47         0.67
4   2026-01-23 16:58:33       0m 31s  ...               37.39         0.99
5   2026-01-23 16:59:04       0m 26s  ...                0.45         0.01
6   2026-01-23 16:59:31       0m 30s  ...               38.62         0.91
7   2026-01-23 17:00:01       0m 29s  ...               19.86         0.56
8   2026-01-23 17:00:31       0m 30s  ...               39.61         1.05
9   2026-01-23 17:01:02       0m 27s  ...                1.79         0.05
10  2026-01-23 17:01:29       0m 26s  ...                2.79         0.07
11  2026-01-23 17:01:56       0m 29s  ...               20.77         0.49
12  2026-01-23 17:02:25       0m 28s  ...               20.60         0.51
13  2026-01-23 17:02:53       0m 27s  ...               15.28         0.35
14  2026-01-23 17:03:21       0m 30s  ...               30.18         0.79
15  2026-01-23 17:03:51       0m 29s  ...               19.25         0.48
16  2026-01-23 17:04:21       0m 39s  ...               85.84         2.58
17  2026-01-23 17:05:01       0m 26s  ...                0.76         0.02
18  2026-01-23 17:05:27       0m 28s  ...               23.22         0.57
19  2026-01-23 17:05:56       0m 35s  ...               62.76         1.72
20  2026-01-23 17:06:31       0m 26s  ...                1.10         0.03
21  2026-01-23 17:06:58       0m 28s  ...               19.31         0.52
22  2026-01-23 17:07:27       0m 31s  ...               42.05         1.16
23  2026-01-23 17:07:58       0m 24s  ...                6.56         0.18
24  2026-01-23 17:08:23       0m 25s  ...                1.51         0.04
25  2026-01-23 17:08:48       0m 26s  ...                8.51         0.22
26  2026-01-23 17:09:15       0m 27s  ...               12.12         0.31
27  2026-01-23 17:09:43       0m 29s  ...               32.69         0.79

[28 rows x 24 columns]
              timestamp time_elapsed  ... severity_rate_patch Gradient_sr2
0   2026-01-23 16:56:44       0m 25s  ...                1.74         0.04
1   2026-01-23 16:57:10       0m 26s  ...                4.36         0.11
2   2026-01-23 16:57:36       0m 26s  ...                0.85         0.02
3   2026-01-23 16:58:03       0m 29s  ...               25.47         0.67
4   2026-01-23 16:58:33       0m 31s  ...               37.39         0.99
5   2026-01-23 16:59:04       0m 26s  ...                0.45         0.01
6   2026-01-23 16:59:31       0m 30s  ...               38.62         0.91
7   2026-01-23 17:00:01       0m 29s  ...               19.86         0.56
8   2026-01-23 17:00:31       0m 30s  ...               39.61         1.05
9   2026-01-23 17:01:02       0m 27s  ...                1.79         0.05
10  2026-01-23 17:01:29       0m 26s  ...                2.79         0.07
11  2026-01-23 17:01:56       0m 29s  ...               20.77         0.49
12  2026-01-23 17:02:25       0m 28s  ...               20.60         0.51
13  2026-01-23 17:02:53       0m 27s  ...               15.28         0.35
14  2026-01-23 17:03:21       0m 30s  ...               30.18         0.79
15  2026-01-23 17:03:51       0m 29s  ...               19.25         0.48
16  2026-01-23 17:04:21       0m 39s  ...               85.84         2.58
17  2026-01-23 17:05:01       0m 26s  ...                0.76         0.02
18  2026-01-23 17:05:27       0m 28s  ...               23.22         0.57
19  2026-01-23 17:05:56       0m 35s  ...               62.76         1.72
20  2026-01-23 17:06:31       0m 26s  ...                1.10         0.03
21  2026-01-23 17:06:58       0m 28s  ...               19.31         0.52
22  2026-01-23 17:07:27       0m 31s  ...               42.05         1.16
23  2026-01-23 17:07:58       0m 24s  ...                6.56         0.18
24  2026-01-23 17:08:23       0m 25s  ...                1.51         0.04
25  2026-01-23 17:08:48       0m 26s  ...                8.51         0.22
26  2026-01-23 17:09:15       0m 27s  ...               12.12         0.31
27  2026-01-23 17:09:43       0m 29s  ...               32.69         0.79
28  2026-01-23 17:10:13       0m 26s  ...                2.15         0.06

[29 rows x 24 columns]
              timestamp time_elapsed  ... severity_rate_patch Gradient_sr2
0   2026-01-23 16:56:44       0m 25s  ...                1.74         0.04
1   2026-01-23 16:57:10       0m 26s  ...                4.36         0.11
2   2026-01-23 16:57:36       0m 26s  ...                0.85         0.02
3   2026-01-23 16:58:03       0m 29s  ...               25.47         0.67
4   2026-01-23 16:58:33       0m 31s  ...               37.39         0.99
5   2026-01-23 16:59:04       0m 26s  ...                0.45         0.01
6   2026-01-23 16:59:31       0m 30s  ...               38.62         0.91
7   2026-01-23 17:00:01       0m 29s  ...               19.86         0.56
8   2026-01-23 17:00:31       0m 30s  ...               39.61         1.05
9   2026-01-23 17:01:02       0m 27s  ...                1.79         0.05
10  2026-01-23 17:01:29       0m 26s  ...                2.79         0.07
11  2026-01-23 17:01:56       0m 29s  ...               20.77         0.49
12  2026-01-23 17:02:25       0m 28s  ...               20.60         0.51
13  2026-01-23 17:02:53       0m 27s  ...               15.28         0.35
14  2026-01-23 17:03:21       0m 30s  ...               30.18         0.79
15  2026-01-23 17:03:51       0m 29s  ...               19.25         0.48
16  2026-01-23 17:04:21       0m 39s  ...               85.84         2.58
17  2026-01-23 17:05:01       0m 26s  ...                0.76         0.02
18  2026-01-23 17:05:27       0m 28s  ...               23.22         0.57
19  2026-01-23 17:05:56       0m 35s  ...               62.76         1.72
20  2026-01-23 17:06:31       0m 26s  ...                1.10         0.03
21  2026-01-23 17:06:58       0m 28s  ...               19.31         0.52
22  2026-01-23 17:07:27       0m 31s  ...               42.05         1.16
23  2026-01-23 17:07:58       0m 24s  ...                6.56         0.18
24  2026-01-23 17:08:23       0m 25s  ...                1.51         0.04
25  2026-01-23 17:08:48       0m 26s  ...                8.51         0.22
26  2026-01-23 17:09:15       0m 27s  ...               12.12         0.31
27  2026-01-23 17:09:43       0m 29s  ...               32.69         0.79
28  2026-01-23 17:10:13       0m 26s  ...                2.15         0.06
29  2026-01-23 17:10:40       0m 26s  ...                2.94         0.07

[30 rows x 24 columns]
[2026-01-23 17:13:04,470] - [root] - [INFO] - Analysis finished: 0m 28s
[2026-01-23 17:13:04,471] - [root] - [INFO] - -------------------------------------------
[2026-01-23 17:13:04,471] - [root] - [INFO] - -------------------------------------------
[2026-01-23 17:13:04,471] - [root] - [INFO] - Processing 1-22-2026 5dpi 084-W2021010-319_R1.png
[2026-01-23 17:13:21,013] - [root] - [INFO] - Finished loading mask: 0m 16s
[2026-01-23 17:13:29,025] - [root] - [INFO] - Finished crop and inference: 0m 24s
[2026-01-23 17:13:30,554] - [root] - [INFO] - Analysis finished: 0m 26s
[2026-01-23 17:13:30,555] - [root] - [INFO] - -------------------------------------------
[2026-01-23 17:13:30,555] - [root] - [INFO] - -------------------------------------------
[2026-01-23 17:13:30,555] - [root] - [INFO] - Processing 1-22-2026 5dpi 085-W2021010-630_R1.png
[2026-01-23 17:13:47,304] - [root] - [INFO] - Finished loading mask: 0m 16s
[2026-01-23 17:13:55,320] - [root] - [INFO] - Finished crop and inference: 0m 24s
              timestamp time_elapsed  ... severity_rate_patch Gradient_sr2
0   2026-01-23 16:56:44       0m 25s  ...                1.74         0.04
1   2026-01-23 16:57:10       0m 26s  ...                4.36         0.11
2   2026-01-23 16:57:36       0m 26s  ...                0.85         0.02
3   2026-01-23 16:58:03       0m 29s  ...               25.47         0.67
4   2026-01-23 16:58:33       0m 31s  ...               37.39         0.99
5   2026-01-23 16:59:04       0m 26s  ...                0.45         0.01
6   2026-01-23 16:59:31       0m 30s  ...               38.62         0.91
7   2026-01-23 17:00:01       0m 29s  ...               19.86         0.56
8   2026-01-23 17:00:31       0m 30s  ...               39.61         1.05
9   2026-01-23 17:01:02       0m 27s  ...                1.79         0.05
10  2026-01-23 17:01:29       0m 26s  ...                2.79         0.07
11  2026-01-23 17:01:56       0m 29s  ...               20.77         0.49
12  2026-01-23 17:02:25       0m 28s  ...               20.60         0.51
13  2026-01-23 17:02:53       0m 27s  ...               15.28         0.35
14  2026-01-23 17:03:21       0m 30s  ...               30.18         0.79
15  2026-01-23 17:03:51       0m 29s  ...               19.25         0.48
16  2026-01-23 17:04:21       0m 39s  ...               85.84         2.58
17  2026-01-23 17:05:01       0m 26s  ...                0.76         0.02
18  2026-01-23 17:05:27       0m 28s  ...               23.22         0.57
19  2026-01-23 17:05:56       0m 35s  ...               62.76         1.72
20  2026-01-23 17:06:31       0m 26s  ...                1.10         0.03
21  2026-01-23 17:06:58       0m 28s  ...               19.31         0.52
22  2026-01-23 17:07:27       0m 31s  ...               42.05         1.16
23  2026-01-23 17:07:58       0m 24s  ...                6.56         0.18
24  2026-01-23 17:08:23       0m 25s  ...                1.51         0.04
25  2026-01-23 17:08:48       0m 26s  ...                8.51         0.22
26  2026-01-23 17:09:15       0m 27s  ...               12.12         0.31
27  2026-01-23 17:09:43       0m 29s  ...               32.69         0.79
28  2026-01-23 17:10:13       0m 26s  ...                2.15         0.06
29  2026-01-23 17:10:40       0m 26s  ...                2.94         0.07
30  2026-01-23 17:11:06       0m 27s  ...               12.91         0.30

[31 rows x 24 columns]
              timestamp time_elapsed  ... severity_rate_patch Gradient_sr2
0   2026-01-23 16:56:44       0m 25s  ...                1.74         0.04
1   2026-01-23 16:57:10       0m 26s  ...                4.36         0.11
2   2026-01-23 16:57:36       0m 26s  ...                0.85         0.02
3   2026-01-23 16:58:03       0m 29s  ...               25.47         0.67
4   2026-01-23 16:58:33       0m 31s  ...               37.39         0.99
5   2026-01-23 16:59:04       0m 26s  ...                0.45         0.01
6   2026-01-23 16:59:31       0m 30s  ...               38.62         0.91
7   2026-01-23 17:00:01       0m 29s  ...               19.86         0.56
8   2026-01-23 17:00:31       0m 30s  ...               39.61         1.05
9   2026-01-23 17:01:02       0m 27s  ...                1.79         0.05
10  2026-01-23 17:01:29       0m 26s  ...                2.79         0.07
11  2026-01-23 17:01:56       0m 29s  ...               20.77         0.49
12  2026-01-23 17:02:25       0m 28s  ...               20.60         0.51
13  2026-01-23 17:02:53       0m 27s  ...               15.28         0.35
14  2026-01-23 17:03:21       0m 30s  ...               30.18         0.79
15  2026-01-23 17:03:51       0m 29s  ...               19.25         0.48
16  2026-01-23 17:04:21       0m 39s  ...               85.84         2.58
17  2026-01-23 17:05:01       0m 26s  ...                0.76         0.02
18  2026-01-23 17:05:27       0m 28s  ...               23.22         0.57
19  2026-01-23 17:05:56       0m 35s  ...               62.76         1.72
20  2026-01-23 17:06:31       0m 26s  ...                1.10         0.03
21  2026-01-23 17:06:58       0m 28s  ...               19.31         0.52
22  2026-01-23 17:07:27       0m 31s  ...               42.05         1.16
23  2026-01-23 17:07:58       0m 24s  ...                6.56         0.18
24  2026-01-23 17:08:23       0m 25s  ...                1.51         0.04
25  2026-01-23 17:08:48       0m 26s  ...                8.51         0.22
26  2026-01-23 17:09:15       0m 27s  ...               12.12         0.31
27  2026-01-23 17:09:43       0m 29s  ...               32.69         0.79
28  2026-01-23 17:10:13       0m 26s  ...                2.15         0.06
29  2026-01-23 17:10:40       0m 26s  ...                2.94         0.07
30  2026-01-23 17:11:06       0m 27s  ...               12.91         0.30
31  2026-01-23 17:11:34       0m 28s  ...               42.77         1.19

[32 rows x 24 columns]
              timestamp time_elapsed  ... severity_rate_patch Gradient_sr2
0   2026-01-23 16:56:44       0m 25s  ...                1.74         0.04
1   2026-01-23 16:57:10       0m 26s  ...                4.36         0.11
2   2026-01-23 16:57:36       0m 26s  ...                0.85         0.02
3   2026-01-23 16:58:03       0m 29s  ...               25.47         0.67
4   2026-01-23 16:58:33       0m 31s  ...               37.39         0.99
5   2026-01-23 16:59:04       0m 26s  ...                0.45         0.01
6   2026-01-23 16:59:31       0m 30s  ...               38.62         0.91
7   2026-01-23 17:00:01       0m 29s  ...               19.86         0.56
8   2026-01-23 17:00:31       0m 30s  ...               39.61         1.05
9   2026-01-23 17:01:02       0m 27s  ...                1.79         0.05
10  2026-01-23 17:01:29       0m 26s  ...                2.79         0.07
11  2026-01-23 17:01:56       0m 29s  ...               20.77         0.49
12  2026-01-23 17:02:25       0m 28s  ...               20.60         0.51
13  2026-01-23 17:02:53       0m 27s  ...               15.28         0.35
14  2026-01-23 17:03:21       0m 30s  ...               30.18         0.79
15  2026-01-23 17:03:51       0m 29s  ...               19.25         0.48
16  2026-01-23 17:04:21       0m 39s  ...               85.84         2.58
17  2026-01-23 17:05:01       0m 26s  ...                0.76         0.02
18  2026-01-23 17:05:27       0m 28s  ...               23.22         0.57
19  2026-01-23 17:05:56       0m 35s  ...               62.76         1.72
20  2026-01-23 17:06:31       0m 26s  ...                1.10         0.03
21  2026-01-23 17:06:58       0m 28s  ...               19.31         0.52
22  2026-01-23 17:07:27       0m 31s  ...               42.05         1.16
23  2026-01-23 17:07:58       0m 24s  ...                6.56         0.18
24  2026-01-23 17:08:23       0m 25s  ...                1.51         0.04
25  2026-01-23 17:08:48       0m 26s  ...                8.51         0.22
26  2026-01-23 17:09:15       0m 27s  ...               12.12         0.31
27  2026-01-23 17:09:43       0m 29s  ...               32.69         0.79
28  2026-01-23 17:10:13       0m 26s  ...                2.15         0.06
29  2026-01-23 17:10:40       0m 26s  ...                2.94         0.07
30  2026-01-23 17:11:06       0m 27s  ...               12.91         0.30
31  2026-01-23 17:11:34       0m 28s  ...               42.77         1.19
32  2026-01-23 17:12:02       0m 33s  ...               65.54         1.89

[33 rows x 24 columns]
[2026-01-23 17:13:56,827] - [root] - [INFO] - Analysis finished: 0m 26s
[2026-01-23 17:13:56,827] - [root] - [INFO] - -------------------------------------------
[2026-01-23 17:13:56,827] - [root] - [INFO] - -------------------------------------------
[2026-01-23 17:13:56,827] - [root] - [INFO] - Processing 1-22-2026 5dpi 091-W2021006-056_R2.png
[2026-01-23 17:14:13,954] - [root] - [INFO] - Finished loading mask: 0m 17s
[2026-01-23 17:14:22,154] - [root] - [INFO] - Finished crop and inference: 0m 25s
[2026-01-23 17:14:23,692] - [root] - [INFO] - Analysis finished: 0m 26s
[2026-01-23 17:14:23,692] - [root] - [INFO] - -------------------------------------------
[2026-01-23 17:14:23,692] - [root] - [INFO] - -------------------------------------------
[2026-01-23 17:14:23,693] - [root] - [INFO] - Processing 1-22-2026 5dpi 094-W2021010-315_R2.png
[2026-01-23 17:14:40,158] - [root] - [INFO] - Finished loading mask: 0m 16s
[2026-01-23 17:14:47,896] - [root] - [INFO] - Finished crop and inference: 0m 24s
              timestamp time_elapsed  ... severity_rate_patch Gradient_sr2
0   2026-01-23 16:56:44       0m 25s  ...                1.74         0.04
1   2026-01-23 16:57:10       0m 26s  ...                4.36         0.11
2   2026-01-23 16:57:36       0m 26s  ...                0.85         0.02
3   2026-01-23 16:58:03       0m 29s  ...               25.47         0.67
4   2026-01-23 16:58:33       0m 31s  ...               37.39         0.99
5   2026-01-23 16:59:04       0m 26s  ...                0.45         0.01
6   2026-01-23 16:59:31       0m 30s  ...               38.62         0.91
7   2026-01-23 17:00:01       0m 29s  ...               19.86         0.56
8   2026-01-23 17:00:31       0m 30s  ...               39.61         1.05
9   2026-01-23 17:01:02       0m 27s  ...                1.79         0.05
10  2026-01-23 17:01:29       0m 26s  ...                2.79         0.07
11  2026-01-23 17:01:56       0m 29s  ...               20.77         0.49
12  2026-01-23 17:02:25       0m 28s  ...               20.60         0.51
13  2026-01-23 17:02:53       0m 27s  ...               15.28         0.35
14  2026-01-23 17:03:21       0m 30s  ...               30.18         0.79
15  2026-01-23 17:03:51       0m 29s  ...               19.25         0.48
16  2026-01-23 17:04:21       0m 39s  ...               85.84         2.58
17  2026-01-23 17:05:01       0m 26s  ...                0.76         0.02
18  2026-01-23 17:05:27       0m 28s  ...               23.22         0.57
19  2026-01-23 17:05:56       0m 35s  ...               62.76         1.72
20  2026-01-23 17:06:31       0m 26s  ...                1.10         0.03
21  2026-01-23 17:06:58       0m 28s  ...               19.31         0.52
22  2026-01-23 17:07:27       0m 31s  ...               42.05         1.16
23  2026-01-23 17:07:58       0m 24s  ...                6.56         0.18
24  2026-01-23 17:08:23       0m 25s  ...                1.51         0.04
25  2026-01-23 17:08:48       0m 26s  ...                8.51         0.22
26  2026-01-23 17:09:15       0m 27s  ...               12.12         0.31
27  2026-01-23 17:09:43       0m 29s  ...               32.69         0.79
28  2026-01-23 17:10:13       0m 26s  ...                2.15         0.06
29  2026-01-23 17:10:40       0m 26s  ...                2.94         0.07
30  2026-01-23 17:11:06       0m 27s  ...               12.91         0.30
31  2026-01-23 17:11:34       0m 28s  ...               42.77         1.19
32  2026-01-23 17:12:02       0m 33s  ...               65.54         1.89
33  2026-01-23 17:12:36       0m 28s  ...               10.11         0.24

[34 rows x 24 columns]
              timestamp time_elapsed  ... severity_rate_patch Gradient_sr2
0   2026-01-23 16:56:44       0m 25s  ...                1.74         0.04
1   2026-01-23 16:57:10       0m 26s  ...                4.36         0.11
2   2026-01-23 16:57:36       0m 26s  ...                0.85         0.02
3   2026-01-23 16:58:03       0m 29s  ...               25.47         0.67
4   2026-01-23 16:58:33       0m 31s  ...               37.39         0.99
5   2026-01-23 16:59:04       0m 26s  ...                0.45         0.01
6   2026-01-23 16:59:31       0m 30s  ...               38.62         0.91
7   2026-01-23 17:00:01       0m 29s  ...               19.86         0.56
8   2026-01-23 17:00:31       0m 30s  ...               39.61         1.05
9   2026-01-23 17:01:02       0m 27s  ...                1.79         0.05
10  2026-01-23 17:01:29       0m 26s  ...                2.79         0.07
11  2026-01-23 17:01:56       0m 29s  ...               20.77         0.49
12  2026-01-23 17:02:25       0m 28s  ...               20.60         0.51
13  2026-01-23 17:02:53       0m 27s  ...               15.28         0.35
14  2026-01-23 17:03:21       0m 30s  ...               30.18         0.79
15  2026-01-23 17:03:51       0m 29s  ...               19.25         0.48
16  2026-01-23 17:04:21       0m 39s  ...               85.84         2.58
17  2026-01-23 17:05:01       0m 26s  ...                0.76         0.02
18  2026-01-23 17:05:27       0m 28s  ...               23.22         0.57
19  2026-01-23 17:05:56       0m 35s  ...               62.76         1.72
20  2026-01-23 17:06:31       0m 26s  ...                1.10         0.03
21  2026-01-23 17:06:58       0m 28s  ...               19.31         0.52
22  2026-01-23 17:07:27       0m 31s  ...               42.05         1.16
23  2026-01-23 17:07:58       0m 24s  ...                6.56         0.18
24  2026-01-23 17:08:23       0m 25s  ...                1.51         0.04
25  2026-01-23 17:08:48       0m 26s  ...                8.51         0.22
26  2026-01-23 17:09:15       0m 27s  ...               12.12         0.31
27  2026-01-23 17:09:43       0m 29s  ...               32.69         0.79
28  2026-01-23 17:10:13       0m 26s  ...                2.15         0.06
29  2026-01-23 17:10:40       0m 26s  ...                2.94         0.07
30  2026-01-23 17:11:06       0m 27s  ...               12.91         0.30
31  2026-01-23 17:11:34       0m 28s  ...               42.77         1.19
32  2026-01-23 17:12:02       0m 33s  ...               65.54         1.89
33  2026-01-23 17:12:36       0m 28s  ...               10.11         0.24
34  2026-01-23 17:13:04       0m 26s  ...                4.05         0.11

[35 rows x 24 columns]
[2026-01-23 17:14:49,422] - [root] - [INFO] - Analysis finished: 0m 25s
[2026-01-23 17:14:49,422] - [root] - [INFO] - -------------------------------------------
[2026-01-23 17:14:49,422] - [root] - [INFO] - -------------------------------------------
[2026-01-23 17:14:49,422] - [root] - [INFO] - Processing 1-22-2026 5dpi 095-W2021011-553_R2.png
[2026-01-23 17:15:05,935] - [root] - [INFO] - Finished loading mask: 0m 16s
[2026-01-23 17:15:13,085] - [root] - [INFO] - Finished crop and inference: 0m 23s
[2026-01-23 17:15:14,571] - [root] - [INFO] - Analysis finished: 0m 25s
[2026-01-23 17:15:14,571] - [root] - [INFO] - -------------------------------------------
[2026-01-23 17:15:14,572] - [root] - [INFO] - -------------------------------------------
[2026-01-23 17:15:14,572] - [root] - [INFO] - Processing 1-22-2026 5dpi 097-W2021006-617_R2.png
[2026-01-23 17:15:31,671] - [root] - [INFO] - Finished loading mask: 0m 17s
[2026-01-23 17:15:45,142] - [root] - [INFO] - Finished crop and inference: 0m 30s
              timestamp time_elapsed  ... severity_rate_patch Gradient_sr2
0   2026-01-23 16:56:44       0m 25s  ...                1.74         0.04
1   2026-01-23 16:57:10       0m 26s  ...                4.36         0.11
2   2026-01-23 16:57:36       0m 26s  ...                0.85         0.02
3   2026-01-23 16:58:03       0m 29s  ...               25.47         0.67
4   2026-01-23 16:58:33       0m 31s  ...               37.39         0.99
5   2026-01-23 16:59:04       0m 26s  ...                0.45         0.01
6   2026-01-23 16:59:31       0m 30s  ...               38.62         0.91
7   2026-01-23 17:00:01       0m 29s  ...               19.86         0.56
8   2026-01-23 17:00:31       0m 30s  ...               39.61         1.05
9   2026-01-23 17:01:02       0m 27s  ...                1.79         0.05
10  2026-01-23 17:01:29       0m 26s  ...                2.79         0.07
11  2026-01-23 17:01:56       0m 29s  ...               20.77         0.49
12  2026-01-23 17:02:25       0m 28s  ...               20.60         0.51
13  2026-01-23 17:02:53       0m 27s  ...               15.28         0.35
14  2026-01-23 17:03:21       0m 30s  ...               30.18         0.79
15  2026-01-23 17:03:51       0m 29s  ...               19.25         0.48
16  2026-01-23 17:04:21       0m 39s  ...               85.84         2.58
17  2026-01-23 17:05:01       0m 26s  ...                0.76         0.02
18  2026-01-23 17:05:27       0m 28s  ...               23.22         0.57
19  2026-01-23 17:05:56       0m 35s  ...               62.76         1.72
20  2026-01-23 17:06:31       0m 26s  ...                1.10         0.03
21  2026-01-23 17:06:58       0m 28s  ...               19.31         0.52
22  2026-01-23 17:07:27       0m 31s  ...               42.05         1.16
23  2026-01-23 17:07:58       0m 24s  ...                6.56         0.18
24  2026-01-23 17:08:23       0m 25s  ...                1.51         0.04
25  2026-01-23 17:08:48       0m 26s  ...                8.51         0.22
26  2026-01-23 17:09:15       0m 27s  ...               12.12         0.31
27  2026-01-23 17:09:43       0m 29s  ...               32.69         0.79
28  2026-01-23 17:10:13       0m 26s  ...                2.15         0.06
29  2026-01-23 17:10:40       0m 26s  ...                2.94         0.07
30  2026-01-23 17:11:06       0m 27s  ...               12.91         0.30
31  2026-01-23 17:11:34       0m 28s  ...               42.77         1.19
32  2026-01-23 17:12:02       0m 33s  ...               65.54         1.89
33  2026-01-23 17:12:36       0m 28s  ...               10.11         0.24
34  2026-01-23 17:13:04       0m 26s  ...                4.05         0.11
35  2026-01-23 17:13:30       0m 26s  ...                1.89         0.05

[36 rows x 24 columns]
              timestamp time_elapsed  ... severity_rate_patch Gradient_sr2
0   2026-01-23 16:56:44       0m 25s  ...                1.74         0.04
1   2026-01-23 16:57:10       0m 26s  ...                4.36         0.11
2   2026-01-23 16:57:36       0m 26s  ...                0.85         0.02
3   2026-01-23 16:58:03       0m 29s  ...               25.47         0.67
4   2026-01-23 16:58:33       0m 31s  ...               37.39         0.99
5   2026-01-23 16:59:04       0m 26s  ...                0.45         0.01
6   2026-01-23 16:59:31       0m 30s  ...               38.62         0.91
7   2026-01-23 17:00:01       0m 29s  ...               19.86         0.56
8   2026-01-23 17:00:31       0m 30s  ...               39.61         1.05
9   2026-01-23 17:01:02       0m 27s  ...                1.79         0.05
10  2026-01-23 17:01:29       0m 26s  ...                2.79         0.07
11  2026-01-23 17:01:56       0m 29s  ...               20.77         0.49
12  2026-01-23 17:02:25       0m 28s  ...               20.60         0.51
13  2026-01-23 17:02:53       0m 27s  ...               15.28         0.35
14  2026-01-23 17:03:21       0m 30s  ...               30.18         0.79
15  2026-01-23 17:03:51       0m 29s  ...               19.25         0.48
16  2026-01-23 17:04:21       0m 39s  ...               85.84         2.58
17  2026-01-23 17:05:01       0m 26s  ...                0.76         0.02
18  2026-01-23 17:05:27       0m 28s  ...               23.22         0.57
19  2026-01-23 17:05:56       0m 35s  ...               62.76         1.72
20  2026-01-23 17:06:31       0m 26s  ...                1.10         0.03
21  2026-01-23 17:06:58       0m 28s  ...               19.31         0.52
22  2026-01-23 17:07:27       0m 31s  ...               42.05         1.16
23  2026-01-23 17:07:58       0m 24s  ...                6.56         0.18
24  2026-01-23 17:08:23       0m 25s  ...                1.51         0.04
25  2026-01-23 17:08:48       0m 26s  ...                8.51         0.22
26  2026-01-23 17:09:15       0m 27s  ...               12.12         0.31
27  2026-01-23 17:09:43       0m 29s  ...               32.69         0.79
28  2026-01-23 17:10:13       0m 26s  ...                2.15         0.06
29  2026-01-23 17:10:40       0m 26s  ...                2.94         0.07
30  2026-01-23 17:11:06       0m 27s  ...               12.91         0.30
31  2026-01-23 17:11:34       0m 28s  ...               42.77         1.19
32  2026-01-23 17:12:02       0m 33s  ...               65.54         1.89
33  2026-01-23 17:12:36       0m 28s  ...               10.11         0.24
34  2026-01-23 17:13:04       0m 26s  ...                4.05         0.11
35  2026-01-23 17:13:30       0m 26s  ...                1.89         0.05
36  2026-01-23 17:13:56       0m 26s  ...                5.54         0.15

[37 rows x 24 columns]
[2026-01-23 17:15:46,653] - [root] - [INFO] - Analysis finished: 0m 32s
[2026-01-23 17:15:46,654] - [root] - [INFO] - -------------------------------------------
[2026-01-23 17:15:46,654] - [root] - [INFO] - -------------------------------------------
[2026-01-23 17:15:46,654] - [root] - [INFO] - Processing 1-22-2026 5dpi 097-W2021009-163_R1.png
[2026-01-23 17:16:03,859] - [root] - [INFO] - Finished loading mask: 0m 17s
[2026-01-23 17:16:19,217] - [root] - [INFO] - Finished crop and inference: 0m 32s
[2026-01-23 17:16:20,770] - [root] - [INFO] - Analysis finished: 0m 34s
[2026-01-23 17:16:20,770] - [root] - [INFO] - -------------------------------------------
[2026-01-23 17:16:20,771] - [root] - [INFO] - -------------------------------------------
[2026-01-23 17:16:20,771] - [root] - [INFO] - Processing 1-22-2026 5dpi 099-W2021006-611_R2.png
[2026-01-23 17:16:38,797] - [root] - [INFO] - Finished loading mask: 0m 18s
[2026-01-23 17:16:52,562] - [root] - [INFO] - Finished crop and inference: 0m 31s
              timestamp time_elapsed  ... severity_rate_patch Gradient_sr2
0   2026-01-23 16:56:44       0m 25s  ...                1.74         0.04
1   2026-01-23 16:57:10       0m 26s  ...                4.36         0.11
2   2026-01-23 16:57:36       0m 26s  ...                0.85         0.02
3   2026-01-23 16:58:03       0m 29s  ...               25.47         0.67
4   2026-01-23 16:58:33       0m 31s  ...               37.39         0.99
5   2026-01-23 16:59:04       0m 26s  ...                0.45         0.01
6   2026-01-23 16:59:31       0m 30s  ...               38.62         0.91
7   2026-01-23 17:00:01       0m 29s  ...               19.86         0.56
8   2026-01-23 17:00:31       0m 30s  ...               39.61         1.05
9   2026-01-23 17:01:02       0m 27s  ...                1.79         0.05
10  2026-01-23 17:01:29       0m 26s  ...                2.79         0.07
11  2026-01-23 17:01:56       0m 29s  ...               20.77         0.49
12  2026-01-23 17:02:25       0m 28s  ...               20.60         0.51
13  2026-01-23 17:02:53       0m 27s  ...               15.28         0.35
14  2026-01-23 17:03:21       0m 30s  ...               30.18         0.79
15  2026-01-23 17:03:51       0m 29s  ...               19.25         0.48
16  2026-01-23 17:04:21       0m 39s  ...               85.84         2.58
17  2026-01-23 17:05:01       0m 26s  ...                0.76         0.02
18  2026-01-23 17:05:27       0m 28s  ...               23.22         0.57
19  2026-01-23 17:05:56       0m 35s  ...               62.76         1.72
20  2026-01-23 17:06:31       0m 26s  ...                1.10         0.03
21  2026-01-23 17:06:58       0m 28s  ...               19.31         0.52
22  2026-01-23 17:07:27       0m 31s  ...               42.05         1.16
23  2026-01-23 17:07:58       0m 24s  ...                6.56         0.18
24  2026-01-23 17:08:23       0m 25s  ...                1.51         0.04
25  2026-01-23 17:08:48       0m 26s  ...                8.51         0.22
26  2026-01-23 17:09:15       0m 27s  ...               12.12         0.31
27  2026-01-23 17:09:43       0m 29s  ...               32.69         0.79
28  2026-01-23 17:10:13       0m 26s  ...                2.15         0.06
29  2026-01-23 17:10:40       0m 26s  ...                2.94         0.07
30  2026-01-23 17:11:06       0m 27s  ...               12.91         0.30
31  2026-01-23 17:11:34       0m 28s  ...               42.77         1.19
32  2026-01-23 17:12:02       0m 33s  ...               65.54         1.89
33  2026-01-23 17:12:36       0m 28s  ...               10.11         0.24
34  2026-01-23 17:13:04       0m 26s  ...                4.05         0.11
35  2026-01-23 17:13:30       0m 26s  ...                1.89         0.05
36  2026-01-23 17:13:56       0m 26s  ...                5.54         0.15
37  2026-01-23 17:14:23       0m 25s  ...                0.46         0.01

[38 rows x 24 columns]
              timestamp time_elapsed  ... severity_rate_patch Gradient_sr2
0   2026-01-23 16:56:44       0m 25s  ...                1.74         0.04
1   2026-01-23 16:57:10       0m 26s  ...                4.36         0.11
2   2026-01-23 16:57:36       0m 26s  ...                0.85         0.02
3   2026-01-23 16:58:03       0m 29s  ...               25.47         0.67
4   2026-01-23 16:58:33       0m 31s  ...               37.39         0.99
5   2026-01-23 16:59:04       0m 26s  ...                0.45         0.01
6   2026-01-23 16:59:31       0m 30s  ...               38.62         0.91
7   2026-01-23 17:00:01       0m 29s  ...               19.86         0.56
8   2026-01-23 17:00:31       0m 30s  ...               39.61         1.05
9   2026-01-23 17:01:02       0m 27s  ...                1.79         0.05
10  2026-01-23 17:01:29       0m 26s  ...                2.79         0.07
11  2026-01-23 17:01:56       0m 29s  ...               20.77         0.49
12  2026-01-23 17:02:25       0m 28s  ...               20.60         0.51
13  2026-01-23 17:02:53       0m 27s  ...               15.28         0.35
14  2026-01-23 17:03:21       0m 30s  ...               30.18         0.79
15  2026-01-23 17:03:51       0m 29s  ...               19.25         0.48
16  2026-01-23 17:04:21       0m 39s  ...               85.84         2.58
17  2026-01-23 17:05:01       0m 26s  ...                0.76         0.02
18  2026-01-23 17:05:27       0m 28s  ...               23.22         0.57
19  2026-01-23 17:05:56       0m 35s  ...               62.76         1.72
20  2026-01-23 17:06:31       0m 26s  ...                1.10         0.03
21  2026-01-23 17:06:58       0m 28s  ...               19.31         0.52
22  2026-01-23 17:07:27       0m 31s  ...               42.05         1.16
23  2026-01-23 17:07:58       0m 24s  ...                6.56         0.18
24  2026-01-23 17:08:23       0m 25s  ...                1.51         0.04
25  2026-01-23 17:08:48       0m 26s  ...                8.51         0.22
26  2026-01-23 17:09:15       0m 27s  ...               12.12         0.31
27  2026-01-23 17:09:43       0m 29s  ...               32.69         0.79
28  2026-01-23 17:10:13       0m 26s  ...                2.15         0.06
29  2026-01-23 17:10:40       0m 26s  ...                2.94         0.07
30  2026-01-23 17:11:06       0m 27s  ...               12.91         0.30
31  2026-01-23 17:11:34       0m 28s  ...               42.77         1.19
32  2026-01-23 17:12:02       0m 33s  ...               65.54         1.89
33  2026-01-23 17:12:36       0m 28s  ...               10.11         0.24
34  2026-01-23 17:13:04       0m 26s  ...                4.05         0.11
35  2026-01-23 17:13:30       0m 26s  ...                1.89         0.05
36  2026-01-23 17:13:56       0m 26s  ...                5.54         0.15
37  2026-01-23 17:14:23       0m 25s  ...                0.46         0.01
38  2026-01-23 17:14:49       0m 25s  ...                1.59         0.04

[39 rows x 24 columns]
[2026-01-23 17:16:54,042] - [root] - [INFO] - Analysis finished: 0m 33s
[2026-01-23 17:16:54,042] - [root] - [INFO] - -------------------------------------------
[2026-01-23 17:16:54,042] - [root] - [INFO] - -------------------------------------------
[2026-01-23 17:16:54,042] - [root] - [INFO] - Processing 1-22-2026 5dpi 101-W2021011-565_R1.png
[2026-01-23 17:17:11,940] - [root] - [INFO] - Finished loading mask: 0m 17s
[2026-01-23 17:17:31,306] - [root] - [INFO] - Finished crop and inference: 0m 37s
[2026-01-23 17:17:32,835] - [root] - [INFO] - Analysis finished: 0m 38s
[2026-01-23 17:17:32,835] - [root] - [INFO] - -------------------------------------------
[2026-01-23 17:17:32,835] - [root] - [INFO] - -------------------------------------------
[2026-01-23 17:17:32,835] - [root] - [INFO] - Processing 1-22-2026 5dpi 105-W2021011-558_R1.png
[2026-01-23 17:17:50,634] - [root] - [INFO] - Finished loading mask: 0m 17s
[2026-01-23 17:17:58,452] - [root] - [INFO] - Finished crop and inference: 0m 25s
              timestamp time_elapsed  ... severity_rate_patch Gradient_sr2
0   2026-01-23 16:56:44       0m 25s  ...                1.74         0.04
1   2026-01-23 16:57:10       0m 26s  ...                4.36         0.11
2   2026-01-23 16:57:36       0m 26s  ...                0.85         0.02
3   2026-01-23 16:58:03       0m 29s  ...               25.47         0.67
4   2026-01-23 16:58:33       0m 31s  ...               37.39         0.99
5   2026-01-23 16:59:04       0m 26s  ...                0.45         0.01
6   2026-01-23 16:59:31       0m 30s  ...               38.62         0.91
7   2026-01-23 17:00:01       0m 29s  ...               19.86         0.56
8   2026-01-23 17:00:31       0m 30s  ...               39.61         1.05
9   2026-01-23 17:01:02       0m 27s  ...                1.79         0.05
10  2026-01-23 17:01:29       0m 26s  ...                2.79         0.07
11  2026-01-23 17:01:56       0m 29s  ...               20.77         0.49
12  2026-01-23 17:02:25       0m 28s  ...               20.60         0.51
13  2026-01-23 17:02:53       0m 27s  ...               15.28         0.35
14  2026-01-23 17:03:21       0m 30s  ...               30.18         0.79
15  2026-01-23 17:03:51       0m 29s  ...               19.25         0.48
16  2026-01-23 17:04:21       0m 39s  ...               85.84         2.58
17  2026-01-23 17:05:01       0m 26s  ...                0.76         0.02
18  2026-01-23 17:05:27       0m 28s  ...               23.22         0.57
19  2026-01-23 17:05:56       0m 35s  ...               62.76         1.72
20  2026-01-23 17:06:31       0m 26s  ...                1.10         0.03
21  2026-01-23 17:06:58       0m 28s  ...               19.31         0.52
22  2026-01-23 17:07:27       0m 31s  ...               42.05         1.16
23  2026-01-23 17:07:58       0m 24s  ...                6.56         0.18
24  2026-01-23 17:08:23       0m 25s  ...                1.51         0.04
25  2026-01-23 17:08:48       0m 26s  ...                8.51         0.22
26  2026-01-23 17:09:15       0m 27s  ...               12.12         0.31
27  2026-01-23 17:09:43       0m 29s  ...               32.69         0.79
28  2026-01-23 17:10:13       0m 26s  ...                2.15         0.06
29  2026-01-23 17:10:40       0m 26s  ...                2.94         0.07
30  2026-01-23 17:11:06       0m 27s  ...               12.91         0.30
31  2026-01-23 17:11:34       0m 28s  ...               42.77         1.19
32  2026-01-23 17:12:02       0m 33s  ...               65.54         1.89
33  2026-01-23 17:12:36       0m 28s  ...               10.11         0.24
34  2026-01-23 17:13:04       0m 26s  ...                4.05         0.11
35  2026-01-23 17:13:30       0m 26s  ...                1.89         0.05
36  2026-01-23 17:13:56       0m 26s  ...                5.54         0.15
37  2026-01-23 17:14:23       0m 25s  ...                0.46         0.01
38  2026-01-23 17:14:49       0m 25s  ...                1.59         0.04
39  2026-01-23 17:15:14       0m 32s  ...               43.85         1.03

[40 rows x 24 columns]
              timestamp time_elapsed  ... severity_rate_patch Gradient_sr2
0   2026-01-23 16:56:44       0m 25s  ...                1.74         0.04
1   2026-01-23 16:57:10       0m 26s  ...                4.36         0.11
2   2026-01-23 16:57:36       0m 26s  ...                0.85         0.02
3   2026-01-23 16:58:03       0m 29s  ...               25.47         0.67
4   2026-01-23 16:58:33       0m 31s  ...               37.39         0.99
5   2026-01-23 16:59:04       0m 26s  ...                0.45         0.01
6   2026-01-23 16:59:31       0m 30s  ...               38.62         0.91
7   2026-01-23 17:00:01       0m 29s  ...               19.86         0.56
8   2026-01-23 17:00:31       0m 30s  ...               39.61         1.05
9   2026-01-23 17:01:02       0m 27s  ...                1.79         0.05
10  2026-01-23 17:01:29       0m 26s  ...                2.79         0.07
11  2026-01-23 17:01:56       0m 29s  ...               20.77         0.49
12  2026-01-23 17:02:25       0m 28s  ...               20.60         0.51
13  2026-01-23 17:02:53       0m 27s  ...               15.28         0.35
14  2026-01-23 17:03:21       0m 30s  ...               30.18         0.79
15  2026-01-23 17:03:51       0m 29s  ...               19.25         0.48
16  2026-01-23 17:04:21       0m 39s  ...               85.84         2.58
17  2026-01-23 17:05:01       0m 26s  ...                0.76         0.02
18  2026-01-23 17:05:27       0m 28s  ...               23.22         0.57
19  2026-01-23 17:05:56       0m 35s  ...               62.76         1.72
20  2026-01-23 17:06:31       0m 26s  ...                1.10         0.03
21  2026-01-23 17:06:58       0m 28s  ...               19.31         0.52
22  2026-01-23 17:07:27       0m 31s  ...               42.05         1.16
23  2026-01-23 17:07:58       0m 24s  ...                6.56         0.18
24  2026-01-23 17:08:23       0m 25s  ...                1.51         0.04
25  2026-01-23 17:08:48       0m 26s  ...                8.51         0.22
26  2026-01-23 17:09:15       0m 27s  ...               12.12         0.31
27  2026-01-23 17:09:43       0m 29s  ...               32.69         0.79
28  2026-01-23 17:10:13       0m 26s  ...                2.15         0.06
29  2026-01-23 17:10:40       0m 26s  ...                2.94         0.07
30  2026-01-23 17:11:06       0m 27s  ...               12.91         0.30
31  2026-01-23 17:11:34       0m 28s  ...               42.77         1.19
32  2026-01-23 17:12:02       0m 33s  ...               65.54         1.89
33  2026-01-23 17:12:36       0m 28s  ...               10.11         0.24
34  2026-01-23 17:13:04       0m 26s  ...                4.05         0.11
35  2026-01-23 17:13:30       0m 26s  ...                1.89         0.05
36  2026-01-23 17:13:56       0m 26s  ...                5.54         0.15
37  2026-01-23 17:14:23       0m 25s  ...                0.46         0.01
38  2026-01-23 17:14:49       0m 25s  ...                1.59         0.04
39  2026-01-23 17:15:14       0m 32s  ...               43.85         1.03
40  2026-01-23 17:15:46       0m 34s  ...               61.84         1.56

[41 rows x 24 columns]
[2026-01-23 17:17:59,901] - [root] - [INFO] - Analysis finished: 0m 27s
[2026-01-23 17:17:59,901] - [root] - [INFO] - -------------------------------------------
[2026-01-23 17:17:59,901] - [root] - [INFO] - -------------------------------------------
[2026-01-23 17:17:59,901] - [root] - [INFO] - Processing 1-22-2026 5dpi 110-W2021011-454_R2.png
[2026-01-23 17:18:16,542] - [root] - [INFO] - Finished loading mask: 0m 16s
[2026-01-23 17:18:26,346] - [root] - [INFO] - Finished crop and inference: 0m 26s
[2026-01-23 17:18:27,811] - [root] - [INFO] - Analysis finished: 0m 27s
[2026-01-23 17:18:27,812] - [root] - [INFO] - -------------------------------------------
[2026-01-23 17:18:27,812] - [root] - [INFO] - -------------------------------------------
[2026-01-23 17:18:27,812] - [root] - [INFO] - Processing 1-22-2026 5dpi 111-W2021011-588_R2.png
[2026-01-23 17:18:45,107] - [root] - [INFO] - Finished loading mask: 0m 17s
[2026-01-23 17:18:53,681] - [root] - [INFO] - Finished crop and inference: 0m 25s
              timestamp time_elapsed  ... severity_rate_patch Gradient_sr2
0   2026-01-23 16:56:44       0m 25s  ...                1.74         0.04
1   2026-01-23 16:57:10       0m 26s  ...                4.36         0.11
2   2026-01-23 16:57:36       0m 26s  ...                0.85         0.02
3   2026-01-23 16:58:03       0m 29s  ...               25.47         0.67
4   2026-01-23 16:58:33       0m 31s  ...               37.39         0.99
5   2026-01-23 16:59:04       0m 26s  ...                0.45         0.01
6   2026-01-23 16:59:31       0m 30s  ...               38.62         0.91
7   2026-01-23 17:00:01       0m 29s  ...               19.86         0.56
8   2026-01-23 17:00:31       0m 30s  ...               39.61         1.05
9   2026-01-23 17:01:02       0m 27s  ...                1.79         0.05
10  2026-01-23 17:01:29       0m 26s  ...                2.79         0.07
11  2026-01-23 17:01:56       0m 29s  ...               20.77         0.49
12  2026-01-23 17:02:25       0m 28s  ...               20.60         0.51
13  2026-01-23 17:02:53       0m 27s  ...               15.28         0.35
14  2026-01-23 17:03:21       0m 30s  ...               30.18         0.79
15  2026-01-23 17:03:51       0m 29s  ...               19.25         0.48
16  2026-01-23 17:04:21       0m 39s  ...               85.84         2.58
17  2026-01-23 17:05:01       0m 26s  ...                0.76         0.02
18  2026-01-23 17:05:27       0m 28s  ...               23.22         0.57
19  2026-01-23 17:05:56       0m 35s  ...               62.76         1.72
20  2026-01-23 17:06:31       0m 26s  ...                1.10         0.03
21  2026-01-23 17:06:58       0m 28s  ...               19.31         0.52
22  2026-01-23 17:07:27       0m 31s  ...               42.05         1.16
23  2026-01-23 17:07:58       0m 24s  ...                6.56         0.18
24  2026-01-23 17:08:23       0m 25s  ...                1.51         0.04
25  2026-01-23 17:08:48       0m 26s  ...                8.51         0.22
26  2026-01-23 17:09:15       0m 27s  ...               12.12         0.31
27  2026-01-23 17:09:43       0m 29s  ...               32.69         0.79
28  2026-01-23 17:10:13       0m 26s  ...                2.15         0.06
29  2026-01-23 17:10:40       0m 26s  ...                2.94         0.07
30  2026-01-23 17:11:06       0m 27s  ...               12.91         0.30
31  2026-01-23 17:11:34       0m 28s  ...               42.77         1.19
32  2026-01-23 17:12:02       0m 33s  ...               65.54         1.89
33  2026-01-23 17:12:36       0m 28s  ...               10.11         0.24
34  2026-01-23 17:13:04       0m 26s  ...                4.05         0.11
35  2026-01-23 17:13:30       0m 26s  ...                1.89         0.05
36  2026-01-23 17:13:56       0m 26s  ...                5.54         0.15
37  2026-01-23 17:14:23       0m 25s  ...                0.46         0.01
38  2026-01-23 17:14:49       0m 25s  ...                1.59         0.04
39  2026-01-23 17:15:14       0m 32s  ...               43.85         1.03
40  2026-01-23 17:15:46       0m 34s  ...               61.84         1.56
41  2026-01-23 17:16:20       0m 33s  ...               46.89         1.19

[42 rows x 24 columns]
              timestamp time_elapsed  ... severity_rate_patch Gradient_sr2
0   2026-01-23 16:56:44       0m 25s  ...                1.74         0.04
1   2026-01-23 16:57:10       0m 26s  ...                4.36         0.11
2   2026-01-23 16:57:36       0m 26s  ...                0.85         0.02
3   2026-01-23 16:58:03       0m 29s  ...               25.47         0.67
4   2026-01-23 16:58:33       0m 31s  ...               37.39         0.99
5   2026-01-23 16:59:04       0m 26s  ...                0.45         0.01
6   2026-01-23 16:59:31       0m 30s  ...               38.62         0.91
7   2026-01-23 17:00:01       0m 29s  ...               19.86         0.56
8   2026-01-23 17:00:31       0m 30s  ...               39.61         1.05
9   2026-01-23 17:01:02       0m 27s  ...                1.79         0.05
10  2026-01-23 17:01:29       0m 26s  ...                2.79         0.07
11  2026-01-23 17:01:56       0m 29s  ...               20.77         0.49
12  2026-01-23 17:02:25       0m 28s  ...               20.60         0.51
13  2026-01-23 17:02:53       0m 27s  ...               15.28         0.35
14  2026-01-23 17:03:21       0m 30s  ...               30.18         0.79
15  2026-01-23 17:03:51       0m 29s  ...               19.25         0.48
16  2026-01-23 17:04:21       0m 39s  ...               85.84         2.58
17  2026-01-23 17:05:01       0m 26s  ...                0.76         0.02
18  2026-01-23 17:05:27       0m 28s  ...               23.22         0.57
19  2026-01-23 17:05:56       0m 35s  ...               62.76         1.72
20  2026-01-23 17:06:31       0m 26s  ...                1.10         0.03
21  2026-01-23 17:06:58       0m 28s  ...               19.31         0.52
22  2026-01-23 17:07:27       0m 31s  ...               42.05         1.16
23  2026-01-23 17:07:58       0m 24s  ...                6.56         0.18
24  2026-01-23 17:08:23       0m 25s  ...                1.51         0.04
25  2026-01-23 17:08:48       0m 26s  ...                8.51         0.22
26  2026-01-23 17:09:15       0m 27s  ...               12.12         0.31
27  2026-01-23 17:09:43       0m 29s  ...               32.69         0.79
28  2026-01-23 17:10:13       0m 26s  ...                2.15         0.06
29  2026-01-23 17:10:40       0m 26s  ...                2.94         0.07
30  2026-01-23 17:11:06       0m 27s  ...               12.91         0.30
31  2026-01-23 17:11:34       0m 28s  ...               42.77         1.19
32  2026-01-23 17:12:02       0m 33s  ...               65.54         1.89
33  2026-01-23 17:12:36       0m 28s  ...               10.11         0.24
34  2026-01-23 17:13:04       0m 26s  ...                4.05         0.11
35  2026-01-23 17:13:30       0m 26s  ...                1.89         0.05
36  2026-01-23 17:13:56       0m 26s  ...                5.54         0.15
37  2026-01-23 17:14:23       0m 25s  ...                0.46         0.01
38  2026-01-23 17:14:49       0m 25s  ...                1.59         0.04
39  2026-01-23 17:15:14       0m 32s  ...               43.85         1.03
40  2026-01-23 17:15:46       0m 34s  ...               61.84         1.56
41  2026-01-23 17:16:20       0m 33s  ...               46.89         1.19
42  2026-01-23 17:16:54       0m 38s  ...               80.70         2.32

[43 rows x 24 columns]
[2026-01-23 17:18:55,169] - [root] - [INFO] - Analysis finished: 0m 27s
[2026-01-23 17:18:55,169] - [root] - [INFO] - -------------------------------------------
[2026-01-23 17:18:55,169] - [root] - [INFO] - -------------------------------------------
[2026-01-23 17:18:55,170] - [root] - [INFO] - Processing 1-22-2026 5dpi 121-W2021009-185_R1.png
[2026-01-23 17:19:12,235] - [root] - [INFO] - Finished loading mask: 0m 17s
[2026-01-23 17:19:20,747] - [root] - [INFO] - Finished crop and inference: 0m 25s
[2026-01-23 17:19:22,263] - [root] - [INFO] - Analysis finished: 0m 27s
[2026-01-23 17:19:22,263] - [root] - [INFO] - -------------------------------------------
[2026-01-23 17:19:22,263] - [root] - [INFO] - -------------------------------------------
[2026-01-23 17:19:22,263] - [root] - [INFO] - Processing 1-22-2026 5dpi 123-W2021009-255_R2.png
[2026-01-23 17:19:39,164] - [root] - [INFO] - Finished loading mask: 0m 16s
[2026-01-23 17:19:48,648] - [root] - [INFO] - Finished crop and inference: 0m 26s
              timestamp time_elapsed  ... severity_rate_patch Gradient_sr2
0   2026-01-23 16:56:44       0m 25s  ...                1.74         0.04
1   2026-01-23 16:57:10       0m 26s  ...                4.36         0.11
2   2026-01-23 16:57:36       0m 26s  ...                0.85         0.02
3   2026-01-23 16:58:03       0m 29s  ...               25.47         0.67
4   2026-01-23 16:58:33       0m 31s  ...               37.39         0.99
5   2026-01-23 16:59:04       0m 26s  ...                0.45         0.01
6   2026-01-23 16:59:31       0m 30s  ...               38.62         0.91
7   2026-01-23 17:00:01       0m 29s  ...               19.86         0.56
8   2026-01-23 17:00:31       0m 30s  ...               39.61         1.05
9   2026-01-23 17:01:02       0m 27s  ...                1.79         0.05
10  2026-01-23 17:01:29       0m 26s  ...                2.79         0.07
11  2026-01-23 17:01:56       0m 29s  ...               20.77         0.49
12  2026-01-23 17:02:25       0m 28s  ...               20.60         0.51
13  2026-01-23 17:02:53       0m 27s  ...               15.28         0.35
14  2026-01-23 17:03:21       0m 30s  ...               30.18         0.79
15  2026-01-23 17:03:51       0m 29s  ...               19.25         0.48
16  2026-01-23 17:04:21       0m 39s  ...               85.84         2.58
17  2026-01-23 17:05:01       0m 26s  ...                0.76         0.02
18  2026-01-23 17:05:27       0m 28s  ...               23.22         0.57
19  2026-01-23 17:05:56       0m 35s  ...               62.76         1.72
20  2026-01-23 17:06:31       0m 26s  ...                1.10         0.03
21  2026-01-23 17:06:58       0m 28s  ...               19.31         0.52
22  2026-01-23 17:07:27       0m 31s  ...               42.05         1.16
23  2026-01-23 17:07:58       0m 24s  ...                6.56         0.18
24  2026-01-23 17:08:23       0m 25s  ...                1.51         0.04
25  2026-01-23 17:08:48       0m 26s  ...                8.51         0.22
26  2026-01-23 17:09:15       0m 27s  ...               12.12         0.31
27  2026-01-23 17:09:43       0m 29s  ...               32.69         0.79
28  2026-01-23 17:10:13       0m 26s  ...                2.15         0.06
29  2026-01-23 17:10:40       0m 26s  ...                2.94         0.07
30  2026-01-23 17:11:06       0m 27s  ...               12.91         0.30
31  2026-01-23 17:11:34       0m 28s  ...               42.77         1.19
32  2026-01-23 17:12:02       0m 33s  ...               65.54         1.89
33  2026-01-23 17:12:36       0m 28s  ...               10.11         0.24
34  2026-01-23 17:13:04       0m 26s  ...                4.05         0.11
35  2026-01-23 17:13:30       0m 26s  ...                1.89         0.05
36  2026-01-23 17:13:56       0m 26s  ...                5.54         0.15
37  2026-01-23 17:14:23       0m 25s  ...                0.46         0.01
38  2026-01-23 17:14:49       0m 25s  ...                1.59         0.04
39  2026-01-23 17:15:14       0m 32s  ...               43.85         1.03
40  2026-01-23 17:15:46       0m 34s  ...               61.84         1.56
41  2026-01-23 17:16:20       0m 33s  ...               46.89         1.19
42  2026-01-23 17:16:54       0m 38s  ...               80.70         2.32
43  2026-01-23 17:17:32       0m 27s  ...                2.90         0.07

[44 rows x 24 columns]
              timestamp time_elapsed  ... severity_rate_patch Gradient_sr2
0   2026-01-23 16:56:44       0m 25s  ...                1.74         0.04
1   2026-01-23 16:57:10       0m 26s  ...                4.36         0.11
2   2026-01-23 16:57:36       0m 26s  ...                0.85         0.02
3   2026-01-23 16:58:03       0m 29s  ...               25.47         0.67
4   2026-01-23 16:58:33       0m 31s  ...               37.39         0.99
5   2026-01-23 16:59:04       0m 26s  ...                0.45         0.01
6   2026-01-23 16:59:31       0m 30s  ...               38.62         0.91
7   2026-01-23 17:00:01       0m 29s  ...               19.86         0.56
8   2026-01-23 17:00:31       0m 30s  ...               39.61         1.05
9   2026-01-23 17:01:02       0m 27s  ...                1.79         0.05
10  2026-01-23 17:01:29       0m 26s  ...                2.79         0.07
11  2026-01-23 17:01:56       0m 29s  ...               20.77         0.49
12  2026-01-23 17:02:25       0m 28s  ...               20.60         0.51
13  2026-01-23 17:02:53       0m 27s  ...               15.28         0.35
14  2026-01-23 17:03:21       0m 30s  ...               30.18         0.79
15  2026-01-23 17:03:51       0m 29s  ...               19.25         0.48
16  2026-01-23 17:04:21       0m 39s  ...               85.84         2.58
17  2026-01-23 17:05:01       0m 26s  ...                0.76         0.02
18  2026-01-23 17:05:27       0m 28s  ...               23.22         0.57
19  2026-01-23 17:05:56       0m 35s  ...               62.76         1.72
20  2026-01-23 17:06:31       0m 26s  ...                1.10         0.03
21  2026-01-23 17:06:58       0m 28s  ...               19.31         0.52
22  2026-01-23 17:07:27       0m 31s  ...               42.05         1.16
23  2026-01-23 17:07:58       0m 24s  ...                6.56         0.18
24  2026-01-23 17:08:23       0m 25s  ...                1.51         0.04
25  2026-01-23 17:08:48       0m 26s  ...                8.51         0.22
26  2026-01-23 17:09:15       0m 27s  ...               12.12         0.31
27  2026-01-23 17:09:43       0m 29s  ...               32.69         0.79
28  2026-01-23 17:10:13       0m 26s  ...                2.15         0.06
29  2026-01-23 17:10:40       0m 26s  ...                2.94         0.07
30  2026-01-23 17:11:06       0m 27s  ...               12.91         0.30
31  2026-01-23 17:11:34       0m 28s  ...               42.77         1.19
32  2026-01-23 17:12:02       0m 33s  ...               65.54         1.89
33  2026-01-23 17:12:36       0m 28s  ...               10.11         0.24
34  2026-01-23 17:13:04       0m 26s  ...                4.05         0.11
35  2026-01-23 17:13:30       0m 26s  ...                1.89         0.05
36  2026-01-23 17:13:56       0m 26s  ...                5.54         0.15
37  2026-01-23 17:14:23       0m 25s  ...                0.46         0.01
38  2026-01-23 17:14:49       0m 25s  ...                1.59         0.04
39  2026-01-23 17:15:14       0m 32s  ...               43.85         1.03
40  2026-01-23 17:15:46       0m 34s  ...               61.84         1.56
41  2026-01-23 17:16:20       0m 33s  ...               46.89         1.19
42  2026-01-23 17:16:54       0m 38s  ...               80.70         2.32
43  2026-01-23 17:17:32       0m 27s  ...                2.90         0.07
44  2026-01-23 17:17:59       0m 27s  ...               11.56         0.29

[45 rows x 24 columns]
[2026-01-23 17:19:50,133] - [root] - [INFO] - Analysis finished: 0m 27s
[2026-01-23 17:19:50,133] - [root] - [INFO] - -------------------------------------------
[2026-01-23 17:19:50,133] - [root] - [INFO] - -------------------------------------------
[2026-01-23 17:19:50,133] - [root] - [INFO] - Processing 1-22-2026 5dpi 123-W2021009-621_R2.png
[2026-01-23 17:20:07,013] - [root] - [INFO] - Finished loading mask: 0m 16s
[2026-01-23 17:20:15,927] - [root] - [INFO] - Finished crop and inference: 0m 25s
[2026-01-23 17:20:17,413] - [root] - [INFO] - Analysis finished: 0m 27s
[2026-01-23 17:20:17,413] - [root] - [INFO] - -------------------------------------------
[2026-01-23 17:20:17,413] - [root] - [INFO] - -------------------------------------------
[2026-01-23 17:20:17,413] - [root] - [INFO] - Processing 1-22-2026 5dpi 127-W2021006-143_R2.png
[2026-01-23 17:20:34,695] - [root] - [INFO] - Finished loading mask: 0m 17s
[2026-01-23 17:20:42,420] - [root] - [INFO] - Finished crop and inference: 0m 25s
              timestamp time_elapsed  ... severity_rate_patch Gradient_sr2
0   2026-01-23 16:56:44       0m 25s  ...                1.74         0.04
1   2026-01-23 16:57:10       0m 26s  ...                4.36         0.11
2   2026-01-23 16:57:36       0m 26s  ...                0.85         0.02
3   2026-01-23 16:58:03       0m 29s  ...               25.47         0.67
4   2026-01-23 16:58:33       0m 31s  ...               37.39         0.99
5   2026-01-23 16:59:04       0m 26s  ...                0.45         0.01
6   2026-01-23 16:59:31       0m 30s  ...               38.62         0.91
7   2026-01-23 17:00:01       0m 29s  ...               19.86         0.56
8   2026-01-23 17:00:31       0m 30s  ...               39.61         1.05
9   2026-01-23 17:01:02       0m 27s  ...                1.79         0.05
10  2026-01-23 17:01:29       0m 26s  ...                2.79         0.07
11  2026-01-23 17:01:56       0m 29s  ...               20.77         0.49
12  2026-01-23 17:02:25       0m 28s  ...               20.60         0.51
13  2026-01-23 17:02:53       0m 27s  ...               15.28         0.35
14  2026-01-23 17:03:21       0m 30s  ...               30.18         0.79
15  2026-01-23 17:03:51       0m 29s  ...               19.25         0.48
16  2026-01-23 17:04:21       0m 39s  ...               85.84         2.58
17  2026-01-23 17:05:01       0m 26s  ...                0.76         0.02
18  2026-01-23 17:05:27       0m 28s  ...               23.22         0.57
19  2026-01-23 17:05:56       0m 35s  ...               62.76         1.72
20  2026-01-23 17:06:31       0m 26s  ...                1.10         0.03
21  2026-01-23 17:06:58       0m 28s  ...               19.31         0.52
22  2026-01-23 17:07:27       0m 31s  ...               42.05         1.16
23  2026-01-23 17:07:58       0m 24s  ...                6.56         0.18
24  2026-01-23 17:08:23       0m 25s  ...                1.51         0.04
25  2026-01-23 17:08:48       0m 26s  ...                8.51         0.22
26  2026-01-23 17:09:15       0m 27s  ...               12.12         0.31
27  2026-01-23 17:09:43       0m 29s  ...               32.69         0.79
28  2026-01-23 17:10:13       0m 26s  ...                2.15         0.06
29  2026-01-23 17:10:40       0m 26s  ...                2.94         0.07
30  2026-01-23 17:11:06       0m 27s  ...               12.91         0.30
31  2026-01-23 17:11:34       0m 28s  ...               42.77         1.19
32  2026-01-23 17:12:02       0m 33s  ...               65.54         1.89
33  2026-01-23 17:12:36       0m 28s  ...               10.11         0.24
34  2026-01-23 17:13:04       0m 26s  ...                4.05         0.11
35  2026-01-23 17:13:30       0m 26s  ...                1.89         0.05
36  2026-01-23 17:13:56       0m 26s  ...                5.54         0.15
37  2026-01-23 17:14:23       0m 25s  ...                0.46         0.01
38  2026-01-23 17:14:49       0m 25s  ...                1.59         0.04
39  2026-01-23 17:15:14       0m 32s  ...               43.85         1.03
40  2026-01-23 17:15:46       0m 34s  ...               61.84         1.56
41  2026-01-23 17:16:20       0m 33s  ...               46.89         1.19
42  2026-01-23 17:16:54       0m 38s  ...               80.70         2.32
43  2026-01-23 17:17:32       0m 27s  ...                2.90         0.07
44  2026-01-23 17:17:59       0m 27s  ...               11.56         0.29
45  2026-01-23 17:18:27       0m 27s  ...                4.11         0.11

[46 rows x 24 columns]
              timestamp time_elapsed  ... severity_rate_patch Gradient_sr2
0   2026-01-23 16:56:44       0m 25s  ...                1.74         0.04
1   2026-01-23 16:57:10       0m 26s  ...                4.36         0.11
2   2026-01-23 16:57:36       0m 26s  ...                0.85         0.02
3   2026-01-23 16:58:03       0m 29s  ...               25.47         0.67
4   2026-01-23 16:58:33       0m 31s  ...               37.39         0.99
5   2026-01-23 16:59:04       0m 26s  ...                0.45         0.01
6   2026-01-23 16:59:31       0m 30s  ...               38.62         0.91
7   2026-01-23 17:00:01       0m 29s  ...               19.86         0.56
8   2026-01-23 17:00:31       0m 30s  ...               39.61         1.05
9   2026-01-23 17:01:02       0m 27s  ...                1.79         0.05
10  2026-01-23 17:01:29       0m 26s  ...                2.79         0.07
11  2026-01-23 17:01:56       0m 29s  ...               20.77         0.49
12  2026-01-23 17:02:25       0m 28s  ...               20.60         0.51
13  2026-01-23 17:02:53       0m 27s  ...               15.28         0.35
14  2026-01-23 17:03:21       0m 30s  ...               30.18         0.79
15  2026-01-23 17:03:51       0m 29s  ...               19.25         0.48
16  2026-01-23 17:04:21       0m 39s  ...               85.84         2.58
17  2026-01-23 17:05:01       0m 26s  ...                0.76         0.02
18  2026-01-23 17:05:27       0m 28s  ...               23.22         0.57
19  2026-01-23 17:05:56       0m 35s  ...               62.76         1.72
20  2026-01-23 17:06:31       0m 26s  ...                1.10         0.03
21  2026-01-23 17:06:58       0m 28s  ...               19.31         0.52
22  2026-01-23 17:07:27       0m 31s  ...               42.05         1.16
23  2026-01-23 17:07:58       0m 24s  ...                6.56         0.18
24  2026-01-23 17:08:23       0m 25s  ...                1.51         0.04
25  2026-01-23 17:08:48       0m 26s  ...                8.51         0.22
26  2026-01-23 17:09:15       0m 27s  ...               12.12         0.31
27  2026-01-23 17:09:43       0m 29s  ...               32.69         0.79
28  2026-01-23 17:10:13       0m 26s  ...                2.15         0.06
29  2026-01-23 17:10:40       0m 26s  ...                2.94         0.07
30  2026-01-23 17:11:06       0m 27s  ...               12.91         0.30
31  2026-01-23 17:11:34       0m 28s  ...               42.77         1.19
32  2026-01-23 17:12:02       0m 33s  ...               65.54         1.89
33  2026-01-23 17:12:36       0m 28s  ...               10.11         0.24
34  2026-01-23 17:13:04       0m 26s  ...                4.05         0.11
35  2026-01-23 17:13:30       0m 26s  ...                1.89         0.05
36  2026-01-23 17:13:56       0m 26s  ...                5.54         0.15
37  2026-01-23 17:14:23       0m 25s  ...                0.46         0.01
38  2026-01-23 17:14:49       0m 25s  ...                1.59         0.04
39  2026-01-23 17:15:14       0m 32s  ...               43.85         1.03
40  2026-01-23 17:15:46       0m 34s  ...               61.84         1.56
41  2026-01-23 17:16:20       0m 33s  ...               46.89         1.19
42  2026-01-23 17:16:54       0m 38s  ...               80.70         2.32
43  2026-01-23 17:17:32       0m 27s  ...                2.90         0.07
44  2026-01-23 17:17:59       0m 27s  ...               11.56         0.29
45  2026-01-23 17:18:27       0m 27s  ...                4.11         0.11
46  2026-01-23 17:18:55       0m 27s  ...               11.45         0.30

[47 rows x 24 columns]
[2026-01-23 17:20:43,865] - [root] - [INFO] - Analysis finished: 0m 26s
[2026-01-23 17:20:43,865] - [root] - [INFO] - -------------------------------------------
[2026-01-23 17:20:43,865] - [root] - [INFO] - -------------------------------------------
[2026-01-23 17:20:43,866] - [root] - [INFO] - Processing 1-22-2026 5dpi 127-W2021009-292_R2.png
[2026-01-23 17:21:00,852] - [root] - [INFO] - Finished loading mask: 0m 16s
[2026-01-23 17:21:19,869] - [root] - [INFO] - Finished crop and inference: 0m 36s
[2026-01-23 17:21:21,401] - [root] - [INFO] - Analysis finished: 0m 37s
[2026-01-23 17:21:21,401] - [root] - [INFO] - -------------------------------------------
[2026-01-23 17:21:21,401] - [root] - [INFO] - -------------------------------------------
[2026-01-23 17:21:21,401] - [root] - [INFO] - Processing 1-22-2026 5dpi 128-W2021006-013_R1.png
[2026-01-23 17:21:39,523] - [root] - [INFO] - Finished loading mask: 0m 18s
[2026-01-23 17:21:55,824] - [root] - [INFO] - Finished crop and inference: 0m 34s
              timestamp time_elapsed  ... severity_rate_patch Gradient_sr2
0   2026-01-23 16:56:44       0m 25s  ...                1.74         0.04
1   2026-01-23 16:57:10       0m 26s  ...                4.36         0.11
2   2026-01-23 16:57:36       0m 26s  ...                0.85         0.02
3   2026-01-23 16:58:03       0m 29s  ...               25.47         0.67
4   2026-01-23 16:58:33       0m 31s  ...               37.39         0.99
5   2026-01-23 16:59:04       0m 26s  ...                0.45         0.01
6   2026-01-23 16:59:31       0m 30s  ...               38.62         0.91
7   2026-01-23 17:00:01       0m 29s  ...               19.86         0.56
8   2026-01-23 17:00:31       0m 30s  ...               39.61         1.05
9   2026-01-23 17:01:02       0m 27s  ...                1.79         0.05
10  2026-01-23 17:01:29       0m 26s  ...                2.79         0.07
11  2026-01-23 17:01:56       0m 29s  ...               20.77         0.49
12  2026-01-23 17:02:25       0m 28s  ...               20.60         0.51
13  2026-01-23 17:02:53       0m 27s  ...               15.28         0.35
14  2026-01-23 17:03:21       0m 30s  ...               30.18         0.79
15  2026-01-23 17:03:51       0m 29s  ...               19.25         0.48
16  2026-01-23 17:04:21       0m 39s  ...               85.84         2.58
17  2026-01-23 17:05:01       0m 26s  ...                0.76         0.02
18  2026-01-23 17:05:27       0m 28s  ...               23.22         0.57
19  2026-01-23 17:05:56       0m 35s  ...               62.76         1.72
20  2026-01-23 17:06:31       0m 26s  ...                1.10         0.03
21  2026-01-23 17:06:58       0m 28s  ...               19.31         0.52
22  2026-01-23 17:07:27       0m 31s  ...               42.05         1.16
23  2026-01-23 17:07:58       0m 24s  ...                6.56         0.18
24  2026-01-23 17:08:23       0m 25s  ...                1.51         0.04
25  2026-01-23 17:08:48       0m 26s  ...                8.51         0.22
26  2026-01-23 17:09:15       0m 27s  ...               12.12         0.31
27  2026-01-23 17:09:43       0m 29s  ...               32.69         0.79
28  2026-01-23 17:10:13       0m 26s  ...                2.15         0.06
29  2026-01-23 17:10:40       0m 26s  ...                2.94         0.07
30  2026-01-23 17:11:06       0m 27s  ...               12.91         0.30
31  2026-01-23 17:11:34       0m 28s  ...               42.77         1.19
32  2026-01-23 17:12:02       0m 33s  ...               65.54         1.89
33  2026-01-23 17:12:36       0m 28s  ...               10.11         0.24
34  2026-01-23 17:13:04       0m 26s  ...                4.05         0.11
35  2026-01-23 17:13:30       0m 26s  ...                1.89         0.05
36  2026-01-23 17:13:56       0m 26s  ...                5.54         0.15
37  2026-01-23 17:14:23       0m 25s  ...                0.46         0.01
38  2026-01-23 17:14:49       0m 25s  ...                1.59         0.04
39  2026-01-23 17:15:14       0m 32s  ...               43.85         1.03
40  2026-01-23 17:15:46       0m 34s  ...               61.84         1.56
41  2026-01-23 17:16:20       0m 33s  ...               46.89         1.19
42  2026-01-23 17:16:54       0m 38s  ...               80.70         2.32
43  2026-01-23 17:17:32       0m 27s  ...                2.90         0.07
44  2026-01-23 17:17:59       0m 27s  ...               11.56         0.29
45  2026-01-23 17:18:27       0m 27s  ...                4.11         0.11
46  2026-01-23 17:18:55       0m 27s  ...               11.45         0.30
47  2026-01-23 17:19:22       0m 27s  ...               11.80         0.25

[48 rows x 24 columns]
              timestamp time_elapsed  ... severity_rate_patch Gradient_sr2
0   2026-01-23 16:56:44       0m 25s  ...                1.74         0.04
1   2026-01-23 16:57:10       0m 26s  ...                4.36         0.11
2   2026-01-23 16:57:36       0m 26s  ...                0.85         0.02
3   2026-01-23 16:58:03       0m 29s  ...               25.47         0.67
4   2026-01-23 16:58:33       0m 31s  ...               37.39         0.99
5   2026-01-23 16:59:04       0m 26s  ...                0.45         0.01
6   2026-01-23 16:59:31       0m 30s  ...               38.62         0.91
7   2026-01-23 17:00:01       0m 29s  ...               19.86         0.56
8   2026-01-23 17:00:31       0m 30s  ...               39.61         1.05
9   2026-01-23 17:01:02       0m 27s  ...                1.79         0.05
10  2026-01-23 17:01:29       0m 26s  ...                2.79         0.07
11  2026-01-23 17:01:56       0m 29s  ...               20.77         0.49
12  2026-01-23 17:02:25       0m 28s  ...               20.60         0.51
13  2026-01-23 17:02:53       0m 27s  ...               15.28         0.35
14  2026-01-23 17:03:21       0m 30s  ...               30.18         0.79
15  2026-01-23 17:03:51       0m 29s  ...               19.25         0.48
16  2026-01-23 17:04:21       0m 39s  ...               85.84         2.58
17  2026-01-23 17:05:01       0m 26s  ...                0.76         0.02
18  2026-01-23 17:05:27       0m 28s  ...               23.22         0.57
19  2026-01-23 17:05:56       0m 35s  ...               62.76         1.72
20  2026-01-23 17:06:31       0m 26s  ...                1.10         0.03
21  2026-01-23 17:06:58       0m 28s  ...               19.31         0.52
22  2026-01-23 17:07:27       0m 31s  ...               42.05         1.16
23  2026-01-23 17:07:58       0m 24s  ...                6.56         0.18
24  2026-01-23 17:08:23       0m 25s  ...                1.51         0.04
25  2026-01-23 17:08:48       0m 26s  ...                8.51         0.22
26  2026-01-23 17:09:15       0m 27s  ...               12.12         0.31
27  2026-01-23 17:09:43       0m 29s  ...               32.69         0.79
28  2026-01-23 17:10:13       0m 26s  ...                2.15         0.06
29  2026-01-23 17:10:40       0m 26s  ...                2.94         0.07
30  2026-01-23 17:11:06       0m 27s  ...               12.91         0.30
31  2026-01-23 17:11:34       0m 28s  ...               42.77         1.19
32  2026-01-23 17:12:02       0m 33s  ...               65.54         1.89
33  2026-01-23 17:12:36       0m 28s  ...               10.11         0.24
34  2026-01-23 17:13:04       0m 26s  ...                4.05         0.11
35  2026-01-23 17:13:30       0m 26s  ...                1.89         0.05
36  2026-01-23 17:13:56       0m 26s  ...                5.54         0.15
37  2026-01-23 17:14:23       0m 25s  ...                0.46         0.01
38  2026-01-23 17:14:49       0m 25s  ...                1.59         0.04
39  2026-01-23 17:15:14       0m 32s  ...               43.85         1.03
40  2026-01-23 17:15:46       0m 34s  ...               61.84         1.56
41  2026-01-23 17:16:20       0m 33s  ...               46.89         1.19
42  2026-01-23 17:16:54       0m 38s  ...               80.70         2.32
43  2026-01-23 17:17:32       0m 27s  ...                2.90         0.07
44  2026-01-23 17:17:59       0m 27s  ...               11.56         0.29
45  2026-01-23 17:18:27       0m 27s  ...                4.11         0.11
46  2026-01-23 17:18:55       0m 27s  ...               11.45         0.30
47  2026-01-23 17:19:22       0m 27s  ...               11.80         0.25
48  2026-01-23 17:19:50       0m 27s  ...                6.42         0.18

[49 rows x 24 columns]
[2026-01-23 17:21:57,326] - [root] - [INFO] - Analysis finished: 0m 35s
[2026-01-23 17:21:57,327] - [root] - [INFO] - -------------------------------------------
[2026-01-23 17:21:57,327] - [root] - [INFO] - -------------------------------------------
[2026-01-23 17:21:57,327] - [root] - [INFO] - Processing 1-22-2026 5dpi 129-W2021006-119_R2.png
[2026-01-23 17:22:15,136] - [root] - [INFO] - Finished loading mask: 0m 17s
[2026-01-23 17:22:24,777] - [root] - [INFO] - Finished crop and inference: 0m 27s
[2026-01-23 17:22:26,296] - [root] - [INFO] - Analysis finished: 0m 28s
[2026-01-23 17:22:26,296] - [root] - [INFO] - -------------------------------------------
[2026-01-23 17:22:26,296] - [root] - [INFO] - -------------------------------------------
[2026-01-23 17:22:26,296] - [root] - [INFO] - Processing 1-22-2026 5dpi 132-W2021010-399_R1.png
[2026-01-23 17:22:43,453] - [root] - [INFO] - Finished loading mask: 0m 17s
[2026-01-23 17:22:51,377] - [root] - [INFO] - Finished crop and inference: 0m 25s
              timestamp time_elapsed  ... severity_rate_patch Gradient_sr2
0   2026-01-23 16:56:44       0m 25s  ...                1.74         0.04
1   2026-01-23 16:57:10       0m 26s  ...                4.36         0.11
2   2026-01-23 16:57:36       0m 26s  ...                0.85         0.02
3   2026-01-23 16:58:03       0m 29s  ...               25.47         0.67
4   2026-01-23 16:58:33       0m 31s  ...               37.39         0.99
5   2026-01-23 16:59:04       0m 26s  ...                0.45         0.01
6   2026-01-23 16:59:31       0m 30s  ...               38.62         0.91
7   2026-01-23 17:00:01       0m 29s  ...               19.86         0.56
8   2026-01-23 17:00:31       0m 30s  ...               39.61         1.05
9   2026-01-23 17:01:02       0m 27s  ...                1.79         0.05
10  2026-01-23 17:01:29       0m 26s  ...                2.79         0.07
11  2026-01-23 17:01:56       0m 29s  ...               20.77         0.49
12  2026-01-23 17:02:25       0m 28s  ...               20.60         0.51
13  2026-01-23 17:02:53       0m 27s  ...               15.28         0.35
14  2026-01-23 17:03:21       0m 30s  ...               30.18         0.79
15  2026-01-23 17:03:51       0m 29s  ...               19.25         0.48
16  2026-01-23 17:04:21       0m 39s  ...               85.84         2.58
17  2026-01-23 17:05:01       0m 26s  ...                0.76         0.02
18  2026-01-23 17:05:27       0m 28s  ...               23.22         0.57
19  2026-01-23 17:05:56       0m 35s  ...               62.76         1.72
20  2026-01-23 17:06:31       0m 26s  ...                1.10         0.03
21  2026-01-23 17:06:58       0m 28s  ...               19.31         0.52
22  2026-01-23 17:07:27       0m 31s  ...               42.05         1.16
23  2026-01-23 17:07:58       0m 24s  ...                6.56         0.18
24  2026-01-23 17:08:23       0m 25s  ...                1.51         0.04
25  2026-01-23 17:08:48       0m 26s  ...                8.51         0.22
26  2026-01-23 17:09:15       0m 27s  ...               12.12         0.31
27  2026-01-23 17:09:43       0m 29s  ...               32.69         0.79
28  2026-01-23 17:10:13       0m 26s  ...                2.15         0.06
29  2026-01-23 17:10:40       0m 26s  ...                2.94         0.07
30  2026-01-23 17:11:06       0m 27s  ...               12.91         0.30
31  2026-01-23 17:11:34       0m 28s  ...               42.77         1.19
32  2026-01-23 17:12:02       0m 33s  ...               65.54         1.89
33  2026-01-23 17:12:36       0m 28s  ...               10.11         0.24
34  2026-01-23 17:13:04       0m 26s  ...                4.05         0.11
35  2026-01-23 17:13:30       0m 26s  ...                1.89         0.05
36  2026-01-23 17:13:56       0m 26s  ...                5.54         0.15
37  2026-01-23 17:14:23       0m 25s  ...                0.46         0.01
38  2026-01-23 17:14:49       0m 25s  ...                1.59         0.04
39  2026-01-23 17:15:14       0m 32s  ...               43.85         1.03
40  2026-01-23 17:15:46       0m 34s  ...               61.84         1.56
41  2026-01-23 17:16:20       0m 33s  ...               46.89         1.19
42  2026-01-23 17:16:54       0m 38s  ...               80.70         2.32
43  2026-01-23 17:17:32       0m 27s  ...                2.90         0.07
44  2026-01-23 17:17:59       0m 27s  ...               11.56         0.29
45  2026-01-23 17:18:27       0m 27s  ...                4.11         0.11
46  2026-01-23 17:18:55       0m 27s  ...               11.45         0.30
47  2026-01-23 17:19:22       0m 27s  ...               11.80         0.25
48  2026-01-23 17:19:50       0m 27s  ...                6.42         0.18
49  2026-01-23 17:20:17       0m 26s  ...                0.78         0.02

[50 rows x 24 columns]
              timestamp time_elapsed  ... severity_rate_patch Gradient_sr2
0   2026-01-23 16:56:44       0m 25s  ...                1.74         0.04
1   2026-01-23 16:57:10       0m 26s  ...                4.36         0.11
2   2026-01-23 16:57:36       0m 26s  ...                0.85         0.02
3   2026-01-23 16:58:03       0m 29s  ...               25.47         0.67
4   2026-01-23 16:58:33       0m 31s  ...               37.39         0.99
5   2026-01-23 16:59:04       0m 26s  ...                0.45         0.01
6   2026-01-23 16:59:31       0m 30s  ...               38.62         0.91
7   2026-01-23 17:00:01       0m 29s  ...               19.86         0.56
8   2026-01-23 17:00:31       0m 30s  ...               39.61         1.05
9   2026-01-23 17:01:02       0m 27s  ...                1.79         0.05
10  2026-01-23 17:01:29       0m 26s  ...                2.79         0.07
11  2026-01-23 17:01:56       0m 29s  ...               20.77         0.49
12  2026-01-23 17:02:25       0m 28s  ...               20.60         0.51
13  2026-01-23 17:02:53       0m 27s  ...               15.28         0.35
14  2026-01-23 17:03:21       0m 30s  ...               30.18         0.79
15  2026-01-23 17:03:51       0m 29s  ...               19.25         0.48
16  2026-01-23 17:04:21       0m 39s  ...               85.84         2.58
17  2026-01-23 17:05:01       0m 26s  ...                0.76         0.02
18  2026-01-23 17:05:27       0m 28s  ...               23.22         0.57
19  2026-01-23 17:05:56       0m 35s  ...               62.76         1.72
20  2026-01-23 17:06:31       0m 26s  ...                1.10         0.03
21  2026-01-23 17:06:58       0m 28s  ...               19.31         0.52
22  2026-01-23 17:07:27       0m 31s  ...               42.05         1.16
23  2026-01-23 17:07:58       0m 24s  ...                6.56         0.18
24  2026-01-23 17:08:23       0m 25s  ...                1.51         0.04
25  2026-01-23 17:08:48       0m 26s  ...                8.51         0.22
26  2026-01-23 17:09:15       0m 27s  ...               12.12         0.31
27  2026-01-23 17:09:43       0m 29s  ...               32.69         0.79
28  2026-01-23 17:10:13       0m 26s  ...                2.15         0.06
29  2026-01-23 17:10:40       0m 26s  ...                2.94         0.07
30  2026-01-23 17:11:06       0m 27s  ...               12.91         0.30
31  2026-01-23 17:11:34       0m 28s  ...               42.77         1.19
32  2026-01-23 17:12:02       0m 33s  ...               65.54         1.89
33  2026-01-23 17:12:36       0m 28s  ...               10.11         0.24
34  2026-01-23 17:13:04       0m 26s  ...                4.05         0.11
35  2026-01-23 17:13:30       0m 26s  ...                1.89         0.05
36  2026-01-23 17:13:56       0m 26s  ...                5.54         0.15
37  2026-01-23 17:14:23       0m 25s  ...                0.46         0.01
38  2026-01-23 17:14:49       0m 25s  ...                1.59         0.04
39  2026-01-23 17:15:14       0m 32s  ...               43.85         1.03
40  2026-01-23 17:15:46       0m 34s  ...               61.84         1.56
41  2026-01-23 17:16:20       0m 33s  ...               46.89         1.19
42  2026-01-23 17:16:54       0m 38s  ...               80.70         2.32
43  2026-01-23 17:17:32       0m 27s  ...                2.90         0.07
44  2026-01-23 17:17:59       0m 27s  ...               11.56         0.29
45  2026-01-23 17:18:27       0m 27s  ...                4.11         0.11
46  2026-01-23 17:18:55       0m 27s  ...               11.45         0.30
47  2026-01-23 17:19:22       0m 27s  ...               11.80         0.25
48  2026-01-23 17:19:50       0m 27s  ...                6.42         0.18
49  2026-01-23 17:20:17       0m 26s  ...                0.78         0.02
50  2026-01-23 17:20:43       0m 37s  ...               83.75         2.58

[51 rows x 24 columns]
[2026-01-23 17:22:52,945] - [root] - [INFO] - Analysis finished: 0m 26s
[2026-01-23 17:22:52,945] - [root] - [INFO] - -------------------------------------------
[2026-01-23 17:22:52,945] - [root] - [INFO] - -------------------------------------------
[2026-01-23 17:22:52,945] - [root] - [INFO] - Processing 1-22-2026 5dpi 132-W2021011-644_R2.png
[2026-01-23 17:23:11,486] - [root] - [INFO] - Finished loading mask: 0m 18s
[2026-01-23 17:23:22,152] - [root] - [INFO] - Finished crop and inference: 0m 29s
              timestamp time_elapsed  ... severity_rate_patch Gradient_sr2
0   2026-01-23 16:56:44       0m 25s  ...                1.74         0.04
1   2026-01-23 16:57:10       0m 26s  ...                4.36         0.11
2   2026-01-23 16:57:36       0m 26s  ...                0.85         0.02
3   2026-01-23 16:58:03       0m 29s  ...               25.47         0.67
4   2026-01-23 16:58:33       0m 31s  ...               37.39         0.99
5   2026-01-23 16:59:04       0m 26s  ...                0.45         0.01
6   2026-01-23 16:59:31       0m 30s  ...               38.62         0.91
7   2026-01-23 17:00:01       0m 29s  ...               19.86         0.56
8   2026-01-23 17:00:31       0m 30s  ...               39.61         1.05
9   2026-01-23 17:01:02       0m 27s  ...                1.79         0.05
10  2026-01-23 17:01:29       0m 26s  ...                2.79         0.07
11  2026-01-23 17:01:56       0m 29s  ...               20.77         0.49
12  2026-01-23 17:02:25       0m 28s  ...               20.60         0.51
13  2026-01-23 17:02:53       0m 27s  ...               15.28         0.35
14  2026-01-23 17:03:21       0m 30s  ...               30.18         0.79
15  2026-01-23 17:03:51       0m 29s  ...               19.25         0.48
16  2026-01-23 17:04:21       0m 39s  ...               85.84         2.58
17  2026-01-23 17:05:01       0m 26s  ...                0.76         0.02
18  2026-01-23 17:05:27       0m 28s  ...               23.22         0.57
19  2026-01-23 17:05:56       0m 35s  ...               62.76         1.72
20  2026-01-23 17:06:31       0m 26s  ...                1.10         0.03
21  2026-01-23 17:06:58       0m 28s  ...               19.31         0.52
22  2026-01-23 17:07:27       0m 31s  ...               42.05         1.16
23  2026-01-23 17:07:58       0m 24s  ...                6.56         0.18
24  2026-01-23 17:08:23       0m 25s  ...                1.51         0.04
25  2026-01-23 17:08:48       0m 26s  ...                8.51         0.22
26  2026-01-23 17:09:15       0m 27s  ...               12.12         0.31
27  2026-01-23 17:09:43       0m 29s  ...               32.69         0.79
28  2026-01-23 17:10:13       0m 26s  ...                2.15         0.06
29  2026-01-23 17:10:40       0m 26s  ...                2.94         0.07
30  2026-01-23 17:11:06       0m 27s  ...               12.91         0.30
31  2026-01-23 17:11:34       0m 28s  ...               42.77         1.19
32  2026-01-23 17:12:02       0m 33s  ...               65.54         1.89
33  2026-01-23 17:12:36       0m 28s  ...               10.11         0.24
34  2026-01-23 17:13:04       0m 26s  ...                4.05         0.11
35  2026-01-23 17:13:30       0m 26s  ...                1.89         0.05
36  2026-01-23 17:13:56       0m 26s  ...                5.54         0.15
37  2026-01-23 17:14:23       0m 25s  ...                0.46         0.01
38  2026-01-23 17:14:49       0m 25s  ...                1.59         0.04
39  2026-01-23 17:15:14       0m 32s  ...               43.85         1.03
40  2026-01-23 17:15:46       0m 34s  ...               61.84         1.56
41  2026-01-23 17:16:20       0m 33s  ...               46.89         1.19
42  2026-01-23 17:16:54       0m 38s  ...               80.70         2.32
43  2026-01-23 17:17:32       0m 27s  ...                2.90         0.07
44  2026-01-23 17:17:59       0m 27s  ...               11.56         0.29
45  2026-01-23 17:18:27       0m 27s  ...                4.11         0.11
46  2026-01-23 17:18:55       0m 27s  ...               11.45         0.30
47  2026-01-23 17:19:22       0m 27s  ...               11.80         0.25
48  2026-01-23 17:19:50       0m 27s  ...                6.42         0.18
49  2026-01-23 17:20:17       0m 26s  ...                0.78         0.02
50  2026-01-23 17:20:43       0m 37s  ...               83.75         2.58
51  2026-01-23 17:21:21       0m 35s  ...               77.72         2.05

[52 rows x 24 columns]
              timestamp time_elapsed  ... severity_rate_patch Gradient_sr2
0   2026-01-23 16:56:44       0m 25s  ...                1.74         0.04
1   2026-01-23 16:57:10       0m 26s  ...                4.36         0.11
2   2026-01-23 16:57:36       0m 26s  ...                0.85         0.02
3   2026-01-23 16:58:03       0m 29s  ...               25.47         0.67
4   2026-01-23 16:58:33       0m 31s  ...               37.39         0.99
5   2026-01-23 16:59:04       0m 26s  ...                0.45         0.01
6   2026-01-23 16:59:31       0m 30s  ...               38.62         0.91
7   2026-01-23 17:00:01       0m 29s  ...               19.86         0.56
8   2026-01-23 17:00:31       0m 30s  ...               39.61         1.05
9   2026-01-23 17:01:02       0m 27s  ...                1.79         0.05
10  2026-01-23 17:01:29       0m 26s  ...                2.79         0.07
11  2026-01-23 17:01:56       0m 29s  ...               20.77         0.49
12  2026-01-23 17:02:25       0m 28s  ...               20.60         0.51
13  2026-01-23 17:02:53       0m 27s  ...               15.28         0.35
14  2026-01-23 17:03:21       0m 30s  ...               30.18         0.79
15  2026-01-23 17:03:51       0m 29s  ...               19.25         0.48
16  2026-01-23 17:04:21       0m 39s  ...               85.84         2.58
17  2026-01-23 17:05:01       0m 26s  ...                0.76         0.02
18  2026-01-23 17:05:27       0m 28s  ...               23.22         0.57
19  2026-01-23 17:05:56       0m 35s  ...               62.76         1.72
20  2026-01-23 17:06:31       0m 26s  ...                1.10         0.03
21  2026-01-23 17:06:58       0m 28s  ...               19.31         0.52
22  2026-01-23 17:07:27       0m 31s  ...               42.05         1.16
23  2026-01-23 17:07:58       0m 24s  ...                6.56         0.18
24  2026-01-23 17:08:23       0m 25s  ...                1.51         0.04
25  2026-01-23 17:08:48       0m 26s  ...                8.51         0.22
26  2026-01-23 17:09:15       0m 27s  ...               12.12         0.31
27  2026-01-23 17:09:43       0m 29s  ...               32.69         0.79
28  2026-01-23 17:10:13       0m 26s  ...                2.15         0.06
29  2026-01-23 17:10:40       0m 26s  ...                2.94         0.07
30  2026-01-23 17:11:06       0m 27s  ...               12.91         0.30
31  2026-01-23 17:11:34       0m 28s  ...               42.77         1.19
32  2026-01-23 17:12:02       0m 33s  ...               65.54         1.89
33  2026-01-23 17:12:36       0m 28s  ...               10.11         0.24
34  2026-01-23 17:13:04       0m 26s  ...                4.05         0.11
35  2026-01-23 17:13:30       0m 26s  ...                1.89         0.05
36  2026-01-23 17:13:56       0m 26s  ...                5.54         0.15
37  2026-01-23 17:14:23       0m 25s  ...                0.46         0.01
38  2026-01-23 17:14:49       0m 25s  ...                1.59         0.04
39  2026-01-23 17:15:14       0m 32s  ...               43.85         1.03
40  2026-01-23 17:15:46       0m 34s  ...               61.84         1.56
41  2026-01-23 17:16:20       0m 33s  ...               46.89         1.19
42  2026-01-23 17:16:54       0m 38s  ...               80.70         2.32
43  2026-01-23 17:17:32       0m 27s  ...                2.90         0.07
44  2026-01-23 17:17:59       0m 27s  ...               11.56         0.29
45  2026-01-23 17:18:27       0m 27s  ...                4.11         0.11
46  2026-01-23 17:18:55       0m 27s  ...               11.45         0.30
47  2026-01-23 17:19:22       0m 27s  ...               11.80         0.25
48  2026-01-23 17:19:50       0m 27s  ...                6.42         0.18
49  2026-01-23 17:20:17       0m 26s  ...                0.78         0.02
50  2026-01-23 17:20:43       0m 37s  ...               83.75         2.58
51  2026-01-23 17:21:21       0m 35s  ...               77.72         2.05
52  2026-01-23 17:21:57       0m 28s  ...                8.96         0.25

[53 rows x 24 columns]
[2026-01-23 17:23:23,950] - [root] - [INFO] - Analysis finished: 0m 31s
[2026-01-23 17:23:23,951] - [root] - [INFO] - -------------------------------------------
[2026-01-23 17:23:23,951] - [root] - [INFO] - -------------------------------------------
[2026-01-23 17:23:23,951] - [root] - [INFO] - Processing 1-22-2026 5dpi 134-W2021006-001_R1.png
[2026-01-23 17:23:45,602] - [root] - [INFO] - Finished loading mask: 0m 21s
[2026-01-23 17:24:00,586] - [root] - [INFO] - Finished crop and inference: 0m 36s
              timestamp time_elapsed  ... severity_rate_patch Gradient_sr2
0   2026-01-23 16:56:44       0m 25s  ...                1.74         0.04
1   2026-01-23 16:57:10       0m 26s  ...                4.36         0.11
2   2026-01-23 16:57:36       0m 26s  ...                0.85         0.02
3   2026-01-23 16:58:03       0m 29s  ...               25.47         0.67
4   2026-01-23 16:58:33       0m 31s  ...               37.39         0.99
5   2026-01-23 16:59:04       0m 26s  ...                0.45         0.01
6   2026-01-23 16:59:31       0m 30s  ...               38.62         0.91
7   2026-01-23 17:00:01       0m 29s  ...               19.86         0.56
8   2026-01-23 17:00:31       0m 30s  ...               39.61         1.05
9   2026-01-23 17:01:02       0m 27s  ...                1.79         0.05
10  2026-01-23 17:01:29       0m 26s  ...                2.79         0.07
11  2026-01-23 17:01:56       0m 29s  ...               20.77         0.49
12  2026-01-23 17:02:25       0m 28s  ...               20.60         0.51
13  2026-01-23 17:02:53       0m 27s  ...               15.28         0.35
14  2026-01-23 17:03:21       0m 30s  ...               30.18         0.79
15  2026-01-23 17:03:51       0m 29s  ...               19.25         0.48
16  2026-01-23 17:04:21       0m 39s  ...               85.84         2.58
17  2026-01-23 17:05:01       0m 26s  ...                0.76         0.02
18  2026-01-23 17:05:27       0m 28s  ...               23.22         0.57
19  2026-01-23 17:05:56       0m 35s  ...               62.76         1.72
20  2026-01-23 17:06:31       0m 26s  ...                1.10         0.03
21  2026-01-23 17:06:58       0m 28s  ...               19.31         0.52
22  2026-01-23 17:07:27       0m 31s  ...               42.05         1.16
23  2026-01-23 17:07:58       0m 24s  ...                6.56         0.18
24  2026-01-23 17:08:23       0m 25s  ...                1.51         0.04
25  2026-01-23 17:08:48       0m 26s  ...                8.51         0.22
26  2026-01-23 17:09:15       0m 27s  ...               12.12         0.31
27  2026-01-23 17:09:43       0m 29s  ...               32.69         0.79
28  2026-01-23 17:10:13       0m 26s  ...                2.15         0.06
29  2026-01-23 17:10:40       0m 26s  ...                2.94         0.07
30  2026-01-23 17:11:06       0m 27s  ...               12.91         0.30
31  2026-01-23 17:11:34       0m 28s  ...               42.77         1.19
32  2026-01-23 17:12:02       0m 33s  ...               65.54         1.89
33  2026-01-23 17:12:36       0m 28s  ...               10.11         0.24
34  2026-01-23 17:13:04       0m 26s  ...                4.05         0.11
35  2026-01-23 17:13:30       0m 26s  ...                1.89         0.05
36  2026-01-23 17:13:56       0m 26s  ...                5.54         0.15
37  2026-01-23 17:14:23       0m 25s  ...                0.46         0.01
38  2026-01-23 17:14:49       0m 25s  ...                1.59         0.04
39  2026-01-23 17:15:14       0m 32s  ...               43.85         1.03
40  2026-01-23 17:15:46       0m 34s  ...               61.84         1.56
41  2026-01-23 17:16:20       0m 33s  ...               46.89         1.19
42  2026-01-23 17:16:54       0m 38s  ...               80.70         2.32
43  2026-01-23 17:17:32       0m 27s  ...                2.90         0.07
44  2026-01-23 17:17:59       0m 27s  ...               11.56         0.29
45  2026-01-23 17:18:27       0m 27s  ...                4.11         0.11
46  2026-01-23 17:18:55       0m 27s  ...               11.45         0.30
47  2026-01-23 17:19:22       0m 27s  ...               11.80         0.25
48  2026-01-23 17:19:50       0m 27s  ...                6.42         0.18
49  2026-01-23 17:20:17       0m 26s  ...                0.78         0.02
50  2026-01-23 17:20:43       0m 37s  ...               83.75         2.58
51  2026-01-23 17:21:21       0m 35s  ...               77.72         2.05
52  2026-01-23 17:21:57       0m 28s  ...                8.96         0.25
53  2026-01-23 17:22:26       0m 26s  ...                1.10         0.03

[54 rows x 24 columns]
[2026-01-23 17:24:02,279] - [root] - [INFO] - Analysis finished: 0m 38s
[2026-01-23 17:24:02,279] - [root] - [INFO] - -------------------------------------------
[2026-01-23 17:24:02,279] - [root] - [INFO] - -------------------------------------------
[2026-01-23 17:24:02,279] - [root] - [INFO] - Processing 1-22-2026 5dpi 134-W2021009-275_R1.png
[2026-01-23 17:24:22,177] - [root] - [INFO] - Finished loading mask: 0m 19s
[2026-01-23 17:24:34,354] - [root] - [INFO] - Finished crop and inference: 0m 32s
              timestamp time_elapsed  ... severity_rate_patch Gradient_sr2
0   2026-01-23 16:56:44       0m 25s  ...                1.74         0.04
1   2026-01-23 16:57:10       0m 26s  ...                4.36         0.11
2   2026-01-23 16:57:36       0m 26s  ...                0.85         0.02
3   2026-01-23 16:58:03       0m 29s  ...               25.47         0.67
4   2026-01-23 16:58:33       0m 31s  ...               37.39         0.99
5   2026-01-23 16:59:04       0m 26s  ...                0.45         0.01
6   2026-01-23 16:59:31       0m 30s  ...               38.62         0.91
7   2026-01-23 17:00:01       0m 29s  ...               19.86         0.56
8   2026-01-23 17:00:31       0m 30s  ...               39.61         1.05
9   2026-01-23 17:01:02       0m 27s  ...                1.79         0.05
10  2026-01-23 17:01:29       0m 26s  ...                2.79         0.07
11  2026-01-23 17:01:56       0m 29s  ...               20.77         0.49
12  2026-01-23 17:02:25       0m 28s  ...               20.60         0.51
13  2026-01-23 17:02:53       0m 27s  ...               15.28         0.35
14  2026-01-23 17:03:21       0m 30s  ...               30.18         0.79
15  2026-01-23 17:03:51       0m 29s  ...               19.25         0.48
16  2026-01-23 17:04:21       0m 39s  ...               85.84         2.58
17  2026-01-23 17:05:01       0m 26s  ...                0.76         0.02
18  2026-01-23 17:05:27       0m 28s  ...               23.22         0.57
19  2026-01-23 17:05:56       0m 35s  ...               62.76         1.72
20  2026-01-23 17:06:31       0m 26s  ...                1.10         0.03
21  2026-01-23 17:06:58       0m 28s  ...               19.31         0.52
22  2026-01-23 17:07:27       0m 31s  ...               42.05         1.16
23  2026-01-23 17:07:58       0m 24s  ...                6.56         0.18
24  2026-01-23 17:08:23       0m 25s  ...                1.51         0.04
25  2026-01-23 17:08:48       0m 26s  ...                8.51         0.22
26  2026-01-23 17:09:15       0m 27s  ...               12.12         0.31
27  2026-01-23 17:09:43       0m 29s  ...               32.69         0.79
28  2026-01-23 17:10:13       0m 26s  ...                2.15         0.06
29  2026-01-23 17:10:40       0m 26s  ...                2.94         0.07
30  2026-01-23 17:11:06       0m 27s  ...               12.91         0.30
31  2026-01-23 17:11:34       0m 28s  ...               42.77         1.19
32  2026-01-23 17:12:02       0m 33s  ...               65.54         1.89
33  2026-01-23 17:12:36       0m 28s  ...               10.11         0.24
34  2026-01-23 17:13:04       0m 26s  ...                4.05         0.11
35  2026-01-23 17:13:30       0m 26s  ...                1.89         0.05
36  2026-01-23 17:13:56       0m 26s  ...                5.54         0.15
37  2026-01-23 17:14:23       0m 25s  ...                0.46         0.01
38  2026-01-23 17:14:49       0m 25s  ...                1.59         0.04
39  2026-01-23 17:15:14       0m 32s  ...               43.85         1.03
40  2026-01-23 17:15:46       0m 34s  ...               61.84         1.56
41  2026-01-23 17:16:20       0m 33s  ...               46.89         1.19
42  2026-01-23 17:16:54       0m 38s  ...               80.70         2.32
43  2026-01-23 17:17:32       0m 27s  ...                2.90         0.07
44  2026-01-23 17:17:59       0m 27s  ...               11.56         0.29
45  2026-01-23 17:18:27       0m 27s  ...                4.11         0.11
46  2026-01-23 17:18:55       0m 27s  ...               11.45         0.30
47  2026-01-23 17:19:22       0m 27s  ...               11.80         0.25
48  2026-01-23 17:19:50       0m 27s  ...                6.42         0.18
49  2026-01-23 17:20:17       0m 26s  ...                0.78         0.02
50  2026-01-23 17:20:43       0m 37s  ...               83.75         2.58
51  2026-01-23 17:21:21       0m 35s  ...               77.72         2.05
52  2026-01-23 17:21:57       0m 28s  ...                8.96         0.25
53  2026-01-23 17:22:26       0m 26s  ...                1.10         0.03
54  2026-01-23 17:22:52       0m 30s  ...               11.49         0.28

[55 rows x 24 columns]
[2026-01-23 17:24:36,064] - [root] - [INFO] - Analysis finished: 0m 33s
[2026-01-23 17:24:36,064] - [root] - [INFO] - -------------------------------------------
[2026-01-23 17:24:36,064] - [root] - [INFO] - -------------------------------------------
[2026-01-23 17:24:36,064] - [root] - [INFO] - Processing 1-22-2026 5dpi 137-W2021010-342_R2.png
[2026-01-23 17:24:56,459] - [root] - [INFO] - Finished loading mask: 0m 20s
[2026-01-23 17:25:05,336] - [root] - [INFO] - Finished crop and inference: 0m 29s
              timestamp time_elapsed  ... severity_rate_patch Gradient_sr2
0   2026-01-23 16:56:44       0m 25s  ...                1.74         0.04
1   2026-01-23 16:57:10       0m 26s  ...                4.36         0.11
2   2026-01-23 16:57:36       0m 26s  ...                0.85         0.02
3   2026-01-23 16:58:03       0m 29s  ...               25.47         0.67
4   2026-01-23 16:58:33       0m 31s  ...               37.39         0.99
5   2026-01-23 16:59:04       0m 26s  ...                0.45         0.01
6   2026-01-23 16:59:31       0m 30s  ...               38.62         0.91
7   2026-01-23 17:00:01       0m 29s  ...               19.86         0.56
8   2026-01-23 17:00:31       0m 30s  ...               39.61         1.05
9   2026-01-23 17:01:02       0m 27s  ...                1.79         0.05
10  2026-01-23 17:01:29       0m 26s  ...                2.79         0.07
11  2026-01-23 17:01:56       0m 29s  ...               20.77         0.49
12  2026-01-23 17:02:25       0m 28s  ...               20.60         0.51
13  2026-01-23 17:02:53       0m 27s  ...               15.28         0.35
14  2026-01-23 17:03:21       0m 30s  ...               30.18         0.79
15  2026-01-23 17:03:51       0m 29s  ...               19.25         0.48
16  2026-01-23 17:04:21       0m 39s  ...               85.84         2.58
17  2026-01-23 17:05:01       0m 26s  ...                0.76         0.02
18  2026-01-23 17:05:27       0m 28s  ...               23.22         0.57
19  2026-01-23 17:05:56       0m 35s  ...               62.76         1.72
20  2026-01-23 17:06:31       0m 26s  ...                1.10         0.03
21  2026-01-23 17:06:58       0m 28s  ...               19.31         0.52
22  2026-01-23 17:07:27       0m 31s  ...               42.05         1.16
23  2026-01-23 17:07:58       0m 24s  ...                6.56         0.18
24  2026-01-23 17:08:23       0m 25s  ...                1.51         0.04
25  2026-01-23 17:08:48       0m 26s  ...                8.51         0.22
26  2026-01-23 17:09:15       0m 27s  ...               12.12         0.31
27  2026-01-23 17:09:43       0m 29s  ...               32.69         0.79
28  2026-01-23 17:10:13       0m 26s  ...                2.15         0.06
29  2026-01-23 17:10:40       0m 26s  ...                2.94         0.07
30  2026-01-23 17:11:06       0m 27s  ...               12.91         0.30
31  2026-01-23 17:11:34       0m 28s  ...               42.77         1.19
32  2026-01-23 17:12:02       0m 33s  ...               65.54         1.89
33  2026-01-23 17:12:36       0m 28s  ...               10.11         0.24
34  2026-01-23 17:13:04       0m 26s  ...                4.05         0.11
35  2026-01-23 17:13:30       0m 26s  ...                1.89         0.05
36  2026-01-23 17:13:56       0m 26s  ...                5.54         0.15
37  2026-01-23 17:14:23       0m 25s  ...                0.46         0.01
38  2026-01-23 17:14:49       0m 25s  ...                1.59         0.04
39  2026-01-23 17:15:14       0m 32s  ...               43.85         1.03
40  2026-01-23 17:15:46       0m 34s  ...               61.84         1.56
41  2026-01-23 17:16:20       0m 33s  ...               46.89         1.19
42  2026-01-23 17:16:54       0m 38s  ...               80.70         2.32
43  2026-01-23 17:17:32       0m 27s  ...                2.90         0.07
44  2026-01-23 17:17:59       0m 27s  ...               11.56         0.29
45  2026-01-23 17:18:27       0m 27s  ...                4.11         0.11
46  2026-01-23 17:18:55       0m 27s  ...               11.45         0.30
47  2026-01-23 17:19:22       0m 27s  ...               11.80         0.25
48  2026-01-23 17:19:50       0m 27s  ...                6.42         0.18
49  2026-01-23 17:20:17       0m 26s  ...                0.78         0.02
50  2026-01-23 17:20:43       0m 37s  ...               83.75         2.58
51  2026-01-23 17:21:21       0m 35s  ...               77.72         2.05
52  2026-01-23 17:21:57       0m 28s  ...                8.96         0.25
53  2026-01-23 17:22:26       0m 26s  ...                1.10         0.03
54  2026-01-23 17:22:52       0m 30s  ...               11.49         0.28
55  2026-01-23 17:23:23       0m 38s  ...               55.20         1.46

[56 rows x 24 columns]
[2026-01-23 17:25:07,026] - [root] - [INFO] - Analysis finished: 0m 30s
[2026-01-23 17:25:07,026] - [root] - [INFO] - -------------------------------------------
[2026-01-23 17:25:07,026] - [root] - [INFO] - -------------------------------------------
[2026-01-23 17:25:07,026] - [root] - [INFO] - Processing 1-22-2026 5dpi 138-W2021010-446_R1.png
[2026-01-23 17:25:27,625] - [root] - [INFO] - Finished loading mask: 0m 20s
[2026-01-23 17:25:37,083] - [root] - [INFO] - Finished crop and inference: 0m 30s
              timestamp time_elapsed  ... severity_rate_patch Gradient_sr2
0   2026-01-23 16:56:44       0m 25s  ...                1.74         0.04
1   2026-01-23 16:57:10       0m 26s  ...                4.36         0.11
2   2026-01-23 16:57:36       0m 26s  ...                0.85         0.02
3   2026-01-23 16:58:03       0m 29s  ...               25.47         0.67
4   2026-01-23 16:58:33       0m 31s  ...               37.39         0.99
5   2026-01-23 16:59:04       0m 26s  ...                0.45         0.01
6   2026-01-23 16:59:31       0m 30s  ...               38.62         0.91
7   2026-01-23 17:00:01       0m 29s  ...               19.86         0.56
8   2026-01-23 17:00:31       0m 30s  ...               39.61         1.05
9   2026-01-23 17:01:02       0m 27s  ...                1.79         0.05
10  2026-01-23 17:01:29       0m 26s  ...                2.79         0.07
11  2026-01-23 17:01:56       0m 29s  ...               20.77         0.49
12  2026-01-23 17:02:25       0m 28s  ...               20.60         0.51
13  2026-01-23 17:02:53       0m 27s  ...               15.28         0.35
14  2026-01-23 17:03:21       0m 30s  ...               30.18         0.79
15  2026-01-23 17:03:51       0m 29s  ...               19.25         0.48
16  2026-01-23 17:04:21       0m 39s  ...               85.84         2.58
17  2026-01-23 17:05:01       0m 26s  ...                0.76         0.02
18  2026-01-23 17:05:27       0m 28s  ...               23.22         0.57
19  2026-01-23 17:05:56       0m 35s  ...               62.76         1.72
20  2026-01-23 17:06:31       0m 26s  ...                1.10         0.03
21  2026-01-23 17:06:58       0m 28s  ...               19.31         0.52
22  2026-01-23 17:07:27       0m 31s  ...               42.05         1.16
23  2026-01-23 17:07:58       0m 24s  ...                6.56         0.18
24  2026-01-23 17:08:23       0m 25s  ...                1.51         0.04
25  2026-01-23 17:08:48       0m 26s  ...                8.51         0.22
26  2026-01-23 17:09:15       0m 27s  ...               12.12         0.31
27  2026-01-23 17:09:43       0m 29s  ...               32.69         0.79
28  2026-01-23 17:10:13       0m 26s  ...                2.15         0.06
29  2026-01-23 17:10:40       0m 26s  ...                2.94         0.07
30  2026-01-23 17:11:06       0m 27s  ...               12.91         0.30
31  2026-01-23 17:11:34       0m 28s  ...               42.77         1.19
32  2026-01-23 17:12:02       0m 33s  ...               65.54         1.89
33  2026-01-23 17:12:36       0m 28s  ...               10.11         0.24
34  2026-01-23 17:13:04       0m 26s  ...                4.05         0.11
35  2026-01-23 17:13:30       0m 26s  ...                1.89         0.05
36  2026-01-23 17:13:56       0m 26s  ...                5.54         0.15
37  2026-01-23 17:14:23       0m 25s  ...                0.46         0.01
38  2026-01-23 17:14:49       0m 25s  ...                1.59         0.04
39  2026-01-23 17:15:14       0m 32s  ...               43.85         1.03
40  2026-01-23 17:15:46       0m 34s  ...               61.84         1.56
41  2026-01-23 17:16:20       0m 33s  ...               46.89         1.19
42  2026-01-23 17:16:54       0m 38s  ...               80.70         2.32
43  2026-01-23 17:17:32       0m 27s  ...                2.90         0.07
44  2026-01-23 17:17:59       0m 27s  ...               11.56         0.29
45  2026-01-23 17:18:27       0m 27s  ...                4.11         0.11
46  2026-01-23 17:18:55       0m 27s  ...               11.45         0.30
47  2026-01-23 17:19:22       0m 27s  ...               11.80         0.25
48  2026-01-23 17:19:50       0m 27s  ...                6.42         0.18
49  2026-01-23 17:20:17       0m 26s  ...                0.78         0.02
50  2026-01-23 17:20:43       0m 37s  ...               83.75         2.58
51  2026-01-23 17:21:21       0m 35s  ...               77.72         2.05
52  2026-01-23 17:21:57       0m 28s  ...                8.96         0.25
53  2026-01-23 17:22:26       0m 26s  ...                1.10         0.03
54  2026-01-23 17:22:52       0m 30s  ...               11.49         0.28
55  2026-01-23 17:23:23       0m 38s  ...               55.20         1.46
56  2026-01-23 17:24:02       0m 33s  ...               34.44         0.83

[57 rows x 24 columns]
[2026-01-23 17:25:38,834] - [root] - [INFO] - Analysis finished: 0m 31s
[2026-01-23 17:25:38,834] - [root] - [INFO] - -------------------------------------------
[2026-01-23 17:25:38,834] - [root] - [INFO] - -------------------------------------------
[2026-01-23 17:25:38,834] - [root] - [INFO] - Processing 1-22-2026 5dpi 141-W2021009-274_R1.png
[2026-01-23 17:25:59,639] - [root] - [INFO] - Finished loading mask: 0m 20s
[2026-01-23 17:26:20,610] - [root] - [INFO] - Finished crop and inference: 0m 41s
              timestamp time_elapsed  ... severity_rate_patch Gradient_sr2
0   2026-01-23 16:56:44       0m 25s  ...                1.74         0.04
1   2026-01-23 16:57:10       0m 26s  ...                4.36         0.11
2   2026-01-23 16:57:36       0m 26s  ...                0.85         0.02
3   2026-01-23 16:58:03       0m 29s  ...               25.47         0.67
4   2026-01-23 16:58:33       0m 31s  ...               37.39         0.99
5   2026-01-23 16:59:04       0m 26s  ...                0.45         0.01
6   2026-01-23 16:59:31       0m 30s  ...               38.62         0.91
7   2026-01-23 17:00:01       0m 29s  ...               19.86         0.56
8   2026-01-23 17:00:31       0m 30s  ...               39.61         1.05
9   2026-01-23 17:01:02       0m 27s  ...                1.79         0.05
10  2026-01-23 17:01:29       0m 26s  ...                2.79         0.07
11  2026-01-23 17:01:56       0m 29s  ...               20.77         0.49
12  2026-01-23 17:02:25       0m 28s  ...               20.60         0.51
13  2026-01-23 17:02:53       0m 27s  ...               15.28         0.35
14  2026-01-23 17:03:21       0m 30s  ...               30.18         0.79
15  2026-01-23 17:03:51       0m 29s  ...               19.25         0.48
16  2026-01-23 17:04:21       0m 39s  ...               85.84         2.58
17  2026-01-23 17:05:01       0m 26s  ...                0.76         0.02
18  2026-01-23 17:05:27       0m 28s  ...               23.22         0.57
19  2026-01-23 17:05:56       0m 35s  ...               62.76         1.72
20  2026-01-23 17:06:31       0m 26s  ...                1.10         0.03
21  2026-01-23 17:06:58       0m 28s  ...               19.31         0.52
22  2026-01-23 17:07:27       0m 31s  ...               42.05         1.16
23  2026-01-23 17:07:58       0m 24s  ...                6.56         0.18
24  2026-01-23 17:08:23       0m 25s  ...                1.51         0.04
25  2026-01-23 17:08:48       0m 26s  ...                8.51         0.22
26  2026-01-23 17:09:15       0m 27s  ...               12.12         0.31
27  2026-01-23 17:09:43       0m 29s  ...               32.69         0.79
28  2026-01-23 17:10:13       0m 26s  ...                2.15         0.06
29  2026-01-23 17:10:40       0m 26s  ...                2.94         0.07
30  2026-01-23 17:11:06       0m 27s  ...               12.91         0.30
31  2026-01-23 17:11:34       0m 28s  ...               42.77         1.19
32  2026-01-23 17:12:02       0m 33s  ...               65.54         1.89
33  2026-01-23 17:12:36       0m 28s  ...               10.11         0.24
34  2026-01-23 17:13:04       0m 26s  ...                4.05         0.11
35  2026-01-23 17:13:30       0m 26s  ...                1.89         0.05
36  2026-01-23 17:13:56       0m 26s  ...                5.54         0.15
37  2026-01-23 17:14:23       0m 25s  ...                0.46         0.01
38  2026-01-23 17:14:49       0m 25s  ...                1.59         0.04
39  2026-01-23 17:15:14       0m 32s  ...               43.85         1.03
40  2026-01-23 17:15:46       0m 34s  ...               61.84         1.56
41  2026-01-23 17:16:20       0m 33s  ...               46.89         1.19
42  2026-01-23 17:16:54       0m 38s  ...               80.70         2.32
43  2026-01-23 17:17:32       0m 27s  ...                2.90         0.07
44  2026-01-23 17:17:59       0m 27s  ...               11.56         0.29
45  2026-01-23 17:18:27       0m 27s  ...                4.11         0.11
46  2026-01-23 17:18:55       0m 27s  ...               11.45         0.30
47  2026-01-23 17:19:22       0m 27s  ...               11.80         0.25
48  2026-01-23 17:19:50       0m 27s  ...                6.42         0.18
49  2026-01-23 17:20:17       0m 26s  ...                0.78         0.02
50  2026-01-23 17:20:43       0m 37s  ...               83.75         2.58
51  2026-01-23 17:21:21       0m 35s  ...               77.72         2.05
52  2026-01-23 17:21:57       0m 28s  ...                8.96         0.25
53  2026-01-23 17:22:26       0m 26s  ...                1.10         0.03
54  2026-01-23 17:22:52       0m 30s  ...               11.49         0.28
55  2026-01-23 17:23:23       0m 38s  ...               55.20         1.46
56  2026-01-23 17:24:02       0m 33s  ...               34.44         0.83
57  2026-01-23 17:24:36       0m 30s  ...                4.27         0.10

[58 rows x 24 columns]
[2026-01-23 17:26:22,180] - [root] - [INFO] - Analysis finished: 0m 43s
[2026-01-23 17:26:22,180] - [root] - [INFO] - -------------------------------------------
[2026-01-23 17:26:22,180] - [root] - [INFO] - -------------------------------------------
[2026-01-23 17:26:22,180] - [root] - [INFO] - Processing 1-22-2026 5dpi 143-W2021010-313_R2.png
[2026-01-23 17:26:41,634] - [root] - [INFO] - Finished loading mask: 0m 19s
[2026-01-23 17:26:49,776] - [root] - [INFO] - Finished crop and inference: 0m 27s
[2026-01-23 17:26:51,445] - [root] - [INFO] - Analysis finished: 0m 29s
[2026-01-23 17:26:51,446] - [root] - [INFO] - -------------------------------------------
[2026-01-23 17:26:51,446] - [root] - [INFO] - -------------------------------------------
[2026-01-23 17:26:51,446] - [root] - [INFO] - Processing 1-22-2026 5dpi 148-W2021011-462_R2.png
[2026-01-23 17:27:12,518] - [root] - [INFO] - Finished loading mask: 0m 21s
[2026-01-23 17:27:24,653] - [root] - [INFO] - Finished crop and inference: 0m 33s
[2026-01-23 17:27:26,343] - [root] - [INFO] - Analysis finished: 0m 34s
[2026-01-23 17:27:26,344] - [root] - [INFO] - -------------------------------------------
[2026-01-23 17:27:26,344] - [root] - [INFO] - -------------------------------------------
[2026-01-23 17:27:26,344] - [root] - [INFO] - Processing 1-22-2026 5dpi 149-W2021010-417_R1.png
[2026-01-23 17:27:46,845] - [root] - [INFO] - Finished loading mask: 0m 20s
[2026-01-23 17:27:56,722] - [root] - [INFO] - Finished crop and inference: 0m 30s
[2026-01-23 17:27:58,453] - [root] - [INFO] - Analysis finished: 0m 32s
[2026-01-23 17:27:58,453] - [root] - [INFO] - -------------------------------------------
[2026-01-23 17:27:58,454] - [root] - [INFO] - -------------------------------------------
[2026-01-23 17:27:58,454] - [root] - [INFO] - Processing 1-22-2026 5dpi 154-W2021010-419_R1.png
[2026-01-23 17:28:19,016] - [root] - [INFO] - Finished loading mask: 0m 20s
[2026-01-23 17:28:27,978] - [root] - [INFO] - Finished crop and inference: 0m 29s
              timestamp time_elapsed  ... severity_rate_patch Gradient_sr2
0   2026-01-23 16:56:44       0m 25s  ...                1.74         0.04
1   2026-01-23 16:57:10       0m 26s  ...                4.36         0.11
2   2026-01-23 16:57:36       0m 26s  ...                0.85         0.02
3   2026-01-23 16:58:03       0m 29s  ...               25.47         0.67
4   2026-01-23 16:58:33       0m 31s  ...               37.39         0.99
5   2026-01-23 16:59:04       0m 26s  ...                0.45         0.01
6   2026-01-23 16:59:31       0m 30s  ...               38.62         0.91
7   2026-01-23 17:00:01       0m 29s  ...               19.86         0.56
8   2026-01-23 17:00:31       0m 30s  ...               39.61         1.05
9   2026-01-23 17:01:02       0m 27s  ...                1.79         0.05
10  2026-01-23 17:01:29       0m 26s  ...                2.79         0.07
11  2026-01-23 17:01:56       0m 29s  ...               20.77         0.49
12  2026-01-23 17:02:25       0m 28s  ...               20.60         0.51
13  2026-01-23 17:02:53       0m 27s  ...               15.28         0.35
14  2026-01-23 17:03:21       0m 30s  ...               30.18         0.79
15  2026-01-23 17:03:51       0m 29s  ...               19.25         0.48
16  2026-01-23 17:04:21       0m 39s  ...               85.84         2.58
17  2026-01-23 17:05:01       0m 26s  ...                0.76         0.02
18  2026-01-23 17:05:27       0m 28s  ...               23.22         0.57
19  2026-01-23 17:05:56       0m 35s  ...               62.76         1.72
20  2026-01-23 17:06:31       0m 26s  ...                1.10         0.03
21  2026-01-23 17:06:58       0m 28s  ...               19.31         0.52
22  2026-01-23 17:07:27       0m 31s  ...               42.05         1.16
23  2026-01-23 17:07:58       0m 24s  ...                6.56         0.18
24  2026-01-23 17:08:23       0m 25s  ...                1.51         0.04
25  2026-01-23 17:08:48       0m 26s  ...                8.51         0.22
26  2026-01-23 17:09:15       0m 27s  ...               12.12         0.31
27  2026-01-23 17:09:43       0m 29s  ...               32.69         0.79
28  2026-01-23 17:10:13       0m 26s  ...                2.15         0.06
29  2026-01-23 17:10:40       0m 26s  ...                2.94         0.07
30  2026-01-23 17:11:06       0m 27s  ...               12.91         0.30
31  2026-01-23 17:11:34       0m 28s  ...               42.77         1.19
32  2026-01-23 17:12:02       0m 33s  ...               65.54         1.89
33  2026-01-23 17:12:36       0m 28s  ...               10.11         0.24
34  2026-01-23 17:13:04       0m 26s  ...                4.05         0.11
35  2026-01-23 17:13:30       0m 26s  ...                1.89         0.05
36  2026-01-23 17:13:56       0m 26s  ...                5.54         0.15
37  2026-01-23 17:14:23       0m 25s  ...                0.46         0.01
38  2026-01-23 17:14:49       0m 25s  ...                1.59         0.04
39  2026-01-23 17:15:14       0m 32s  ...               43.85         1.03
40  2026-01-23 17:15:46       0m 34s  ...               61.84         1.56
41  2026-01-23 17:16:20       0m 33s  ...               46.89         1.19
42  2026-01-23 17:16:54       0m 38s  ...               80.70         2.32
43  2026-01-23 17:17:32       0m 27s  ...                2.90         0.07
44  2026-01-23 17:17:59       0m 27s  ...               11.56         0.29
45  2026-01-23 17:18:27       0m 27s  ...                4.11         0.11
46  2026-01-23 17:18:55       0m 27s  ...               11.45         0.30
47  2026-01-23 17:19:22       0m 27s  ...               11.80         0.25
48  2026-01-23 17:19:50       0m 27s  ...                6.42         0.18
49  2026-01-23 17:20:17       0m 26s  ...                0.78         0.02
50  2026-01-23 17:20:43       0m 37s  ...               83.75         2.58
51  2026-01-23 17:21:21       0m 35s  ...               77.72         2.05
52  2026-01-23 17:21:57       0m 28s  ...                8.96         0.25
53  2026-01-23 17:22:26       0m 26s  ...                1.10         0.03
54  2026-01-23 17:22:52       0m 30s  ...               11.49         0.28
55  2026-01-23 17:23:23       0m 38s  ...               55.20         1.46
56  2026-01-23 17:24:02       0m 33s  ...               34.44         0.83
57  2026-01-23 17:24:36       0m 30s  ...                4.27         0.10
58  2026-01-23 17:25:07       0m 31s  ...                8.15         0.18

[59 rows x 24 columns]
[2026-01-23 17:28:29,727] - [root] - [INFO] - Analysis finished: 0m 31s
[2026-01-23 17:28:29,727] - [root] - [INFO] - -------------------------------------------
[2026-01-23 17:28:29,727] - [root] - [INFO] - -------------------------------------------
[2026-01-23 17:28:29,727] - [root] - [INFO] - Processing 1-22-2026 5dpi 155-W2021011-639_R1.png
[2026-01-23 17:28:51,175] - [root] - [INFO] - Finished loading mask: 0m 21s
[2026-01-23 17:29:00,409] - [root] - [INFO] - Finished crop and inference: 0m 30s
[2026-01-23 17:29:02,122] - [root] - [INFO] - Analysis finished: 0m 32s
[2026-01-23 17:29:02,123] - [root] - [INFO] - -------------------------------------------
[2026-01-23 17:29:02,123] - [root] - [INFO] - -------------------------------------------
[2026-01-23 17:29:02,123] - [root] - [INFO] - Processing 1-22-2026 5dpi 156-W2021009-276_R2.png
[2026-01-23 17:29:22,963] - [root] - [INFO] - Finished loading mask: 0m 20s
[2026-01-23 17:29:33,052] - [root] - [INFO] - Finished crop and inference: 0m 30s
[2026-01-23 17:29:34,745] - [root] - [INFO] - Analysis finished: 0m 32s
[2026-01-23 17:29:34,745] - [root] - [INFO] - -------------------------------------------
[2026-01-23 17:29:34,746] - [root] - [INFO] - -------------------------------------------
[2026-01-23 17:29:34,746] - [root] - [INFO] - Processing 1-22-2026 5dpi 158-W2021006-114_R1.png
[2026-01-23 17:29:55,497] - [root] - [INFO] - Finished loading mask: 0m 20s
[2026-01-23 17:30:10,390] - [root] - [INFO] - Finished crop and inference: 0m 35s
[2026-01-23 17:30:12,117] - [root] - [INFO] - Analysis finished: 0m 37s
[2026-01-23 17:30:12,118] - [root] - [INFO] - -------------------------------------------
[2026-01-23 17:30:12,118] - [root] - [INFO] - -------------------------------------------
[2026-01-23 17:30:12,118] - [root] - [INFO] - Processing 1-22-2026 5dpi 167-W2021006-003_R2.png
[2026-01-23 17:30:32,831] - [root] - [INFO] - Finished loading mask: 0m 20s
[2026-01-23 17:30:41,412] - [root] - [INFO] - Finished crop and inference: 0m 29s
[2026-01-23 17:30:43,273] - [root] - [INFO] - Analysis finished: 0m 31s
[2026-01-23 17:30:43,273] - [root] - [INFO] - -------------------------------------------
[2026-01-23 17:30:43,274] - [root] - [INFO] - -------------------------------------------
[2026-01-23 17:30:43,274] - [root] - [INFO] - Processing 1-22-2026 5dpi 169-W2021009-623_R2.png
              timestamp time_elapsed  ... severity_rate_patch Gradient_sr2
0   2026-01-23 16:56:44       0m 25s  ...                1.74         0.04
1   2026-01-23 16:57:10       0m 26s  ...                4.36         0.11
2   2026-01-23 16:57:36       0m 26s  ...                0.85         0.02
3   2026-01-23 16:58:03       0m 29s  ...               25.47         0.67
4   2026-01-23 16:58:33       0m 31s  ...               37.39         0.99
5   2026-01-23 16:59:04       0m 26s  ...                0.45         0.01
6   2026-01-23 16:59:31       0m 30s  ...               38.62         0.91
7   2026-01-23 17:00:01       0m 29s  ...               19.86         0.56
8   2026-01-23 17:00:31       0m 30s  ...               39.61         1.05
9   2026-01-23 17:01:02       0m 27s  ...                1.79         0.05
10  2026-01-23 17:01:29       0m 26s  ...                2.79         0.07
11  2026-01-23 17:01:56       0m 29s  ...               20.77         0.49
12  2026-01-23 17:02:25       0m 28s  ...               20.60         0.51
13  2026-01-23 17:02:53       0m 27s  ...               15.28         0.35
14  2026-01-23 17:03:21       0m 30s  ...               30.18         0.79
15  2026-01-23 17:03:51       0m 29s  ...               19.25         0.48
16  2026-01-23 17:04:21       0m 39s  ...               85.84         2.58
17  2026-01-23 17:05:01       0m 26s  ...                0.76         0.02
18  2026-01-23 17:05:27       0m 28s  ...               23.22         0.57
19  2026-01-23 17:05:56       0m 35s  ...               62.76         1.72
20  2026-01-23 17:06:31       0m 26s  ...                1.10         0.03
21  2026-01-23 17:06:58       0m 28s  ...               19.31         0.52
22  2026-01-23 17:07:27       0m 31s  ...               42.05         1.16
23  2026-01-23 17:07:58       0m 24s  ...                6.56         0.18
24  2026-01-23 17:08:23       0m 25s  ...                1.51         0.04
25  2026-01-23 17:08:48       0m 26s  ...                8.51         0.22
26  2026-01-23 17:09:15       0m 27s  ...               12.12         0.31
27  2026-01-23 17:09:43       0m 29s  ...               32.69         0.79
28  2026-01-23 17:10:13       0m 26s  ...                2.15         0.06
29  2026-01-23 17:10:40       0m 26s  ...                2.94         0.07
30  2026-01-23 17:11:06       0m 27s  ...               12.91         0.30
31  2026-01-23 17:11:34       0m 28s  ...               42.77         1.19
32  2026-01-23 17:12:02       0m 33s  ...               65.54         1.89
33  2026-01-23 17:12:36       0m 28s  ...               10.11         0.24
34  2026-01-23 17:13:04       0m 26s  ...                4.05         0.11
35  2026-01-23 17:13:30       0m 26s  ...                1.89         0.05
36  2026-01-23 17:13:56       0m 26s  ...                5.54         0.15
37  2026-01-23 17:14:23       0m 25s  ...                0.46         0.01
38  2026-01-23 17:14:49       0m 25s  ...                1.59         0.04
39  2026-01-23 17:15:14       0m 32s  ...               43.85         1.03
40  2026-01-23 17:15:46       0m 34s  ...               61.84         1.56
41  2026-01-23 17:16:20       0m 33s  ...               46.89         1.19
42  2026-01-23 17:16:54       0m 38s  ...               80.70         2.32
43  2026-01-23 17:17:32       0m 27s  ...                2.90         0.07
44  2026-01-23 17:17:59       0m 27s  ...               11.56         0.29
45  2026-01-23 17:18:27       0m 27s  ...                4.11         0.11
46  2026-01-23 17:18:55       0m 27s  ...               11.45         0.30
47  2026-01-23 17:19:22       0m 27s  ...               11.80         0.25
48  2026-01-23 17:19:50       0m 27s  ...                6.42         0.18
49  2026-01-23 17:20:17       0m 26s  ...                0.78         0.02
50  2026-01-23 17:20:43       0m 37s  ...               83.75         2.58
51  2026-01-23 17:21:21       0m 35s  ...               77.72         2.05
52  2026-01-23 17:21:57       0m 28s  ...                8.96         0.25
53  2026-01-23 17:22:26       0m 26s  ...                1.10         0.03
54  2026-01-23 17:22:52       0m 30s  ...               11.49         0.28
55  2026-01-23 17:23:23       0m 38s  ...               55.20         1.46
56  2026-01-23 17:24:02       0m 33s  ...               34.44         0.83
57  2026-01-23 17:24:36       0m 30s  ...                4.27         0.10
58  2026-01-23 17:25:07       0m 31s  ...                8.15         0.18
59  2026-01-23 17:25:38       0m 43s  ...               86.63         2.58

[60 rows x 24 columns]
              timestamp time_elapsed  ... severity_rate_patch Gradient_sr2
0   2026-01-23 16:56:44       0m 25s  ...                1.74         0.04
1   2026-01-23 16:57:10       0m 26s  ...                4.36         0.11
2   2026-01-23 16:57:36       0m 26s  ...                0.85         0.02
3   2026-01-23 16:58:03       0m 29s  ...               25.47         0.67
4   2026-01-23 16:58:33       0m 31s  ...               37.39         0.99
..                  ...          ...  ...                 ...          ...
56  2026-01-23 17:24:02       0m 33s  ...               34.44         0.83
57  2026-01-23 17:24:36       0m 30s  ...                4.27         0.10
58  2026-01-23 17:25:07       0m 31s  ...                8.15         0.18
59  2026-01-23 17:25:38       0m 43s  ...               86.63         2.58
60  2026-01-23 17:26:22       0m 29s  ...                0.61         0.02

[61 rows x 24 columns]
              timestamp time_elapsed  ... severity_rate_patch Gradient_sr2
0   2026-01-23 16:56:44       0m 25s  ...                1.74         0.04
1   2026-01-23 16:57:10       0m 26s  ...                4.36         0.11
2   2026-01-23 16:57:36       0m 26s  ...                0.85         0.02
3   2026-01-23 16:58:03       0m 29s  ...               25.47         0.67
4   2026-01-23 16:58:33       0m 31s  ...               37.39         0.99
..                  ...          ...  ...                 ...          ...
57  2026-01-23 17:24:36       0m 30s  ...                4.27         0.10
58  2026-01-23 17:25:07       0m 31s  ...                8.15         0.18
59  2026-01-23 17:25:38       0m 43s  ...               86.63         2.58
60  2026-01-23 17:26:22       0m 29s  ...                0.61         0.02
61  2026-01-23 17:26:51       0m 34s  ...               28.01         0.73

[62 rows x 24 columns]
              timestamp time_elapsed  ... severity_rate_patch Gradient_sr2
0   2026-01-23 16:56:44       0m 25s  ...                1.74         0.04
1   2026-01-23 16:57:10       0m 26s  ...                4.36         0.11
2   2026-01-23 16:57:36       0m 26s  ...                0.85         0.02
3   2026-01-23 16:58:03       0m 29s  ...               25.47         0.67
4   2026-01-23 16:58:33       0m 31s  ...               37.39         0.99
..                  ...          ...  ...                 ...          ...
58  2026-01-23 17:25:07       0m 31s  ...                8.15         0.18
59  2026-01-23 17:25:38       0m 43s  ...               86.63         2.58
60  2026-01-23 17:26:22       0m 29s  ...                0.61         0.02
61  2026-01-23 17:26:51       0m 34s  ...               28.01         0.73
62  2026-01-23 17:27:26       0m 32s  ...               13.12         0.36

[63 rows x 24 columns]
              timestamp time_elapsed  ... severity_rate_patch Gradient_sr2
0   2026-01-23 16:56:44       0m 25s  ...                1.74         0.04
1   2026-01-23 16:57:10       0m 26s  ...                4.36         0.11
2   2026-01-23 16:57:36       0m 26s  ...                0.85         0.02
3   2026-01-23 16:58:03       0m 29s  ...               25.47         0.67
4   2026-01-23 16:58:33       0m 31s  ...               37.39         0.99
..                  ...          ...  ...                 ...          ...
59  2026-01-23 17:25:38       0m 43s  ...               86.63         2.58
60  2026-01-23 17:26:22       0m 29s  ...                0.61         0.02
61  2026-01-23 17:26:51       0m 34s  ...               28.01         0.73
62  2026-01-23 17:27:26       0m 32s  ...               13.12         0.36
63  2026-01-23 17:27:58       0m 31s  ...                2.62         0.07

[64 rows x 24 columns]
              timestamp time_elapsed  ... severity_rate_patch Gradient_sr2
0   2026-01-23 16:56:44       0m 25s  ...                1.74         0.04
1   2026-01-23 16:57:10       0m 26s  ...                4.36         0.11
2   2026-01-23 16:57:36       0m 26s  ...                0.85         0.02
3   2026-01-23 16:58:03       0m 29s  ...               25.47         0.67
4   2026-01-23 16:58:33       0m 31s  ...               37.39         0.99
..                  ...          ...  ...                 ...          ...
60  2026-01-23 17:26:22       0m 29s  ...                0.61         0.02
61  2026-01-23 17:26:51       0m 34s  ...               28.01         0.73
62  2026-01-23 17:27:26       0m 32s  ...               13.12         0.36
63  2026-01-23 17:27:58       0m 31s  ...                2.62         0.07
64  2026-01-23 17:28:29       0m 32s  ...               10.00         0.27

[65 rows x 24 columns]
              timestamp time_elapsed  ... severity_rate_patch Gradient_sr2
0   2026-01-23 16:56:44       0m 25s  ...                1.74         0.04
1   2026-01-23 16:57:10       0m 26s  ...                4.36         0.11
2   2026-01-23 16:57:36       0m 26s  ...                0.85         0.02
3   2026-01-23 16:58:03       0m 29s  ...               25.47         0.67
4   2026-01-23 16:58:33       0m 31s  ...               37.39         0.99
..                  ...          ...  ...                 ...          ...
61  2026-01-23 17:26:51       0m 34s  ...               28.01         0.73
62  2026-01-23 17:27:26       0m 32s  ...               13.12         0.36
63  2026-01-23 17:27:58       0m 31s  ...                2.62         0.07
64  2026-01-23 17:28:29       0m 32s  ...               10.00         0.27
65  2026-01-23 17:29:02       0m 32s  ...                7.64         0.19

[66 rows x 24 columns]
              timestamp time_elapsed  ... severity_rate_patch Gradient_sr2
0   2026-01-23 16:56:44       0m 25s  ...                1.74         0.04
1   2026-01-23 16:57:10       0m 26s  ...                4.36         0.11
2   2026-01-23 16:57:36       0m 26s  ...                0.85         0.02
3   2026-01-23 16:58:03       0m 29s  ...               25.47         0.67
4   2026-01-23 16:58:33       0m 31s  ...               37.39         0.99
..                  ...          ...  ...                 ...          ...
62  2026-01-23 17:27:26       0m 32s  ...               13.12         0.36
63  2026-01-23 17:27:58       0m 31s  ...                2.62         0.07
64  2026-01-23 17:28:29       0m 32s  ...               10.00         0.27
65  2026-01-23 17:29:02       0m 32s  ...                7.64         0.19
66  2026-01-23 17:29:34       0m 37s  ...               53.88         1.50

[67 rows x 24 columns]
              timestamp time_elapsed  ... severity_rate_patch Gradient_sr2
0   2026-01-23 16:56:44       0m 25s  ...                1.74         0.04
1   2026-01-23 16:57:10       0m 26s  ...                4.36         0.11
2   2026-01-23 16:57:36       0m 26s  ...                0.85         0.02
3   2026-01-23 16:58:03       0m 29s  ...               25.47         0.67
4   2026-01-23 16:58:33       0m 31s  ...               37.39         0.99
..                  ...          ...  ...                 ...          ...
63  2026-01-23 17:27:58       0m 31s  ...                2.62         0.07
64  2026-01-23 17:28:29       0m 32s  ...               10.00         0.27
65  2026-01-23 17:29:02       0m 32s  ...                7.64         0.19
66  2026-01-23 17:29:34       0m 37s  ...               53.88         1.50
67  2026-01-23 17:30:12       0m 31s  ...                2.18         0.06

[68 rows x 24 columns]
Traceback (most recent call last):
  File "C:\Users\Intel User\Desktop\blackbird_scripts\code\leaf_correlation_mw.py", line 277, in <module>
    imask = leaf_mask(img, rel_th=rel_th)
  File "C:\Users\Intel User\Desktop\blackbird_scripts\code\analysis\leaf_mask.py", line 43, in leaf_mask
    _, stddev = cv2.meanStdDev(kernel)
KeyboardInterrupt
