[2026-01-23 10:50:56,097] - [root] - [INFO] - leaf_correlation_mw.py
[2026-01-23 10:50:56,097] - [root] - [INFO] - model_type       : ResNet
[2026-01-23 10:50:56,098] - [root] - [INFO] - pretrained       : True
[2026-01-23 10:50:56,098] - [root] - [INFO] - loading_epoch    : 65
[2026-01-23 10:50:56,098] - [root] - [INFO] - timestamp        : Jan22_10-21-00_2026
[2026-01-23 10:50:56,098] - [root] - [INFO] - outdim           : 2
[2026-01-23 10:50:56,098] - [root] - [INFO] - dual_head        : True
[2026-01-23 10:50:56,098] - [root] - [INFO] - model_path       : ../..
[2026-01-23 10:50:56,098] - [root] - [INFO] - step_size        : 224
[2026-01-23 10:50:56,098] - [root] - [INFO] - means            : [0.541, 0.6371, 0.4188]
[2026-01-23 10:50:56,098] - [root] - [INFO] - stds             : [0.1764, 0.165, 0.2326]
[2026-01-23 10:50:56,098] - [root] - [INFO] - target_class     : 1
[2026-01-23 10:50:56,098] - [root] - [INFO] - contam_control   : False
[2026-01-23 10:50:56,098] - [root] - [INFO] - spor_th          : 0.6
[2026-01-23 10:50:56,098] - [root] - [INFO] - inf_gate         : 0.3
[2026-01-23 10:50:56,098] - [root] - [INFO] - pm               : HPM-1269
[2026-01-23 10:50:56,098] - [root] - [INFO] - mps              : False
[2026-01-23 10:50:56,098] - [root] - [INFO] - cuda             : True
[2026-01-23 10:50:56,098] - [root] - [INFO] - cuda_id          : 0
[2026-01-23 10:50:56,099] - [root] - [INFO] - sal_threshold    : 0.5
[2026-01-23 10:50:56,099] - [root] - [INFO] - up_threshold     : 0.6
[2026-01-23 10:50:56,099] - [root] - [INFO] - down_threshold   : 0.1
[2026-01-23 10:50:56,099] - [root] - [INFO] - dataset_path     : C:/Users/Intel User/Desktop/blackbird_scripts/data/human_disk_assessments
[2026-01-23 10:50:56,099] - [root] - [INFO] - img_folder       : 1-22-2026
[2026-01-23 10:50:56,099] - [root] - [INFO] - platform         : BlackBird
[2026-01-23 10:50:56,099] - [root] - [INFO] - threshold        : ['0.7']
[2026-01-23 10:50:56,099] - [root] - [INFO] - log              : ../../results/logs/random.log
[2026-01-23 10:50:56,099] - [root] - [INFO] - dpi              : 5
[2026-01-23 10:50:56,099] - [root] - [INFO] - group            : baseline
[2026-01-23 10:50:56,099] - [root] - [INFO] - trays            : ['5dpi']
[2026-01-23 10:50:56,099] - [root] - [INFO] - sal_gradcam      : False
[2026-01-23 10:50:56,099] - [root] - [INFO] - sal_gradient     : True
[2026-01-23 10:50:56,099] - [root] - [INFO] - sal_smoothgrad   : False
[2026-01-23 10:50:56,099] - [root] - [INFO] - sal_deeplift     : False
[2026-01-23 10:50:56,099] - [root] - [INFO] - sal_thresh_method : fixed
[2026-01-23 10:50:56,099] - [root] - [INFO] - sal_thresh_p     : 95.0
[2026-01-23 10:50:57,124] - [root] - [INFO] - -------------------------------------------
[2026-01-23 10:50:57,124] - [root] - [INFO] - Processing 1-22-2026 5dpi 002-W2021006-081_R1.png
[2026-01-23 10:51:18,217] - [root] - [INFO] - Finished loading mask: 0m 21s
[2026-01-23 10:51:29,327] - [root] - [INFO] - Finished crop and inference: 0m 32s
[2026-01-23 10:51:31,154] - [root] - [INFO] - Analysis finished: 0m 34s
[2026-01-23 10:51:31,154] - [root] - [INFO] - -------------------------------------------
[2026-01-23 10:51:31,154] - [root] - [INFO] - -------------------------------------------
[2026-01-23 10:51:31,154] - [root] - [INFO] - Processing 1-22-2026 5dpi 002-W2021010-336_R2.png
[2026-01-23 10:51:53,557] - [root] - [INFO] - Finished loading mask: 0m 22s
[2026-01-23 10:52:03,147] - [root] - [INFO] - Finished crop and inference: 0m 31s
[2026-01-23 10:52:05,083] - [root] - [INFO] - Analysis finished: 0m 33s
[2026-01-23 10:52:05,083] - [root] - [INFO] - -------------------------------------------
[2026-01-23 10:52:05,083] - [root] - [INFO] - -------------------------------------------
[2026-01-23 10:52:05,083] - [root] - [INFO] - Processing 1-22-2026 5dpi 005-W2021011-592_R2.png
[2026-01-23 10:52:26,785] - [root] - [INFO] - Finished loading mask: 0m 21s
[2026-01-23 10:52:36,981] - [root] - [INFO] - Finished crop and inference: 0m 31s
[2026-01-23 10:52:38,922] - [root] - [INFO] - Analysis finished: 0m 33s
[2026-01-23 10:52:38,922] - [root] - [INFO] - -------------------------------------------
[2026-01-23 10:52:38,922] - [root] - [INFO] - -------------------------------------------
[2026-01-23 10:52:38,923] - [root] - [INFO] - Processing 1-22-2026 5dpi 009-W2021010-311_R2.png
[2026-01-23 10:53:01,679] - [root] - [INFO] - Finished loading mask: 0m 22s
[2026-01-23 10:53:15,195] - [root] - [INFO] - Finished crop and inference: 0m 36s
[2026-01-23 10:53:17,000] - [root] - [INFO] - Analysis finished: 0m 38s
[2026-01-23 10:53:17,000] - [root] - [INFO] - -------------------------------------------
[2026-01-23 10:53:17,000] - [root] - [INFO] - -------------------------------------------
[2026-01-23 10:53:17,000] - [root] - [INFO] - Processing 1-22-2026 5dpi 010-W2021010-347_R2.png
[2026-01-23 10:53:40,563] - [root] - [INFO] - Finished loading mask: 0m 23s
[2026-01-23 10:53:54,132] - [root] - [INFO] - Finished crop and inference: 0m 37s
[2026-01-23 10:53:55,682] - [root] - [INFO] - Analysis finished: 0m 38s
[2026-01-23 10:53:55,682] - [root] - [INFO] - -------------------------------------------
[2026-01-23 10:53:55,683] - [root] - [INFO] - -------------------------------------------
[2026-01-23 10:53:55,683] - [root] - [INFO] - Processing 1-22-2026 5dpi 013-W2021009-172_R2.png
[2026-01-23 10:54:15,843] - [root] - [INFO] - Finished loading mask: 0m 20s
[2026-01-23 10:54:25,149] - [root] - [INFO] - Finished crop and inference: 0m 29s
[2026-01-23 10:54:26,780] - [root] - [INFO] - Analysis finished: 0m 31s
[2026-01-23 10:54:26,780] - [root] - [INFO] - -------------------------------------------
[2026-01-23 10:54:26,781] - [root] - [INFO] - -------------------------------------------
[2026-01-23 10:54:26,781] - [root] - [INFO] - Processing 1-22-2026 5dpi 015-W2021009-160_R1.png
[2026-01-23 10:54:47,429] - [root] - [INFO] - Finished loading mask: 0m 20s
[2026-01-23 10:55:00,721] - [root] - [INFO] - Finished crop and inference: 0m 33s
[2026-01-23 10:55:02,275] - [root] - [INFO] - Analysis finished: 0m 35s
[2026-01-23 10:55:02,277] - [root] - [INFO] - -------------------------------------------
[2026-01-23 10:55:02,277] - [root] - [INFO] - -------------------------------------------
[2026-01-23 10:55:02,277] - [root] - [INFO] - Processing 1-22-2026 5dpi 015-W2021011-633_R1.png
[2026-01-23 10:55:21,647] - [root] - [INFO] - Finished loading mask: 0m 19s
[2026-01-23 10:55:34,158] - [root] - [INFO] - Finished crop and inference: 0m 31s
[2026-01-23 10:55:35,702] - [root] - [INFO] - Analysis finished: 0m 33s
[2026-01-23 10:55:35,702] - [root] - [INFO] - -------------------------------------------
[2026-01-23 10:55:35,702] - [root] - [INFO] - -------------------------------------------
[2026-01-23 10:55:35,702] - [root] - [INFO] - Processing 1-22-2026 5dpi 017-W2021006-612_R2.png
[2026-01-23 10:55:56,159] - [root] - [INFO] - Finished loading mask: 0m 20s
[2026-01-23 10:56:08,469] - [root] - [INFO] - Finished crop and inference: 0m 32s
[2026-01-23 10:56:10,099] - [root] - [INFO] - Analysis finished: 0m 34s
[2026-01-23 10:56:10,099] - [root] - [INFO] - -------------------------------------------
[2026-01-23 10:56:10,099] - [root] - [INFO] - -------------------------------------------
[2026-01-23 10:56:10,099] - [root] - [INFO] - Processing 1-22-2026 5dpi 019-W2021010-428_R2.png
[2026-01-23 10:56:31,547] - [root] - [INFO] - Finished loading mask: 0m 21s
[2026-01-23 10:56:40,760] - [root] - [INFO] - Finished crop and inference: 0m 30s
[2026-01-23 10:56:42,447] - [root] - [INFO] - Analysis finished: 0m 32s
[2026-01-23 10:56:42,447] - [root] - [INFO] - -------------------------------------------
[2026-01-23 10:56:42,447] - [root] - [INFO] - -------------------------------------------
[2026-01-23 10:56:42,447] - [root] - [INFO] - Processing 1-22-2026 5dpi 021-W2021009-175_R1.png
[2026-01-23 10:57:02,924] - [root] - [INFO] - Finished loading mask: 0m 20s
[2026-01-23 10:57:13,553] - [root] - [INFO] - Finished crop and inference: 0m 31s
[2026-01-23 10:57:15,347] - [root] - [INFO] - Analysis finished: 0m 32s
[2026-01-23 10:57:15,348] - [root] - [INFO] - -------------------------------------------
[2026-01-23 10:57:15,348] - [root] - [INFO] - -------------------------------------------
[2026-01-23 10:57:15,348] - [root] - [INFO] - Processing 1-22-2026 5dpi 022-W2021009-198_R2.png
[2026-01-23 10:57:39,436] - [root] - [INFO] - Finished loading mask: 0m 24s
[2026-01-23 10:57:51,957] - [root] - [INFO] - Finished crop and inference: 0m 36s
[2026-01-23 10:57:53,611] - [root] - [INFO] - Analysis finished: 0m 38s
[2026-01-23 10:57:53,611] - [root] - [INFO] - -------------------------------------------
[2026-01-23 10:57:53,611] - [root] - [INFO] - -------------------------------------------
[2026-01-23 10:57:53,611] - [root] - [INFO] - Processing 1-22-2026 5dpi 023-W2021006-049_R1.png
[2026-01-23 10:58:13,107] - [root] - [INFO] - Finished loading mask: 0m 19s
[2026-01-23 10:58:24,514] - [root] - [INFO] - Finished crop and inference: 0m 30s
[2026-01-23 10:58:26,107] - [root] - [INFO] - Analysis finished: 0m 32s
[2026-01-23 10:58:26,107] - [root] - [INFO] - -------------------------------------------
[2026-01-23 10:58:26,109] - [root] - [INFO] - -------------------------------------------
[2026-01-23 10:58:26,109] - [root] - [INFO] - Processing 1-22-2026 5dpi 023-W2021010-305_R2.png
[2026-01-23 10:58:46,435] - [root] - [INFO] - Finished loading mask: 0m 20s
[2026-01-23 10:58:57,132] - [root] - [INFO] - Finished crop and inference: 0m 31s
[2026-01-23 10:58:58,724] - [root] - [INFO] - Analysis finished: 0m 32s
[2026-01-23 10:58:58,724] - [root] - [INFO] - -------------------------------------------
[2026-01-23 10:58:58,727] - [root] - [INFO] - -------------------------------------------
[2026-01-23 10:58:58,727] - [root] - [INFO] - Processing 1-22-2026 5dpi 026-W2021009-622_R2.png
[2026-01-23 10:59:18,805] - [root] - [INFO] - Finished loading mask: 0m 20s
[2026-01-23 10:59:32,456] - [root] - [INFO] - Finished crop and inference: 0m 33s
[2026-01-23 10:59:34,042] - [root] - [INFO] - Analysis finished: 0m 35s
[2026-01-23 10:59:34,042] - [root] - [INFO] - -------------------------------------------
[2026-01-23 10:59:34,042] - [root] - [INFO] - -------------------------------------------
[2026-01-23 10:59:34,042] - [root] - [INFO] - Processing 1-22-2026 5dpi 032-W2021006-041_R2.png
[2026-01-23 10:59:54,114] - [root] - [INFO] - Finished loading mask: 0m 20s
[2026-01-23 11:00:06,650] - [root] - [INFO] - Finished crop and inference: 0m 32s
[2026-01-23 11:00:08,157] - [root] - [INFO] - Analysis finished: 0m 34s
[2026-01-23 11:00:08,157] - [root] - [INFO] - -------------------------------------------
[2026-01-23 11:00:08,159] - [root] - [INFO] - -------------------------------------------
[2026-01-23 11:00:08,159] - [root] - [INFO] - Processing 1-22-2026 5dpi 032-W2021009-155_R1.png
[2026-01-23 11:00:27,772] - [root] - [INFO] - Finished loading mask: 0m 19s
[2026-01-23 11:00:50,009] - [root] - [INFO] - Finished crop and inference: 0m 41s
[2026-01-23 11:00:51,535] - [root] - [INFO] - Analysis finished: 0m 43s
[2026-01-23 11:00:51,535] - [root] - [INFO] - -------------------------------------------
[2026-01-23 11:00:51,535] - [root] - [INFO] - -------------------------------------------
[2026-01-23 11:00:51,535] - [root] - [INFO] - Processing 1-22-2026 5dpi 036-W2021006-047_R2.png
[2026-01-23 11:01:10,800] - [root] - [INFO] - Finished loading mask: 0m 19s
[2026-01-23 11:01:19,759] - [root] - [INFO] - Finished crop and inference: 0m 28s
[2026-01-23 11:01:21,371] - [root] - [INFO] - Analysis finished: 0m 29s
[2026-01-23 11:01:21,371] - [root] - [INFO] - -------------------------------------------
[2026-01-23 11:01:21,371] - [root] - [INFO] - -------------------------------------------
[2026-01-23 11:01:21,371] - [root] - [INFO] - Processing 1-22-2026 5dpi 040-W2021009-207_R1.png
[2026-01-23 11:01:40,573] - [root] - [INFO] - Finished loading mask: 0m 19s
[2026-01-23 11:01:52,499] - [root] - [INFO] - Finished crop and inference: 0m 31s
[2026-01-23 11:01:54,078] - [root] - [INFO] - Analysis finished: 0m 32s
[2026-01-23 11:01:54,078] - [root] - [INFO] - -------------------------------------------
[2026-01-23 11:01:54,078] - [root] - [INFO] - -------------------------------------------
[2026-01-23 11:01:54,078] - [root] - [INFO] - Processing 1-22-2026 5dpi 042-W2021010-429_R1.png
[2026-01-23 11:02:13,299] - [root] - [INFO] - Finished loading mask: 0m 19s
[2026-01-23 11:02:31,093] - [root] - [INFO] - Finished crop and inference: 0m 37s
             timestamp time_elapsed  ... severity_rate_patch Gradient_sr2
0  2026-01-23 10:50:57       0m 34s  ...                1.74         0.04

[1 rows x 24 columns]
             timestamp time_elapsed  ... severity_rate_patch Gradient_sr2
0  2026-01-23 10:50:57       0m 34s  ...                1.74         0.04
1  2026-01-23 10:51:31       0m 33s  ...                4.36         0.11

[2 rows x 24 columns]
             timestamp time_elapsed  ... severity_rate_patch Gradient_sr2
0  2026-01-23 10:50:57       0m 34s  ...                1.74         0.04
1  2026-01-23 10:51:31       0m 33s  ...                4.36         0.11
2  2026-01-23 10:52:05       0m 33s  ...                0.85         0.02

[3 rows x 24 columns]
             timestamp time_elapsed  ... severity_rate_patch Gradient_sr2
0  2026-01-23 10:50:57       0m 34s  ...                1.74         0.04
1  2026-01-23 10:51:31       0m 33s  ...                4.36         0.11
2  2026-01-23 10:52:05       0m 33s  ...                0.85         0.02
3  2026-01-23 10:52:38       0m 38s  ...               25.47         0.67

[4 rows x 24 columns]
             timestamp time_elapsed  ... severity_rate_patch Gradient_sr2
0  2026-01-23 10:50:57       0m 34s  ...                1.74         0.04
1  2026-01-23 10:51:31       0m 33s  ...                4.36         0.11
2  2026-01-23 10:52:05       0m 33s  ...                0.85         0.02
3  2026-01-23 10:52:38       0m 38s  ...               25.47         0.67
4  2026-01-23 10:53:17       0m 38s  ...               37.39         0.99

[5 rows x 24 columns]
             timestamp time_elapsed  ... severity_rate_patch Gradient_sr2
0  2026-01-23 10:50:57       0m 34s  ...                1.74         0.04
1  2026-01-23 10:51:31       0m 33s  ...                4.36         0.11
2  2026-01-23 10:52:05       0m 33s  ...                0.85         0.02
3  2026-01-23 10:52:38       0m 38s  ...               25.47         0.67
4  2026-01-23 10:53:17       0m 38s  ...               37.39         0.99
5  2026-01-23 10:53:55       0m 31s  ...                0.45         0.01

[6 rows x 24 columns]
             timestamp time_elapsed  ... severity_rate_patch Gradient_sr2
0  2026-01-23 10:50:57       0m 34s  ...                1.74         0.04
1  2026-01-23 10:51:31       0m 33s  ...                4.36         0.11
2  2026-01-23 10:52:05       0m 33s  ...                0.85         0.02
3  2026-01-23 10:52:38       0m 38s  ...               25.47         0.67
4  2026-01-23 10:53:17       0m 38s  ...               37.39         0.99
5  2026-01-23 10:53:55       0m 31s  ...                0.45         0.01
6  2026-01-23 10:54:26       0m 35s  ...               38.62         0.91

[7 rows x 24 columns]
             timestamp time_elapsed  ... severity_rate_patch Gradient_sr2
0  2026-01-23 10:50:57       0m 34s  ...                1.74         0.04
1  2026-01-23 10:51:31       0m 33s  ...                4.36         0.11
2  2026-01-23 10:52:05       0m 33s  ...                0.85         0.02
3  2026-01-23 10:52:38       0m 38s  ...               25.47         0.67
4  2026-01-23 10:53:17       0m 38s  ...               37.39         0.99
5  2026-01-23 10:53:55       0m 31s  ...                0.45         0.01
6  2026-01-23 10:54:26       0m 35s  ...               38.62         0.91
7  2026-01-23 10:55:02       0m 33s  ...               19.86         0.56

[8 rows x 24 columns]
             timestamp time_elapsed  ... severity_rate_patch Gradient_sr2
0  2026-01-23 10:50:57       0m 34s  ...                1.74         0.04
1  2026-01-23 10:51:31       0m 33s  ...                4.36         0.11
2  2026-01-23 10:52:05       0m 33s  ...                0.85         0.02
3  2026-01-23 10:52:38       0m 38s  ...               25.47         0.67
4  2026-01-23 10:53:17       0m 38s  ...               37.39         0.99
5  2026-01-23 10:53:55       0m 31s  ...                0.45         0.01
6  2026-01-23 10:54:26       0m 35s  ...               38.62         0.91
7  2026-01-23 10:55:02       0m 33s  ...               19.86         0.56
8  2026-01-23 10:55:35       0m 34s  ...               39.61         1.05

[9 rows x 24 columns]
             timestamp time_elapsed  ... severity_rate_patch Gradient_sr2
0  2026-01-23 10:50:57       0m 34s  ...                1.74         0.04
1  2026-01-23 10:51:31       0m 33s  ...                4.36         0.11
2  2026-01-23 10:52:05       0m 33s  ...                0.85         0.02
3  2026-01-23 10:52:38       0m 38s  ...               25.47         0.67
4  2026-01-23 10:53:17       0m 38s  ...               37.39         0.99
5  2026-01-23 10:53:55       0m 31s  ...                0.45         0.01
6  2026-01-23 10:54:26       0m 35s  ...               38.62         0.91
7  2026-01-23 10:55:02       0m 33s  ...               19.86         0.56
8  2026-01-23 10:55:35       0m 34s  ...               39.61         1.05
9  2026-01-23 10:56:10       0m 32s  ...                1.79         0.05

[10 rows x 24 columns]
              timestamp time_elapsed  ... severity_rate_patch Gradient_sr2
0   2026-01-23 10:50:57       0m 34s  ...                1.74         0.04
1   2026-01-23 10:51:31       0m 33s  ...                4.36         0.11
2   2026-01-23 10:52:05       0m 33s  ...                0.85         0.02
3   2026-01-23 10:52:38       0m 38s  ...               25.47         0.67
4   2026-01-23 10:53:17       0m 38s  ...               37.39         0.99
5   2026-01-23 10:53:55       0m 31s  ...                0.45         0.01
6   2026-01-23 10:54:26       0m 35s  ...               38.62         0.91
7   2026-01-23 10:55:02       0m 33s  ...               19.86         0.56
8   2026-01-23 10:55:35       0m 34s  ...               39.61         1.05
9   2026-01-23 10:56:10       0m 32s  ...                1.79         0.05
10  2026-01-23 10:56:42       0m 32s  ...                2.79         0.07

[11 rows x 24 columns]
              timestamp time_elapsed  ... severity_rate_patch Gradient_sr2
0   2026-01-23 10:50:57       0m 34s  ...                1.74         0.04
1   2026-01-23 10:51:31       0m 33s  ...                4.36         0.11
2   2026-01-23 10:52:05       0m 33s  ...                0.85         0.02
3   2026-01-23 10:52:38       0m 38s  ...               25.47         0.67
4   2026-01-23 10:53:17       0m 38s  ...               37.39         0.99
5   2026-01-23 10:53:55       0m 31s  ...                0.45         0.01
6   2026-01-23 10:54:26       0m 35s  ...               38.62         0.91
7   2026-01-23 10:55:02       0m 33s  ...               19.86         0.56
8   2026-01-23 10:55:35       0m 34s  ...               39.61         1.05
9   2026-01-23 10:56:10       0m 32s  ...                1.79         0.05
10  2026-01-23 10:56:42       0m 32s  ...                2.79         0.07
11  2026-01-23 10:57:15       0m 38s  ...               20.77         0.49

[12 rows x 24 columns]
              timestamp time_elapsed  ... severity_rate_patch Gradient_sr2
0   2026-01-23 10:50:57       0m 34s  ...                1.74         0.04
1   2026-01-23 10:51:31       0m 33s  ...                4.36         0.11
2   2026-01-23 10:52:05       0m 33s  ...                0.85         0.02
3   2026-01-23 10:52:38       0m 38s  ...               25.47         0.67
4   2026-01-23 10:53:17       0m 38s  ...               37.39         0.99
5   2026-01-23 10:53:55       0m 31s  ...                0.45         0.01
6   2026-01-23 10:54:26       0m 35s  ...               38.62         0.91
7   2026-01-23 10:55:02       0m 33s  ...               19.86         0.56
8   2026-01-23 10:55:35       0m 34s  ...               39.61         1.05
9   2026-01-23 10:56:10       0m 32s  ...                1.79         0.05
10  2026-01-23 10:56:42       0m 32s  ...                2.79         0.07
11  2026-01-23 10:57:15       0m 38s  ...               20.77         0.49
12  2026-01-23 10:57:53       0m 32s  ...               20.60         0.51

[13 rows x 24 columns]
[2026-01-23 11:02:32,657] - [root] - [INFO] - Analysis finished: 0m 38s
[2026-01-23 11:02:32,657] - [root] - [INFO] - -------------------------------------------
[2026-01-23 11:02:32,659] - [root] - [INFO] - -------------------------------------------
[2026-01-23 11:02:32,659] - [root] - [INFO] - Processing 1-22-2026 5dpi 044-W2021009-169_R2.png
[2026-01-23 11:02:51,760] - [root] - [INFO] - Finished loading mask: 0m 19s
[2026-01-23 11:03:00,846] - [root] - [INFO] - Finished crop and inference: 0m 28s
[2026-01-23 11:03:02,481] - [root] - [INFO] - Analysis finished: 0m 29s
[2026-01-23 11:03:02,481] - [root] - [INFO] - -------------------------------------------
[2026-01-23 11:03:02,481] - [root] - [INFO] - -------------------------------------------
[2026-01-23 11:03:02,481] - [root] - [INFO] - Processing 1-22-2026 5dpi 044-W2021009-618_R1.png
[2026-01-23 11:03:22,072] - [root] - [INFO] - Finished loading mask: 0m 19s
[2026-01-23 11:03:33,550] - [root] - [INFO] - Finished crop and inference: 0m 31s
[2026-01-23 11:03:35,110] - [root] - [INFO] - Analysis finished: 0m 32s
[2026-01-23 11:03:35,111] - [root] - [INFO] - -------------------------------------------
[2026-01-23 11:03:35,111] - [root] - [INFO] - -------------------------------------------
[2026-01-23 11:03:35,111] - [root] - [INFO] - Processing 1-22-2026 5dpi 047-W2021011-482_R1.png
[2026-01-23 11:03:54,704] - [root] - [INFO] - Finished loading mask: 0m 19s
[2026-01-23 11:04:08,983] - [root] - [INFO] - Finished crop and inference: 0m 33s
[2026-01-23 11:04:10,578] - [root] - [INFO] - Analysis finished: 0m 35s
[2026-01-23 11:04:10,578] - [root] - [INFO] - -------------------------------------------
[2026-01-23 11:04:10,578] - [root] - [INFO] - -------------------------------------------
[2026-01-23 11:04:10,578] - [root] - [INFO] - Processing 1-22-2026 5dpi 048-W2021006-147_R1.png
[2026-01-23 11:04:29,976] - [root] - [INFO] - Finished loading mask: 0m 19s
[2026-01-23 11:04:37,007] - [root] - [INFO] - Finished crop and inference: 0m 26s
              timestamp time_elapsed  ... severity_rate_patch Gradient_sr2
0   2026-01-23 10:50:57       0m 34s  ...                1.74         0.04
1   2026-01-23 10:51:31       0m 33s  ...                4.36         0.11
2   2026-01-23 10:52:05       0m 33s  ...                0.85         0.02
3   2026-01-23 10:52:38       0m 38s  ...               25.47         0.67
4   2026-01-23 10:53:17       0m 38s  ...               37.39         0.99
5   2026-01-23 10:53:55       0m 31s  ...                0.45         0.01
6   2026-01-23 10:54:26       0m 35s  ...               38.62         0.91
7   2026-01-23 10:55:02       0m 33s  ...               19.86         0.56
8   2026-01-23 10:55:35       0m 34s  ...               39.61         1.05
9   2026-01-23 10:56:10       0m 32s  ...                1.79         0.05
10  2026-01-23 10:56:42       0m 32s  ...                2.79         0.07
11  2026-01-23 10:57:15       0m 38s  ...               20.77         0.49
12  2026-01-23 10:57:53       0m 32s  ...               20.60         0.51
13  2026-01-23 10:58:26       0m 32s  ...               15.28         0.35

[14 rows x 24 columns]
              timestamp time_elapsed  ... severity_rate_patch Gradient_sr2
0   2026-01-23 10:50:57       0m 34s  ...                1.74         0.04
1   2026-01-23 10:51:31       0m 33s  ...                4.36         0.11
2   2026-01-23 10:52:05       0m 33s  ...                0.85         0.02
3   2026-01-23 10:52:38       0m 38s  ...               25.47         0.67
4   2026-01-23 10:53:17       0m 38s  ...               37.39         0.99
5   2026-01-23 10:53:55       0m 31s  ...                0.45         0.01
6   2026-01-23 10:54:26       0m 35s  ...               38.62         0.91
7   2026-01-23 10:55:02       0m 33s  ...               19.86         0.56
8   2026-01-23 10:55:35       0m 34s  ...               39.61         1.05
9   2026-01-23 10:56:10       0m 32s  ...                1.79         0.05
10  2026-01-23 10:56:42       0m 32s  ...                2.79         0.07
11  2026-01-23 10:57:15       0m 38s  ...               20.77         0.49
12  2026-01-23 10:57:53       0m 32s  ...               20.60         0.51
13  2026-01-23 10:58:26       0m 32s  ...               15.28         0.35
14  2026-01-23 10:58:58       0m 35s  ...               30.18         0.79

[15 rows x 24 columns]
              timestamp time_elapsed  ... severity_rate_patch Gradient_sr2
0   2026-01-23 10:50:57       0m 34s  ...                1.74         0.04
1   2026-01-23 10:51:31       0m 33s  ...                4.36         0.11
2   2026-01-23 10:52:05       0m 33s  ...                0.85         0.02
3   2026-01-23 10:52:38       0m 38s  ...               25.47         0.67
4   2026-01-23 10:53:17       0m 38s  ...               37.39         0.99
5   2026-01-23 10:53:55       0m 31s  ...                0.45         0.01
6   2026-01-23 10:54:26       0m 35s  ...               38.62         0.91
7   2026-01-23 10:55:02       0m 33s  ...               19.86         0.56
8   2026-01-23 10:55:35       0m 34s  ...               39.61         1.05
9   2026-01-23 10:56:10       0m 32s  ...                1.79         0.05
10  2026-01-23 10:56:42       0m 32s  ...                2.79         0.07
11  2026-01-23 10:57:15       0m 38s  ...               20.77         0.49
12  2026-01-23 10:57:53       0m 32s  ...               20.60         0.51
13  2026-01-23 10:58:26       0m 32s  ...               15.28         0.35
14  2026-01-23 10:58:58       0m 35s  ...               30.18         0.79
15  2026-01-23 10:59:34       0m 34s  ...               19.25         0.48

[16 rows x 24 columns]
              timestamp time_elapsed  ... severity_rate_patch Gradient_sr2
0   2026-01-23 10:50:57       0m 34s  ...                1.74         0.04
1   2026-01-23 10:51:31       0m 33s  ...                4.36         0.11
2   2026-01-23 10:52:05       0m 33s  ...                0.85         0.02
3   2026-01-23 10:52:38       0m 38s  ...               25.47         0.67
4   2026-01-23 10:53:17       0m 38s  ...               37.39         0.99
5   2026-01-23 10:53:55       0m 31s  ...                0.45         0.01
6   2026-01-23 10:54:26       0m 35s  ...               38.62         0.91
7   2026-01-23 10:55:02       0m 33s  ...               19.86         0.56
8   2026-01-23 10:55:35       0m 34s  ...               39.61         1.05
9   2026-01-23 10:56:10       0m 32s  ...                1.79         0.05
10  2026-01-23 10:56:42       0m 32s  ...                2.79         0.07
11  2026-01-23 10:57:15       0m 38s  ...               20.77         0.49
12  2026-01-23 10:57:53       0m 32s  ...               20.60         0.51
13  2026-01-23 10:58:26       0m 32s  ...               15.28         0.35
14  2026-01-23 10:58:58       0m 35s  ...               30.18         0.79
15  2026-01-23 10:59:34       0m 34s  ...               19.25         0.48
16  2026-01-23 11:00:08       0m 43s  ...               85.84         2.58

[17 rows x 24 columns]
              timestamp time_elapsed  ... severity_rate_patch Gradient_sr2
0   2026-01-23 10:50:57       0m 34s  ...                1.74         0.04
1   2026-01-23 10:51:31       0m 33s  ...                4.36         0.11
2   2026-01-23 10:52:05       0m 33s  ...                0.85         0.02
3   2026-01-23 10:52:38       0m 38s  ...               25.47         0.67
4   2026-01-23 10:53:17       0m 38s  ...               37.39         0.99
5   2026-01-23 10:53:55       0m 31s  ...                0.45         0.01
6   2026-01-23 10:54:26       0m 35s  ...               38.62         0.91
7   2026-01-23 10:55:02       0m 33s  ...               19.86         0.56
8   2026-01-23 10:55:35       0m 34s  ...               39.61         1.05
9   2026-01-23 10:56:10       0m 32s  ...                1.79         0.05
10  2026-01-23 10:56:42       0m 32s  ...                2.79         0.07
11  2026-01-23 10:57:15       0m 38s  ...               20.77         0.49
12  2026-01-23 10:57:53       0m 32s  ...               20.60         0.51
13  2026-01-23 10:58:26       0m 32s  ...               15.28         0.35
14  2026-01-23 10:58:58       0m 35s  ...               30.18         0.79
15  2026-01-23 10:59:34       0m 34s  ...               19.25         0.48
16  2026-01-23 11:00:08       0m 43s  ...               85.84         2.58
17  2026-01-23 11:00:51       0m 29s  ...                0.76         0.02

[18 rows x 24 columns]
              timestamp time_elapsed  ... severity_rate_patch Gradient_sr2
0   2026-01-23 10:50:57       0m 34s  ...                1.74         0.04
1   2026-01-23 10:51:31       0m 33s  ...                4.36         0.11
2   2026-01-23 10:52:05       0m 33s  ...                0.85         0.02
3   2026-01-23 10:52:38       0m 38s  ...               25.47         0.67
4   2026-01-23 10:53:17       0m 38s  ...               37.39         0.99
5   2026-01-23 10:53:55       0m 31s  ...                0.45         0.01
6   2026-01-23 10:54:26       0m 35s  ...               38.62         0.91
7   2026-01-23 10:55:02       0m 33s  ...               19.86         0.56
8   2026-01-23 10:55:35       0m 34s  ...               39.61         1.05
9   2026-01-23 10:56:10       0m 32s  ...                1.79         0.05
10  2026-01-23 10:56:42       0m 32s  ...                2.79         0.07
11  2026-01-23 10:57:15       0m 38s  ...               20.77         0.49
12  2026-01-23 10:57:53       0m 32s  ...               20.60         0.51
13  2026-01-23 10:58:26       0m 32s  ...               15.28         0.35
14  2026-01-23 10:58:58       0m 35s  ...               30.18         0.79
15  2026-01-23 10:59:34       0m 34s  ...               19.25         0.48
16  2026-01-23 11:00:08       0m 43s  ...               85.84         2.58
17  2026-01-23 11:00:51       0m 29s  ...                0.76         0.02
18  2026-01-23 11:01:21       0m 32s  ...               23.22         0.57

[19 rows x 24 columns]
[2026-01-23 11:04:38,709] - [root] - [INFO] - Analysis finished: 0m 28s
[2026-01-23 11:04:38,709] - [root] - [INFO] - -------------------------------------------
[2026-01-23 11:04:38,709] - [root] - [INFO] - -------------------------------------------
[2026-01-23 11:04:38,711] - [root] - [INFO] - Processing 1-22-2026 5dpi 052-W2021006-004_R2.png
[2026-01-23 11:04:57,900] - [root] - [INFO] - Finished loading mask: 0m 19s
[2026-01-23 11:05:06,242] - [root] - [INFO] - Finished crop and inference: 0m 27s
[2026-01-23 11:05:07,844] - [root] - [INFO] - Analysis finished: 0m 29s
[2026-01-23 11:05:07,844] - [root] - [INFO] - -------------------------------------------
[2026-01-23 11:05:07,844] - [root] - [INFO] - -------------------------------------------
[2026-01-23 11:05:07,844] - [root] - [INFO] - Processing 1-22-2026 5dpi 055-W2021010-341_R2.png
[2026-01-23 11:05:27,703] - [root] - [INFO] - Finished loading mask: 0m 19s
[2026-01-23 11:05:37,405] - [root] - [INFO] - Finished crop and inference: 0m 29s
[2026-01-23 11:05:38,955] - [root] - [INFO] - Analysis finished: 0m 31s
[2026-01-23 11:05:38,955] - [root] - [INFO] - -------------------------------------------
[2026-01-23 11:05:38,955] - [root] - [INFO] - -------------------------------------------
[2026-01-23 11:05:38,955] - [root] - [INFO] - Processing 1-22-2026 5dpi 055-W2021010-397_R2.png
[2026-01-23 11:05:59,097] - [root] - [INFO] - Finished loading mask: 0m 20s
[2026-01-23 11:06:10,130] - [root] - [INFO] - Finished crop and inference: 0m 31s
[2026-01-23 11:06:11,736] - [root] - [INFO] - Analysis finished: 0m 32s
[2026-01-23 11:06:11,736] - [root] - [INFO] - -------------------------------------------
[2026-01-23 11:06:11,736] - [root] - [INFO] - -------------------------------------------
[2026-01-23 11:06:11,736] - [root] - [INFO] - Processing 1-22-2026 5dpi 056-W2021006-609_R1.png
[2026-01-23 11:06:31,230] - [root] - [INFO] - Finished loading mask: 0m 19s
[2026-01-23 11:06:44,775] - [root] - [INFO] - Finished crop and inference: 0m 33s
              timestamp time_elapsed  ... severity_rate_patch Gradient_sr2
0   2026-01-23 10:50:57       0m 34s  ...                1.74         0.04
1   2026-01-23 10:51:31       0m 33s  ...                4.36         0.11
2   2026-01-23 10:52:05       0m 33s  ...                0.85         0.02
3   2026-01-23 10:52:38       0m 38s  ...               25.47         0.67
4   2026-01-23 10:53:17       0m 38s  ...               37.39         0.99
5   2026-01-23 10:53:55       0m 31s  ...                0.45         0.01
6   2026-01-23 10:54:26       0m 35s  ...               38.62         0.91
7   2026-01-23 10:55:02       0m 33s  ...               19.86         0.56
8   2026-01-23 10:55:35       0m 34s  ...               39.61         1.05
9   2026-01-23 10:56:10       0m 32s  ...                1.79         0.05
10  2026-01-23 10:56:42       0m 32s  ...                2.79         0.07
11  2026-01-23 10:57:15       0m 38s  ...               20.77         0.49
12  2026-01-23 10:57:53       0m 32s  ...               20.60         0.51
13  2026-01-23 10:58:26       0m 32s  ...               15.28         0.35
14  2026-01-23 10:58:58       0m 35s  ...               30.18         0.79
15  2026-01-23 10:59:34       0m 34s  ...               19.25         0.48
16  2026-01-23 11:00:08       0m 43s  ...               85.84         2.58
17  2026-01-23 11:00:51       0m 29s  ...                0.76         0.02
18  2026-01-23 11:01:21       0m 32s  ...               23.22         0.57
19  2026-01-23 11:01:54       0m 38s  ...               62.76         1.72

[20 rows x 24 columns]
              timestamp time_elapsed  ... severity_rate_patch Gradient_sr2
0   2026-01-23 10:50:57       0m 34s  ...                1.74         0.04
1   2026-01-23 10:51:31       0m 33s  ...                4.36         0.11
2   2026-01-23 10:52:05       0m 33s  ...                0.85         0.02
3   2026-01-23 10:52:38       0m 38s  ...               25.47         0.67
4   2026-01-23 10:53:17       0m 38s  ...               37.39         0.99
5   2026-01-23 10:53:55       0m 31s  ...                0.45         0.01
6   2026-01-23 10:54:26       0m 35s  ...               38.62         0.91
7   2026-01-23 10:55:02       0m 33s  ...               19.86         0.56
8   2026-01-23 10:55:35       0m 34s  ...               39.61         1.05
9   2026-01-23 10:56:10       0m 32s  ...                1.79         0.05
10  2026-01-23 10:56:42       0m 32s  ...                2.79         0.07
11  2026-01-23 10:57:15       0m 38s  ...               20.77         0.49
12  2026-01-23 10:57:53       0m 32s  ...               20.60         0.51
13  2026-01-23 10:58:26       0m 32s  ...               15.28         0.35
14  2026-01-23 10:58:58       0m 35s  ...               30.18         0.79
15  2026-01-23 10:59:34       0m 34s  ...               19.25         0.48
16  2026-01-23 11:00:08       0m 43s  ...               85.84         2.58
17  2026-01-23 11:00:51       0m 29s  ...                0.76         0.02
18  2026-01-23 11:01:21       0m 32s  ...               23.22         0.57
19  2026-01-23 11:01:54       0m 38s  ...               62.76         1.72
20  2026-01-23 11:02:32       0m 29s  ...                1.10         0.03

[21 rows x 24 columns]
              timestamp time_elapsed  ... severity_rate_patch Gradient_sr2
0   2026-01-23 10:50:57       0m 34s  ...                1.74         0.04
1   2026-01-23 10:51:31       0m 33s  ...                4.36         0.11
2   2026-01-23 10:52:05       0m 33s  ...                0.85         0.02
3   2026-01-23 10:52:38       0m 38s  ...               25.47         0.67
4   2026-01-23 10:53:17       0m 38s  ...               37.39         0.99
5   2026-01-23 10:53:55       0m 31s  ...                0.45         0.01
6   2026-01-23 10:54:26       0m 35s  ...               38.62         0.91
7   2026-01-23 10:55:02       0m 33s  ...               19.86         0.56
8   2026-01-23 10:55:35       0m 34s  ...               39.61         1.05
9   2026-01-23 10:56:10       0m 32s  ...                1.79         0.05
10  2026-01-23 10:56:42       0m 32s  ...                2.79         0.07
11  2026-01-23 10:57:15       0m 38s  ...               20.77         0.49
12  2026-01-23 10:57:53       0m 32s  ...               20.60         0.51
13  2026-01-23 10:58:26       0m 32s  ...               15.28         0.35
14  2026-01-23 10:58:58       0m 35s  ...               30.18         0.79
15  2026-01-23 10:59:34       0m 34s  ...               19.25         0.48
16  2026-01-23 11:00:08       0m 43s  ...               85.84         2.58
17  2026-01-23 11:00:51       0m 29s  ...                0.76         0.02
18  2026-01-23 11:01:21       0m 32s  ...               23.22         0.57
19  2026-01-23 11:01:54       0m 38s  ...               62.76         1.72
20  2026-01-23 11:02:32       0m 29s  ...                1.10         0.03
21  2026-01-23 11:03:02       0m 32s  ...               19.31         0.52

[22 rows x 24 columns]
              timestamp time_elapsed  ... severity_rate_patch Gradient_sr2
0   2026-01-23 10:50:57       0m 34s  ...                1.74         0.04
1   2026-01-23 10:51:31       0m 33s  ...                4.36         0.11
2   2026-01-23 10:52:05       0m 33s  ...                0.85         0.02
3   2026-01-23 10:52:38       0m 38s  ...               25.47         0.67
4   2026-01-23 10:53:17       0m 38s  ...               37.39         0.99
5   2026-01-23 10:53:55       0m 31s  ...                0.45         0.01
6   2026-01-23 10:54:26       0m 35s  ...               38.62         0.91
7   2026-01-23 10:55:02       0m 33s  ...               19.86         0.56
8   2026-01-23 10:55:35       0m 34s  ...               39.61         1.05
9   2026-01-23 10:56:10       0m 32s  ...                1.79         0.05
10  2026-01-23 10:56:42       0m 32s  ...                2.79         0.07
11  2026-01-23 10:57:15       0m 38s  ...               20.77         0.49
12  2026-01-23 10:57:53       0m 32s  ...               20.60         0.51
13  2026-01-23 10:58:26       0m 32s  ...               15.28         0.35
14  2026-01-23 10:58:58       0m 35s  ...               30.18         0.79
15  2026-01-23 10:59:34       0m 34s  ...               19.25         0.48
16  2026-01-23 11:00:08       0m 43s  ...               85.84         2.58
17  2026-01-23 11:00:51       0m 29s  ...                0.76         0.02
18  2026-01-23 11:01:21       0m 32s  ...               23.22         0.57
19  2026-01-23 11:01:54       0m 38s  ...               62.76         1.72
20  2026-01-23 11:02:32       0m 29s  ...                1.10         0.03
21  2026-01-23 11:03:02       0m 32s  ...               19.31         0.52
22  2026-01-23 11:03:35       0m 35s  ...               42.05         1.16

[23 rows x 24 columns]
[2026-01-23 11:06:46,352] - [root] - [INFO] - Analysis finished: 0m 34s
[2026-01-23 11:06:46,352] - [root] - [INFO] - -------------------------------------------
[2026-01-23 11:06:46,352] - [root] - [INFO] - -------------------------------------------
[2026-01-23 11:06:46,352] - [root] - [INFO] - Processing 1-22-2026 5dpi 059-W2021010-434_R1.png
[2026-01-23 11:07:05,640] - [root] - [INFO] - Finished loading mask: 0m 19s
[2026-01-23 11:07:15,479] - [root] - [INFO] - Finished crop and inference: 0m 29s
[2026-01-23 11:07:17,075] - [root] - [INFO] - Analysis finished: 0m 30s
[2026-01-23 11:07:17,075] - [root] - [INFO] - -------------------------------------------
[2026-01-23 11:07:17,075] - [root] - [INFO] - -------------------------------------------
[2026-01-23 11:07:17,075] - [root] - [INFO] - Processing 1-22-2026 5dpi 060-W2021010-324_R2.png
[2026-01-23 11:07:36,910] - [root] - [INFO] - Finished loading mask: 0m 19s
[2026-01-23 11:07:46,281] - [root] - [INFO] - Finished crop and inference: 0m 29s
[2026-01-23 11:07:47,954] - [root] - [INFO] - Analysis finished: 0m 30s
[2026-01-23 11:07:47,954] - [root] - [INFO] - -------------------------------------------
[2026-01-23 11:07:47,954] - [root] - [INFO] - -------------------------------------------
[2026-01-23 11:07:47,954] - [root] - [INFO] - Processing 1-22-2026 5dpi 061-W2021011-483_R1.png
[2026-01-23 11:08:07,392] - [root] - [INFO] - Finished loading mask: 0m 19s
[2026-01-23 11:08:18,133] - [root] - [INFO] - Finished crop and inference: 0m 30s
              timestamp time_elapsed  ... severity_rate_patch Gradient_sr2
0   2026-01-23 10:50:57       0m 34s  ...                1.74         0.04
1   2026-01-23 10:51:31       0m 33s  ...                4.36         0.11
2   2026-01-23 10:52:05       0m 33s  ...                0.85         0.02
3   2026-01-23 10:52:38       0m 38s  ...               25.47         0.67
4   2026-01-23 10:53:17       0m 38s  ...               37.39         0.99
5   2026-01-23 10:53:55       0m 31s  ...                0.45         0.01
6   2026-01-23 10:54:26       0m 35s  ...               38.62         0.91
7   2026-01-23 10:55:02       0m 33s  ...               19.86         0.56
8   2026-01-23 10:55:35       0m 34s  ...               39.61         1.05
9   2026-01-23 10:56:10       0m 32s  ...                1.79         0.05
10  2026-01-23 10:56:42       0m 32s  ...                2.79         0.07
11  2026-01-23 10:57:15       0m 38s  ...               20.77         0.49
12  2026-01-23 10:57:53       0m 32s  ...               20.60         0.51
13  2026-01-23 10:58:26       0m 32s  ...               15.28         0.35
14  2026-01-23 10:58:58       0m 35s  ...               30.18         0.79
15  2026-01-23 10:59:34       0m 34s  ...               19.25         0.48
16  2026-01-23 11:00:08       0m 43s  ...               85.84         2.58
17  2026-01-23 11:00:51       0m 29s  ...                0.76         0.02
18  2026-01-23 11:01:21       0m 32s  ...               23.22         0.57
19  2026-01-23 11:01:54       0m 38s  ...               62.76         1.72
20  2026-01-23 11:02:32       0m 29s  ...                1.10         0.03
21  2026-01-23 11:03:02       0m 32s  ...               19.31         0.52
22  2026-01-23 11:03:35       0m 35s  ...               42.05         1.16
23  2026-01-23 11:04:10       0m 28s  ...                6.56         0.18

[24 rows x 24 columns]
              timestamp time_elapsed  ... severity_rate_patch Gradient_sr2
0   2026-01-23 10:50:57       0m 34s  ...                1.74         0.04
1   2026-01-23 10:51:31       0m 33s  ...                4.36         0.11
2   2026-01-23 10:52:05       0m 33s  ...                0.85         0.02
3   2026-01-23 10:52:38       0m 38s  ...               25.47         0.67
4   2026-01-23 10:53:17       0m 38s  ...               37.39         0.99
5   2026-01-23 10:53:55       0m 31s  ...                0.45         0.01
6   2026-01-23 10:54:26       0m 35s  ...               38.62         0.91
7   2026-01-23 10:55:02       0m 33s  ...               19.86         0.56
8   2026-01-23 10:55:35       0m 34s  ...               39.61         1.05
9   2026-01-23 10:56:10       0m 32s  ...                1.79         0.05
10  2026-01-23 10:56:42       0m 32s  ...                2.79         0.07
11  2026-01-23 10:57:15       0m 38s  ...               20.77         0.49
12  2026-01-23 10:57:53       0m 32s  ...               20.60         0.51
13  2026-01-23 10:58:26       0m 32s  ...               15.28         0.35
14  2026-01-23 10:58:58       0m 35s  ...               30.18         0.79
15  2026-01-23 10:59:34       0m 34s  ...               19.25         0.48
16  2026-01-23 11:00:08       0m 43s  ...               85.84         2.58
17  2026-01-23 11:00:51       0m 29s  ...                0.76         0.02
18  2026-01-23 11:01:21       0m 32s  ...               23.22         0.57
19  2026-01-23 11:01:54       0m 38s  ...               62.76         1.72
20  2026-01-23 11:02:32       0m 29s  ...                1.10         0.03
21  2026-01-23 11:03:02       0m 32s  ...               19.31         0.52
22  2026-01-23 11:03:35       0m 35s  ...               42.05         1.16
23  2026-01-23 11:04:10       0m 28s  ...                6.56         0.18
24  2026-01-23 11:04:38       0m 29s  ...                1.51         0.04

[25 rows x 24 columns]
              timestamp time_elapsed  ... severity_rate_patch Gradient_sr2
0   2026-01-23 10:50:57       0m 34s  ...                1.74         0.04
1   2026-01-23 10:51:31       0m 33s  ...                4.36         0.11
2   2026-01-23 10:52:05       0m 33s  ...                0.85         0.02
3   2026-01-23 10:52:38       0m 38s  ...               25.47         0.67
4   2026-01-23 10:53:17       0m 38s  ...               37.39         0.99
5   2026-01-23 10:53:55       0m 31s  ...                0.45         0.01
6   2026-01-23 10:54:26       0m 35s  ...               38.62         0.91
7   2026-01-23 10:55:02       0m 33s  ...               19.86         0.56
8   2026-01-23 10:55:35       0m 34s  ...               39.61         1.05
9   2026-01-23 10:56:10       0m 32s  ...                1.79         0.05
10  2026-01-23 10:56:42       0m 32s  ...                2.79         0.07
11  2026-01-23 10:57:15       0m 38s  ...               20.77         0.49
12  2026-01-23 10:57:53       0m 32s  ...               20.60         0.51
13  2026-01-23 10:58:26       0m 32s  ...               15.28         0.35
14  2026-01-23 10:58:58       0m 35s  ...               30.18         0.79
15  2026-01-23 10:59:34       0m 34s  ...               19.25         0.48
16  2026-01-23 11:00:08       0m 43s  ...               85.84         2.58
17  2026-01-23 11:00:51       0m 29s  ...                0.76         0.02
18  2026-01-23 11:01:21       0m 32s  ...               23.22         0.57
19  2026-01-23 11:01:54       0m 38s  ...               62.76         1.72
20  2026-01-23 11:02:32       0m 29s  ...                1.10         0.03
21  2026-01-23 11:03:02       0m 32s  ...               19.31         0.52
22  2026-01-23 11:03:35       0m 35s  ...               42.05         1.16
23  2026-01-23 11:04:10       0m 28s  ...                6.56         0.18
24  2026-01-23 11:04:38       0m 29s  ...                1.51         0.04
25  2026-01-23 11:05:07       0m 31s  ...                8.51         0.22

[26 rows x 24 columns]
              timestamp time_elapsed  ... severity_rate_patch Gradient_sr2
0   2026-01-23 10:50:57       0m 34s  ...                1.74         0.04
1   2026-01-23 10:51:31       0m 33s  ...                4.36         0.11
2   2026-01-23 10:52:05       0m 33s  ...                0.85         0.02
3   2026-01-23 10:52:38       0m 38s  ...               25.47         0.67
4   2026-01-23 10:53:17       0m 38s  ...               37.39         0.99
5   2026-01-23 10:53:55       0m 31s  ...                0.45         0.01
6   2026-01-23 10:54:26       0m 35s  ...               38.62         0.91
7   2026-01-23 10:55:02       0m 33s  ...               19.86         0.56
8   2026-01-23 10:55:35       0m 34s  ...               39.61         1.05
9   2026-01-23 10:56:10       0m 32s  ...                1.79         0.05
10  2026-01-23 10:56:42       0m 32s  ...                2.79         0.07
11  2026-01-23 10:57:15       0m 38s  ...               20.77         0.49
12  2026-01-23 10:57:53       0m 32s  ...               20.60         0.51
13  2026-01-23 10:58:26       0m 32s  ...               15.28         0.35
14  2026-01-23 10:58:58       0m 35s  ...               30.18         0.79
15  2026-01-23 10:59:34       0m 34s  ...               19.25         0.48
16  2026-01-23 11:00:08       0m 43s  ...               85.84         2.58
17  2026-01-23 11:00:51       0m 29s  ...                0.76         0.02
18  2026-01-23 11:01:21       0m 32s  ...               23.22         0.57
19  2026-01-23 11:01:54       0m 38s  ...               62.76         1.72
20  2026-01-23 11:02:32       0m 29s  ...                1.10         0.03
21  2026-01-23 11:03:02       0m 32s  ...               19.31         0.52
22  2026-01-23 11:03:35       0m 35s  ...               42.05         1.16
23  2026-01-23 11:04:10       0m 28s  ...                6.56         0.18
24  2026-01-23 11:04:38       0m 29s  ...                1.51         0.04
25  2026-01-23 11:05:07       0m 31s  ...                8.51         0.22
26  2026-01-23 11:05:38       0m 32s  ...               12.12         0.31

[27 rows x 24 columns]
[2026-01-23 11:08:19,730] - [root] - [INFO] - Analysis finished: 0m 31s
[2026-01-23 11:08:19,730] - [root] - [INFO] - -------------------------------------------
[2026-01-23 11:08:19,730] - [root] - [INFO] - -------------------------------------------
[2026-01-23 11:08:19,730] - [root] - [INFO] - Processing 1-22-2026 5dpi 070-W2021011-486_R2.png
[2026-01-23 11:08:39,260] - [root] - [INFO] - Finished loading mask: 0m 19s
[2026-01-23 11:08:50,682] - [root] - [INFO] - Finished crop and inference: 0m 30s
[2026-01-23 11:08:52,297] - [root] - [INFO] - Analysis finished: 0m 32s
[2026-01-23 11:08:52,297] - [root] - [INFO] - -------------------------------------------
[2026-01-23 11:08:52,309] - [root] - [INFO] - -------------------------------------------
[2026-01-23 11:08:52,309] - [root] - [INFO] - Processing 1-22-2026 5dpi 071-W2021010-323_R1.png
[2026-01-23 11:09:11,872] - [root] - [INFO] - Finished loading mask: 0m 19s
[2026-01-23 11:09:29,105] - [root] - [INFO] - Finished crop and inference: 0m 36s
[2026-01-23 11:09:30,685] - [root] - [INFO] - Analysis finished: 0m 38s
[2026-01-23 11:09:30,685] - [root] - [INFO] - -------------------------------------------
[2026-01-23 11:09:30,685] - [root] - [INFO] - -------------------------------------------
[2026-01-23 11:09:30,685] - [root] - [INFO] - Processing 1-22-2026 5dpi 077-W2021010-351_R2.png
[2026-01-23 11:09:50,458] - [root] - [INFO] - Finished loading mask: 0m 19s
[2026-01-23 11:10:00,365] - [root] - [INFO] - Finished crop and inference: 0m 29s
              timestamp time_elapsed  ... severity_rate_patch Gradient_sr2
0   2026-01-23 10:50:57       0m 34s  ...                1.74         0.04
1   2026-01-23 10:51:31       0m 33s  ...                4.36         0.11
2   2026-01-23 10:52:05       0m 33s  ...                0.85         0.02
3   2026-01-23 10:52:38       0m 38s  ...               25.47         0.67
4   2026-01-23 10:53:17       0m 38s  ...               37.39         0.99
5   2026-01-23 10:53:55       0m 31s  ...                0.45         0.01
6   2026-01-23 10:54:26       0m 35s  ...               38.62         0.91
7   2026-01-23 10:55:02       0m 33s  ...               19.86         0.56
8   2026-01-23 10:55:35       0m 34s  ...               39.61         1.05
9   2026-01-23 10:56:10       0m 32s  ...                1.79         0.05
10  2026-01-23 10:56:42       0m 32s  ...                2.79         0.07
11  2026-01-23 10:57:15       0m 38s  ...               20.77         0.49
12  2026-01-23 10:57:53       0m 32s  ...               20.60         0.51
13  2026-01-23 10:58:26       0m 32s  ...               15.28         0.35
14  2026-01-23 10:58:58       0m 35s  ...               30.18         0.79
15  2026-01-23 10:59:34       0m 34s  ...               19.25         0.48
16  2026-01-23 11:00:08       0m 43s  ...               85.84         2.58
17  2026-01-23 11:00:51       0m 29s  ...                0.76         0.02
18  2026-01-23 11:01:21       0m 32s  ...               23.22         0.57
19  2026-01-23 11:01:54       0m 38s  ...               62.76         1.72
20  2026-01-23 11:02:32       0m 29s  ...                1.10         0.03
21  2026-01-23 11:03:02       0m 32s  ...               19.31         0.52
22  2026-01-23 11:03:35       0m 35s  ...               42.05         1.16
23  2026-01-23 11:04:10       0m 28s  ...                6.56         0.18
24  2026-01-23 11:04:38       0m 29s  ...                1.51         0.04
25  2026-01-23 11:05:07       0m 31s  ...                8.51         0.22
26  2026-01-23 11:05:38       0m 32s  ...               12.12         0.31
27  2026-01-23 11:06:11       0m 34s  ...               32.69         0.79

[28 rows x 24 columns]
              timestamp time_elapsed  ... severity_rate_patch Gradient_sr2
0   2026-01-23 10:50:57       0m 34s  ...                1.74         0.04
1   2026-01-23 10:51:31       0m 33s  ...                4.36         0.11
2   2026-01-23 10:52:05       0m 33s  ...                0.85         0.02
3   2026-01-23 10:52:38       0m 38s  ...               25.47         0.67
4   2026-01-23 10:53:17       0m 38s  ...               37.39         0.99
5   2026-01-23 10:53:55       0m 31s  ...                0.45         0.01
6   2026-01-23 10:54:26       0m 35s  ...               38.62         0.91
7   2026-01-23 10:55:02       0m 33s  ...               19.86         0.56
8   2026-01-23 10:55:35       0m 34s  ...               39.61         1.05
9   2026-01-23 10:56:10       0m 32s  ...                1.79         0.05
10  2026-01-23 10:56:42       0m 32s  ...                2.79         0.07
11  2026-01-23 10:57:15       0m 38s  ...               20.77         0.49
12  2026-01-23 10:57:53       0m 32s  ...               20.60         0.51
13  2026-01-23 10:58:26       0m 32s  ...               15.28         0.35
14  2026-01-23 10:58:58       0m 35s  ...               30.18         0.79
15  2026-01-23 10:59:34       0m 34s  ...               19.25         0.48
16  2026-01-23 11:00:08       0m 43s  ...               85.84         2.58
17  2026-01-23 11:00:51       0m 29s  ...                0.76         0.02
18  2026-01-23 11:01:21       0m 32s  ...               23.22         0.57
19  2026-01-23 11:01:54       0m 38s  ...               62.76         1.72
20  2026-01-23 11:02:32       0m 29s  ...                1.10         0.03
21  2026-01-23 11:03:02       0m 32s  ...               19.31         0.52
22  2026-01-23 11:03:35       0m 35s  ...               42.05         1.16
23  2026-01-23 11:04:10       0m 28s  ...                6.56         0.18
24  2026-01-23 11:04:38       0m 29s  ...                1.51         0.04
25  2026-01-23 11:05:07       0m 31s  ...                8.51         0.22
26  2026-01-23 11:05:38       0m 32s  ...               12.12         0.31
27  2026-01-23 11:06:11       0m 34s  ...               32.69         0.79
28  2026-01-23 11:06:46       0m 30s  ...                2.15         0.06

[29 rows x 24 columns]
              timestamp time_elapsed  ... severity_rate_patch Gradient_sr2
0   2026-01-23 10:50:57       0m 34s  ...                1.74         0.04
1   2026-01-23 10:51:31       0m 33s  ...                4.36         0.11
2   2026-01-23 10:52:05       0m 33s  ...                0.85         0.02
3   2026-01-23 10:52:38       0m 38s  ...               25.47         0.67
4   2026-01-23 10:53:17       0m 38s  ...               37.39         0.99
5   2026-01-23 10:53:55       0m 31s  ...                0.45         0.01
6   2026-01-23 10:54:26       0m 35s  ...               38.62         0.91
7   2026-01-23 10:55:02       0m 33s  ...               19.86         0.56
8   2026-01-23 10:55:35       0m 34s  ...               39.61         1.05
9   2026-01-23 10:56:10       0m 32s  ...                1.79         0.05
10  2026-01-23 10:56:42       0m 32s  ...                2.79         0.07
11  2026-01-23 10:57:15       0m 38s  ...               20.77         0.49
12  2026-01-23 10:57:53       0m 32s  ...               20.60         0.51
13  2026-01-23 10:58:26       0m 32s  ...               15.28         0.35
14  2026-01-23 10:58:58       0m 35s  ...               30.18         0.79
15  2026-01-23 10:59:34       0m 34s  ...               19.25         0.48
16  2026-01-23 11:00:08       0m 43s  ...               85.84         2.58
17  2026-01-23 11:00:51       0m 29s  ...                0.76         0.02
18  2026-01-23 11:01:21       0m 32s  ...               23.22         0.57
19  2026-01-23 11:01:54       0m 38s  ...               62.76         1.72
20  2026-01-23 11:02:32       0m 29s  ...                1.10         0.03
21  2026-01-23 11:03:02       0m 32s  ...               19.31         0.52
22  2026-01-23 11:03:35       0m 35s  ...               42.05         1.16
23  2026-01-23 11:04:10       0m 28s  ...                6.56         0.18
24  2026-01-23 11:04:38       0m 29s  ...                1.51         0.04
25  2026-01-23 11:05:07       0m 31s  ...                8.51         0.22
26  2026-01-23 11:05:38       0m 32s  ...               12.12         0.31
27  2026-01-23 11:06:11       0m 34s  ...               32.69         0.79
28  2026-01-23 11:06:46       0m 30s  ...                2.15         0.06
29  2026-01-23 11:07:17       0m 30s  ...                2.94         0.07

[30 rows x 24 columns]
[2026-01-23 11:10:02,051] - [root] - [INFO] - Analysis finished: 0m 31s
[2026-01-23 11:10:02,051] - [root] - [INFO] - -------------------------------------------
[2026-01-23 11:10:02,051] - [root] - [INFO] - -------------------------------------------
[2026-01-23 11:10:02,051] - [root] - [INFO] - Processing 1-22-2026 5dpi 084-W2021010-319_R1.png
[2026-01-23 11:10:21,489] - [root] - [INFO] - Finished loading mask: 0m 19s
[2026-01-23 11:10:30,726] - [root] - [INFO] - Finished crop and inference: 0m 28s
[2026-01-23 11:10:32,345] - [root] - [INFO] - Analysis finished: 0m 30s
[2026-01-23 11:10:32,345] - [root] - [INFO] - -------------------------------------------
[2026-01-23 11:10:32,345] - [root] - [INFO] - -------------------------------------------
[2026-01-23 11:10:32,345] - [root] - [INFO] - Processing 1-22-2026 5dpi 085-W2021010-630_R1.png
[2026-01-23 11:10:52,220] - [root] - [INFO] - Finished loading mask: 0m 19s
[2026-01-23 11:11:01,388] - [root] - [INFO] - Finished crop and inference: 0m 29s
              timestamp time_elapsed  ... severity_rate_patch Gradient_sr2
0   2026-01-23 10:50:57       0m 34s  ...                1.74         0.04
1   2026-01-23 10:51:31       0m 33s  ...                4.36         0.11
2   2026-01-23 10:52:05       0m 33s  ...                0.85         0.02
3   2026-01-23 10:52:38       0m 38s  ...               25.47         0.67
4   2026-01-23 10:53:17       0m 38s  ...               37.39         0.99
5   2026-01-23 10:53:55       0m 31s  ...                0.45         0.01
6   2026-01-23 10:54:26       0m 35s  ...               38.62         0.91
7   2026-01-23 10:55:02       0m 33s  ...               19.86         0.56
8   2026-01-23 10:55:35       0m 34s  ...               39.61         1.05
9   2026-01-23 10:56:10       0m 32s  ...                1.79         0.05
10  2026-01-23 10:56:42       0m 32s  ...                2.79         0.07
11  2026-01-23 10:57:15       0m 38s  ...               20.77         0.49
12  2026-01-23 10:57:53       0m 32s  ...               20.60         0.51
13  2026-01-23 10:58:26       0m 32s  ...               15.28         0.35
14  2026-01-23 10:58:58       0m 35s  ...               30.18         0.79
15  2026-01-23 10:59:34       0m 34s  ...               19.25         0.48
16  2026-01-23 11:00:08       0m 43s  ...               85.84         2.58
17  2026-01-23 11:00:51       0m 29s  ...                0.76         0.02
18  2026-01-23 11:01:21       0m 32s  ...               23.22         0.57
19  2026-01-23 11:01:54       0m 38s  ...               62.76         1.72
20  2026-01-23 11:02:32       0m 29s  ...                1.10         0.03
21  2026-01-23 11:03:02       0m 32s  ...               19.31         0.52
22  2026-01-23 11:03:35       0m 35s  ...               42.05         1.16
23  2026-01-23 11:04:10       0m 28s  ...                6.56         0.18
24  2026-01-23 11:04:38       0m 29s  ...                1.51         0.04
25  2026-01-23 11:05:07       0m 31s  ...                8.51         0.22
26  2026-01-23 11:05:38       0m 32s  ...               12.12         0.31
27  2026-01-23 11:06:11       0m 34s  ...               32.69         0.79
28  2026-01-23 11:06:46       0m 30s  ...                2.15         0.06
29  2026-01-23 11:07:17       0m 30s  ...                2.94         0.07
30  2026-01-23 11:07:47       0m 31s  ...               12.91         0.30

[31 rows x 24 columns]
              timestamp time_elapsed  ... severity_rate_patch Gradient_sr2
0   2026-01-23 10:50:57       0m 34s  ...                1.74         0.04
1   2026-01-23 10:51:31       0m 33s  ...                4.36         0.11
2   2026-01-23 10:52:05       0m 33s  ...                0.85         0.02
3   2026-01-23 10:52:38       0m 38s  ...               25.47         0.67
4   2026-01-23 10:53:17       0m 38s  ...               37.39         0.99
5   2026-01-23 10:53:55       0m 31s  ...                0.45         0.01
6   2026-01-23 10:54:26       0m 35s  ...               38.62         0.91
7   2026-01-23 10:55:02       0m 33s  ...               19.86         0.56
8   2026-01-23 10:55:35       0m 34s  ...               39.61         1.05
9   2026-01-23 10:56:10       0m 32s  ...                1.79         0.05
10  2026-01-23 10:56:42       0m 32s  ...                2.79         0.07
11  2026-01-23 10:57:15       0m 38s  ...               20.77         0.49
12  2026-01-23 10:57:53       0m 32s  ...               20.60         0.51
13  2026-01-23 10:58:26       0m 32s  ...               15.28         0.35
14  2026-01-23 10:58:58       0m 35s  ...               30.18         0.79
15  2026-01-23 10:59:34       0m 34s  ...               19.25         0.48
16  2026-01-23 11:00:08       0m 43s  ...               85.84         2.58
17  2026-01-23 11:00:51       0m 29s  ...                0.76         0.02
18  2026-01-23 11:01:21       0m 32s  ...               23.22         0.57
19  2026-01-23 11:01:54       0m 38s  ...               62.76         1.72
20  2026-01-23 11:02:32       0m 29s  ...                1.10         0.03
21  2026-01-23 11:03:02       0m 32s  ...               19.31         0.52
22  2026-01-23 11:03:35       0m 35s  ...               42.05         1.16
23  2026-01-23 11:04:10       0m 28s  ...                6.56         0.18
24  2026-01-23 11:04:38       0m 29s  ...                1.51         0.04
25  2026-01-23 11:05:07       0m 31s  ...                8.51         0.22
26  2026-01-23 11:05:38       0m 32s  ...               12.12         0.31
27  2026-01-23 11:06:11       0m 34s  ...               32.69         0.79
28  2026-01-23 11:06:46       0m 30s  ...                2.15         0.06
29  2026-01-23 11:07:17       0m 30s  ...                2.94         0.07
30  2026-01-23 11:07:47       0m 31s  ...               12.91         0.30
31  2026-01-23 11:08:19       0m 32s  ...               42.77         1.19

[32 rows x 24 columns]
              timestamp time_elapsed  ... severity_rate_patch Gradient_sr2
0   2026-01-23 10:50:57       0m 34s  ...                1.74         0.04
1   2026-01-23 10:51:31       0m 33s  ...                4.36         0.11
2   2026-01-23 10:52:05       0m 33s  ...                0.85         0.02
3   2026-01-23 10:52:38       0m 38s  ...               25.47         0.67
4   2026-01-23 10:53:17       0m 38s  ...               37.39         0.99
5   2026-01-23 10:53:55       0m 31s  ...                0.45         0.01
6   2026-01-23 10:54:26       0m 35s  ...               38.62         0.91
7   2026-01-23 10:55:02       0m 33s  ...               19.86         0.56
8   2026-01-23 10:55:35       0m 34s  ...               39.61         1.05
9   2026-01-23 10:56:10       0m 32s  ...                1.79         0.05
10  2026-01-23 10:56:42       0m 32s  ...                2.79         0.07
11  2026-01-23 10:57:15       0m 38s  ...               20.77         0.49
12  2026-01-23 10:57:53       0m 32s  ...               20.60         0.51
13  2026-01-23 10:58:26       0m 32s  ...               15.28         0.35
14  2026-01-23 10:58:58       0m 35s  ...               30.18         0.79
15  2026-01-23 10:59:34       0m 34s  ...               19.25         0.48
16  2026-01-23 11:00:08       0m 43s  ...               85.84         2.58
17  2026-01-23 11:00:51       0m 29s  ...                0.76         0.02
18  2026-01-23 11:01:21       0m 32s  ...               23.22         0.57
19  2026-01-23 11:01:54       0m 38s  ...               62.76         1.72
20  2026-01-23 11:02:32       0m 29s  ...                1.10         0.03
21  2026-01-23 11:03:02       0m 32s  ...               19.31         0.52
22  2026-01-23 11:03:35       0m 35s  ...               42.05         1.16
23  2026-01-23 11:04:10       0m 28s  ...                6.56         0.18
24  2026-01-23 11:04:38       0m 29s  ...                1.51         0.04
25  2026-01-23 11:05:07       0m 31s  ...                8.51         0.22
26  2026-01-23 11:05:38       0m 32s  ...               12.12         0.31
27  2026-01-23 11:06:11       0m 34s  ...               32.69         0.79
28  2026-01-23 11:06:46       0m 30s  ...                2.15         0.06
29  2026-01-23 11:07:17       0m 30s  ...                2.94         0.07
30  2026-01-23 11:07:47       0m 31s  ...               12.91         0.30
31  2026-01-23 11:08:19       0m 32s  ...               42.77         1.19
32  2026-01-23 11:08:52       0m 38s  ...               65.54         1.89

[33 rows x 24 columns]
[2026-01-23 11:11:03,026] - [root] - [INFO] - Analysis finished: 0m 30s
[2026-01-23 11:11:03,026] - [root] - [INFO] - -------------------------------------------
[2026-01-23 11:11:03,029] - [root] - [INFO] - -------------------------------------------
[2026-01-23 11:11:03,029] - [root] - [INFO] - Processing 1-22-2026 5dpi 091-W2021006-056_R2.png
[2026-01-23 11:11:23,218] - [root] - [INFO] - Finished loading mask: 0m 20s
[2026-01-23 11:11:32,728] - [root] - [INFO] - Finished crop and inference: 0m 29s
[2026-01-23 11:11:34,460] - [root] - [INFO] - Analysis finished: 0m 31s
[2026-01-23 11:11:34,460] - [root] - [INFO] - -------------------------------------------
[2026-01-23 11:11:34,462] - [root] - [INFO] - -------------------------------------------
[2026-01-23 11:11:34,462] - [root] - [INFO] - Processing 1-22-2026 5dpi 094-W2021010-315_R2.png
[2026-01-23 11:11:54,100] - [root] - [INFO] - Finished loading mask: 0m 19s
[2026-01-23 11:12:03,076] - [root] - [INFO] - Finished crop and inference: 0m 28s
              timestamp time_elapsed  ... severity_rate_patch Gradient_sr2
0   2026-01-23 10:50:57       0m 34s  ...                1.74         0.04
1   2026-01-23 10:51:31       0m 33s  ...                4.36         0.11
2   2026-01-23 10:52:05       0m 33s  ...                0.85         0.02
3   2026-01-23 10:52:38       0m 38s  ...               25.47         0.67
4   2026-01-23 10:53:17       0m 38s  ...               37.39         0.99
5   2026-01-23 10:53:55       0m 31s  ...                0.45         0.01
6   2026-01-23 10:54:26       0m 35s  ...               38.62         0.91
7   2026-01-23 10:55:02       0m 33s  ...               19.86         0.56
8   2026-01-23 10:55:35       0m 34s  ...               39.61         1.05
9   2026-01-23 10:56:10       0m 32s  ...                1.79         0.05
10  2026-01-23 10:56:42       0m 32s  ...                2.79         0.07
11  2026-01-23 10:57:15       0m 38s  ...               20.77         0.49
12  2026-01-23 10:57:53       0m 32s  ...               20.60         0.51
13  2026-01-23 10:58:26       0m 32s  ...               15.28         0.35
14  2026-01-23 10:58:58       0m 35s  ...               30.18         0.79
15  2026-01-23 10:59:34       0m 34s  ...               19.25         0.48
16  2026-01-23 11:00:08       0m 43s  ...               85.84         2.58
17  2026-01-23 11:00:51       0m 29s  ...                0.76         0.02
18  2026-01-23 11:01:21       0m 32s  ...               23.22         0.57
19  2026-01-23 11:01:54       0m 38s  ...               62.76         1.72
20  2026-01-23 11:02:32       0m 29s  ...                1.10         0.03
21  2026-01-23 11:03:02       0m 32s  ...               19.31         0.52
22  2026-01-23 11:03:35       0m 35s  ...               42.05         1.16
23  2026-01-23 11:04:10       0m 28s  ...                6.56         0.18
24  2026-01-23 11:04:38       0m 29s  ...                1.51         0.04
25  2026-01-23 11:05:07       0m 31s  ...                8.51         0.22
26  2026-01-23 11:05:38       0m 32s  ...               12.12         0.31
27  2026-01-23 11:06:11       0m 34s  ...               32.69         0.79
28  2026-01-23 11:06:46       0m 30s  ...                2.15         0.06
29  2026-01-23 11:07:17       0m 30s  ...                2.94         0.07
30  2026-01-23 11:07:47       0m 31s  ...               12.91         0.30
31  2026-01-23 11:08:19       0m 32s  ...               42.77         1.19
32  2026-01-23 11:08:52       0m 38s  ...               65.54         1.89
33  2026-01-23 11:09:30       0m 31s  ...               10.11         0.24

[34 rows x 24 columns]
              timestamp time_elapsed  ... severity_rate_patch Gradient_sr2
0   2026-01-23 10:50:57       0m 34s  ...                1.74         0.04
1   2026-01-23 10:51:31       0m 33s  ...                4.36         0.11
2   2026-01-23 10:52:05       0m 33s  ...                0.85         0.02
3   2026-01-23 10:52:38       0m 38s  ...               25.47         0.67
4   2026-01-23 10:53:17       0m 38s  ...               37.39         0.99
5   2026-01-23 10:53:55       0m 31s  ...                0.45         0.01
6   2026-01-23 10:54:26       0m 35s  ...               38.62         0.91
7   2026-01-23 10:55:02       0m 33s  ...               19.86         0.56
8   2026-01-23 10:55:35       0m 34s  ...               39.61         1.05
9   2026-01-23 10:56:10       0m 32s  ...                1.79         0.05
10  2026-01-23 10:56:42       0m 32s  ...                2.79         0.07
11  2026-01-23 10:57:15       0m 38s  ...               20.77         0.49
12  2026-01-23 10:57:53       0m 32s  ...               20.60         0.51
13  2026-01-23 10:58:26       0m 32s  ...               15.28         0.35
14  2026-01-23 10:58:58       0m 35s  ...               30.18         0.79
15  2026-01-23 10:59:34       0m 34s  ...               19.25         0.48
16  2026-01-23 11:00:08       0m 43s  ...               85.84         2.58
17  2026-01-23 11:00:51       0m 29s  ...                0.76         0.02
18  2026-01-23 11:01:21       0m 32s  ...               23.22         0.57
19  2026-01-23 11:01:54       0m 38s  ...               62.76         1.72
20  2026-01-23 11:02:32       0m 29s  ...                1.10         0.03
21  2026-01-23 11:03:02       0m 32s  ...               19.31         0.52
22  2026-01-23 11:03:35       0m 35s  ...               42.05         1.16
23  2026-01-23 11:04:10       0m 28s  ...                6.56         0.18
24  2026-01-23 11:04:38       0m 29s  ...                1.51         0.04
25  2026-01-23 11:05:07       0m 31s  ...                8.51         0.22
26  2026-01-23 11:05:38       0m 32s  ...               12.12         0.31
27  2026-01-23 11:06:11       0m 34s  ...               32.69         0.79
28  2026-01-23 11:06:46       0m 30s  ...                2.15         0.06
29  2026-01-23 11:07:17       0m 30s  ...                2.94         0.07
30  2026-01-23 11:07:47       0m 31s  ...               12.91         0.30
31  2026-01-23 11:08:19       0m 32s  ...               42.77         1.19
32  2026-01-23 11:08:52       0m 38s  ...               65.54         1.89
33  2026-01-23 11:09:30       0m 31s  ...               10.11         0.24
34  2026-01-23 11:10:02       0m 30s  ...                4.05         0.11

[35 rows x 24 columns]
[2026-01-23 11:12:04,785] - [root] - [INFO] - Analysis finished: 0m 30s
[2026-01-23 11:12:04,785] - [root] - [INFO] - -------------------------------------------
[2026-01-23 11:12:04,785] - [root] - [INFO] - -------------------------------------------
[2026-01-23 11:12:04,785] - [root] - [INFO] - Processing 1-22-2026 5dpi 095-W2021011-553_R2.png
[2026-01-23 11:12:23,947] - [root] - [INFO] - Finished loading mask: 0m 19s
[2026-01-23 11:12:32,311] - [root] - [INFO] - Finished crop and inference: 0m 27s
[2026-01-23 11:12:33,967] - [root] - [INFO] - Analysis finished: 0m 29s
[2026-01-23 11:12:33,967] - [root] - [INFO] - -------------------------------------------
[2026-01-23 11:12:33,967] - [root] - [INFO] - -------------------------------------------
[2026-01-23 11:12:33,967] - [root] - [INFO] - Processing 1-22-2026 5dpi 097-W2021006-617_R2.png
[2026-01-23 11:12:54,428] - [root] - [INFO] - Finished loading mask: 0m 20s
[2026-01-23 11:13:09,132] - [root] - [INFO] - Finished crop and inference: 0m 35s
              timestamp time_elapsed  ... severity_rate_patch Gradient_sr2
0   2026-01-23 10:50:57       0m 34s  ...                1.74         0.04
1   2026-01-23 10:51:31       0m 33s  ...                4.36         0.11
2   2026-01-23 10:52:05       0m 33s  ...                0.85         0.02
3   2026-01-23 10:52:38       0m 38s  ...               25.47         0.67
4   2026-01-23 10:53:17       0m 38s  ...               37.39         0.99
5   2026-01-23 10:53:55       0m 31s  ...                0.45         0.01
6   2026-01-23 10:54:26       0m 35s  ...               38.62         0.91
7   2026-01-23 10:55:02       0m 33s  ...               19.86         0.56
8   2026-01-23 10:55:35       0m 34s  ...               39.61         1.05
9   2026-01-23 10:56:10       0m 32s  ...                1.79         0.05
10  2026-01-23 10:56:42       0m 32s  ...                2.79         0.07
11  2026-01-23 10:57:15       0m 38s  ...               20.77         0.49
12  2026-01-23 10:57:53       0m 32s  ...               20.60         0.51
13  2026-01-23 10:58:26       0m 32s  ...               15.28         0.35
14  2026-01-23 10:58:58       0m 35s  ...               30.18         0.79
15  2026-01-23 10:59:34       0m 34s  ...               19.25         0.48
16  2026-01-23 11:00:08       0m 43s  ...               85.84         2.58
17  2026-01-23 11:00:51       0m 29s  ...                0.76         0.02
18  2026-01-23 11:01:21       0m 32s  ...               23.22         0.57
19  2026-01-23 11:01:54       0m 38s  ...               62.76         1.72
20  2026-01-23 11:02:32       0m 29s  ...                1.10         0.03
21  2026-01-23 11:03:02       0m 32s  ...               19.31         0.52
22  2026-01-23 11:03:35       0m 35s  ...               42.05         1.16
23  2026-01-23 11:04:10       0m 28s  ...                6.56         0.18
24  2026-01-23 11:04:38       0m 29s  ...                1.51         0.04
25  2026-01-23 11:05:07       0m 31s  ...                8.51         0.22
26  2026-01-23 11:05:38       0m 32s  ...               12.12         0.31
27  2026-01-23 11:06:11       0m 34s  ...               32.69         0.79
28  2026-01-23 11:06:46       0m 30s  ...                2.15         0.06
29  2026-01-23 11:07:17       0m 30s  ...                2.94         0.07
30  2026-01-23 11:07:47       0m 31s  ...               12.91         0.30
31  2026-01-23 11:08:19       0m 32s  ...               42.77         1.19
32  2026-01-23 11:08:52       0m 38s  ...               65.54         1.89
33  2026-01-23 11:09:30       0m 31s  ...               10.11         0.24
34  2026-01-23 11:10:02       0m 30s  ...                4.05         0.11
35  2026-01-23 11:10:32       0m 30s  ...                1.89         0.05

[36 rows x 24 columns]
              timestamp time_elapsed  ... severity_rate_patch Gradient_sr2
0   2026-01-23 10:50:57       0m 34s  ...                1.74         0.04
1   2026-01-23 10:51:31       0m 33s  ...                4.36         0.11
2   2026-01-23 10:52:05       0m 33s  ...                0.85         0.02
3   2026-01-23 10:52:38       0m 38s  ...               25.47         0.67
4   2026-01-23 10:53:17       0m 38s  ...               37.39         0.99
5   2026-01-23 10:53:55       0m 31s  ...                0.45         0.01
6   2026-01-23 10:54:26       0m 35s  ...               38.62         0.91
7   2026-01-23 10:55:02       0m 33s  ...               19.86         0.56
8   2026-01-23 10:55:35       0m 34s  ...               39.61         1.05
9   2026-01-23 10:56:10       0m 32s  ...                1.79         0.05
10  2026-01-23 10:56:42       0m 32s  ...                2.79         0.07
11  2026-01-23 10:57:15       0m 38s  ...               20.77         0.49
12  2026-01-23 10:57:53       0m 32s  ...               20.60         0.51
13  2026-01-23 10:58:26       0m 32s  ...               15.28         0.35
14  2026-01-23 10:58:58       0m 35s  ...               30.18         0.79
15  2026-01-23 10:59:34       0m 34s  ...               19.25         0.48
16  2026-01-23 11:00:08       0m 43s  ...               85.84         2.58
17  2026-01-23 11:00:51       0m 29s  ...                0.76         0.02
18  2026-01-23 11:01:21       0m 32s  ...               23.22         0.57
19  2026-01-23 11:01:54       0m 38s  ...               62.76         1.72
20  2026-01-23 11:02:32       0m 29s  ...                1.10         0.03
21  2026-01-23 11:03:02       0m 32s  ...               19.31         0.52
22  2026-01-23 11:03:35       0m 35s  ...               42.05         1.16
23  2026-01-23 11:04:10       0m 28s  ...                6.56         0.18
24  2026-01-23 11:04:38       0m 29s  ...                1.51         0.04
25  2026-01-23 11:05:07       0m 31s  ...                8.51         0.22
26  2026-01-23 11:05:38       0m 32s  ...               12.12         0.31
27  2026-01-23 11:06:11       0m 34s  ...               32.69         0.79
28  2026-01-23 11:06:46       0m 30s  ...                2.15         0.06
29  2026-01-23 11:07:17       0m 30s  ...                2.94         0.07
30  2026-01-23 11:07:47       0m 31s  ...               12.91         0.30
31  2026-01-23 11:08:19       0m 32s  ...               42.77         1.19
32  2026-01-23 11:08:52       0m 38s  ...               65.54         1.89
33  2026-01-23 11:09:30       0m 31s  ...               10.11         0.24
34  2026-01-23 11:10:02       0m 30s  ...                4.05         0.11
35  2026-01-23 11:10:32       0m 30s  ...                1.89         0.05
36  2026-01-23 11:11:03       0m 31s  ...                5.54         0.15

[37 rows x 24 columns]
[2026-01-23 11:13:10,725] - [root] - [INFO] - Analysis finished: 0m 36s
[2026-01-23 11:13:10,726] - [root] - [INFO] - -------------------------------------------
[2026-01-23 11:13:10,726] - [root] - [INFO] - -------------------------------------------
[2026-01-23 11:13:10,726] - [root] - [INFO] - Processing 1-22-2026 5dpi 097-W2021009-163_R1.png
[2026-01-23 11:13:29,927] - [root] - [INFO] - Finished loading mask: 0m 19s
[2026-01-23 11:13:47,301] - [root] - [INFO] - Finished crop and inference: 0m 36s
[2026-01-23 11:13:48,898] - [root] - [INFO] - Analysis finished: 0m 38s
[2026-01-23 11:13:48,898] - [root] - [INFO] - -------------------------------------------
[2026-01-23 11:13:48,898] - [root] - [INFO] - -------------------------------------------
[2026-01-23 11:13:48,898] - [root] - [INFO] - Processing 1-22-2026 5dpi 099-W2021006-611_R2.png
[2026-01-23 11:14:08,581] - [root] - [INFO] - Finished loading mask: 0m 19s
[2026-01-23 11:14:24,238] - [root] - [INFO] - Finished crop and inference: 0m 35s
              timestamp time_elapsed  ... severity_rate_patch Gradient_sr2
0   2026-01-23 10:50:57       0m 34s  ...                1.74         0.04
1   2026-01-23 10:51:31       0m 33s  ...                4.36         0.11
2   2026-01-23 10:52:05       0m 33s  ...                0.85         0.02
3   2026-01-23 10:52:38       0m 38s  ...               25.47         0.67
4   2026-01-23 10:53:17       0m 38s  ...               37.39         0.99
5   2026-01-23 10:53:55       0m 31s  ...                0.45         0.01
6   2026-01-23 10:54:26       0m 35s  ...               38.62         0.91
7   2026-01-23 10:55:02       0m 33s  ...               19.86         0.56
8   2026-01-23 10:55:35       0m 34s  ...               39.61         1.05
9   2026-01-23 10:56:10       0m 32s  ...                1.79         0.05
10  2026-01-23 10:56:42       0m 32s  ...                2.79         0.07
11  2026-01-23 10:57:15       0m 38s  ...               20.77         0.49
12  2026-01-23 10:57:53       0m 32s  ...               20.60         0.51
13  2026-01-23 10:58:26       0m 32s  ...               15.28         0.35
14  2026-01-23 10:58:58       0m 35s  ...               30.18         0.79
15  2026-01-23 10:59:34       0m 34s  ...               19.25         0.48
16  2026-01-23 11:00:08       0m 43s  ...               85.84         2.58
17  2026-01-23 11:00:51       0m 29s  ...                0.76         0.02
18  2026-01-23 11:01:21       0m 32s  ...               23.22         0.57
19  2026-01-23 11:01:54       0m 38s  ...               62.76         1.72
20  2026-01-23 11:02:32       0m 29s  ...                1.10         0.03
21  2026-01-23 11:03:02       0m 32s  ...               19.31         0.52
22  2026-01-23 11:03:35       0m 35s  ...               42.05         1.16
23  2026-01-23 11:04:10       0m 28s  ...                6.56         0.18
24  2026-01-23 11:04:38       0m 29s  ...                1.51         0.04
25  2026-01-23 11:05:07       0m 31s  ...                8.51         0.22
26  2026-01-23 11:05:38       0m 32s  ...               12.12         0.31
27  2026-01-23 11:06:11       0m 34s  ...               32.69         0.79
28  2026-01-23 11:06:46       0m 30s  ...                2.15         0.06
29  2026-01-23 11:07:17       0m 30s  ...                2.94         0.07
30  2026-01-23 11:07:47       0m 31s  ...               12.91         0.30
31  2026-01-23 11:08:19       0m 32s  ...               42.77         1.19
32  2026-01-23 11:08:52       0m 38s  ...               65.54         1.89
33  2026-01-23 11:09:30       0m 31s  ...               10.11         0.24
34  2026-01-23 11:10:02       0m 30s  ...                4.05         0.11
35  2026-01-23 11:10:32       0m 30s  ...                1.89         0.05
36  2026-01-23 11:11:03       0m 31s  ...                5.54         0.15
37  2026-01-23 11:11:34       0m 30s  ...                0.46         0.01

[38 rows x 24 columns]
              timestamp time_elapsed  ... severity_rate_patch Gradient_sr2
0   2026-01-23 10:50:57       0m 34s  ...                1.74         0.04
1   2026-01-23 10:51:31       0m 33s  ...                4.36         0.11
2   2026-01-23 10:52:05       0m 33s  ...                0.85         0.02
3   2026-01-23 10:52:38       0m 38s  ...               25.47         0.67
4   2026-01-23 10:53:17       0m 38s  ...               37.39         0.99
5   2026-01-23 10:53:55       0m 31s  ...                0.45         0.01
6   2026-01-23 10:54:26       0m 35s  ...               38.62         0.91
7   2026-01-23 10:55:02       0m 33s  ...               19.86         0.56
8   2026-01-23 10:55:35       0m 34s  ...               39.61         1.05
9   2026-01-23 10:56:10       0m 32s  ...                1.79         0.05
10  2026-01-23 10:56:42       0m 32s  ...                2.79         0.07
11  2026-01-23 10:57:15       0m 38s  ...               20.77         0.49
12  2026-01-23 10:57:53       0m 32s  ...               20.60         0.51
13  2026-01-23 10:58:26       0m 32s  ...               15.28         0.35
14  2026-01-23 10:58:58       0m 35s  ...               30.18         0.79
15  2026-01-23 10:59:34       0m 34s  ...               19.25         0.48
16  2026-01-23 11:00:08       0m 43s  ...               85.84         2.58
17  2026-01-23 11:00:51       0m 29s  ...                0.76         0.02
18  2026-01-23 11:01:21       0m 32s  ...               23.22         0.57
19  2026-01-23 11:01:54       0m 38s  ...               62.76         1.72
20  2026-01-23 11:02:32       0m 29s  ...                1.10         0.03
21  2026-01-23 11:03:02       0m 32s  ...               19.31         0.52
22  2026-01-23 11:03:35       0m 35s  ...               42.05         1.16
23  2026-01-23 11:04:10       0m 28s  ...                6.56         0.18
24  2026-01-23 11:04:38       0m 29s  ...                1.51         0.04
25  2026-01-23 11:05:07       0m 31s  ...                8.51         0.22
26  2026-01-23 11:05:38       0m 32s  ...               12.12         0.31
27  2026-01-23 11:06:11       0m 34s  ...               32.69         0.79
28  2026-01-23 11:06:46       0m 30s  ...                2.15         0.06
29  2026-01-23 11:07:17       0m 30s  ...                2.94         0.07
30  2026-01-23 11:07:47       0m 31s  ...               12.91         0.30
31  2026-01-23 11:08:19       0m 32s  ...               42.77         1.19
32  2026-01-23 11:08:52       0m 38s  ...               65.54         1.89
33  2026-01-23 11:09:30       0m 31s  ...               10.11         0.24
34  2026-01-23 11:10:02       0m 30s  ...                4.05         0.11
35  2026-01-23 11:10:32       0m 30s  ...                1.89         0.05
36  2026-01-23 11:11:03       0m 31s  ...                5.54         0.15
37  2026-01-23 11:11:34       0m 30s  ...                0.46         0.01
38  2026-01-23 11:12:04       0m 29s  ...                1.59         0.04

[39 rows x 24 columns]
[2026-01-23 11:14:25,780] - [root] - [INFO] - Analysis finished: 0m 36s
[2026-01-23 11:14:25,780] - [root] - [INFO] - -------------------------------------------
[2026-01-23 11:14:25,780] - [root] - [INFO] - -------------------------------------------
[2026-01-23 11:14:25,780] - [root] - [INFO] - Processing 1-22-2026 5dpi 101-W2021011-565_R1.png
[2026-01-23 11:14:45,462] - [root] - [INFO] - Finished loading mask: 0m 19s
[2026-01-23 11:15:06,883] - [root] - [INFO] - Finished crop and inference: 0m 41s
[2026-01-23 11:15:08,466] - [root] - [INFO] - Analysis finished: 0m 42s
[2026-01-23 11:15:08,466] - [root] - [INFO] - -------------------------------------------
[2026-01-23 11:15:08,466] - [root] - [INFO] - -------------------------------------------
[2026-01-23 11:15:08,466] - [root] - [INFO] - Processing 1-22-2026 5dpi 105-W2021011-558_R1.png
[2026-01-23 11:15:28,124] - [root] - [INFO] - Finished loading mask: 0m 19s
[2026-01-23 11:15:36,992] - [root] - [INFO] - Finished crop and inference: 0m 28s
              timestamp time_elapsed  ... severity_rate_patch Gradient_sr2
0   2026-01-23 10:50:57       0m 34s  ...                1.74         0.04
1   2026-01-23 10:51:31       0m 33s  ...                4.36         0.11
2   2026-01-23 10:52:05       0m 33s  ...                0.85         0.02
3   2026-01-23 10:52:38       0m 38s  ...               25.47         0.67
4   2026-01-23 10:53:17       0m 38s  ...               37.39         0.99
5   2026-01-23 10:53:55       0m 31s  ...                0.45         0.01
6   2026-01-23 10:54:26       0m 35s  ...               38.62         0.91
7   2026-01-23 10:55:02       0m 33s  ...               19.86         0.56
8   2026-01-23 10:55:35       0m 34s  ...               39.61         1.05
9   2026-01-23 10:56:10       0m 32s  ...                1.79         0.05
10  2026-01-23 10:56:42       0m 32s  ...                2.79         0.07
11  2026-01-23 10:57:15       0m 38s  ...               20.77         0.49
12  2026-01-23 10:57:53       0m 32s  ...               20.60         0.51
13  2026-01-23 10:58:26       0m 32s  ...               15.28         0.35
14  2026-01-23 10:58:58       0m 35s  ...               30.18         0.79
15  2026-01-23 10:59:34       0m 34s  ...               19.25         0.48
16  2026-01-23 11:00:08       0m 43s  ...               85.84         2.58
17  2026-01-23 11:00:51       0m 29s  ...                0.76         0.02
18  2026-01-23 11:01:21       0m 32s  ...               23.22         0.57
19  2026-01-23 11:01:54       0m 38s  ...               62.76         1.72
20  2026-01-23 11:02:32       0m 29s  ...                1.10         0.03
21  2026-01-23 11:03:02       0m 32s  ...               19.31         0.52
22  2026-01-23 11:03:35       0m 35s  ...               42.05         1.16
23  2026-01-23 11:04:10       0m 28s  ...                6.56         0.18
24  2026-01-23 11:04:38       0m 29s  ...                1.51         0.04
25  2026-01-23 11:05:07       0m 31s  ...                8.51         0.22
26  2026-01-23 11:05:38       0m 32s  ...               12.12         0.31
27  2026-01-23 11:06:11       0m 34s  ...               32.69         0.79
28  2026-01-23 11:06:46       0m 30s  ...                2.15         0.06
29  2026-01-23 11:07:17       0m 30s  ...                2.94         0.07
30  2026-01-23 11:07:47       0m 31s  ...               12.91         0.30
31  2026-01-23 11:08:19       0m 32s  ...               42.77         1.19
32  2026-01-23 11:08:52       0m 38s  ...               65.54         1.89
33  2026-01-23 11:09:30       0m 31s  ...               10.11         0.24
34  2026-01-23 11:10:02       0m 30s  ...                4.05         0.11
35  2026-01-23 11:10:32       0m 30s  ...                1.89         0.05
36  2026-01-23 11:11:03       0m 31s  ...                5.54         0.15
37  2026-01-23 11:11:34       0m 30s  ...                0.46         0.01
38  2026-01-23 11:12:04       0m 29s  ...                1.59         0.04
39  2026-01-23 11:12:33       0m 36s  ...               43.85         1.03

[40 rows x 24 columns]
              timestamp time_elapsed  ... severity_rate_patch Gradient_sr2
0   2026-01-23 10:50:57       0m 34s  ...                1.74         0.04
1   2026-01-23 10:51:31       0m 33s  ...                4.36         0.11
2   2026-01-23 10:52:05       0m 33s  ...                0.85         0.02
3   2026-01-23 10:52:38       0m 38s  ...               25.47         0.67
4   2026-01-23 10:53:17       0m 38s  ...               37.39         0.99
5   2026-01-23 10:53:55       0m 31s  ...                0.45         0.01
6   2026-01-23 10:54:26       0m 35s  ...               38.62         0.91
7   2026-01-23 10:55:02       0m 33s  ...               19.86         0.56
8   2026-01-23 10:55:35       0m 34s  ...               39.61         1.05
9   2026-01-23 10:56:10       0m 32s  ...                1.79         0.05
10  2026-01-23 10:56:42       0m 32s  ...                2.79         0.07
11  2026-01-23 10:57:15       0m 38s  ...               20.77         0.49
12  2026-01-23 10:57:53       0m 32s  ...               20.60         0.51
13  2026-01-23 10:58:26       0m 32s  ...               15.28         0.35
14  2026-01-23 10:58:58       0m 35s  ...               30.18         0.79
15  2026-01-23 10:59:34       0m 34s  ...               19.25         0.48
16  2026-01-23 11:00:08       0m 43s  ...               85.84         2.58
17  2026-01-23 11:00:51       0m 29s  ...                0.76         0.02
18  2026-01-23 11:01:21       0m 32s  ...               23.22         0.57
19  2026-01-23 11:01:54       0m 38s  ...               62.76         1.72
20  2026-01-23 11:02:32       0m 29s  ...                1.10         0.03
21  2026-01-23 11:03:02       0m 32s  ...               19.31         0.52
22  2026-01-23 11:03:35       0m 35s  ...               42.05         1.16
23  2026-01-23 11:04:10       0m 28s  ...                6.56         0.18
24  2026-01-23 11:04:38       0m 29s  ...                1.51         0.04
25  2026-01-23 11:05:07       0m 31s  ...                8.51         0.22
26  2026-01-23 11:05:38       0m 32s  ...               12.12         0.31
27  2026-01-23 11:06:11       0m 34s  ...               32.69         0.79
28  2026-01-23 11:06:46       0m 30s  ...                2.15         0.06
29  2026-01-23 11:07:17       0m 30s  ...                2.94         0.07
30  2026-01-23 11:07:47       0m 31s  ...               12.91         0.30
31  2026-01-23 11:08:19       0m 32s  ...               42.77         1.19
32  2026-01-23 11:08:52       0m 38s  ...               65.54         1.89
33  2026-01-23 11:09:30       0m 31s  ...               10.11         0.24
34  2026-01-23 11:10:02       0m 30s  ...                4.05         0.11
35  2026-01-23 11:10:32       0m 30s  ...                1.89         0.05
36  2026-01-23 11:11:03       0m 31s  ...                5.54         0.15
37  2026-01-23 11:11:34       0m 30s  ...                0.46         0.01
38  2026-01-23 11:12:04       0m 29s  ...                1.59         0.04
39  2026-01-23 11:12:33       0m 36s  ...               43.85         1.03
40  2026-01-23 11:13:10       0m 38s  ...               61.84         1.56

[41 rows x 24 columns]
[2026-01-23 11:15:38,623] - [root] - [INFO] - Analysis finished: 0m 30s
[2026-01-23 11:15:38,623] - [root] - [INFO] - -------------------------------------------
[2026-01-23 11:15:38,623] - [root] - [INFO] - -------------------------------------------
[2026-01-23 11:15:38,623] - [root] - [INFO] - Processing 1-22-2026 5dpi 110-W2021011-454_R2.png
[2026-01-23 11:15:58,250] - [root] - [INFO] - Finished loading mask: 0m 19s
[2026-01-23 11:16:09,606] - [root] - [INFO] - Finished crop and inference: 0m 30s
[2026-01-23 11:16:11,227] - [root] - [INFO] - Analysis finished: 0m 32s
[2026-01-23 11:16:11,227] - [root] - [INFO] - -------------------------------------------
[2026-01-23 11:16:11,227] - [root] - [INFO] - -------------------------------------------
[2026-01-23 11:16:11,227] - [root] - [INFO] - Processing 1-22-2026 5dpi 111-W2021011-588_R2.png
[2026-01-23 11:16:31,744] - [root] - [INFO] - Finished loading mask: 0m 20s
[2026-01-23 11:16:41,650] - [root] - [INFO] - Finished crop and inference: 0m 30s
              timestamp time_elapsed  ... severity_rate_patch Gradient_sr2
0   2026-01-23 10:50:57       0m 34s  ...                1.74         0.04
1   2026-01-23 10:51:31       0m 33s  ...                4.36         0.11
2   2026-01-23 10:52:05       0m 33s  ...                0.85         0.02
3   2026-01-23 10:52:38       0m 38s  ...               25.47         0.67
4   2026-01-23 10:53:17       0m 38s  ...               37.39         0.99
5   2026-01-23 10:53:55       0m 31s  ...                0.45         0.01
6   2026-01-23 10:54:26       0m 35s  ...               38.62         0.91
7   2026-01-23 10:55:02       0m 33s  ...               19.86         0.56
8   2026-01-23 10:55:35       0m 34s  ...               39.61         1.05
9   2026-01-23 10:56:10       0m 32s  ...                1.79         0.05
10  2026-01-23 10:56:42       0m 32s  ...                2.79         0.07
11  2026-01-23 10:57:15       0m 38s  ...               20.77         0.49
12  2026-01-23 10:57:53       0m 32s  ...               20.60         0.51
13  2026-01-23 10:58:26       0m 32s  ...               15.28         0.35
14  2026-01-23 10:58:58       0m 35s  ...               30.18         0.79
15  2026-01-23 10:59:34       0m 34s  ...               19.25         0.48
16  2026-01-23 11:00:08       0m 43s  ...               85.84         2.58
17  2026-01-23 11:00:51       0m 29s  ...                0.76         0.02
18  2026-01-23 11:01:21       0m 32s  ...               23.22         0.57
19  2026-01-23 11:01:54       0m 38s  ...               62.76         1.72
20  2026-01-23 11:02:32       0m 29s  ...                1.10         0.03
21  2026-01-23 11:03:02       0m 32s  ...               19.31         0.52
22  2026-01-23 11:03:35       0m 35s  ...               42.05         1.16
23  2026-01-23 11:04:10       0m 28s  ...                6.56         0.18
24  2026-01-23 11:04:38       0m 29s  ...                1.51         0.04
25  2026-01-23 11:05:07       0m 31s  ...                8.51         0.22
26  2026-01-23 11:05:38       0m 32s  ...               12.12         0.31
27  2026-01-23 11:06:11       0m 34s  ...               32.69         0.79
28  2026-01-23 11:06:46       0m 30s  ...                2.15         0.06
29  2026-01-23 11:07:17       0m 30s  ...                2.94         0.07
30  2026-01-23 11:07:47       0m 31s  ...               12.91         0.30
31  2026-01-23 11:08:19       0m 32s  ...               42.77         1.19
32  2026-01-23 11:08:52       0m 38s  ...               65.54         1.89
33  2026-01-23 11:09:30       0m 31s  ...               10.11         0.24
34  2026-01-23 11:10:02       0m 30s  ...                4.05         0.11
35  2026-01-23 11:10:32       0m 30s  ...                1.89         0.05
36  2026-01-23 11:11:03       0m 31s  ...                5.54         0.15
37  2026-01-23 11:11:34       0m 30s  ...                0.46         0.01
38  2026-01-23 11:12:04       0m 29s  ...                1.59         0.04
39  2026-01-23 11:12:33       0m 36s  ...               43.85         1.03
40  2026-01-23 11:13:10       0m 38s  ...               61.84         1.56
41  2026-01-23 11:13:48       0m 36s  ...               46.89         1.19

[42 rows x 24 columns]
              timestamp time_elapsed  ... severity_rate_patch Gradient_sr2
0   2026-01-23 10:50:57       0m 34s  ...                1.74         0.04
1   2026-01-23 10:51:31       0m 33s  ...                4.36         0.11
2   2026-01-23 10:52:05       0m 33s  ...                0.85         0.02
3   2026-01-23 10:52:38       0m 38s  ...               25.47         0.67
4   2026-01-23 10:53:17       0m 38s  ...               37.39         0.99
5   2026-01-23 10:53:55       0m 31s  ...                0.45         0.01
6   2026-01-23 10:54:26       0m 35s  ...               38.62         0.91
7   2026-01-23 10:55:02       0m 33s  ...               19.86         0.56
8   2026-01-23 10:55:35       0m 34s  ...               39.61         1.05
9   2026-01-23 10:56:10       0m 32s  ...                1.79         0.05
10  2026-01-23 10:56:42       0m 32s  ...                2.79         0.07
11  2026-01-23 10:57:15       0m 38s  ...               20.77         0.49
12  2026-01-23 10:57:53       0m 32s  ...               20.60         0.51
13  2026-01-23 10:58:26       0m 32s  ...               15.28         0.35
14  2026-01-23 10:58:58       0m 35s  ...               30.18         0.79
15  2026-01-23 10:59:34       0m 34s  ...               19.25         0.48
16  2026-01-23 11:00:08       0m 43s  ...               85.84         2.58
17  2026-01-23 11:00:51       0m 29s  ...                0.76         0.02
18  2026-01-23 11:01:21       0m 32s  ...               23.22         0.57
19  2026-01-23 11:01:54       0m 38s  ...               62.76         1.72
20  2026-01-23 11:02:32       0m 29s  ...                1.10         0.03
21  2026-01-23 11:03:02       0m 32s  ...               19.31         0.52
22  2026-01-23 11:03:35       0m 35s  ...               42.05         1.16
23  2026-01-23 11:04:10       0m 28s  ...                6.56         0.18
24  2026-01-23 11:04:38       0m 29s  ...                1.51         0.04
25  2026-01-23 11:05:07       0m 31s  ...                8.51         0.22
26  2026-01-23 11:05:38       0m 32s  ...               12.12         0.31
27  2026-01-23 11:06:11       0m 34s  ...               32.69         0.79
28  2026-01-23 11:06:46       0m 30s  ...                2.15         0.06
29  2026-01-23 11:07:17       0m 30s  ...                2.94         0.07
30  2026-01-23 11:07:47       0m 31s  ...               12.91         0.30
31  2026-01-23 11:08:19       0m 32s  ...               42.77         1.19
32  2026-01-23 11:08:52       0m 38s  ...               65.54         1.89
33  2026-01-23 11:09:30       0m 31s  ...               10.11         0.24
34  2026-01-23 11:10:02       0m 30s  ...                4.05         0.11
35  2026-01-23 11:10:32       0m 30s  ...                1.89         0.05
36  2026-01-23 11:11:03       0m 31s  ...                5.54         0.15
37  2026-01-23 11:11:34       0m 30s  ...                0.46         0.01
38  2026-01-23 11:12:04       0m 29s  ...                1.59         0.04
39  2026-01-23 11:12:33       0m 36s  ...               43.85         1.03
40  2026-01-23 11:13:10       0m 38s  ...               61.84         1.56
41  2026-01-23 11:13:48       0m 36s  ...               46.89         1.19
42  2026-01-23 11:14:25       0m 42s  ...               80.70         2.32

[43 rows x 24 columns]
[2026-01-23 11:16:43,308] - [root] - [INFO] - Analysis finished: 0m 32s
[2026-01-23 11:16:43,309] - [root] - [INFO] - -------------------------------------------
[2026-01-23 11:16:43,309] - [root] - [INFO] - -------------------------------------------
[2026-01-23 11:16:43,309] - [root] - [INFO] - Processing 1-22-2026 5dpi 121-W2021009-185_R1.png
[2026-01-23 11:17:03,333] - [root] - [INFO] - Finished loading mask: 0m 20s
[2026-01-23 11:17:12,871] - [root] - [INFO] - Finished crop and inference: 0m 29s
[2026-01-23 11:17:14,683] - [root] - [INFO] - Analysis finished: 0m 31s
[2026-01-23 11:17:14,683] - [root] - [INFO] - -------------------------------------------
[2026-01-23 11:17:14,683] - [root] - [INFO] - -------------------------------------------
[2026-01-23 11:17:14,683] - [root] - [INFO] - Processing 1-22-2026 5dpi 123-W2021009-255_R2.png
[2026-01-23 11:17:34,151] - [root] - [INFO] - Finished loading mask: 0m 19s
[2026-01-23 11:17:45,010] - [root] - [INFO] - Finished crop and inference: 0m 30s
              timestamp time_elapsed  ... severity_rate_patch Gradient_sr2
0   2026-01-23 10:50:57       0m 34s  ...                1.74         0.04
1   2026-01-23 10:51:31       0m 33s  ...                4.36         0.11
2   2026-01-23 10:52:05       0m 33s  ...                0.85         0.02
3   2026-01-23 10:52:38       0m 38s  ...               25.47         0.67
4   2026-01-23 10:53:17       0m 38s  ...               37.39         0.99
5   2026-01-23 10:53:55       0m 31s  ...                0.45         0.01
6   2026-01-23 10:54:26       0m 35s  ...               38.62         0.91
7   2026-01-23 10:55:02       0m 33s  ...               19.86         0.56
8   2026-01-23 10:55:35       0m 34s  ...               39.61         1.05
9   2026-01-23 10:56:10       0m 32s  ...                1.79         0.05
10  2026-01-23 10:56:42       0m 32s  ...                2.79         0.07
11  2026-01-23 10:57:15       0m 38s  ...               20.77         0.49
12  2026-01-23 10:57:53       0m 32s  ...               20.60         0.51
13  2026-01-23 10:58:26       0m 32s  ...               15.28         0.35
14  2026-01-23 10:58:58       0m 35s  ...               30.18         0.79
15  2026-01-23 10:59:34       0m 34s  ...               19.25         0.48
16  2026-01-23 11:00:08       0m 43s  ...               85.84         2.58
17  2026-01-23 11:00:51       0m 29s  ...                0.76         0.02
18  2026-01-23 11:01:21       0m 32s  ...               23.22         0.57
19  2026-01-23 11:01:54       0m 38s  ...               62.76         1.72
20  2026-01-23 11:02:32       0m 29s  ...                1.10         0.03
21  2026-01-23 11:03:02       0m 32s  ...               19.31         0.52
22  2026-01-23 11:03:35       0m 35s  ...               42.05         1.16
23  2026-01-23 11:04:10       0m 28s  ...                6.56         0.18
24  2026-01-23 11:04:38       0m 29s  ...                1.51         0.04
25  2026-01-23 11:05:07       0m 31s  ...                8.51         0.22
26  2026-01-23 11:05:38       0m 32s  ...               12.12         0.31
27  2026-01-23 11:06:11       0m 34s  ...               32.69         0.79
28  2026-01-23 11:06:46       0m 30s  ...                2.15         0.06
29  2026-01-23 11:07:17       0m 30s  ...                2.94         0.07
30  2026-01-23 11:07:47       0m 31s  ...               12.91         0.30
31  2026-01-23 11:08:19       0m 32s  ...               42.77         1.19
32  2026-01-23 11:08:52       0m 38s  ...               65.54         1.89
33  2026-01-23 11:09:30       0m 31s  ...               10.11         0.24
34  2026-01-23 11:10:02       0m 30s  ...                4.05         0.11
35  2026-01-23 11:10:32       0m 30s  ...                1.89         0.05
36  2026-01-23 11:11:03       0m 31s  ...                5.54         0.15
37  2026-01-23 11:11:34       0m 30s  ...                0.46         0.01
38  2026-01-23 11:12:04       0m 29s  ...                1.59         0.04
39  2026-01-23 11:12:33       0m 36s  ...               43.85         1.03
40  2026-01-23 11:13:10       0m 38s  ...               61.84         1.56
41  2026-01-23 11:13:48       0m 36s  ...               46.89         1.19
42  2026-01-23 11:14:25       0m 42s  ...               80.70         2.32
43  2026-01-23 11:15:08       0m 30s  ...                2.90         0.07

[44 rows x 24 columns]
              timestamp time_elapsed  ... severity_rate_patch Gradient_sr2
0   2026-01-23 10:50:57       0m 34s  ...                1.74         0.04
1   2026-01-23 10:51:31       0m 33s  ...                4.36         0.11
2   2026-01-23 10:52:05       0m 33s  ...                0.85         0.02
3   2026-01-23 10:52:38       0m 38s  ...               25.47         0.67
4   2026-01-23 10:53:17       0m 38s  ...               37.39         0.99
5   2026-01-23 10:53:55       0m 31s  ...                0.45         0.01
6   2026-01-23 10:54:26       0m 35s  ...               38.62         0.91
7   2026-01-23 10:55:02       0m 33s  ...               19.86         0.56
8   2026-01-23 10:55:35       0m 34s  ...               39.61         1.05
9   2026-01-23 10:56:10       0m 32s  ...                1.79         0.05
10  2026-01-23 10:56:42       0m 32s  ...                2.79         0.07
11  2026-01-23 10:57:15       0m 38s  ...               20.77         0.49
12  2026-01-23 10:57:53       0m 32s  ...               20.60         0.51
13  2026-01-23 10:58:26       0m 32s  ...               15.28         0.35
14  2026-01-23 10:58:58       0m 35s  ...               30.18         0.79
15  2026-01-23 10:59:34       0m 34s  ...               19.25         0.48
16  2026-01-23 11:00:08       0m 43s  ...               85.84         2.58
17  2026-01-23 11:00:51       0m 29s  ...                0.76         0.02
18  2026-01-23 11:01:21       0m 32s  ...               23.22         0.57
19  2026-01-23 11:01:54       0m 38s  ...               62.76         1.72
20  2026-01-23 11:02:32       0m 29s  ...                1.10         0.03
21  2026-01-23 11:03:02       0m 32s  ...               19.31         0.52
22  2026-01-23 11:03:35       0m 35s  ...               42.05         1.16
23  2026-01-23 11:04:10       0m 28s  ...                6.56         0.18
24  2026-01-23 11:04:38       0m 29s  ...                1.51         0.04
25  2026-01-23 11:05:07       0m 31s  ...                8.51         0.22
26  2026-01-23 11:05:38       0m 32s  ...               12.12         0.31
27  2026-01-23 11:06:11       0m 34s  ...               32.69         0.79
28  2026-01-23 11:06:46       0m 30s  ...                2.15         0.06
29  2026-01-23 11:07:17       0m 30s  ...                2.94         0.07
30  2026-01-23 11:07:47       0m 31s  ...               12.91         0.30
31  2026-01-23 11:08:19       0m 32s  ...               42.77         1.19
32  2026-01-23 11:08:52       0m 38s  ...               65.54         1.89
33  2026-01-23 11:09:30       0m 31s  ...               10.11         0.24
34  2026-01-23 11:10:02       0m 30s  ...                4.05         0.11
35  2026-01-23 11:10:32       0m 30s  ...                1.89         0.05
36  2026-01-23 11:11:03       0m 31s  ...                5.54         0.15
37  2026-01-23 11:11:34       0m 30s  ...                0.46         0.01
38  2026-01-23 11:12:04       0m 29s  ...                1.59         0.04
39  2026-01-23 11:12:33       0m 36s  ...               43.85         1.03
40  2026-01-23 11:13:10       0m 38s  ...               61.84         1.56
41  2026-01-23 11:13:48       0m 36s  ...               46.89         1.19
42  2026-01-23 11:14:25       0m 42s  ...               80.70         2.32
43  2026-01-23 11:15:08       0m 30s  ...                2.90         0.07
44  2026-01-23 11:15:38       0m 32s  ...               11.56         0.29

[45 rows x 24 columns]
[2026-01-23 11:17:46,602] - [root] - [INFO] - Analysis finished: 0m 31s
[2026-01-23 11:17:46,602] - [root] - [INFO] - -------------------------------------------
[2026-01-23 11:17:46,602] - [root] - [INFO] - -------------------------------------------
[2026-01-23 11:17:46,602] - [root] - [INFO] - Processing 1-22-2026 5dpi 123-W2021009-621_R2.png
[2026-01-23 11:18:06,210] - [root] - [INFO] - Finished loading mask: 0m 19s
[2026-01-23 11:18:16,290] - [root] - [INFO] - Finished crop and inference: 0m 29s
[2026-01-23 11:18:17,989] - [root] - [INFO] - Analysis finished: 0m 31s
[2026-01-23 11:18:17,989] - [root] - [INFO] - -------------------------------------------
[2026-01-23 11:18:17,989] - [root] - [INFO] - -------------------------------------------
[2026-01-23 11:18:17,989] - [root] - [INFO] - Processing 1-22-2026 5dpi 127-W2021006-143_R2.png
[2026-01-23 11:18:38,610] - [root] - [INFO] - Finished loading mask: 0m 20s
[2026-01-23 11:18:47,380] - [root] - [INFO] - Finished crop and inference: 0m 29s
              timestamp time_elapsed  ... severity_rate_patch Gradient_sr2
0   2026-01-23 10:50:57       0m 34s  ...                1.74         0.04
1   2026-01-23 10:51:31       0m 33s  ...                4.36         0.11
2   2026-01-23 10:52:05       0m 33s  ...                0.85         0.02
3   2026-01-23 10:52:38       0m 38s  ...               25.47         0.67
4   2026-01-23 10:53:17       0m 38s  ...               37.39         0.99
5   2026-01-23 10:53:55       0m 31s  ...                0.45         0.01
6   2026-01-23 10:54:26       0m 35s  ...               38.62         0.91
7   2026-01-23 10:55:02       0m 33s  ...               19.86         0.56
8   2026-01-23 10:55:35       0m 34s  ...               39.61         1.05
9   2026-01-23 10:56:10       0m 32s  ...                1.79         0.05
10  2026-01-23 10:56:42       0m 32s  ...                2.79         0.07
11  2026-01-23 10:57:15       0m 38s  ...               20.77         0.49
12  2026-01-23 10:57:53       0m 32s  ...               20.60         0.51
13  2026-01-23 10:58:26       0m 32s  ...               15.28         0.35
14  2026-01-23 10:58:58       0m 35s  ...               30.18         0.79
15  2026-01-23 10:59:34       0m 34s  ...               19.25         0.48
16  2026-01-23 11:00:08       0m 43s  ...               85.84         2.58
17  2026-01-23 11:00:51       0m 29s  ...                0.76         0.02
18  2026-01-23 11:01:21       0m 32s  ...               23.22         0.57
19  2026-01-23 11:01:54       0m 38s  ...               62.76         1.72
20  2026-01-23 11:02:32       0m 29s  ...                1.10         0.03
21  2026-01-23 11:03:02       0m 32s  ...               19.31         0.52
22  2026-01-23 11:03:35       0m 35s  ...               42.05         1.16
23  2026-01-23 11:04:10       0m 28s  ...                6.56         0.18
24  2026-01-23 11:04:38       0m 29s  ...                1.51         0.04
25  2026-01-23 11:05:07       0m 31s  ...                8.51         0.22
26  2026-01-23 11:05:38       0m 32s  ...               12.12         0.31
27  2026-01-23 11:06:11       0m 34s  ...               32.69         0.79
28  2026-01-23 11:06:46       0m 30s  ...                2.15         0.06
29  2026-01-23 11:07:17       0m 30s  ...                2.94         0.07
30  2026-01-23 11:07:47       0m 31s  ...               12.91         0.30
31  2026-01-23 11:08:19       0m 32s  ...               42.77         1.19
32  2026-01-23 11:08:52       0m 38s  ...               65.54         1.89
33  2026-01-23 11:09:30       0m 31s  ...               10.11         0.24
34  2026-01-23 11:10:02       0m 30s  ...                4.05         0.11
35  2026-01-23 11:10:32       0m 30s  ...                1.89         0.05
36  2026-01-23 11:11:03       0m 31s  ...                5.54         0.15
37  2026-01-23 11:11:34       0m 30s  ...                0.46         0.01
38  2026-01-23 11:12:04       0m 29s  ...                1.59         0.04
39  2026-01-23 11:12:33       0m 36s  ...               43.85         1.03
40  2026-01-23 11:13:10       0m 38s  ...               61.84         1.56
41  2026-01-23 11:13:48       0m 36s  ...               46.89         1.19
42  2026-01-23 11:14:25       0m 42s  ...               80.70         2.32
43  2026-01-23 11:15:08       0m 30s  ...                2.90         0.07
44  2026-01-23 11:15:38       0m 32s  ...               11.56         0.29
45  2026-01-23 11:16:11       0m 32s  ...                4.11         0.11

[46 rows x 24 columns]
              timestamp time_elapsed  ... severity_rate_patch Gradient_sr2
0   2026-01-23 10:50:57       0m 34s  ...                1.74         0.04
1   2026-01-23 10:51:31       0m 33s  ...                4.36         0.11
2   2026-01-23 10:52:05       0m 33s  ...                0.85         0.02
3   2026-01-23 10:52:38       0m 38s  ...               25.47         0.67
4   2026-01-23 10:53:17       0m 38s  ...               37.39         0.99
5   2026-01-23 10:53:55       0m 31s  ...                0.45         0.01
6   2026-01-23 10:54:26       0m 35s  ...               38.62         0.91
7   2026-01-23 10:55:02       0m 33s  ...               19.86         0.56
8   2026-01-23 10:55:35       0m 34s  ...               39.61         1.05
9   2026-01-23 10:56:10       0m 32s  ...                1.79         0.05
10  2026-01-23 10:56:42       0m 32s  ...                2.79         0.07
11  2026-01-23 10:57:15       0m 38s  ...               20.77         0.49
12  2026-01-23 10:57:53       0m 32s  ...               20.60         0.51
13  2026-01-23 10:58:26       0m 32s  ...               15.28         0.35
14  2026-01-23 10:58:58       0m 35s  ...               30.18         0.79
15  2026-01-23 10:59:34       0m 34s  ...               19.25         0.48
16  2026-01-23 11:00:08       0m 43s  ...               85.84         2.58
17  2026-01-23 11:00:51       0m 29s  ...                0.76         0.02
18  2026-01-23 11:01:21       0m 32s  ...               23.22         0.57
19  2026-01-23 11:01:54       0m 38s  ...               62.76         1.72
20  2026-01-23 11:02:32       0m 29s  ...                1.10         0.03
21  2026-01-23 11:03:02       0m 32s  ...               19.31         0.52
22  2026-01-23 11:03:35       0m 35s  ...               42.05         1.16
23  2026-01-23 11:04:10       0m 28s  ...                6.56         0.18
24  2026-01-23 11:04:38       0m 29s  ...                1.51         0.04
25  2026-01-23 11:05:07       0m 31s  ...                8.51         0.22
26  2026-01-23 11:05:38       0m 32s  ...               12.12         0.31
27  2026-01-23 11:06:11       0m 34s  ...               32.69         0.79
28  2026-01-23 11:06:46       0m 30s  ...                2.15         0.06
29  2026-01-23 11:07:17       0m 30s  ...                2.94         0.07
30  2026-01-23 11:07:47       0m 31s  ...               12.91         0.30
31  2026-01-23 11:08:19       0m 32s  ...               42.77         1.19
32  2026-01-23 11:08:52       0m 38s  ...               65.54         1.89
33  2026-01-23 11:09:30       0m 31s  ...               10.11         0.24
34  2026-01-23 11:10:02       0m 30s  ...                4.05         0.11
35  2026-01-23 11:10:32       0m 30s  ...                1.89         0.05
36  2026-01-23 11:11:03       0m 31s  ...                5.54         0.15
37  2026-01-23 11:11:34       0m 30s  ...                0.46         0.01
38  2026-01-23 11:12:04       0m 29s  ...                1.59         0.04
39  2026-01-23 11:12:33       0m 36s  ...               43.85         1.03
40  2026-01-23 11:13:10       0m 38s  ...               61.84         1.56
41  2026-01-23 11:13:48       0m 36s  ...               46.89         1.19
42  2026-01-23 11:14:25       0m 42s  ...               80.70         2.32
43  2026-01-23 11:15:08       0m 30s  ...                2.90         0.07
44  2026-01-23 11:15:38       0m 32s  ...               11.56         0.29
45  2026-01-23 11:16:11       0m 32s  ...                4.11         0.11
46  2026-01-23 11:16:43       0m 31s  ...               11.45         0.30

[47 rows x 24 columns]
[2026-01-23 11:18:49,015] - [root] - [INFO] - Analysis finished: 0m 31s
[2026-01-23 11:18:49,015] - [root] - [INFO] - -------------------------------------------
[2026-01-23 11:18:49,015] - [root] - [INFO] - -------------------------------------------
[2026-01-23 11:18:49,015] - [root] - [INFO] - Processing 1-22-2026 5dpi 127-W2021009-292_R2.png
[2026-01-23 11:19:09,154] - [root] - [INFO] - Finished loading mask: 0m 20s
[2026-01-23 11:19:31,223] - [root] - [INFO] - Finished crop and inference: 0m 42s
[2026-01-23 11:19:32,871] - [root] - [INFO] - Analysis finished: 0m 43s
[2026-01-23 11:19:32,871] - [root] - [INFO] - -------------------------------------------
[2026-01-23 11:19:32,872] - [root] - [INFO] - -------------------------------------------
[2026-01-23 11:19:32,872] - [root] - [INFO] - Processing 1-22-2026 5dpi 128-W2021006-013_R1.png
[2026-01-23 11:19:52,763] - [root] - [INFO] - Finished loading mask: 0m 19s
[2026-01-23 11:20:10,914] - [root] - [INFO] - Finished crop and inference: 0m 38s
              timestamp time_elapsed  ... severity_rate_patch Gradient_sr2
0   2026-01-23 10:50:57       0m 34s  ...                1.74         0.04
1   2026-01-23 10:51:31       0m 33s  ...                4.36         0.11
2   2026-01-23 10:52:05       0m 33s  ...                0.85         0.02
3   2026-01-23 10:52:38       0m 38s  ...               25.47         0.67
4   2026-01-23 10:53:17       0m 38s  ...               37.39         0.99
5   2026-01-23 10:53:55       0m 31s  ...                0.45         0.01
6   2026-01-23 10:54:26       0m 35s  ...               38.62         0.91
7   2026-01-23 10:55:02       0m 33s  ...               19.86         0.56
8   2026-01-23 10:55:35       0m 34s  ...               39.61         1.05
9   2026-01-23 10:56:10       0m 32s  ...                1.79         0.05
10  2026-01-23 10:56:42       0m 32s  ...                2.79         0.07
11  2026-01-23 10:57:15       0m 38s  ...               20.77         0.49
12  2026-01-23 10:57:53       0m 32s  ...               20.60         0.51
13  2026-01-23 10:58:26       0m 32s  ...               15.28         0.35
14  2026-01-23 10:58:58       0m 35s  ...               30.18         0.79
15  2026-01-23 10:59:34       0m 34s  ...               19.25         0.48
16  2026-01-23 11:00:08       0m 43s  ...               85.84         2.58
17  2026-01-23 11:00:51       0m 29s  ...                0.76         0.02
18  2026-01-23 11:01:21       0m 32s  ...               23.22         0.57
19  2026-01-23 11:01:54       0m 38s  ...               62.76         1.72
20  2026-01-23 11:02:32       0m 29s  ...                1.10         0.03
21  2026-01-23 11:03:02       0m 32s  ...               19.31         0.52
22  2026-01-23 11:03:35       0m 35s  ...               42.05         1.16
23  2026-01-23 11:04:10       0m 28s  ...                6.56         0.18
24  2026-01-23 11:04:38       0m 29s  ...                1.51         0.04
25  2026-01-23 11:05:07       0m 31s  ...                8.51         0.22
26  2026-01-23 11:05:38       0m 32s  ...               12.12         0.31
27  2026-01-23 11:06:11       0m 34s  ...               32.69         0.79
28  2026-01-23 11:06:46       0m 30s  ...                2.15         0.06
29  2026-01-23 11:07:17       0m 30s  ...                2.94         0.07
30  2026-01-23 11:07:47       0m 31s  ...               12.91         0.30
31  2026-01-23 11:08:19       0m 32s  ...               42.77         1.19
32  2026-01-23 11:08:52       0m 38s  ...               65.54         1.89
33  2026-01-23 11:09:30       0m 31s  ...               10.11         0.24
34  2026-01-23 11:10:02       0m 30s  ...                4.05         0.11
35  2026-01-23 11:10:32       0m 30s  ...                1.89         0.05
36  2026-01-23 11:11:03       0m 31s  ...                5.54         0.15
37  2026-01-23 11:11:34       0m 30s  ...                0.46         0.01
38  2026-01-23 11:12:04       0m 29s  ...                1.59         0.04
39  2026-01-23 11:12:33       0m 36s  ...               43.85         1.03
40  2026-01-23 11:13:10       0m 38s  ...               61.84         1.56
41  2026-01-23 11:13:48       0m 36s  ...               46.89         1.19
42  2026-01-23 11:14:25       0m 42s  ...               80.70         2.32
43  2026-01-23 11:15:08       0m 30s  ...                2.90         0.07
44  2026-01-23 11:15:38       0m 32s  ...               11.56         0.29
45  2026-01-23 11:16:11       0m 32s  ...                4.11         0.11
46  2026-01-23 11:16:43       0m 31s  ...               11.45         0.30
47  2026-01-23 11:17:14       0m 31s  ...               11.80         0.25

[48 rows x 24 columns]
              timestamp time_elapsed  ... severity_rate_patch Gradient_sr2
0   2026-01-23 10:50:57       0m 34s  ...                1.74         0.04
1   2026-01-23 10:51:31       0m 33s  ...                4.36         0.11
2   2026-01-23 10:52:05       0m 33s  ...                0.85         0.02
3   2026-01-23 10:52:38       0m 38s  ...               25.47         0.67
4   2026-01-23 10:53:17       0m 38s  ...               37.39         0.99
5   2026-01-23 10:53:55       0m 31s  ...                0.45         0.01
6   2026-01-23 10:54:26       0m 35s  ...               38.62         0.91
7   2026-01-23 10:55:02       0m 33s  ...               19.86         0.56
8   2026-01-23 10:55:35       0m 34s  ...               39.61         1.05
9   2026-01-23 10:56:10       0m 32s  ...                1.79         0.05
10  2026-01-23 10:56:42       0m 32s  ...                2.79         0.07
11  2026-01-23 10:57:15       0m 38s  ...               20.77         0.49
12  2026-01-23 10:57:53       0m 32s  ...               20.60         0.51
13  2026-01-23 10:58:26       0m 32s  ...               15.28         0.35
14  2026-01-23 10:58:58       0m 35s  ...               30.18         0.79
15  2026-01-23 10:59:34       0m 34s  ...               19.25         0.48
16  2026-01-23 11:00:08       0m 43s  ...               85.84         2.58
17  2026-01-23 11:00:51       0m 29s  ...                0.76         0.02
18  2026-01-23 11:01:21       0m 32s  ...               23.22         0.57
19  2026-01-23 11:01:54       0m 38s  ...               62.76         1.72
20  2026-01-23 11:02:32       0m 29s  ...                1.10         0.03
21  2026-01-23 11:03:02       0m 32s  ...               19.31         0.52
22  2026-01-23 11:03:35       0m 35s  ...               42.05         1.16
23  2026-01-23 11:04:10       0m 28s  ...                6.56         0.18
24  2026-01-23 11:04:38       0m 29s  ...                1.51         0.04
25  2026-01-23 11:05:07       0m 31s  ...                8.51         0.22
26  2026-01-23 11:05:38       0m 32s  ...               12.12         0.31
27  2026-01-23 11:06:11       0m 34s  ...               32.69         0.79
28  2026-01-23 11:06:46       0m 30s  ...                2.15         0.06
29  2026-01-23 11:07:17       0m 30s  ...                2.94         0.07
30  2026-01-23 11:07:47       0m 31s  ...               12.91         0.30
31  2026-01-23 11:08:19       0m 32s  ...               42.77         1.19
32  2026-01-23 11:08:52       0m 38s  ...               65.54         1.89
33  2026-01-23 11:09:30       0m 31s  ...               10.11         0.24
34  2026-01-23 11:10:02       0m 30s  ...                4.05         0.11
35  2026-01-23 11:10:32       0m 30s  ...                1.89         0.05
36  2026-01-23 11:11:03       0m 31s  ...                5.54         0.15
37  2026-01-23 11:11:34       0m 30s  ...                0.46         0.01
38  2026-01-23 11:12:04       0m 29s  ...                1.59         0.04
39  2026-01-23 11:12:33       0m 36s  ...               43.85         1.03
40  2026-01-23 11:13:10       0m 38s  ...               61.84         1.56
41  2026-01-23 11:13:48       0m 36s  ...               46.89         1.19
42  2026-01-23 11:14:25       0m 42s  ...               80.70         2.32
43  2026-01-23 11:15:08       0m 30s  ...                2.90         0.07
44  2026-01-23 11:15:38       0m 32s  ...               11.56         0.29
45  2026-01-23 11:16:11       0m 32s  ...                4.11         0.11
46  2026-01-23 11:16:43       0m 31s  ...               11.45         0.30
47  2026-01-23 11:17:14       0m 31s  ...               11.80         0.25
48  2026-01-23 11:17:46       0m 31s  ...                6.42         0.18

[49 rows x 24 columns]
[2026-01-23 11:20:12,486] - [root] - [INFO] - Analysis finished: 0m 39s
[2026-01-23 11:20:12,486] - [root] - [INFO] - -------------------------------------------
[2026-01-23 11:20:12,486] - [root] - [INFO] - -------------------------------------------
[2026-01-23 11:20:12,486] - [root] - [INFO] - Processing 1-22-2026 5dpi 129-W2021006-119_R2.png
[2026-01-23 11:20:32,447] - [root] - [INFO] - Finished loading mask: 0m 19s
[2026-01-23 11:20:43,157] - [root] - [INFO] - Finished crop and inference: 0m 30s
[2026-01-23 11:20:44,918] - [root] - [INFO] - Analysis finished: 0m 32s
[2026-01-23 11:20:44,918] - [root] - [INFO] - -------------------------------------------
[2026-01-23 11:20:44,920] - [root] - [INFO] - -------------------------------------------
[2026-01-23 11:20:44,920] - [root] - [INFO] - Processing 1-22-2026 5dpi 132-W2021010-399_R1.png
[2026-01-23 11:21:04,946] - [root] - [INFO] - Finished loading mask: 0m 20s
[2026-01-23 11:21:13,901] - [root] - [INFO] - Finished crop and inference: 0m 28s
              timestamp time_elapsed  ... severity_rate_patch Gradient_sr2
0   2026-01-23 10:50:57       0m 34s  ...                1.74         0.04
1   2026-01-23 10:51:31       0m 33s  ...                4.36         0.11
2   2026-01-23 10:52:05       0m 33s  ...                0.85         0.02
3   2026-01-23 10:52:38       0m 38s  ...               25.47         0.67
4   2026-01-23 10:53:17       0m 38s  ...               37.39         0.99
5   2026-01-23 10:53:55       0m 31s  ...                0.45         0.01
6   2026-01-23 10:54:26       0m 35s  ...               38.62         0.91
7   2026-01-23 10:55:02       0m 33s  ...               19.86         0.56
8   2026-01-23 10:55:35       0m 34s  ...               39.61         1.05
9   2026-01-23 10:56:10       0m 32s  ...                1.79         0.05
10  2026-01-23 10:56:42       0m 32s  ...                2.79         0.07
11  2026-01-23 10:57:15       0m 38s  ...               20.77         0.49
12  2026-01-23 10:57:53       0m 32s  ...               20.60         0.51
13  2026-01-23 10:58:26       0m 32s  ...               15.28         0.35
14  2026-01-23 10:58:58       0m 35s  ...               30.18         0.79
15  2026-01-23 10:59:34       0m 34s  ...               19.25         0.48
16  2026-01-23 11:00:08       0m 43s  ...               85.84         2.58
17  2026-01-23 11:00:51       0m 29s  ...                0.76         0.02
18  2026-01-23 11:01:21       0m 32s  ...               23.22         0.57
19  2026-01-23 11:01:54       0m 38s  ...               62.76         1.72
20  2026-01-23 11:02:32       0m 29s  ...                1.10         0.03
21  2026-01-23 11:03:02       0m 32s  ...               19.31         0.52
22  2026-01-23 11:03:35       0m 35s  ...               42.05         1.16
23  2026-01-23 11:04:10       0m 28s  ...                6.56         0.18
24  2026-01-23 11:04:38       0m 29s  ...                1.51         0.04
25  2026-01-23 11:05:07       0m 31s  ...                8.51         0.22
26  2026-01-23 11:05:38       0m 32s  ...               12.12         0.31
27  2026-01-23 11:06:11       0m 34s  ...               32.69         0.79
28  2026-01-23 11:06:46       0m 30s  ...                2.15         0.06
29  2026-01-23 11:07:17       0m 30s  ...                2.94         0.07
30  2026-01-23 11:07:47       0m 31s  ...               12.91         0.30
31  2026-01-23 11:08:19       0m 32s  ...               42.77         1.19
32  2026-01-23 11:08:52       0m 38s  ...               65.54         1.89
33  2026-01-23 11:09:30       0m 31s  ...               10.11         0.24
34  2026-01-23 11:10:02       0m 30s  ...                4.05         0.11
35  2026-01-23 11:10:32       0m 30s  ...                1.89         0.05
36  2026-01-23 11:11:03       0m 31s  ...                5.54         0.15
37  2026-01-23 11:11:34       0m 30s  ...                0.46         0.01
38  2026-01-23 11:12:04       0m 29s  ...                1.59         0.04
39  2026-01-23 11:12:33       0m 36s  ...               43.85         1.03
40  2026-01-23 11:13:10       0m 38s  ...               61.84         1.56
41  2026-01-23 11:13:48       0m 36s  ...               46.89         1.19
42  2026-01-23 11:14:25       0m 42s  ...               80.70         2.32
43  2026-01-23 11:15:08       0m 30s  ...                2.90         0.07
44  2026-01-23 11:15:38       0m 32s  ...               11.56         0.29
45  2026-01-23 11:16:11       0m 32s  ...                4.11         0.11
46  2026-01-23 11:16:43       0m 31s  ...               11.45         0.30
47  2026-01-23 11:17:14       0m 31s  ...               11.80         0.25
48  2026-01-23 11:17:46       0m 31s  ...                6.42         0.18
49  2026-01-23 11:18:17       0m 31s  ...                0.93         0.03

[50 rows x 24 columns]
              timestamp time_elapsed  ... severity_rate_patch Gradient_sr2
0   2026-01-23 10:50:57       0m 34s  ...                1.74         0.04
1   2026-01-23 10:51:31       0m 33s  ...                4.36         0.11
2   2026-01-23 10:52:05       0m 33s  ...                0.85         0.02
3   2026-01-23 10:52:38       0m 38s  ...               25.47         0.67
4   2026-01-23 10:53:17       0m 38s  ...               37.39         0.99
5   2026-01-23 10:53:55       0m 31s  ...                0.45         0.01
6   2026-01-23 10:54:26       0m 35s  ...               38.62         0.91
7   2026-01-23 10:55:02       0m 33s  ...               19.86         0.56
8   2026-01-23 10:55:35       0m 34s  ...               39.61         1.05
9   2026-01-23 10:56:10       0m 32s  ...                1.79         0.05
10  2026-01-23 10:56:42       0m 32s  ...                2.79         0.07
11  2026-01-23 10:57:15       0m 38s  ...               20.77         0.49
12  2026-01-23 10:57:53       0m 32s  ...               20.60         0.51
13  2026-01-23 10:58:26       0m 32s  ...               15.28         0.35
14  2026-01-23 10:58:58       0m 35s  ...               30.18         0.79
15  2026-01-23 10:59:34       0m 34s  ...               19.25         0.48
16  2026-01-23 11:00:08       0m 43s  ...               85.84         2.58
17  2026-01-23 11:00:51       0m 29s  ...                0.76         0.02
18  2026-01-23 11:01:21       0m 32s  ...               23.22         0.57
19  2026-01-23 11:01:54       0m 38s  ...               62.76         1.72
20  2026-01-23 11:02:32       0m 29s  ...                1.10         0.03
21  2026-01-23 11:03:02       0m 32s  ...               19.31         0.52
22  2026-01-23 11:03:35       0m 35s  ...               42.05         1.16
23  2026-01-23 11:04:10       0m 28s  ...                6.56         0.18
24  2026-01-23 11:04:38       0m 29s  ...                1.51         0.04
25  2026-01-23 11:05:07       0m 31s  ...                8.51         0.22
26  2026-01-23 11:05:38       0m 32s  ...               12.12         0.31
27  2026-01-23 11:06:11       0m 34s  ...               32.69         0.79
28  2026-01-23 11:06:46       0m 30s  ...                2.15         0.06
29  2026-01-23 11:07:17       0m 30s  ...                2.94         0.07
30  2026-01-23 11:07:47       0m 31s  ...               12.91         0.30
31  2026-01-23 11:08:19       0m 32s  ...               42.77         1.19
32  2026-01-23 11:08:52       0m 38s  ...               65.54         1.89
33  2026-01-23 11:09:30       0m 31s  ...               10.11         0.24
34  2026-01-23 11:10:02       0m 30s  ...                4.05         0.11
35  2026-01-23 11:10:32       0m 30s  ...                1.89         0.05
36  2026-01-23 11:11:03       0m 31s  ...                5.54         0.15
37  2026-01-23 11:11:34       0m 30s  ...                0.46         0.01
38  2026-01-23 11:12:04       0m 29s  ...                1.59         0.04
39  2026-01-23 11:12:33       0m 36s  ...               43.85         1.03
40  2026-01-23 11:13:10       0m 38s  ...               61.84         1.56
41  2026-01-23 11:13:48       0m 36s  ...               46.89         1.19
42  2026-01-23 11:14:25       0m 42s  ...               80.70         2.32
43  2026-01-23 11:15:08       0m 30s  ...                2.90         0.07
44  2026-01-23 11:15:38       0m 32s  ...               11.56         0.29
45  2026-01-23 11:16:11       0m 32s  ...                4.11         0.11
46  2026-01-23 11:16:43       0m 31s  ...               11.45         0.30
47  2026-01-23 11:17:14       0m 31s  ...               11.80         0.25
48  2026-01-23 11:17:46       0m 31s  ...                6.42         0.18
49  2026-01-23 11:18:17       0m 31s  ...                0.93         0.03
50  2026-01-23 11:18:49       0m 43s  ...               83.75         2.58

[51 rows x 24 columns]
[2026-01-23 11:21:15,569] - [root] - [INFO] - Analysis finished: 0m 30s
[2026-01-23 11:21:15,569] - [root] - [INFO] - -------------------------------------------
[2026-01-23 11:21:15,569] - [root] - [INFO] - -------------------------------------------
[2026-01-23 11:21:15,569] - [root] - [INFO] - Processing 1-22-2026 5dpi 132-W2021011-644_R2.png
[2026-01-23 11:21:36,161] - [root] - [INFO] - Finished loading mask: 0m 20s
[2026-01-23 11:21:47,554] - [root] - [INFO] - Finished crop and inference: 0m 31s
              timestamp time_elapsed  ... severity_rate_patch Gradient_sr2
0   2026-01-23 10:50:57       0m 34s  ...                1.74         0.04
1   2026-01-23 10:51:31       0m 33s  ...                4.36         0.11
2   2026-01-23 10:52:05       0m 33s  ...                0.85         0.02
3   2026-01-23 10:52:38       0m 38s  ...               25.47         0.67
4   2026-01-23 10:53:17       0m 38s  ...               37.39         0.99
5   2026-01-23 10:53:55       0m 31s  ...                0.45         0.01
6   2026-01-23 10:54:26       0m 35s  ...               38.62         0.91
7   2026-01-23 10:55:02       0m 33s  ...               19.86         0.56
8   2026-01-23 10:55:35       0m 34s  ...               39.61         1.05
9   2026-01-23 10:56:10       0m 32s  ...                1.79         0.05
10  2026-01-23 10:56:42       0m 32s  ...                2.79         0.07
11  2026-01-23 10:57:15       0m 38s  ...               20.77         0.49
12  2026-01-23 10:57:53       0m 32s  ...               20.60         0.51
13  2026-01-23 10:58:26       0m 32s  ...               15.28         0.35
14  2026-01-23 10:58:58       0m 35s  ...               30.18         0.79
15  2026-01-23 10:59:34       0m 34s  ...               19.25         0.48
16  2026-01-23 11:00:08       0m 43s  ...               85.84         2.58
17  2026-01-23 11:00:51       0m 29s  ...                0.76         0.02
18  2026-01-23 11:01:21       0m 32s  ...               23.22         0.57
19  2026-01-23 11:01:54       0m 38s  ...               62.76         1.72
20  2026-01-23 11:02:32       0m 29s  ...                1.10         0.03
21  2026-01-23 11:03:02       0m 32s  ...               19.31         0.52
22  2026-01-23 11:03:35       0m 35s  ...               42.05         1.16
23  2026-01-23 11:04:10       0m 28s  ...                6.56         0.18
24  2026-01-23 11:04:38       0m 29s  ...                1.51         0.04
25  2026-01-23 11:05:07       0m 31s  ...                8.51         0.22
26  2026-01-23 11:05:38       0m 32s  ...               12.12         0.31
27  2026-01-23 11:06:11       0m 34s  ...               32.69         0.79
28  2026-01-23 11:06:46       0m 30s  ...                2.15         0.06
29  2026-01-23 11:07:17       0m 30s  ...                2.94         0.07
30  2026-01-23 11:07:47       0m 31s  ...               12.91         0.30
31  2026-01-23 11:08:19       0m 32s  ...               42.77         1.19
32  2026-01-23 11:08:52       0m 38s  ...               65.54         1.89
33  2026-01-23 11:09:30       0m 31s  ...               10.11         0.24
34  2026-01-23 11:10:02       0m 30s  ...                4.05         0.11
35  2026-01-23 11:10:32       0m 30s  ...                1.89         0.05
36  2026-01-23 11:11:03       0m 31s  ...                5.54         0.15
37  2026-01-23 11:11:34       0m 30s  ...                0.46         0.01
38  2026-01-23 11:12:04       0m 29s  ...                1.59         0.04
39  2026-01-23 11:12:33       0m 36s  ...               43.85         1.03
40  2026-01-23 11:13:10       0m 38s  ...               61.84         1.56
41  2026-01-23 11:13:48       0m 36s  ...               46.89         1.19
42  2026-01-23 11:14:25       0m 42s  ...               80.70         2.32
43  2026-01-23 11:15:08       0m 30s  ...                2.90         0.07
44  2026-01-23 11:15:38       0m 32s  ...               11.56         0.29
45  2026-01-23 11:16:11       0m 32s  ...                4.11         0.11
46  2026-01-23 11:16:43       0m 31s  ...               11.45         0.30
47  2026-01-23 11:17:14       0m 31s  ...               11.80         0.25
48  2026-01-23 11:17:46       0m 31s  ...                6.42         0.18
49  2026-01-23 11:18:17       0m 31s  ...                0.93         0.03
50  2026-01-23 11:18:49       0m 43s  ...               83.75         2.58
51  2026-01-23 11:19:32       0m 39s  ...               77.72         2.05

[52 rows x 24 columns]
              timestamp time_elapsed  ... severity_rate_patch Gradient_sr2
0   2026-01-23 10:50:57       0m 34s  ...                1.74         0.04
1   2026-01-23 10:51:31       0m 33s  ...                4.36         0.11
2   2026-01-23 10:52:05       0m 33s  ...                0.85         0.02
3   2026-01-23 10:52:38       0m 38s  ...               25.47         0.67
4   2026-01-23 10:53:17       0m 38s  ...               37.39         0.99
5   2026-01-23 10:53:55       0m 31s  ...                0.45         0.01
6   2026-01-23 10:54:26       0m 35s  ...               38.62         0.91
7   2026-01-23 10:55:02       0m 33s  ...               19.86         0.56
8   2026-01-23 10:55:35       0m 34s  ...               39.61         1.05
9   2026-01-23 10:56:10       0m 32s  ...                1.79         0.05
10  2026-01-23 10:56:42       0m 32s  ...                2.79         0.07
11  2026-01-23 10:57:15       0m 38s  ...               20.77         0.49
12  2026-01-23 10:57:53       0m 32s  ...               20.60         0.51
13  2026-01-23 10:58:26       0m 32s  ...               15.28         0.35
14  2026-01-23 10:58:58       0m 35s  ...               30.18         0.79
15  2026-01-23 10:59:34       0m 34s  ...               19.25         0.48
16  2026-01-23 11:00:08       0m 43s  ...               85.84         2.58
17  2026-01-23 11:00:51       0m 29s  ...                0.76         0.02
18  2026-01-23 11:01:21       0m 32s  ...               23.22         0.57
19  2026-01-23 11:01:54       0m 38s  ...               62.76         1.72
20  2026-01-23 11:02:32       0m 29s  ...                1.10         0.03
21  2026-01-23 11:03:02       0m 32s  ...               19.31         0.52
22  2026-01-23 11:03:35       0m 35s  ...               42.05         1.16
23  2026-01-23 11:04:10       0m 28s  ...                6.56         0.18
24  2026-01-23 11:04:38       0m 29s  ...                1.51         0.04
25  2026-01-23 11:05:07       0m 31s  ...                8.51         0.22
26  2026-01-23 11:05:38       0m 32s  ...               12.12         0.31
27  2026-01-23 11:06:11       0m 34s  ...               32.69         0.79
28  2026-01-23 11:06:46       0m 30s  ...                2.15         0.06
29  2026-01-23 11:07:17       0m 30s  ...                2.94         0.07
30  2026-01-23 11:07:47       0m 31s  ...               12.91         0.30
31  2026-01-23 11:08:19       0m 32s  ...               42.77         1.19
32  2026-01-23 11:08:52       0m 38s  ...               65.54         1.89
33  2026-01-23 11:09:30       0m 31s  ...               10.11         0.24
34  2026-01-23 11:10:02       0m 30s  ...                4.05         0.11
35  2026-01-23 11:10:32       0m 30s  ...                1.89         0.05
36  2026-01-23 11:11:03       0m 31s  ...                5.54         0.15
37  2026-01-23 11:11:34       0m 30s  ...                0.46         0.01
38  2026-01-23 11:12:04       0m 29s  ...                1.59         0.04
39  2026-01-23 11:12:33       0m 36s  ...               43.85         1.03
40  2026-01-23 11:13:10       0m 38s  ...               61.84         1.56
41  2026-01-23 11:13:48       0m 36s  ...               46.89         1.19
42  2026-01-23 11:14:25       0m 42s  ...               80.70         2.32
43  2026-01-23 11:15:08       0m 30s  ...                2.90         0.07
44  2026-01-23 11:15:38       0m 32s  ...               11.56         0.29
45  2026-01-23 11:16:11       0m 32s  ...                4.11         0.11
46  2026-01-23 11:16:43       0m 31s  ...               11.45         0.30
47  2026-01-23 11:17:14       0m 31s  ...               11.80         0.25
48  2026-01-23 11:17:46       0m 31s  ...                6.42         0.18
49  2026-01-23 11:18:17       0m 31s  ...                0.93         0.03
50  2026-01-23 11:18:49       0m 43s  ...               83.75         2.58
51  2026-01-23 11:19:32       0m 39s  ...               77.72         2.05
52  2026-01-23 11:20:12       0m 32s  ...                8.96         0.25

[53 rows x 24 columns]
[2026-01-23 11:21:49,168] - [root] - [INFO] - Analysis finished: 0m 33s
[2026-01-23 11:21:49,168] - [root] - [INFO] - -------------------------------------------
[2026-01-23 11:21:49,168] - [root] - [INFO] - -------------------------------------------
[2026-01-23 11:21:49,168] - [root] - [INFO] - Processing 1-22-2026 5dpi 134-W2021006-001_R1.png
[2026-01-23 11:22:09,327] - [root] - [INFO] - Finished loading mask: 0m 20s
[2026-01-23 11:22:25,039] - [root] - [INFO] - Finished crop and inference: 0m 35s
              timestamp time_elapsed  ... severity_rate_patch Gradient_sr2
0   2026-01-23 10:50:57       0m 34s  ...                1.74         0.04
1   2026-01-23 10:51:31       0m 33s  ...                4.36         0.11
2   2026-01-23 10:52:05       0m 33s  ...                0.85         0.02
3   2026-01-23 10:52:38       0m 38s  ...               25.47         0.67
4   2026-01-23 10:53:17       0m 38s  ...               37.39         0.99
5   2026-01-23 10:53:55       0m 31s  ...                0.45         0.01
6   2026-01-23 10:54:26       0m 35s  ...               38.62         0.91
7   2026-01-23 10:55:02       0m 33s  ...               19.86         0.56
8   2026-01-23 10:55:35       0m 34s  ...               39.61         1.05
9   2026-01-23 10:56:10       0m 32s  ...                1.79         0.05
10  2026-01-23 10:56:42       0m 32s  ...                2.79         0.07
11  2026-01-23 10:57:15       0m 38s  ...               20.77         0.49
12  2026-01-23 10:57:53       0m 32s  ...               20.60         0.51
13  2026-01-23 10:58:26       0m 32s  ...               15.28         0.35
14  2026-01-23 10:58:58       0m 35s  ...               30.18         0.79
15  2026-01-23 10:59:34       0m 34s  ...               19.25         0.48
16  2026-01-23 11:00:08       0m 43s  ...               85.84         2.58
17  2026-01-23 11:00:51       0m 29s  ...                0.76         0.02
18  2026-01-23 11:01:21       0m 32s  ...               23.22         0.57
19  2026-01-23 11:01:54       0m 38s  ...               62.76         1.72
20  2026-01-23 11:02:32       0m 29s  ...                1.10         0.03
21  2026-01-23 11:03:02       0m 32s  ...               19.31         0.52
22  2026-01-23 11:03:35       0m 35s  ...               42.05         1.16
23  2026-01-23 11:04:10       0m 28s  ...                6.56         0.18
24  2026-01-23 11:04:38       0m 29s  ...                1.51         0.04
25  2026-01-23 11:05:07       0m 31s  ...                8.51         0.22
26  2026-01-23 11:05:38       0m 32s  ...               12.12         0.31
27  2026-01-23 11:06:11       0m 34s  ...               32.69         0.79
28  2026-01-23 11:06:46       0m 30s  ...                2.15         0.06
29  2026-01-23 11:07:17       0m 30s  ...                2.94         0.07
30  2026-01-23 11:07:47       0m 31s  ...               12.91         0.30
31  2026-01-23 11:08:19       0m 32s  ...               42.77         1.19
32  2026-01-23 11:08:52       0m 38s  ...               65.54         1.89
33  2026-01-23 11:09:30       0m 31s  ...               10.11         0.24
34  2026-01-23 11:10:02       0m 30s  ...                4.05         0.11
35  2026-01-23 11:10:32       0m 30s  ...                1.89         0.05
36  2026-01-23 11:11:03       0m 31s  ...                5.54         0.15
37  2026-01-23 11:11:34       0m 30s  ...                0.46         0.01
38  2026-01-23 11:12:04       0m 29s  ...                1.59         0.04
39  2026-01-23 11:12:33       0m 36s  ...               43.85         1.03
40  2026-01-23 11:13:10       0m 38s  ...               61.84         1.56
41  2026-01-23 11:13:48       0m 36s  ...               46.89         1.19
42  2026-01-23 11:14:25       0m 42s  ...               80.70         2.32
43  2026-01-23 11:15:08       0m 30s  ...                2.90         0.07
44  2026-01-23 11:15:38       0m 32s  ...               11.56         0.29
45  2026-01-23 11:16:11       0m 32s  ...                4.11         0.11
46  2026-01-23 11:16:43       0m 31s  ...               11.45         0.30
47  2026-01-23 11:17:14       0m 31s  ...               11.80         0.25
48  2026-01-23 11:17:46       0m 31s  ...                6.42         0.18
49  2026-01-23 11:18:17       0m 31s  ...                0.93         0.03
50  2026-01-23 11:18:49       0m 43s  ...               83.75         2.58
51  2026-01-23 11:19:32       0m 39s  ...               77.72         2.05
52  2026-01-23 11:20:12       0m 32s  ...                8.96         0.25
53  2026-01-23 11:20:44       0m 30s  ...                1.10         0.03

[54 rows x 24 columns]
[2026-01-23 11:22:26,689] - [root] - [INFO] - Analysis finished: 0m 37s
[2026-01-23 11:22:26,689] - [root] - [INFO] - -------------------------------------------
[2026-01-23 11:22:26,689] - [root] - [INFO] - -------------------------------------------
[2026-01-23 11:22:26,689] - [root] - [INFO] - Processing 1-22-2026 5dpi 134-W2021009-275_R1.png
[2026-01-23 11:22:46,712] - [root] - [INFO] - Finished loading mask: 0m 20s
[2026-01-23 11:23:00,139] - [root] - [INFO] - Finished crop and inference: 0m 33s
              timestamp time_elapsed  ... severity_rate_patch Gradient_sr2
0   2026-01-23 10:50:57       0m 34s  ...                1.74         0.04
1   2026-01-23 10:51:31       0m 33s  ...                4.36         0.11
2   2026-01-23 10:52:05       0m 33s  ...                0.85         0.02
3   2026-01-23 10:52:38       0m 38s  ...               25.47         0.67
4   2026-01-23 10:53:17       0m 38s  ...               37.39         0.99
5   2026-01-23 10:53:55       0m 31s  ...                0.45         0.01
6   2026-01-23 10:54:26       0m 35s  ...               38.62         0.91
7   2026-01-23 10:55:02       0m 33s  ...               19.86         0.56
8   2026-01-23 10:55:35       0m 34s  ...               39.61         1.05
9   2026-01-23 10:56:10       0m 32s  ...                1.79         0.05
10  2026-01-23 10:56:42       0m 32s  ...                2.79         0.07
11  2026-01-23 10:57:15       0m 38s  ...               20.77         0.49
12  2026-01-23 10:57:53       0m 32s  ...               20.60         0.51
13  2026-01-23 10:58:26       0m 32s  ...               15.28         0.35
14  2026-01-23 10:58:58       0m 35s  ...               30.18         0.79
15  2026-01-23 10:59:34       0m 34s  ...               19.25         0.48
16  2026-01-23 11:00:08       0m 43s  ...               85.84         2.58
17  2026-01-23 11:00:51       0m 29s  ...                0.76         0.02
18  2026-01-23 11:01:21       0m 32s  ...               23.22         0.57
19  2026-01-23 11:01:54       0m 38s  ...               62.76         1.72
20  2026-01-23 11:02:32       0m 29s  ...                1.10         0.03
21  2026-01-23 11:03:02       0m 32s  ...               19.31         0.52
22  2026-01-23 11:03:35       0m 35s  ...               42.05         1.16
23  2026-01-23 11:04:10       0m 28s  ...                6.56         0.18
24  2026-01-23 11:04:38       0m 29s  ...                1.51         0.04
25  2026-01-23 11:05:07       0m 31s  ...                8.51         0.22
26  2026-01-23 11:05:38       0m 32s  ...               12.12         0.31
27  2026-01-23 11:06:11       0m 34s  ...               32.69         0.79
28  2026-01-23 11:06:46       0m 30s  ...                2.15         0.06
29  2026-01-23 11:07:17       0m 30s  ...                2.94         0.07
30  2026-01-23 11:07:47       0m 31s  ...               12.91         0.30
31  2026-01-23 11:08:19       0m 32s  ...               42.77         1.19
32  2026-01-23 11:08:52       0m 38s  ...               65.54         1.89
33  2026-01-23 11:09:30       0m 31s  ...               10.11         0.24
34  2026-01-23 11:10:02       0m 30s  ...                4.05         0.11
35  2026-01-23 11:10:32       0m 30s  ...                1.89         0.05
36  2026-01-23 11:11:03       0m 31s  ...                5.54         0.15
37  2026-01-23 11:11:34       0m 30s  ...                0.46         0.01
38  2026-01-23 11:12:04       0m 29s  ...                1.59         0.04
39  2026-01-23 11:12:33       0m 36s  ...               43.85         1.03
40  2026-01-23 11:13:10       0m 38s  ...               61.84         1.56
41  2026-01-23 11:13:48       0m 36s  ...               46.89         1.19
42  2026-01-23 11:14:25       0m 42s  ...               80.70         2.32
43  2026-01-23 11:15:08       0m 30s  ...                2.90         0.07
44  2026-01-23 11:15:38       0m 32s  ...               11.56         0.29
45  2026-01-23 11:16:11       0m 32s  ...                4.11         0.11
46  2026-01-23 11:16:43       0m 31s  ...               11.45         0.30
47  2026-01-23 11:17:14       0m 31s  ...               11.80         0.25
48  2026-01-23 11:17:46       0m 31s  ...                6.42         0.18
49  2026-01-23 11:18:17       0m 31s  ...                0.93         0.03
50  2026-01-23 11:18:49       0m 43s  ...               83.75         2.58
51  2026-01-23 11:19:32       0m 39s  ...               77.72         2.05
52  2026-01-23 11:20:12       0m 32s  ...                8.96         0.25
53  2026-01-23 11:20:44       0m 30s  ...                1.10         0.03
54  2026-01-23 11:21:15       0m 33s  ...               11.88         0.29

[55 rows x 24 columns]
[2026-01-23 11:23:01,709] - [root] - [INFO] - Analysis finished: 0m 35s
[2026-01-23 11:23:01,709] - [root] - [INFO] - -------------------------------------------
[2026-01-23 11:23:01,709] - [root] - [INFO] - -------------------------------------------
[2026-01-23 11:23:01,709] - [root] - [INFO] - Processing 1-22-2026 5dpi 137-W2021010-342_R2.png
[2026-01-23 11:23:21,628] - [root] - [INFO] - Finished loading mask: 0m 19s
[2026-01-23 11:23:31,503] - [root] - [INFO] - Finished crop and inference: 0m 29s
              timestamp time_elapsed  ... severity_rate_patch Gradient_sr2
0   2026-01-23 10:50:57       0m 34s  ...                1.74         0.04
1   2026-01-23 10:51:31       0m 33s  ...                4.36         0.11
2   2026-01-23 10:52:05       0m 33s  ...                0.85         0.02
3   2026-01-23 10:52:38       0m 38s  ...               25.47         0.67
4   2026-01-23 10:53:17       0m 38s  ...               37.39         0.99
5   2026-01-23 10:53:55       0m 31s  ...                0.45         0.01
6   2026-01-23 10:54:26       0m 35s  ...               38.62         0.91
7   2026-01-23 10:55:02       0m 33s  ...               19.86         0.56
8   2026-01-23 10:55:35       0m 34s  ...               39.61         1.05
9   2026-01-23 10:56:10       0m 32s  ...                1.79         0.05
10  2026-01-23 10:56:42       0m 32s  ...                2.79         0.07
11  2026-01-23 10:57:15       0m 38s  ...               20.77         0.49
12  2026-01-23 10:57:53       0m 32s  ...               20.60         0.51
13  2026-01-23 10:58:26       0m 32s  ...               15.28         0.35
14  2026-01-23 10:58:58       0m 35s  ...               30.18         0.79
15  2026-01-23 10:59:34       0m 34s  ...               19.25         0.48
16  2026-01-23 11:00:08       0m 43s  ...               85.84         2.58
17  2026-01-23 11:00:51       0m 29s  ...                0.76         0.02
18  2026-01-23 11:01:21       0m 32s  ...               23.22         0.57
19  2026-01-23 11:01:54       0m 38s  ...               62.76         1.72
20  2026-01-23 11:02:32       0m 29s  ...                1.10         0.03
21  2026-01-23 11:03:02       0m 32s  ...               19.31         0.52
22  2026-01-23 11:03:35       0m 35s  ...               42.05         1.16
23  2026-01-23 11:04:10       0m 28s  ...                6.56         0.18
24  2026-01-23 11:04:38       0m 29s  ...                1.51         0.04
25  2026-01-23 11:05:07       0m 31s  ...                8.51         0.22
26  2026-01-23 11:05:38       0m 32s  ...               12.12         0.31
27  2026-01-23 11:06:11       0m 34s  ...               32.69         0.79
28  2026-01-23 11:06:46       0m 30s  ...                2.15         0.06
29  2026-01-23 11:07:17       0m 30s  ...                2.94         0.07
30  2026-01-23 11:07:47       0m 31s  ...               12.91         0.30
31  2026-01-23 11:08:19       0m 32s  ...               42.77         1.19
32  2026-01-23 11:08:52       0m 38s  ...               65.54         1.89
33  2026-01-23 11:09:30       0m 31s  ...               10.11         0.24
34  2026-01-23 11:10:02       0m 30s  ...                4.05         0.11
35  2026-01-23 11:10:32       0m 30s  ...                1.89         0.05
36  2026-01-23 11:11:03       0m 31s  ...                5.54         0.15
37  2026-01-23 11:11:34       0m 30s  ...                0.46         0.01
38  2026-01-23 11:12:04       0m 29s  ...                1.59         0.04
39  2026-01-23 11:12:33       0m 36s  ...               43.85         1.03
40  2026-01-23 11:13:10       0m 38s  ...               61.84         1.56
41  2026-01-23 11:13:48       0m 36s  ...               46.89         1.19
42  2026-01-23 11:14:25       0m 42s  ...               80.70         2.32
43  2026-01-23 11:15:08       0m 30s  ...                2.90         0.07
44  2026-01-23 11:15:38       0m 32s  ...               11.56         0.29
45  2026-01-23 11:16:11       0m 32s  ...                4.11         0.11
46  2026-01-23 11:16:43       0m 31s  ...               11.45         0.30
47  2026-01-23 11:17:14       0m 31s  ...               11.80         0.25
48  2026-01-23 11:17:46       0m 31s  ...                6.42         0.18
49  2026-01-23 11:18:17       0m 31s  ...                0.93         0.03
50  2026-01-23 11:18:49       0m 43s  ...               83.75         2.58
51  2026-01-23 11:19:32       0m 39s  ...               77.72         2.05
52  2026-01-23 11:20:12       0m 32s  ...                8.96         0.25
53  2026-01-23 11:20:44       0m 30s  ...                1.10         0.03
54  2026-01-23 11:21:15       0m 33s  ...               11.88         0.29
55  2026-01-23 11:21:49       0m 37s  ...               55.20         1.46

[56 rows x 24 columns]
[2026-01-23 11:23:33,193] - [root] - [INFO] - Analysis finished: 0m 31s
[2026-01-23 11:23:33,193] - [root] - [INFO] - -------------------------------------------
[2026-01-23 11:23:33,193] - [root] - [INFO] - -------------------------------------------
[2026-01-23 11:23:33,193] - [root] - [INFO] - Processing 1-22-2026 5dpi 138-W2021010-446_R1.png
[2026-01-23 11:23:53,900] - [root] - [INFO] - Finished loading mask: 0m 20s
[2026-01-23 11:24:04,093] - [root] - [INFO] - Finished crop and inference: 0m 30s
              timestamp time_elapsed  ... severity_rate_patch Gradient_sr2
0   2026-01-23 10:50:57       0m 34s  ...                1.74         0.04
1   2026-01-23 10:51:31       0m 33s  ...                4.36         0.11
2   2026-01-23 10:52:05       0m 33s  ...                0.85         0.02
3   2026-01-23 10:52:38       0m 38s  ...               25.47         0.67
4   2026-01-23 10:53:17       0m 38s  ...               37.39         0.99
5   2026-01-23 10:53:55       0m 31s  ...                0.45         0.01
6   2026-01-23 10:54:26       0m 35s  ...               38.62         0.91
7   2026-01-23 10:55:02       0m 33s  ...               19.86         0.56
8   2026-01-23 10:55:35       0m 34s  ...               39.61         1.05
9   2026-01-23 10:56:10       0m 32s  ...                1.79         0.05
10  2026-01-23 10:56:42       0m 32s  ...                2.79         0.07
11  2026-01-23 10:57:15       0m 38s  ...               20.77         0.49
12  2026-01-23 10:57:53       0m 32s  ...               20.60         0.51
13  2026-01-23 10:58:26       0m 32s  ...               15.28         0.35
14  2026-01-23 10:58:58       0m 35s  ...               30.18         0.79
15  2026-01-23 10:59:34       0m 34s  ...               19.25         0.48
16  2026-01-23 11:00:08       0m 43s  ...               85.84         2.58
17  2026-01-23 11:00:51       0m 29s  ...                0.76         0.02
18  2026-01-23 11:01:21       0m 32s  ...               23.22         0.57
19  2026-01-23 11:01:54       0m 38s  ...               62.76         1.72
20  2026-01-23 11:02:32       0m 29s  ...                1.10         0.03
21  2026-01-23 11:03:02       0m 32s  ...               19.31         0.52
22  2026-01-23 11:03:35       0m 35s  ...               42.05         1.16
23  2026-01-23 11:04:10       0m 28s  ...                6.56         0.18
24  2026-01-23 11:04:38       0m 29s  ...                1.51         0.04
25  2026-01-23 11:05:07       0m 31s  ...                8.51         0.22
26  2026-01-23 11:05:38       0m 32s  ...               12.12         0.31
27  2026-01-23 11:06:11       0m 34s  ...               32.69         0.79
28  2026-01-23 11:06:46       0m 30s  ...                2.15         0.06
29  2026-01-23 11:07:17       0m 30s  ...                2.94         0.07
30  2026-01-23 11:07:47       0m 31s  ...               12.91         0.30
31  2026-01-23 11:08:19       0m 32s  ...               42.77         1.19
32  2026-01-23 11:08:52       0m 38s  ...               65.54         1.89
33  2026-01-23 11:09:30       0m 31s  ...               10.11         0.24
34  2026-01-23 11:10:02       0m 30s  ...                4.05         0.11
35  2026-01-23 11:10:32       0m 30s  ...                1.89         0.05
36  2026-01-23 11:11:03       0m 31s  ...                5.54         0.15
37  2026-01-23 11:11:34       0m 30s  ...                0.46         0.01
38  2026-01-23 11:12:04       0m 29s  ...                1.59         0.04
39  2026-01-23 11:12:33       0m 36s  ...               43.85         1.03
40  2026-01-23 11:13:10       0m 38s  ...               61.84         1.56
41  2026-01-23 11:13:48       0m 36s  ...               46.89         1.19
42  2026-01-23 11:14:25       0m 42s  ...               80.70         2.32
43  2026-01-23 11:15:08       0m 30s  ...                2.90         0.07
44  2026-01-23 11:15:38       0m 32s  ...               11.56         0.29
45  2026-01-23 11:16:11       0m 32s  ...                4.11         0.11
46  2026-01-23 11:16:43       0m 31s  ...               11.45         0.30
47  2026-01-23 11:17:14       0m 31s  ...               11.80         0.25
48  2026-01-23 11:17:46       0m 31s  ...                6.42         0.18
49  2026-01-23 11:18:17       0m 31s  ...                0.93         0.03
50  2026-01-23 11:18:49       0m 43s  ...               83.75         2.58
51  2026-01-23 11:19:32       0m 39s  ...               77.72         2.05
52  2026-01-23 11:20:12       0m 32s  ...                8.96         0.25
53  2026-01-23 11:20:44       0m 30s  ...                1.10         0.03
54  2026-01-23 11:21:15       0m 33s  ...               11.88         0.29
55  2026-01-23 11:21:49       0m 37s  ...               55.20         1.46
56  2026-01-23 11:22:26       0m 34s  ...               34.44         0.83

[57 rows x 24 columns]
[2026-01-23 11:24:05,883] - [root] - [INFO] - Analysis finished: 0m 32s
[2026-01-23 11:24:05,883] - [root] - [INFO] - -------------------------------------------
[2026-01-23 11:24:05,884] - [root] - [INFO] - -------------------------------------------
[2026-01-23 11:24:05,884] - [root] - [INFO] - Processing 1-22-2026 5dpi 141-W2021009-274_R1.png
[2026-01-23 11:24:24,432] - [root] - [INFO] - Finished loading mask: 0m 18s
[2026-01-23 11:24:47,623] - [root] - [INFO] - Finished crop and inference: 0m 41s
              timestamp time_elapsed  ... severity_rate_patch Gradient_sr2
0   2026-01-23 10:50:57       0m 34s  ...                1.74         0.04
1   2026-01-23 10:51:31       0m 33s  ...                4.36         0.11
2   2026-01-23 10:52:05       0m 33s  ...                0.85         0.02
3   2026-01-23 10:52:38       0m 38s  ...               25.47         0.67
4   2026-01-23 10:53:17       0m 38s  ...               37.39         0.99
5   2026-01-23 10:53:55       0m 31s  ...                0.45         0.01
6   2026-01-23 10:54:26       0m 35s  ...               38.62         0.91
7   2026-01-23 10:55:02       0m 33s  ...               19.86         0.56
8   2026-01-23 10:55:35       0m 34s  ...               39.61         1.05
9   2026-01-23 10:56:10       0m 32s  ...                1.79         0.05
10  2026-01-23 10:56:42       0m 32s  ...                2.79         0.07
11  2026-01-23 10:57:15       0m 38s  ...               20.77         0.49
12  2026-01-23 10:57:53       0m 32s  ...               20.60         0.51
13  2026-01-23 10:58:26       0m 32s  ...               15.28         0.35
14  2026-01-23 10:58:58       0m 35s  ...               30.18         0.79
15  2026-01-23 10:59:34       0m 34s  ...               19.25         0.48
16  2026-01-23 11:00:08       0m 43s  ...               85.84         2.58
17  2026-01-23 11:00:51       0m 29s  ...                0.76         0.02
18  2026-01-23 11:01:21       0m 32s  ...               23.22         0.57
19  2026-01-23 11:01:54       0m 38s  ...               62.76         1.72
20  2026-01-23 11:02:32       0m 29s  ...                1.10         0.03
21  2026-01-23 11:03:02       0m 32s  ...               19.31         0.52
22  2026-01-23 11:03:35       0m 35s  ...               42.05         1.16
23  2026-01-23 11:04:10       0m 28s  ...                6.56         0.18
24  2026-01-23 11:04:38       0m 29s  ...                1.51         0.04
25  2026-01-23 11:05:07       0m 31s  ...                8.51         0.22
26  2026-01-23 11:05:38       0m 32s  ...               12.12         0.31
27  2026-01-23 11:06:11       0m 34s  ...               32.69         0.79
28  2026-01-23 11:06:46       0m 30s  ...                2.15         0.06
29  2026-01-23 11:07:17       0m 30s  ...                2.94         0.07
30  2026-01-23 11:07:47       0m 31s  ...               12.91         0.30
31  2026-01-23 11:08:19       0m 32s  ...               42.77         1.19
32  2026-01-23 11:08:52       0m 38s  ...               65.54         1.89
33  2026-01-23 11:09:30       0m 31s  ...               10.11         0.24
34  2026-01-23 11:10:02       0m 30s  ...                4.05         0.11
35  2026-01-23 11:10:32       0m 30s  ...                1.89         0.05
36  2026-01-23 11:11:03       0m 31s  ...                5.54         0.15
37  2026-01-23 11:11:34       0m 30s  ...                0.46         0.01
38  2026-01-23 11:12:04       0m 29s  ...                1.59         0.04
39  2026-01-23 11:12:33       0m 36s  ...               43.85         1.03
40  2026-01-23 11:13:10       0m 38s  ...               61.84         1.56
41  2026-01-23 11:13:48       0m 36s  ...               46.89         1.19
42  2026-01-23 11:14:25       0m 42s  ...               80.70         2.32
43  2026-01-23 11:15:08       0m 30s  ...                2.90         0.07
44  2026-01-23 11:15:38       0m 32s  ...               11.56         0.29
45  2026-01-23 11:16:11       0m 32s  ...                4.11         0.11
46  2026-01-23 11:16:43       0m 31s  ...               11.45         0.30
47  2026-01-23 11:17:14       0m 31s  ...               11.80         0.25
48  2026-01-23 11:17:46       0m 31s  ...                6.42         0.18
49  2026-01-23 11:18:17       0m 31s  ...                0.93         0.03
50  2026-01-23 11:18:49       0m 43s  ...               83.75         2.58
51  2026-01-23 11:19:32       0m 39s  ...               77.72         2.05
52  2026-01-23 11:20:12       0m 32s  ...                8.96         0.25
53  2026-01-23 11:20:44       0m 30s  ...                1.10         0.03
54  2026-01-23 11:21:15       0m 33s  ...               11.88         0.29
55  2026-01-23 11:21:49       0m 37s  ...               55.20         1.46
56  2026-01-23 11:22:26       0m 34s  ...               34.44         0.83
57  2026-01-23 11:23:01       0m 31s  ...                4.27         0.10

[58 rows x 24 columns]
[2026-01-23 11:24:49,345] - [root] - [INFO] - Analysis finished: 0m 43s
[2026-01-23 11:24:49,345] - [root] - [INFO] - -------------------------------------------
[2026-01-23 11:24:49,345] - [root] - [INFO] - -------------------------------------------
[2026-01-23 11:24:49,345] - [root] - [INFO] - Processing 1-22-2026 5dpi 143-W2021010-313_R2.png
[2026-01-23 11:25:10,568] - [root] - [INFO] - Finished loading mask: 0m 21s
[2026-01-23 11:25:19,589] - [root] - [INFO] - Finished crop and inference: 0m 30s
[2026-01-23 11:25:21,206] - [root] - [INFO] - Analysis finished: 0m 31s
[2026-01-23 11:25:21,206] - [root] - [INFO] - -------------------------------------------
[2026-01-23 11:25:21,206] - [root] - [INFO] - -------------------------------------------
[2026-01-23 11:25:21,206] - [root] - [INFO] - Processing 1-22-2026 5dpi 148-W2021011-462_R2.png
[2026-01-23 11:25:42,171] - [root] - [INFO] - Finished loading mask: 0m 20s
[2026-01-23 11:25:55,537] - [root] - [INFO] - Finished crop and inference: 0m 34s
[2026-01-23 11:25:57,309] - [root] - [INFO] - Analysis finished: 0m 36s
[2026-01-23 11:25:57,309] - [root] - [INFO] - -------------------------------------------
[2026-01-23 11:25:57,309] - [root] - [INFO] - -------------------------------------------
[2026-01-23 11:25:57,309] - [root] - [INFO] - Processing 1-22-2026 5dpi 149-W2021010-417_R1.png
[2026-01-23 11:26:18,479] - [root] - [INFO] - Finished loading mask: 0m 21s
[2026-01-23 11:26:29,322] - [root] - [INFO] - Finished crop and inference: 0m 32s
[2026-01-23 11:26:31,016] - [root] - [INFO] - Analysis finished: 0m 33s
[2026-01-23 11:26:31,017] - [root] - [INFO] - -------------------------------------------
[2026-01-23 11:26:31,017] - [root] - [INFO] - -------------------------------------------
[2026-01-23 11:26:31,017] - [root] - [INFO] - Processing 1-22-2026 5dpi 154-W2021010-419_R1.png
[2026-01-23 11:26:51,443] - [root] - [INFO] - Finished loading mask: 0m 20s
[2026-01-23 11:27:01,047] - [root] - [INFO] - Finished crop and inference: 0m 30s
              timestamp time_elapsed  ... severity_rate_patch Gradient_sr2
0   2026-01-23 10:50:57       0m 34s  ...                1.74         0.04
1   2026-01-23 10:51:31       0m 33s  ...                4.36         0.11
2   2026-01-23 10:52:05       0m 33s  ...                0.85         0.02
3   2026-01-23 10:52:38       0m 38s  ...               25.47         0.67
4   2026-01-23 10:53:17       0m 38s  ...               37.39         0.99
5   2026-01-23 10:53:55       0m 31s  ...                0.45         0.01
6   2026-01-23 10:54:26       0m 35s  ...               38.62         0.91
7   2026-01-23 10:55:02       0m 33s  ...               19.86         0.56
8   2026-01-23 10:55:35       0m 34s  ...               39.61         1.05
9   2026-01-23 10:56:10       0m 32s  ...                1.79         0.05
10  2026-01-23 10:56:42       0m 32s  ...                2.79         0.07
11  2026-01-23 10:57:15       0m 38s  ...               20.77         0.49
12  2026-01-23 10:57:53       0m 32s  ...               20.60         0.51
13  2026-01-23 10:58:26       0m 32s  ...               15.28         0.35
14  2026-01-23 10:58:58       0m 35s  ...               30.18         0.79
15  2026-01-23 10:59:34       0m 34s  ...               19.25         0.48
16  2026-01-23 11:00:08       0m 43s  ...               85.84         2.58
17  2026-01-23 11:00:51       0m 29s  ...                0.76         0.02
18  2026-01-23 11:01:21       0m 32s  ...               23.22         0.57
19  2026-01-23 11:01:54       0m 38s  ...               62.76         1.72
20  2026-01-23 11:02:32       0m 29s  ...                1.10         0.03
21  2026-01-23 11:03:02       0m 32s  ...               19.31         0.52
22  2026-01-23 11:03:35       0m 35s  ...               42.05         1.16
23  2026-01-23 11:04:10       0m 28s  ...                6.56         0.18
24  2026-01-23 11:04:38       0m 29s  ...                1.51         0.04
25  2026-01-23 11:05:07       0m 31s  ...                8.51         0.22
26  2026-01-23 11:05:38       0m 32s  ...               12.12         0.31
27  2026-01-23 11:06:11       0m 34s  ...               32.69         0.79
28  2026-01-23 11:06:46       0m 30s  ...                2.15         0.06
29  2026-01-23 11:07:17       0m 30s  ...                2.94         0.07
30  2026-01-23 11:07:47       0m 31s  ...               12.91         0.30
31  2026-01-23 11:08:19       0m 32s  ...               42.77         1.19
32  2026-01-23 11:08:52       0m 38s  ...               65.54         1.89
33  2026-01-23 11:09:30       0m 31s  ...               10.11         0.24
34  2026-01-23 11:10:02       0m 30s  ...                4.05         0.11
35  2026-01-23 11:10:32       0m 30s  ...                1.89         0.05
36  2026-01-23 11:11:03       0m 31s  ...                5.54         0.15
37  2026-01-23 11:11:34       0m 30s  ...                0.46         0.01
38  2026-01-23 11:12:04       0m 29s  ...                1.59         0.04
39  2026-01-23 11:12:33       0m 36s  ...               43.85         1.03
40  2026-01-23 11:13:10       0m 38s  ...               61.84         1.56
41  2026-01-23 11:13:48       0m 36s  ...               46.89         1.19
42  2026-01-23 11:14:25       0m 42s  ...               80.70         2.32
43  2026-01-23 11:15:08       0m 30s  ...                2.90         0.07
44  2026-01-23 11:15:38       0m 32s  ...               11.56         0.29
45  2026-01-23 11:16:11       0m 32s  ...                4.11         0.11
46  2026-01-23 11:16:43       0m 31s  ...               11.45         0.30
47  2026-01-23 11:17:14       0m 31s  ...               11.80         0.25
48  2026-01-23 11:17:46       0m 31s  ...                6.42         0.18
49  2026-01-23 11:18:17       0m 31s  ...                0.93         0.03
50  2026-01-23 11:18:49       0m 43s  ...               83.75         2.58
51  2026-01-23 11:19:32       0m 39s  ...               77.72         2.05
52  2026-01-23 11:20:12       0m 32s  ...                8.96         0.25
53  2026-01-23 11:20:44       0m 30s  ...                1.10         0.03
54  2026-01-23 11:21:15       0m 33s  ...               11.88         0.29
55  2026-01-23 11:21:49       0m 37s  ...               55.20         1.46
56  2026-01-23 11:22:26       0m 34s  ...               34.44         0.83
57  2026-01-23 11:23:01       0m 31s  ...                4.27         0.10
58  2026-01-23 11:23:33       0m 32s  ...                8.31         0.19

[59 rows x 24 columns]
[2026-01-23 11:27:02,702] - [root] - [INFO] - Analysis finished: 0m 31s
[2026-01-23 11:27:02,702] - [root] - [INFO] - -------------------------------------------
[2026-01-23 11:27:02,702] - [root] - [INFO] - -------------------------------------------
[2026-01-23 11:27:02,708] - [root] - [INFO] - Processing 1-22-2026 5dpi 155-W2021011-639_R1.png
[2026-01-23 11:27:23,877] - [root] - [INFO] - Finished loading mask: 0m 21s
[2026-01-23 11:27:34,033] - [root] - [INFO] - Finished crop and inference: 0m 31s
[2026-01-23 11:27:35,740] - [root] - [INFO] - Analysis finished: 0m 33s
[2026-01-23 11:27:35,740] - [root] - [INFO] - -------------------------------------------
[2026-01-23 11:27:35,740] - [root] - [INFO] - -------------------------------------------
[2026-01-23 11:27:35,740] - [root] - [INFO] - Processing 1-22-2026 5dpi 156-W2021009-276_R2.png
[2026-01-23 11:27:56,877] - [root] - [INFO] - Finished loading mask: 0m 21s
[2026-01-23 11:28:08,130] - [root] - [INFO] - Finished crop and inference: 0m 32s
[2026-01-23 11:28:09,766] - [root] - [INFO] - Analysis finished: 0m 34s
[2026-01-23 11:28:09,766] - [root] - [INFO] - -------------------------------------------
[2026-01-23 11:28:09,766] - [root] - [INFO] - -------------------------------------------
[2026-01-23 11:28:09,766] - [root] - [INFO] - Processing 1-22-2026 5dpi 158-W2021006-114_R1.png
[2026-01-23 11:28:31,052] - [root] - [INFO] - Finished loading mask: 0m 21s
[2026-01-23 11:28:47,540] - [root] - [INFO] - Finished crop and inference: 0m 37s
[2026-01-23 11:28:49,138] - [root] - [INFO] - Analysis finished: 0m 39s
[2026-01-23 11:28:49,138] - [root] - [INFO] - -------------------------------------------
[2026-01-23 11:28:49,138] - [root] - [INFO] - -------------------------------------------
[2026-01-23 11:28:49,138] - [root] - [INFO] - Processing 1-22-2026 5dpi 167-W2021006-003_R2.png
[2026-01-23 11:29:09,609] - [root] - [INFO] - Finished loading mask: 0m 20s
[2026-01-23 11:29:18,239] - [root] - [INFO] - Finished crop and inference: 0m 29s
[2026-01-23 11:29:19,867] - [root] - [INFO] - Analysis finished: 0m 30s
[2026-01-23 11:29:19,867] - [root] - [INFO] - -------------------------------------------
[2026-01-23 11:29:19,867] - [root] - [INFO] - -------------------------------------------
[2026-01-23 11:29:19,867] - [root] - [INFO] - Processing 1-22-2026 5dpi 169-W2021009-623_R2.png
[2026-01-23 11:29:40,481] - [root] - [INFO] - Finished loading mask: 0m 20s
[2026-01-23 11:30:02,630] - [root] - [INFO] - Finished crop and inference: 0m 42s
[2026-01-23 11:30:04,216] - [root] - [INFO] - Analysis finished: 0m 44s
[2026-01-23 11:30:04,216] - [root] - [INFO] - -------------------------------------------
[2026-01-23 11:30:04,216] - [root] - [INFO] - -------------------------------------------
[2026-01-23 11:30:04,216] - [root] - [INFO] - Processing 1-22-2026 5dpi 169-W2021011-477_R1.png
[2026-01-23 11:30:24,538] - [root] - [INFO] - Finished loading mask: 0m 20s
[2026-01-23 11:30:40,845] - [root] - [INFO] - Finished crop and inference: 0m 36s
[2026-01-23 11:30:42,408] - [root] - [INFO] - Analysis finished: 0m 38s
[2026-01-23 11:30:42,408] - [root] - [INFO] - -------------------------------------------
[2026-01-23 11:30:42,408] - [root] - [INFO] - -------------------------------------------
[2026-01-23 11:30:42,408] - [root] - [INFO] - Processing 1-22-2026 5dpi 172-W2021011-557_R2.png
[2026-01-23 11:31:02,715] - [root] - [INFO] - Finished loading mask: 0m 20s
[2026-01-23 11:31:13,906] - [root] - [INFO] - Finished crop and inference: 0m 31s
[2026-01-23 11:31:15,522] - [root] - [INFO] - Analysis finished: 0m 33s
[2026-01-23 11:31:15,522] - [root] - [INFO] - -------------------------------------------
[2026-01-23 11:31:15,522] - [root] - [INFO] - -------------------------------------------
[2026-01-23 11:31:15,522] - [root] - [INFO] - Processing 1-22-2026 5dpi 173-W2021006-127_R2.png
[2026-01-23 11:31:36,727] - [root] - [INFO] - Finished loading mask: 0m 21s
[2026-01-23 11:31:46,252] - [root] - [INFO] - Finished crop and inference: 0m 30s
              timestamp time_elapsed  ... severity_rate_patch Gradient_sr2
0   2026-01-23 10:50:57       0m 34s  ...                1.74         0.04
1   2026-01-23 10:51:31       0m 33s  ...                4.36         0.11
2   2026-01-23 10:52:05       0m 33s  ...                0.85         0.02
3   2026-01-23 10:52:38       0m 38s  ...               25.47         0.67
4   2026-01-23 10:53:17       0m 38s  ...               37.39         0.99
5   2026-01-23 10:53:55       0m 31s  ...                0.45         0.01
6   2026-01-23 10:54:26       0m 35s  ...               38.62         0.91
7   2026-01-23 10:55:02       0m 33s  ...               19.86         0.56
8   2026-01-23 10:55:35       0m 34s  ...               39.61         1.05
9   2026-01-23 10:56:10       0m 32s  ...                1.79         0.05
10  2026-01-23 10:56:42       0m 32s  ...                2.79         0.07
11  2026-01-23 10:57:15       0m 38s  ...               20.77         0.49
12  2026-01-23 10:57:53       0m 32s  ...               20.60         0.51
13  2026-01-23 10:58:26       0m 32s  ...               15.28         0.35
14  2026-01-23 10:58:58       0m 35s  ...               30.18         0.79
15  2026-01-23 10:59:34       0m 34s  ...               19.25         0.48
16  2026-01-23 11:00:08       0m 43s  ...               85.84         2.58
17  2026-01-23 11:00:51       0m 29s  ...                0.76         0.02
18  2026-01-23 11:01:21       0m 32s  ...               23.22         0.57
19  2026-01-23 11:01:54       0m 38s  ...               62.76         1.72
20  2026-01-23 11:02:32       0m 29s  ...                1.10         0.03
21  2026-01-23 11:03:02       0m 32s  ...               19.31         0.52
22  2026-01-23 11:03:35       0m 35s  ...               42.05         1.16
23  2026-01-23 11:04:10       0m 28s  ...                6.56         0.18
24  2026-01-23 11:04:38       0m 29s  ...                1.51         0.04
25  2026-01-23 11:05:07       0m 31s  ...                8.51         0.22
26  2026-01-23 11:05:38       0m 32s  ...               12.12         0.31
27  2026-01-23 11:06:11       0m 34s  ...               32.69         0.79
28  2026-01-23 11:06:46       0m 30s  ...                2.15         0.06
29  2026-01-23 11:07:17       0m 30s  ...                2.94         0.07
30  2026-01-23 11:07:47       0m 31s  ...               12.91         0.30
31  2026-01-23 11:08:19       0m 32s  ...               42.77         1.19
32  2026-01-23 11:08:52       0m 38s  ...               65.54         1.89
33  2026-01-23 11:09:30       0m 31s  ...               10.11         0.24
34  2026-01-23 11:10:02       0m 30s  ...                4.05         0.11
35  2026-01-23 11:10:32       0m 30s  ...                1.89         0.05
36  2026-01-23 11:11:03       0m 31s  ...                5.54         0.15
37  2026-01-23 11:11:34       0m 30s  ...                0.46         0.01
38  2026-01-23 11:12:04       0m 29s  ...                1.59         0.04
39  2026-01-23 11:12:33       0m 36s  ...               43.85         1.03
40  2026-01-23 11:13:10       0m 38s  ...               61.84         1.56
41  2026-01-23 11:13:48       0m 36s  ...               46.89         1.19
42  2026-01-23 11:14:25       0m 42s  ...               80.70         2.32
43  2026-01-23 11:15:08       0m 30s  ...                2.90         0.07
44  2026-01-23 11:15:38       0m 32s  ...               11.56         0.29
45  2026-01-23 11:16:11       0m 32s  ...                4.11         0.11
46  2026-01-23 11:16:43       0m 31s  ...               11.45         0.30
47  2026-01-23 11:17:14       0m 31s  ...               11.80         0.25
48  2026-01-23 11:17:46       0m 31s  ...                6.42         0.18
49  2026-01-23 11:18:17       0m 31s  ...                0.93         0.03
50  2026-01-23 11:18:49       0m 43s  ...               83.75         2.58
51  2026-01-23 11:19:32       0m 39s  ...               77.72         2.05
52  2026-01-23 11:20:12       0m 32s  ...                8.96         0.25
53  2026-01-23 11:20:44       0m 30s  ...                1.10         0.03
54  2026-01-23 11:21:15       0m 33s  ...               11.88         0.29
55  2026-01-23 11:21:49       0m 37s  ...               55.20         1.46
56  2026-01-23 11:22:26       0m 34s  ...               34.44         0.83
57  2026-01-23 11:23:01       0m 31s  ...                4.27         0.10
58  2026-01-23 11:23:33       0m 32s  ...                8.31         0.19
59  2026-01-23 11:24:05       0m 43s  ...               86.63         2.57

[60 rows x 24 columns]
              timestamp time_elapsed  ... severity_rate_patch Gradient_sr2
0   2026-01-23 10:50:57       0m 34s  ...                1.74         0.04
1   2026-01-23 10:51:31       0m 33s  ...                4.36         0.11
2   2026-01-23 10:52:05       0m 33s  ...                0.85         0.02
3   2026-01-23 10:52:38       0m 38s  ...               25.47         0.67
4   2026-01-23 10:53:17       0m 38s  ...               37.39         0.99
..                  ...          ...  ...                 ...          ...
56  2026-01-23 11:22:26       0m 34s  ...               34.44         0.83
57  2026-01-23 11:23:01       0m 31s  ...                4.27         0.10
58  2026-01-23 11:23:33       0m 32s  ...                8.31         0.19
59  2026-01-23 11:24:05       0m 43s  ...               86.63         2.57
60  2026-01-23 11:24:49       0m 31s  ...                0.61         0.02

[61 rows x 24 columns]
              timestamp time_elapsed  ... severity_rate_patch Gradient_sr2
0   2026-01-23 10:50:57       0m 34s  ...                1.74         0.04
1   2026-01-23 10:51:31       0m 33s  ...                4.36         0.11
2   2026-01-23 10:52:05       0m 33s  ...                0.85         0.02
3   2026-01-23 10:52:38       0m 38s  ...               25.47         0.67
4   2026-01-23 10:53:17       0m 38s  ...               37.39         0.99
..                  ...          ...  ...                 ...          ...
57  2026-01-23 11:23:01       0m 31s  ...                4.27         0.10
58  2026-01-23 11:23:33       0m 32s  ...                8.31         0.19
59  2026-01-23 11:24:05       0m 43s  ...               86.63         2.57
60  2026-01-23 11:24:49       0m 31s  ...                0.61         0.02
61  2026-01-23 11:25:21       0m 36s  ...               28.01         0.73

[62 rows x 24 columns]
              timestamp time_elapsed  ... severity_rate_patch Gradient_sr2
0   2026-01-23 10:50:57       0m 34s  ...                1.74         0.04
1   2026-01-23 10:51:31       0m 33s  ...                4.36         0.11
2   2026-01-23 10:52:05       0m 33s  ...                0.85         0.02
3   2026-01-23 10:52:38       0m 38s  ...               25.47         0.67
4   2026-01-23 10:53:17       0m 38s  ...               37.39         0.99
..                  ...          ...  ...                 ...          ...
58  2026-01-23 11:23:33       0m 32s  ...                8.31         0.19
59  2026-01-23 11:24:05       0m 43s  ...               86.63         2.57
60  2026-01-23 11:24:49       0m 31s  ...                0.61         0.02
61  2026-01-23 11:25:21       0m 36s  ...               28.01         0.73
62  2026-01-23 11:25:57       0m 33s  ...               13.12         0.36

[63 rows x 24 columns]
[2026-01-23 11:31:47,943] - [root] - [INFO] - Analysis finished: 0m 32s
[2026-01-23 11:31:47,943] - [root] - [INFO] - -------------------------------------------
[2026-01-23 11:31:47,943] - [root] - [INFO] - -------------------------------------------
[2026-01-23 11:31:47,943] - [root] - [INFO] - Processing 1-22-2026 5dpi 174-W2021009-156_R2.png
[2026-01-23 11:32:08,213] - [root] - [INFO] - Finished loading mask: 0m 20s
[2026-01-23 11:32:18,285] - [root] - [INFO] - Finished crop and inference: 0m 30s
[2026-01-23 11:32:19,948] - [root] - [INFO] - Analysis finished: 0m 32s
[2026-01-23 11:32:19,948] - [root] - [INFO] - -------------------------------------------
[2026-01-23 11:32:19,948] - [root] - [INFO] - -------------------------------------------
[2026-01-23 11:32:19,948] - [root] - [INFO] - Processing 1-22-2026 5dpi 176-W2021009-256_R2.png
[2026-01-23 11:32:39,988] - [root] - [INFO] - Finished loading mask: 0m 20s
[2026-01-23 11:32:46,956] - [root] - [INFO] - Finished crop and inference: 0m 27s
[2026-01-23 11:32:48,631] - [root] - [INFO] - Analysis finished: 0m 28s
[2026-01-23 11:32:48,631] - [root] - [INFO] - -------------------------------------------
[2026-01-23 11:32:48,631] - [root] - [INFO] - -------------------------------------------
[2026-01-23 11:32:48,631] - [root] - [INFO] - Processing 1-22-2026 5dpi 177-W2021009-194_R1.png
[2026-01-23 11:33:08,742] - [root] - [INFO] - Finished loading mask: 0m 20s
[2026-01-23 11:33:19,335] - [root] - [INFO] - Finished crop and inference: 0m 30s
[2026-01-23 11:33:20,962] - [root] - [INFO] - Analysis finished: 0m 32s
[2026-01-23 11:33:20,962] - [root] - [INFO] - -------------------------------------------
[2026-01-23 11:33:20,962] - [root] - [INFO] - -------------------------------------------
[2026-01-23 11:33:20,962] - [root] - [INFO] - Processing 1-22-2026 5dpi 180-W2021009-152_R1.png
[2026-01-23 11:33:42,172] - [root] - [INFO] - Finished loading mask: 0m 21s
[2026-01-23 11:33:53,364] - [root] - [INFO] - Finished crop and inference: 0m 32s
[2026-01-23 11:33:55,133] - [root] - [INFO] - Analysis finished: 0m 34s
[2026-01-23 11:33:55,133] - [root] - [INFO] - -------------------------------------------
[2026-01-23 11:33:55,133] - [root] - [INFO] - -------------------------------------------
[2026-01-23 11:33:55,133] - [root] - [INFO] - Processing 1-22-2026 5dpi 180-W2021011-476_R2.png
[2026-01-23 11:34:16,655] - [root] - [INFO] - Finished loading mask: 0m 21s
[2026-01-23 11:34:35,154] - [root] - [INFO] - Finished crop and inference: 0m 40s
[2026-01-23 11:34:36,782] - [root] - [INFO] - Analysis finished: 0m 41s
[2026-01-23 11:34:36,782] - [root] - [INFO] - -------------------------------------------
[2026-01-23 11:34:36,782] - [root] - [INFO] - -------------------------------------------
[2026-01-23 11:34:36,782] - [root] - [INFO] - Processing 1-22-2026 5dpi 182-W2021009-251_R1.png
[2026-01-23 11:34:58,228] - [root] - [INFO] - Finished loading mask: 0m 21s
[2026-01-23 11:35:09,162] - [root] - [INFO] - Finished crop and inference: 0m 32s
[2026-01-23 11:35:10,887] - [root] - [INFO] - Analysis finished: 0m 34s
[2026-01-23 11:35:10,887] - [root] - [INFO] - -------------------------------------------
[2026-01-23 11:35:10,887] - [root] - [INFO] - -------------------------------------------
[2026-01-23 11:35:10,887] - [root] - [INFO] - Processing 1-22-2026 5dpi 183-W2021009-295_R1.png
[2026-01-23 11:35:32,158] - [root] - [INFO] - Finished loading mask: 0m 21s
[2026-01-23 11:35:41,403] - [root] - [INFO] - Finished crop and inference: 0m 30s
[2026-01-23 11:35:43,116] - [root] - [INFO] - Analysis finished: 0m 32s
[2026-01-23 11:35:43,116] - [root] - [INFO] - -------------------------------------------
[2026-01-23 11:35:43,116] - [root] - [INFO] - -------------------------------------------
[2026-01-23 11:35:43,116] - [root] - [INFO] - Processing 1-22-2026 5dpi 185-W2021009-199_R1.png
[2026-01-23 11:36:04,864] - [root] - [INFO] - Finished loading mask: 0m 21s
[2026-01-23 11:36:15,422] - [root] - [INFO] - Finished crop and inference: 0m 32s
              timestamp time_elapsed  ... severity_rate_patch Gradient_sr2
0   2026-01-23 10:50:57       0m 34s  ...                1.74         0.04
1   2026-01-23 10:51:31       0m 33s  ...                4.36         0.11
2   2026-01-23 10:52:05       0m 33s  ...                0.85         0.02
3   2026-01-23 10:52:38       0m 38s  ...               25.47         0.67
4   2026-01-23 10:53:17       0m 38s  ...               37.39         0.99
..                  ...          ...  ...                 ...          ...
59  2026-01-23 11:24:05       0m 43s  ...               86.63         2.57
60  2026-01-23 11:24:49       0m 31s  ...                0.61         0.02
61  2026-01-23 11:25:21       0m 36s  ...               28.01         0.73
62  2026-01-23 11:25:57       0m 33s  ...               13.12         0.36
63  2026-01-23 11:26:31       0m 31s  ...                2.62         0.07

[64 rows x 24 columns]
              timestamp time_elapsed  ... severity_rate_patch Gradient_sr2
0   2026-01-23 10:50:57       0m 34s  ...                1.74         0.04
1   2026-01-23 10:51:31       0m 33s  ...                4.36         0.11
2   2026-01-23 10:52:05       0m 33s  ...                0.85         0.02
3   2026-01-23 10:52:38       0m 38s  ...               25.47         0.67
4   2026-01-23 10:53:17       0m 38s  ...               37.39         0.99
..                  ...          ...  ...                 ...          ...
60  2026-01-23 11:24:49       0m 31s  ...                0.61         0.02
61  2026-01-23 11:25:21       0m 36s  ...               28.01         0.73
62  2026-01-23 11:25:57       0m 33s  ...               13.12         0.36
63  2026-01-23 11:26:31       0m 31s  ...                2.62         0.07
64  2026-01-23 11:27:02       0m 33s  ...               10.00         0.27

[65 rows x 24 columns]
              timestamp time_elapsed  ... severity_rate_patch Gradient_sr2
0   2026-01-23 10:50:57       0m 34s  ...                1.74         0.04
1   2026-01-23 10:51:31       0m 33s  ...                4.36         0.11
2   2026-01-23 10:52:05       0m 33s  ...                0.85         0.02
3   2026-01-23 10:52:38       0m 38s  ...               25.47         0.67
4   2026-01-23 10:53:17       0m 38s  ...               37.39         0.99
..                  ...          ...  ...                 ...          ...
61  2026-01-23 11:25:21       0m 36s  ...               28.01         0.73
62  2026-01-23 11:25:57       0m 33s  ...               13.12         0.36
63  2026-01-23 11:26:31       0m 31s  ...                2.62         0.07
64  2026-01-23 11:27:02       0m 33s  ...               10.00         0.27
65  2026-01-23 11:27:35       0m 33s  ...                7.64         0.19

[66 rows x 24 columns]
              timestamp time_elapsed  ... severity_rate_patch Gradient_sr2
0   2026-01-23 10:50:57       0m 34s  ...                1.74         0.04
1   2026-01-23 10:51:31       0m 33s  ...                4.36         0.11
2   2026-01-23 10:52:05       0m 33s  ...                0.85         0.02
3   2026-01-23 10:52:38       0m 38s  ...               25.47         0.67
4   2026-01-23 10:53:17       0m 38s  ...               37.39         0.99
..                  ...          ...  ...                 ...          ...
62  2026-01-23 11:25:57       0m 33s  ...               13.12         0.36
63  2026-01-23 11:26:31       0m 31s  ...                2.62         0.07
64  2026-01-23 11:27:02       0m 33s  ...               10.00         0.27
65  2026-01-23 11:27:35       0m 33s  ...                7.64         0.19
66  2026-01-23 11:28:09       0m 39s  ...               53.88         1.51

[67 rows x 24 columns]
              timestamp time_elapsed  ... severity_rate_patch Gradient_sr2
0   2026-01-23 10:50:57       0m 34s  ...                1.74         0.04
1   2026-01-23 10:51:31       0m 33s  ...                4.36         0.11
2   2026-01-23 10:52:05       0m 33s  ...                0.85         0.02
3   2026-01-23 10:52:38       0m 38s  ...               25.47         0.67
4   2026-01-23 10:53:17       0m 38s  ...               37.39         0.99
..                  ...          ...  ...                 ...          ...
63  2026-01-23 11:26:31       0m 31s  ...                2.62         0.07
64  2026-01-23 11:27:02       0m 33s  ...               10.00         0.27
65  2026-01-23 11:27:35       0m 33s  ...                7.64         0.19
66  2026-01-23 11:28:09       0m 39s  ...               53.88         1.51
67  2026-01-23 11:28:49       0m 30s  ...                2.18         0.06

[68 rows x 24 columns]
              timestamp time_elapsed  ... severity_rate_patch Gradient_sr2
0   2026-01-23 10:50:57       0m 34s  ...                1.74         0.04
1   2026-01-23 10:51:31       0m 33s  ...                4.36         0.11
2   2026-01-23 10:52:05       0m 33s  ...                0.85         0.02
3   2026-01-23 10:52:38       0m 38s  ...               25.47         0.67
4   2026-01-23 10:53:17       0m 38s  ...               37.39         0.99
..                  ...          ...  ...                 ...          ...
64  2026-01-23 11:27:02       0m 33s  ...               10.00         0.27
65  2026-01-23 11:27:35       0m 33s  ...                7.64         0.19
66  2026-01-23 11:28:09       0m 39s  ...               53.88         1.51
67  2026-01-23 11:28:49       0m 30s  ...                2.18         0.06
68  2026-01-23 11:29:19       0m 44s  ...               84.74         2.55

[69 rows x 24 columns]
              timestamp time_elapsed  ... severity_rate_patch Gradient_sr2
0   2026-01-23 10:50:57       0m 34s  ...                1.74         0.04
1   2026-01-23 10:51:31       0m 33s  ...                4.36         0.11
2   2026-01-23 10:52:05       0m 33s  ...                0.85         0.02
3   2026-01-23 10:52:38       0m 38s  ...               25.47         0.67
4   2026-01-23 10:53:17       0m 38s  ...               37.39         0.99
..                  ...          ...  ...                 ...          ...
65  2026-01-23 11:27:35       0m 33s  ...                7.64         0.19
66  2026-01-23 11:28:09       0m 39s  ...               53.88         1.51
67  2026-01-23 11:28:49       0m 30s  ...                2.18         0.06
68  2026-01-23 11:29:19       0m 44s  ...               84.74         2.55
69  2026-01-23 11:30:04       0m 38s  ...               57.21         1.60

[70 rows x 24 columns]
              timestamp time_elapsed  ... severity_rate_patch Gradient_sr2
0   2026-01-23 10:50:57       0m 34s  ...                1.74         0.04
1   2026-01-23 10:51:31       0m 33s  ...                4.36         0.11
2   2026-01-23 10:52:05       0m 33s  ...                0.85         0.02
3   2026-01-23 10:52:38       0m 38s  ...               25.47         0.67
4   2026-01-23 10:53:17       0m 38s  ...               37.39         0.99
..                  ...          ...  ...                 ...          ...
66  2026-01-23 11:28:09       0m 39s  ...               53.88         1.51
67  2026-01-23 11:28:49       0m 30s  ...                2.18         0.06
68  2026-01-23 11:29:19       0m 44s  ...               84.74         2.55
69  2026-01-23 11:30:04       0m 38s  ...               57.21         1.60
70  2026-01-23 11:30:42       0m 33s  ...                8.76         0.24

[71 rows x 24 columns]
[2026-01-23 11:36:17,125] - [root] - [INFO] - Analysis finished: 0m 34s
[2026-01-23 11:36:17,125] - [root] - [INFO] - -------------------------------------------
[2026-01-23 11:36:17,125] - [root] - [INFO] - -------------------------------------------
[2026-01-23 11:36:17,125] - [root] - [INFO] - Processing 1-22-2026 5dpi 185-W2021009-291_R2.png
[2026-01-23 11:36:38,910] - [root] - [INFO] - Finished loading mask: 0m 21s
[2026-01-23 11:36:49,929] - [root] - [INFO] - Finished crop and inference: 0m 32s
[2026-01-23 11:36:51,687] - [root] - [INFO] - Analysis finished: 0m 34s
[2026-01-23 11:36:51,687] - [root] - [INFO] - -------------------------------------------
[2026-01-23 11:36:51,687] - [root] - [INFO] - -------------------------------------------
[2026-01-23 11:36:51,687] - [root] - [INFO] - Processing 1-22-2026 5dpi 187-W2021010-348_R2.png
[2026-01-23 11:37:12,909] - [root] - [INFO] - Finished loading mask: 0m 21s
[2026-01-23 11:37:32,814] - [root] - [INFO] - Finished crop and inference: 0m 41s
[2026-01-23 11:37:34,469] - [root] - [INFO] - Analysis finished: 0m 42s
[2026-01-23 11:37:34,469] - [root] - [INFO] - -------------------------------------------
[2026-01-23 11:37:34,469] - [root] - [INFO] - -------------------------------------------
[2026-01-23 11:37:34,469] - [root] - [INFO] - Processing 1-22-2026 5dpi 191-W2021010-426_R2.png
[2026-01-23 11:37:56,090] - [root] - [INFO] - Finished loading mask: 0m 21s
[2026-01-23 11:38:07,729] - [root] - [INFO] - Finished crop and inference: 0m 33s
[2026-01-23 11:38:09,353] - [root] - [INFO] - Analysis finished: 0m 34s
[2026-01-23 11:38:09,353] - [root] - [INFO] - -------------------------------------------
[2026-01-23 11:38:09,353] - [root] - [INFO] - -------------------------------------------
[2026-01-23 11:38:09,353] - [root] - [INFO] - Processing 1-22-2026 5dpi 191-W2021010-449_R1.png
[2026-01-23 11:38:30,042] - [root] - [INFO] - Finished loading mask: 0m 20s
[2026-01-23 11:38:42,912] - [root] - [INFO] - Finished crop and inference: 0m 33s
[2026-01-23 11:38:44,606] - [root] - [INFO] - Analysis finished: 0m 35s
[2026-01-23 11:38:44,606] - [root] - [INFO] - -------------------------------------------
[2026-01-23 11:38:44,607] - [root] - [INFO] - -------------------------------------------
[2026-01-23 11:38:44,607] - [root] - [INFO] - Processing 1-22-2026 5dpi 192-W2021006-005_R1.png
[2026-01-23 11:39:04,863] - [root] - [INFO] - Finished loading mask: 0m 20s
[2026-01-23 11:39:14,446] - [root] - [INFO] - Finished crop and inference: 0m 29s
[2026-01-23 11:39:16,102] - [root] - [INFO] - Analysis finished: 0m 31s
[2026-01-23 11:39:16,117] - [root] - [INFO] - -------------------------------------------
[2026-01-23 11:39:16,117] - [root] - [INFO] - -------------------------------------------
[2026-01-23 11:39:16,117] - [root] - [INFO] - Processing 1-22-2026 5dpi 206-W2021010-344_R1.png
[2026-01-23 11:39:36,597] - [root] - [INFO] - Finished loading mask: 0m 20s
[2026-01-23 11:39:46,172] - [root] - [INFO] - Finished crop and inference: 0m 30s
[2026-01-23 11:39:47,816] - [root] - [INFO] - Analysis finished: 0m 31s
[2026-01-23 11:39:47,816] - [root] - [INFO] - -------------------------------------------
[2026-01-23 11:39:47,816] - [root] - [INFO] - -------------------------------------------
[2026-01-23 11:39:47,816] - [root] - [INFO] - Processing 1-22-2026 5dpi 207-W2021009-287_R2.png
[2026-01-23 11:40:07,694] - [root] - [INFO] - Finished loading mask: 0m 19s
[2026-01-23 11:40:17,142] - [root] - [INFO] - Finished crop and inference: 0m 29s
[2026-01-23 11:40:18,764] - [root] - [INFO] - Analysis finished: 0m 30s
[2026-01-23 11:40:18,764] - [root] - [INFO] - -------------------------------------------
[2026-01-23 11:40:18,764] - [root] - [INFO] - -------------------------------------------
[2026-01-23 11:40:18,764] - [root] - [INFO] - Processing 1-22-2026 5dpi 208-W2021009-268_R2.png
[2026-01-23 11:40:38,392] - [root] - [INFO] - Finished loading mask: 0m 19s
[2026-01-23 11:40:52,081] - [root] - [INFO] - Finished crop and inference: 0m 33s
              timestamp time_elapsed  ... severity_rate_patch Gradient_sr2
0   2026-01-23 10:50:57       0m 34s  ...                1.74         0.04
1   2026-01-23 10:51:31       0m 33s  ...                4.36         0.11
2   2026-01-23 10:52:05       0m 33s  ...                0.85         0.02
3   2026-01-23 10:52:38       0m 38s  ...               25.47         0.67
4   2026-01-23 10:53:17       0m 38s  ...               37.39         0.99
..                  ...          ...  ...                 ...          ...
67  2026-01-23 11:28:49       0m 30s  ...                2.18         0.06
68  2026-01-23 11:29:19       0m 44s  ...               84.74         2.55
69  2026-01-23 11:30:04       0m 38s  ...               57.21         1.60
70  2026-01-23 11:30:42       0m 33s  ...                8.76         0.24
71  2026-01-23 11:31:15       0m 32s  ...                1.64         0.04

[72 rows x 24 columns]
              timestamp time_elapsed  ... severity_rate_patch Gradient_sr2
0   2026-01-23 10:50:57       0m 34s  ...                1.74         0.04
1   2026-01-23 10:51:31       0m 33s  ...                4.36         0.11
2   2026-01-23 10:52:05       0m 33s  ...                0.85         0.02
3   2026-01-23 10:52:38       0m 38s  ...               25.47         0.67
4   2026-01-23 10:53:17       0m 38s  ...               37.39         0.99
..                  ...          ...  ...                 ...          ...
68  2026-01-23 11:29:19       0m 44s  ...               84.74         2.55
69  2026-01-23 11:30:04       0m 38s  ...               57.21         1.60
70  2026-01-23 11:30:42       0m 33s  ...                8.76         0.24
71  2026-01-23 11:31:15       0m 32s  ...                1.64         0.04
72  2026-01-23 11:31:47       0m 31s  ...               15.38         0.37

[73 rows x 24 columns]
              timestamp time_elapsed  ... severity_rate_patch Gradient_sr2
0   2026-01-23 10:50:57       0m 34s  ...                1.74         0.04
1   2026-01-23 10:51:31       0m 33s  ...                4.36         0.11
2   2026-01-23 10:52:05       0m 33s  ...                0.85         0.02
3   2026-01-23 10:52:38       0m 38s  ...               25.47         0.67
4   2026-01-23 10:53:17       0m 38s  ...               37.39         0.99
..                  ...          ...  ...                 ...          ...
69  2026-01-23 11:30:04       0m 38s  ...               57.21         1.60
70  2026-01-23 11:30:42       0m 33s  ...                8.76         0.24
71  2026-01-23 11:31:15       0m 32s  ...                1.64         0.04
72  2026-01-23 11:31:47       0m 31s  ...               15.38         0.37
73  2026-01-23 11:32:19       0m 28s  ...                3.28         0.08

[74 rows x 24 columns]
              timestamp time_elapsed  ... severity_rate_patch Gradient_sr2
0   2026-01-23 10:50:57       0m 34s  ...                1.74         0.04
1   2026-01-23 10:51:31       0m 33s  ...                4.36         0.11
2   2026-01-23 10:52:05       0m 33s  ...                0.85         0.02
3   2026-01-23 10:52:38       0m 38s  ...               25.47         0.67
4   2026-01-23 10:53:17       0m 38s  ...               37.39         0.99
..                  ...          ...  ...                 ...          ...
70  2026-01-23 11:30:42       0m 33s  ...                8.76         0.24
71  2026-01-23 11:31:15       0m 32s  ...                1.64         0.04
72  2026-01-23 11:31:47       0m 31s  ...               15.38         0.37
73  2026-01-23 11:32:19       0m 28s  ...                3.28         0.08
74  2026-01-23 11:32:48       0m 32s  ...               13.43         0.36

[75 rows x 24 columns]
              timestamp time_elapsed  ... severity_rate_patch Gradient_sr2
0   2026-01-23 10:50:57       0m 34s  ...                1.74         0.04
1   2026-01-23 10:51:31       0m 33s  ...                4.36         0.11
2   2026-01-23 10:52:05       0m 33s  ...                0.85         0.02
3   2026-01-23 10:52:38       0m 38s  ...               25.47         0.67
4   2026-01-23 10:53:17       0m 38s  ...               37.39         0.99
..                  ...          ...  ...                 ...          ...
71  2026-01-23 11:31:15       0m 32s  ...                1.64         0.04
72  2026-01-23 11:31:47       0m 31s  ...               15.38         0.37
73  2026-01-23 11:32:19       0m 28s  ...                3.28         0.08
74  2026-01-23 11:32:48       0m 32s  ...               13.43         0.36
75  2026-01-23 11:33:20       0m 34s  ...               24.95         0.55

[76 rows x 24 columns]
              timestamp time_elapsed  ... severity_rate_patch Gradient_sr2
0   2026-01-23 10:50:57       0m 34s  ...                1.74         0.04
1   2026-01-23 10:51:31       0m 33s  ...                4.36         0.11
2   2026-01-23 10:52:05       0m 33s  ...                0.85         0.02
3   2026-01-23 10:52:38       0m 38s  ...               25.47         0.67
4   2026-01-23 10:53:17       0m 38s  ...               37.39         0.99
..                  ...          ...  ...                 ...          ...
72  2026-01-23 11:31:47       0m 31s  ...               15.38         0.37
73  2026-01-23 11:32:19       0m 28s  ...                3.28         0.08
74  2026-01-23 11:32:48       0m 32s  ...               13.43         0.36
75  2026-01-23 11:33:20       0m 34s  ...               24.95         0.55
76  2026-01-23 11:33:55       0m 41s  ...               79.18         2.11

[77 rows x 24 columns]
              timestamp time_elapsed  ... severity_rate_patch Gradient_sr2
0   2026-01-23 10:50:57       0m 34s  ...                1.74         0.04
1   2026-01-23 10:51:31       0m 33s  ...                4.36         0.11
2   2026-01-23 10:52:05       0m 33s  ...                0.85         0.02
3   2026-01-23 10:52:38       0m 38s  ...               25.47         0.67
4   2026-01-23 10:53:17       0m 38s  ...               37.39         0.99
..                  ...          ...  ...                 ...          ...
73  2026-01-23 11:32:19       0m 28s  ...                3.28         0.08
74  2026-01-23 11:32:48       0m 32s  ...               13.43         0.36
75  2026-01-23 11:33:20       0m 34s  ...               24.95         0.55
76  2026-01-23 11:33:55       0m 41s  ...               79.18         2.11
77  2026-01-23 11:34:36       0m 34s  ...                4.96         0.12

[78 rows x 24 columns]
              timestamp time_elapsed  ... severity_rate_patch Gradient_sr2
0   2026-01-23 10:50:57       0m 34s  ...                1.74         0.04
1   2026-01-23 10:51:31       0m 33s  ...                4.36         0.11
2   2026-01-23 10:52:05       0m 33s  ...                0.85         0.02
3   2026-01-23 10:52:38       0m 38s  ...               25.47         0.67
4   2026-01-23 10:53:17       0m 38s  ...               37.39         0.99
..                  ...          ...  ...                 ...          ...
74  2026-01-23 11:32:48       0m 32s  ...               13.43         0.36
75  2026-01-23 11:33:20       0m 34s  ...               24.95         0.55
76  2026-01-23 11:33:55       0m 41s  ...               79.18         2.11
77  2026-01-23 11:34:36       0m 34s  ...                4.96         0.12
78  2026-01-23 11:35:10       0m 32s  ...                6.35         0.16

[79 rows x 24 columns]
[2026-01-23 11:40:53,766] - [root] - [INFO] - Analysis finished: 0m 35s
[2026-01-23 11:40:53,766] - [root] - [INFO] - -------------------------------------------
[2026-01-23 11:40:53,766] - [root] - [INFO] - -------------------------------------------
[2026-01-23 11:40:53,766] - [root] - [INFO] - Processing 1-22-2026 5dpi 209-W2021010-439_R2.png
[2026-01-23 11:41:14,042] - [root] - [INFO] - Finished loading mask: 0m 20s
[2026-01-23 11:41:29,122] - [root] - [INFO] - Finished crop and inference: 0m 35s
[2026-01-23 11:41:30,695] - [root] - [INFO] - Analysis finished: 0m 36s
[2026-01-23 11:41:30,695] - [root] - [INFO] - -------------------------------------------
[2026-01-23 11:41:30,697] - [root] - [INFO] - -------------------------------------------
[2026-01-23 11:41:30,697] - [root] - [INFO] - Processing 1-22-2026 5dpi 211-W2021011-598_R2.png
[2026-01-23 11:41:51,325] - [root] - [INFO] - Finished loading mask: 0m 20s
[2026-01-23 11:42:03,420] - [root] - [INFO] - Finished crop and inference: 0m 32s
[2026-01-23 11:42:05,083] - [root] - [INFO] - Analysis finished: 0m 34s
[2026-01-23 11:42:05,083] - [root] - [INFO] - -------------------------------------------
[2026-01-23 11:42:05,083] - [root] - [INFO] - -------------------------------------------
[2026-01-23 11:42:05,083] - [root] - [INFO] - Processing 1-22-2026 5dpi 215-W2021006-045_R2.png
[2026-01-23 11:42:25,826] - [root] - [INFO] - Finished loading mask: 0m 20s
[2026-01-23 11:42:35,878] - [root] - [INFO] - Finished crop and inference: 0m 30s
[2026-01-23 11:42:37,581] - [root] - [INFO] - Analysis finished: 0m 32s
[2026-01-23 11:42:37,581] - [root] - [INFO] - -------------------------------------------
[2026-01-23 11:42:37,581] - [root] - [INFO] - -------------------------------------------
[2026-01-23 11:42:37,581] - [root] - [INFO] - Processing 1-22-2026 5dpi 223-W2021010-442_R2.png
[2026-01-23 11:42:57,990] - [root] - [INFO] - Finished loading mask: 0m 20s
[2026-01-23 11:43:12,467] - [root] - [INFO] - Finished crop and inference: 0m 34s
[2026-01-23 11:43:14,082] - [root] - [INFO] - Analysis finished: 0m 36s
[2026-01-23 11:43:14,082] - [root] - [INFO] - -------------------------------------------
[2026-01-23 11:43:14,082] - [root] - [INFO] - -------------------------------------------
[2026-01-23 11:43:14,082] - [root] - [INFO] - Processing 1-22-2026 5dpi 226-W2021010-435_R1.png
[2026-01-23 11:43:34,291] - [root] - [INFO] - Finished loading mask: 0m 20s
[2026-01-23 11:43:44,646] - [root] - [INFO] - Finished crop and inference: 0m 30s
[2026-01-23 11:43:46,314] - [root] - [INFO] - Analysis finished: 0m 32s
[2026-01-23 11:43:46,314] - [root] - [INFO] - -------------------------------------------
[2026-01-23 11:43:46,314] - [root] - [INFO] - -------------------------------------------
[2026-01-23 11:43:46,314] - [root] - [INFO] - Processing 1-22-2026 5dpi 230-W2021010-373_R2.png
[2026-01-23 11:44:06,424] - [root] - [INFO] - Finished loading mask: 0m 20s
[2026-01-23 11:44:30,473] - [root] - [INFO] - Finished crop and inference: 0m 44s
[2026-01-23 11:44:32,134] - [root] - [INFO] - Analysis finished: 0m 45s
[2026-01-23 11:44:32,135] - [root] - [INFO] - -------------------------------------------
[2026-01-23 11:44:32,135] - [root] - [INFO] - -------------------------------------------
[2026-01-23 11:44:32,135] - [root] - [INFO] - Processing 1-22-2026 5dpi 233-W2021009-215_R2.png
[2026-01-23 11:44:51,908] - [root] - [INFO] - Finished loading mask: 0m 19s
[2026-01-23 11:45:03,705] - [root] - [INFO] - Finished crop and inference: 0m 31s
[2026-01-23 11:45:05,351] - [root] - [INFO] - Analysis finished: 0m 33s
[2026-01-23 11:45:05,351] - [root] - [INFO] - -------------------------------------------
[2026-01-23 11:45:05,351] - [root] - [INFO] - -------------------------------------------
[2026-01-23 11:45:05,351] - [root] - [INFO] - Processing 1-22-2026 5dpi 240-Symphony_R2.png
[2026-01-23 11:45:25,750] - [root] - [INFO] - Finished loading mask: 0m 20s
[2026-01-23 11:45:47,582] - [root] - [INFO] - Finished crop and inference: 0m 42s
              timestamp time_elapsed  ... severity_rate_patch Gradient_sr2
0   2026-01-23 10:50:57       0m 34s  ...                1.74         0.04
1   2026-01-23 10:51:31       0m 33s  ...                4.36         0.11
2   2026-01-23 10:52:05       0m 33s  ...                0.85         0.02
3   2026-01-23 10:52:38       0m 38s  ...               25.47         0.67
4   2026-01-23 10:53:17       0m 38s  ...               37.39         0.99
..                  ...          ...  ...                 ...          ...
75  2026-01-23 11:33:20       0m 34s  ...               24.95         0.55
76  2026-01-23 11:33:55       0m 41s  ...               79.18         2.11
77  2026-01-23 11:34:36       0m 34s  ...                4.96         0.12
78  2026-01-23 11:35:10       0m 32s  ...                6.35         0.16
79  2026-01-23 11:35:43       0m 33s  ...               13.16         0.28

[80 rows x 24 columns]
              timestamp time_elapsed  ... severity_rate_patch Gradient_sr2
0   2026-01-23 10:50:57       0m 34s  ...                1.74         0.04
1   2026-01-23 10:51:31       0m 33s  ...                4.36         0.11
2   2026-01-23 10:52:05       0m 33s  ...                0.85         0.02
3   2026-01-23 10:52:38       0m 38s  ...               25.47         0.67
4   2026-01-23 10:53:17       0m 38s  ...               37.39         0.99
..                  ...          ...  ...                 ...          ...
76  2026-01-23 11:33:55       0m 41s  ...               79.18         2.11
77  2026-01-23 11:34:36       0m 34s  ...                4.96         0.12
78  2026-01-23 11:35:10       0m 32s  ...                6.35         0.16
79  2026-01-23 11:35:43       0m 33s  ...               13.16         0.28
80  2026-01-23 11:36:17       0m 34s  ...                5.94         0.15

[81 rows x 24 columns]
              timestamp time_elapsed  ... severity_rate_patch Gradient_sr2
0   2026-01-23 10:50:57       0m 34s  ...                1.74         0.04
1   2026-01-23 10:51:31       0m 33s  ...                4.36         0.11
2   2026-01-23 10:52:05       0m 33s  ...                0.85         0.02
3   2026-01-23 10:52:38       0m 38s  ...               25.47         0.67
4   2026-01-23 10:53:17       0m 38s  ...               37.39         0.99
..                  ...          ...  ...                 ...          ...
77  2026-01-23 11:34:36       0m 34s  ...                4.96         0.12
78  2026-01-23 11:35:10       0m 32s  ...                6.35         0.16
79  2026-01-23 11:35:43       0m 33s  ...               13.16         0.28
80  2026-01-23 11:36:17       0m 34s  ...                5.94         0.15
81  2026-01-23 11:36:51       0m 42s  ...               85.45         2.49

[82 rows x 24 columns]
              timestamp time_elapsed  ... severity_rate_patch Gradient_sr2
0   2026-01-23 10:50:57       0m 34s  ...                1.74         0.04
1   2026-01-23 10:51:31       0m 33s  ...                4.36         0.11
2   2026-01-23 10:52:05       0m 33s  ...                0.85         0.02
3   2026-01-23 10:52:38       0m 38s  ...               25.47         0.67
4   2026-01-23 10:53:17       0m 38s  ...               37.39         0.99
..                  ...          ...  ...                 ...          ...
78  2026-01-23 11:35:10       0m 32s  ...                6.35         0.16
79  2026-01-23 11:35:43       0m 33s  ...               13.16         0.28
80  2026-01-23 11:36:17       0m 34s  ...                5.94         0.15
81  2026-01-23 11:36:51       0m 42s  ...               85.45         2.49
82  2026-01-23 11:37:34       0m 34s  ...                9.54         0.25

[83 rows x 24 columns]
              timestamp time_elapsed  ... severity_rate_patch Gradient_sr2
0   2026-01-23 10:50:57       0m 34s  ...                1.74         0.04
1   2026-01-23 10:51:31       0m 33s  ...                4.36         0.11
2   2026-01-23 10:52:05       0m 33s  ...                0.85         0.02
3   2026-01-23 10:52:38       0m 38s  ...               25.47         0.67
4   2026-01-23 10:53:17       0m 38s  ...               37.39         0.99
..                  ...          ...  ...                 ...          ...
79  2026-01-23 11:35:43       0m 33s  ...               13.16         0.28
80  2026-01-23 11:36:17       0m 34s  ...                5.94         0.15
81  2026-01-23 11:36:51       0m 42s  ...               85.45         2.49
82  2026-01-23 11:37:34       0m 34s  ...                9.54         0.25
83  2026-01-23 11:38:09       0m 35s  ...               23.32         0.63

[84 rows x 24 columns]
              timestamp time_elapsed  ... severity_rate_patch Gradient_sr2
0   2026-01-23 10:50:57       0m 34s  ...                1.74         0.04
1   2026-01-23 10:51:31       0m 33s  ...                4.36         0.11
2   2026-01-23 10:52:05       0m 33s  ...                0.85         0.02
3   2026-01-23 10:52:38       0m 38s  ...               25.47         0.67
4   2026-01-23 10:53:17       0m 38s  ...               37.39         0.99
..                  ...          ...  ...                 ...          ...
80  2026-01-23 11:36:17       0m 34s  ...                5.94         0.15
81  2026-01-23 11:36:51       0m 42s  ...               85.45         2.49
82  2026-01-23 11:37:34       0m 34s  ...                9.54         0.25
83  2026-01-23 11:38:09       0m 35s  ...               23.32         0.63
84  2026-01-23 11:38:44       0m 31s  ...                7.13         0.17

[85 rows x 24 columns]
              timestamp time_elapsed  ... severity_rate_patch Gradient_sr2
0   2026-01-23 10:50:57       0m 34s  ...                1.74         0.04
1   2026-01-23 10:51:31       0m 33s  ...                4.36         0.11
2   2026-01-23 10:52:05       0m 33s  ...                0.85         0.02
3   2026-01-23 10:52:38       0m 38s  ...               25.47         0.67
4   2026-01-23 10:53:17       0m 38s  ...               37.39         0.99
..                  ...          ...  ...                 ...          ...
81  2026-01-23 11:36:51       0m 42s  ...               85.45         2.49
82  2026-01-23 11:37:34       0m 34s  ...                9.54         0.25
83  2026-01-23 11:38:09       0m 35s  ...               23.32         0.63
84  2026-01-23 11:38:44       0m 31s  ...                7.13         0.17
85  2026-01-23 11:39:16       0m 31s  ...                6.06         0.16

[86 rows x 24 columns]
              timestamp time_elapsed  ... severity_rate_patch Gradient_sr2
0   2026-01-23 10:50:57       0m 34s  ...                1.74         0.04
1   2026-01-23 10:51:31       0m 33s  ...                4.36         0.11
2   2026-01-23 10:52:05       0m 33s  ...                0.85         0.02
3   2026-01-23 10:52:38       0m 38s  ...               25.47         0.67
4   2026-01-23 10:53:17       0m 38s  ...               37.39         0.99
..                  ...          ...  ...                 ...          ...
82  2026-01-23 11:37:34       0m 34s  ...                9.54         0.25
83  2026-01-23 11:38:09       0m 35s  ...               23.32         0.63
84  2026-01-23 11:38:44       0m 31s  ...                7.13         0.17
85  2026-01-23 11:39:16       0m 31s  ...                6.06         0.16
86  2026-01-23 11:39:47       0m 30s  ...                1.20         0.03

[87 rows x 24 columns]
[2026-01-23 11:45:49,175] - [root] - [INFO] - Analysis finished: 0m 43s
[2026-01-23 11:45:49,175] - [root] - [INFO] - -------------------------------------------
[2026-01-23 11:45:49,175] - [root] - [INFO] - -------------------------------------------
[2026-01-23 11:45:49,175] - [root] - [INFO] - Processing 1-22-2026 5dpi 254-W2021010-352_R2.png
[2026-01-23 11:46:09,151] - [root] - [INFO] - Finished loading mask: 0m 19s
[2026-01-23 11:46:17,187] - [root] - [INFO] - Finished crop and inference: 0m 28s
[2026-01-23 11:46:18,804] - [root] - [INFO] - Analysis finished: 0m 29s
[2026-01-23 11:46:18,804] - [root] - [INFO] - -------------------------------------------
[2026-01-23 11:46:18,804] - [root] - [INFO] - -------------------------------------------
[2026-01-23 11:46:18,804] - [root] - [INFO] - Processing 1-22-2026 5dpi 266-W2021009-193_R1.png
[2026-01-23 11:46:39,179] - [root] - [INFO] - Finished loading mask: 0m 20s
[2026-01-23 11:46:49,020] - [root] - [INFO] - Finished crop and inference: 0m 30s
[2026-01-23 11:46:50,737] - [root] - [INFO] - Analysis finished: 0m 31s
[2026-01-23 11:46:50,737] - [root] - [INFO] - -------------------------------------------
[2026-01-23 11:46:50,737] - [root] - [INFO] - -------------------------------------------
[2026-01-23 11:46:50,737] - [root] - [INFO] - Processing 1-22-2026 5dpi 313-W2021010-343_R1.png
[2026-01-23 11:47:11,027] - [root] - [INFO] - Finished loading mask: 0m 20s
[2026-01-23 11:47:20,000] - [root] - [INFO] - Finished crop and inference: 0m 29s
[2026-01-23 11:47:21,717] - [root] - [INFO] - Analysis finished: 0m 30s
[2026-01-23 11:47:21,717] - [root] - [INFO] - -------------------------------------------
[2026-01-23 11:47:21,717] - [root] - [INFO] - -------------------------------------------
[2026-01-23 11:47:21,717] - [root] - [INFO] - Processing 1-22-2026 5dpi 336-W2021011-506_R2.png
[2026-01-23 11:47:41,560] - [root] - [INFO] - Finished loading mask: 0m 19s
[2026-01-23 11:47:57,231] - [root] - [INFO] - Finished crop and inference: 0m 35s
[2026-01-23 11:47:58,847] - [root] - [INFO] - Analysis finished: 0m 37s
[2026-01-23 11:47:58,848] - [root] - [INFO] - -------------------------------------------
[2026-01-23 11:47:58,918] - [root] - [INFO] - Saved C:\Users\Intel User\Desktop\blackbird_scripts\data\Results\ResNet_upth0.6_downth0.1_Jan22_10-21-00_2026\1-22-2026\th_0.7\severity_rate_tray_5dpi.csv
              timestamp time_elapsed  ... severity_rate_patch Gradient_sr2
0   2026-01-23 10:50:57       0m 34s  ...                1.74         0.04
1   2026-01-23 10:51:31       0m 33s  ...                4.36         0.11
2   2026-01-23 10:52:05       0m 33s  ...                0.85         0.02
3   2026-01-23 10:52:38       0m 38s  ...               25.47         0.67
4   2026-01-23 10:53:17       0m 38s  ...               37.39         0.99
..                  ...          ...  ...                 ...          ...
83  2026-01-23 11:38:09       0m 35s  ...               23.32         0.63
84  2026-01-23 11:38:44       0m 31s  ...                7.13         0.17
85  2026-01-23 11:39:16       0m 31s  ...                6.06         0.16
86  2026-01-23 11:39:47       0m 30s  ...                1.20         0.03
87  2026-01-23 11:40:18       0m 34s  ...               31.65         0.76

[88 rows x 24 columns]
              timestamp time_elapsed  ... severity_rate_patch Gradient_sr2
0   2026-01-23 10:50:57       0m 34s  ...                1.74         0.04
1   2026-01-23 10:51:31       0m 33s  ...                4.36         0.11
2   2026-01-23 10:52:05       0m 33s  ...                0.85         0.02
3   2026-01-23 10:52:38       0m 38s  ...               25.47         0.67
4   2026-01-23 10:53:17       0m 38s  ...               37.39         0.99
..                  ...          ...  ...                 ...          ...
84  2026-01-23 11:38:44       0m 31s  ...                7.13         0.17
85  2026-01-23 11:39:16       0m 31s  ...                6.06         0.16
86  2026-01-23 11:39:47       0m 30s  ...                1.20         0.03
87  2026-01-23 11:40:18       0m 34s  ...               31.65         0.76
88  2026-01-23 11:40:53       0m 36s  ...               42.68         1.19

[89 rows x 24 columns]
              timestamp time_elapsed  ... severity_rate_patch Gradient_sr2
0   2026-01-23 10:50:57       0m 34s  ...                1.74         0.04
1   2026-01-23 10:51:31       0m 33s  ...                4.36         0.11
2   2026-01-23 10:52:05       0m 33s  ...                0.85         0.02
3   2026-01-23 10:52:38       0m 38s  ...               25.47         0.67
4   2026-01-23 10:53:17       0m 38s  ...               37.39         0.99
..                  ...          ...  ...                 ...          ...
85  2026-01-23 11:39:16       0m 31s  ...                6.06         0.16
86  2026-01-23 11:39:47       0m 30s  ...                1.20         0.03
87  2026-01-23 11:40:18       0m 34s  ...               31.65         0.76
88  2026-01-23 11:40:53       0m 36s  ...               42.68         1.19
89  2026-01-23 11:41:30       0m 34s  ...               14.13         0.40

[90 rows x 24 columns]
              timestamp time_elapsed  ... severity_rate_patch Gradient_sr2
0   2026-01-23 10:50:57       0m 34s  ...                1.74         0.04
1   2026-01-23 10:51:31       0m 33s  ...                4.36         0.11
2   2026-01-23 10:52:05       0m 33s  ...                0.85         0.02
3   2026-01-23 10:52:38       0m 38s  ...               25.47         0.67
4   2026-01-23 10:53:17       0m 38s  ...               37.39         0.99
..                  ...          ...  ...                 ...          ...
86  2026-01-23 11:39:47       0m 30s  ...                1.20         0.03
87  2026-01-23 11:40:18       0m 34s  ...               31.65         0.76
88  2026-01-23 11:40:53       0m 36s  ...               42.68         1.19
89  2026-01-23 11:41:30       0m 34s  ...               14.13         0.40
90  2026-01-23 11:42:05       0m 32s  ...               11.52         0.30

[91 rows x 24 columns]
              timestamp time_elapsed  ... severity_rate_patch Gradient_sr2
0   2026-01-23 10:50:57       0m 34s  ...                1.74         0.04
1   2026-01-23 10:51:31       0m 33s  ...                4.36         0.11
2   2026-01-23 10:52:05       0m 33s  ...                0.85         0.02
3   2026-01-23 10:52:38       0m 38s  ...               25.47         0.67
4   2026-01-23 10:53:17       0m 38s  ...               37.39         0.99
..                  ...          ...  ...                 ...          ...
87  2026-01-23 11:40:18       0m 34s  ...               31.65         0.76
88  2026-01-23 11:40:53       0m 36s  ...               42.68         1.19
89  2026-01-23 11:41:30       0m 34s  ...               14.13         0.40
90  2026-01-23 11:42:05       0m 32s  ...               11.52         0.30
91  2026-01-23 11:42:37       0m 36s  ...               45.04         1.15

[92 rows x 24 columns]
              timestamp time_elapsed  ... severity_rate_patch Gradient_sr2
0   2026-01-23 10:50:57       0m 34s  ...                1.74         0.04
1   2026-01-23 10:51:31       0m 33s  ...                4.36         0.11
2   2026-01-23 10:52:05       0m 33s  ...                0.85         0.02
3   2026-01-23 10:52:38       0m 38s  ...               25.47         0.67
4   2026-01-23 10:53:17       0m 38s  ...               37.39         0.99
..                  ...          ...  ...                 ...          ...
88  2026-01-23 11:40:53       0m 36s  ...               42.68         1.19
89  2026-01-23 11:41:30       0m 34s  ...               14.13         0.40
90  2026-01-23 11:42:05       0m 32s  ...               11.52         0.30
91  2026-01-23 11:42:37       0m 36s  ...               45.04         1.15
92  2026-01-23 11:43:14       0m 32s  ...               13.53         0.35

[93 rows x 24 columns]
              timestamp time_elapsed  ... severity_rate_patch Gradient_sr2
0   2026-01-23 10:50:57       0m 34s  ...                1.74         0.04
1   2026-01-23 10:51:31       0m 33s  ...                4.36         0.11
2   2026-01-23 10:52:05       0m 33s  ...                0.85         0.02
3   2026-01-23 10:52:38       0m 38s  ...               25.47         0.67
4   2026-01-23 10:53:17       0m 38s  ...               37.39         0.99
..                  ...          ...  ...                 ...          ...
89  2026-01-23 11:41:30       0m 34s  ...               14.13         0.40
90  2026-01-23 11:42:05       0m 32s  ...               11.52         0.30
91  2026-01-23 11:42:37       0m 36s  ...               45.04         1.15
92  2026-01-23 11:43:14       0m 32s  ...               13.53         0.35
93  2026-01-23 11:43:46       0m 45s  ...               98.85         3.19

[94 rows x 24 columns]
              timestamp time_elapsed  ... severity_rate_patch Gradient_sr2
0   2026-01-23 10:50:57       0m 34s  ...                1.74         0.04
1   2026-01-23 10:51:31       0m 33s  ...                4.36         0.11
2   2026-01-23 10:52:05       0m 33s  ...                0.85         0.02
3   2026-01-23 10:52:38       0m 38s  ...               25.47         0.67
4   2026-01-23 10:53:17       0m 38s  ...               37.39         0.99
..                  ...          ...  ...                 ...          ...
90  2026-01-23 11:42:05       0m 32s  ...               11.52         0.30
91  2026-01-23 11:42:37       0m 36s  ...               45.04         1.15
92  2026-01-23 11:43:14       0m 32s  ...               13.53         0.35
93  2026-01-23 11:43:46       0m 45s  ...               98.85         3.19
94  2026-01-23 11:44:32       0m 33s  ...               17.16         0.48

[95 rows x 24 columns]
              timestamp time_elapsed  ... severity_rate_patch Gradient_sr2
0   2026-01-23 10:50:57       0m 34s  ...                1.74         0.04
1   2026-01-23 10:51:31       0m 33s  ...                4.36         0.11
2   2026-01-23 10:52:05       0m 33s  ...                0.85         0.02
3   2026-01-23 10:52:38       0m 38s  ...               25.47         0.67
4   2026-01-23 10:53:17       0m 38s  ...               37.39         0.99
..                  ...          ...  ...                 ...          ...
91  2026-01-23 11:42:37       0m 36s  ...               45.04         1.15
92  2026-01-23 11:43:14       0m 32s  ...               13.53         0.35
93  2026-01-23 11:43:46       0m 45s  ...               98.85         3.19
94  2026-01-23 11:44:32       0m 33s  ...               17.16         0.48
95  2026-01-23 11:45:05       0m 43s  ...               83.68         2.54

[96 rows x 24 columns]
              timestamp time_elapsed  ... severity_rate_patch Gradient_sr2
0   2026-01-23 10:50:57       0m 34s  ...                1.74         0.04
1   2026-01-23 10:51:31       0m 33s  ...                4.36         0.11
2   2026-01-23 10:52:05       0m 33s  ...                0.85         0.02
3   2026-01-23 10:52:38       0m 38s  ...               25.47         0.67
4   2026-01-23 10:53:17       0m 38s  ...               37.39         0.99
..                  ...          ...  ...                 ...          ...
92  2026-01-23 11:43:14       0m 32s  ...               13.53         0.35
93  2026-01-23 11:43:46       0m 45s  ...               98.85         3.19
94  2026-01-23 11:44:32       0m 33s  ...               17.16         0.48
95  2026-01-23 11:45:05       0m 43s  ...               83.68         2.54
96  2026-01-23 11:45:49       0m 29s  ...                2.20         0.06

[97 rows x 24 columns]
              timestamp time_elapsed  ... severity_rate_patch Gradient_sr2
0   2026-01-23 10:50:57       0m 34s  ...                1.74         0.04
1   2026-01-23 10:51:31       0m 33s  ...                4.36         0.11
2   2026-01-23 10:52:05       0m 33s  ...                0.85         0.02
3   2026-01-23 10:52:38       0m 38s  ...               25.47         0.67
4   2026-01-23 10:53:17       0m 38s  ...               37.39         0.99
..                  ...          ...  ...                 ...          ...
93  2026-01-23 11:43:46       0m 45s  ...               98.85         3.19
94  2026-01-23 11:44:32       0m 33s  ...               17.16         0.48
95  2026-01-23 11:45:05       0m 43s  ...               83.68         2.54
96  2026-01-23 11:45:49       0m 29s  ...                2.20         0.06
97  2026-01-23 11:46:18       0m 31s  ...               10.16         0.27

[98 rows x 24 columns]
              timestamp time_elapsed  ... severity_rate_patch Gradient_sr2
0   2026-01-23 10:50:57       0m 34s  ...                1.74         0.04
1   2026-01-23 10:51:31       0m 33s  ...                4.36         0.11
2   2026-01-23 10:52:05       0m 33s  ...                0.85         0.02
3   2026-01-23 10:52:38       0m 38s  ...               25.47         0.67
4   2026-01-23 10:53:17       0m 38s  ...               37.39         0.99
..                  ...          ...  ...                 ...          ...
94  2026-01-23 11:44:32       0m 33s  ...               17.16         0.48
95  2026-01-23 11:45:05       0m 43s  ...               83.68         2.54
96  2026-01-23 11:45:49       0m 29s  ...                2.20         0.06
97  2026-01-23 11:46:18       0m 31s  ...               10.16         0.27
98  2026-01-23 11:46:50       0m 30s  ...                4.23         0.11

[99 rows x 24 columns]
              timestamp time_elapsed  ... severity_rate_patch Gradient_sr2
0   2026-01-23 10:50:57       0m 34s  ...                1.74         0.04
1   2026-01-23 10:51:31       0m 33s  ...                4.36         0.11
2   2026-01-23 10:52:05       0m 33s  ...                0.85         0.02
3   2026-01-23 10:52:38       0m 38s  ...               25.47         0.67
4   2026-01-23 10:53:17       0m 38s  ...               37.39         0.99
..                  ...          ...  ...                 ...          ...
95  2026-01-23 11:45:05       0m 43s  ...               83.68         2.54
96  2026-01-23 11:45:49       0m 29s  ...                2.20         0.06
97  2026-01-23 11:46:18       0m 31s  ...               10.16         0.27
98  2026-01-23 11:46:50       0m 30s  ...                4.23         0.11
99  2026-01-23 11:47:21       0m 37s  ...               47.28         1.25

[100 rows x 24 columns]

real	57m9.209s
user	0m0.000s
sys	0m0.000s
