[2026-01-23 14:30:48,168] - [root] - [INFO] - leaf_correlation_mw.py
[2026-01-23 14:30:48,169] - [root] - [INFO] - model_type       : ResNet
[2026-01-23 14:30:48,169] - [root] - [INFO] - pretrained       : True
[2026-01-23 14:30:48,169] - [root] - [INFO] - loading_epoch    : 65
[2026-01-23 14:30:48,169] - [root] - [INFO] - timestamp        : Jan22_10-21-00_2026
[2026-01-23 14:30:48,169] - [root] - [INFO] - outdim           : 2
[2026-01-23 14:30:48,169] - [root] - [INFO] - dual_head        : True
[2026-01-23 14:30:48,169] - [root] - [INFO] - model_path       : ../..
[2026-01-23 14:30:48,169] - [root] - [INFO] - step_size        : 224
[2026-01-23 14:30:48,169] - [root] - [INFO] - means            : [0.541, 0.6371, 0.4188]
[2026-01-23 14:30:48,169] - [root] - [INFO] - stds             : [0.1764, 0.165, 0.2326]
[2026-01-23 14:30:48,169] - [root] - [INFO] - target_class     : 1
[2026-01-23 14:30:48,169] - [root] - [INFO] - contam_control   : False
[2026-01-23 14:30:48,169] - [root] - [INFO] - spor_th          : 0.8
[2026-01-23 14:30:48,169] - [root] - [INFO] - inf_gate         : 0.4
[2026-01-23 14:30:48,169] - [root] - [INFO] - pm               : HPM-1269
[2026-01-23 14:30:48,169] - [root] - [INFO] - mps              : False
[2026-01-23 14:30:48,169] - [root] - [INFO] - cuda             : True
[2026-01-23 14:30:48,170] - [root] - [INFO] - cuda_id          : 0
[2026-01-23 14:30:48,170] - [root] - [INFO] - sal_threshold    : 0.5
[2026-01-23 14:30:48,170] - [root] - [INFO] - up_threshold     : 0.6
[2026-01-23 14:30:48,170] - [root] - [INFO] - down_threshold   : 0.1
[2026-01-23 14:30:48,170] - [root] - [INFO] - dataset_path     : C:/Users/Intel User/Desktop/blackbird_scripts/data/human_disk_assessments
[2026-01-23 14:30:48,170] - [root] - [INFO] - img_folder       : 1-22-2026
[2026-01-23 14:30:48,170] - [root] - [INFO] - platform         : BlackBird
[2026-01-23 14:30:48,170] - [root] - [INFO] - threshold        : ['0.7']
[2026-01-23 14:30:48,170] - [root] - [INFO] - log              : ../../results/logs/random.log
[2026-01-23 14:30:48,170] - [root] - [INFO] - dpi              : 5
[2026-01-23 14:30:48,170] - [root] - [INFO] - group            : baseline
[2026-01-23 14:30:48,170] - [root] - [INFO] - trays            : ['5dpi']
[2026-01-23 14:30:48,170] - [root] - [INFO] - sal_gradcam      : False
[2026-01-23 14:30:48,170] - [root] - [INFO] - sal_gradient     : True
[2026-01-23 14:30:48,170] - [root] - [INFO] - sal_smoothgrad   : False
[2026-01-23 14:30:48,170] - [root] - [INFO] - sal_deeplift     : False
[2026-01-23 14:30:48,170] - [root] - [INFO] - sal_thresh_method : fixed
[2026-01-23 14:30:48,170] - [root] - [INFO] - sal_thresh_p     : 95.0
[2026-01-23 14:30:48,984] - [root] - [INFO] - -------------------------------------------
[2026-01-23 14:30:48,985] - [root] - [INFO] - Processing 1-22-2026 5dpi 002-W2021006-081_R1.png
[2026-01-23 14:31:05,218] - [root] - [INFO] - Finished loading mask: 0m 16s
[2026-01-23 14:31:13,180] - [root] - [INFO] - Finished crop and inference: 0m 24s
[2026-01-23 14:31:14,710] - [root] - [INFO] - Analysis finished: 0m 25s
[2026-01-23 14:31:14,710] - [root] - [INFO] - -------------------------------------------
[2026-01-23 14:31:14,710] - [root] - [INFO] - -------------------------------------------
[2026-01-23 14:31:14,710] - [root] - [INFO] - Processing 1-22-2026 5dpi 002-W2021010-336_R2.png
[2026-01-23 14:31:30,964] - [root] - [INFO] - Finished loading mask: 0m 16s
[2026-01-23 14:31:38,764] - [root] - [INFO] - Finished crop and inference: 0m 24s
[2026-01-23 14:31:40,237] - [root] - [INFO] - Analysis finished: 0m 25s
[2026-01-23 14:31:40,237] - [root] - [INFO] - -------------------------------------------
[2026-01-23 14:31:40,237] - [root] - [INFO] - -------------------------------------------
[2026-01-23 14:31:40,237] - [root] - [INFO] - Processing 1-22-2026 5dpi 005-W2021011-592_R2.png
[2026-01-23 14:31:57,002] - [root] - [INFO] - Finished loading mask: 0m 16s
[2026-01-23 14:32:05,383] - [root] - [INFO] - Finished crop and inference: 0m 25s
[2026-01-23 14:32:06,855] - [root] - [INFO] - Analysis finished: 0m 26s
[2026-01-23 14:32:06,855] - [root] - [INFO] - -------------------------------------------
[2026-01-23 14:32:06,855] - [root] - [INFO] - -------------------------------------------
[2026-01-23 14:32:06,855] - [root] - [INFO] - Processing 1-22-2026 5dpi 009-W2021010-311_R2.png
[2026-01-23 14:32:24,107] - [root] - [INFO] - Finished loading mask: 0m 17s
[2026-01-23 14:32:35,039] - [root] - [INFO] - Finished crop and inference: 0m 28s
[2026-01-23 14:32:36,553] - [root] - [INFO] - Analysis finished: 0m 29s
[2026-01-23 14:32:36,553] - [root] - [INFO] - -------------------------------------------
[2026-01-23 14:32:36,553] - [root] - [INFO] - -------------------------------------------
[2026-01-23 14:32:36,553] - [root] - [INFO] - Processing 1-22-2026 5dpi 010-W2021010-347_R2.png
[2026-01-23 14:32:53,793] - [root] - [INFO] - Finished loading mask: 0m 17s
[2026-01-23 14:33:05,611] - [root] - [INFO] - Finished crop and inference: 0m 29s
[2026-01-23 14:33:07,110] - [root] - [INFO] - Analysis finished: 0m 30s
[2026-01-23 14:33:07,110] - [root] - [INFO] - -------------------------------------------
[2026-01-23 14:33:07,111] - [root] - [INFO] - -------------------------------------------
[2026-01-23 14:33:07,111] - [root] - [INFO] - Processing 1-22-2026 5dpi 013-W2021009-172_R2.png
[2026-01-23 14:33:23,242] - [root] - [INFO] - Finished loading mask: 0m 16s
[2026-01-23 14:33:31,063] - [root] - [INFO] - Finished crop and inference: 0m 23s
[2026-01-23 14:33:32,576] - [root] - [INFO] - Analysis finished: 0m 25s
[2026-01-23 14:33:32,576] - [root] - [INFO] - -------------------------------------------
[2026-01-23 14:33:32,576] - [root] - [INFO] - -------------------------------------------
[2026-01-23 14:33:32,577] - [root] - [INFO] - Processing 1-22-2026 5dpi 015-W2021009-160_R1.png
[2026-01-23 14:33:49,467] - [root] - [INFO] - Finished loading mask: 0m 16s
[2026-01-23 14:34:01,566] - [root] - [INFO] - Finished crop and inference: 0m 28s
[2026-01-23 14:34:03,112] - [root] - [INFO] - Analysis finished: 0m 30s
[2026-01-23 14:34:03,112] - [root] - [INFO] - -------------------------------------------
[2026-01-23 14:34:03,112] - [root] - [INFO] - -------------------------------------------
[2026-01-23 14:34:03,112] - [root] - [INFO] - Processing 1-22-2026 5dpi 015-W2021011-633_R1.png
[2026-01-23 14:34:20,116] - [root] - [INFO] - Finished loading mask: 0m 17s
[2026-01-23 14:34:31,071] - [root] - [INFO] - Finished crop and inference: 0m 27s
[2026-01-23 14:34:32,534] - [root] - [INFO] - Analysis finished: 0m 29s
[2026-01-23 14:34:32,534] - [root] - [INFO] - -------------------------------------------
[2026-01-23 14:34:32,534] - [root] - [INFO] - -------------------------------------------
[2026-01-23 14:34:32,534] - [root] - [INFO] - Processing 1-22-2026 5dpi 017-W2021006-612_R2.png
[2026-01-23 14:34:49,720] - [root] - [INFO] - Finished loading mask: 0m 17s
[2026-01-23 14:35:00,234] - [root] - [INFO] - Finished crop and inference: 0m 27s
[2026-01-23 14:35:01,830] - [root] - [INFO] - Analysis finished: 0m 29s
[2026-01-23 14:35:01,830] - [root] - [INFO] - -------------------------------------------
[2026-01-23 14:35:01,830] - [root] - [INFO] - -------------------------------------------
[2026-01-23 14:35:01,831] - [root] - [INFO] - Processing 1-22-2026 5dpi 019-W2021010-428_R2.png
[2026-01-23 14:35:18,527] - [root] - [INFO] - Finished loading mask: 0m 16s
[2026-01-23 14:35:26,096] - [root] - [INFO] - Finished crop and inference: 0m 24s
[2026-01-23 14:35:27,685] - [root] - [INFO] - Analysis finished: 0m 25s
[2026-01-23 14:35:27,685] - [root] - [INFO] - -------------------------------------------
[2026-01-23 14:35:27,686] - [root] - [INFO] - -------------------------------------------
[2026-01-23 14:35:27,686] - [root] - [INFO] - Processing 1-22-2026 5dpi 021-W2021009-175_R1.png
[2026-01-23 14:35:43,988] - [root] - [INFO] - Finished loading mask: 0m 16s
[2026-01-23 14:35:52,337] - [root] - [INFO] - Finished crop and inference: 0m 24s
[2026-01-23 14:35:53,907] - [root] - [INFO] - Analysis finished: 0m 26s
[2026-01-23 14:35:53,907] - [root] - [INFO] - -------------------------------------------
[2026-01-23 14:35:53,907] - [root] - [INFO] - -------------------------------------------
[2026-01-23 14:35:53,907] - [root] - [INFO] - Processing 1-22-2026 5dpi 022-W2021009-198_R2.png
[2026-01-23 14:36:11,043] - [root] - [INFO] - Finished loading mask: 0m 17s
[2026-01-23 14:36:21,454] - [root] - [INFO] - Finished crop and inference: 0m 27s
[2026-01-23 14:36:23,014] - [root] - [INFO] - Analysis finished: 0m 29s
[2026-01-23 14:36:23,014] - [root] - [INFO] - -------------------------------------------
[2026-01-23 14:36:23,014] - [root] - [INFO] - -------------------------------------------
[2026-01-23 14:36:23,014] - [root] - [INFO] - Processing 1-22-2026 5dpi 023-W2021006-049_R1.png
[2026-01-23 14:36:39,571] - [root] - [INFO] - Finished loading mask: 0m 16s
[2026-01-23 14:36:49,201] - [root] - [INFO] - Finished crop and inference: 0m 26s
[2026-01-23 14:36:50,800] - [root] - [INFO] - Analysis finished: 0m 27s
[2026-01-23 14:36:50,800] - [root] - [INFO] - -------------------------------------------
[2026-01-23 14:36:50,801] - [root] - [INFO] - -------------------------------------------
[2026-01-23 14:36:50,801] - [root] - [INFO] - Processing 1-22-2026 5dpi 023-W2021010-305_R2.png
[2026-01-23 14:37:07,713] - [root] - [INFO] - Finished loading mask: 0m 16s
[2026-01-23 14:37:16,801] - [root] - [INFO] - Finished crop and inference: 0m 26s
[2026-01-23 14:37:18,375] - [root] - [INFO] - Analysis finished: 0m 27s
[2026-01-23 14:37:18,375] - [root] - [INFO] - -------------------------------------------
[2026-01-23 14:37:18,375] - [root] - [INFO] - -------------------------------------------
[2026-01-23 14:37:18,375] - [root] - [INFO] - Processing 1-22-2026 5dpi 026-W2021009-622_R2.png
[2026-01-23 14:37:35,729] - [root] - [INFO] - Finished loading mask: 0m 17s
[2026-01-23 14:37:47,650] - [root] - [INFO] - Finished crop and inference: 0m 29s
[2026-01-23 14:37:49,230] - [root] - [INFO] - Analysis finished: 0m 30s
[2026-01-23 14:37:49,230] - [root] - [INFO] - -------------------------------------------
[2026-01-23 14:37:49,230] - [root] - [INFO] - -------------------------------------------
[2026-01-23 14:37:49,230] - [root] - [INFO] - Processing 1-22-2026 5dpi 032-W2021006-041_R2.png
[2026-01-23 14:38:06,411] - [root] - [INFO] - Finished loading mask: 0m 17s
[2026-01-23 14:38:17,312] - [root] - [INFO] - Finished crop and inference: 0m 28s
[2026-01-23 14:38:18,891] - [root] - [INFO] - Analysis finished: 0m 29s
[2026-01-23 14:38:18,891] - [root] - [INFO] - -------------------------------------------
[2026-01-23 14:38:18,891] - [root] - [INFO] - -------------------------------------------
[2026-01-23 14:38:18,891] - [root] - [INFO] - Processing 1-22-2026 5dpi 032-W2021009-155_R1.png
[2026-01-23 14:38:37,077] - [root] - [INFO] - Finished loading mask: 0m 18s
[2026-01-23 14:38:56,921] - [root] - [INFO] - Finished crop and inference: 0m 38s
[2026-01-23 14:38:58,669] - [root] - [INFO] - Analysis finished: 0m 39s
[2026-01-23 14:38:58,669] - [root] - [INFO] - -------------------------------------------
[2026-01-23 14:38:58,669] - [root] - [INFO] - -------------------------------------------
[2026-01-23 14:38:58,669] - [root] - [INFO] - Processing 1-22-2026 5dpi 036-W2021006-047_R2.png
[2026-01-23 14:39:15,221] - [root] - [INFO] - Finished loading mask: 0m 16s
[2026-01-23 14:39:23,049] - [root] - [INFO] - Finished crop and inference: 0m 24s
[2026-01-23 14:39:24,595] - [root] - [INFO] - Analysis finished: 0m 25s
[2026-01-23 14:39:24,596] - [root] - [INFO] - -------------------------------------------
[2026-01-23 14:39:24,596] - [root] - [INFO] - -------------------------------------------
[2026-01-23 14:39:24,596] - [root] - [INFO] - Processing 1-22-2026 5dpi 040-W2021009-207_R1.png
[2026-01-23 14:39:41,344] - [root] - [INFO] - Finished loading mask: 0m 16s
[2026-01-23 14:39:51,815] - [root] - [INFO] - Finished crop and inference: 0m 27s
[2026-01-23 14:39:53,348] - [root] - [INFO] - Analysis finished: 0m 28s
[2026-01-23 14:39:53,349] - [root] - [INFO] - -------------------------------------------
[2026-01-23 14:39:53,349] - [root] - [INFO] - -------------------------------------------
[2026-01-23 14:39:53,349] - [root] - [INFO] - Processing 1-22-2026 5dpi 042-W2021010-429_R1.png
[2026-01-23 14:40:10,947] - [root] - [INFO] - Finished loading mask: 0m 17s
[2026-01-23 14:40:26,500] - [root] - [INFO] - Finished crop and inference: 0m 33s
             timestamp time_elapsed  ... severity_rate_patch Gradient_sr2
0  2026-01-23 14:30:48       0m 25s  ...                1.74         0.04

[1 rows x 24 columns]
             timestamp time_elapsed  ... severity_rate_patch Gradient_sr2
0  2026-01-23 14:30:48       0m 25s  ...                1.74         0.04
1  2026-01-23 14:31:14       0m 25s  ...                4.36         0.11

[2 rows x 24 columns]
             timestamp time_elapsed  ... severity_rate_patch Gradient_sr2
0  2026-01-23 14:30:48       0m 25s  ...                1.74         0.04
1  2026-01-23 14:31:14       0m 25s  ...                4.36         0.11
2  2026-01-23 14:31:40       0m 26s  ...                0.85         0.02

[3 rows x 24 columns]
             timestamp time_elapsed  ... severity_rate_patch Gradient_sr2
0  2026-01-23 14:30:48       0m 25s  ...                1.74         0.04
1  2026-01-23 14:31:14       0m 25s  ...                4.36         0.11
2  2026-01-23 14:31:40       0m 26s  ...                0.85         0.02
3  2026-01-23 14:32:06       0m 29s  ...               25.47         0.67

[4 rows x 24 columns]
             timestamp time_elapsed  ... severity_rate_patch Gradient_sr2
0  2026-01-23 14:30:48       0m 25s  ...                1.74         0.04
1  2026-01-23 14:31:14       0m 25s  ...                4.36         0.11
2  2026-01-23 14:31:40       0m 26s  ...                0.85         0.02
3  2026-01-23 14:32:06       0m 29s  ...               25.47         0.67
4  2026-01-23 14:32:36       0m 30s  ...               37.39         0.99

[5 rows x 24 columns]
             timestamp time_elapsed  ... severity_rate_patch Gradient_sr2
0  2026-01-23 14:30:48       0m 25s  ...                1.74         0.04
1  2026-01-23 14:31:14       0m 25s  ...                4.36         0.11
2  2026-01-23 14:31:40       0m 26s  ...                0.85         0.02
3  2026-01-23 14:32:06       0m 29s  ...               25.47         0.67
4  2026-01-23 14:32:36       0m 30s  ...               37.39         0.99
5  2026-01-23 14:33:07       0m 25s  ...                0.45         0.01

[6 rows x 24 columns]
             timestamp time_elapsed  ... severity_rate_patch Gradient_sr2
0  2026-01-23 14:30:48       0m 25s  ...                1.74         0.04
1  2026-01-23 14:31:14       0m 25s  ...                4.36         0.11
2  2026-01-23 14:31:40       0m 26s  ...                0.85         0.02
3  2026-01-23 14:32:06       0m 29s  ...               25.47         0.67
4  2026-01-23 14:32:36       0m 30s  ...               37.39         0.99
5  2026-01-23 14:33:07       0m 25s  ...                0.45         0.01
6  2026-01-23 14:33:32       0m 30s  ...               38.62         0.91

[7 rows x 24 columns]
             timestamp time_elapsed  ... severity_rate_patch Gradient_sr2
0  2026-01-23 14:30:48       0m 25s  ...                1.74         0.04
1  2026-01-23 14:31:14       0m 25s  ...                4.36         0.11
2  2026-01-23 14:31:40       0m 26s  ...                0.85         0.02
3  2026-01-23 14:32:06       0m 29s  ...               25.47         0.67
4  2026-01-23 14:32:36       0m 30s  ...               37.39         0.99
5  2026-01-23 14:33:07       0m 25s  ...                0.45         0.01
6  2026-01-23 14:33:32       0m 30s  ...               38.62         0.91
7  2026-01-23 14:34:03       0m 29s  ...               19.86         0.56

[8 rows x 24 columns]
             timestamp time_elapsed  ... severity_rate_patch Gradient_sr2
0  2026-01-23 14:30:48       0m 25s  ...                1.74         0.04
1  2026-01-23 14:31:14       0m 25s  ...                4.36         0.11
2  2026-01-23 14:31:40       0m 26s  ...                0.85         0.02
3  2026-01-23 14:32:06       0m 29s  ...               25.47         0.67
4  2026-01-23 14:32:36       0m 30s  ...               37.39         0.99
5  2026-01-23 14:33:07       0m 25s  ...                0.45         0.01
6  2026-01-23 14:33:32       0m 30s  ...               38.62         0.91
7  2026-01-23 14:34:03       0m 29s  ...               19.86         0.56
8  2026-01-23 14:34:32       0m 29s  ...               39.61         1.05

[9 rows x 24 columns]
             timestamp time_elapsed  ... severity_rate_patch Gradient_sr2
0  2026-01-23 14:30:48       0m 25s  ...                1.74         0.04
1  2026-01-23 14:31:14       0m 25s  ...                4.36         0.11
2  2026-01-23 14:31:40       0m 26s  ...                0.85         0.02
3  2026-01-23 14:32:06       0m 29s  ...               25.47         0.67
4  2026-01-23 14:32:36       0m 30s  ...               37.39         0.99
5  2026-01-23 14:33:07       0m 25s  ...                0.45         0.01
6  2026-01-23 14:33:32       0m 30s  ...               38.62         0.91
7  2026-01-23 14:34:03       0m 29s  ...               19.86         0.56
8  2026-01-23 14:34:32       0m 29s  ...               39.61         1.05
9  2026-01-23 14:35:01       0m 25s  ...                1.79         0.05

[10 rows x 24 columns]
              timestamp time_elapsed  ... severity_rate_patch Gradient_sr2
0   2026-01-23 14:30:48       0m 25s  ...                1.74         0.04
1   2026-01-23 14:31:14       0m 25s  ...                4.36         0.11
2   2026-01-23 14:31:40       0m 26s  ...                0.85         0.02
3   2026-01-23 14:32:06       0m 29s  ...               25.47         0.67
4   2026-01-23 14:32:36       0m 30s  ...               37.39         0.99
5   2026-01-23 14:33:07       0m 25s  ...                0.45         0.01
6   2026-01-23 14:33:32       0m 30s  ...               38.62         0.91
7   2026-01-23 14:34:03       0m 29s  ...               19.86         0.56
8   2026-01-23 14:34:32       0m 29s  ...               39.61         1.05
9   2026-01-23 14:35:01       0m 25s  ...                1.79         0.05
10  2026-01-23 14:35:27       0m 26s  ...                2.79         0.07

[11 rows x 24 columns]
              timestamp time_elapsed  ... severity_rate_patch Gradient_sr2
0   2026-01-23 14:30:48       0m 25s  ...                1.74         0.04
1   2026-01-23 14:31:14       0m 25s  ...                4.36         0.11
2   2026-01-23 14:31:40       0m 26s  ...                0.85         0.02
3   2026-01-23 14:32:06       0m 29s  ...               25.47         0.67
4   2026-01-23 14:32:36       0m 30s  ...               37.39         0.99
5   2026-01-23 14:33:07       0m 25s  ...                0.45         0.01
6   2026-01-23 14:33:32       0m 30s  ...               38.62         0.91
7   2026-01-23 14:34:03       0m 29s  ...               19.86         0.56
8   2026-01-23 14:34:32       0m 29s  ...               39.61         1.05
9   2026-01-23 14:35:01       0m 25s  ...                1.79         0.05
10  2026-01-23 14:35:27       0m 26s  ...                2.79         0.07
11  2026-01-23 14:35:53       0m 29s  ...               20.77         0.49

[12 rows x 24 columns]
              timestamp time_elapsed  ... severity_rate_patch Gradient_sr2
0   2026-01-23 14:30:48       0m 25s  ...                1.74         0.04
1   2026-01-23 14:31:14       0m 25s  ...                4.36         0.11
2   2026-01-23 14:31:40       0m 26s  ...                0.85         0.02
3   2026-01-23 14:32:06       0m 29s  ...               25.47         0.67
4   2026-01-23 14:32:36       0m 30s  ...               37.39         0.99
5   2026-01-23 14:33:07       0m 25s  ...                0.45         0.01
6   2026-01-23 14:33:32       0m 30s  ...               38.62         0.91
7   2026-01-23 14:34:03       0m 29s  ...               19.86         0.56
8   2026-01-23 14:34:32       0m 29s  ...               39.61         1.05
9   2026-01-23 14:35:01       0m 25s  ...                1.79         0.05
10  2026-01-23 14:35:27       0m 26s  ...                2.79         0.07
11  2026-01-23 14:35:53       0m 29s  ...               20.77         0.49
12  2026-01-23 14:36:23       0m 27s  ...               20.60         0.51

[13 rows x 24 columns]
[2026-01-23 14:40:28,089] - [root] - [INFO] - Analysis finished: 0m 34s
[2026-01-23 14:40:28,089] - [root] - [INFO] - -------------------------------------------
[2026-01-23 14:40:28,089] - [root] - [INFO] - -------------------------------------------
[2026-01-23 14:40:28,090] - [root] - [INFO] - Processing 1-22-2026 5dpi 044-W2021009-169_R2.png
[2026-01-23 14:40:44,354] - [root] - [INFO] - Finished loading mask: 0m 16s
[2026-01-23 14:40:52,123] - [root] - [INFO] - Finished crop and inference: 0m 24s
[2026-01-23 14:40:53,728] - [root] - [INFO] - Analysis finished: 0m 25s
[2026-01-23 14:40:53,728] - [root] - [INFO] - -------------------------------------------
[2026-01-23 14:40:53,728] - [root] - [INFO] - -------------------------------------------
[2026-01-23 14:40:53,728] - [root] - [INFO] - Processing 1-22-2026 5dpi 044-W2021009-618_R1.png
[2026-01-23 14:41:10,320] - [root] - [INFO] - Finished loading mask: 0m 16s
[2026-01-23 14:41:20,353] - [root] - [INFO] - Finished crop and inference: 0m 26s
[2026-01-23 14:41:21,901] - [root] - [INFO] - Analysis finished: 0m 28s
[2026-01-23 14:41:21,901] - [root] - [INFO] - -------------------------------------------
[2026-01-23 14:41:21,902] - [root] - [INFO] - -------------------------------------------
[2026-01-23 14:41:21,902] - [root] - [INFO] - Processing 1-22-2026 5dpi 047-W2021011-482_R1.png
[2026-01-23 14:41:39,231] - [root] - [INFO] - Finished loading mask: 0m 17s
[2026-01-23 14:41:51,501] - [root] - [INFO] - Finished crop and inference: 0m 29s
[2026-01-23 14:41:53,078] - [root] - [INFO] - Analysis finished: 0m 31s
[2026-01-23 14:41:53,078] - [root] - [INFO] - -------------------------------------------
[2026-01-23 14:41:53,078] - [root] - [INFO] - -------------------------------------------
[2026-01-23 14:41:53,078] - [root] - [INFO] - Processing 1-22-2026 5dpi 048-W2021006-147_R1.png
[2026-01-23 14:42:08,847] - [root] - [INFO] - Finished loading mask: 0m 15s
[2026-01-23 14:42:14,890] - [root] - [INFO] - Finished crop and inference: 0m 21s
              timestamp time_elapsed  ... severity_rate_patch Gradient_sr2
0   2026-01-23 14:30:48       0m 25s  ...                1.74         0.04
1   2026-01-23 14:31:14       0m 25s  ...                4.36         0.11
2   2026-01-23 14:31:40       0m 26s  ...                0.85         0.02
3   2026-01-23 14:32:06       0m 29s  ...               25.47         0.67
4   2026-01-23 14:32:36       0m 30s  ...               37.39         0.99
5   2026-01-23 14:33:07       0m 25s  ...                0.45         0.01
6   2026-01-23 14:33:32       0m 30s  ...               38.62         0.91
7   2026-01-23 14:34:03       0m 29s  ...               19.86         0.56
8   2026-01-23 14:34:32       0m 29s  ...               39.61         1.05
9   2026-01-23 14:35:01       0m 25s  ...                1.79         0.05
10  2026-01-23 14:35:27       0m 26s  ...                2.79         0.07
11  2026-01-23 14:35:53       0m 29s  ...               20.77         0.49
12  2026-01-23 14:36:23       0m 27s  ...               20.60         0.51
13  2026-01-23 14:36:50       0m 27s  ...               15.28         0.35

[14 rows x 24 columns]
              timestamp time_elapsed  ... severity_rate_patch Gradient_sr2
0   2026-01-23 14:30:48       0m 25s  ...                1.74         0.04
1   2026-01-23 14:31:14       0m 25s  ...                4.36         0.11
2   2026-01-23 14:31:40       0m 26s  ...                0.85         0.02
3   2026-01-23 14:32:06       0m 29s  ...               25.47         0.67
4   2026-01-23 14:32:36       0m 30s  ...               37.39         0.99
5   2026-01-23 14:33:07       0m 25s  ...                0.45         0.01
6   2026-01-23 14:33:32       0m 30s  ...               38.62         0.91
7   2026-01-23 14:34:03       0m 29s  ...               19.86         0.56
8   2026-01-23 14:34:32       0m 29s  ...               39.61         1.05
9   2026-01-23 14:35:01       0m 25s  ...                1.79         0.05
10  2026-01-23 14:35:27       0m 26s  ...                2.79         0.07
11  2026-01-23 14:35:53       0m 29s  ...               20.77         0.49
12  2026-01-23 14:36:23       0m 27s  ...               20.60         0.51
13  2026-01-23 14:36:50       0m 27s  ...               15.28         0.35
14  2026-01-23 14:37:18       0m 30s  ...               30.18         0.79

[15 rows x 24 columns]
              timestamp time_elapsed  ... severity_rate_patch Gradient_sr2
0   2026-01-23 14:30:48       0m 25s  ...                1.74         0.04
1   2026-01-23 14:31:14       0m 25s  ...                4.36         0.11
2   2026-01-23 14:31:40       0m 26s  ...                0.85         0.02
3   2026-01-23 14:32:06       0m 29s  ...               25.47         0.67
4   2026-01-23 14:32:36       0m 30s  ...               37.39         0.99
5   2026-01-23 14:33:07       0m 25s  ...                0.45         0.01
6   2026-01-23 14:33:32       0m 30s  ...               38.62         0.91
7   2026-01-23 14:34:03       0m 29s  ...               19.86         0.56
8   2026-01-23 14:34:32       0m 29s  ...               39.61         1.05
9   2026-01-23 14:35:01       0m 25s  ...                1.79         0.05
10  2026-01-23 14:35:27       0m 26s  ...                2.79         0.07
11  2026-01-23 14:35:53       0m 29s  ...               20.77         0.49
12  2026-01-23 14:36:23       0m 27s  ...               20.60         0.51
13  2026-01-23 14:36:50       0m 27s  ...               15.28         0.35
14  2026-01-23 14:37:18       0m 30s  ...               30.18         0.79
15  2026-01-23 14:37:49       0m 29s  ...               19.25         0.48

[16 rows x 24 columns]
              timestamp time_elapsed  ... severity_rate_patch Gradient_sr2
0   2026-01-23 14:30:48       0m 25s  ...                1.74         0.04
1   2026-01-23 14:31:14       0m 25s  ...                4.36         0.11
2   2026-01-23 14:31:40       0m 26s  ...                0.85         0.02
3   2026-01-23 14:32:06       0m 29s  ...               25.47         0.67
4   2026-01-23 14:32:36       0m 30s  ...               37.39         0.99
5   2026-01-23 14:33:07       0m 25s  ...                0.45         0.01
6   2026-01-23 14:33:32       0m 30s  ...               38.62         0.91
7   2026-01-23 14:34:03       0m 29s  ...               19.86         0.56
8   2026-01-23 14:34:32       0m 29s  ...               39.61         1.05
9   2026-01-23 14:35:01       0m 25s  ...                1.79         0.05
10  2026-01-23 14:35:27       0m 26s  ...                2.79         0.07
11  2026-01-23 14:35:53       0m 29s  ...               20.77         0.49
12  2026-01-23 14:36:23       0m 27s  ...               20.60         0.51
13  2026-01-23 14:36:50       0m 27s  ...               15.28         0.35
14  2026-01-23 14:37:18       0m 30s  ...               30.18         0.79
15  2026-01-23 14:37:49       0m 29s  ...               19.25         0.48
16  2026-01-23 14:38:18       0m 39s  ...               85.84         2.58

[17 rows x 24 columns]
              timestamp time_elapsed  ... severity_rate_patch Gradient_sr2
0   2026-01-23 14:30:48       0m 25s  ...                1.74         0.04
1   2026-01-23 14:31:14       0m 25s  ...                4.36         0.11
2   2026-01-23 14:31:40       0m 26s  ...                0.85         0.02
3   2026-01-23 14:32:06       0m 29s  ...               25.47         0.67
4   2026-01-23 14:32:36       0m 30s  ...               37.39         0.99
5   2026-01-23 14:33:07       0m 25s  ...                0.45         0.01
6   2026-01-23 14:33:32       0m 30s  ...               38.62         0.91
7   2026-01-23 14:34:03       0m 29s  ...               19.86         0.56
8   2026-01-23 14:34:32       0m 29s  ...               39.61         1.05
9   2026-01-23 14:35:01       0m 25s  ...                1.79         0.05
10  2026-01-23 14:35:27       0m 26s  ...                2.79         0.07
11  2026-01-23 14:35:53       0m 29s  ...               20.77         0.49
12  2026-01-23 14:36:23       0m 27s  ...               20.60         0.51
13  2026-01-23 14:36:50       0m 27s  ...               15.28         0.35
14  2026-01-23 14:37:18       0m 30s  ...               30.18         0.79
15  2026-01-23 14:37:49       0m 29s  ...               19.25         0.48
16  2026-01-23 14:38:18       0m 39s  ...               85.84         2.58
17  2026-01-23 14:38:58       0m 25s  ...                0.76         0.02

[18 rows x 24 columns]
              timestamp time_elapsed  ... severity_rate_patch Gradient_sr2
0   2026-01-23 14:30:48       0m 25s  ...                1.74         0.04
1   2026-01-23 14:31:14       0m 25s  ...                4.36         0.11
2   2026-01-23 14:31:40       0m 26s  ...                0.85         0.02
3   2026-01-23 14:32:06       0m 29s  ...               25.47         0.67
4   2026-01-23 14:32:36       0m 30s  ...               37.39         0.99
5   2026-01-23 14:33:07       0m 25s  ...                0.45         0.01
6   2026-01-23 14:33:32       0m 30s  ...               38.62         0.91
7   2026-01-23 14:34:03       0m 29s  ...               19.86         0.56
8   2026-01-23 14:34:32       0m 29s  ...               39.61         1.05
9   2026-01-23 14:35:01       0m 25s  ...                1.79         0.05
10  2026-01-23 14:35:27       0m 26s  ...                2.79         0.07
11  2026-01-23 14:35:53       0m 29s  ...               20.77         0.49
12  2026-01-23 14:36:23       0m 27s  ...               20.60         0.51
13  2026-01-23 14:36:50       0m 27s  ...               15.28         0.35
14  2026-01-23 14:37:18       0m 30s  ...               30.18         0.79
15  2026-01-23 14:37:49       0m 29s  ...               19.25         0.48
16  2026-01-23 14:38:18       0m 39s  ...               85.84         2.58
17  2026-01-23 14:38:58       0m 25s  ...                0.76         0.02
18  2026-01-23 14:39:24       0m 28s  ...               23.22         0.57

[19 rows x 24 columns]
[2026-01-23 14:42:16,524] - [root] - [INFO] - Analysis finished: 0m 23s
[2026-01-23 14:42:16,524] - [root] - [INFO] - -------------------------------------------
[2026-01-23 14:42:16,524] - [root] - [INFO] - -------------------------------------------
[2026-01-23 14:42:16,525] - [root] - [INFO] - Processing 1-22-2026 5dpi 052-W2021006-004_R2.png
[2026-01-23 14:42:32,561] - [root] - [INFO] - Finished loading mask: 0m 16s
[2026-01-23 14:42:39,791] - [root] - [INFO] - Finished crop and inference: 0m 23s
[2026-01-23 14:42:41,335] - [root] - [INFO] - Analysis finished: 0m 24s
[2026-01-23 14:42:41,335] - [root] - [INFO] - -------------------------------------------
[2026-01-23 14:42:41,336] - [root] - [INFO] - -------------------------------------------
[2026-01-23 14:42:41,336] - [root] - [INFO] - Processing 1-22-2026 5dpi 055-W2021010-341_R2.png
[2026-01-23 14:42:57,922] - [root] - [INFO] - Finished loading mask: 0m 16s
[2026-01-23 14:43:06,449] - [root] - [INFO] - Finished crop and inference: 0m 25s
[2026-01-23 14:43:07,950] - [root] - [INFO] - Analysis finished: 0m 26s
[2026-01-23 14:43:07,951] - [root] - [INFO] - -------------------------------------------
[2026-01-23 14:43:07,951] - [root] - [INFO] - -------------------------------------------
[2026-01-23 14:43:07,951] - [root] - [INFO] - Processing 1-22-2026 5dpi 055-W2021010-397_R2.png
[2026-01-23 14:43:24,882] - [root] - [INFO] - Finished loading mask: 0m 16s
[2026-01-23 14:43:34,317] - [root] - [INFO] - Finished crop and inference: 0m 26s
[2026-01-23 14:43:35,853] - [root] - [INFO] - Analysis finished: 0m 27s
[2026-01-23 14:43:35,854] - [root] - [INFO] - -------------------------------------------
[2026-01-23 14:43:35,854] - [root] - [INFO] - -------------------------------------------
[2026-01-23 14:43:35,854] - [root] - [INFO] - Processing 1-22-2026 5dpi 056-W2021006-609_R1.png
[2026-01-23 14:43:52,970] - [root] - [INFO] - Finished loading mask: 0m 17s
[2026-01-23 14:44:04,372] - [root] - [INFO] - Finished crop and inference: 0m 28s
              timestamp time_elapsed  ... severity_rate_patch Gradient_sr2
0   2026-01-23 14:30:48       0m 25s  ...                1.74         0.04
1   2026-01-23 14:31:14       0m 25s  ...                4.36         0.11
2   2026-01-23 14:31:40       0m 26s  ...                0.85         0.02
3   2026-01-23 14:32:06       0m 29s  ...               25.47         0.67
4   2026-01-23 14:32:36       0m 30s  ...               37.39         0.99
5   2026-01-23 14:33:07       0m 25s  ...                0.45         0.01
6   2026-01-23 14:33:32       0m 30s  ...               38.62         0.91
7   2026-01-23 14:34:03       0m 29s  ...               19.86         0.56
8   2026-01-23 14:34:32       0m 29s  ...               39.61         1.05
9   2026-01-23 14:35:01       0m 25s  ...                1.79         0.05
10  2026-01-23 14:35:27       0m 26s  ...                2.79         0.07
11  2026-01-23 14:35:53       0m 29s  ...               20.77         0.49
12  2026-01-23 14:36:23       0m 27s  ...               20.60         0.51
13  2026-01-23 14:36:50       0m 27s  ...               15.28         0.35
14  2026-01-23 14:37:18       0m 30s  ...               30.18         0.79
15  2026-01-23 14:37:49       0m 29s  ...               19.25         0.48
16  2026-01-23 14:38:18       0m 39s  ...               85.84         2.58
17  2026-01-23 14:38:58       0m 25s  ...                0.76         0.02
18  2026-01-23 14:39:24       0m 28s  ...               23.22         0.57
19  2026-01-23 14:39:53       0m 34s  ...               62.76         1.72

[20 rows x 24 columns]
              timestamp time_elapsed  ... severity_rate_patch Gradient_sr2
0   2026-01-23 14:30:48       0m 25s  ...                1.74         0.04
1   2026-01-23 14:31:14       0m 25s  ...                4.36         0.11
2   2026-01-23 14:31:40       0m 26s  ...                0.85         0.02
3   2026-01-23 14:32:06       0m 29s  ...               25.47         0.67
4   2026-01-23 14:32:36       0m 30s  ...               37.39         0.99
5   2026-01-23 14:33:07       0m 25s  ...                0.45         0.01
6   2026-01-23 14:33:32       0m 30s  ...               38.62         0.91
7   2026-01-23 14:34:03       0m 29s  ...               19.86         0.56
8   2026-01-23 14:34:32       0m 29s  ...               39.61         1.05
9   2026-01-23 14:35:01       0m 25s  ...                1.79         0.05
10  2026-01-23 14:35:27       0m 26s  ...                2.79         0.07
11  2026-01-23 14:35:53       0m 29s  ...               20.77         0.49
12  2026-01-23 14:36:23       0m 27s  ...               20.60         0.51
13  2026-01-23 14:36:50       0m 27s  ...               15.28         0.35
14  2026-01-23 14:37:18       0m 30s  ...               30.18         0.79
15  2026-01-23 14:37:49       0m 29s  ...               19.25         0.48
16  2026-01-23 14:38:18       0m 39s  ...               85.84         2.58
17  2026-01-23 14:38:58       0m 25s  ...                0.76         0.02
18  2026-01-23 14:39:24       0m 28s  ...               23.22         0.57
19  2026-01-23 14:39:53       0m 34s  ...               62.76         1.72
20  2026-01-23 14:40:28       0m 25s  ...                1.10         0.03

[21 rows x 24 columns]
              timestamp time_elapsed  ... severity_rate_patch Gradient_sr2
0   2026-01-23 14:30:48       0m 25s  ...                1.74         0.04
1   2026-01-23 14:31:14       0m 25s  ...                4.36         0.11
2   2026-01-23 14:31:40       0m 26s  ...                0.85         0.02
3   2026-01-23 14:32:06       0m 29s  ...               25.47         0.67
4   2026-01-23 14:32:36       0m 30s  ...               37.39         0.99
5   2026-01-23 14:33:07       0m 25s  ...                0.45         0.01
6   2026-01-23 14:33:32       0m 30s  ...               38.62         0.91
7   2026-01-23 14:34:03       0m 29s  ...               19.86         0.56
8   2026-01-23 14:34:32       0m 29s  ...               39.61         1.05
9   2026-01-23 14:35:01       0m 25s  ...                1.79         0.05
10  2026-01-23 14:35:27       0m 26s  ...                2.79         0.07
11  2026-01-23 14:35:53       0m 29s  ...               20.77         0.49
12  2026-01-23 14:36:23       0m 27s  ...               20.60         0.51
13  2026-01-23 14:36:50       0m 27s  ...               15.28         0.35
14  2026-01-23 14:37:18       0m 30s  ...               30.18         0.79
15  2026-01-23 14:37:49       0m 29s  ...               19.25         0.48
16  2026-01-23 14:38:18       0m 39s  ...               85.84         2.58
17  2026-01-23 14:38:58       0m 25s  ...                0.76         0.02
18  2026-01-23 14:39:24       0m 28s  ...               23.22         0.57
19  2026-01-23 14:39:53       0m 34s  ...               62.76         1.72
20  2026-01-23 14:40:28       0m 25s  ...                1.10         0.03
21  2026-01-23 14:40:53       0m 28s  ...               19.31         0.52

[22 rows x 24 columns]
              timestamp time_elapsed  ... severity_rate_patch Gradient_sr2
0   2026-01-23 14:30:48       0m 25s  ...                1.74         0.04
1   2026-01-23 14:31:14       0m 25s  ...                4.36         0.11
2   2026-01-23 14:31:40       0m 26s  ...                0.85         0.02
3   2026-01-23 14:32:06       0m 29s  ...               25.47         0.67
4   2026-01-23 14:32:36       0m 30s  ...               37.39         0.99
5   2026-01-23 14:33:07       0m 25s  ...                0.45         0.01
6   2026-01-23 14:33:32       0m 30s  ...               38.62         0.91
7   2026-01-23 14:34:03       0m 29s  ...               19.86         0.56
8   2026-01-23 14:34:32       0m 29s  ...               39.61         1.05
9   2026-01-23 14:35:01       0m 25s  ...                1.79         0.05
10  2026-01-23 14:35:27       0m 26s  ...                2.79         0.07
11  2026-01-23 14:35:53       0m 29s  ...               20.77         0.49
12  2026-01-23 14:36:23       0m 27s  ...               20.60         0.51
13  2026-01-23 14:36:50       0m 27s  ...               15.28         0.35
14  2026-01-23 14:37:18       0m 30s  ...               30.18         0.79
15  2026-01-23 14:37:49       0m 29s  ...               19.25         0.48
16  2026-01-23 14:38:18       0m 39s  ...               85.84         2.58
17  2026-01-23 14:38:58       0m 25s  ...                0.76         0.02
18  2026-01-23 14:39:24       0m 28s  ...               23.22         0.57
19  2026-01-23 14:39:53       0m 34s  ...               62.76         1.72
20  2026-01-23 14:40:28       0m 25s  ...                1.10         0.03
21  2026-01-23 14:40:53       0m 28s  ...               19.31         0.52
22  2026-01-23 14:41:21       0m 31s  ...               42.05         1.16

[23 rows x 24 columns]
[2026-01-23 14:44:05,908] - [root] - [INFO] - Analysis finished: 0m 30s
[2026-01-23 14:44:05,908] - [root] - [INFO] - -------------------------------------------
[2026-01-23 14:44:05,908] - [root] - [INFO] - -------------------------------------------
[2026-01-23 14:44:05,909] - [root] - [INFO] - Processing 1-22-2026 5dpi 059-W2021010-434_R1.png
[2026-01-23 14:44:22,407] - [root] - [INFO] - Finished loading mask: 0m 16s
[2026-01-23 14:44:31,023] - [root] - [INFO] - Finished crop and inference: 0m 25s
[2026-01-23 14:44:32,583] - [root] - [INFO] - Analysis finished: 0m 26s
[2026-01-23 14:44:32,584] - [root] - [INFO] - -------------------------------------------
[2026-01-23 14:44:32,584] - [root] - [INFO] - -------------------------------------------
[2026-01-23 14:44:32,584] - [root] - [INFO] - Processing 1-22-2026 5dpi 060-W2021010-324_R2.png
[2026-01-23 14:44:49,056] - [root] - [INFO] - Finished loading mask: 0m 16s
[2026-01-23 14:44:57,255] - [root] - [INFO] - Finished crop and inference: 0m 24s
[2026-01-23 14:44:58,853] - [root] - [INFO] - Analysis finished: 0m 26s
[2026-01-23 14:44:58,853] - [root] - [INFO] - -------------------------------------------
[2026-01-23 14:44:58,853] - [root] - [INFO] - -------------------------------------------
[2026-01-23 14:44:58,853] - [root] - [INFO] - Processing 1-22-2026 5dpi 061-W2021011-483_R1.png
[2026-01-23 14:45:15,166] - [root] - [INFO] - Finished loading mask: 0m 16s
[2026-01-23 14:45:24,466] - [root] - [INFO] - Finished crop and inference: 0m 25s
              timestamp time_elapsed  ... severity_rate_patch Gradient_sr2
0   2026-01-23 14:30:48       0m 25s  ...                1.74         0.04
1   2026-01-23 14:31:14       0m 25s  ...                4.36         0.11
2   2026-01-23 14:31:40       0m 26s  ...                0.85         0.02
3   2026-01-23 14:32:06       0m 29s  ...               25.47         0.67
4   2026-01-23 14:32:36       0m 30s  ...               37.39         0.99
5   2026-01-23 14:33:07       0m 25s  ...                0.45         0.01
6   2026-01-23 14:33:32       0m 30s  ...               38.62         0.91
7   2026-01-23 14:34:03       0m 29s  ...               19.86         0.56
8   2026-01-23 14:34:32       0m 29s  ...               39.61         1.05
9   2026-01-23 14:35:01       0m 25s  ...                1.79         0.05
10  2026-01-23 14:35:27       0m 26s  ...                2.79         0.07
11  2026-01-23 14:35:53       0m 29s  ...               20.77         0.49
12  2026-01-23 14:36:23       0m 27s  ...               20.60         0.51
13  2026-01-23 14:36:50       0m 27s  ...               15.28         0.35
14  2026-01-23 14:37:18       0m 30s  ...               30.18         0.79
15  2026-01-23 14:37:49       0m 29s  ...               19.25         0.48
16  2026-01-23 14:38:18       0m 39s  ...               85.84         2.58
17  2026-01-23 14:38:58       0m 25s  ...                0.76         0.02
18  2026-01-23 14:39:24       0m 28s  ...               23.22         0.57
19  2026-01-23 14:39:53       0m 34s  ...               62.76         1.72
20  2026-01-23 14:40:28       0m 25s  ...                1.10         0.03
21  2026-01-23 14:40:53       0m 28s  ...               19.31         0.52
22  2026-01-23 14:41:21       0m 31s  ...               42.05         1.16
23  2026-01-23 14:41:53       0m 23s  ...                6.56         0.18

[24 rows x 24 columns]
              timestamp time_elapsed  ... severity_rate_patch Gradient_sr2
0   2026-01-23 14:30:48       0m 25s  ...                1.74         0.04
1   2026-01-23 14:31:14       0m 25s  ...                4.36         0.11
2   2026-01-23 14:31:40       0m 26s  ...                0.85         0.02
3   2026-01-23 14:32:06       0m 29s  ...               25.47         0.67
4   2026-01-23 14:32:36       0m 30s  ...               37.39         0.99
5   2026-01-23 14:33:07       0m 25s  ...                0.45         0.01
6   2026-01-23 14:33:32       0m 30s  ...               38.62         0.91
7   2026-01-23 14:34:03       0m 29s  ...               19.86         0.56
8   2026-01-23 14:34:32       0m 29s  ...               39.61         1.05
9   2026-01-23 14:35:01       0m 25s  ...                1.79         0.05
10  2026-01-23 14:35:27       0m 26s  ...                2.79         0.07
11  2026-01-23 14:35:53       0m 29s  ...               20.77         0.49
12  2026-01-23 14:36:23       0m 27s  ...               20.60         0.51
13  2026-01-23 14:36:50       0m 27s  ...               15.28         0.35
14  2026-01-23 14:37:18       0m 30s  ...               30.18         0.79
15  2026-01-23 14:37:49       0m 29s  ...               19.25         0.48
16  2026-01-23 14:38:18       0m 39s  ...               85.84         2.58
17  2026-01-23 14:38:58       0m 25s  ...                0.76         0.02
18  2026-01-23 14:39:24       0m 28s  ...               23.22         0.57
19  2026-01-23 14:39:53       0m 34s  ...               62.76         1.72
20  2026-01-23 14:40:28       0m 25s  ...                1.10         0.03
21  2026-01-23 14:40:53       0m 28s  ...               19.31         0.52
22  2026-01-23 14:41:21       0m 31s  ...               42.05         1.16
23  2026-01-23 14:41:53       0m 23s  ...                6.56         0.18
24  2026-01-23 14:42:16       0m 24s  ...                1.51         0.04

[25 rows x 24 columns]
              timestamp time_elapsed  ... severity_rate_patch Gradient_sr2
0   2026-01-23 14:30:48       0m 25s  ...                1.74         0.04
1   2026-01-23 14:31:14       0m 25s  ...                4.36         0.11
2   2026-01-23 14:31:40       0m 26s  ...                0.85         0.02
3   2026-01-23 14:32:06       0m 29s  ...               25.47         0.67
4   2026-01-23 14:32:36       0m 30s  ...               37.39         0.99
5   2026-01-23 14:33:07       0m 25s  ...                0.45         0.01
6   2026-01-23 14:33:32       0m 30s  ...               38.62         0.91
7   2026-01-23 14:34:03       0m 29s  ...               19.86         0.56
8   2026-01-23 14:34:32       0m 29s  ...               39.61         1.05
9   2026-01-23 14:35:01       0m 25s  ...                1.79         0.05
10  2026-01-23 14:35:27       0m 26s  ...                2.79         0.07
11  2026-01-23 14:35:53       0m 29s  ...               20.77         0.49
12  2026-01-23 14:36:23       0m 27s  ...               20.60         0.51
13  2026-01-23 14:36:50       0m 27s  ...               15.28         0.35
14  2026-01-23 14:37:18       0m 30s  ...               30.18         0.79
15  2026-01-23 14:37:49       0m 29s  ...               19.25         0.48
16  2026-01-23 14:38:18       0m 39s  ...               85.84         2.58
17  2026-01-23 14:38:58       0m 25s  ...                0.76         0.02
18  2026-01-23 14:39:24       0m 28s  ...               23.22         0.57
19  2026-01-23 14:39:53       0m 34s  ...               62.76         1.72
20  2026-01-23 14:40:28       0m 25s  ...                1.10         0.03
21  2026-01-23 14:40:53       0m 28s  ...               19.31         0.52
22  2026-01-23 14:41:21       0m 31s  ...               42.05         1.16
23  2026-01-23 14:41:53       0m 23s  ...                6.56         0.18
24  2026-01-23 14:42:16       0m 24s  ...                1.51         0.04
25  2026-01-23 14:42:41       0m 26s  ...                8.51         0.22

[26 rows x 24 columns]
              timestamp time_elapsed  ... severity_rate_patch Gradient_sr2
0   2026-01-23 14:30:48       0m 25s  ...                1.74         0.04
1   2026-01-23 14:31:14       0m 25s  ...                4.36         0.11
2   2026-01-23 14:31:40       0m 26s  ...                0.85         0.02
3   2026-01-23 14:32:06       0m 29s  ...               25.47         0.67
4   2026-01-23 14:32:36       0m 30s  ...               37.39         0.99
5   2026-01-23 14:33:07       0m 25s  ...                0.45         0.01
6   2026-01-23 14:33:32       0m 30s  ...               38.62         0.91
7   2026-01-23 14:34:03       0m 29s  ...               19.86         0.56
8   2026-01-23 14:34:32       0m 29s  ...               39.61         1.05
9   2026-01-23 14:35:01       0m 25s  ...                1.79         0.05
10  2026-01-23 14:35:27       0m 26s  ...                2.79         0.07
11  2026-01-23 14:35:53       0m 29s  ...               20.77         0.49
12  2026-01-23 14:36:23       0m 27s  ...               20.60         0.51
13  2026-01-23 14:36:50       0m 27s  ...               15.28         0.35
14  2026-01-23 14:37:18       0m 30s  ...               30.18         0.79
15  2026-01-23 14:37:49       0m 29s  ...               19.25         0.48
16  2026-01-23 14:38:18       0m 39s  ...               85.84         2.58
17  2026-01-23 14:38:58       0m 25s  ...                0.76         0.02
18  2026-01-23 14:39:24       0m 28s  ...               23.22         0.57
19  2026-01-23 14:39:53       0m 34s  ...               62.76         1.72
20  2026-01-23 14:40:28       0m 25s  ...                1.10         0.03
21  2026-01-23 14:40:53       0m 28s  ...               19.31         0.52
22  2026-01-23 14:41:21       0m 31s  ...               42.05         1.16
23  2026-01-23 14:41:53       0m 23s  ...                6.56         0.18
24  2026-01-23 14:42:16       0m 24s  ...                1.51         0.04
25  2026-01-23 14:42:41       0m 26s  ...                8.51         0.22
26  2026-01-23 14:43:07       0m 27s  ...               12.12         0.31

[27 rows x 24 columns]
[2026-01-23 14:45:26,039] - [root] - [INFO] - Analysis finished: 0m 27s
[2026-01-23 14:45:26,039] - [root] - [INFO] - -------------------------------------------
[2026-01-23 14:45:26,039] - [root] - [INFO] - -------------------------------------------
[2026-01-23 14:45:26,039] - [root] - [INFO] - Processing 1-22-2026 5dpi 070-W2021011-486_R2.png
[2026-01-23 14:45:42,482] - [root] - [INFO] - Finished loading mask: 0m 16s
[2026-01-23 14:45:52,273] - [root] - [INFO] - Finished crop and inference: 0m 26s
[2026-01-23 14:45:53,854] - [root] - [INFO] - Analysis finished: 0m 27s
[2026-01-23 14:45:53,855] - [root] - [INFO] - -------------------------------------------
[2026-01-23 14:45:53,855] - [root] - [INFO] - -------------------------------------------
[2026-01-23 14:45:53,855] - [root] - [INFO] - Processing 1-22-2026 5dpi 071-W2021010-323_R1.png
[2026-01-23 14:46:11,266] - [root] - [INFO] - Finished loading mask: 0m 17s
[2026-01-23 14:46:26,493] - [root] - [INFO] - Finished crop and inference: 0m 32s
[2026-01-23 14:46:27,976] - [root] - [INFO] - Analysis finished: 0m 34s
[2026-01-23 14:46:27,976] - [root] - [INFO] - -------------------------------------------
[2026-01-23 14:46:27,976] - [root] - [INFO] - -------------------------------------------
[2026-01-23 14:46:27,976] - [root] - [INFO] - Processing 1-22-2026 5dpi 077-W2021010-351_R2.png
[2026-01-23 14:46:44,789] - [root] - [INFO] - Finished loading mask: 0m 16s
[2026-01-23 14:46:53,428] - [root] - [INFO] - Finished crop and inference: 0m 25s
              timestamp time_elapsed  ... severity_rate_patch Gradient_sr2
0   2026-01-23 14:30:48       0m 25s  ...                1.74         0.04
1   2026-01-23 14:31:14       0m 25s  ...                4.36         0.11
2   2026-01-23 14:31:40       0m 26s  ...                0.85         0.02
3   2026-01-23 14:32:06       0m 29s  ...               25.47         0.67
4   2026-01-23 14:32:36       0m 30s  ...               37.39         0.99
5   2026-01-23 14:33:07       0m 25s  ...                0.45         0.01
6   2026-01-23 14:33:32       0m 30s  ...               38.62         0.91
7   2026-01-23 14:34:03       0m 29s  ...               19.86         0.56
8   2026-01-23 14:34:32       0m 29s  ...               39.61         1.05
9   2026-01-23 14:35:01       0m 25s  ...                1.79         0.05
10  2026-01-23 14:35:27       0m 26s  ...                2.79         0.07
11  2026-01-23 14:35:53       0m 29s  ...               20.77         0.49
12  2026-01-23 14:36:23       0m 27s  ...               20.60         0.51
13  2026-01-23 14:36:50       0m 27s  ...               15.28         0.35
14  2026-01-23 14:37:18       0m 30s  ...               30.18         0.79
15  2026-01-23 14:37:49       0m 29s  ...               19.25         0.48
16  2026-01-23 14:38:18       0m 39s  ...               85.84         2.58
17  2026-01-23 14:38:58       0m 25s  ...                0.76         0.02
18  2026-01-23 14:39:24       0m 28s  ...               23.22         0.57
19  2026-01-23 14:39:53       0m 34s  ...               62.76         1.72
20  2026-01-23 14:40:28       0m 25s  ...                1.10         0.03
21  2026-01-23 14:40:53       0m 28s  ...               19.31         0.52
22  2026-01-23 14:41:21       0m 31s  ...               42.05         1.16
23  2026-01-23 14:41:53       0m 23s  ...                6.56         0.18
24  2026-01-23 14:42:16       0m 24s  ...                1.51         0.04
25  2026-01-23 14:42:41       0m 26s  ...                8.51         0.22
26  2026-01-23 14:43:07       0m 27s  ...               12.12         0.31
27  2026-01-23 14:43:35       0m 30s  ...               32.69         0.79

[28 rows x 24 columns]
              timestamp time_elapsed  ... severity_rate_patch Gradient_sr2
0   2026-01-23 14:30:48       0m 25s  ...                1.74         0.04
1   2026-01-23 14:31:14       0m 25s  ...                4.36         0.11
2   2026-01-23 14:31:40       0m 26s  ...                0.85         0.02
3   2026-01-23 14:32:06       0m 29s  ...               25.47         0.67
4   2026-01-23 14:32:36       0m 30s  ...               37.39         0.99
5   2026-01-23 14:33:07       0m 25s  ...                0.45         0.01
6   2026-01-23 14:33:32       0m 30s  ...               38.62         0.91
7   2026-01-23 14:34:03       0m 29s  ...               19.86         0.56
8   2026-01-23 14:34:32       0m 29s  ...               39.61         1.05
9   2026-01-23 14:35:01       0m 25s  ...                1.79         0.05
10  2026-01-23 14:35:27       0m 26s  ...                2.79         0.07
11  2026-01-23 14:35:53       0m 29s  ...               20.77         0.49
12  2026-01-23 14:36:23       0m 27s  ...               20.60         0.51
13  2026-01-23 14:36:50       0m 27s  ...               15.28         0.35
14  2026-01-23 14:37:18       0m 30s  ...               30.18         0.79
15  2026-01-23 14:37:49       0m 29s  ...               19.25         0.48
16  2026-01-23 14:38:18       0m 39s  ...               85.84         2.58
17  2026-01-23 14:38:58       0m 25s  ...                0.76         0.02
18  2026-01-23 14:39:24       0m 28s  ...               23.22         0.57
19  2026-01-23 14:39:53       0m 34s  ...               62.76         1.72
20  2026-01-23 14:40:28       0m 25s  ...                1.10         0.03
21  2026-01-23 14:40:53       0m 28s  ...               19.31         0.52
22  2026-01-23 14:41:21       0m 31s  ...               42.05         1.16
23  2026-01-23 14:41:53       0m 23s  ...                6.56         0.18
24  2026-01-23 14:42:16       0m 24s  ...                1.51         0.04
25  2026-01-23 14:42:41       0m 26s  ...                8.51         0.22
26  2026-01-23 14:43:07       0m 27s  ...               12.12         0.31
27  2026-01-23 14:43:35       0m 30s  ...               32.69         0.79
28  2026-01-23 14:44:05       0m 26s  ...                2.15         0.06

[29 rows x 24 columns]
              timestamp time_elapsed  ... severity_rate_patch Gradient_sr2
0   2026-01-23 14:30:48       0m 25s  ...                1.74         0.04
1   2026-01-23 14:31:14       0m 25s  ...                4.36         0.11
2   2026-01-23 14:31:40       0m 26s  ...                0.85         0.02
3   2026-01-23 14:32:06       0m 29s  ...               25.47         0.67
4   2026-01-23 14:32:36       0m 30s  ...               37.39         0.99
5   2026-01-23 14:33:07       0m 25s  ...                0.45         0.01
6   2026-01-23 14:33:32       0m 30s  ...               38.62         0.91
7   2026-01-23 14:34:03       0m 29s  ...               19.86         0.56
8   2026-01-23 14:34:32       0m 29s  ...               39.61         1.05
9   2026-01-23 14:35:01       0m 25s  ...                1.79         0.05
10  2026-01-23 14:35:27       0m 26s  ...                2.79         0.07
11  2026-01-23 14:35:53       0m 29s  ...               20.77         0.49
12  2026-01-23 14:36:23       0m 27s  ...               20.60         0.51
13  2026-01-23 14:36:50       0m 27s  ...               15.28         0.35
14  2026-01-23 14:37:18       0m 30s  ...               30.18         0.79
15  2026-01-23 14:37:49       0m 29s  ...               19.25         0.48
16  2026-01-23 14:38:18       0m 39s  ...               85.84         2.58
17  2026-01-23 14:38:58       0m 25s  ...                0.76         0.02
18  2026-01-23 14:39:24       0m 28s  ...               23.22         0.57
19  2026-01-23 14:39:53       0m 34s  ...               62.76         1.72
20  2026-01-23 14:40:28       0m 25s  ...                1.10         0.03
21  2026-01-23 14:40:53       0m 28s  ...               19.31         0.52
22  2026-01-23 14:41:21       0m 31s  ...               42.05         1.16
23  2026-01-23 14:41:53       0m 23s  ...                6.56         0.18
24  2026-01-23 14:42:16       0m 24s  ...                1.51         0.04
25  2026-01-23 14:42:41       0m 26s  ...                8.51         0.22
26  2026-01-23 14:43:07       0m 27s  ...               12.12         0.31
27  2026-01-23 14:43:35       0m 30s  ...               32.69         0.79
28  2026-01-23 14:44:05       0m 26s  ...                2.15         0.06
29  2026-01-23 14:44:32       0m 26s  ...                2.94         0.07

[30 rows x 24 columns]
[2026-01-23 14:46:54,989] - [root] - [INFO] - Analysis finished: 0m 27s
[2026-01-23 14:46:54,990] - [root] - [INFO] - -------------------------------------------
[2026-01-23 14:46:54,990] - [root] - [INFO] - -------------------------------------------
[2026-01-23 14:46:54,990] - [root] - [INFO] - Processing 1-22-2026 5dpi 084-W2021010-319_R1.png
[2026-01-23 14:47:11,321] - [root] - [INFO] - Finished loading mask: 0m 16s
[2026-01-23 14:47:19,435] - [root] - [INFO] - Finished crop and inference: 0m 24s
[2026-01-23 14:47:20,927] - [root] - [INFO] - Analysis finished: 0m 25s
[2026-01-23 14:47:20,927] - [root] - [INFO] - -------------------------------------------
[2026-01-23 14:47:20,927] - [root] - [INFO] - -------------------------------------------
[2026-01-23 14:47:20,927] - [root] - [INFO] - Processing 1-22-2026 5dpi 085-W2021010-630_R1.png
[2026-01-23 14:47:37,490] - [root] - [INFO] - Finished loading mask: 0m 16s
[2026-01-23 14:47:45,562] - [root] - [INFO] - Finished crop and inference: 0m 24s
              timestamp time_elapsed  ... severity_rate_patch Gradient_sr2
0   2026-01-23 14:30:48       0m 25s  ...                1.74         0.04
1   2026-01-23 14:31:14       0m 25s  ...                4.36         0.11
2   2026-01-23 14:31:40       0m 26s  ...                0.85         0.02
3   2026-01-23 14:32:06       0m 29s  ...               25.47         0.67
4   2026-01-23 14:32:36       0m 30s  ...               37.39         0.99
5   2026-01-23 14:33:07       0m 25s  ...                0.45         0.01
6   2026-01-23 14:33:32       0m 30s  ...               38.62         0.91
7   2026-01-23 14:34:03       0m 29s  ...               19.86         0.56
8   2026-01-23 14:34:32       0m 29s  ...               39.61         1.05
9   2026-01-23 14:35:01       0m 25s  ...                1.79         0.05
10  2026-01-23 14:35:27       0m 26s  ...                2.79         0.07
11  2026-01-23 14:35:53       0m 29s  ...               20.77         0.49
12  2026-01-23 14:36:23       0m 27s  ...               20.60         0.51
13  2026-01-23 14:36:50       0m 27s  ...               15.28         0.35
14  2026-01-23 14:37:18       0m 30s  ...               30.18         0.79
15  2026-01-23 14:37:49       0m 29s  ...               19.25         0.48
16  2026-01-23 14:38:18       0m 39s  ...               85.84         2.58
17  2026-01-23 14:38:58       0m 25s  ...                0.76         0.02
18  2026-01-23 14:39:24       0m 28s  ...               23.22         0.57
19  2026-01-23 14:39:53       0m 34s  ...               62.76         1.72
20  2026-01-23 14:40:28       0m 25s  ...                1.10         0.03
21  2026-01-23 14:40:53       0m 28s  ...               19.31         0.52
22  2026-01-23 14:41:21       0m 31s  ...               42.05         1.16
23  2026-01-23 14:41:53       0m 23s  ...                6.56         0.18
24  2026-01-23 14:42:16       0m 24s  ...                1.51         0.04
25  2026-01-23 14:42:41       0m 26s  ...                8.51         0.22
26  2026-01-23 14:43:07       0m 27s  ...               12.12         0.31
27  2026-01-23 14:43:35       0m 30s  ...               32.69         0.79
28  2026-01-23 14:44:05       0m 26s  ...                2.15         0.06
29  2026-01-23 14:44:32       0m 26s  ...                2.94         0.07
30  2026-01-23 14:44:58       0m 27s  ...               12.91         0.30

[31 rows x 24 columns]
              timestamp time_elapsed  ... severity_rate_patch Gradient_sr2
0   2026-01-23 14:30:48       0m 25s  ...                1.74         0.04
1   2026-01-23 14:31:14       0m 25s  ...                4.36         0.11
2   2026-01-23 14:31:40       0m 26s  ...                0.85         0.02
3   2026-01-23 14:32:06       0m 29s  ...               25.47         0.67
4   2026-01-23 14:32:36       0m 30s  ...               37.39         0.99
5   2026-01-23 14:33:07       0m 25s  ...                0.45         0.01
6   2026-01-23 14:33:32       0m 30s  ...               38.62         0.91
7   2026-01-23 14:34:03       0m 29s  ...               19.86         0.56
8   2026-01-23 14:34:32       0m 29s  ...               39.61         1.05
9   2026-01-23 14:35:01       0m 25s  ...                1.79         0.05
10  2026-01-23 14:35:27       0m 26s  ...                2.79         0.07
11  2026-01-23 14:35:53       0m 29s  ...               20.77         0.49
12  2026-01-23 14:36:23       0m 27s  ...               20.60         0.51
13  2026-01-23 14:36:50       0m 27s  ...               15.28         0.35
14  2026-01-23 14:37:18       0m 30s  ...               30.18         0.79
15  2026-01-23 14:37:49       0m 29s  ...               19.25         0.48
16  2026-01-23 14:38:18       0m 39s  ...               85.84         2.58
17  2026-01-23 14:38:58       0m 25s  ...                0.76         0.02
18  2026-01-23 14:39:24       0m 28s  ...               23.22         0.57
19  2026-01-23 14:39:53       0m 34s  ...               62.76         1.72
20  2026-01-23 14:40:28       0m 25s  ...                1.10         0.03
21  2026-01-23 14:40:53       0m 28s  ...               19.31         0.52
22  2026-01-23 14:41:21       0m 31s  ...               42.05         1.16
23  2026-01-23 14:41:53       0m 23s  ...                6.56         0.18
24  2026-01-23 14:42:16       0m 24s  ...                1.51         0.04
25  2026-01-23 14:42:41       0m 26s  ...                8.51         0.22
26  2026-01-23 14:43:07       0m 27s  ...               12.12         0.31
27  2026-01-23 14:43:35       0m 30s  ...               32.69         0.79
28  2026-01-23 14:44:05       0m 26s  ...                2.15         0.06
29  2026-01-23 14:44:32       0m 26s  ...                2.94         0.07
30  2026-01-23 14:44:58       0m 27s  ...               12.91         0.30
31  2026-01-23 14:45:26       0m 27s  ...               42.77         1.19

[32 rows x 24 columns]
              timestamp time_elapsed  ... severity_rate_patch Gradient_sr2
0   2026-01-23 14:30:48       0m 25s  ...                1.74         0.04
1   2026-01-23 14:31:14       0m 25s  ...                4.36         0.11
2   2026-01-23 14:31:40       0m 26s  ...                0.85         0.02
3   2026-01-23 14:32:06       0m 29s  ...               25.47         0.67
4   2026-01-23 14:32:36       0m 30s  ...               37.39         0.99
5   2026-01-23 14:33:07       0m 25s  ...                0.45         0.01
6   2026-01-23 14:33:32       0m 30s  ...               38.62         0.91
7   2026-01-23 14:34:03       0m 29s  ...               19.86         0.56
8   2026-01-23 14:34:32       0m 29s  ...               39.61         1.05
9   2026-01-23 14:35:01       0m 25s  ...                1.79         0.05
10  2026-01-23 14:35:27       0m 26s  ...                2.79         0.07
11  2026-01-23 14:35:53       0m 29s  ...               20.77         0.49
12  2026-01-23 14:36:23       0m 27s  ...               20.60         0.51
13  2026-01-23 14:36:50       0m 27s  ...               15.28         0.35
14  2026-01-23 14:37:18       0m 30s  ...               30.18         0.79
15  2026-01-23 14:37:49       0m 29s  ...               19.25         0.48
16  2026-01-23 14:38:18       0m 39s  ...               85.84         2.58
17  2026-01-23 14:38:58       0m 25s  ...                0.76         0.02
18  2026-01-23 14:39:24       0m 28s  ...               23.22         0.57
19  2026-01-23 14:39:53       0m 34s  ...               62.76         1.72
20  2026-01-23 14:40:28       0m 25s  ...                1.10         0.03
21  2026-01-23 14:40:53       0m 28s  ...               19.31         0.52
22  2026-01-23 14:41:21       0m 31s  ...               42.05         1.16
23  2026-01-23 14:41:53       0m 23s  ...                6.56         0.18
24  2026-01-23 14:42:16       0m 24s  ...                1.51         0.04
25  2026-01-23 14:42:41       0m 26s  ...                8.51         0.22
26  2026-01-23 14:43:07       0m 27s  ...               12.12         0.31
27  2026-01-23 14:43:35       0m 30s  ...               32.69         0.79
28  2026-01-23 14:44:05       0m 26s  ...                2.15         0.06
29  2026-01-23 14:44:32       0m 26s  ...                2.94         0.07
30  2026-01-23 14:44:58       0m 27s  ...               12.91         0.30
31  2026-01-23 14:45:26       0m 27s  ...               42.77         1.19
32  2026-01-23 14:45:53       0m 34s  ...               65.54         1.89

[33 rows x 24 columns]
[2026-01-23 14:47:47,079] - [root] - [INFO] - Analysis finished: 0m 26s
[2026-01-23 14:47:47,079] - [root] - [INFO] - -------------------------------------------
[2026-01-23 14:47:47,079] - [root] - [INFO] - -------------------------------------------
[2026-01-23 14:47:47,079] - [root] - [INFO] - Processing 1-22-2026 5dpi 091-W2021006-056_R2.png
[2026-01-23 14:48:03,950] - [root] - [INFO] - Finished loading mask: 0m 16s
[2026-01-23 14:48:12,066] - [root] - [INFO] - Finished crop and inference: 0m 24s
[2026-01-23 14:48:13,596] - [root] - [INFO] - Analysis finished: 0m 26s
[2026-01-23 14:48:13,596] - [root] - [INFO] - -------------------------------------------
[2026-01-23 14:48:13,596] - [root] - [INFO] - -------------------------------------------
[2026-01-23 14:48:13,596] - [root] - [INFO] - Processing 1-22-2026 5dpi 094-W2021010-315_R2.png
[2026-01-23 14:48:29,950] - [root] - [INFO] - Finished loading mask: 0m 16s
[2026-01-23 14:48:37,837] - [root] - [INFO] - Finished crop and inference: 0m 24s
              timestamp time_elapsed  ... severity_rate_patch Gradient_sr2
0   2026-01-23 14:30:48       0m 25s  ...                1.74         0.04
1   2026-01-23 14:31:14       0m 25s  ...                4.36         0.11
2   2026-01-23 14:31:40       0m 26s  ...                0.85         0.02
3   2026-01-23 14:32:06       0m 29s  ...               25.47         0.67
4   2026-01-23 14:32:36       0m 30s  ...               37.39         0.99
5   2026-01-23 14:33:07       0m 25s  ...                0.45         0.01
6   2026-01-23 14:33:32       0m 30s  ...               38.62         0.91
7   2026-01-23 14:34:03       0m 29s  ...               19.86         0.56
8   2026-01-23 14:34:32       0m 29s  ...               39.61         1.05
9   2026-01-23 14:35:01       0m 25s  ...                1.79         0.05
10  2026-01-23 14:35:27       0m 26s  ...                2.79         0.07
11  2026-01-23 14:35:53       0m 29s  ...               20.77         0.49
12  2026-01-23 14:36:23       0m 27s  ...               20.60         0.51
13  2026-01-23 14:36:50       0m 27s  ...               15.28         0.35
14  2026-01-23 14:37:18       0m 30s  ...               30.18         0.79
15  2026-01-23 14:37:49       0m 29s  ...               19.25         0.48
16  2026-01-23 14:38:18       0m 39s  ...               85.84         2.58
17  2026-01-23 14:38:58       0m 25s  ...                0.76         0.02
18  2026-01-23 14:39:24       0m 28s  ...               23.22         0.57
19  2026-01-23 14:39:53       0m 34s  ...               62.76         1.72
20  2026-01-23 14:40:28       0m 25s  ...                1.10         0.03
21  2026-01-23 14:40:53       0m 28s  ...               19.31         0.52
22  2026-01-23 14:41:21       0m 31s  ...               42.05         1.16
23  2026-01-23 14:41:53       0m 23s  ...                6.56         0.18
24  2026-01-23 14:42:16       0m 24s  ...                1.51         0.04
25  2026-01-23 14:42:41       0m 26s  ...                8.51         0.22
26  2026-01-23 14:43:07       0m 27s  ...               12.12         0.31
27  2026-01-23 14:43:35       0m 30s  ...               32.69         0.79
28  2026-01-23 14:44:05       0m 26s  ...                2.15         0.06
29  2026-01-23 14:44:32       0m 26s  ...                2.94         0.07
30  2026-01-23 14:44:58       0m 27s  ...               12.91         0.30
31  2026-01-23 14:45:26       0m 27s  ...               42.77         1.19
32  2026-01-23 14:45:53       0m 34s  ...               65.54         1.89
33  2026-01-23 14:46:27       0m 26s  ...               10.11         0.24

[34 rows x 24 columns]
              timestamp time_elapsed  ... severity_rate_patch Gradient_sr2
0   2026-01-23 14:30:48       0m 25s  ...                1.74         0.04
1   2026-01-23 14:31:14       0m 25s  ...                4.36         0.11
2   2026-01-23 14:31:40       0m 26s  ...                0.85         0.02
3   2026-01-23 14:32:06       0m 29s  ...               25.47         0.67
4   2026-01-23 14:32:36       0m 30s  ...               37.39         0.99
5   2026-01-23 14:33:07       0m 25s  ...                0.45         0.01
6   2026-01-23 14:33:32       0m 30s  ...               38.62         0.91
7   2026-01-23 14:34:03       0m 29s  ...               19.86         0.56
8   2026-01-23 14:34:32       0m 29s  ...               39.61         1.05
9   2026-01-23 14:35:01       0m 25s  ...                1.79         0.05
10  2026-01-23 14:35:27       0m 26s  ...                2.79         0.07
11  2026-01-23 14:35:53       0m 29s  ...               20.77         0.49
12  2026-01-23 14:36:23       0m 27s  ...               20.60         0.51
13  2026-01-23 14:36:50       0m 27s  ...               15.28         0.35
14  2026-01-23 14:37:18       0m 30s  ...               30.18         0.79
15  2026-01-23 14:37:49       0m 29s  ...               19.25         0.48
16  2026-01-23 14:38:18       0m 39s  ...               85.84         2.58
17  2026-01-23 14:38:58       0m 25s  ...                0.76         0.02
18  2026-01-23 14:39:24       0m 28s  ...               23.22         0.57
19  2026-01-23 14:39:53       0m 34s  ...               62.76         1.72
20  2026-01-23 14:40:28       0m 25s  ...                1.10         0.03
21  2026-01-23 14:40:53       0m 28s  ...               19.31         0.52
22  2026-01-23 14:41:21       0m 31s  ...               42.05         1.16
23  2026-01-23 14:41:53       0m 23s  ...                6.56         0.18
24  2026-01-23 14:42:16       0m 24s  ...                1.51         0.04
25  2026-01-23 14:42:41       0m 26s  ...                8.51         0.22
26  2026-01-23 14:43:07       0m 27s  ...               12.12         0.31
27  2026-01-23 14:43:35       0m 30s  ...               32.69         0.79
28  2026-01-23 14:44:05       0m 26s  ...                2.15         0.06
29  2026-01-23 14:44:32       0m 26s  ...                2.94         0.07
30  2026-01-23 14:44:58       0m 27s  ...               12.91         0.30
31  2026-01-23 14:45:26       0m 27s  ...               42.77         1.19
32  2026-01-23 14:45:53       0m 34s  ...               65.54         1.89
33  2026-01-23 14:46:27       0m 26s  ...               10.11         0.24
34  2026-01-23 14:46:54       0m 25s  ...                4.05         0.11

[35 rows x 24 columns]
[2026-01-23 14:48:39,330] - [root] - [INFO] - Analysis finished: 0m 25s
[2026-01-23 14:48:39,331] - [root] - [INFO] - -------------------------------------------
[2026-01-23 14:48:39,331] - [root] - [INFO] - -------------------------------------------
[2026-01-23 14:48:39,331] - [root] - [INFO] - Processing 1-22-2026 5dpi 095-W2021011-553_R2.png
[2026-01-23 14:48:55,585] - [root] - [INFO] - Finished loading mask: 0m 16s
[2026-01-23 14:49:02,885] - [root] - [INFO] - Finished crop and inference: 0m 23s
[2026-01-23 14:49:04,359] - [root] - [INFO] - Analysis finished: 0m 25s
[2026-01-23 14:49:04,360] - [root] - [INFO] - -------------------------------------------
[2026-01-23 14:49:04,360] - [root] - [INFO] - -------------------------------------------
[2026-01-23 14:49:04,360] - [root] - [INFO] - Processing 1-22-2026 5dpi 097-W2021006-617_R2.png
[2026-01-23 14:49:21,898] - [root] - [INFO] - Finished loading mask: 0m 17s
[2026-01-23 14:49:34,853] - [root] - [INFO] - Finished crop and inference: 0m 30s
              timestamp time_elapsed  ... severity_rate_patch Gradient_sr2
0   2026-01-23 14:30:48       0m 25s  ...                1.74         0.04
1   2026-01-23 14:31:14       0m 25s  ...                4.36         0.11
2   2026-01-23 14:31:40       0m 26s  ...                0.85         0.02
3   2026-01-23 14:32:06       0m 29s  ...               25.47         0.67
4   2026-01-23 14:32:36       0m 30s  ...               37.39         0.99
5   2026-01-23 14:33:07       0m 25s  ...                0.45         0.01
6   2026-01-23 14:33:32       0m 30s  ...               38.62         0.91
7   2026-01-23 14:34:03       0m 29s  ...               19.86         0.56
8   2026-01-23 14:34:32       0m 29s  ...               39.61         1.05
9   2026-01-23 14:35:01       0m 25s  ...                1.79         0.05
10  2026-01-23 14:35:27       0m 26s  ...                2.79         0.07
11  2026-01-23 14:35:53       0m 29s  ...               20.77         0.49
12  2026-01-23 14:36:23       0m 27s  ...               20.60         0.51
13  2026-01-23 14:36:50       0m 27s  ...               15.28         0.35
14  2026-01-23 14:37:18       0m 30s  ...               30.18         0.79
15  2026-01-23 14:37:49       0m 29s  ...               19.25         0.48
16  2026-01-23 14:38:18       0m 39s  ...               85.84         2.58
17  2026-01-23 14:38:58       0m 25s  ...                0.76         0.02
18  2026-01-23 14:39:24       0m 28s  ...               23.22         0.57
19  2026-01-23 14:39:53       0m 34s  ...               62.76         1.72
20  2026-01-23 14:40:28       0m 25s  ...                1.10         0.03
21  2026-01-23 14:40:53       0m 28s  ...               19.31         0.52
22  2026-01-23 14:41:21       0m 31s  ...               42.05         1.16
23  2026-01-23 14:41:53       0m 23s  ...                6.56         0.18
24  2026-01-23 14:42:16       0m 24s  ...                1.51         0.04
25  2026-01-23 14:42:41       0m 26s  ...                8.51         0.22
26  2026-01-23 14:43:07       0m 27s  ...               12.12         0.31
27  2026-01-23 14:43:35       0m 30s  ...               32.69         0.79
28  2026-01-23 14:44:05       0m 26s  ...                2.15         0.06
29  2026-01-23 14:44:32       0m 26s  ...                2.94         0.07
30  2026-01-23 14:44:58       0m 27s  ...               12.91         0.30
31  2026-01-23 14:45:26       0m 27s  ...               42.77         1.19
32  2026-01-23 14:45:53       0m 34s  ...               65.54         1.89
33  2026-01-23 14:46:27       0m 26s  ...               10.11         0.24
34  2026-01-23 14:46:54       0m 25s  ...                4.05         0.11
35  2026-01-23 14:47:20       0m 26s  ...                1.89         0.05

[36 rows x 24 columns]
              timestamp time_elapsed  ... severity_rate_patch Gradient_sr2
0   2026-01-23 14:30:48       0m 25s  ...                1.74         0.04
1   2026-01-23 14:31:14       0m 25s  ...                4.36         0.11
2   2026-01-23 14:31:40       0m 26s  ...                0.85         0.02
3   2026-01-23 14:32:06       0m 29s  ...               25.47         0.67
4   2026-01-23 14:32:36       0m 30s  ...               37.39         0.99
5   2026-01-23 14:33:07       0m 25s  ...                0.45         0.01
6   2026-01-23 14:33:32       0m 30s  ...               38.62         0.91
7   2026-01-23 14:34:03       0m 29s  ...               19.86         0.56
8   2026-01-23 14:34:32       0m 29s  ...               39.61         1.05
9   2026-01-23 14:35:01       0m 25s  ...                1.79         0.05
10  2026-01-23 14:35:27       0m 26s  ...                2.79         0.07
11  2026-01-23 14:35:53       0m 29s  ...               20.77         0.49
12  2026-01-23 14:36:23       0m 27s  ...               20.60         0.51
13  2026-01-23 14:36:50       0m 27s  ...               15.28         0.35
14  2026-01-23 14:37:18       0m 30s  ...               30.18         0.79
15  2026-01-23 14:37:49       0m 29s  ...               19.25         0.48
16  2026-01-23 14:38:18       0m 39s  ...               85.84         2.58
17  2026-01-23 14:38:58       0m 25s  ...                0.76         0.02
18  2026-01-23 14:39:24       0m 28s  ...               23.22         0.57
19  2026-01-23 14:39:53       0m 34s  ...               62.76         1.72
20  2026-01-23 14:40:28       0m 25s  ...                1.10         0.03
21  2026-01-23 14:40:53       0m 28s  ...               19.31         0.52
22  2026-01-23 14:41:21       0m 31s  ...               42.05         1.16
23  2026-01-23 14:41:53       0m 23s  ...                6.56         0.18
24  2026-01-23 14:42:16       0m 24s  ...                1.51         0.04
25  2026-01-23 14:42:41       0m 26s  ...                8.51         0.22
26  2026-01-23 14:43:07       0m 27s  ...               12.12         0.31
27  2026-01-23 14:43:35       0m 30s  ...               32.69         0.79
28  2026-01-23 14:44:05       0m 26s  ...                2.15         0.06
29  2026-01-23 14:44:32       0m 26s  ...                2.94         0.07
30  2026-01-23 14:44:58       0m 27s  ...               12.91         0.30
31  2026-01-23 14:45:26       0m 27s  ...               42.77         1.19
32  2026-01-23 14:45:53       0m 34s  ...               65.54         1.89
33  2026-01-23 14:46:27       0m 26s  ...               10.11         0.24
34  2026-01-23 14:46:54       0m 25s  ...                4.05         0.11
35  2026-01-23 14:47:20       0m 26s  ...                1.89         0.05
36  2026-01-23 14:47:47       0m 26s  ...                5.54         0.15

[37 rows x 24 columns]
[2026-01-23 14:49:36,359] - [root] - [INFO] - Analysis finished: 0m 31s
[2026-01-23 14:49:36,359] - [root] - [INFO] - -------------------------------------------
[2026-01-23 14:49:36,360] - [root] - [INFO] - -------------------------------------------
[2026-01-23 14:49:36,360] - [root] - [INFO] - Processing 1-22-2026 5dpi 097-W2021009-163_R1.png
[2026-01-23 14:49:53,752] - [root] - [INFO] - Finished loading mask: 0m 17s
[2026-01-23 14:50:09,082] - [root] - [INFO] - Finished crop and inference: 0m 32s
[2026-01-23 14:50:10,556] - [root] - [INFO] - Analysis finished: 0m 34s
[2026-01-23 14:50:10,557] - [root] - [INFO] - -------------------------------------------
[2026-01-23 14:50:10,557] - [root] - [INFO] - -------------------------------------------
[2026-01-23 14:50:10,557] - [root] - [INFO] - Processing 1-22-2026 5dpi 099-W2021006-611_R2.png
[2026-01-23 14:50:28,015] - [root] - [INFO] - Finished loading mask: 0m 17s
[2026-01-23 14:50:41,727] - [root] - [INFO] - Finished crop and inference: 0m 31s
              timestamp time_elapsed  ... severity_rate_patch Gradient_sr2
0   2026-01-23 14:30:48       0m 25s  ...                1.74         0.04
1   2026-01-23 14:31:14       0m 25s  ...                4.36         0.11
2   2026-01-23 14:31:40       0m 26s  ...                0.85         0.02
3   2026-01-23 14:32:06       0m 29s  ...               25.47         0.67
4   2026-01-23 14:32:36       0m 30s  ...               37.39         0.99
5   2026-01-23 14:33:07       0m 25s  ...                0.45         0.01
6   2026-01-23 14:33:32       0m 30s  ...               38.62         0.91
7   2026-01-23 14:34:03       0m 29s  ...               19.86         0.56
8   2026-01-23 14:34:32       0m 29s  ...               39.61         1.05
9   2026-01-23 14:35:01       0m 25s  ...                1.79         0.05
10  2026-01-23 14:35:27       0m 26s  ...                2.79         0.07
11  2026-01-23 14:35:53       0m 29s  ...               20.77         0.49
12  2026-01-23 14:36:23       0m 27s  ...               20.60         0.51
13  2026-01-23 14:36:50       0m 27s  ...               15.28         0.35
14  2026-01-23 14:37:18       0m 30s  ...               30.18         0.79
15  2026-01-23 14:37:49       0m 29s  ...               19.25         0.48
16  2026-01-23 14:38:18       0m 39s  ...               85.84         2.58
17  2026-01-23 14:38:58       0m 25s  ...                0.76         0.02
18  2026-01-23 14:39:24       0m 28s  ...               23.22         0.57
19  2026-01-23 14:39:53       0m 34s  ...               62.76         1.72
20  2026-01-23 14:40:28       0m 25s  ...                1.10         0.03
21  2026-01-23 14:40:53       0m 28s  ...               19.31         0.52
22  2026-01-23 14:41:21       0m 31s  ...               42.05         1.16
23  2026-01-23 14:41:53       0m 23s  ...                6.56         0.18
24  2026-01-23 14:42:16       0m 24s  ...                1.51         0.04
25  2026-01-23 14:42:41       0m 26s  ...                8.51         0.22
26  2026-01-23 14:43:07       0m 27s  ...               12.12         0.31
27  2026-01-23 14:43:35       0m 30s  ...               32.69         0.79
28  2026-01-23 14:44:05       0m 26s  ...                2.15         0.06
29  2026-01-23 14:44:32       0m 26s  ...                2.94         0.07
30  2026-01-23 14:44:58       0m 27s  ...               12.91         0.30
31  2026-01-23 14:45:26       0m 27s  ...               42.77         1.19
32  2026-01-23 14:45:53       0m 34s  ...               65.54         1.89
33  2026-01-23 14:46:27       0m 26s  ...               10.11         0.24
34  2026-01-23 14:46:54       0m 25s  ...                4.05         0.11
35  2026-01-23 14:47:20       0m 26s  ...                1.89         0.05
36  2026-01-23 14:47:47       0m 26s  ...                5.54         0.15
37  2026-01-23 14:48:13       0m 25s  ...                0.46         0.01

[38 rows x 24 columns]
              timestamp time_elapsed  ... severity_rate_patch Gradient_sr2
0   2026-01-23 14:30:48       0m 25s  ...                1.74         0.04
1   2026-01-23 14:31:14       0m 25s  ...                4.36         0.11
2   2026-01-23 14:31:40       0m 26s  ...                0.85         0.02
3   2026-01-23 14:32:06       0m 29s  ...               25.47         0.67
4   2026-01-23 14:32:36       0m 30s  ...               37.39         0.99
5   2026-01-23 14:33:07       0m 25s  ...                0.45         0.01
6   2026-01-23 14:33:32       0m 30s  ...               38.62         0.91
7   2026-01-23 14:34:03       0m 29s  ...               19.86         0.56
8   2026-01-23 14:34:32       0m 29s  ...               39.61         1.05
9   2026-01-23 14:35:01       0m 25s  ...                1.79         0.05
10  2026-01-23 14:35:27       0m 26s  ...                2.79         0.07
11  2026-01-23 14:35:53       0m 29s  ...               20.77         0.49
12  2026-01-23 14:36:23       0m 27s  ...               20.60         0.51
13  2026-01-23 14:36:50       0m 27s  ...               15.28         0.35
14  2026-01-23 14:37:18       0m 30s  ...               30.18         0.79
15  2026-01-23 14:37:49       0m 29s  ...               19.25         0.48
16  2026-01-23 14:38:18       0m 39s  ...               85.84         2.58
17  2026-01-23 14:38:58       0m 25s  ...                0.76         0.02
18  2026-01-23 14:39:24       0m 28s  ...               23.22         0.57
19  2026-01-23 14:39:53       0m 34s  ...               62.76         1.72
20  2026-01-23 14:40:28       0m 25s  ...                1.10         0.03
21  2026-01-23 14:40:53       0m 28s  ...               19.31         0.52
22  2026-01-23 14:41:21       0m 31s  ...               42.05         1.16
23  2026-01-23 14:41:53       0m 23s  ...                6.56         0.18
24  2026-01-23 14:42:16       0m 24s  ...                1.51         0.04
25  2026-01-23 14:42:41       0m 26s  ...                8.51         0.22
26  2026-01-23 14:43:07       0m 27s  ...               12.12         0.31
27  2026-01-23 14:43:35       0m 30s  ...               32.69         0.79
28  2026-01-23 14:44:05       0m 26s  ...                2.15         0.06
29  2026-01-23 14:44:32       0m 26s  ...                2.94         0.07
30  2026-01-23 14:44:58       0m 27s  ...               12.91         0.30
31  2026-01-23 14:45:26       0m 27s  ...               42.77         1.19
32  2026-01-23 14:45:53       0m 34s  ...               65.54         1.89
33  2026-01-23 14:46:27       0m 26s  ...               10.11         0.24
34  2026-01-23 14:46:54       0m 25s  ...                4.05         0.11
35  2026-01-23 14:47:20       0m 26s  ...                1.89         0.05
36  2026-01-23 14:47:47       0m 26s  ...                5.54         0.15
37  2026-01-23 14:48:13       0m 25s  ...                0.46         0.01
38  2026-01-23 14:48:39       0m 25s  ...                1.59         0.04

[39 rows x 24 columns]
[2026-01-23 14:50:43,225] - [root] - [INFO] - Analysis finished: 0m 32s
[2026-01-23 14:50:43,225] - [root] - [INFO] - -------------------------------------------
[2026-01-23 14:50:43,225] - [root] - [INFO] - -------------------------------------------
[2026-01-23 14:50:43,225] - [root] - [INFO] - Processing 1-22-2026 5dpi 101-W2021011-565_R1.png
[2026-01-23 14:51:01,279] - [root] - [INFO] - Finished loading mask: 0m 18s
[2026-01-23 14:51:20,453] - [root] - [INFO] - Finished crop and inference: 0m 37s
[2026-01-23 14:51:22,068] - [root] - [INFO] - Analysis finished: 0m 38s
[2026-01-23 14:51:22,068] - [root] - [INFO] - -------------------------------------------
[2026-01-23 14:51:22,068] - [root] - [INFO] - -------------------------------------------
[2026-01-23 14:51:22,068] - [root] - [INFO] - Processing 1-22-2026 5dpi 105-W2021011-558_R1.png
[2026-01-23 14:51:38,807] - [root] - [INFO] - Finished loading mask: 0m 16s
[2026-01-23 14:51:46,579] - [root] - [INFO] - Finished crop and inference: 0m 24s
              timestamp time_elapsed  ... severity_rate_patch Gradient_sr2
0   2026-01-23 14:30:48       0m 25s  ...                1.74         0.04
1   2026-01-23 14:31:14       0m 25s  ...                4.36         0.11
2   2026-01-23 14:31:40       0m 26s  ...                0.85         0.02
3   2026-01-23 14:32:06       0m 29s  ...               25.47         0.67
4   2026-01-23 14:32:36       0m 30s  ...               37.39         0.99
5   2026-01-23 14:33:07       0m 25s  ...                0.45         0.01
6   2026-01-23 14:33:32       0m 30s  ...               38.62         0.91
7   2026-01-23 14:34:03       0m 29s  ...               19.86         0.56
8   2026-01-23 14:34:32       0m 29s  ...               39.61         1.05
9   2026-01-23 14:35:01       0m 25s  ...                1.79         0.05
10  2026-01-23 14:35:27       0m 26s  ...                2.79         0.07
11  2026-01-23 14:35:53       0m 29s  ...               20.77         0.49
12  2026-01-23 14:36:23       0m 27s  ...               20.60         0.51
13  2026-01-23 14:36:50       0m 27s  ...               15.28         0.35
14  2026-01-23 14:37:18       0m 30s  ...               30.18         0.79
15  2026-01-23 14:37:49       0m 29s  ...               19.25         0.48
16  2026-01-23 14:38:18       0m 39s  ...               85.84         2.58
17  2026-01-23 14:38:58       0m 25s  ...                0.76         0.02
18  2026-01-23 14:39:24       0m 28s  ...               23.22         0.57
19  2026-01-23 14:39:53       0m 34s  ...               62.76         1.72
20  2026-01-23 14:40:28       0m 25s  ...                1.10         0.03
21  2026-01-23 14:40:53       0m 28s  ...               19.31         0.52
22  2026-01-23 14:41:21       0m 31s  ...               42.05         1.16
23  2026-01-23 14:41:53       0m 23s  ...                6.56         0.18
24  2026-01-23 14:42:16       0m 24s  ...                1.51         0.04
25  2026-01-23 14:42:41       0m 26s  ...                8.51         0.22
26  2026-01-23 14:43:07       0m 27s  ...               12.12         0.31
27  2026-01-23 14:43:35       0m 30s  ...               32.69         0.79
28  2026-01-23 14:44:05       0m 26s  ...                2.15         0.06
29  2026-01-23 14:44:32       0m 26s  ...                2.94         0.07
30  2026-01-23 14:44:58       0m 27s  ...               12.91         0.30
31  2026-01-23 14:45:26       0m 27s  ...               42.77         1.19
32  2026-01-23 14:45:53       0m 34s  ...               65.54         1.89
33  2026-01-23 14:46:27       0m 26s  ...               10.11         0.24
34  2026-01-23 14:46:54       0m 25s  ...                4.05         0.11
35  2026-01-23 14:47:20       0m 26s  ...                1.89         0.05
36  2026-01-23 14:47:47       0m 26s  ...                5.54         0.15
37  2026-01-23 14:48:13       0m 25s  ...                0.46         0.01
38  2026-01-23 14:48:39       0m 25s  ...                1.59         0.04
39  2026-01-23 14:49:04       0m 31s  ...               43.85         1.03

[40 rows x 24 columns]
              timestamp time_elapsed  ... severity_rate_patch Gradient_sr2
0   2026-01-23 14:30:48       0m 25s  ...                1.74         0.04
1   2026-01-23 14:31:14       0m 25s  ...                4.36         0.11
2   2026-01-23 14:31:40       0m 26s  ...                0.85         0.02
3   2026-01-23 14:32:06       0m 29s  ...               25.47         0.67
4   2026-01-23 14:32:36       0m 30s  ...               37.39         0.99
5   2026-01-23 14:33:07       0m 25s  ...                0.45         0.01
6   2026-01-23 14:33:32       0m 30s  ...               38.62         0.91
7   2026-01-23 14:34:03       0m 29s  ...               19.86         0.56
8   2026-01-23 14:34:32       0m 29s  ...               39.61         1.05
9   2026-01-23 14:35:01       0m 25s  ...                1.79         0.05
10  2026-01-23 14:35:27       0m 26s  ...                2.79         0.07
11  2026-01-23 14:35:53       0m 29s  ...               20.77         0.49
12  2026-01-23 14:36:23       0m 27s  ...               20.60         0.51
13  2026-01-23 14:36:50       0m 27s  ...               15.28         0.35
14  2026-01-23 14:37:18       0m 30s  ...               30.18         0.79
15  2026-01-23 14:37:49       0m 29s  ...               19.25         0.48
16  2026-01-23 14:38:18       0m 39s  ...               85.84         2.58
17  2026-01-23 14:38:58       0m 25s  ...                0.76         0.02
18  2026-01-23 14:39:24       0m 28s  ...               23.22         0.57
19  2026-01-23 14:39:53       0m 34s  ...               62.76         1.72
20  2026-01-23 14:40:28       0m 25s  ...                1.10         0.03
21  2026-01-23 14:40:53       0m 28s  ...               19.31         0.52
22  2026-01-23 14:41:21       0m 31s  ...               42.05         1.16
23  2026-01-23 14:41:53       0m 23s  ...                6.56         0.18
24  2026-01-23 14:42:16       0m 24s  ...                1.51         0.04
25  2026-01-23 14:42:41       0m 26s  ...                8.51         0.22
26  2026-01-23 14:43:07       0m 27s  ...               12.12         0.31
27  2026-01-23 14:43:35       0m 30s  ...               32.69         0.79
28  2026-01-23 14:44:05       0m 26s  ...                2.15         0.06
29  2026-01-23 14:44:32       0m 26s  ...                2.94         0.07
30  2026-01-23 14:44:58       0m 27s  ...               12.91         0.30
31  2026-01-23 14:45:26       0m 27s  ...               42.77         1.19
32  2026-01-23 14:45:53       0m 34s  ...               65.54         1.89
33  2026-01-23 14:46:27       0m 26s  ...               10.11         0.24
34  2026-01-23 14:46:54       0m 25s  ...                4.05         0.11
35  2026-01-23 14:47:20       0m 26s  ...                1.89         0.05
36  2026-01-23 14:47:47       0m 26s  ...                5.54         0.15
37  2026-01-23 14:48:13       0m 25s  ...                0.46         0.01
38  2026-01-23 14:48:39       0m 25s  ...                1.59         0.04
39  2026-01-23 14:49:04       0m 31s  ...               43.85         1.03
40  2026-01-23 14:49:36       0m 34s  ...               61.84         1.56

[41 rows x 24 columns]
[2026-01-23 14:51:48,169] - [root] - [INFO] - Analysis finished: 0m 26s
[2026-01-23 14:51:48,169] - [root] - [INFO] - -------------------------------------------
[2026-01-23 14:51:48,169] - [root] - [INFO] - -------------------------------------------
[2026-01-23 14:51:48,169] - [root] - [INFO] - Processing 1-22-2026 5dpi 110-W2021011-454_R2.png
[2026-01-23 14:52:04,900] - [root] - [INFO] - Finished loading mask: 0m 16s
[2026-01-23 14:52:14,632] - [root] - [INFO] - Finished crop and inference: 0m 26s
[2026-01-23 14:52:16,159] - [root] - [INFO] - Analysis finished: 0m 27s
[2026-01-23 14:52:16,159] - [root] - [INFO] - -------------------------------------------
[2026-01-23 14:52:16,159] - [root] - [INFO] - -------------------------------------------
[2026-01-23 14:52:16,159] - [root] - [INFO] - Processing 1-22-2026 5dpi 111-W2021011-588_R2.png
[2026-01-23 14:52:33,062] - [root] - [INFO] - Finished loading mask: 0m 16s
[2026-01-23 14:52:41,744] - [root] - [INFO] - Finished crop and inference: 0m 25s
              timestamp time_elapsed  ... severity_rate_patch Gradient_sr2
0   2026-01-23 14:30:48       0m 25s  ...                1.74         0.04
1   2026-01-23 14:31:14       0m 25s  ...                4.36         0.11
2   2026-01-23 14:31:40       0m 26s  ...                0.85         0.02
3   2026-01-23 14:32:06       0m 29s  ...               25.47         0.67
4   2026-01-23 14:32:36       0m 30s  ...               37.39         0.99
5   2026-01-23 14:33:07       0m 25s  ...                0.45         0.01
6   2026-01-23 14:33:32       0m 30s  ...               38.62         0.91
7   2026-01-23 14:34:03       0m 29s  ...               19.86         0.56
8   2026-01-23 14:34:32       0m 29s  ...               39.61         1.05
9   2026-01-23 14:35:01       0m 25s  ...                1.79         0.05
10  2026-01-23 14:35:27       0m 26s  ...                2.79         0.07
11  2026-01-23 14:35:53       0m 29s  ...               20.77         0.49
12  2026-01-23 14:36:23       0m 27s  ...               20.60         0.51
13  2026-01-23 14:36:50       0m 27s  ...               15.28         0.35
14  2026-01-23 14:37:18       0m 30s  ...               30.18         0.79
15  2026-01-23 14:37:49       0m 29s  ...               19.25         0.48
16  2026-01-23 14:38:18       0m 39s  ...               85.84         2.58
17  2026-01-23 14:38:58       0m 25s  ...                0.76         0.02
18  2026-01-23 14:39:24       0m 28s  ...               23.22         0.57
19  2026-01-23 14:39:53       0m 34s  ...               62.76         1.72
20  2026-01-23 14:40:28       0m 25s  ...                1.10         0.03
21  2026-01-23 14:40:53       0m 28s  ...               19.31         0.52
22  2026-01-23 14:41:21       0m 31s  ...               42.05         1.16
23  2026-01-23 14:41:53       0m 23s  ...                6.56         0.18
24  2026-01-23 14:42:16       0m 24s  ...                1.51         0.04
25  2026-01-23 14:42:41       0m 26s  ...                8.51         0.22
26  2026-01-23 14:43:07       0m 27s  ...               12.12         0.31
27  2026-01-23 14:43:35       0m 30s  ...               32.69         0.79
28  2026-01-23 14:44:05       0m 26s  ...                2.15         0.06
29  2026-01-23 14:44:32       0m 26s  ...                2.94         0.07
30  2026-01-23 14:44:58       0m 27s  ...               12.91         0.30
31  2026-01-23 14:45:26       0m 27s  ...               42.77         1.19
32  2026-01-23 14:45:53       0m 34s  ...               65.54         1.89
33  2026-01-23 14:46:27       0m 26s  ...               10.11         0.24
34  2026-01-23 14:46:54       0m 25s  ...                4.05         0.11
35  2026-01-23 14:47:20       0m 26s  ...                1.89         0.05
36  2026-01-23 14:47:47       0m 26s  ...                5.54         0.15
37  2026-01-23 14:48:13       0m 25s  ...                0.46         0.01
38  2026-01-23 14:48:39       0m 25s  ...                1.59         0.04
39  2026-01-23 14:49:04       0m 31s  ...               43.85         1.03
40  2026-01-23 14:49:36       0m 34s  ...               61.84         1.56
41  2026-01-23 14:50:10       0m 32s  ...               46.89         1.19

[42 rows x 24 columns]
              timestamp time_elapsed  ... severity_rate_patch Gradient_sr2
0   2026-01-23 14:30:48       0m 25s  ...                1.74         0.04
1   2026-01-23 14:31:14       0m 25s  ...                4.36         0.11
2   2026-01-23 14:31:40       0m 26s  ...                0.85         0.02
3   2026-01-23 14:32:06       0m 29s  ...               25.47         0.67
4   2026-01-23 14:32:36       0m 30s  ...               37.39         0.99
5   2026-01-23 14:33:07       0m 25s  ...                0.45         0.01
6   2026-01-23 14:33:32       0m 30s  ...               38.62         0.91
7   2026-01-23 14:34:03       0m 29s  ...               19.86         0.56
8   2026-01-23 14:34:32       0m 29s  ...               39.61         1.05
9   2026-01-23 14:35:01       0m 25s  ...                1.79         0.05
10  2026-01-23 14:35:27       0m 26s  ...                2.79         0.07
11  2026-01-23 14:35:53       0m 29s  ...               20.77         0.49
12  2026-01-23 14:36:23       0m 27s  ...               20.60         0.51
13  2026-01-23 14:36:50       0m 27s  ...               15.28         0.35
14  2026-01-23 14:37:18       0m 30s  ...               30.18         0.79
15  2026-01-23 14:37:49       0m 29s  ...               19.25         0.48
16  2026-01-23 14:38:18       0m 39s  ...               85.84         2.58
17  2026-01-23 14:38:58       0m 25s  ...                0.76         0.02
18  2026-01-23 14:39:24       0m 28s  ...               23.22         0.57
19  2026-01-23 14:39:53       0m 34s  ...               62.76         1.72
20  2026-01-23 14:40:28       0m 25s  ...                1.10         0.03
21  2026-01-23 14:40:53       0m 28s  ...               19.31         0.52
22  2026-01-23 14:41:21       0m 31s  ...               42.05         1.16
23  2026-01-23 14:41:53       0m 23s  ...                6.56         0.18
24  2026-01-23 14:42:16       0m 24s  ...                1.51         0.04
25  2026-01-23 14:42:41       0m 26s  ...                8.51         0.22
26  2026-01-23 14:43:07       0m 27s  ...               12.12         0.31
27  2026-01-23 14:43:35       0m 30s  ...               32.69         0.79
28  2026-01-23 14:44:05       0m 26s  ...                2.15         0.06
29  2026-01-23 14:44:32       0m 26s  ...                2.94         0.07
30  2026-01-23 14:44:58       0m 27s  ...               12.91         0.30
31  2026-01-23 14:45:26       0m 27s  ...               42.77         1.19
32  2026-01-23 14:45:53       0m 34s  ...               65.54         1.89
33  2026-01-23 14:46:27       0m 26s  ...               10.11         0.24
34  2026-01-23 14:46:54       0m 25s  ...                4.05         0.11
35  2026-01-23 14:47:20       0m 26s  ...                1.89         0.05
36  2026-01-23 14:47:47       0m 26s  ...                5.54         0.15
37  2026-01-23 14:48:13       0m 25s  ...                0.46         0.01
38  2026-01-23 14:48:39       0m 25s  ...                1.59         0.04
39  2026-01-23 14:49:04       0m 31s  ...               43.85         1.03
40  2026-01-23 14:49:36       0m 34s  ...               61.84         1.56
41  2026-01-23 14:50:10       0m 32s  ...               46.89         1.19
42  2026-01-23 14:50:43       0m 38s  ...               80.70         2.32

[43 rows x 24 columns]
[2026-01-23 14:52:43,228] - [root] - [INFO] - Analysis finished: 0m 27s
[2026-01-23 14:52:43,228] - [root] - [INFO] - -------------------------------------------
[2026-01-23 14:52:43,228] - [root] - [INFO] - -------------------------------------------
[2026-01-23 14:52:43,228] - [root] - [INFO] - Processing 1-22-2026 5dpi 121-W2021009-185_R1.png
[2026-01-23 14:53:00,113] - [root] - [INFO] - Finished loading mask: 0m 16s
[2026-01-23 14:53:08,599] - [root] - [INFO] - Finished crop and inference: 0m 25s
[2026-01-23 14:53:10,158] - [root] - [INFO] - Analysis finished: 0m 26s
[2026-01-23 14:53:10,158] - [root] - [INFO] - -------------------------------------------
[2026-01-23 14:53:10,158] - [root] - [INFO] - -------------------------------------------
[2026-01-23 14:53:10,158] - [root] - [INFO] - Processing 1-22-2026 5dpi 123-W2021009-255_R2.png
[2026-01-23 14:53:26,646] - [root] - [INFO] - Finished loading mask: 0m 16s
[2026-01-23 14:53:36,126] - [root] - [INFO] - Finished crop and inference: 0m 25s
              timestamp time_elapsed  ... severity_rate_patch Gradient_sr2
0   2026-01-23 14:30:48       0m 25s  ...                1.74         0.04
1   2026-01-23 14:31:14       0m 25s  ...                4.36         0.11
2   2026-01-23 14:31:40       0m 26s  ...                0.85         0.02
3   2026-01-23 14:32:06       0m 29s  ...               25.47         0.67
4   2026-01-23 14:32:36       0m 30s  ...               37.39         0.99
5   2026-01-23 14:33:07       0m 25s  ...                0.45         0.01
6   2026-01-23 14:33:32       0m 30s  ...               38.62         0.91
7   2026-01-23 14:34:03       0m 29s  ...               19.86         0.56
8   2026-01-23 14:34:32       0m 29s  ...               39.61         1.05
9   2026-01-23 14:35:01       0m 25s  ...                1.79         0.05
10  2026-01-23 14:35:27       0m 26s  ...                2.79         0.07
11  2026-01-23 14:35:53       0m 29s  ...               20.77         0.49
12  2026-01-23 14:36:23       0m 27s  ...               20.60         0.51
13  2026-01-23 14:36:50       0m 27s  ...               15.28         0.35
14  2026-01-23 14:37:18       0m 30s  ...               30.18         0.79
15  2026-01-23 14:37:49       0m 29s  ...               19.25         0.48
16  2026-01-23 14:38:18       0m 39s  ...               85.84         2.58
17  2026-01-23 14:38:58       0m 25s  ...                0.76         0.02
18  2026-01-23 14:39:24       0m 28s  ...               23.22         0.57
19  2026-01-23 14:39:53       0m 34s  ...               62.76         1.72
20  2026-01-23 14:40:28       0m 25s  ...                1.10         0.03
21  2026-01-23 14:40:53       0m 28s  ...               19.31         0.52
22  2026-01-23 14:41:21       0m 31s  ...               42.05         1.16
23  2026-01-23 14:41:53       0m 23s  ...                6.56         0.18
24  2026-01-23 14:42:16       0m 24s  ...                1.51         0.04
25  2026-01-23 14:42:41       0m 26s  ...                8.51         0.22
26  2026-01-23 14:43:07       0m 27s  ...               12.12         0.31
27  2026-01-23 14:43:35       0m 30s  ...               32.69         0.79
28  2026-01-23 14:44:05       0m 26s  ...                2.15         0.06
29  2026-01-23 14:44:32       0m 26s  ...                2.94         0.07
30  2026-01-23 14:44:58       0m 27s  ...               12.91         0.30
31  2026-01-23 14:45:26       0m 27s  ...               42.77         1.19
32  2026-01-23 14:45:53       0m 34s  ...               65.54         1.89
33  2026-01-23 14:46:27       0m 26s  ...               10.11         0.24
34  2026-01-23 14:46:54       0m 25s  ...                4.05         0.11
35  2026-01-23 14:47:20       0m 26s  ...                1.89         0.05
36  2026-01-23 14:47:47       0m 26s  ...                5.54         0.15
37  2026-01-23 14:48:13       0m 25s  ...                0.46         0.01
38  2026-01-23 14:48:39       0m 25s  ...                1.59         0.04
39  2026-01-23 14:49:04       0m 31s  ...               43.85         1.03
40  2026-01-23 14:49:36       0m 34s  ...               61.84         1.56
41  2026-01-23 14:50:10       0m 32s  ...               46.89         1.19
42  2026-01-23 14:50:43       0m 38s  ...               80.70         2.32
43  2026-01-23 14:51:22       0m 26s  ...                2.90         0.07

[44 rows x 24 columns]
              timestamp time_elapsed  ... severity_rate_patch Gradient_sr2
0   2026-01-23 14:30:48       0m 25s  ...                1.74         0.04
1   2026-01-23 14:31:14       0m 25s  ...                4.36         0.11
2   2026-01-23 14:31:40       0m 26s  ...                0.85         0.02
3   2026-01-23 14:32:06       0m 29s  ...               25.47         0.67
4   2026-01-23 14:32:36       0m 30s  ...               37.39         0.99
5   2026-01-23 14:33:07       0m 25s  ...                0.45         0.01
6   2026-01-23 14:33:32       0m 30s  ...               38.62         0.91
7   2026-01-23 14:34:03       0m 29s  ...               19.86         0.56
8   2026-01-23 14:34:32       0m 29s  ...               39.61         1.05
9   2026-01-23 14:35:01       0m 25s  ...                1.79         0.05
10  2026-01-23 14:35:27       0m 26s  ...                2.79         0.07
11  2026-01-23 14:35:53       0m 29s  ...               20.77         0.49
12  2026-01-23 14:36:23       0m 27s  ...               20.60         0.51
13  2026-01-23 14:36:50       0m 27s  ...               15.28         0.35
14  2026-01-23 14:37:18       0m 30s  ...               30.18         0.79
15  2026-01-23 14:37:49       0m 29s  ...               19.25         0.48
16  2026-01-23 14:38:18       0m 39s  ...               85.84         2.58
17  2026-01-23 14:38:58       0m 25s  ...                0.76         0.02
18  2026-01-23 14:39:24       0m 28s  ...               23.22         0.57
19  2026-01-23 14:39:53       0m 34s  ...               62.76         1.72
20  2026-01-23 14:40:28       0m 25s  ...                1.10         0.03
21  2026-01-23 14:40:53       0m 28s  ...               19.31         0.52
22  2026-01-23 14:41:21       0m 31s  ...               42.05         1.16
23  2026-01-23 14:41:53       0m 23s  ...                6.56         0.18
24  2026-01-23 14:42:16       0m 24s  ...                1.51         0.04
25  2026-01-23 14:42:41       0m 26s  ...                8.51         0.22
26  2026-01-23 14:43:07       0m 27s  ...               12.12         0.31
27  2026-01-23 14:43:35       0m 30s  ...               32.69         0.79
28  2026-01-23 14:44:05       0m 26s  ...                2.15         0.06
29  2026-01-23 14:44:32       0m 26s  ...                2.94         0.07
30  2026-01-23 14:44:58       0m 27s  ...               12.91         0.30
31  2026-01-23 14:45:26       0m 27s  ...               42.77         1.19
32  2026-01-23 14:45:53       0m 34s  ...               65.54         1.89
33  2026-01-23 14:46:27       0m 26s  ...               10.11         0.24
34  2026-01-23 14:46:54       0m 25s  ...                4.05         0.11
35  2026-01-23 14:47:20       0m 26s  ...                1.89         0.05
36  2026-01-23 14:47:47       0m 26s  ...                5.54         0.15
37  2026-01-23 14:48:13       0m 25s  ...                0.46         0.01
38  2026-01-23 14:48:39       0m 25s  ...                1.59         0.04
39  2026-01-23 14:49:04       0m 31s  ...               43.85         1.03
40  2026-01-23 14:49:36       0m 34s  ...               61.84         1.56
41  2026-01-23 14:50:10       0m 32s  ...               46.89         1.19
42  2026-01-23 14:50:43       0m 38s  ...               80.70         2.32
43  2026-01-23 14:51:22       0m 26s  ...                2.90         0.07
44  2026-01-23 14:51:48       0m 27s  ...               11.56         0.29

[45 rows x 24 columns]
[2026-01-23 14:53:37,657] - [root] - [INFO] - Analysis finished: 0m 27s
[2026-01-23 14:53:37,657] - [root] - [INFO] - -------------------------------------------
[2026-01-23 14:53:37,657] - [root] - [INFO] - -------------------------------------------
[2026-01-23 14:53:37,657] - [root] - [INFO] - Processing 1-22-2026 5dpi 123-W2021009-621_R2.png
[2026-01-23 14:53:54,476] - [root] - [INFO] - Finished loading mask: 0m 16s
[2026-01-23 14:54:03,358] - [root] - [INFO] - Finished crop and inference: 0m 25s
[2026-01-23 14:54:04,880] - [root] - [INFO] - Analysis finished: 0m 27s
[2026-01-23 14:54:04,880] - [root] - [INFO] - -------------------------------------------
[2026-01-23 14:54:04,880] - [root] - [INFO] - -------------------------------------------
[2026-01-23 14:54:04,880] - [root] - [INFO] - Processing 1-22-2026 5dpi 127-W2021006-143_R2.png
[2026-01-23 14:54:21,751] - [root] - [INFO] - Finished loading mask: 0m 16s
[2026-01-23 14:54:29,461] - [root] - [INFO] - Finished crop and inference: 0m 24s
              timestamp time_elapsed  ... severity_rate_patch Gradient_sr2
0   2026-01-23 14:30:48       0m 25s  ...                1.74         0.04
1   2026-01-23 14:31:14       0m 25s  ...                4.36         0.11
2   2026-01-23 14:31:40       0m 26s  ...                0.85         0.02
3   2026-01-23 14:32:06       0m 29s  ...               25.47         0.67
4   2026-01-23 14:32:36       0m 30s  ...               37.39         0.99
5   2026-01-23 14:33:07       0m 25s  ...                0.45         0.01
6   2026-01-23 14:33:32       0m 30s  ...               38.62         0.91
7   2026-01-23 14:34:03       0m 29s  ...               19.86         0.56
8   2026-01-23 14:34:32       0m 29s  ...               39.61         1.05
9   2026-01-23 14:35:01       0m 25s  ...                1.79         0.05
10  2026-01-23 14:35:27       0m 26s  ...                2.79         0.07
11  2026-01-23 14:35:53       0m 29s  ...               20.77         0.49
12  2026-01-23 14:36:23       0m 27s  ...               20.60         0.51
13  2026-01-23 14:36:50       0m 27s  ...               15.28         0.35
14  2026-01-23 14:37:18       0m 30s  ...               30.18         0.79
15  2026-01-23 14:37:49       0m 29s  ...               19.25         0.48
16  2026-01-23 14:38:18       0m 39s  ...               85.84         2.58
17  2026-01-23 14:38:58       0m 25s  ...                0.76         0.02
18  2026-01-23 14:39:24       0m 28s  ...               23.22         0.57
19  2026-01-23 14:39:53       0m 34s  ...               62.76         1.72
20  2026-01-23 14:40:28       0m 25s  ...                1.10         0.03
21  2026-01-23 14:40:53       0m 28s  ...               19.31         0.52
22  2026-01-23 14:41:21       0m 31s  ...               42.05         1.16
23  2026-01-23 14:41:53       0m 23s  ...                6.56         0.18
24  2026-01-23 14:42:16       0m 24s  ...                1.51         0.04
25  2026-01-23 14:42:41       0m 26s  ...                8.51         0.22
26  2026-01-23 14:43:07       0m 27s  ...               12.12         0.31
27  2026-01-23 14:43:35       0m 30s  ...               32.69         0.79
28  2026-01-23 14:44:05       0m 26s  ...                2.15         0.06
29  2026-01-23 14:44:32       0m 26s  ...                2.94         0.07
30  2026-01-23 14:44:58       0m 27s  ...               12.91         0.30
31  2026-01-23 14:45:26       0m 27s  ...               42.77         1.19
32  2026-01-23 14:45:53       0m 34s  ...               65.54         1.89
33  2026-01-23 14:46:27       0m 26s  ...               10.11         0.24
34  2026-01-23 14:46:54       0m 25s  ...                4.05         0.11
35  2026-01-23 14:47:20       0m 26s  ...                1.89         0.05
36  2026-01-23 14:47:47       0m 26s  ...                5.54         0.15
37  2026-01-23 14:48:13       0m 25s  ...                0.46         0.01
38  2026-01-23 14:48:39       0m 25s  ...                1.59         0.04
39  2026-01-23 14:49:04       0m 31s  ...               43.85         1.03
40  2026-01-23 14:49:36       0m 34s  ...               61.84         1.56
41  2026-01-23 14:50:10       0m 32s  ...               46.89         1.19
42  2026-01-23 14:50:43       0m 38s  ...               80.70         2.32
43  2026-01-23 14:51:22       0m 26s  ...                2.90         0.07
44  2026-01-23 14:51:48       0m 27s  ...               11.56         0.29
45  2026-01-23 14:52:16       0m 27s  ...                4.11         0.11

[46 rows x 24 columns]
              timestamp time_elapsed  ... severity_rate_patch Gradient_sr2
0   2026-01-23 14:30:48       0m 25s  ...                1.74         0.04
1   2026-01-23 14:31:14       0m 25s  ...                4.36         0.11
2   2026-01-23 14:31:40       0m 26s  ...                0.85         0.02
3   2026-01-23 14:32:06       0m 29s  ...               25.47         0.67
4   2026-01-23 14:32:36       0m 30s  ...               37.39         0.99
5   2026-01-23 14:33:07       0m 25s  ...                0.45         0.01
6   2026-01-23 14:33:32       0m 30s  ...               38.62         0.91
7   2026-01-23 14:34:03       0m 29s  ...               19.86         0.56
8   2026-01-23 14:34:32       0m 29s  ...               39.61         1.05
9   2026-01-23 14:35:01       0m 25s  ...                1.79         0.05
10  2026-01-23 14:35:27       0m 26s  ...                2.79         0.07
11  2026-01-23 14:35:53       0m 29s  ...               20.77         0.49
12  2026-01-23 14:36:23       0m 27s  ...               20.60         0.51
13  2026-01-23 14:36:50       0m 27s  ...               15.28         0.35
14  2026-01-23 14:37:18       0m 30s  ...               30.18         0.79
15  2026-01-23 14:37:49       0m 29s  ...               19.25         0.48
16  2026-01-23 14:38:18       0m 39s  ...               85.84         2.58
17  2026-01-23 14:38:58       0m 25s  ...                0.76         0.02
18  2026-01-23 14:39:24       0m 28s  ...               23.22         0.57
19  2026-01-23 14:39:53       0m 34s  ...               62.76         1.72
20  2026-01-23 14:40:28       0m 25s  ...                1.10         0.03
21  2026-01-23 14:40:53       0m 28s  ...               19.31         0.52
22  2026-01-23 14:41:21       0m 31s  ...               42.05         1.16
23  2026-01-23 14:41:53       0m 23s  ...                6.56         0.18
24  2026-01-23 14:42:16       0m 24s  ...                1.51         0.04
25  2026-01-23 14:42:41       0m 26s  ...                8.51         0.22
26  2026-01-23 14:43:07       0m 27s  ...               12.12         0.31
27  2026-01-23 14:43:35       0m 30s  ...               32.69         0.79
28  2026-01-23 14:44:05       0m 26s  ...                2.15         0.06
29  2026-01-23 14:44:32       0m 26s  ...                2.94         0.07
30  2026-01-23 14:44:58       0m 27s  ...               12.91         0.30
31  2026-01-23 14:45:26       0m 27s  ...               42.77         1.19
32  2026-01-23 14:45:53       0m 34s  ...               65.54         1.89
33  2026-01-23 14:46:27       0m 26s  ...               10.11         0.24
34  2026-01-23 14:46:54       0m 25s  ...                4.05         0.11
35  2026-01-23 14:47:20       0m 26s  ...                1.89         0.05
36  2026-01-23 14:47:47       0m 26s  ...                5.54         0.15
37  2026-01-23 14:48:13       0m 25s  ...                0.46         0.01
38  2026-01-23 14:48:39       0m 25s  ...                1.59         0.04
39  2026-01-23 14:49:04       0m 31s  ...               43.85         1.03
40  2026-01-23 14:49:36       0m 34s  ...               61.84         1.56
41  2026-01-23 14:50:10       0m 32s  ...               46.89         1.19
42  2026-01-23 14:50:43       0m 38s  ...               80.70         2.32
43  2026-01-23 14:51:22       0m 26s  ...                2.90         0.07
44  2026-01-23 14:51:48       0m 27s  ...               11.56         0.29
45  2026-01-23 14:52:16       0m 27s  ...                4.11         0.11
46  2026-01-23 14:52:43       0m 26s  ...               11.45         0.30

[47 rows x 24 columns]
[2026-01-23 14:54:30,984] - [root] - [INFO] - Analysis finished: 0m 26s
[2026-01-23 14:54:30,984] - [root] - [INFO] - -------------------------------------------
[2026-01-23 14:54:30,984] - [root] - [INFO] - -------------------------------------------
[2026-01-23 14:54:30,984] - [root] - [INFO] - Processing 1-22-2026 5dpi 127-W2021009-292_R2.png
[2026-01-23 14:54:49,047] - [root] - [INFO] - Finished loading mask: 0m 18s
[2026-01-23 14:55:08,153] - [root] - [INFO] - Finished crop and inference: 0m 37s
[2026-01-23 14:55:09,768] - [root] - [INFO] - Analysis finished: 0m 38s
[2026-01-23 14:55:09,768] - [root] - [INFO] - -------------------------------------------
[2026-01-23 14:55:09,768] - [root] - [INFO] - -------------------------------------------
[2026-01-23 14:55:09,768] - [root] - [INFO] - Processing 1-22-2026 5dpi 128-W2021006-013_R1.png
[2026-01-23 14:55:27,479] - [root] - [INFO] - Finished loading mask: 0m 17s
[2026-01-23 14:55:43,462] - [root] - [INFO] - Finished crop and inference: 0m 33s
              timestamp time_elapsed  ... severity_rate_patch Gradient_sr2
0   2026-01-23 14:30:48       0m 25s  ...                1.74         0.04
1   2026-01-23 14:31:14       0m 25s  ...                4.36         0.11
2   2026-01-23 14:31:40       0m 26s  ...                0.85         0.02
3   2026-01-23 14:32:06       0m 29s  ...               25.47         0.67
4   2026-01-23 14:32:36       0m 30s  ...               37.39         0.99
5   2026-01-23 14:33:07       0m 25s  ...                0.45         0.01
6   2026-01-23 14:33:32       0m 30s  ...               38.62         0.91
7   2026-01-23 14:34:03       0m 29s  ...               19.86         0.56
8   2026-01-23 14:34:32       0m 29s  ...               39.61         1.05
9   2026-01-23 14:35:01       0m 25s  ...                1.79         0.05
10  2026-01-23 14:35:27       0m 26s  ...                2.79         0.07
11  2026-01-23 14:35:53       0m 29s  ...               20.77         0.49
12  2026-01-23 14:36:23       0m 27s  ...               20.60         0.51
13  2026-01-23 14:36:50       0m 27s  ...               15.28         0.35
14  2026-01-23 14:37:18       0m 30s  ...               30.18         0.79
15  2026-01-23 14:37:49       0m 29s  ...               19.25         0.48
16  2026-01-23 14:38:18       0m 39s  ...               85.84         2.58
17  2026-01-23 14:38:58       0m 25s  ...                0.76         0.02
18  2026-01-23 14:39:24       0m 28s  ...               23.22         0.57
19  2026-01-23 14:39:53       0m 34s  ...               62.76         1.72
20  2026-01-23 14:40:28       0m 25s  ...                1.10         0.03
21  2026-01-23 14:40:53       0m 28s  ...               19.31         0.52
22  2026-01-23 14:41:21       0m 31s  ...               42.05         1.16
23  2026-01-23 14:41:53       0m 23s  ...                6.56         0.18
24  2026-01-23 14:42:16       0m 24s  ...                1.51         0.04
25  2026-01-23 14:42:41       0m 26s  ...                8.51         0.22
26  2026-01-23 14:43:07       0m 27s  ...               12.12         0.31
27  2026-01-23 14:43:35       0m 30s  ...               32.69         0.79
28  2026-01-23 14:44:05       0m 26s  ...                2.15         0.06
29  2026-01-23 14:44:32       0m 26s  ...                2.94         0.07
30  2026-01-23 14:44:58       0m 27s  ...               12.91         0.30
31  2026-01-23 14:45:26       0m 27s  ...               42.77         1.19
32  2026-01-23 14:45:53       0m 34s  ...               65.54         1.89
33  2026-01-23 14:46:27       0m 26s  ...               10.11         0.24
34  2026-01-23 14:46:54       0m 25s  ...                4.05         0.11
35  2026-01-23 14:47:20       0m 26s  ...                1.89         0.05
36  2026-01-23 14:47:47       0m 26s  ...                5.54         0.15
37  2026-01-23 14:48:13       0m 25s  ...                0.46         0.01
38  2026-01-23 14:48:39       0m 25s  ...                1.59         0.04
39  2026-01-23 14:49:04       0m 31s  ...               43.85         1.03
40  2026-01-23 14:49:36       0m 34s  ...               61.84         1.56
41  2026-01-23 14:50:10       0m 32s  ...               46.89         1.19
42  2026-01-23 14:50:43       0m 38s  ...               80.70         2.32
43  2026-01-23 14:51:22       0m 26s  ...                2.90         0.07
44  2026-01-23 14:51:48       0m 27s  ...               11.56         0.29
45  2026-01-23 14:52:16       0m 27s  ...                4.11         0.11
46  2026-01-23 14:52:43       0m 26s  ...               11.45         0.30
47  2026-01-23 14:53:10       0m 27s  ...               11.80         0.25

[48 rows x 24 columns]
              timestamp time_elapsed  ... severity_rate_patch Gradient_sr2
0   2026-01-23 14:30:48       0m 25s  ...                1.74         0.04
1   2026-01-23 14:31:14       0m 25s  ...                4.36         0.11
2   2026-01-23 14:31:40       0m 26s  ...                0.85         0.02
3   2026-01-23 14:32:06       0m 29s  ...               25.47         0.67
4   2026-01-23 14:32:36       0m 30s  ...               37.39         0.99
5   2026-01-23 14:33:07       0m 25s  ...                0.45         0.01
6   2026-01-23 14:33:32       0m 30s  ...               38.62         0.91
7   2026-01-23 14:34:03       0m 29s  ...               19.86         0.56
8   2026-01-23 14:34:32       0m 29s  ...               39.61         1.05
9   2026-01-23 14:35:01       0m 25s  ...                1.79         0.05
10  2026-01-23 14:35:27       0m 26s  ...                2.79         0.07
11  2026-01-23 14:35:53       0m 29s  ...               20.77         0.49
12  2026-01-23 14:36:23       0m 27s  ...               20.60         0.51
13  2026-01-23 14:36:50       0m 27s  ...               15.28         0.35
14  2026-01-23 14:37:18       0m 30s  ...               30.18         0.79
15  2026-01-23 14:37:49       0m 29s  ...               19.25         0.48
16  2026-01-23 14:38:18       0m 39s  ...               85.84         2.58
17  2026-01-23 14:38:58       0m 25s  ...                0.76         0.02
18  2026-01-23 14:39:24       0m 28s  ...               23.22         0.57
19  2026-01-23 14:39:53       0m 34s  ...               62.76         1.72
20  2026-01-23 14:40:28       0m 25s  ...                1.10         0.03
21  2026-01-23 14:40:53       0m 28s  ...               19.31         0.52
22  2026-01-23 14:41:21       0m 31s  ...               42.05         1.16
23  2026-01-23 14:41:53       0m 23s  ...                6.56         0.18
24  2026-01-23 14:42:16       0m 24s  ...                1.51         0.04
25  2026-01-23 14:42:41       0m 26s  ...                8.51         0.22
26  2026-01-23 14:43:07       0m 27s  ...               12.12         0.31
27  2026-01-23 14:43:35       0m 30s  ...               32.69         0.79
28  2026-01-23 14:44:05       0m 26s  ...                2.15         0.06
29  2026-01-23 14:44:32       0m 26s  ...                2.94         0.07
30  2026-01-23 14:44:58       0m 27s  ...               12.91         0.30
31  2026-01-23 14:45:26       0m 27s  ...               42.77         1.19
32  2026-01-23 14:45:53       0m 34s  ...               65.54         1.89
33  2026-01-23 14:46:27       0m 26s  ...               10.11         0.24
34  2026-01-23 14:46:54       0m 25s  ...                4.05         0.11
35  2026-01-23 14:47:20       0m 26s  ...                1.89         0.05
36  2026-01-23 14:47:47       0m 26s  ...                5.54         0.15
37  2026-01-23 14:48:13       0m 25s  ...                0.46         0.01
38  2026-01-23 14:48:39       0m 25s  ...                1.59         0.04
39  2026-01-23 14:49:04       0m 31s  ...               43.85         1.03
40  2026-01-23 14:49:36       0m 34s  ...               61.84         1.56
41  2026-01-23 14:50:10       0m 32s  ...               46.89         1.19
42  2026-01-23 14:50:43       0m 38s  ...               80.70         2.32
43  2026-01-23 14:51:22       0m 26s  ...                2.90         0.07
44  2026-01-23 14:51:48       0m 27s  ...               11.56         0.29
45  2026-01-23 14:52:16       0m 27s  ...                4.11         0.11
46  2026-01-23 14:52:43       0m 26s  ...               11.45         0.30
47  2026-01-23 14:53:10       0m 27s  ...               11.80         0.25
48  2026-01-23 14:53:37       0m 27s  ...                6.42         0.18

[49 rows x 24 columns]
[2026-01-23 14:55:45,066] - [root] - [INFO] - Analysis finished: 0m 35s
[2026-01-23 14:55:45,066] - [root] - [INFO] - -------------------------------------------
[2026-01-23 14:55:45,066] - [root] - [INFO] - -------------------------------------------
[2026-01-23 14:55:45,066] - [root] - [INFO] - Processing 1-22-2026 5dpi 129-W2021006-119_R2.png
[2026-01-23 14:56:01,866] - [root] - [INFO] - Finished loading mask: 0m 16s
[2026-01-23 14:56:11,219] - [root] - [INFO] - Finished crop and inference: 0m 26s
[2026-01-23 14:56:12,790] - [root] - [INFO] - Analysis finished: 0m 27s
[2026-01-23 14:56:12,790] - [root] - [INFO] - -------------------------------------------
[2026-01-23 14:56:12,790] - [root] - [INFO] - -------------------------------------------
[2026-01-23 14:56:12,790] - [root] - [INFO] - Processing 1-22-2026 5dpi 132-W2021010-399_R1.png
[2026-01-23 14:56:28,880] - [root] - [INFO] - Finished loading mask: 0m 16s
[2026-01-23 14:56:36,651] - [root] - [INFO] - Finished crop and inference: 0m 23s
              timestamp time_elapsed  ... severity_rate_patch Gradient_sr2
0   2026-01-23 14:30:48       0m 25s  ...                1.74         0.04
1   2026-01-23 14:31:14       0m 25s  ...                4.36         0.11
2   2026-01-23 14:31:40       0m 26s  ...                0.85         0.02
3   2026-01-23 14:32:06       0m 29s  ...               25.47         0.67
4   2026-01-23 14:32:36       0m 30s  ...               37.39         0.99
5   2026-01-23 14:33:07       0m 25s  ...                0.45         0.01
6   2026-01-23 14:33:32       0m 30s  ...               38.62         0.91
7   2026-01-23 14:34:03       0m 29s  ...               19.86         0.56
8   2026-01-23 14:34:32       0m 29s  ...               39.61         1.05
9   2026-01-23 14:35:01       0m 25s  ...                1.79         0.05
10  2026-01-23 14:35:27       0m 26s  ...                2.79         0.07
11  2026-01-23 14:35:53       0m 29s  ...               20.77         0.49
12  2026-01-23 14:36:23       0m 27s  ...               20.60         0.51
13  2026-01-23 14:36:50       0m 27s  ...               15.28         0.35
14  2026-01-23 14:37:18       0m 30s  ...               30.18         0.79
15  2026-01-23 14:37:49       0m 29s  ...               19.25         0.48
16  2026-01-23 14:38:18       0m 39s  ...               85.84         2.58
17  2026-01-23 14:38:58       0m 25s  ...                0.76         0.02
18  2026-01-23 14:39:24       0m 28s  ...               23.22         0.57
19  2026-01-23 14:39:53       0m 34s  ...               62.76         1.72
20  2026-01-23 14:40:28       0m 25s  ...                1.10         0.03
21  2026-01-23 14:40:53       0m 28s  ...               19.31         0.52
22  2026-01-23 14:41:21       0m 31s  ...               42.05         1.16
23  2026-01-23 14:41:53       0m 23s  ...                6.56         0.18
24  2026-01-23 14:42:16       0m 24s  ...                1.51         0.04
25  2026-01-23 14:42:41       0m 26s  ...                8.51         0.22
26  2026-01-23 14:43:07       0m 27s  ...               12.12         0.31
27  2026-01-23 14:43:35       0m 30s  ...               32.69         0.79
28  2026-01-23 14:44:05       0m 26s  ...                2.15         0.06
29  2026-01-23 14:44:32       0m 26s  ...                2.94         0.07
30  2026-01-23 14:44:58       0m 27s  ...               12.91         0.30
31  2026-01-23 14:45:26       0m 27s  ...               42.77         1.19
32  2026-01-23 14:45:53       0m 34s  ...               65.54         1.89
33  2026-01-23 14:46:27       0m 26s  ...               10.11         0.24
34  2026-01-23 14:46:54       0m 25s  ...                4.05         0.11
35  2026-01-23 14:47:20       0m 26s  ...                1.89         0.05
36  2026-01-23 14:47:47       0m 26s  ...                5.54         0.15
37  2026-01-23 14:48:13       0m 25s  ...                0.46         0.01
38  2026-01-23 14:48:39       0m 25s  ...                1.59         0.04
39  2026-01-23 14:49:04       0m 31s  ...               43.85         1.03
40  2026-01-23 14:49:36       0m 34s  ...               61.84         1.56
41  2026-01-23 14:50:10       0m 32s  ...               46.89         1.19
42  2026-01-23 14:50:43       0m 38s  ...               80.70         2.32
43  2026-01-23 14:51:22       0m 26s  ...                2.90         0.07
44  2026-01-23 14:51:48       0m 27s  ...               11.56         0.29
45  2026-01-23 14:52:16       0m 27s  ...                4.11         0.11
46  2026-01-23 14:52:43       0m 26s  ...               11.45         0.30
47  2026-01-23 14:53:10       0m 27s  ...               11.80         0.25
48  2026-01-23 14:53:37       0m 27s  ...                6.42         0.18
49  2026-01-23 14:54:04       0m 26s  ...                0.78         0.02

[50 rows x 24 columns]
              timestamp time_elapsed  ... severity_rate_patch Gradient_sr2
0   2026-01-23 14:30:48       0m 25s  ...                1.74         0.04
1   2026-01-23 14:31:14       0m 25s  ...                4.36         0.11
2   2026-01-23 14:31:40       0m 26s  ...                0.85         0.02
3   2026-01-23 14:32:06       0m 29s  ...               25.47         0.67
4   2026-01-23 14:32:36       0m 30s  ...               37.39         0.99
5   2026-01-23 14:33:07       0m 25s  ...                0.45         0.01
6   2026-01-23 14:33:32       0m 30s  ...               38.62         0.91
7   2026-01-23 14:34:03       0m 29s  ...               19.86         0.56
8   2026-01-23 14:34:32       0m 29s  ...               39.61         1.05
9   2026-01-23 14:35:01       0m 25s  ...                1.79         0.05
10  2026-01-23 14:35:27       0m 26s  ...                2.79         0.07
11  2026-01-23 14:35:53       0m 29s  ...               20.77         0.49
12  2026-01-23 14:36:23       0m 27s  ...               20.60         0.51
13  2026-01-23 14:36:50       0m 27s  ...               15.28         0.35
14  2026-01-23 14:37:18       0m 30s  ...               30.18         0.79
15  2026-01-23 14:37:49       0m 29s  ...               19.25         0.48
16  2026-01-23 14:38:18       0m 39s  ...               85.84         2.58
17  2026-01-23 14:38:58       0m 25s  ...                0.76         0.02
18  2026-01-23 14:39:24       0m 28s  ...               23.22         0.57
19  2026-01-23 14:39:53       0m 34s  ...               62.76         1.72
20  2026-01-23 14:40:28       0m 25s  ...                1.10         0.03
21  2026-01-23 14:40:53       0m 28s  ...               19.31         0.52
22  2026-01-23 14:41:21       0m 31s  ...               42.05         1.16
23  2026-01-23 14:41:53       0m 23s  ...                6.56         0.18
24  2026-01-23 14:42:16       0m 24s  ...                1.51         0.04
25  2026-01-23 14:42:41       0m 26s  ...                8.51         0.22
26  2026-01-23 14:43:07       0m 27s  ...               12.12         0.31
27  2026-01-23 14:43:35       0m 30s  ...               32.69         0.79
28  2026-01-23 14:44:05       0m 26s  ...                2.15         0.06
29  2026-01-23 14:44:32       0m 26s  ...                2.94         0.07
30  2026-01-23 14:44:58       0m 27s  ...               12.91         0.30
31  2026-01-23 14:45:26       0m 27s  ...               42.77         1.19
32  2026-01-23 14:45:53       0m 34s  ...               65.54         1.89
33  2026-01-23 14:46:27       0m 26s  ...               10.11         0.24
34  2026-01-23 14:46:54       0m 25s  ...                4.05         0.11
35  2026-01-23 14:47:20       0m 26s  ...                1.89         0.05
36  2026-01-23 14:47:47       0m 26s  ...                5.54         0.15
37  2026-01-23 14:48:13       0m 25s  ...                0.46         0.01
38  2026-01-23 14:48:39       0m 25s  ...                1.59         0.04
39  2026-01-23 14:49:04       0m 31s  ...               43.85         1.03
40  2026-01-23 14:49:36       0m 34s  ...               61.84         1.56
41  2026-01-23 14:50:10       0m 32s  ...               46.89         1.19
42  2026-01-23 14:50:43       0m 38s  ...               80.70         2.32
43  2026-01-23 14:51:22       0m 26s  ...                2.90         0.07
44  2026-01-23 14:51:48       0m 27s  ...               11.56         0.29
45  2026-01-23 14:52:16       0m 27s  ...                4.11         0.11
46  2026-01-23 14:52:43       0m 26s  ...               11.45         0.30
47  2026-01-23 14:53:10       0m 27s  ...               11.80         0.25
48  2026-01-23 14:53:37       0m 27s  ...                6.42         0.18
49  2026-01-23 14:54:04       0m 26s  ...                0.78         0.02
50  2026-01-23 14:54:30       0m 38s  ...               83.75         2.58

[51 rows x 24 columns]
[2026-01-23 14:56:38,232] - [root] - [INFO] - Analysis finished: 0m 25s
[2026-01-23 14:56:38,232] - [root] - [INFO] - -------------------------------------------
[2026-01-23 14:56:38,232] - [root] - [INFO] - -------------------------------------------
[2026-01-23 14:56:38,232] - [root] - [INFO] - Processing 1-22-2026 5dpi 132-W2021011-644_R2.png
[2026-01-23 14:56:55,025] - [root] - [INFO] - Finished loading mask: 0m 16s
[2026-01-23 14:57:04,994] - [root] - [INFO] - Finished crop and inference: 0m 26s
              timestamp time_elapsed  ... severity_rate_patch Gradient_sr2
0   2026-01-23 14:30:48       0m 25s  ...                1.74         0.04
1   2026-01-23 14:31:14       0m 25s  ...                4.36         0.11
2   2026-01-23 14:31:40       0m 26s  ...                0.85         0.02
3   2026-01-23 14:32:06       0m 29s  ...               25.47         0.67
4   2026-01-23 14:32:36       0m 30s  ...               37.39         0.99
5   2026-01-23 14:33:07       0m 25s  ...                0.45         0.01
6   2026-01-23 14:33:32       0m 30s  ...               38.62         0.91
7   2026-01-23 14:34:03       0m 29s  ...               19.86         0.56
8   2026-01-23 14:34:32       0m 29s  ...               39.61         1.05
9   2026-01-23 14:35:01       0m 25s  ...                1.79         0.05
10  2026-01-23 14:35:27       0m 26s  ...                2.79         0.07
11  2026-01-23 14:35:53       0m 29s  ...               20.77         0.49
12  2026-01-23 14:36:23       0m 27s  ...               20.60         0.51
13  2026-01-23 14:36:50       0m 27s  ...               15.28         0.35
14  2026-01-23 14:37:18       0m 30s  ...               30.18         0.79
15  2026-01-23 14:37:49       0m 29s  ...               19.25         0.48
16  2026-01-23 14:38:18       0m 39s  ...               85.84         2.58
17  2026-01-23 14:38:58       0m 25s  ...                0.76         0.02
18  2026-01-23 14:39:24       0m 28s  ...               23.22         0.57
19  2026-01-23 14:39:53       0m 34s  ...               62.76         1.72
20  2026-01-23 14:40:28       0m 25s  ...                1.10         0.03
21  2026-01-23 14:40:53       0m 28s  ...               19.31         0.52
22  2026-01-23 14:41:21       0m 31s  ...               42.05         1.16
23  2026-01-23 14:41:53       0m 23s  ...                6.56         0.18
24  2026-01-23 14:42:16       0m 24s  ...                1.51         0.04
25  2026-01-23 14:42:41       0m 26s  ...                8.51         0.22
26  2026-01-23 14:43:07       0m 27s  ...               12.12         0.31
27  2026-01-23 14:43:35       0m 30s  ...               32.69         0.79
28  2026-01-23 14:44:05       0m 26s  ...                2.15         0.06
29  2026-01-23 14:44:32       0m 26s  ...                2.94         0.07
30  2026-01-23 14:44:58       0m 27s  ...               12.91         0.30
31  2026-01-23 14:45:26       0m 27s  ...               42.77         1.19
32  2026-01-23 14:45:53       0m 34s  ...               65.54         1.89
33  2026-01-23 14:46:27       0m 26s  ...               10.11         0.24
34  2026-01-23 14:46:54       0m 25s  ...                4.05         0.11
35  2026-01-23 14:47:20       0m 26s  ...                1.89         0.05
36  2026-01-23 14:47:47       0m 26s  ...                5.54         0.15
37  2026-01-23 14:48:13       0m 25s  ...                0.46         0.01
38  2026-01-23 14:48:39       0m 25s  ...                1.59         0.04
39  2026-01-23 14:49:04       0m 31s  ...               43.85         1.03
40  2026-01-23 14:49:36       0m 34s  ...               61.84         1.56
41  2026-01-23 14:50:10       0m 32s  ...               46.89         1.19
42  2026-01-23 14:50:43       0m 38s  ...               80.70         2.32
43  2026-01-23 14:51:22       0m 26s  ...                2.90         0.07
44  2026-01-23 14:51:48       0m 27s  ...               11.56         0.29
45  2026-01-23 14:52:16       0m 27s  ...                4.11         0.11
46  2026-01-23 14:52:43       0m 26s  ...               11.45         0.30
47  2026-01-23 14:53:10       0m 27s  ...               11.80         0.25
48  2026-01-23 14:53:37       0m 27s  ...                6.42         0.18
49  2026-01-23 14:54:04       0m 26s  ...                0.78         0.02
50  2026-01-23 14:54:30       0m 38s  ...               83.75         2.58
51  2026-01-23 14:55:09       0m 35s  ...               77.72         2.05

[52 rows x 24 columns]
              timestamp time_elapsed  ... severity_rate_patch Gradient_sr2
0   2026-01-23 14:30:48       0m 25s  ...                1.74         0.04
1   2026-01-23 14:31:14       0m 25s  ...                4.36         0.11
2   2026-01-23 14:31:40       0m 26s  ...                0.85         0.02
3   2026-01-23 14:32:06       0m 29s  ...               25.47         0.67
4   2026-01-23 14:32:36       0m 30s  ...               37.39         0.99
5   2026-01-23 14:33:07       0m 25s  ...                0.45         0.01
6   2026-01-23 14:33:32       0m 30s  ...               38.62         0.91
7   2026-01-23 14:34:03       0m 29s  ...               19.86         0.56
8   2026-01-23 14:34:32       0m 29s  ...               39.61         1.05
9   2026-01-23 14:35:01       0m 25s  ...                1.79         0.05
10  2026-01-23 14:35:27       0m 26s  ...                2.79         0.07
11  2026-01-23 14:35:53       0m 29s  ...               20.77         0.49
12  2026-01-23 14:36:23       0m 27s  ...               20.60         0.51
13  2026-01-23 14:36:50       0m 27s  ...               15.28         0.35
14  2026-01-23 14:37:18       0m 30s  ...               30.18         0.79
15  2026-01-23 14:37:49       0m 29s  ...               19.25         0.48
16  2026-01-23 14:38:18       0m 39s  ...               85.84         2.58
17  2026-01-23 14:38:58       0m 25s  ...                0.76         0.02
18  2026-01-23 14:39:24       0m 28s  ...               23.22         0.57
19  2026-01-23 14:39:53       0m 34s  ...               62.76         1.72
20  2026-01-23 14:40:28       0m 25s  ...                1.10         0.03
21  2026-01-23 14:40:53       0m 28s  ...               19.31         0.52
22  2026-01-23 14:41:21       0m 31s  ...               42.05         1.16
23  2026-01-23 14:41:53       0m 23s  ...                6.56         0.18
24  2026-01-23 14:42:16       0m 24s  ...                1.51         0.04
25  2026-01-23 14:42:41       0m 26s  ...                8.51         0.22
26  2026-01-23 14:43:07       0m 27s  ...               12.12         0.31
27  2026-01-23 14:43:35       0m 30s  ...               32.69         0.79
28  2026-01-23 14:44:05       0m 26s  ...                2.15         0.06
29  2026-01-23 14:44:32       0m 26s  ...                2.94         0.07
30  2026-01-23 14:44:58       0m 27s  ...               12.91         0.30
31  2026-01-23 14:45:26       0m 27s  ...               42.77         1.19
32  2026-01-23 14:45:53       0m 34s  ...               65.54         1.89
33  2026-01-23 14:46:27       0m 26s  ...               10.11         0.24
34  2026-01-23 14:46:54       0m 25s  ...                4.05         0.11
35  2026-01-23 14:47:20       0m 26s  ...                1.89         0.05
36  2026-01-23 14:47:47       0m 26s  ...                5.54         0.15
37  2026-01-23 14:48:13       0m 25s  ...                0.46         0.01
38  2026-01-23 14:48:39       0m 25s  ...                1.59         0.04
39  2026-01-23 14:49:04       0m 31s  ...               43.85         1.03
40  2026-01-23 14:49:36       0m 34s  ...               61.84         1.56
41  2026-01-23 14:50:10       0m 32s  ...               46.89         1.19
42  2026-01-23 14:50:43       0m 38s  ...               80.70         2.32
43  2026-01-23 14:51:22       0m 26s  ...                2.90         0.07
44  2026-01-23 14:51:48       0m 27s  ...               11.56         0.29
45  2026-01-23 14:52:16       0m 27s  ...                4.11         0.11
46  2026-01-23 14:52:43       0m 26s  ...               11.45         0.30
47  2026-01-23 14:53:10       0m 27s  ...               11.80         0.25
48  2026-01-23 14:53:37       0m 27s  ...                6.42         0.18
49  2026-01-23 14:54:04       0m 26s  ...                0.78         0.02
50  2026-01-23 14:54:30       0m 38s  ...               83.75         2.58
51  2026-01-23 14:55:09       0m 35s  ...               77.72         2.05
52  2026-01-23 14:55:45       0m 27s  ...                8.96         0.25

[53 rows x 24 columns]
[2026-01-23 14:57:06,576] - [root] - [INFO] - Analysis finished: 0m 28s
[2026-01-23 14:57:06,576] - [root] - [INFO] - -------------------------------------------
[2026-01-23 14:57:06,576] - [root] - [INFO] - -------------------------------------------
[2026-01-23 14:57:06,576] - [root] - [INFO] - Processing 1-22-2026 5dpi 134-W2021006-001_R1.png
[2026-01-23 14:57:23,910] - [root] - [INFO] - Finished loading mask: 0m 17s
[2026-01-23 14:57:37,967] - [root] - [INFO] - Finished crop and inference: 0m 31s
              timestamp time_elapsed  ... severity_rate_patch Gradient_sr2
0   2026-01-23 14:30:48       0m 25s  ...                1.74         0.04
1   2026-01-23 14:31:14       0m 25s  ...                4.36         0.11
2   2026-01-23 14:31:40       0m 26s  ...                0.85         0.02
3   2026-01-23 14:32:06       0m 29s  ...               25.47         0.67
4   2026-01-23 14:32:36       0m 30s  ...               37.39         0.99
5   2026-01-23 14:33:07       0m 25s  ...                0.45         0.01
6   2026-01-23 14:33:32       0m 30s  ...               38.62         0.91
7   2026-01-23 14:34:03       0m 29s  ...               19.86         0.56
8   2026-01-23 14:34:32       0m 29s  ...               39.61         1.05
9   2026-01-23 14:35:01       0m 25s  ...                1.79         0.05
10  2026-01-23 14:35:27       0m 26s  ...                2.79         0.07
11  2026-01-23 14:35:53       0m 29s  ...               20.77         0.49
12  2026-01-23 14:36:23       0m 27s  ...               20.60         0.51
13  2026-01-23 14:36:50       0m 27s  ...               15.28         0.35
14  2026-01-23 14:37:18       0m 30s  ...               30.18         0.79
15  2026-01-23 14:37:49       0m 29s  ...               19.25         0.48
16  2026-01-23 14:38:18       0m 39s  ...               85.84         2.58
17  2026-01-23 14:38:58       0m 25s  ...                0.76         0.02
18  2026-01-23 14:39:24       0m 28s  ...               23.22         0.57
19  2026-01-23 14:39:53       0m 34s  ...               62.76         1.72
20  2026-01-23 14:40:28       0m 25s  ...                1.10         0.03
21  2026-01-23 14:40:53       0m 28s  ...               19.31         0.52
22  2026-01-23 14:41:21       0m 31s  ...               42.05         1.16
23  2026-01-23 14:41:53       0m 23s  ...                6.56         0.18
24  2026-01-23 14:42:16       0m 24s  ...                1.51         0.04
25  2026-01-23 14:42:41       0m 26s  ...                8.51         0.22
26  2026-01-23 14:43:07       0m 27s  ...               12.12         0.31
27  2026-01-23 14:43:35       0m 30s  ...               32.69         0.79
28  2026-01-23 14:44:05       0m 26s  ...                2.15         0.06
29  2026-01-23 14:44:32       0m 26s  ...                2.94         0.07
30  2026-01-23 14:44:58       0m 27s  ...               12.91         0.30
31  2026-01-23 14:45:26       0m 27s  ...               42.77         1.19
32  2026-01-23 14:45:53       0m 34s  ...               65.54         1.89
33  2026-01-23 14:46:27       0m 26s  ...               10.11         0.24
34  2026-01-23 14:46:54       0m 25s  ...                4.05         0.11
35  2026-01-23 14:47:20       0m 26s  ...                1.89         0.05
36  2026-01-23 14:47:47       0m 26s  ...                5.54         0.15
37  2026-01-23 14:48:13       0m 25s  ...                0.46         0.01
38  2026-01-23 14:48:39       0m 25s  ...                1.59         0.04
39  2026-01-23 14:49:04       0m 31s  ...               43.85         1.03
40  2026-01-23 14:49:36       0m 34s  ...               61.84         1.56
41  2026-01-23 14:50:10       0m 32s  ...               46.89         1.19
42  2026-01-23 14:50:43       0m 38s  ...               80.70         2.32
43  2026-01-23 14:51:22       0m 26s  ...                2.90         0.07
44  2026-01-23 14:51:48       0m 27s  ...               11.56         0.29
45  2026-01-23 14:52:16       0m 27s  ...                4.11         0.11
46  2026-01-23 14:52:43       0m 26s  ...               11.45         0.30
47  2026-01-23 14:53:10       0m 27s  ...               11.80         0.25
48  2026-01-23 14:53:37       0m 27s  ...                6.42         0.18
49  2026-01-23 14:54:04       0m 26s  ...                0.78         0.02
50  2026-01-23 14:54:30       0m 38s  ...               83.75         2.58
51  2026-01-23 14:55:09       0m 35s  ...               77.72         2.05
52  2026-01-23 14:55:45       0m 27s  ...                8.96         0.25
53  2026-01-23 14:56:12       0m 25s  ...                1.10         0.03

[54 rows x 24 columns]
[2026-01-23 14:57:39,584] - [root] - [INFO] - Analysis finished: 0m 33s
[2026-01-23 14:57:39,585] - [root] - [INFO] - -------------------------------------------
[2026-01-23 14:57:39,585] - [root] - [INFO] - -------------------------------------------
[2026-01-23 14:57:39,585] - [root] - [INFO] - Processing 1-22-2026 5dpi 134-W2021009-275_R1.png
[2026-01-23 14:57:56,899] - [root] - [INFO] - Finished loading mask: 0m 17s
[2026-01-23 14:58:08,607] - [root] - [INFO] - Finished crop and inference: 0m 29s
              timestamp time_elapsed  ... severity_rate_patch Gradient_sr2
0   2026-01-23 14:30:48       0m 25s  ...                1.74         0.04
1   2026-01-23 14:31:14       0m 25s  ...                4.36         0.11
2   2026-01-23 14:31:40       0m 26s  ...                0.85         0.02
3   2026-01-23 14:32:06       0m 29s  ...               25.47         0.67
4   2026-01-23 14:32:36       0m 30s  ...               37.39         0.99
5   2026-01-23 14:33:07       0m 25s  ...                0.45         0.01
6   2026-01-23 14:33:32       0m 30s  ...               38.62         0.91
7   2026-01-23 14:34:03       0m 29s  ...               19.86         0.56
8   2026-01-23 14:34:32       0m 29s  ...               39.61         1.05
9   2026-01-23 14:35:01       0m 25s  ...                1.79         0.05
10  2026-01-23 14:35:27       0m 26s  ...                2.79         0.07
11  2026-01-23 14:35:53       0m 29s  ...               20.77         0.49
12  2026-01-23 14:36:23       0m 27s  ...               20.60         0.51
13  2026-01-23 14:36:50       0m 27s  ...               15.28         0.35
14  2026-01-23 14:37:18       0m 30s  ...               30.18         0.79
15  2026-01-23 14:37:49       0m 29s  ...               19.25         0.48
16  2026-01-23 14:38:18       0m 39s  ...               85.84         2.58
17  2026-01-23 14:38:58       0m 25s  ...                0.76         0.02
18  2026-01-23 14:39:24       0m 28s  ...               23.22         0.57
19  2026-01-23 14:39:53       0m 34s  ...               62.76         1.72
20  2026-01-23 14:40:28       0m 25s  ...                1.10         0.03
21  2026-01-23 14:40:53       0m 28s  ...               19.31         0.52
22  2026-01-23 14:41:21       0m 31s  ...               42.05         1.16
23  2026-01-23 14:41:53       0m 23s  ...                6.56         0.18
24  2026-01-23 14:42:16       0m 24s  ...                1.51         0.04
25  2026-01-23 14:42:41       0m 26s  ...                8.51         0.22
26  2026-01-23 14:43:07       0m 27s  ...               12.12         0.31
27  2026-01-23 14:43:35       0m 30s  ...               32.69         0.79
28  2026-01-23 14:44:05       0m 26s  ...                2.15         0.06
29  2026-01-23 14:44:32       0m 26s  ...                2.94         0.07
30  2026-01-23 14:44:58       0m 27s  ...               12.91         0.30
31  2026-01-23 14:45:26       0m 27s  ...               42.77         1.19
32  2026-01-23 14:45:53       0m 34s  ...               65.54         1.89
33  2026-01-23 14:46:27       0m 26s  ...               10.11         0.24
34  2026-01-23 14:46:54       0m 25s  ...                4.05         0.11
35  2026-01-23 14:47:20       0m 26s  ...                1.89         0.05
36  2026-01-23 14:47:47       0m 26s  ...                5.54         0.15
37  2026-01-23 14:48:13       0m 25s  ...                0.46         0.01
38  2026-01-23 14:48:39       0m 25s  ...                1.59         0.04
39  2026-01-23 14:49:04       0m 31s  ...               43.85         1.03
40  2026-01-23 14:49:36       0m 34s  ...               61.84         1.56
41  2026-01-23 14:50:10       0m 32s  ...               46.89         1.19
42  2026-01-23 14:50:43       0m 38s  ...               80.70         2.32
43  2026-01-23 14:51:22       0m 26s  ...                2.90         0.07
44  2026-01-23 14:51:48       0m 27s  ...               11.56         0.29
45  2026-01-23 14:52:16       0m 27s  ...                4.11         0.11
46  2026-01-23 14:52:43       0m 26s  ...               11.45         0.30
47  2026-01-23 14:53:10       0m 27s  ...               11.80         0.25
48  2026-01-23 14:53:37       0m 27s  ...                6.42         0.18
49  2026-01-23 14:54:04       0m 26s  ...                0.78         0.02
50  2026-01-23 14:54:30       0m 38s  ...               83.75         2.58
51  2026-01-23 14:55:09       0m 35s  ...               77.72         2.05
52  2026-01-23 14:55:45       0m 27s  ...                8.96         0.25
53  2026-01-23 14:56:12       0m 25s  ...                1.10         0.03
54  2026-01-23 14:56:38       0m 28s  ...               11.75         0.29

[55 rows x 24 columns]
[2026-01-23 14:58:10,156] - [root] - [INFO] - Analysis finished: 0m 30s
[2026-01-23 14:58:10,156] - [root] - [INFO] - -------------------------------------------
[2026-01-23 14:58:10,156] - [root] - [INFO] - -------------------------------------------
[2026-01-23 14:58:10,156] - [root] - [INFO] - Processing 1-22-2026 5dpi 137-W2021010-342_R2.png
[2026-01-23 14:58:26,828] - [root] - [INFO] - Finished loading mask: 0m 16s
[2026-01-23 14:58:35,301] - [root] - [INFO] - Finished crop and inference: 0m 25s
              timestamp time_elapsed  ... severity_rate_patch Gradient_sr2
0   2026-01-23 14:30:48       0m 25s  ...                1.74         0.04
1   2026-01-23 14:31:14       0m 25s  ...                4.36         0.11
2   2026-01-23 14:31:40       0m 26s  ...                0.85         0.02
3   2026-01-23 14:32:06       0m 29s  ...               25.47         0.67
4   2026-01-23 14:32:36       0m 30s  ...               37.39         0.99
5   2026-01-23 14:33:07       0m 25s  ...                0.45         0.01
6   2026-01-23 14:33:32       0m 30s  ...               38.62         0.91
7   2026-01-23 14:34:03       0m 29s  ...               19.86         0.56
8   2026-01-23 14:34:32       0m 29s  ...               39.61         1.05
9   2026-01-23 14:35:01       0m 25s  ...                1.79         0.05
10  2026-01-23 14:35:27       0m 26s  ...                2.79         0.07
11  2026-01-23 14:35:53       0m 29s  ...               20.77         0.49
12  2026-01-23 14:36:23       0m 27s  ...               20.60         0.51
13  2026-01-23 14:36:50       0m 27s  ...               15.28         0.35
14  2026-01-23 14:37:18       0m 30s  ...               30.18         0.79
15  2026-01-23 14:37:49       0m 29s  ...               19.25         0.48
16  2026-01-23 14:38:18       0m 39s  ...               85.84         2.58
17  2026-01-23 14:38:58       0m 25s  ...                0.76         0.02
18  2026-01-23 14:39:24       0m 28s  ...               23.22         0.57
19  2026-01-23 14:39:53       0m 34s  ...               62.76         1.72
20  2026-01-23 14:40:28       0m 25s  ...                1.10         0.03
21  2026-01-23 14:40:53       0m 28s  ...               19.31         0.52
22  2026-01-23 14:41:21       0m 31s  ...               42.05         1.16
23  2026-01-23 14:41:53       0m 23s  ...                6.56         0.18
24  2026-01-23 14:42:16       0m 24s  ...                1.51         0.04
25  2026-01-23 14:42:41       0m 26s  ...                8.51         0.22
26  2026-01-23 14:43:07       0m 27s  ...               12.12         0.31
27  2026-01-23 14:43:35       0m 30s  ...               32.69         0.79
28  2026-01-23 14:44:05       0m 26s  ...                2.15         0.06
29  2026-01-23 14:44:32       0m 26s  ...                2.94         0.07
30  2026-01-23 14:44:58       0m 27s  ...               12.91         0.30
31  2026-01-23 14:45:26       0m 27s  ...               42.77         1.19
32  2026-01-23 14:45:53       0m 34s  ...               65.54         1.89
33  2026-01-23 14:46:27       0m 26s  ...               10.11         0.24
34  2026-01-23 14:46:54       0m 25s  ...                4.05         0.11
35  2026-01-23 14:47:20       0m 26s  ...                1.89         0.05
36  2026-01-23 14:47:47       0m 26s  ...                5.54         0.15
37  2026-01-23 14:48:13       0m 25s  ...                0.46         0.01
38  2026-01-23 14:48:39       0m 25s  ...                1.59         0.04
39  2026-01-23 14:49:04       0m 31s  ...               43.85         1.03
40  2026-01-23 14:49:36       0m 34s  ...               61.84         1.56
41  2026-01-23 14:50:10       0m 32s  ...               46.89         1.19
42  2026-01-23 14:50:43       0m 38s  ...               80.70         2.32
43  2026-01-23 14:51:22       0m 26s  ...                2.90         0.07
44  2026-01-23 14:51:48       0m 27s  ...               11.56         0.29
45  2026-01-23 14:52:16       0m 27s  ...                4.11         0.11
46  2026-01-23 14:52:43       0m 26s  ...               11.45         0.30
47  2026-01-23 14:53:10       0m 27s  ...               11.80         0.25
48  2026-01-23 14:53:37       0m 27s  ...                6.42         0.18
49  2026-01-23 14:54:04       0m 26s  ...                0.78         0.02
50  2026-01-23 14:54:30       0m 38s  ...               83.75         2.58
51  2026-01-23 14:55:09       0m 35s  ...               77.72         2.05
52  2026-01-23 14:55:45       0m 27s  ...                8.96         0.25
53  2026-01-23 14:56:12       0m 25s  ...                1.10         0.03
54  2026-01-23 14:56:38       0m 28s  ...               11.75         0.29
55  2026-01-23 14:57:06       0m 32s  ...               55.20         1.46

[56 rows x 24 columns]
[2026-01-23 14:58:36,847] - [root] - [INFO] - Analysis finished: 0m 26s
[2026-01-23 14:58:36,847] - [root] - [INFO] - -------------------------------------------
[2026-01-23 14:58:36,847] - [root] - [INFO] - -------------------------------------------
[2026-01-23 14:58:36,847] - [root] - [INFO] - Processing 1-22-2026 5dpi 138-W2021010-446_R1.png
[2026-01-23 14:58:53,693] - [root] - [INFO] - Finished loading mask: 0m 16s
[2026-01-23 14:59:02,783] - [root] - [INFO] - Finished crop and inference: 0m 25s
              timestamp time_elapsed  ... severity_rate_patch Gradient_sr2
0   2026-01-23 14:30:48       0m 25s  ...                1.74         0.04
1   2026-01-23 14:31:14       0m 25s  ...                4.36         0.11
2   2026-01-23 14:31:40       0m 26s  ...                0.85         0.02
3   2026-01-23 14:32:06       0m 29s  ...               25.47         0.67
4   2026-01-23 14:32:36       0m 30s  ...               37.39         0.99
5   2026-01-23 14:33:07       0m 25s  ...                0.45         0.01
6   2026-01-23 14:33:32       0m 30s  ...               38.62         0.91
7   2026-01-23 14:34:03       0m 29s  ...               19.86         0.56
8   2026-01-23 14:34:32       0m 29s  ...               39.61         1.05
9   2026-01-23 14:35:01       0m 25s  ...                1.79         0.05
10  2026-01-23 14:35:27       0m 26s  ...                2.79         0.07
11  2026-01-23 14:35:53       0m 29s  ...               20.77         0.49
12  2026-01-23 14:36:23       0m 27s  ...               20.60         0.51
13  2026-01-23 14:36:50       0m 27s  ...               15.28         0.35
14  2026-01-23 14:37:18       0m 30s  ...               30.18         0.79
15  2026-01-23 14:37:49       0m 29s  ...               19.25         0.48
16  2026-01-23 14:38:18       0m 39s  ...               85.84         2.58
17  2026-01-23 14:38:58       0m 25s  ...                0.76         0.02
18  2026-01-23 14:39:24       0m 28s  ...               23.22         0.57
19  2026-01-23 14:39:53       0m 34s  ...               62.76         1.72
20  2026-01-23 14:40:28       0m 25s  ...                1.10         0.03
21  2026-01-23 14:40:53       0m 28s  ...               19.31         0.52
22  2026-01-23 14:41:21       0m 31s  ...               42.05         1.16
23  2026-01-23 14:41:53       0m 23s  ...                6.56         0.18
24  2026-01-23 14:42:16       0m 24s  ...                1.51         0.04
25  2026-01-23 14:42:41       0m 26s  ...                8.51         0.22
26  2026-01-23 14:43:07       0m 27s  ...               12.12         0.31
27  2026-01-23 14:43:35       0m 30s  ...               32.69         0.79
28  2026-01-23 14:44:05       0m 26s  ...                2.15         0.06
29  2026-01-23 14:44:32       0m 26s  ...                2.94         0.07
30  2026-01-23 14:44:58       0m 27s  ...               12.91         0.30
31  2026-01-23 14:45:26       0m 27s  ...               42.77         1.19
32  2026-01-23 14:45:53       0m 34s  ...               65.54         1.89
33  2026-01-23 14:46:27       0m 26s  ...               10.11         0.24
34  2026-01-23 14:46:54       0m 25s  ...                4.05         0.11
35  2026-01-23 14:47:20       0m 26s  ...                1.89         0.05
36  2026-01-23 14:47:47       0m 26s  ...                5.54         0.15
37  2026-01-23 14:48:13       0m 25s  ...                0.46         0.01
38  2026-01-23 14:48:39       0m 25s  ...                1.59         0.04
39  2026-01-23 14:49:04       0m 31s  ...               43.85         1.03
40  2026-01-23 14:49:36       0m 34s  ...               61.84         1.56
41  2026-01-23 14:50:10       0m 32s  ...               46.89         1.19
42  2026-01-23 14:50:43       0m 38s  ...               80.70         2.32
43  2026-01-23 14:51:22       0m 26s  ...                2.90         0.07
44  2026-01-23 14:51:48       0m 27s  ...               11.56         0.29
45  2026-01-23 14:52:16       0m 27s  ...                4.11         0.11
46  2026-01-23 14:52:43       0m 26s  ...               11.45         0.30
47  2026-01-23 14:53:10       0m 27s  ...               11.80         0.25
48  2026-01-23 14:53:37       0m 27s  ...                6.42         0.18
49  2026-01-23 14:54:04       0m 26s  ...                0.78         0.02
50  2026-01-23 14:54:30       0m 38s  ...               83.75         2.58
51  2026-01-23 14:55:09       0m 35s  ...               77.72         2.05
52  2026-01-23 14:55:45       0m 27s  ...                8.96         0.25
53  2026-01-23 14:56:12       0m 25s  ...                1.10         0.03
54  2026-01-23 14:56:38       0m 28s  ...               11.75         0.29
55  2026-01-23 14:57:06       0m 32s  ...               55.20         1.46
56  2026-01-23 14:57:39       0m 30s  ...               34.44         0.83

[57 rows x 24 columns]
[2026-01-23 14:59:04,398] - [root] - [INFO] - Analysis finished: 0m 27s
[2026-01-23 14:59:04,398] - [root] - [INFO] - -------------------------------------------
[2026-01-23 14:59:04,398] - [root] - [INFO] - -------------------------------------------
[2026-01-23 14:59:04,398] - [root] - [INFO] - Processing 1-22-2026 5dpi 141-W2021009-274_R1.png
[2026-01-23 14:59:22,366] - [root] - [INFO] - Finished loading mask: 0m 17s
[2026-01-23 14:59:43,081] - [root] - [INFO] - Finished crop and inference: 0m 38s
              timestamp time_elapsed  ... severity_rate_patch Gradient_sr2
0   2026-01-23 14:30:48       0m 25s  ...                1.74         0.04
1   2026-01-23 14:31:14       0m 25s  ...                4.36         0.11
2   2026-01-23 14:31:40       0m 26s  ...                0.85         0.02
3   2026-01-23 14:32:06       0m 29s  ...               25.47         0.67
4   2026-01-23 14:32:36       0m 30s  ...               37.39         0.99
5   2026-01-23 14:33:07       0m 25s  ...                0.45         0.01
6   2026-01-23 14:33:32       0m 30s  ...               38.62         0.91
7   2026-01-23 14:34:03       0m 29s  ...               19.86         0.56
8   2026-01-23 14:34:32       0m 29s  ...               39.61         1.05
9   2026-01-23 14:35:01       0m 25s  ...                1.79         0.05
10  2026-01-23 14:35:27       0m 26s  ...                2.79         0.07
11  2026-01-23 14:35:53       0m 29s  ...               20.77         0.49
12  2026-01-23 14:36:23       0m 27s  ...               20.60         0.51
13  2026-01-23 14:36:50       0m 27s  ...               15.28         0.35
14  2026-01-23 14:37:18       0m 30s  ...               30.18         0.79
15  2026-01-23 14:37:49       0m 29s  ...               19.25         0.48
16  2026-01-23 14:38:18       0m 39s  ...               85.84         2.58
17  2026-01-23 14:38:58       0m 25s  ...                0.76         0.02
18  2026-01-23 14:39:24       0m 28s  ...               23.22         0.57
19  2026-01-23 14:39:53       0m 34s  ...               62.76         1.72
20  2026-01-23 14:40:28       0m 25s  ...                1.10         0.03
21  2026-01-23 14:40:53       0m 28s  ...               19.31         0.52
22  2026-01-23 14:41:21       0m 31s  ...               42.05         1.16
23  2026-01-23 14:41:53       0m 23s  ...                6.56         0.18
24  2026-01-23 14:42:16       0m 24s  ...                1.51         0.04
25  2026-01-23 14:42:41       0m 26s  ...                8.51         0.22
26  2026-01-23 14:43:07       0m 27s  ...               12.12         0.31
27  2026-01-23 14:43:35       0m 30s  ...               32.69         0.79
28  2026-01-23 14:44:05       0m 26s  ...                2.15         0.06
29  2026-01-23 14:44:32       0m 26s  ...                2.94         0.07
30  2026-01-23 14:44:58       0m 27s  ...               12.91         0.30
31  2026-01-23 14:45:26       0m 27s  ...               42.77         1.19
32  2026-01-23 14:45:53       0m 34s  ...               65.54         1.89
33  2026-01-23 14:46:27       0m 26s  ...               10.11         0.24
34  2026-01-23 14:46:54       0m 25s  ...                4.05         0.11
35  2026-01-23 14:47:20       0m 26s  ...                1.89         0.05
36  2026-01-23 14:47:47       0m 26s  ...                5.54         0.15
37  2026-01-23 14:48:13       0m 25s  ...                0.46         0.01
38  2026-01-23 14:48:39       0m 25s  ...                1.59         0.04
39  2026-01-23 14:49:04       0m 31s  ...               43.85         1.03
40  2026-01-23 14:49:36       0m 34s  ...               61.84         1.56
41  2026-01-23 14:50:10       0m 32s  ...               46.89         1.19
42  2026-01-23 14:50:43       0m 38s  ...               80.70         2.32
43  2026-01-23 14:51:22       0m 26s  ...                2.90         0.07
44  2026-01-23 14:51:48       0m 27s  ...               11.56         0.29
45  2026-01-23 14:52:16       0m 27s  ...                4.11         0.11
46  2026-01-23 14:52:43       0m 26s  ...               11.45         0.30
47  2026-01-23 14:53:10       0m 27s  ...               11.80         0.25
48  2026-01-23 14:53:37       0m 27s  ...                6.42         0.18
49  2026-01-23 14:54:04       0m 26s  ...                0.78         0.02
50  2026-01-23 14:54:30       0m 38s  ...               83.75         2.58
51  2026-01-23 14:55:09       0m 35s  ...               77.72         2.05
52  2026-01-23 14:55:45       0m 27s  ...                8.96         0.25
53  2026-01-23 14:56:12       0m 25s  ...                1.10         0.03
54  2026-01-23 14:56:38       0m 28s  ...               11.75         0.29
55  2026-01-23 14:57:06       0m 32s  ...               55.20         1.46
56  2026-01-23 14:57:39       0m 30s  ...               34.44         0.83
57  2026-01-23 14:58:10       0m 26s  ...                4.27         0.10

[58 rows x 24 columns]
[2026-01-23 14:59:44,827] - [root] - [INFO] - Analysis finished: 0m 40s
[2026-01-23 14:59:44,827] - [root] - [INFO] - -------------------------------------------
[2026-01-23 14:59:44,827] - [root] - [INFO] - -------------------------------------------
[2026-01-23 14:59:44,827] - [root] - [INFO] - Processing 1-22-2026 5dpi 143-W2021010-313_R2.png
[2026-01-23 15:00:01,603] - [root] - [INFO] - Finished loading mask: 0m 16s
[2026-01-23 15:00:09,442] - [root] - [INFO] - Finished crop and inference: 0m 24s
[2026-01-23 15:00:11,061] - [root] - [INFO] - Analysis finished: 0m 26s
[2026-01-23 15:00:11,062] - [root] - [INFO] - -------------------------------------------
[2026-01-23 15:00:11,062] - [root] - [INFO] - -------------------------------------------
[2026-01-23 15:00:11,062] - [root] - [INFO] - Processing 1-22-2026 5dpi 148-W2021011-462_R2.png
[2026-01-23 15:00:28,554] - [root] - [INFO] - Finished loading mask: 0m 17s
[2026-01-23 15:00:40,291] - [root] - [INFO] - Finished crop and inference: 0m 29s
[2026-01-23 15:00:41,850] - [root] - [INFO] - Analysis finished: 0m 30s
[2026-01-23 15:00:41,850] - [root] - [INFO] - -------------------------------------------
[2026-01-23 15:00:41,850] - [root] - [INFO] - -------------------------------------------
[2026-01-23 15:00:41,850] - [root] - [INFO] - Processing 1-22-2026 5dpi 149-W2021010-417_R1.png
[2026-01-23 15:00:58,838] - [root] - [INFO] - Finished loading mask: 0m 16s
[2026-01-23 15:01:08,498] - [root] - [INFO] - Finished crop and inference: 0m 26s
[2026-01-23 15:01:10,055] - [root] - [INFO] - Analysis finished: 0m 28s
[2026-01-23 15:01:10,055] - [root] - [INFO] - -------------------------------------------
[2026-01-23 15:01:10,056] - [root] - [INFO] - -------------------------------------------
[2026-01-23 15:01:10,056] - [root] - [INFO] - Processing 1-22-2026 5dpi 154-W2021010-419_R1.png
[2026-01-23 15:01:26,564] - [root] - [INFO] - Finished loading mask: 0m 16s
[2026-01-23 15:01:35,022] - [root] - [INFO] - Finished crop and inference: 0m 24s
              timestamp time_elapsed  ... severity_rate_patch Gradient_sr2
0   2026-01-23 14:30:48       0m 25s  ...                1.74         0.04
1   2026-01-23 14:31:14       0m 25s  ...                4.36         0.11
2   2026-01-23 14:31:40       0m 26s  ...                0.85         0.02
3   2026-01-23 14:32:06       0m 29s  ...               25.47         0.67
4   2026-01-23 14:32:36       0m 30s  ...               37.39         0.99
5   2026-01-23 14:33:07       0m 25s  ...                0.45         0.01
6   2026-01-23 14:33:32       0m 30s  ...               38.62         0.91
7   2026-01-23 14:34:03       0m 29s  ...               19.86         0.56
8   2026-01-23 14:34:32       0m 29s  ...               39.61         1.05
9   2026-01-23 14:35:01       0m 25s  ...                1.79         0.05
10  2026-01-23 14:35:27       0m 26s  ...                2.79         0.07
11  2026-01-23 14:35:53       0m 29s  ...               20.77         0.49
12  2026-01-23 14:36:23       0m 27s  ...               20.60         0.51
13  2026-01-23 14:36:50       0m 27s  ...               15.28         0.35
14  2026-01-23 14:37:18       0m 30s  ...               30.18         0.79
15  2026-01-23 14:37:49       0m 29s  ...               19.25         0.48
16  2026-01-23 14:38:18       0m 39s  ...               85.84         2.58
17  2026-01-23 14:38:58       0m 25s  ...                0.76         0.02
18  2026-01-23 14:39:24       0m 28s  ...               23.22         0.57
19  2026-01-23 14:39:53       0m 34s  ...               62.76         1.72
20  2026-01-23 14:40:28       0m 25s  ...                1.10         0.03
21  2026-01-23 14:40:53       0m 28s  ...               19.31         0.52
22  2026-01-23 14:41:21       0m 31s  ...               42.05         1.16
23  2026-01-23 14:41:53       0m 23s  ...                6.56         0.18
24  2026-01-23 14:42:16       0m 24s  ...                1.51         0.04
25  2026-01-23 14:42:41       0m 26s  ...                8.51         0.22
26  2026-01-23 14:43:07       0m 27s  ...               12.12         0.31
27  2026-01-23 14:43:35       0m 30s  ...               32.69         0.79
28  2026-01-23 14:44:05       0m 26s  ...                2.15         0.06
29  2026-01-23 14:44:32       0m 26s  ...                2.94         0.07
30  2026-01-23 14:44:58       0m 27s  ...               12.91         0.30
31  2026-01-23 14:45:26       0m 27s  ...               42.77         1.19
32  2026-01-23 14:45:53       0m 34s  ...               65.54         1.89
33  2026-01-23 14:46:27       0m 26s  ...               10.11         0.24
34  2026-01-23 14:46:54       0m 25s  ...                4.05         0.11
35  2026-01-23 14:47:20       0m 26s  ...                1.89         0.05
36  2026-01-23 14:47:47       0m 26s  ...                5.54         0.15
37  2026-01-23 14:48:13       0m 25s  ...                0.46         0.01
38  2026-01-23 14:48:39       0m 25s  ...                1.59         0.04
39  2026-01-23 14:49:04       0m 31s  ...               43.85         1.03
40  2026-01-23 14:49:36       0m 34s  ...               61.84         1.56
41  2026-01-23 14:50:10       0m 32s  ...               46.89         1.19
42  2026-01-23 14:50:43       0m 38s  ...               80.70         2.32
43  2026-01-23 14:51:22       0m 26s  ...                2.90         0.07
44  2026-01-23 14:51:48       0m 27s  ...               11.56         0.29
45  2026-01-23 14:52:16       0m 27s  ...                4.11         0.11
46  2026-01-23 14:52:43       0m 26s  ...               11.45         0.30
47  2026-01-23 14:53:10       0m 27s  ...               11.80         0.25
48  2026-01-23 14:53:37       0m 27s  ...                6.42         0.18
49  2026-01-23 14:54:04       0m 26s  ...                0.78         0.02
50  2026-01-23 14:54:30       0m 38s  ...               83.75         2.58
51  2026-01-23 14:55:09       0m 35s  ...               77.72         2.05
52  2026-01-23 14:55:45       0m 27s  ...                8.96         0.25
53  2026-01-23 14:56:12       0m 25s  ...                1.10         0.03
54  2026-01-23 14:56:38       0m 28s  ...               11.75         0.29
55  2026-01-23 14:57:06       0m 32s  ...               55.20         1.46
56  2026-01-23 14:57:39       0m 30s  ...               34.44         0.83
57  2026-01-23 14:58:10       0m 26s  ...                4.27         0.10
58  2026-01-23 14:58:36       0m 27s  ...                8.31         0.19

[59 rows x 24 columns]
[2026-01-23 15:01:36,571] - [root] - [INFO] - Analysis finished: 0m 26s
[2026-01-23 15:01:36,571] - [root] - [INFO] - -------------------------------------------
[2026-01-23 15:01:36,571] - [root] - [INFO] - -------------------------------------------
[2026-01-23 15:01:36,571] - [root] - [INFO] - Processing 1-22-2026 5dpi 155-W2021011-639_R1.png
[2026-01-23 15:01:53,437] - [root] - [INFO] - Finished loading mask: 0m 16s
[2026-01-23 15:02:02,479] - [root] - [INFO] - Finished crop and inference: 0m 25s
[2026-01-23 15:02:04,072] - [root] - [INFO] - Analysis finished: 0m 27s
[2026-01-23 15:02:04,072] - [root] - [INFO] - -------------------------------------------
[2026-01-23 15:02:04,072] - [root] - [INFO] - -------------------------------------------
[2026-01-23 15:02:04,072] - [root] - [INFO] - Processing 1-22-2026 5dpi 156-W2021009-276_R2.png
[2026-01-23 15:02:20,899] - [root] - [INFO] - Finished loading mask: 0m 16s
[2026-01-23 15:02:30,395] - [root] - [INFO] - Finished crop and inference: 0m 26s
[2026-01-23 15:02:31,876] - [root] - [INFO] - Analysis finished: 0m 27s
[2026-01-23 15:02:31,876] - [root] - [INFO] - -------------------------------------------
[2026-01-23 15:02:31,876] - [root] - [INFO] - -------------------------------------------
[2026-01-23 15:02:31,876] - [root] - [INFO] - Processing 1-22-2026 5dpi 158-W2021006-114_R1.png
[2026-01-23 15:02:49,579] - [root] - [INFO] - Finished loading mask: 0m 17s
[2026-01-23 15:03:03,627] - [root] - [INFO] - Finished crop and inference: 0m 31s
[2026-01-23 15:03:05,088] - [root] - [INFO] - Analysis finished: 0m 33s
[2026-01-23 15:03:05,088] - [root] - [INFO] - -------------------------------------------
[2026-01-23 15:03:05,088] - [root] - [INFO] - -------------------------------------------
[2026-01-23 15:03:05,088] - [root] - [INFO] - Processing 1-22-2026 5dpi 167-W2021006-003_R2.png
[2026-01-23 15:03:22,037] - [root] - [INFO] - Finished loading mask: 0m 16s
[2026-01-23 15:03:29,532] - [root] - [INFO] - Finished crop and inference: 0m 24s
[2026-01-23 15:03:31,063] - [root] - [INFO] - Analysis finished: 0m 25s
[2026-01-23 15:03:31,063] - [root] - [INFO] - -------------------------------------------
[2026-01-23 15:03:31,064] - [root] - [INFO] - -------------------------------------------
[2026-01-23 15:03:31,064] - [root] - [INFO] - Processing 1-22-2026 5dpi 169-W2021009-623_R2.png
[2026-01-23 15:03:49,320] - [root] - [INFO] - Finished loading mask: 0m 18s
[2026-01-23 15:04:09,693] - [root] - [INFO] - Finished crop and inference: 0m 38s
[2026-01-23 15:04:11,338] - [root] - [INFO] - Analysis finished: 0m 40s
[2026-01-23 15:04:11,339] - [root] - [INFO] - -------------------------------------------
[2026-01-23 15:04:11,339] - [root] - [INFO] - -------------------------------------------
[2026-01-23 15:04:11,339] - [root] - [INFO] - Processing 1-22-2026 5dpi 169-W2021011-477_R1.png
[2026-01-23 15:04:29,017] - [root] - [INFO] - Finished loading mask: 0m 17s
[2026-01-23 15:04:43,755] - [root] - [INFO] - Finished crop and inference: 0m 32s
[2026-01-23 15:04:45,324] - [root] - [INFO] - Analysis finished: 0m 33s
[2026-01-23 15:04:45,324] - [root] - [INFO] - -------------------------------------------
[2026-01-23 15:04:45,325] - [root] - [INFO] - -------------------------------------------
[2026-01-23 15:04:45,325] - [root] - [INFO] - Processing 1-22-2026 5dpi 172-W2021011-557_R2.png
[2026-01-23 15:05:02,384] - [root] - [INFO] - Finished loading mask: 0m 17s
[2026-01-23 15:05:12,288] - [root] - [INFO] - Finished crop and inference: 0m 26s
[2026-01-23 15:05:13,856] - [root] - [INFO] - Analysis finished: 0m 28s
[2026-01-23 15:05:13,856] - [root] - [INFO] - -------------------------------------------
[2026-01-23 15:05:13,857] - [root] - [INFO] - -------------------------------------------
[2026-01-23 15:05:13,857] - [root] - [INFO] - Processing 1-22-2026 5dpi 173-W2021006-127_R2.png
[2026-01-23 15:05:30,666] - [root] - [INFO] - Finished loading mask: 0m 16s
[2026-01-23 15:05:38,777] - [root] - [INFO] - Finished crop and inference: 0m 24s
              timestamp time_elapsed  ... severity_rate_patch Gradient_sr2
0   2026-01-23 14:30:48       0m 25s  ...                1.74         0.04
1   2026-01-23 14:31:14       0m 25s  ...                4.36         0.11
2   2026-01-23 14:31:40       0m 26s  ...                0.85         0.02
3   2026-01-23 14:32:06       0m 29s  ...               25.47         0.67
4   2026-01-23 14:32:36       0m 30s  ...               37.39         0.99
5   2026-01-23 14:33:07       0m 25s  ...                0.45         0.01
6   2026-01-23 14:33:32       0m 30s  ...               38.62         0.91
7   2026-01-23 14:34:03       0m 29s  ...               19.86         0.56
8   2026-01-23 14:34:32       0m 29s  ...               39.61         1.05
9   2026-01-23 14:35:01       0m 25s  ...                1.79         0.05
10  2026-01-23 14:35:27       0m 26s  ...                2.79         0.07
11  2026-01-23 14:35:53       0m 29s  ...               20.77         0.49
12  2026-01-23 14:36:23       0m 27s  ...               20.60         0.51
13  2026-01-23 14:36:50       0m 27s  ...               15.28         0.35
14  2026-01-23 14:37:18       0m 30s  ...               30.18         0.79
15  2026-01-23 14:37:49       0m 29s  ...               19.25         0.48
16  2026-01-23 14:38:18       0m 39s  ...               85.84         2.58
17  2026-01-23 14:38:58       0m 25s  ...                0.76         0.02
18  2026-01-23 14:39:24       0m 28s  ...               23.22         0.57
19  2026-01-23 14:39:53       0m 34s  ...               62.76         1.72
20  2026-01-23 14:40:28       0m 25s  ...                1.10         0.03
21  2026-01-23 14:40:53       0m 28s  ...               19.31         0.52
22  2026-01-23 14:41:21       0m 31s  ...               42.05         1.16
23  2026-01-23 14:41:53       0m 23s  ...                6.56         0.18
24  2026-01-23 14:42:16       0m 24s  ...                1.51         0.04
25  2026-01-23 14:42:41       0m 26s  ...                8.51         0.22
26  2026-01-23 14:43:07       0m 27s  ...               12.12         0.31
27  2026-01-23 14:43:35       0m 30s  ...               32.69         0.79
28  2026-01-23 14:44:05       0m 26s  ...                2.15         0.06
29  2026-01-23 14:44:32       0m 26s  ...                2.94         0.07
30  2026-01-23 14:44:58       0m 27s  ...               12.91         0.30
31  2026-01-23 14:45:26       0m 27s  ...               42.77         1.19
32  2026-01-23 14:45:53       0m 34s  ...               65.54         1.89
33  2026-01-23 14:46:27       0m 26s  ...               10.11         0.24
34  2026-01-23 14:46:54       0m 25s  ...                4.05         0.11
35  2026-01-23 14:47:20       0m 26s  ...                1.89         0.05
36  2026-01-23 14:47:47       0m 26s  ...                5.54         0.15
37  2026-01-23 14:48:13       0m 25s  ...                0.46         0.01
38  2026-01-23 14:48:39       0m 25s  ...                1.59         0.04
39  2026-01-23 14:49:04       0m 31s  ...               43.85         1.03
40  2026-01-23 14:49:36       0m 34s  ...               61.84         1.56
41  2026-01-23 14:50:10       0m 32s  ...               46.89         1.19
42  2026-01-23 14:50:43       0m 38s  ...               80.70         2.32
43  2026-01-23 14:51:22       0m 26s  ...                2.90         0.07
44  2026-01-23 14:51:48       0m 27s  ...               11.56         0.29
45  2026-01-23 14:52:16       0m 27s  ...                4.11         0.11
46  2026-01-23 14:52:43       0m 26s  ...               11.45         0.30
47  2026-01-23 14:53:10       0m 27s  ...               11.80         0.25
48  2026-01-23 14:53:37       0m 27s  ...                6.42         0.18
49  2026-01-23 14:54:04       0m 26s  ...                0.78         0.02
50  2026-01-23 14:54:30       0m 38s  ...               83.75         2.58
51  2026-01-23 14:55:09       0m 35s  ...               77.72         2.05
52  2026-01-23 14:55:45       0m 27s  ...                8.96         0.25
53  2026-01-23 14:56:12       0m 25s  ...                1.10         0.03
54  2026-01-23 14:56:38       0m 28s  ...               11.75         0.29
55  2026-01-23 14:57:06       0m 32s  ...               55.20         1.46
56  2026-01-23 14:57:39       0m 30s  ...               34.44         0.83
57  2026-01-23 14:58:10       0m 26s  ...                4.27         0.10
58  2026-01-23 14:58:36       0m 27s  ...                8.31         0.19
59  2026-01-23 14:59:04       0m 40s  ...               86.63         2.58

[60 rows x 24 columns]
              timestamp time_elapsed  ... severity_rate_patch Gradient_sr2
0   2026-01-23 14:30:48       0m 25s  ...                1.74         0.04
1   2026-01-23 14:31:14       0m 25s  ...                4.36         0.11
2   2026-01-23 14:31:40       0m 26s  ...                0.85         0.02
3   2026-01-23 14:32:06       0m 29s  ...               25.47         0.67
4   2026-01-23 14:32:36       0m 30s  ...               37.39         0.99
..                  ...          ...  ...                 ...          ...
56  2026-01-23 14:57:39       0m 30s  ...               34.44         0.83
57  2026-01-23 14:58:10       0m 26s  ...                4.27         0.10
58  2026-01-23 14:58:36       0m 27s  ...                8.31         0.19
59  2026-01-23 14:59:04       0m 40s  ...               86.63         2.58
60  2026-01-23 14:59:44       0m 26s  ...                0.61         0.02

[61 rows x 24 columns]
              timestamp time_elapsed  ... severity_rate_patch Gradient_sr2
0   2026-01-23 14:30:48       0m 25s  ...                1.74         0.04
1   2026-01-23 14:31:14       0m 25s  ...                4.36         0.11
2   2026-01-23 14:31:40       0m 26s  ...                0.85         0.02
3   2026-01-23 14:32:06       0m 29s  ...               25.47         0.67
4   2026-01-23 14:32:36       0m 30s  ...               37.39         0.99
..                  ...          ...  ...                 ...          ...
57  2026-01-23 14:58:10       0m 26s  ...                4.27         0.10
58  2026-01-23 14:58:36       0m 27s  ...                8.31         0.19
59  2026-01-23 14:59:04       0m 40s  ...               86.63         2.58
60  2026-01-23 14:59:44       0m 26s  ...                0.61         0.02
61  2026-01-23 15:00:11       0m 30s  ...               28.01         0.73

[62 rows x 24 columns]
              timestamp time_elapsed  ... severity_rate_patch Gradient_sr2
0   2026-01-23 14:30:48       0m 25s  ...                1.74         0.04
1   2026-01-23 14:31:14       0m 25s  ...                4.36         0.11
2   2026-01-23 14:31:40       0m 26s  ...                0.85         0.02
3   2026-01-23 14:32:06       0m 29s  ...               25.47         0.67
4   2026-01-23 14:32:36       0m 30s  ...               37.39         0.99
..                  ...          ...  ...                 ...          ...
58  2026-01-23 14:58:36       0m 27s  ...                8.31         0.19
59  2026-01-23 14:59:04       0m 40s  ...               86.63         2.58
60  2026-01-23 14:59:44       0m 26s  ...                0.61         0.02
61  2026-01-23 15:00:11       0m 30s  ...               28.01         0.73
62  2026-01-23 15:00:41       0m 28s  ...               13.12         0.36

[63 rows x 24 columns]
[2026-01-23 15:05:40,335] - [root] - [INFO] - Analysis finished: 0m 26s
[2026-01-23 15:05:40,335] - [root] - [INFO] - -------------------------------------------
[2026-01-23 15:05:40,335] - [root] - [INFO] - -------------------------------------------
[2026-01-23 15:05:40,335] - [root] - [INFO] - Processing 1-22-2026 5dpi 174-W2021009-156_R2.png
[2026-01-23 15:05:56,591] - [root] - [INFO] - Finished loading mask: 0m 16s
[2026-01-23 15:06:05,213] - [root] - [INFO] - Finished crop and inference: 0m 24s
[2026-01-23 15:06:06,771] - [root] - [INFO] - Analysis finished: 0m 26s
[2026-01-23 15:06:06,771] - [root] - [INFO] - -------------------------------------------
[2026-01-23 15:06:06,771] - [root] - [INFO] - -------------------------------------------
[2026-01-23 15:06:06,771] - [root] - [INFO] - Processing 1-22-2026 5dpi 176-W2021009-256_R2.png
[2026-01-23 15:06:22,906] - [root] - [INFO] - Finished loading mask: 0m 16s
[2026-01-23 15:06:28,907] - [root] - [INFO] - Finished crop and inference: 0m 22s
[2026-01-23 15:06:30,408] - [root] - [INFO] - Analysis finished: 0m 23s
[2026-01-23 15:06:30,408] - [root] - [INFO] - -------------------------------------------
[2026-01-23 15:06:30,409] - [root] - [INFO] - -------------------------------------------
[2026-01-23 15:06:30,409] - [root] - [INFO] - Processing 1-22-2026 5dpi 177-W2021009-194_R1.png
[2026-01-23 15:06:47,377] - [root] - [INFO] - Finished loading mask: 0m 16s
[2026-01-23 15:06:56,565] - [root] - [INFO] - Finished crop and inference: 0m 26s
[2026-01-23 15:06:58,080] - [root] - [INFO] - Analysis finished: 0m 27s
[2026-01-23 15:06:58,080] - [root] - [INFO] - -------------------------------------------
[2026-01-23 15:06:58,081] - [root] - [INFO] - -------------------------------------------
[2026-01-23 15:06:58,081] - [root] - [INFO] - Processing 1-22-2026 5dpi 180-W2021009-152_R1.png
[2026-01-23 15:07:14,871] - [root] - [INFO] - Finished loading mask: 0m 16s
[2026-01-23 15:07:24,423] - [root] - [INFO] - Finished crop and inference: 0m 26s
[2026-01-23 15:07:25,918] - [root] - [INFO] - Analysis finished: 0m 27s
[2026-01-23 15:07:25,918] - [root] - [INFO] - -------------------------------------------
[2026-01-23 15:07:25,919] - [root] - [INFO] - -------------------------------------------
[2026-01-23 15:07:25,919] - [root] - [INFO] - Processing 1-22-2026 5dpi 180-W2021011-476_R2.png
[2026-01-23 15:07:44,075] - [root] - [INFO] - Finished loading mask: 0m 18s
[2026-01-23 15:08:00,160] - [root] - [INFO] - Finished crop and inference: 0m 34s
[2026-01-23 15:08:01,638] - [root] - [INFO] - Analysis finished: 0m 35s
[2026-01-23 15:08:01,638] - [root] - [INFO] - -------------------------------------------
[2026-01-23 15:08:01,638] - [root] - [INFO] - -------------------------------------------
[2026-01-23 15:08:01,638] - [root] - [INFO] - Processing 1-22-2026 5dpi 182-W2021009-251_R1.png
[2026-01-23 15:08:18,659] - [root] - [INFO] - Finished loading mask: 0m 17s
[2026-01-23 15:08:27,903] - [root] - [INFO] - Finished crop and inference: 0m 26s
[2026-01-23 15:08:29,375] - [root] - [INFO] - Analysis finished: 0m 27s
[2026-01-23 15:08:29,376] - [root] - [INFO] - -------------------------------------------
[2026-01-23 15:08:29,376] - [root] - [INFO] - -------------------------------------------
[2026-01-23 15:08:29,376] - [root] - [INFO] - Processing 1-22-2026 5dpi 183-W2021009-295_R1.png
[2026-01-23 15:08:46,076] - [root] - [INFO] - Finished loading mask: 0m 16s
[2026-01-23 15:08:53,882] - [root] - [INFO] - Finished crop and inference: 0m 24s
[2026-01-23 15:08:55,389] - [root] - [INFO] - Analysis finished: 0m 26s
[2026-01-23 15:08:55,389] - [root] - [INFO] - -------------------------------------------
[2026-01-23 15:08:55,389] - [root] - [INFO] - -------------------------------------------
[2026-01-23 15:08:55,389] - [root] - [INFO] - Processing 1-22-2026 5dpi 185-W2021009-199_R1.png
[2026-01-23 15:09:12,238] - [root] - [INFO] - Finished loading mask: 0m 16s
[2026-01-23 15:09:21,189] - [root] - [INFO] - Finished crop and inference: 0m 25s
              timestamp time_elapsed  ... severity_rate_patch Gradient_sr2
0   2026-01-23 14:30:48       0m 25s  ...                1.74         0.04
1   2026-01-23 14:31:14       0m 25s  ...                4.36         0.11
2   2026-01-23 14:31:40       0m 26s  ...                0.85         0.02
3   2026-01-23 14:32:06       0m 29s  ...               25.47         0.67
4   2026-01-23 14:32:36       0m 30s  ...               37.39         0.99
..                  ...          ...  ...                 ...          ...
59  2026-01-23 14:59:04       0m 40s  ...               86.63         2.58
60  2026-01-23 14:59:44       0m 26s  ...                0.61         0.02
61  2026-01-23 15:00:11       0m 30s  ...               28.01         0.73
62  2026-01-23 15:00:41       0m 28s  ...               13.12         0.36
63  2026-01-23 15:01:10       0m 26s  ...                2.62         0.07

[64 rows x 24 columns]
              timestamp time_elapsed  ... severity_rate_patch Gradient_sr2
0   2026-01-23 14:30:48       0m 25s  ...                1.74         0.04
1   2026-01-23 14:31:14       0m 25s  ...                4.36         0.11
2   2026-01-23 14:31:40       0m 26s  ...                0.85         0.02
3   2026-01-23 14:32:06       0m 29s  ...               25.47         0.67
4   2026-01-23 14:32:36       0m 30s  ...               37.39         0.99
..                  ...          ...  ...                 ...          ...
60  2026-01-23 14:59:44       0m 26s  ...                0.61         0.02
61  2026-01-23 15:00:11       0m 30s  ...               28.01         0.73
62  2026-01-23 15:00:41       0m 28s  ...               13.12         0.36
63  2026-01-23 15:01:10       0m 26s  ...                2.62         0.07
64  2026-01-23 15:01:36       0m 27s  ...               10.00         0.27

[65 rows x 24 columns]
              timestamp time_elapsed  ... severity_rate_patch Gradient_sr2
0   2026-01-23 14:30:48       0m 25s  ...                1.74         0.04
1   2026-01-23 14:31:14       0m 25s  ...                4.36         0.11
2   2026-01-23 14:31:40       0m 26s  ...                0.85         0.02
3   2026-01-23 14:32:06       0m 29s  ...               25.47         0.67
4   2026-01-23 14:32:36       0m 30s  ...               37.39         0.99
..                  ...          ...  ...                 ...          ...
61  2026-01-23 15:00:11       0m 30s  ...               28.01         0.73
62  2026-01-23 15:00:41       0m 28s  ...               13.12         0.36
63  2026-01-23 15:01:10       0m 26s  ...                2.62         0.07
64  2026-01-23 15:01:36       0m 27s  ...               10.00         0.27
65  2026-01-23 15:02:04       0m 27s  ...                7.64         0.19

[66 rows x 24 columns]
              timestamp time_elapsed  ... severity_rate_patch Gradient_sr2
0   2026-01-23 14:30:48       0m 25s  ...                1.74         0.04
1   2026-01-23 14:31:14       0m 25s  ...                4.36         0.11
2   2026-01-23 14:31:40       0m 26s  ...                0.85         0.02
3   2026-01-23 14:32:06       0m 29s  ...               25.47         0.67
4   2026-01-23 14:32:36       0m 30s  ...               37.39         0.99
..                  ...          ...  ...                 ...          ...
62  2026-01-23 15:00:41       0m 28s  ...               13.12         0.36
63  2026-01-23 15:01:10       0m 26s  ...                2.62         0.07
64  2026-01-23 15:01:36       0m 27s  ...               10.00         0.27
65  2026-01-23 15:02:04       0m 27s  ...                7.64         0.19
66  2026-01-23 15:02:31       0m 33s  ...               53.88         1.51

[67 rows x 24 columns]
              timestamp time_elapsed  ... severity_rate_patch Gradient_sr2
0   2026-01-23 14:30:48       0m 25s  ...                1.74         0.04
1   2026-01-23 14:31:14       0m 25s  ...                4.36         0.11
2   2026-01-23 14:31:40       0m 26s  ...                0.85         0.02
3   2026-01-23 14:32:06       0m 29s  ...               25.47         0.67
4   2026-01-23 14:32:36       0m 30s  ...               37.39         0.99
..                  ...          ...  ...                 ...          ...
63  2026-01-23 15:01:10       0m 26s  ...                2.62         0.07
64  2026-01-23 15:01:36       0m 27s  ...               10.00         0.27
65  2026-01-23 15:02:04       0m 27s  ...                7.64         0.19
66  2026-01-23 15:02:31       0m 33s  ...               53.88         1.51
67  2026-01-23 15:03:05       0m 25s  ...                2.18         0.06

[68 rows x 24 columns]
              timestamp time_elapsed  ... severity_rate_patch Gradient_sr2
0   2026-01-23 14:30:48       0m 25s  ...                1.74         0.04
1   2026-01-23 14:31:14       0m 25s  ...                4.36         0.11
2   2026-01-23 14:31:40       0m 26s  ...                0.85         0.02
3   2026-01-23 14:32:06       0m 29s  ...               25.47         0.67
4   2026-01-23 14:32:36       0m 30s  ...               37.39         0.99
..                  ...          ...  ...                 ...          ...
64  2026-01-23 15:01:36       0m 27s  ...               10.00         0.27
65  2026-01-23 15:02:04       0m 27s  ...                7.64         0.19
66  2026-01-23 15:02:31       0m 33s  ...               53.88         1.51
67  2026-01-23 15:03:05       0m 25s  ...                2.18         0.06
68  2026-01-23 15:03:31       0m 40s  ...               84.74         2.55

[69 rows x 24 columns]
              timestamp time_elapsed  ... severity_rate_patch Gradient_sr2
0   2026-01-23 14:30:48       0m 25s  ...                1.74         0.04
1   2026-01-23 14:31:14       0m 25s  ...                4.36         0.11
2   2026-01-23 14:31:40       0m 26s  ...                0.85         0.02
3   2026-01-23 14:32:06       0m 29s  ...               25.47         0.67
4   2026-01-23 14:32:36       0m 30s  ...               37.39         0.99
..                  ...          ...  ...                 ...          ...
65  2026-01-23 15:02:04       0m 27s  ...                7.64         0.19
66  2026-01-23 15:02:31       0m 33s  ...               53.88         1.51
67  2026-01-23 15:03:05       0m 25s  ...                2.18         0.06
68  2026-01-23 15:03:31       0m 40s  ...               84.74         2.55
69  2026-01-23 15:04:11       0m 33s  ...               57.21         1.60

[70 rows x 24 columns]
              timestamp time_elapsed  ... severity_rate_patch Gradient_sr2
0   2026-01-23 14:30:48       0m 25s  ...                1.74         0.04
1   2026-01-23 14:31:14       0m 25s  ...                4.36         0.11
2   2026-01-23 14:31:40       0m 26s  ...                0.85         0.02
3   2026-01-23 14:32:06       0m 29s  ...               25.47         0.67
4   2026-01-23 14:32:36       0m 30s  ...               37.39         0.99
..                  ...          ...  ...                 ...          ...
66  2026-01-23 15:02:31       0m 33s  ...               53.88         1.51
67  2026-01-23 15:03:05       0m 25s  ...                2.18         0.06
68  2026-01-23 15:03:31       0m 40s  ...               84.74         2.55
69  2026-01-23 15:04:11       0m 33s  ...               57.21         1.60
70  2026-01-23 15:04:45       0m 28s  ...                8.76         0.24

[71 rows x 24 columns]
[2026-01-23 15:09:22,710] - [root] - [INFO] - Analysis finished: 0m 27s
[2026-01-23 15:09:22,710] - [root] - [INFO] - -------------------------------------------
[2026-01-23 15:09:22,710] - [root] - [INFO] - -------------------------------------------
[2026-01-23 15:09:22,710] - [root] - [INFO] - Processing 1-22-2026 5dpi 185-W2021009-291_R2.png
[2026-01-23 15:09:39,670] - [root] - [INFO] - Finished loading mask: 0m 16s
[2026-01-23 15:09:48,936] - [root] - [INFO] - Finished crop and inference: 0m 26s
[2026-01-23 15:09:50,423] - [root] - [INFO] - Analysis finished: 0m 27s
[2026-01-23 15:09:50,423] - [root] - [INFO] - -------------------------------------------
[2026-01-23 15:09:50,423] - [root] - [INFO] - -------------------------------------------
[2026-01-23 15:09:50,423] - [root] - [INFO] - Processing 1-22-2026 5dpi 187-W2021010-348_R2.png
[2026-01-23 15:10:08,229] - [root] - [INFO] - Finished loading mask: 0m 17s
[2026-01-23 15:10:25,181] - [root] - [INFO] - Finished crop and inference: 0m 34s
[2026-01-23 15:10:26,773] - [root] - [INFO] - Analysis finished: 0m 36s
[2026-01-23 15:10:26,773] - [root] - [INFO] - -------------------------------------------
[2026-01-23 15:10:26,773] - [root] - [INFO] - -------------------------------------------
[2026-01-23 15:10:26,773] - [root] - [INFO] - Processing 1-22-2026 5dpi 191-W2021010-426_R2.png
[2026-01-23 15:10:43,958] - [root] - [INFO] - Finished loading mask: 0m 17s
[2026-01-23 15:10:53,852] - [root] - [INFO] - Finished crop and inference: 0m 27s
[2026-01-23 15:10:55,410] - [root] - [INFO] - Analysis finished: 0m 28s
[2026-01-23 15:10:55,410] - [root] - [INFO] - -------------------------------------------
[2026-01-23 15:10:55,411] - [root] - [INFO] - -------------------------------------------
[2026-01-23 15:10:55,411] - [root] - [INFO] - Processing 1-22-2026 5dpi 191-W2021010-449_R1.png
[2026-01-23 15:11:12,865] - [root] - [INFO] - Finished loading mask: 0m 17s
[2026-01-23 15:11:24,048] - [root] - [INFO] - Finished crop and inference: 0m 28s
[2026-01-23 15:11:25,504] - [root] - [INFO] - Analysis finished: 0m 30s
[2026-01-23 15:11:25,504] - [root] - [INFO] - -------------------------------------------
[2026-01-23 15:11:25,504] - [root] - [INFO] - -------------------------------------------
[2026-01-23 15:11:25,504] - [root] - [INFO] - Processing 1-22-2026 5dpi 192-W2021006-005_R1.png
[2026-01-23 15:11:42,098] - [root] - [INFO] - Finished loading mask: 0m 16s
[2026-01-23 15:11:50,358] - [root] - [INFO] - Finished crop and inference: 0m 24s
[2026-01-23 15:11:51,884] - [root] - [INFO] - Analysis finished: 0m 26s
[2026-01-23 15:11:51,884] - [root] - [INFO] - -------------------------------------------
[2026-01-23 15:11:51,885] - [root] - [INFO] - -------------------------------------------
[2026-01-23 15:11:51,885] - [root] - [INFO] - Processing 1-22-2026 5dpi 206-W2021010-344_R1.png
[2026-01-23 15:12:08,848] - [root] - [INFO] - Finished loading mask: 0m 16s
[2026-01-23 15:12:17,028] - [root] - [INFO] - Finished crop and inference: 0m 25s
[2026-01-23 15:12:18,523] - [root] - [INFO] - Analysis finished: 0m 26s
[2026-01-23 15:12:18,523] - [root] - [INFO] - -------------------------------------------
[2026-01-23 15:12:18,523] - [root] - [INFO] - -------------------------------------------
[2026-01-23 15:12:18,523] - [root] - [INFO] - Processing 1-22-2026 5dpi 207-W2021009-287_R2.png
[2026-01-23 15:12:35,027] - [root] - [INFO] - Finished loading mask: 0m 16s
[2026-01-23 15:12:43,246] - [root] - [INFO] - Finished crop and inference: 0m 24s
[2026-01-23 15:12:44,732] - [root] - [INFO] - Analysis finished: 0m 26s
[2026-01-23 15:12:44,732] - [root] - [INFO] - -------------------------------------------
[2026-01-23 15:12:44,732] - [root] - [INFO] - -------------------------------------------
[2026-01-23 15:12:44,732] - [root] - [INFO] - Processing 1-22-2026 5dpi 208-W2021009-268_R2.png
[2026-01-23 15:13:01,787] - [root] - [INFO] - Finished loading mask: 0m 17s
[2026-01-23 15:13:13,615] - [root] - [INFO] - Finished crop and inference: 0m 28s
              timestamp time_elapsed  ... severity_rate_patch Gradient_sr2
0   2026-01-23 14:30:48       0m 25s  ...                1.74         0.04
1   2026-01-23 14:31:14       0m 25s  ...                4.36         0.11
2   2026-01-23 14:31:40       0m 26s  ...                0.85         0.02
3   2026-01-23 14:32:06       0m 29s  ...               25.47         0.67
4   2026-01-23 14:32:36       0m 30s  ...               37.39         0.99
..                  ...          ...  ...                 ...          ...
67  2026-01-23 15:03:05       0m 25s  ...                2.18         0.06
68  2026-01-23 15:03:31       0m 40s  ...               84.74         2.55
69  2026-01-23 15:04:11       0m 33s  ...               57.21         1.60
70  2026-01-23 15:04:45       0m 28s  ...                8.76         0.24
71  2026-01-23 15:05:13       0m 26s  ...                1.64         0.04

[72 rows x 24 columns]
              timestamp time_elapsed  ... severity_rate_patch Gradient_sr2
0   2026-01-23 14:30:48       0m 25s  ...                1.74         0.04
1   2026-01-23 14:31:14       0m 25s  ...                4.36         0.11
2   2026-01-23 14:31:40       0m 26s  ...                0.85         0.02
3   2026-01-23 14:32:06       0m 29s  ...               25.47         0.67
4   2026-01-23 14:32:36       0m 30s  ...               37.39         0.99
..                  ...          ...  ...                 ...          ...
68  2026-01-23 15:03:31       0m 40s  ...               84.74         2.55
69  2026-01-23 15:04:11       0m 33s  ...               57.21         1.60
70  2026-01-23 15:04:45       0m 28s  ...                8.76         0.24
71  2026-01-23 15:05:13       0m 26s  ...                1.64         0.04
72  2026-01-23 15:05:40       0m 26s  ...               15.38         0.37

[73 rows x 24 columns]
              timestamp time_elapsed  ... severity_rate_patch Gradient_sr2
0   2026-01-23 14:30:48       0m 25s  ...                1.74         0.04
1   2026-01-23 14:31:14       0m 25s  ...                4.36         0.11
2   2026-01-23 14:31:40       0m 26s  ...                0.85         0.02
3   2026-01-23 14:32:06       0m 29s  ...               25.47         0.67
4   2026-01-23 14:32:36       0m 30s  ...               37.39         0.99
..                  ...          ...  ...                 ...          ...
69  2026-01-23 15:04:11       0m 33s  ...               57.21         1.60
70  2026-01-23 15:04:45       0m 28s  ...                8.76         0.24
71  2026-01-23 15:05:13       0m 26s  ...                1.64         0.04
72  2026-01-23 15:05:40       0m 26s  ...               15.38         0.37
73  2026-01-23 15:06:06       0m 23s  ...                3.28         0.08

[74 rows x 24 columns]
              timestamp time_elapsed  ... severity_rate_patch Gradient_sr2
0   2026-01-23 14:30:48       0m 25s  ...                1.74         0.04
1   2026-01-23 14:31:14       0m 25s  ...                4.36         0.11
2   2026-01-23 14:31:40       0m 26s  ...                0.85         0.02
3   2026-01-23 14:32:06       0m 29s  ...               25.47         0.67
4   2026-01-23 14:32:36       0m 30s  ...               37.39         0.99
..                  ...          ...  ...                 ...          ...
70  2026-01-23 15:04:45       0m 28s  ...                8.76         0.24
71  2026-01-23 15:05:13       0m 26s  ...                1.64         0.04
72  2026-01-23 15:05:40       0m 26s  ...               15.38         0.37
73  2026-01-23 15:06:06       0m 23s  ...                3.28         0.08
74  2026-01-23 15:06:30       0m 27s  ...               13.43         0.36

[75 rows x 24 columns]
              timestamp time_elapsed  ... severity_rate_patch Gradient_sr2
0   2026-01-23 14:30:48       0m 25s  ...                1.74         0.04
1   2026-01-23 14:31:14       0m 25s  ...                4.36         0.11
2   2026-01-23 14:31:40       0m 26s  ...                0.85         0.02
3   2026-01-23 14:32:06       0m 29s  ...               25.47         0.67
4   2026-01-23 14:32:36       0m 30s  ...               37.39         0.99
..                  ...          ...  ...                 ...          ...
71  2026-01-23 15:05:13       0m 26s  ...                1.64         0.04
72  2026-01-23 15:05:40       0m 26s  ...               15.38         0.37
73  2026-01-23 15:06:06       0m 23s  ...                3.28         0.08
74  2026-01-23 15:06:30       0m 27s  ...               13.43         0.36
75  2026-01-23 15:06:58       0m 27s  ...               24.95         0.55

[76 rows x 24 columns]
              timestamp time_elapsed  ... severity_rate_patch Gradient_sr2
0   2026-01-23 14:30:48       0m 25s  ...                1.74         0.04
1   2026-01-23 14:31:14       0m 25s  ...                4.36         0.11
2   2026-01-23 14:31:40       0m 26s  ...                0.85         0.02
3   2026-01-23 14:32:06       0m 29s  ...               25.47         0.67
4   2026-01-23 14:32:36       0m 30s  ...               37.39         0.99
..                  ...          ...  ...                 ...          ...
72  2026-01-23 15:05:40       0m 26s  ...               15.38         0.37
73  2026-01-23 15:06:06       0m 23s  ...                3.28         0.08
74  2026-01-23 15:06:30       0m 27s  ...               13.43         0.36
75  2026-01-23 15:06:58       0m 27s  ...               24.95         0.55
76  2026-01-23 15:07:25       0m 35s  ...               79.18         2.11

[77 rows x 24 columns]
              timestamp time_elapsed  ... severity_rate_patch Gradient_sr2
0   2026-01-23 14:30:48       0m 25s  ...                1.74         0.04
1   2026-01-23 14:31:14       0m 25s  ...                4.36         0.11
2   2026-01-23 14:31:40       0m 26s  ...                0.85         0.02
3   2026-01-23 14:32:06       0m 29s  ...               25.47         0.67
4   2026-01-23 14:32:36       0m 30s  ...               37.39         0.99
..                  ...          ...  ...                 ...          ...
73  2026-01-23 15:06:06       0m 23s  ...                3.28         0.08
74  2026-01-23 15:06:30       0m 27s  ...               13.43         0.36
75  2026-01-23 15:06:58       0m 27s  ...               24.95         0.55
76  2026-01-23 15:07:25       0m 35s  ...               79.18         2.11
77  2026-01-23 15:08:01       0m 27s  ...                4.96         0.12

[78 rows x 24 columns]
              timestamp time_elapsed  ... severity_rate_patch Gradient_sr2
0   2026-01-23 14:30:48       0m 25s  ...                1.74         0.04
1   2026-01-23 14:31:14       0m 25s  ...                4.36         0.11
2   2026-01-23 14:31:40       0m 26s  ...                0.85         0.02
3   2026-01-23 14:32:06       0m 29s  ...               25.47         0.67
4   2026-01-23 14:32:36       0m 30s  ...               37.39         0.99
..                  ...          ...  ...                 ...          ...
74  2026-01-23 15:06:30       0m 27s  ...               13.43         0.36
75  2026-01-23 15:06:58       0m 27s  ...               24.95         0.55
76  2026-01-23 15:07:25       0m 35s  ...               79.18         2.11
77  2026-01-23 15:08:01       0m 27s  ...                4.96         0.12
78  2026-01-23 15:08:29       0m 25s  ...                6.35         0.16

[79 rows x 24 columns]
[2026-01-23 15:13:15,107] - [root] - [INFO] - Analysis finished: 0m 30s
[2026-01-23 15:13:15,107] - [root] - [INFO] - -------------------------------------------
[2026-01-23 15:13:15,107] - [root] - [INFO] - -------------------------------------------
[2026-01-23 15:13:15,107] - [root] - [INFO] - Processing 1-22-2026 5dpi 209-W2021010-439_R2.png
[2026-01-23 15:13:32,590] - [root] - [INFO] - Finished loading mask: 0m 17s
[2026-01-23 15:13:45,839] - [root] - [INFO] - Finished crop and inference: 0m 30s
[2026-01-23 15:13:47,374] - [root] - [INFO] - Analysis finished: 0m 32s
[2026-01-23 15:13:47,375] - [root] - [INFO] - -------------------------------------------
[2026-01-23 15:13:47,375] - [root] - [INFO] - -------------------------------------------
[2026-01-23 15:13:47,375] - [root] - [INFO] - Processing 1-22-2026 5dpi 211-W2021011-598_R2.png
[2026-01-23 15:14:04,540] - [root] - [INFO] - Finished loading mask: 0m 17s
[2026-01-23 15:14:14,979] - [root] - [INFO] - Finished crop and inference: 0m 27s
[2026-01-23 15:14:16,447] - [root] - [INFO] - Analysis finished: 0m 29s
[2026-01-23 15:14:16,447] - [root] - [INFO] - -------------------------------------------
[2026-01-23 15:14:16,447] - [root] - [INFO] - -------------------------------------------
[2026-01-23 15:14:16,447] - [root] - [INFO] - Processing 1-22-2026 5dpi 215-W2021006-045_R2.png
[2026-01-23 15:14:33,299] - [root] - [INFO] - Finished loading mask: 0m 16s
[2026-01-23 15:14:42,035] - [root] - [INFO] - Finished crop and inference: 0m 25s
[2026-01-23 15:14:43,558] - [root] - [INFO] - Analysis finished: 0m 27s
[2026-01-23 15:14:43,559] - [root] - [INFO] - -------------------------------------------
[2026-01-23 15:14:43,559] - [root] - [INFO] - -------------------------------------------
[2026-01-23 15:14:43,559] - [root] - [INFO] - Processing 1-22-2026 5dpi 223-W2021010-442_R2.png
[2026-01-23 15:15:01,095] - [root] - [INFO] - Finished loading mask: 0m 17s
[2026-01-23 15:15:13,716] - [root] - [INFO] - Finished crop and inference: 0m 30s
[2026-01-23 15:15:15,212] - [root] - [INFO] - Analysis finished: 0m 31s
[2026-01-23 15:15:15,213] - [root] - [INFO] - -------------------------------------------
[2026-01-23 15:15:15,213] - [root] - [INFO] - -------------------------------------------
[2026-01-23 15:15:15,213] - [root] - [INFO] - Processing 1-22-2026 5dpi 226-W2021010-435_R1.png
[2026-01-23 15:15:32,205] - [root] - [INFO] - Finished loading mask: 0m 16s
[2026-01-23 15:15:41,336] - [root] - [INFO] - Finished crop and inference: 0m 26s
[2026-01-23 15:15:42,864] - [root] - [INFO] - Analysis finished: 0m 27s
[2026-01-23 15:15:42,864] - [root] - [INFO] - -------------------------------------------
[2026-01-23 15:15:42,864] - [root] - [INFO] - -------------------------------------------
[2026-01-23 15:15:42,864] - [root] - [INFO] - Processing 1-22-2026 5dpi 230-W2021010-373_R2.png
[2026-01-23 15:16:01,052] - [root] - [INFO] - Finished loading mask: 0m 18s
[2026-01-23 15:16:22,573] - [root] - [INFO] - Finished crop and inference: 0m 39s
[2026-01-23 15:16:24,220] - [root] - [INFO] - Analysis finished: 0m 41s
[2026-01-23 15:16:24,221] - [root] - [INFO] - -------------------------------------------
[2026-01-23 15:16:24,221] - [root] - [INFO] - -------------------------------------------
[2026-01-23 15:16:24,221] - [root] - [INFO] - Processing 1-22-2026 5dpi 233-W2021009-215_R2.png
[2026-01-23 15:16:41,051] - [root] - [INFO] - Finished loading mask: 0m 16s
[2026-01-23 15:16:51,256] - [root] - [INFO] - Finished crop and inference: 0m 27s
[2026-01-23 15:16:52,853] - [root] - [INFO] - Analysis finished: 0m 28s
[2026-01-23 15:16:52,854] - [root] - [INFO] - -------------------------------------------
[2026-01-23 15:16:52,854] - [root] - [INFO] - -------------------------------------------
[2026-01-23 15:16:52,854] - [root] - [INFO] - Processing 1-22-2026 5dpi 240-Symphony_R2.png
[2026-01-23 15:17:11,128] - [root] - [INFO] - Finished loading mask: 0m 18s
[2026-01-23 15:17:30,391] - [root] - [INFO] - Finished crop and inference: 0m 37s
              timestamp time_elapsed  ... severity_rate_patch Gradient_sr2
0   2026-01-23 14:30:48       0m 25s  ...                1.74         0.04
1   2026-01-23 14:31:14       0m 25s  ...                4.36         0.11
2   2026-01-23 14:31:40       0m 26s  ...                0.85         0.02
3   2026-01-23 14:32:06       0m 29s  ...               25.47         0.67
4   2026-01-23 14:32:36       0m 30s  ...               37.39         0.99
..                  ...          ...  ...                 ...          ...
75  2026-01-23 15:06:58       0m 27s  ...               24.95         0.55
76  2026-01-23 15:07:25       0m 35s  ...               79.18         2.11
77  2026-01-23 15:08:01       0m 27s  ...                4.96         0.12
78  2026-01-23 15:08:29       0m 25s  ...                6.35         0.16
79  2026-01-23 15:08:55       0m 27s  ...               13.00         0.28

[80 rows x 24 columns]
              timestamp time_elapsed  ... severity_rate_patch Gradient_sr2
0   2026-01-23 14:30:48       0m 25s  ...                1.74         0.04
1   2026-01-23 14:31:14       0m 25s  ...                4.36         0.11
2   2026-01-23 14:31:40       0m 26s  ...                0.85         0.02
3   2026-01-23 14:32:06       0m 29s  ...               25.47         0.67
4   2026-01-23 14:32:36       0m 30s  ...               37.39         0.99
..                  ...          ...  ...                 ...          ...
76  2026-01-23 15:07:25       0m 35s  ...               79.18         2.11
77  2026-01-23 15:08:01       0m 27s  ...                4.96         0.12
78  2026-01-23 15:08:29       0m 25s  ...                6.35         0.16
79  2026-01-23 15:08:55       0m 27s  ...               13.00         0.28
80  2026-01-23 15:09:22       0m 27s  ...                5.94         0.15

[81 rows x 24 columns]
              timestamp time_elapsed  ... severity_rate_patch Gradient_sr2
0   2026-01-23 14:30:48       0m 25s  ...                1.74         0.04
1   2026-01-23 14:31:14       0m 25s  ...                4.36         0.11
2   2026-01-23 14:31:40       0m 26s  ...                0.85         0.02
3   2026-01-23 14:32:06       0m 29s  ...               25.47         0.67
4   2026-01-23 14:32:36       0m 30s  ...               37.39         0.99
..                  ...          ...  ...                 ...          ...
77  2026-01-23 15:08:01       0m 27s  ...                4.96         0.12
78  2026-01-23 15:08:29       0m 25s  ...                6.35         0.16
79  2026-01-23 15:08:55       0m 27s  ...               13.00         0.28
80  2026-01-23 15:09:22       0m 27s  ...                5.94         0.15
81  2026-01-23 15:09:50       0m 36s  ...               85.45         2.49

[82 rows x 24 columns]
              timestamp time_elapsed  ... severity_rate_patch Gradient_sr2
0   2026-01-23 14:30:48       0m 25s  ...                1.74         0.04
1   2026-01-23 14:31:14       0m 25s  ...                4.36         0.11
2   2026-01-23 14:31:40       0m 26s  ...                0.85         0.02
3   2026-01-23 14:32:06       0m 29s  ...               25.47         0.67
4   2026-01-23 14:32:36       0m 30s  ...               37.39         0.99
..                  ...          ...  ...                 ...          ...
78  2026-01-23 15:08:29       0m 25s  ...                6.35         0.16
79  2026-01-23 15:08:55       0m 27s  ...               13.00         0.28
80  2026-01-23 15:09:22       0m 27s  ...                5.94         0.15
81  2026-01-23 15:09:50       0m 36s  ...               85.45         2.49
82  2026-01-23 15:10:26       0m 28s  ...                9.54         0.25

[83 rows x 24 columns]
              timestamp time_elapsed  ... severity_rate_patch Gradient_sr2
0   2026-01-23 14:30:48       0m 25s  ...                1.74         0.04
1   2026-01-23 14:31:14       0m 25s  ...                4.36         0.11
2   2026-01-23 14:31:40       0m 26s  ...                0.85         0.02
3   2026-01-23 14:32:06       0m 29s  ...               25.47         0.67
4   2026-01-23 14:32:36       0m 30s  ...               37.39         0.99
..                  ...          ...  ...                 ...          ...
79  2026-01-23 15:08:55       0m 27s  ...               13.00         0.28
80  2026-01-23 15:09:22       0m 27s  ...                5.94         0.15
81  2026-01-23 15:09:50       0m 36s  ...               85.45         2.49
82  2026-01-23 15:10:26       0m 28s  ...                9.54         0.25
83  2026-01-23 15:10:55       0m 30s  ...               23.32         0.63

[84 rows x 24 columns]
              timestamp time_elapsed  ... severity_rate_patch Gradient_sr2
0   2026-01-23 14:30:48       0m 25s  ...                1.74         0.04
1   2026-01-23 14:31:14       0m 25s  ...                4.36         0.11
2   2026-01-23 14:31:40       0m 26s  ...                0.85         0.02
3   2026-01-23 14:32:06       0m 29s  ...               25.47         0.67
4   2026-01-23 14:32:36       0m 30s  ...               37.39         0.99
..                  ...          ...  ...                 ...          ...
80  2026-01-23 15:09:22       0m 27s  ...                5.94         0.15
81  2026-01-23 15:09:50       0m 36s  ...               85.45         2.49
82  2026-01-23 15:10:26       0m 28s  ...                9.54         0.25
83  2026-01-23 15:10:55       0m 30s  ...               23.32         0.63
84  2026-01-23 15:11:25       0m 26s  ...                7.13         0.16

[85 rows x 24 columns]
              timestamp time_elapsed  ... severity_rate_patch Gradient_sr2
0   2026-01-23 14:30:48       0m 25s  ...                1.74         0.04
1   2026-01-23 14:31:14       0m 25s  ...                4.36         0.11
2   2026-01-23 14:31:40       0m 26s  ...                0.85         0.02
3   2026-01-23 14:32:06       0m 29s  ...               25.47         0.67
4   2026-01-23 14:32:36       0m 30s  ...               37.39         0.99
..                  ...          ...  ...                 ...          ...
81  2026-01-23 15:09:50       0m 36s  ...               85.45         2.49
82  2026-01-23 15:10:26       0m 28s  ...                9.54         0.25
83  2026-01-23 15:10:55       0m 30s  ...               23.32         0.63
84  2026-01-23 15:11:25       0m 26s  ...                7.13         0.16
85  2026-01-23 15:11:51       0m 26s  ...                6.06         0.16

[86 rows x 24 columns]
              timestamp time_elapsed  ... severity_rate_patch Gradient_sr2
0   2026-01-23 14:30:48       0m 25s  ...                1.74         0.04
1   2026-01-23 14:31:14       0m 25s  ...                4.36         0.11
2   2026-01-23 14:31:40       0m 26s  ...                0.85         0.02
3   2026-01-23 14:32:06       0m 29s  ...               25.47         0.67
4   2026-01-23 14:32:36       0m 30s  ...               37.39         0.99
..                  ...          ...  ...                 ...          ...
82  2026-01-23 15:10:26       0m 28s  ...                9.54         0.25
83  2026-01-23 15:10:55       0m 30s  ...               23.32         0.63
84  2026-01-23 15:11:25       0m 26s  ...                7.13         0.16
85  2026-01-23 15:11:51       0m 26s  ...                6.06         0.16
86  2026-01-23 15:12:18       0m 26s  ...                1.20         0.03

[87 rows x 24 columns]
[2026-01-23 15:17:32,015] - [root] - [INFO] - Analysis finished: 0m 39s
[2026-01-23 15:17:32,015] - [root] - [INFO] - -------------------------------------------
[2026-01-23 15:17:32,015] - [root] - [INFO] - -------------------------------------------
[2026-01-23 15:17:32,015] - [root] - [INFO] - Processing 1-22-2026 5dpi 254-W2021010-352_R2.png
[2026-01-23 15:17:48,326] - [root] - [INFO] - Finished loading mask: 0m 16s
[2026-01-23 15:17:55,199] - [root] - [INFO] - Finished crop and inference: 0m 23s
[2026-01-23 15:17:56,758] - [root] - [INFO] - Analysis finished: 0m 24s
[2026-01-23 15:17:56,758] - [root] - [INFO] - -------------------------------------------
[2026-01-23 15:17:56,758] - [root] - [INFO] - -------------------------------------------
[2026-01-23 15:17:56,758] - [root] - [INFO] - Processing 1-22-2026 5dpi 266-W2021009-193_R1.png
[2026-01-23 15:18:13,485] - [root] - [INFO] - Finished loading mask: 0m 16s
[2026-01-23 15:18:21,901] - [root] - [INFO] - Finished crop and inference: 0m 25s
[2026-01-23 15:18:23,482] - [root] - [INFO] - Analysis finished: 0m 26s
[2026-01-23 15:18:23,482] - [root] - [INFO] - -------------------------------------------
[2026-01-23 15:18:23,482] - [root] - [INFO] - -------------------------------------------
[2026-01-23 15:18:23,482] - [root] - [INFO] - Processing 1-22-2026 5dpi 313-W2021010-343_R1.png
[2026-01-23 15:18:39,797] - [root] - [INFO] - Finished loading mask: 0m 16s
[2026-01-23 15:18:47,619] - [root] - [INFO] - Finished crop and inference: 0m 24s
[2026-01-23 15:18:49,181] - [root] - [INFO] - Analysis finished: 0m 25s
[2026-01-23 15:18:49,181] - [root] - [INFO] - -------------------------------------------
[2026-01-23 15:18:49,181] - [root] - [INFO] - -------------------------------------------
[2026-01-23 15:18:49,181] - [root] - [INFO] - Processing 1-22-2026 5dpi 336-W2021011-506_R2.png
[2026-01-23 15:19:06,390] - [root] - [INFO] - Finished loading mask: 0m 17s
[2026-01-23 15:19:20,561] - [root] - [INFO] - Finished crop and inference: 0m 31s
[2026-01-23 15:19:21,941] - [root] - [INFO] - Analysis finished: 0m 32s
[2026-01-23 15:19:21,942] - [root] - [INFO] - -------------------------------------------
[2026-01-23 15:19:21,956] - [root] - [INFO] - Saved C:\Users\Intel User\Desktop\blackbird_scripts\data\Results\ResNet_upth0.6_downth0.1_Jan22_10-21-00_2026\1-22-2026\th_0.7\severity_rate_tray_5dpi.csv
              timestamp time_elapsed  ... severity_rate_patch Gradient_sr2
0   2026-01-23 14:30:48       0m 25s  ...                1.74         0.04
1   2026-01-23 14:31:14       0m 25s  ...                4.36         0.11
2   2026-01-23 14:31:40       0m 26s  ...                0.85         0.02
3   2026-01-23 14:32:06       0m 29s  ...               25.47         0.67
4   2026-01-23 14:32:36       0m 30s  ...               37.39         0.99
..                  ...          ...  ...                 ...          ...
83  2026-01-23 15:10:55       0m 30s  ...               23.32         0.63
84  2026-01-23 15:11:25       0m 26s  ...                7.13         0.16
85  2026-01-23 15:11:51       0m 26s  ...                6.06         0.16
86  2026-01-23 15:12:18       0m 26s  ...                1.20         0.03
87  2026-01-23 15:12:44       0m 30s  ...               31.65         0.76

[88 rows x 24 columns]
              timestamp time_elapsed  ... severity_rate_patch Gradient_sr2
0   2026-01-23 14:30:48       0m 25s  ...                1.74         0.04
1   2026-01-23 14:31:14       0m 25s  ...                4.36         0.11
2   2026-01-23 14:31:40       0m 26s  ...                0.85         0.02
3   2026-01-23 14:32:06       0m 29s  ...               25.47         0.67
4   2026-01-23 14:32:36       0m 30s  ...               37.39         0.99
..                  ...          ...  ...                 ...          ...
84  2026-01-23 15:11:25       0m 26s  ...                7.13         0.16
85  2026-01-23 15:11:51       0m 26s  ...                6.06         0.16
86  2026-01-23 15:12:18       0m 26s  ...                1.20         0.03
87  2026-01-23 15:12:44       0m 30s  ...               31.65         0.76
88  2026-01-23 15:13:15       0m 32s  ...               42.68         1.19

[89 rows x 24 columns]
              timestamp time_elapsed  ... severity_rate_patch Gradient_sr2
0   2026-01-23 14:30:48       0m 25s  ...                1.74         0.04
1   2026-01-23 14:31:14       0m 25s  ...                4.36         0.11
2   2026-01-23 14:31:40       0m 26s  ...                0.85         0.02
3   2026-01-23 14:32:06       0m 29s  ...               25.47         0.67
4   2026-01-23 14:32:36       0m 30s  ...               37.39         0.99
..                  ...          ...  ...                 ...          ...
85  2026-01-23 15:11:51       0m 26s  ...                6.06         0.16
86  2026-01-23 15:12:18       0m 26s  ...                1.20         0.03
87  2026-01-23 15:12:44       0m 30s  ...               31.65         0.76
88  2026-01-23 15:13:15       0m 32s  ...               42.68         1.19
89  2026-01-23 15:13:47       0m 29s  ...               14.13         0.40

[90 rows x 24 columns]
              timestamp time_elapsed  ... severity_rate_patch Gradient_sr2
0   2026-01-23 14:30:48       0m 25s  ...                1.74         0.04
1   2026-01-23 14:31:14       0m 25s  ...                4.36         0.11
2   2026-01-23 14:31:40       0m 26s  ...                0.85         0.02
3   2026-01-23 14:32:06       0m 29s  ...               25.47         0.67
4   2026-01-23 14:32:36       0m 30s  ...               37.39         0.99
..                  ...          ...  ...                 ...          ...
86  2026-01-23 15:12:18       0m 26s  ...                1.20         0.03
87  2026-01-23 15:12:44       0m 30s  ...               31.65         0.76
88  2026-01-23 15:13:15       0m 32s  ...               42.68         1.19
89  2026-01-23 15:13:47       0m 29s  ...               14.13         0.40
90  2026-01-23 15:14:16       0m 27s  ...               11.52         0.30

[91 rows x 24 columns]
              timestamp time_elapsed  ... severity_rate_patch Gradient_sr2
0   2026-01-23 14:30:48       0m 25s  ...                1.74         0.04
1   2026-01-23 14:31:14       0m 25s  ...                4.36         0.11
2   2026-01-23 14:31:40       0m 26s  ...                0.85         0.02
3   2026-01-23 14:32:06       0m 29s  ...               25.47         0.67
4   2026-01-23 14:32:36       0m 30s  ...               37.39         0.99
..                  ...          ...  ...                 ...          ...
87  2026-01-23 15:12:44       0m 30s  ...               31.65         0.76
88  2026-01-23 15:13:15       0m 32s  ...               42.68         1.19
89  2026-01-23 15:13:47       0m 29s  ...               14.13         0.40
90  2026-01-23 15:14:16       0m 27s  ...               11.52         0.30
91  2026-01-23 15:14:43       0m 31s  ...               45.04         1.15

[92 rows x 24 columns]
              timestamp time_elapsed  ... severity_rate_patch Gradient_sr2
0   2026-01-23 14:30:48       0m 25s  ...                1.74         0.04
1   2026-01-23 14:31:14       0m 25s  ...                4.36         0.11
2   2026-01-23 14:31:40       0m 26s  ...                0.85         0.02
3   2026-01-23 14:32:06       0m 29s  ...               25.47         0.67
4   2026-01-23 14:32:36       0m 30s  ...               37.39         0.99
..                  ...          ...  ...                 ...          ...
88  2026-01-23 15:13:15       0m 32s  ...               42.68         1.19
89  2026-01-23 15:13:47       0m 29s  ...               14.13         0.40
90  2026-01-23 15:14:16       0m 27s  ...               11.52         0.30
91  2026-01-23 15:14:43       0m 31s  ...               45.04         1.15
92  2026-01-23 15:15:15       0m 27s  ...               13.53         0.35

[93 rows x 24 columns]
              timestamp time_elapsed  ... severity_rate_patch Gradient_sr2
0   2026-01-23 14:30:48       0m 25s  ...                1.74         0.04
1   2026-01-23 14:31:14       0m 25s  ...                4.36         0.11
2   2026-01-23 14:31:40       0m 26s  ...                0.85         0.02
3   2026-01-23 14:32:06       0m 29s  ...               25.47         0.67
4   2026-01-23 14:32:36       0m 30s  ...               37.39         0.99
..                  ...          ...  ...                 ...          ...
89  2026-01-23 15:13:47       0m 29s  ...               14.13         0.40
90  2026-01-23 15:14:16       0m 27s  ...               11.52         0.30
91  2026-01-23 15:14:43       0m 31s  ...               45.04         1.15
92  2026-01-23 15:15:15       0m 27s  ...               13.53         0.35
93  2026-01-23 15:15:42       0m 41s  ...               98.85         3.19

[94 rows x 24 columns]
              timestamp time_elapsed  ... severity_rate_patch Gradient_sr2
0   2026-01-23 14:30:48       0m 25s  ...                1.74         0.04
1   2026-01-23 14:31:14       0m 25s  ...                4.36         0.11
2   2026-01-23 14:31:40       0m 26s  ...                0.85         0.02
3   2026-01-23 14:32:06       0m 29s  ...               25.47         0.67
4   2026-01-23 14:32:36       0m 30s  ...               37.39         0.99
..                  ...          ...  ...                 ...          ...
90  2026-01-23 15:14:16       0m 27s  ...               11.52         0.30
91  2026-01-23 15:14:43       0m 31s  ...               45.04         1.15
92  2026-01-23 15:15:15       0m 27s  ...               13.53         0.35
93  2026-01-23 15:15:42       0m 41s  ...               98.85         3.19
94  2026-01-23 15:16:24       0m 28s  ...               17.16         0.48

[95 rows x 24 columns]
              timestamp time_elapsed  ... severity_rate_patch Gradient_sr2
0   2026-01-23 14:30:48       0m 25s  ...                1.74         0.04
1   2026-01-23 14:31:14       0m 25s  ...                4.36         0.11
2   2026-01-23 14:31:40       0m 26s  ...                0.85         0.02
3   2026-01-23 14:32:06       0m 29s  ...               25.47         0.67
4   2026-01-23 14:32:36       0m 30s  ...               37.39         0.99
..                  ...          ...  ...                 ...          ...
91  2026-01-23 15:14:43       0m 31s  ...               45.04         1.15
92  2026-01-23 15:15:15       0m 27s  ...               13.53         0.35
93  2026-01-23 15:15:42       0m 41s  ...               98.85         3.19
94  2026-01-23 15:16:24       0m 28s  ...               17.16         0.48
95  2026-01-23 15:16:52       0m 39s  ...               83.68         2.54

[96 rows x 24 columns]
              timestamp time_elapsed  ... severity_rate_patch Gradient_sr2
0   2026-01-23 14:30:48       0m 25s  ...                1.74         0.04
1   2026-01-23 14:31:14       0m 25s  ...                4.36         0.11
2   2026-01-23 14:31:40       0m 26s  ...                0.85         0.02
3   2026-01-23 14:32:06       0m 29s  ...               25.47         0.67
4   2026-01-23 14:32:36       0m 30s  ...               37.39         0.99
..                  ...          ...  ...                 ...          ...
92  2026-01-23 15:15:15       0m 27s  ...               13.53         0.35
93  2026-01-23 15:15:42       0m 41s  ...               98.85         3.19
94  2026-01-23 15:16:24       0m 28s  ...               17.16         0.48
95  2026-01-23 15:16:52       0m 39s  ...               83.68         2.54
96  2026-01-23 15:17:32       0m 24s  ...                2.20         0.06

[97 rows x 24 columns]
              timestamp time_elapsed  ... severity_rate_patch Gradient_sr2
0   2026-01-23 14:30:48       0m 25s  ...                1.74         0.04
1   2026-01-23 14:31:14       0m 25s  ...                4.36         0.11
2   2026-01-23 14:31:40       0m 26s  ...                0.85         0.02
3   2026-01-23 14:32:06       0m 29s  ...               25.47         0.67
4   2026-01-23 14:32:36       0m 30s  ...               37.39         0.99
..                  ...          ...  ...                 ...          ...
93  2026-01-23 15:15:42       0m 41s  ...               98.85         3.19
94  2026-01-23 15:16:24       0m 28s  ...               17.16         0.48
95  2026-01-23 15:16:52       0m 39s  ...               83.68         2.54
96  2026-01-23 15:17:32       0m 24s  ...                2.20         0.06
97  2026-01-23 15:17:56       0m 26s  ...               10.16         0.27

[98 rows x 24 columns]
              timestamp time_elapsed  ... severity_rate_patch Gradient_sr2
0   2026-01-23 14:30:48       0m 25s  ...                1.74         0.04
1   2026-01-23 14:31:14       0m 25s  ...                4.36         0.11
2   2026-01-23 14:31:40       0m 26s  ...                0.85         0.02
3   2026-01-23 14:32:06       0m 29s  ...               25.47         0.67
4   2026-01-23 14:32:36       0m 30s  ...               37.39         0.99
..                  ...          ...  ...                 ...          ...
94  2026-01-23 15:16:24       0m 28s  ...               17.16         0.48
95  2026-01-23 15:16:52       0m 39s  ...               83.68         2.54
96  2026-01-23 15:17:32       0m 24s  ...                2.20         0.06
97  2026-01-23 15:17:56       0m 26s  ...               10.16         0.27
98  2026-01-23 15:18:23       0m 25s  ...                4.23         0.11

[99 rows x 24 columns]
              timestamp time_elapsed  ... severity_rate_patch Gradient_sr2
0   2026-01-23 14:30:48       0m 25s  ...                1.74         0.04
1   2026-01-23 14:31:14       0m 25s  ...                4.36         0.11
2   2026-01-23 14:31:40       0m 26s  ...                0.85         0.02
3   2026-01-23 14:32:06       0m 29s  ...               25.47         0.67
4   2026-01-23 14:32:36       0m 30s  ...               37.39         0.99
..                  ...          ...  ...                 ...          ...
95  2026-01-23 15:16:52       0m 39s  ...               83.68         2.54
96  2026-01-23 15:17:32       0m 24s  ...                2.20         0.06
97  2026-01-23 15:17:56       0m 26s  ...               10.16         0.27
98  2026-01-23 15:18:23       0m 25s  ...                4.23         0.11
99  2026-01-23 15:18:49       0m 32s  ...               47.28         1.25

[100 rows x 24 columns]

real	48m39.459s
user	0m0.015s
sys	0m0.000s
