[2026-01-23 11:48:07,412] - [root] - [INFO] - leaf_correlation_mw.py
[2026-01-23 11:48:07,412] - [root] - [INFO] - model_type       : ResNet
[2026-01-23 11:48:07,412] - [root] - [INFO] - pretrained       : True
[2026-01-23 11:48:07,412] - [root] - [INFO] - loading_epoch    : 65
[2026-01-23 11:48:07,412] - [root] - [INFO] - timestamp        : Jan22_10-21-00_2026
[2026-01-23 11:48:07,412] - [root] - [INFO] - outdim           : 2
[2026-01-23 11:48:07,412] - [root] - [INFO] - dual_head        : True
[2026-01-23 11:48:07,412] - [root] - [INFO] - model_path       : ../..
[2026-01-23 11:48:07,412] - [root] - [INFO] - step_size        : 224
[2026-01-23 11:48:07,412] - [root] - [INFO] - means            : [0.541, 0.6371, 0.4188]
[2026-01-23 11:48:07,412] - [root] - [INFO] - stds             : [0.1764, 0.165, 0.2326]
[2026-01-23 11:48:07,412] - [root] - [INFO] - target_class     : 1
[2026-01-23 11:48:07,412] - [root] - [INFO] - contam_control   : False
[2026-01-23 11:48:07,412] - [root] - [INFO] - spor_th          : 0.6
[2026-01-23 11:48:07,412] - [root] - [INFO] - inf_gate         : 0.5
[2026-01-23 11:48:07,412] - [root] - [INFO] - pm               : HPM-1269
[2026-01-23 11:48:07,412] - [root] - [INFO] - mps              : False
[2026-01-23 11:48:07,412] - [root] - [INFO] - cuda             : True
[2026-01-23 11:48:07,412] - [root] - [INFO] - cuda_id          : 0
[2026-01-23 11:48:07,412] - [root] - [INFO] - sal_threshold    : 0.5
[2026-01-23 11:48:07,412] - [root] - [INFO] - up_threshold     : 0.6
[2026-01-23 11:48:07,412] - [root] - [INFO] - down_threshold   : 0.1
[2026-01-23 11:48:07,412] - [root] - [INFO] - dataset_path     : C:/Users/Intel User/Desktop/blackbird_scripts/data/human_disk_assessments
[2026-01-23 11:48:07,412] - [root] - [INFO] - img_folder       : 1-22-2026
[2026-01-23 11:48:07,412] - [root] - [INFO] - platform         : BlackBird
[2026-01-23 11:48:07,412] - [root] - [INFO] - threshold        : ['0.7']
[2026-01-23 11:48:07,412] - [root] - [INFO] - log              : ../../results/logs/random.log
[2026-01-23 11:48:07,412] - [root] - [INFO] - dpi              : 5
[2026-01-23 11:48:07,412] - [root] - [INFO] - group            : baseline
[2026-01-23 11:48:07,412] - [root] - [INFO] - trays            : ['5dpi']
[2026-01-23 11:48:07,412] - [root] - [INFO] - sal_gradcam      : False
[2026-01-23 11:48:07,412] - [root] - [INFO] - sal_gradient     : True
[2026-01-23 11:48:07,412] - [root] - [INFO] - sal_smoothgrad   : False
[2026-01-23 11:48:07,412] - [root] - [INFO] - sal_deeplift     : False
[2026-01-23 11:48:07,412] - [root] - [INFO] - sal_thresh_method : fixed
[2026-01-23 11:48:07,412] - [root] - [INFO] - sal_thresh_p     : 95.0
[2026-01-23 11:48:08,604] - [root] - [INFO] - -------------------------------------------
[2026-01-23 11:48:08,604] - [root] - [INFO] - Processing 1-22-2026 5dpi 002-W2021006-081_R1.png
[2026-01-23 11:48:27,465] - [root] - [INFO] - Finished loading mask: 0m 18s
[2026-01-23 11:48:36,708] - [root] - [INFO] - Finished crop and inference: 0m 28s
[2026-01-23 11:48:38,121] - [root] - [INFO] - Analysis finished: 0m 29s
[2026-01-23 11:48:38,121] - [root] - [INFO] - -------------------------------------------
[2026-01-23 11:48:38,121] - [root] - [INFO] - -------------------------------------------
[2026-01-23 11:48:38,121] - [root] - [INFO] - Processing 1-22-2026 5dpi 002-W2021010-336_R2.png
[2026-01-23 11:48:57,948] - [root] - [INFO] - Finished loading mask: 0m 19s
[2026-01-23 11:49:06,800] - [root] - [INFO] - Finished crop and inference: 0m 28s
[2026-01-23 11:49:08,518] - [root] - [INFO] - Analysis finished: 0m 30s
[2026-01-23 11:49:08,518] - [root] - [INFO] - -------------------------------------------
[2026-01-23 11:49:08,518] - [root] - [INFO] - -------------------------------------------
[2026-01-23 11:49:08,518] - [root] - [INFO] - Processing 1-22-2026 5dpi 005-W2021011-592_R2.png
[2026-01-23 11:49:28,621] - [root] - [INFO] - Finished loading mask: 0m 20s
[2026-01-23 11:49:38,365] - [root] - [INFO] - Finished crop and inference: 0m 29s
[2026-01-23 11:49:40,083] - [root] - [INFO] - Analysis finished: 0m 31s
[2026-01-23 11:49:40,083] - [root] - [INFO] - -------------------------------------------
[2026-01-23 11:49:40,083] - [root] - [INFO] - -------------------------------------------
[2026-01-23 11:49:40,083] - [root] - [INFO] - Processing 1-22-2026 5dpi 009-W2021010-311_R2.png
[2026-01-23 11:50:00,410] - [root] - [INFO] - Finished loading mask: 0m 20s
[2026-01-23 11:50:12,863] - [root] - [INFO] - Finished crop and inference: 0m 32s
[2026-01-23 11:50:14,518] - [root] - [INFO] - Analysis finished: 0m 34s
[2026-01-23 11:50:14,518] - [root] - [INFO] - -------------------------------------------
[2026-01-23 11:50:14,518] - [root] - [INFO] - -------------------------------------------
[2026-01-23 11:50:14,518] - [root] - [INFO] - Processing 1-22-2026 5dpi 010-W2021010-347_R2.png
[2026-01-23 11:50:34,543] - [root] - [INFO] - Finished loading mask: 0m 20s
[2026-01-23 11:50:48,007] - [root] - [INFO] - Finished crop and inference: 0m 33s
[2026-01-23 11:50:49,800] - [root] - [INFO] - Analysis finished: 0m 35s
[2026-01-23 11:50:49,800] - [root] - [INFO] - -------------------------------------------
[2026-01-23 11:50:49,800] - [root] - [INFO] - -------------------------------------------
[2026-01-23 11:50:49,800] - [root] - [INFO] - Processing 1-22-2026 5dpi 013-W2021009-172_R2.png
[2026-01-23 11:51:09,559] - [root] - [INFO] - Finished loading mask: 0m 19s
[2026-01-23 11:51:18,528] - [root] - [INFO] - Finished crop and inference: 0m 28s
[2026-01-23 11:51:20,210] - [root] - [INFO] - Analysis finished: 0m 30s
[2026-01-23 11:51:20,210] - [root] - [INFO] - -------------------------------------------
[2026-01-23 11:51:20,210] - [root] - [INFO] - -------------------------------------------
[2026-01-23 11:51:20,210] - [root] - [INFO] - Processing 1-22-2026 5dpi 015-W2021009-160_R1.png
[2026-01-23 11:51:41,174] - [root] - [INFO] - Finished loading mask: 0m 20s
[2026-01-23 11:51:54,998] - [root] - [INFO] - Finished crop and inference: 0m 34s
[2026-01-23 11:51:56,783] - [root] - [INFO] - Analysis finished: 0m 36s
[2026-01-23 11:51:56,783] - [root] - [INFO] - -------------------------------------------
[2026-01-23 11:51:56,785] - [root] - [INFO] - -------------------------------------------
[2026-01-23 11:51:56,785] - [root] - [INFO] - Processing 1-22-2026 5dpi 015-W2021011-633_R1.png
[2026-01-23 11:52:17,910] - [root] - [INFO] - Finished loading mask: 0m 21s
[2026-01-23 11:52:30,566] - [root] - [INFO] - Finished crop and inference: 0m 33s
[2026-01-23 11:52:32,243] - [root] - [INFO] - Analysis finished: 0m 35s
[2026-01-23 11:52:32,243] - [root] - [INFO] - -------------------------------------------
[2026-01-23 11:52:32,243] - [root] - [INFO] - -------------------------------------------
[2026-01-23 11:52:32,243] - [root] - [INFO] - Processing 1-22-2026 5dpi 017-W2021006-612_R2.png
[2026-01-23 11:52:52,899] - [root] - [INFO] - Finished loading mask: 0m 20s
[2026-01-23 11:53:04,714] - [root] - [INFO] - Finished crop and inference: 0m 32s
[2026-01-23 11:53:06,365] - [root] - [INFO] - Analysis finished: 0m 34s
[2026-01-23 11:53:06,365] - [root] - [INFO] - -------------------------------------------
[2026-01-23 11:53:06,365] - [root] - [INFO] - -------------------------------------------
[2026-01-23 11:53:06,365] - [root] - [INFO] - Processing 1-22-2026 5dpi 019-W2021010-428_R2.png
[2026-01-23 11:53:26,791] - [root] - [INFO] - Finished loading mask: 0m 20s
[2026-01-23 11:53:35,378] - [root] - [INFO] - Finished crop and inference: 0m 29s
[2026-01-23 11:53:37,029] - [root] - [INFO] - Analysis finished: 0m 30s
[2026-01-23 11:53:37,029] - [root] - [INFO] - -------------------------------------------
[2026-01-23 11:53:37,029] - [root] - [INFO] - -------------------------------------------
[2026-01-23 11:53:37,029] - [root] - [INFO] - Processing 1-22-2026 5dpi 021-W2021009-175_R1.png
[2026-01-23 11:53:56,540] - [root] - [INFO] - Finished loading mask: 0m 19s
[2026-01-23 11:54:05,971] - [root] - [INFO] - Finished crop and inference: 0m 28s
[2026-01-23 11:54:07,627] - [root] - [INFO] - Analysis finished: 0m 30s
[2026-01-23 11:54:07,627] - [root] - [INFO] - -------------------------------------------
[2026-01-23 11:54:07,627] - [root] - [INFO] - -------------------------------------------
[2026-01-23 11:54:07,627] - [root] - [INFO] - Processing 1-22-2026 5dpi 022-W2021009-198_R2.png
[2026-01-23 11:54:27,553] - [root] - [INFO] - Finished loading mask: 0m 19s
[2026-01-23 11:54:39,297] - [root] - [INFO] - Finished crop and inference: 0m 31s
[2026-01-23 11:54:40,894] - [root] - [INFO] - Analysis finished: 0m 33s
[2026-01-23 11:54:40,894] - [root] - [INFO] - -------------------------------------------
[2026-01-23 11:54:40,894] - [root] - [INFO] - -------------------------------------------
[2026-01-23 11:54:40,894] - [root] - [INFO] - Processing 1-22-2026 5dpi 023-W2021006-049_R1.png
[2026-01-23 11:55:01,870] - [root] - [INFO] - Finished loading mask: 0m 20s
[2026-01-23 11:55:12,620] - [root] - [INFO] - Finished crop and inference: 0m 31s
[2026-01-23 11:55:14,326] - [root] - [INFO] - Analysis finished: 0m 33s
[2026-01-23 11:55:14,326] - [root] - [INFO] - -------------------------------------------
[2026-01-23 11:55:14,326] - [root] - [INFO] - -------------------------------------------
[2026-01-23 11:55:14,326] - [root] - [INFO] - Processing 1-22-2026 5dpi 023-W2021010-305_R2.png
[2026-01-23 11:55:34,503] - [root] - [INFO] - Finished loading mask: 0m 20s
[2026-01-23 11:55:44,831] - [root] - [INFO] - Finished crop and inference: 0m 30s
[2026-01-23 11:55:46,475] - [root] - [INFO] - Analysis finished: 0m 32s
[2026-01-23 11:55:46,475] - [root] - [INFO] - -------------------------------------------
[2026-01-23 11:55:46,475] - [root] - [INFO] - -------------------------------------------
[2026-01-23 11:55:46,475] - [root] - [INFO] - Processing 1-22-2026 5dpi 026-W2021009-622_R2.png
[2026-01-23 11:56:06,501] - [root] - [INFO] - Finished loading mask: 0m 20s
[2026-01-23 11:56:19,957] - [root] - [INFO] - Finished crop and inference: 0m 33s
[2026-01-23 11:56:21,691] - [root] - [INFO] - Analysis finished: 0m 35s
[2026-01-23 11:56:21,691] - [root] - [INFO] - -------------------------------------------
[2026-01-23 11:56:21,691] - [root] - [INFO] - -------------------------------------------
[2026-01-23 11:56:21,691] - [root] - [INFO] - Processing 1-22-2026 5dpi 032-W2021006-041_R2.png
[2026-01-23 11:56:42,002] - [root] - [INFO] - Finished loading mask: 0m 20s
[2026-01-23 11:56:54,379] - [root] - [INFO] - Finished crop and inference: 0m 32s
[2026-01-23 11:56:56,009] - [root] - [INFO] - Analysis finished: 0m 34s
[2026-01-23 11:56:56,009] - [root] - [INFO] - -------------------------------------------
[2026-01-23 11:56:56,009] - [root] - [INFO] - -------------------------------------------
[2026-01-23 11:56:56,009] - [root] - [INFO] - Processing 1-22-2026 5dpi 032-W2021009-155_R1.png
[2026-01-23 11:57:16,201] - [root] - [INFO] - Finished loading mask: 0m 20s
[2026-01-23 11:57:38,621] - [root] - [INFO] - Finished crop and inference: 0m 42s
[2026-01-23 11:57:40,271] - [root] - [INFO] - Analysis finished: 0m 44s
[2026-01-23 11:57:40,271] - [root] - [INFO] - -------------------------------------------
[2026-01-23 11:57:40,271] - [root] - [INFO] - -------------------------------------------
[2026-01-23 11:57:40,271] - [root] - [INFO] - Processing 1-22-2026 5dpi 036-W2021006-047_R2.png
[2026-01-23 11:58:01,074] - [root] - [INFO] - Finished loading mask: 0m 20s
[2026-01-23 11:58:10,336] - [root] - [INFO] - Finished crop and inference: 0m 30s
[2026-01-23 11:58:11,994] - [root] - [INFO] - Analysis finished: 0m 31s
[2026-01-23 11:58:11,994] - [root] - [INFO] - -------------------------------------------
[2026-01-23 11:58:11,994] - [root] - [INFO] - -------------------------------------------
[2026-01-23 11:58:11,994] - [root] - [INFO] - Processing 1-22-2026 5dpi 040-W2021009-207_R1.png
[2026-01-23 11:58:31,838] - [root] - [INFO] - Finished loading mask: 0m 19s
[2026-01-23 11:58:44,089] - [root] - [INFO] - Finished crop and inference: 0m 32s
[2026-01-23 11:58:45,783] - [root] - [INFO] - Analysis finished: 0m 33s
[2026-01-23 11:58:45,783] - [root] - [INFO] - -------------------------------------------
[2026-01-23 11:58:45,783] - [root] - [INFO] - -------------------------------------------
[2026-01-23 11:58:45,783] - [root] - [INFO] - Processing 1-22-2026 5dpi 042-W2021010-429_R1.png
[2026-01-23 11:59:05,912] - [root] - [INFO] - Finished loading mask: 0m 20s
[2026-01-23 11:59:23,666] - [root] - [INFO] - Finished crop and inference: 0m 37s
             timestamp time_elapsed  ... severity_rate_patch Gradient_sr2
0  2026-01-23 11:48:08       0m 29s  ...                1.74         0.04

[1 rows x 24 columns]
             timestamp time_elapsed  ... severity_rate_patch Gradient_sr2
0  2026-01-23 11:48:08       0m 29s  ...                1.74         0.04
1  2026-01-23 11:48:38       0m 30s  ...                4.36         0.11

[2 rows x 24 columns]
             timestamp time_elapsed  ... severity_rate_patch Gradient_sr2
0  2026-01-23 11:48:08       0m 29s  ...                1.74         0.04
1  2026-01-23 11:48:38       0m 30s  ...                4.36         0.11
2  2026-01-23 11:49:08       0m 31s  ...                0.85         0.02

[3 rows x 24 columns]
             timestamp time_elapsed  ... severity_rate_patch Gradient_sr2
0  2026-01-23 11:48:08       0m 29s  ...                1.74         0.04
1  2026-01-23 11:48:38       0m 30s  ...                4.36         0.11
2  2026-01-23 11:49:08       0m 31s  ...                0.85         0.02
3  2026-01-23 11:49:40       0m 34s  ...               25.47         0.67

[4 rows x 24 columns]
             timestamp time_elapsed  ... severity_rate_patch Gradient_sr2
0  2026-01-23 11:48:08       0m 29s  ...                1.74         0.04
1  2026-01-23 11:48:38       0m 30s  ...                4.36         0.11
2  2026-01-23 11:49:08       0m 31s  ...                0.85         0.02
3  2026-01-23 11:49:40       0m 34s  ...               25.47         0.67
4  2026-01-23 11:50:14       0m 35s  ...               37.39         0.99

[5 rows x 24 columns]
             timestamp time_elapsed  ... severity_rate_patch Gradient_sr2
0  2026-01-23 11:48:08       0m 29s  ...                1.74         0.04
1  2026-01-23 11:48:38       0m 30s  ...                4.36         0.11
2  2026-01-23 11:49:08       0m 31s  ...                0.85         0.02
3  2026-01-23 11:49:40       0m 34s  ...               25.47         0.67
4  2026-01-23 11:50:14       0m 35s  ...               37.39         0.99
5  2026-01-23 11:50:49       0m 30s  ...                0.45         0.01

[6 rows x 24 columns]
             timestamp time_elapsed  ... severity_rate_patch Gradient_sr2
0  2026-01-23 11:48:08       0m 29s  ...                1.74         0.04
1  2026-01-23 11:48:38       0m 30s  ...                4.36         0.11
2  2026-01-23 11:49:08       0m 31s  ...                0.85         0.02
3  2026-01-23 11:49:40       0m 34s  ...               25.47         0.67
4  2026-01-23 11:50:14       0m 35s  ...               37.39         0.99
5  2026-01-23 11:50:49       0m 30s  ...                0.45         0.01
6  2026-01-23 11:51:20       0m 36s  ...               38.62         0.91

[7 rows x 24 columns]
             timestamp time_elapsed  ... severity_rate_patch Gradient_sr2
0  2026-01-23 11:48:08       0m 29s  ...                1.74         0.04
1  2026-01-23 11:48:38       0m 30s  ...                4.36         0.11
2  2026-01-23 11:49:08       0m 31s  ...                0.85         0.02
3  2026-01-23 11:49:40       0m 34s  ...               25.47         0.67
4  2026-01-23 11:50:14       0m 35s  ...               37.39         0.99
5  2026-01-23 11:50:49       0m 30s  ...                0.45         0.01
6  2026-01-23 11:51:20       0m 36s  ...               38.62         0.91
7  2026-01-23 11:51:56       0m 35s  ...               19.86         0.56

[8 rows x 24 columns]
             timestamp time_elapsed  ... severity_rate_patch Gradient_sr2
0  2026-01-23 11:48:08       0m 29s  ...                1.74         0.04
1  2026-01-23 11:48:38       0m 30s  ...                4.36         0.11
2  2026-01-23 11:49:08       0m 31s  ...                0.85         0.02
3  2026-01-23 11:49:40       0m 34s  ...               25.47         0.67
4  2026-01-23 11:50:14       0m 35s  ...               37.39         0.99
5  2026-01-23 11:50:49       0m 30s  ...                0.45         0.01
6  2026-01-23 11:51:20       0m 36s  ...               38.62         0.91
7  2026-01-23 11:51:56       0m 35s  ...               19.86         0.56
8  2026-01-23 11:52:32       0m 34s  ...               39.61         1.05

[9 rows x 24 columns]
             timestamp time_elapsed  ... severity_rate_patch Gradient_sr2
0  2026-01-23 11:48:08       0m 29s  ...                1.74         0.04
1  2026-01-23 11:48:38       0m 30s  ...                4.36         0.11
2  2026-01-23 11:49:08       0m 31s  ...                0.85         0.02
3  2026-01-23 11:49:40       0m 34s  ...               25.47         0.67
4  2026-01-23 11:50:14       0m 35s  ...               37.39         0.99
5  2026-01-23 11:50:49       0m 30s  ...                0.45         0.01
6  2026-01-23 11:51:20       0m 36s  ...               38.62         0.91
7  2026-01-23 11:51:56       0m 35s  ...               19.86         0.56
8  2026-01-23 11:52:32       0m 34s  ...               39.61         1.05
9  2026-01-23 11:53:06       0m 30s  ...                1.79         0.05

[10 rows x 24 columns]
              timestamp time_elapsed  ... severity_rate_patch Gradient_sr2
0   2026-01-23 11:48:08       0m 29s  ...                1.74         0.04
1   2026-01-23 11:48:38       0m 30s  ...                4.36         0.11
2   2026-01-23 11:49:08       0m 31s  ...                0.85         0.02
3   2026-01-23 11:49:40       0m 34s  ...               25.47         0.67
4   2026-01-23 11:50:14       0m 35s  ...               37.39         0.99
5   2026-01-23 11:50:49       0m 30s  ...                0.45         0.01
6   2026-01-23 11:51:20       0m 36s  ...               38.62         0.91
7   2026-01-23 11:51:56       0m 35s  ...               19.86         0.56
8   2026-01-23 11:52:32       0m 34s  ...               39.61         1.05
9   2026-01-23 11:53:06       0m 30s  ...                1.79         0.05
10  2026-01-23 11:53:37       0m 30s  ...                2.79         0.07

[11 rows x 24 columns]
              timestamp time_elapsed  ... severity_rate_patch Gradient_sr2
0   2026-01-23 11:48:08       0m 29s  ...                1.74         0.04
1   2026-01-23 11:48:38       0m 30s  ...                4.36         0.11
2   2026-01-23 11:49:08       0m 31s  ...                0.85         0.02
3   2026-01-23 11:49:40       0m 34s  ...               25.47         0.67
4   2026-01-23 11:50:14       0m 35s  ...               37.39         0.99
5   2026-01-23 11:50:49       0m 30s  ...                0.45         0.01
6   2026-01-23 11:51:20       0m 36s  ...               38.62         0.91
7   2026-01-23 11:51:56       0m 35s  ...               19.86         0.56
8   2026-01-23 11:52:32       0m 34s  ...               39.61         1.05
9   2026-01-23 11:53:06       0m 30s  ...                1.79         0.05
10  2026-01-23 11:53:37       0m 30s  ...                2.79         0.07
11  2026-01-23 11:54:07       0m 33s  ...               20.77         0.49

[12 rows x 24 columns]
              timestamp time_elapsed  ... severity_rate_patch Gradient_sr2
0   2026-01-23 11:48:08       0m 29s  ...                1.74         0.04
1   2026-01-23 11:48:38       0m 30s  ...                4.36         0.11
2   2026-01-23 11:49:08       0m 31s  ...                0.85         0.02
3   2026-01-23 11:49:40       0m 34s  ...               25.47         0.67
4   2026-01-23 11:50:14       0m 35s  ...               37.39         0.99
5   2026-01-23 11:50:49       0m 30s  ...                0.45         0.01
6   2026-01-23 11:51:20       0m 36s  ...               38.62         0.91
7   2026-01-23 11:51:56       0m 35s  ...               19.86         0.56
8   2026-01-23 11:52:32       0m 34s  ...               39.61         1.05
9   2026-01-23 11:53:06       0m 30s  ...                1.79         0.05
10  2026-01-23 11:53:37       0m 30s  ...                2.79         0.07
11  2026-01-23 11:54:07       0m 33s  ...               20.77         0.49
12  2026-01-23 11:54:40       0m 33s  ...               20.60         0.51

[13 rows x 24 columns]
[2026-01-23 11:59:25,213] - [root] - [INFO] - Analysis finished: 0m 39s
[2026-01-23 11:59:25,213] - [root] - [INFO] - -------------------------------------------
[2026-01-23 11:59:25,213] - [root] - [INFO] - -------------------------------------------
[2026-01-23 11:59:25,213] - [root] - [INFO] - Processing 1-22-2026 5dpi 044-W2021009-169_R2.png
[2026-01-23 11:59:44,856] - [root] - [INFO] - Finished loading mask: 0m 19s
[2026-01-23 11:59:53,950] - [root] - [INFO] - Finished crop and inference: 0m 28s
[2026-01-23 11:59:55,577] - [root] - [INFO] - Analysis finished: 0m 30s
[2026-01-23 11:59:55,577] - [root] - [INFO] - -------------------------------------------
[2026-01-23 11:59:55,577] - [root] - [INFO] - -------------------------------------------
[2026-01-23 11:59:55,577] - [root] - [INFO] - Processing 1-22-2026 5dpi 044-W2021009-618_R1.png
[2026-01-23 12:00:15,264] - [root] - [INFO] - Finished loading mask: 0m 19s
[2026-01-23 12:00:27,036] - [root] - [INFO] - Finished crop and inference: 0m 31s
[2026-01-23 12:00:28,731] - [root] - [INFO] - Analysis finished: 0m 33s
[2026-01-23 12:00:28,731] - [root] - [INFO] - -------------------------------------------
[2026-01-23 12:00:28,731] - [root] - [INFO] - -------------------------------------------
[2026-01-23 12:00:28,731] - [root] - [INFO] - Processing 1-22-2026 5dpi 047-W2021011-482_R1.png
[2026-01-23 12:00:49,402] - [root] - [INFO] - Finished loading mask: 0m 20s
[2026-01-23 12:01:03,622] - [root] - [INFO] - Finished crop and inference: 0m 34s
[2026-01-23 12:01:05,275] - [root] - [INFO] - Analysis finished: 0m 36s
[2026-01-23 12:01:05,275] - [root] - [INFO] - -------------------------------------------
[2026-01-23 12:01:05,275] - [root] - [INFO] - -------------------------------------------
[2026-01-23 12:01:05,275] - [root] - [INFO] - Processing 1-22-2026 5dpi 048-W2021006-147_R1.png
[2026-01-23 12:01:25,103] - [root] - [INFO] - Finished loading mask: 0m 19s
[2026-01-23 12:01:32,167] - [root] - [INFO] - Finished crop and inference: 0m 26s
              timestamp time_elapsed  ... severity_rate_patch Gradient_sr2
0   2026-01-23 11:48:08       0m 29s  ...                1.74         0.04
1   2026-01-23 11:48:38       0m 30s  ...                4.36         0.11
2   2026-01-23 11:49:08       0m 31s  ...                0.85         0.02
3   2026-01-23 11:49:40       0m 34s  ...               25.47         0.67
4   2026-01-23 11:50:14       0m 35s  ...               37.39         0.99
5   2026-01-23 11:50:49       0m 30s  ...                0.45         0.01
6   2026-01-23 11:51:20       0m 36s  ...               38.62         0.91
7   2026-01-23 11:51:56       0m 35s  ...               19.86         0.56
8   2026-01-23 11:52:32       0m 34s  ...               39.61         1.05
9   2026-01-23 11:53:06       0m 30s  ...                1.79         0.05
10  2026-01-23 11:53:37       0m 30s  ...                2.79         0.07
11  2026-01-23 11:54:07       0m 33s  ...               20.77         0.49
12  2026-01-23 11:54:40       0m 33s  ...               20.60         0.51
13  2026-01-23 11:55:14       0m 32s  ...               15.28         0.35

[14 rows x 24 columns]
              timestamp time_elapsed  ... severity_rate_patch Gradient_sr2
0   2026-01-23 11:48:08       0m 29s  ...                1.74         0.04
1   2026-01-23 11:48:38       0m 30s  ...                4.36         0.11
2   2026-01-23 11:49:08       0m 31s  ...                0.85         0.02
3   2026-01-23 11:49:40       0m 34s  ...               25.47         0.67
4   2026-01-23 11:50:14       0m 35s  ...               37.39         0.99
5   2026-01-23 11:50:49       0m 30s  ...                0.45         0.01
6   2026-01-23 11:51:20       0m 36s  ...               38.62         0.91
7   2026-01-23 11:51:56       0m 35s  ...               19.86         0.56
8   2026-01-23 11:52:32       0m 34s  ...               39.61         1.05
9   2026-01-23 11:53:06       0m 30s  ...                1.79         0.05
10  2026-01-23 11:53:37       0m 30s  ...                2.79         0.07
11  2026-01-23 11:54:07       0m 33s  ...               20.77         0.49
12  2026-01-23 11:54:40       0m 33s  ...               20.60         0.51
13  2026-01-23 11:55:14       0m 32s  ...               15.28         0.35
14  2026-01-23 11:55:46       0m 35s  ...               30.18         0.79

[15 rows x 24 columns]
              timestamp time_elapsed  ... severity_rate_patch Gradient_sr2
0   2026-01-23 11:48:08       0m 29s  ...                1.74         0.04
1   2026-01-23 11:48:38       0m 30s  ...                4.36         0.11
2   2026-01-23 11:49:08       0m 31s  ...                0.85         0.02
3   2026-01-23 11:49:40       0m 34s  ...               25.47         0.67
4   2026-01-23 11:50:14       0m 35s  ...               37.39         0.99
5   2026-01-23 11:50:49       0m 30s  ...                0.45         0.01
6   2026-01-23 11:51:20       0m 36s  ...               38.62         0.91
7   2026-01-23 11:51:56       0m 35s  ...               19.86         0.56
8   2026-01-23 11:52:32       0m 34s  ...               39.61         1.05
9   2026-01-23 11:53:06       0m 30s  ...                1.79         0.05
10  2026-01-23 11:53:37       0m 30s  ...                2.79         0.07
11  2026-01-23 11:54:07       0m 33s  ...               20.77         0.49
12  2026-01-23 11:54:40       0m 33s  ...               20.60         0.51
13  2026-01-23 11:55:14       0m 32s  ...               15.28         0.35
14  2026-01-23 11:55:46       0m 35s  ...               30.18         0.79
15  2026-01-23 11:56:21       0m 34s  ...               19.25         0.48

[16 rows x 24 columns]
              timestamp time_elapsed  ... severity_rate_patch Gradient_sr2
0   2026-01-23 11:48:08       0m 29s  ...                1.74         0.04
1   2026-01-23 11:48:38       0m 30s  ...                4.36         0.11
2   2026-01-23 11:49:08       0m 31s  ...                0.85         0.02
3   2026-01-23 11:49:40       0m 34s  ...               25.47         0.67
4   2026-01-23 11:50:14       0m 35s  ...               37.39         0.99
5   2026-01-23 11:50:49       0m 30s  ...                0.45         0.01
6   2026-01-23 11:51:20       0m 36s  ...               38.62         0.91
7   2026-01-23 11:51:56       0m 35s  ...               19.86         0.56
8   2026-01-23 11:52:32       0m 34s  ...               39.61         1.05
9   2026-01-23 11:53:06       0m 30s  ...                1.79         0.05
10  2026-01-23 11:53:37       0m 30s  ...                2.79         0.07
11  2026-01-23 11:54:07       0m 33s  ...               20.77         0.49
12  2026-01-23 11:54:40       0m 33s  ...               20.60         0.51
13  2026-01-23 11:55:14       0m 32s  ...               15.28         0.35
14  2026-01-23 11:55:46       0m 35s  ...               30.18         0.79
15  2026-01-23 11:56:21       0m 34s  ...               19.25         0.48
16  2026-01-23 11:56:56       0m 44s  ...               85.84         2.58

[17 rows x 24 columns]
              timestamp time_elapsed  ... severity_rate_patch Gradient_sr2
0   2026-01-23 11:48:08       0m 29s  ...                1.74         0.04
1   2026-01-23 11:48:38       0m 30s  ...                4.36         0.11
2   2026-01-23 11:49:08       0m 31s  ...                0.85         0.02
3   2026-01-23 11:49:40       0m 34s  ...               25.47         0.67
4   2026-01-23 11:50:14       0m 35s  ...               37.39         0.99
5   2026-01-23 11:50:49       0m 30s  ...                0.45         0.01
6   2026-01-23 11:51:20       0m 36s  ...               38.62         0.91
7   2026-01-23 11:51:56       0m 35s  ...               19.86         0.56
8   2026-01-23 11:52:32       0m 34s  ...               39.61         1.05
9   2026-01-23 11:53:06       0m 30s  ...                1.79         0.05
10  2026-01-23 11:53:37       0m 30s  ...                2.79         0.07
11  2026-01-23 11:54:07       0m 33s  ...               20.77         0.49
12  2026-01-23 11:54:40       0m 33s  ...               20.60         0.51
13  2026-01-23 11:55:14       0m 32s  ...               15.28         0.35
14  2026-01-23 11:55:46       0m 35s  ...               30.18         0.79
15  2026-01-23 11:56:21       0m 34s  ...               19.25         0.48
16  2026-01-23 11:56:56       0m 44s  ...               85.84         2.58
17  2026-01-23 11:57:40       0m 31s  ...                0.76         0.02

[18 rows x 24 columns]
              timestamp time_elapsed  ... severity_rate_patch Gradient_sr2
0   2026-01-23 11:48:08       0m 29s  ...                1.74         0.04
1   2026-01-23 11:48:38       0m 30s  ...                4.36         0.11
2   2026-01-23 11:49:08       0m 31s  ...                0.85         0.02
3   2026-01-23 11:49:40       0m 34s  ...               25.47         0.67
4   2026-01-23 11:50:14       0m 35s  ...               37.39         0.99
5   2026-01-23 11:50:49       0m 30s  ...                0.45         0.01
6   2026-01-23 11:51:20       0m 36s  ...               38.62         0.91
7   2026-01-23 11:51:56       0m 35s  ...               19.86         0.56
8   2026-01-23 11:52:32       0m 34s  ...               39.61         1.05
9   2026-01-23 11:53:06       0m 30s  ...                1.79         0.05
10  2026-01-23 11:53:37       0m 30s  ...                2.79         0.07
11  2026-01-23 11:54:07       0m 33s  ...               20.77         0.49
12  2026-01-23 11:54:40       0m 33s  ...               20.60         0.51
13  2026-01-23 11:55:14       0m 32s  ...               15.28         0.35
14  2026-01-23 11:55:46       0m 35s  ...               30.18         0.79
15  2026-01-23 11:56:21       0m 34s  ...               19.25         0.48
16  2026-01-23 11:56:56       0m 44s  ...               85.84         2.58
17  2026-01-23 11:57:40       0m 31s  ...                0.76         0.02
18  2026-01-23 11:58:11       0m 33s  ...               23.22         0.57

[19 rows x 24 columns]
[2026-01-23 12:01:33,975] - [root] - [INFO] - Analysis finished: 0m 28s
[2026-01-23 12:01:33,975] - [root] - [INFO] - -------------------------------------------
[2026-01-23 12:01:33,975] - [root] - [INFO] - -------------------------------------------
[2026-01-23 12:01:33,975] - [root] - [INFO] - Processing 1-22-2026 5dpi 052-W2021006-004_R2.png
[2026-01-23 12:01:53,786] - [root] - [INFO] - Finished loading mask: 0m 19s
[2026-01-23 12:02:02,097] - [root] - [INFO] - Finished crop and inference: 0m 28s
[2026-01-23 12:02:03,771] - [root] - [INFO] - Analysis finished: 0m 29s
[2026-01-23 12:02:03,771] - [root] - [INFO] - -------------------------------------------
[2026-01-23 12:02:03,771] - [root] - [INFO] - -------------------------------------------
[2026-01-23 12:02:03,771] - [root] - [INFO] - Processing 1-22-2026 5dpi 055-W2021010-341_R2.png
[2026-01-23 12:02:23,649] - [root] - [INFO] - Finished loading mask: 0m 19s
[2026-01-23 12:02:33,539] - [root] - [INFO] - Finished crop and inference: 0m 29s
[2026-01-23 12:02:35,158] - [root] - [INFO] - Analysis finished: 0m 31s
[2026-01-23 12:02:35,159] - [root] - [INFO] - -------------------------------------------
[2026-01-23 12:02:35,159] - [root] - [INFO] - -------------------------------------------
[2026-01-23 12:02:35,159] - [root] - [INFO] - Processing 1-22-2026 5dpi 055-W2021010-397_R2.png
[2026-01-23 12:02:55,331] - [root] - [INFO] - Finished loading mask: 0m 20s
[2026-01-23 12:03:05,712] - [root] - [INFO] - Finished crop and inference: 0m 30s
[2026-01-23 12:03:07,436] - [root] - [INFO] - Analysis finished: 0m 32s
[2026-01-23 12:03:07,436] - [root] - [INFO] - -------------------------------------------
[2026-01-23 12:03:07,436] - [root] - [INFO] - -------------------------------------------
[2026-01-23 12:03:07,436] - [root] - [INFO] - Processing 1-22-2026 5dpi 056-W2021006-609_R1.png
[2026-01-23 12:03:27,144] - [root] - [INFO] - Finished loading mask: 0m 19s
[2026-01-23 12:03:39,992] - [root] - [INFO] - Finished crop and inference: 0m 32s
              timestamp time_elapsed  ... severity_rate_patch Gradient_sr2
0   2026-01-23 11:48:08       0m 29s  ...                1.74         0.04
1   2026-01-23 11:48:38       0m 30s  ...                4.36         0.11
2   2026-01-23 11:49:08       0m 31s  ...                0.85         0.02
3   2026-01-23 11:49:40       0m 34s  ...               25.47         0.67
4   2026-01-23 11:50:14       0m 35s  ...               37.39         0.99
5   2026-01-23 11:50:49       0m 30s  ...                0.45         0.01
6   2026-01-23 11:51:20       0m 36s  ...               38.62         0.91
7   2026-01-23 11:51:56       0m 35s  ...               19.86         0.56
8   2026-01-23 11:52:32       0m 34s  ...               39.61         1.05
9   2026-01-23 11:53:06       0m 30s  ...                1.79         0.05
10  2026-01-23 11:53:37       0m 30s  ...                2.79         0.07
11  2026-01-23 11:54:07       0m 33s  ...               20.77         0.49
12  2026-01-23 11:54:40       0m 33s  ...               20.60         0.51
13  2026-01-23 11:55:14       0m 32s  ...               15.28         0.35
14  2026-01-23 11:55:46       0m 35s  ...               30.18         0.79
15  2026-01-23 11:56:21       0m 34s  ...               19.25         0.48
16  2026-01-23 11:56:56       0m 44s  ...               85.84         2.58
17  2026-01-23 11:57:40       0m 31s  ...                0.76         0.02
18  2026-01-23 11:58:11       0m 33s  ...               23.22         0.57
19  2026-01-23 11:58:45       0m 39s  ...               62.76         1.72

[20 rows x 24 columns]
              timestamp time_elapsed  ... severity_rate_patch Gradient_sr2
0   2026-01-23 11:48:08       0m 29s  ...                1.74         0.04
1   2026-01-23 11:48:38       0m 30s  ...                4.36         0.11
2   2026-01-23 11:49:08       0m 31s  ...                0.85         0.02
3   2026-01-23 11:49:40       0m 34s  ...               25.47         0.67
4   2026-01-23 11:50:14       0m 35s  ...               37.39         0.99
5   2026-01-23 11:50:49       0m 30s  ...                0.45         0.01
6   2026-01-23 11:51:20       0m 36s  ...               38.62         0.91
7   2026-01-23 11:51:56       0m 35s  ...               19.86         0.56
8   2026-01-23 11:52:32       0m 34s  ...               39.61         1.05
9   2026-01-23 11:53:06       0m 30s  ...                1.79         0.05
10  2026-01-23 11:53:37       0m 30s  ...                2.79         0.07
11  2026-01-23 11:54:07       0m 33s  ...               20.77         0.49
12  2026-01-23 11:54:40       0m 33s  ...               20.60         0.51
13  2026-01-23 11:55:14       0m 32s  ...               15.28         0.35
14  2026-01-23 11:55:46       0m 35s  ...               30.18         0.79
15  2026-01-23 11:56:21       0m 34s  ...               19.25         0.48
16  2026-01-23 11:56:56       0m 44s  ...               85.84         2.58
17  2026-01-23 11:57:40       0m 31s  ...                0.76         0.02
18  2026-01-23 11:58:11       0m 33s  ...               23.22         0.57
19  2026-01-23 11:58:45       0m 39s  ...               62.76         1.72
20  2026-01-23 11:59:25       0m 30s  ...                1.10         0.03

[21 rows x 24 columns]
              timestamp time_elapsed  ... severity_rate_patch Gradient_sr2
0   2026-01-23 11:48:08       0m 29s  ...                1.74         0.04
1   2026-01-23 11:48:38       0m 30s  ...                4.36         0.11
2   2026-01-23 11:49:08       0m 31s  ...                0.85         0.02
3   2026-01-23 11:49:40       0m 34s  ...               25.47         0.67
4   2026-01-23 11:50:14       0m 35s  ...               37.39         0.99
5   2026-01-23 11:50:49       0m 30s  ...                0.45         0.01
6   2026-01-23 11:51:20       0m 36s  ...               38.62         0.91
7   2026-01-23 11:51:56       0m 35s  ...               19.86         0.56
8   2026-01-23 11:52:32       0m 34s  ...               39.61         1.05
9   2026-01-23 11:53:06       0m 30s  ...                1.79         0.05
10  2026-01-23 11:53:37       0m 30s  ...                2.79         0.07
11  2026-01-23 11:54:07       0m 33s  ...               20.77         0.49
12  2026-01-23 11:54:40       0m 33s  ...               20.60         0.51
13  2026-01-23 11:55:14       0m 32s  ...               15.28         0.35
14  2026-01-23 11:55:46       0m 35s  ...               30.18         0.79
15  2026-01-23 11:56:21       0m 34s  ...               19.25         0.48
16  2026-01-23 11:56:56       0m 44s  ...               85.84         2.58
17  2026-01-23 11:57:40       0m 31s  ...                0.76         0.02
18  2026-01-23 11:58:11       0m 33s  ...               23.22         0.57
19  2026-01-23 11:58:45       0m 39s  ...               62.76         1.72
20  2026-01-23 11:59:25       0m 30s  ...                1.10         0.03
21  2026-01-23 11:59:55       0m 33s  ...               19.31         0.52

[22 rows x 24 columns]
              timestamp time_elapsed  ... severity_rate_patch Gradient_sr2
0   2026-01-23 11:48:08       0m 29s  ...                1.74         0.04
1   2026-01-23 11:48:38       0m 30s  ...                4.36         0.11
2   2026-01-23 11:49:08       0m 31s  ...                0.85         0.02
3   2026-01-23 11:49:40       0m 34s  ...               25.47         0.67
4   2026-01-23 11:50:14       0m 35s  ...               37.39         0.99
5   2026-01-23 11:50:49       0m 30s  ...                0.45         0.01
6   2026-01-23 11:51:20       0m 36s  ...               38.62         0.91
7   2026-01-23 11:51:56       0m 35s  ...               19.86         0.56
8   2026-01-23 11:52:32       0m 34s  ...               39.61         1.05
9   2026-01-23 11:53:06       0m 30s  ...                1.79         0.05
10  2026-01-23 11:53:37       0m 30s  ...                2.79         0.07
11  2026-01-23 11:54:07       0m 33s  ...               20.77         0.49
12  2026-01-23 11:54:40       0m 33s  ...               20.60         0.51
13  2026-01-23 11:55:14       0m 32s  ...               15.28         0.35
14  2026-01-23 11:55:46       0m 35s  ...               30.18         0.79
15  2026-01-23 11:56:21       0m 34s  ...               19.25         0.48
16  2026-01-23 11:56:56       0m 44s  ...               85.84         2.58
17  2026-01-23 11:57:40       0m 31s  ...                0.76         0.02
18  2026-01-23 11:58:11       0m 33s  ...               23.22         0.57
19  2026-01-23 11:58:45       0m 39s  ...               62.76         1.72
20  2026-01-23 11:59:25       0m 30s  ...                1.10         0.03
21  2026-01-23 11:59:55       0m 33s  ...               19.31         0.52
22  2026-01-23 12:00:28       0m 36s  ...               42.05         1.16

[23 rows x 24 columns]
[2026-01-23 12:03:41,635] - [root] - [INFO] - Analysis finished: 0m 34s
[2026-01-23 12:03:41,635] - [root] - [INFO] - -------------------------------------------
[2026-01-23 12:03:41,635] - [root] - [INFO] - -------------------------------------------
[2026-01-23 12:03:41,635] - [root] - [INFO] - Processing 1-22-2026 5dpi 059-W2021010-434_R1.png
[2026-01-23 12:04:01,378] - [root] - [INFO] - Finished loading mask: 0m 19s
[2026-01-23 12:04:11,314] - [root] - [INFO] - Finished crop and inference: 0m 29s
[2026-01-23 12:04:12,948] - [root] - [INFO] - Analysis finished: 0m 31s
[2026-01-23 12:04:12,948] - [root] - [INFO] - -------------------------------------------
[2026-01-23 12:04:12,948] - [root] - [INFO] - -------------------------------------------
[2026-01-23 12:04:12,948] - [root] - [INFO] - Processing 1-22-2026 5dpi 060-W2021010-324_R2.png
[2026-01-23 12:04:33,361] - [root] - [INFO] - Finished loading mask: 0m 20s
[2026-01-23 12:04:43,145] - [root] - [INFO] - Finished crop and inference: 0m 30s
[2026-01-23 12:04:44,912] - [root] - [INFO] - Analysis finished: 0m 31s
[2026-01-23 12:04:44,912] - [root] - [INFO] - -------------------------------------------
[2026-01-23 12:04:44,912] - [root] - [INFO] - -------------------------------------------
[2026-01-23 12:04:44,912] - [root] - [INFO] - Processing 1-22-2026 5dpi 061-W2021011-483_R1.png
[2026-01-23 12:05:04,925] - [root] - [INFO] - Finished loading mask: 0m 20s
[2026-01-23 12:05:15,777] - [root] - [INFO] - Finished crop and inference: 0m 30s
              timestamp time_elapsed  ... severity_rate_patch Gradient_sr2
0   2026-01-23 11:48:08       0m 29s  ...                1.74         0.04
1   2026-01-23 11:48:38       0m 30s  ...                4.36         0.11
2   2026-01-23 11:49:08       0m 31s  ...                0.85         0.02
3   2026-01-23 11:49:40       0m 34s  ...               25.47         0.67
4   2026-01-23 11:50:14       0m 35s  ...               37.39         0.99
5   2026-01-23 11:50:49       0m 30s  ...                0.45         0.01
6   2026-01-23 11:51:20       0m 36s  ...               38.62         0.91
7   2026-01-23 11:51:56       0m 35s  ...               19.86         0.56
8   2026-01-23 11:52:32       0m 34s  ...               39.61         1.05
9   2026-01-23 11:53:06       0m 30s  ...                1.79         0.05
10  2026-01-23 11:53:37       0m 30s  ...                2.79         0.07
11  2026-01-23 11:54:07       0m 33s  ...               20.77         0.49
12  2026-01-23 11:54:40       0m 33s  ...               20.60         0.51
13  2026-01-23 11:55:14       0m 32s  ...               15.28         0.35
14  2026-01-23 11:55:46       0m 35s  ...               30.18         0.79
15  2026-01-23 11:56:21       0m 34s  ...               19.25         0.48
16  2026-01-23 11:56:56       0m 44s  ...               85.84         2.58
17  2026-01-23 11:57:40       0m 31s  ...                0.76         0.02
18  2026-01-23 11:58:11       0m 33s  ...               23.22         0.57
19  2026-01-23 11:58:45       0m 39s  ...               62.76         1.72
20  2026-01-23 11:59:25       0m 30s  ...                1.10         0.03
21  2026-01-23 11:59:55       0m 33s  ...               19.31         0.52
22  2026-01-23 12:00:28       0m 36s  ...               42.05         1.16
23  2026-01-23 12:01:05       0m 28s  ...                6.56         0.18

[24 rows x 24 columns]
              timestamp time_elapsed  ... severity_rate_patch Gradient_sr2
0   2026-01-23 11:48:08       0m 29s  ...                1.74         0.04
1   2026-01-23 11:48:38       0m 30s  ...                4.36         0.11
2   2026-01-23 11:49:08       0m 31s  ...                0.85         0.02
3   2026-01-23 11:49:40       0m 34s  ...               25.47         0.67
4   2026-01-23 11:50:14       0m 35s  ...               37.39         0.99
5   2026-01-23 11:50:49       0m 30s  ...                0.45         0.01
6   2026-01-23 11:51:20       0m 36s  ...               38.62         0.91
7   2026-01-23 11:51:56       0m 35s  ...               19.86         0.56
8   2026-01-23 11:52:32       0m 34s  ...               39.61         1.05
9   2026-01-23 11:53:06       0m 30s  ...                1.79         0.05
10  2026-01-23 11:53:37       0m 30s  ...                2.79         0.07
11  2026-01-23 11:54:07       0m 33s  ...               20.77         0.49
12  2026-01-23 11:54:40       0m 33s  ...               20.60         0.51
13  2026-01-23 11:55:14       0m 32s  ...               15.28         0.35
14  2026-01-23 11:55:46       0m 35s  ...               30.18         0.79
15  2026-01-23 11:56:21       0m 34s  ...               19.25         0.48
16  2026-01-23 11:56:56       0m 44s  ...               85.84         2.58
17  2026-01-23 11:57:40       0m 31s  ...                0.76         0.02
18  2026-01-23 11:58:11       0m 33s  ...               23.22         0.57
19  2026-01-23 11:58:45       0m 39s  ...               62.76         1.72
20  2026-01-23 11:59:25       0m 30s  ...                1.10         0.03
21  2026-01-23 11:59:55       0m 33s  ...               19.31         0.52
22  2026-01-23 12:00:28       0m 36s  ...               42.05         1.16
23  2026-01-23 12:01:05       0m 28s  ...                6.56         0.18
24  2026-01-23 12:01:33       0m 29s  ...                1.51         0.04

[25 rows x 24 columns]
              timestamp time_elapsed  ... severity_rate_patch Gradient_sr2
0   2026-01-23 11:48:08       0m 29s  ...                1.74         0.04
1   2026-01-23 11:48:38       0m 30s  ...                4.36         0.11
2   2026-01-23 11:49:08       0m 31s  ...                0.85         0.02
3   2026-01-23 11:49:40       0m 34s  ...               25.47         0.67
4   2026-01-23 11:50:14       0m 35s  ...               37.39         0.99
5   2026-01-23 11:50:49       0m 30s  ...                0.45         0.01
6   2026-01-23 11:51:20       0m 36s  ...               38.62         0.91
7   2026-01-23 11:51:56       0m 35s  ...               19.86         0.56
8   2026-01-23 11:52:32       0m 34s  ...               39.61         1.05
9   2026-01-23 11:53:06       0m 30s  ...                1.79         0.05
10  2026-01-23 11:53:37       0m 30s  ...                2.79         0.07
11  2026-01-23 11:54:07       0m 33s  ...               20.77         0.49
12  2026-01-23 11:54:40       0m 33s  ...               20.60         0.51
13  2026-01-23 11:55:14       0m 32s  ...               15.28         0.35
14  2026-01-23 11:55:46       0m 35s  ...               30.18         0.79
15  2026-01-23 11:56:21       0m 34s  ...               19.25         0.48
16  2026-01-23 11:56:56       0m 44s  ...               85.84         2.58
17  2026-01-23 11:57:40       0m 31s  ...                0.76         0.02
18  2026-01-23 11:58:11       0m 33s  ...               23.22         0.57
19  2026-01-23 11:58:45       0m 39s  ...               62.76         1.72
20  2026-01-23 11:59:25       0m 30s  ...                1.10         0.03
21  2026-01-23 11:59:55       0m 33s  ...               19.31         0.52
22  2026-01-23 12:00:28       0m 36s  ...               42.05         1.16
23  2026-01-23 12:01:05       0m 28s  ...                6.56         0.18
24  2026-01-23 12:01:33       0m 29s  ...                1.51         0.04
25  2026-01-23 12:02:03       0m 31s  ...                8.51         0.22

[26 rows x 24 columns]
              timestamp time_elapsed  ... severity_rate_patch Gradient_sr2
0   2026-01-23 11:48:08       0m 29s  ...                1.74         0.04
1   2026-01-23 11:48:38       0m 30s  ...                4.36         0.11
2   2026-01-23 11:49:08       0m 31s  ...                0.85         0.02
3   2026-01-23 11:49:40       0m 34s  ...               25.47         0.67
4   2026-01-23 11:50:14       0m 35s  ...               37.39         0.99
5   2026-01-23 11:50:49       0m 30s  ...                0.45         0.01
6   2026-01-23 11:51:20       0m 36s  ...               38.62         0.91
7   2026-01-23 11:51:56       0m 35s  ...               19.86         0.56
8   2026-01-23 11:52:32       0m 34s  ...               39.61         1.05
9   2026-01-23 11:53:06       0m 30s  ...                1.79         0.05
10  2026-01-23 11:53:37       0m 30s  ...                2.79         0.07
11  2026-01-23 11:54:07       0m 33s  ...               20.77         0.49
12  2026-01-23 11:54:40       0m 33s  ...               20.60         0.51
13  2026-01-23 11:55:14       0m 32s  ...               15.28         0.35
14  2026-01-23 11:55:46       0m 35s  ...               30.18         0.79
15  2026-01-23 11:56:21       0m 34s  ...               19.25         0.48
16  2026-01-23 11:56:56       0m 44s  ...               85.84         2.58
17  2026-01-23 11:57:40       0m 31s  ...                0.76         0.02
18  2026-01-23 11:58:11       0m 33s  ...               23.22         0.57
19  2026-01-23 11:58:45       0m 39s  ...               62.76         1.72
20  2026-01-23 11:59:25       0m 30s  ...                1.10         0.03
21  2026-01-23 11:59:55       0m 33s  ...               19.31         0.52
22  2026-01-23 12:00:28       0m 36s  ...               42.05         1.16
23  2026-01-23 12:01:05       0m 28s  ...                6.56         0.18
24  2026-01-23 12:01:33       0m 29s  ...                1.51         0.04
25  2026-01-23 12:02:03       0m 31s  ...                8.51         0.22
26  2026-01-23 12:02:35       0m 32s  ...               12.12         0.31

[27 rows x 24 columns]
[2026-01-23 12:05:17,644] - [root] - [INFO] - Analysis finished: 0m 32s
[2026-01-23 12:05:17,644] - [root] - [INFO] - -------------------------------------------
[2026-01-23 12:05:17,644] - [root] - [INFO] - -------------------------------------------
[2026-01-23 12:05:17,644] - [root] - [INFO] - Processing 1-22-2026 5dpi 070-W2021011-486_R2.png
[2026-01-23 12:05:38,372] - [root] - [INFO] - Finished loading mask: 0m 20s
[2026-01-23 12:05:49,887] - [root] - [INFO] - Finished crop and inference: 0m 32s
[2026-01-23 12:05:51,705] - [root] - [INFO] - Analysis finished: 0m 34s
[2026-01-23 12:05:51,705] - [root] - [INFO] - -------------------------------------------
[2026-01-23 12:05:51,705] - [root] - [INFO] - -------------------------------------------
[2026-01-23 12:05:51,705] - [root] - [INFO] - Processing 1-22-2026 5dpi 071-W2021010-323_R1.png
[2026-01-23 12:06:11,402] - [root] - [INFO] - Finished loading mask: 0m 19s
[2026-01-23 12:06:29,179] - [root] - [INFO] - Finished crop and inference: 0m 37s
[2026-01-23 12:06:30,759] - [root] - [INFO] - Analysis finished: 0m 39s
[2026-01-23 12:06:30,759] - [root] - [INFO] - -------------------------------------------
[2026-01-23 12:06:30,759] - [root] - [INFO] - -------------------------------------------
[2026-01-23 12:06:30,759] - [root] - [INFO] - Processing 1-22-2026 5dpi 077-W2021010-351_R2.png
[2026-01-23 12:06:51,305] - [root] - [INFO] - Finished loading mask: 0m 20s
[2026-01-23 12:07:01,216] - [root] - [INFO] - Finished crop and inference: 0m 30s
              timestamp time_elapsed  ... severity_rate_patch Gradient_sr2
0   2026-01-23 11:48:08       0m 29s  ...                1.74         0.04
1   2026-01-23 11:48:38       0m 30s  ...                4.36         0.11
2   2026-01-23 11:49:08       0m 31s  ...                0.85         0.02
3   2026-01-23 11:49:40       0m 34s  ...               25.47         0.67
4   2026-01-23 11:50:14       0m 35s  ...               37.39         0.99
5   2026-01-23 11:50:49       0m 30s  ...                0.45         0.01
6   2026-01-23 11:51:20       0m 36s  ...               38.62         0.91
7   2026-01-23 11:51:56       0m 35s  ...               19.86         0.56
8   2026-01-23 11:52:32       0m 34s  ...               39.61         1.05
9   2026-01-23 11:53:06       0m 30s  ...                1.79         0.05
10  2026-01-23 11:53:37       0m 30s  ...                2.79         0.07
11  2026-01-23 11:54:07       0m 33s  ...               20.77         0.49
12  2026-01-23 11:54:40       0m 33s  ...               20.60         0.51
13  2026-01-23 11:55:14       0m 32s  ...               15.28         0.35
14  2026-01-23 11:55:46       0m 35s  ...               30.18         0.79
15  2026-01-23 11:56:21       0m 34s  ...               19.25         0.48
16  2026-01-23 11:56:56       0m 44s  ...               85.84         2.58
17  2026-01-23 11:57:40       0m 31s  ...                0.76         0.02
18  2026-01-23 11:58:11       0m 33s  ...               23.22         0.57
19  2026-01-23 11:58:45       0m 39s  ...               62.76         1.72
20  2026-01-23 11:59:25       0m 30s  ...                1.10         0.03
21  2026-01-23 11:59:55       0m 33s  ...               19.31         0.52
22  2026-01-23 12:00:28       0m 36s  ...               42.05         1.16
23  2026-01-23 12:01:05       0m 28s  ...                6.56         0.18
24  2026-01-23 12:01:33       0m 29s  ...                1.51         0.04
25  2026-01-23 12:02:03       0m 31s  ...                8.51         0.22
26  2026-01-23 12:02:35       0m 32s  ...               12.12         0.31
27  2026-01-23 12:03:07       0m 34s  ...               32.69         0.79

[28 rows x 24 columns]
              timestamp time_elapsed  ... severity_rate_patch Gradient_sr2
0   2026-01-23 11:48:08       0m 29s  ...                1.74         0.04
1   2026-01-23 11:48:38       0m 30s  ...                4.36         0.11
2   2026-01-23 11:49:08       0m 31s  ...                0.85         0.02
3   2026-01-23 11:49:40       0m 34s  ...               25.47         0.67
4   2026-01-23 11:50:14       0m 35s  ...               37.39         0.99
5   2026-01-23 11:50:49       0m 30s  ...                0.45         0.01
6   2026-01-23 11:51:20       0m 36s  ...               38.62         0.91
7   2026-01-23 11:51:56       0m 35s  ...               19.86         0.56
8   2026-01-23 11:52:32       0m 34s  ...               39.61         1.05
9   2026-01-23 11:53:06       0m 30s  ...                1.79         0.05
10  2026-01-23 11:53:37       0m 30s  ...                2.79         0.07
11  2026-01-23 11:54:07       0m 33s  ...               20.77         0.49
12  2026-01-23 11:54:40       0m 33s  ...               20.60         0.51
13  2026-01-23 11:55:14       0m 32s  ...               15.28         0.35
14  2026-01-23 11:55:46       0m 35s  ...               30.18         0.79
15  2026-01-23 11:56:21       0m 34s  ...               19.25         0.48
16  2026-01-23 11:56:56       0m 44s  ...               85.84         2.58
17  2026-01-23 11:57:40       0m 31s  ...                0.76         0.02
18  2026-01-23 11:58:11       0m 33s  ...               23.22         0.57
19  2026-01-23 11:58:45       0m 39s  ...               62.76         1.72
20  2026-01-23 11:59:25       0m 30s  ...                1.10         0.03
21  2026-01-23 11:59:55       0m 33s  ...               19.31         0.52
22  2026-01-23 12:00:28       0m 36s  ...               42.05         1.16
23  2026-01-23 12:01:05       0m 28s  ...                6.56         0.18
24  2026-01-23 12:01:33       0m 29s  ...                1.51         0.04
25  2026-01-23 12:02:03       0m 31s  ...                8.51         0.22
26  2026-01-23 12:02:35       0m 32s  ...               12.12         0.31
27  2026-01-23 12:03:07       0m 34s  ...               32.69         0.79
28  2026-01-23 12:03:41       0m 31s  ...                2.15         0.06

[29 rows x 24 columns]
              timestamp time_elapsed  ... severity_rate_patch Gradient_sr2
0   2026-01-23 11:48:08       0m 29s  ...                1.74         0.04
1   2026-01-23 11:48:38       0m 30s  ...                4.36         0.11
2   2026-01-23 11:49:08       0m 31s  ...                0.85         0.02
3   2026-01-23 11:49:40       0m 34s  ...               25.47         0.67
4   2026-01-23 11:50:14       0m 35s  ...               37.39         0.99
5   2026-01-23 11:50:49       0m 30s  ...                0.45         0.01
6   2026-01-23 11:51:20       0m 36s  ...               38.62         0.91
7   2026-01-23 11:51:56       0m 35s  ...               19.86         0.56
8   2026-01-23 11:52:32       0m 34s  ...               39.61         1.05
9   2026-01-23 11:53:06       0m 30s  ...                1.79         0.05
10  2026-01-23 11:53:37       0m 30s  ...                2.79         0.07
11  2026-01-23 11:54:07       0m 33s  ...               20.77         0.49
12  2026-01-23 11:54:40       0m 33s  ...               20.60         0.51
13  2026-01-23 11:55:14       0m 32s  ...               15.28         0.35
14  2026-01-23 11:55:46       0m 35s  ...               30.18         0.79
15  2026-01-23 11:56:21       0m 34s  ...               19.25         0.48
16  2026-01-23 11:56:56       0m 44s  ...               85.84         2.58
17  2026-01-23 11:57:40       0m 31s  ...                0.76         0.02
18  2026-01-23 11:58:11       0m 33s  ...               23.22         0.57
19  2026-01-23 11:58:45       0m 39s  ...               62.76         1.72
20  2026-01-23 11:59:25       0m 30s  ...                1.10         0.03
21  2026-01-23 11:59:55       0m 33s  ...               19.31         0.52
22  2026-01-23 12:00:28       0m 36s  ...               42.05         1.16
23  2026-01-23 12:01:05       0m 28s  ...                6.56         0.18
24  2026-01-23 12:01:33       0m 29s  ...                1.51         0.04
25  2026-01-23 12:02:03       0m 31s  ...                8.51         0.22
26  2026-01-23 12:02:35       0m 32s  ...               12.12         0.31
27  2026-01-23 12:03:07       0m 34s  ...               32.69         0.79
28  2026-01-23 12:03:41       0m 31s  ...                2.15         0.06
29  2026-01-23 12:04:12       0m 31s  ...                2.94         0.07

[30 rows x 24 columns]
[2026-01-23 12:07:02,964] - [root] - [INFO] - Analysis finished: 0m 32s
[2026-01-23 12:07:02,964] - [root] - [INFO] - -------------------------------------------
[2026-01-23 12:07:02,964] - [root] - [INFO] - -------------------------------------------
[2026-01-23 12:07:02,964] - [root] - [INFO] - Processing 1-22-2026 5dpi 084-W2021010-319_R1.png
[2026-01-23 12:07:23,874] - [root] - [INFO] - Finished loading mask: 0m 20s
[2026-01-23 12:07:33,244] - [root] - [INFO] - Finished crop and inference: 0m 30s
[2026-01-23 12:07:34,981] - [root] - [INFO] - Analysis finished: 0m 32s
[2026-01-23 12:07:34,981] - [root] - [INFO] - -------------------------------------------
[2026-01-23 12:07:34,981] - [root] - [INFO] - -------------------------------------------
[2026-01-23 12:07:34,981] - [root] - [INFO] - Processing 1-22-2026 5dpi 085-W2021010-630_R1.png
[2026-01-23 12:07:55,633] - [root] - [INFO] - Finished loading mask: 0m 20s
[2026-01-23 12:08:05,022] - [root] - [INFO] - Finished crop and inference: 0m 30s
              timestamp time_elapsed  ... severity_rate_patch Gradient_sr2
0   2026-01-23 11:48:08       0m 29s  ...                1.74         0.04
1   2026-01-23 11:48:38       0m 30s  ...                4.36         0.11
2   2026-01-23 11:49:08       0m 31s  ...                0.85         0.02
3   2026-01-23 11:49:40       0m 34s  ...               25.47         0.67
4   2026-01-23 11:50:14       0m 35s  ...               37.39         0.99
5   2026-01-23 11:50:49       0m 30s  ...                0.45         0.01
6   2026-01-23 11:51:20       0m 36s  ...               38.62         0.91
7   2026-01-23 11:51:56       0m 35s  ...               19.86         0.56
8   2026-01-23 11:52:32       0m 34s  ...               39.61         1.05
9   2026-01-23 11:53:06       0m 30s  ...                1.79         0.05
10  2026-01-23 11:53:37       0m 30s  ...                2.79         0.07
11  2026-01-23 11:54:07       0m 33s  ...               20.77         0.49
12  2026-01-23 11:54:40       0m 33s  ...               20.60         0.51
13  2026-01-23 11:55:14       0m 32s  ...               15.28         0.35
14  2026-01-23 11:55:46       0m 35s  ...               30.18         0.79
15  2026-01-23 11:56:21       0m 34s  ...               19.25         0.48
16  2026-01-23 11:56:56       0m 44s  ...               85.84         2.58
17  2026-01-23 11:57:40       0m 31s  ...                0.76         0.02
18  2026-01-23 11:58:11       0m 33s  ...               23.22         0.57
19  2026-01-23 11:58:45       0m 39s  ...               62.76         1.72
20  2026-01-23 11:59:25       0m 30s  ...                1.10         0.03
21  2026-01-23 11:59:55       0m 33s  ...               19.31         0.52
22  2026-01-23 12:00:28       0m 36s  ...               42.05         1.16
23  2026-01-23 12:01:05       0m 28s  ...                6.56         0.18
24  2026-01-23 12:01:33       0m 29s  ...                1.51         0.04
25  2026-01-23 12:02:03       0m 31s  ...                8.51         0.22
26  2026-01-23 12:02:35       0m 32s  ...               12.12         0.31
27  2026-01-23 12:03:07       0m 34s  ...               32.69         0.79
28  2026-01-23 12:03:41       0m 31s  ...                2.15         0.06
29  2026-01-23 12:04:12       0m 31s  ...                2.94         0.07
30  2026-01-23 12:04:44       0m 32s  ...               12.91         0.30

[31 rows x 24 columns]
              timestamp time_elapsed  ... severity_rate_patch Gradient_sr2
0   2026-01-23 11:48:08       0m 29s  ...                1.74         0.04
1   2026-01-23 11:48:38       0m 30s  ...                4.36         0.11
2   2026-01-23 11:49:08       0m 31s  ...                0.85         0.02
3   2026-01-23 11:49:40       0m 34s  ...               25.47         0.67
4   2026-01-23 11:50:14       0m 35s  ...               37.39         0.99
5   2026-01-23 11:50:49       0m 30s  ...                0.45         0.01
6   2026-01-23 11:51:20       0m 36s  ...               38.62         0.91
7   2026-01-23 11:51:56       0m 35s  ...               19.86         0.56
8   2026-01-23 11:52:32       0m 34s  ...               39.61         1.05
9   2026-01-23 11:53:06       0m 30s  ...                1.79         0.05
10  2026-01-23 11:53:37       0m 30s  ...                2.79         0.07
11  2026-01-23 11:54:07       0m 33s  ...               20.77         0.49
12  2026-01-23 11:54:40       0m 33s  ...               20.60         0.51
13  2026-01-23 11:55:14       0m 32s  ...               15.28         0.35
14  2026-01-23 11:55:46       0m 35s  ...               30.18         0.79
15  2026-01-23 11:56:21       0m 34s  ...               19.25         0.48
16  2026-01-23 11:56:56       0m 44s  ...               85.84         2.58
17  2026-01-23 11:57:40       0m 31s  ...                0.76         0.02
18  2026-01-23 11:58:11       0m 33s  ...               23.22         0.57
19  2026-01-23 11:58:45       0m 39s  ...               62.76         1.72
20  2026-01-23 11:59:25       0m 30s  ...                1.10         0.03
21  2026-01-23 11:59:55       0m 33s  ...               19.31         0.52
22  2026-01-23 12:00:28       0m 36s  ...               42.05         1.16
23  2026-01-23 12:01:05       0m 28s  ...                6.56         0.18
24  2026-01-23 12:01:33       0m 29s  ...                1.51         0.04
25  2026-01-23 12:02:03       0m 31s  ...                8.51         0.22
26  2026-01-23 12:02:35       0m 32s  ...               12.12         0.31
27  2026-01-23 12:03:07       0m 34s  ...               32.69         0.79
28  2026-01-23 12:03:41       0m 31s  ...                2.15         0.06
29  2026-01-23 12:04:12       0m 31s  ...                2.94         0.07
30  2026-01-23 12:04:44       0m 32s  ...               12.91         0.30
31  2026-01-23 12:05:17       0m 34s  ...               42.77         1.19

[32 rows x 24 columns]
              timestamp time_elapsed  ... severity_rate_patch Gradient_sr2
0   2026-01-23 11:48:08       0m 29s  ...                1.74         0.04
1   2026-01-23 11:48:38       0m 30s  ...                4.36         0.11
2   2026-01-23 11:49:08       0m 31s  ...                0.85         0.02
3   2026-01-23 11:49:40       0m 34s  ...               25.47         0.67
4   2026-01-23 11:50:14       0m 35s  ...               37.39         0.99
5   2026-01-23 11:50:49       0m 30s  ...                0.45         0.01
6   2026-01-23 11:51:20       0m 36s  ...               38.62         0.91
7   2026-01-23 11:51:56       0m 35s  ...               19.86         0.56
8   2026-01-23 11:52:32       0m 34s  ...               39.61         1.05
9   2026-01-23 11:53:06       0m 30s  ...                1.79         0.05
10  2026-01-23 11:53:37       0m 30s  ...                2.79         0.07
11  2026-01-23 11:54:07       0m 33s  ...               20.77         0.49
12  2026-01-23 11:54:40       0m 33s  ...               20.60         0.51
13  2026-01-23 11:55:14       0m 32s  ...               15.28         0.35
14  2026-01-23 11:55:46       0m 35s  ...               30.18         0.79
15  2026-01-23 11:56:21       0m 34s  ...               19.25         0.48
16  2026-01-23 11:56:56       0m 44s  ...               85.84         2.58
17  2026-01-23 11:57:40       0m 31s  ...                0.76         0.02
18  2026-01-23 11:58:11       0m 33s  ...               23.22         0.57
19  2026-01-23 11:58:45       0m 39s  ...               62.76         1.72
20  2026-01-23 11:59:25       0m 30s  ...                1.10         0.03
21  2026-01-23 11:59:55       0m 33s  ...               19.31         0.52
22  2026-01-23 12:00:28       0m 36s  ...               42.05         1.16
23  2026-01-23 12:01:05       0m 28s  ...                6.56         0.18
24  2026-01-23 12:01:33       0m 29s  ...                1.51         0.04
25  2026-01-23 12:02:03       0m 31s  ...                8.51         0.22
26  2026-01-23 12:02:35       0m 32s  ...               12.12         0.31
27  2026-01-23 12:03:07       0m 34s  ...               32.69         0.79
28  2026-01-23 12:03:41       0m 31s  ...                2.15         0.06
29  2026-01-23 12:04:12       0m 31s  ...                2.94         0.07
30  2026-01-23 12:04:44       0m 32s  ...               12.91         0.30
31  2026-01-23 12:05:17       0m 34s  ...               42.77         1.19
32  2026-01-23 12:05:51       0m 39s  ...               65.54         1.89

[33 rows x 24 columns]
[2026-01-23 12:08:06,778] - [root] - [INFO] - Analysis finished: 0m 31s
[2026-01-23 12:08:06,778] - [root] - [INFO] - -------------------------------------------
[2026-01-23 12:08:06,779] - [root] - [INFO] - -------------------------------------------
[2026-01-23 12:08:06,779] - [root] - [INFO] - Processing 1-22-2026 5dpi 091-W2021006-056_R2.png
[2026-01-23 12:08:27,745] - [root] - [INFO] - Finished loading mask: 0m 20s
[2026-01-23 12:08:37,260] - [root] - [INFO] - Finished crop and inference: 0m 30s
[2026-01-23 12:08:38,991] - [root] - [INFO] - Analysis finished: 0m 32s
[2026-01-23 12:08:38,991] - [root] - [INFO] - -------------------------------------------
[2026-01-23 12:08:38,991] - [root] - [INFO] - -------------------------------------------
[2026-01-23 12:08:38,991] - [root] - [INFO] - Processing 1-22-2026 5dpi 094-W2021010-315_R2.png
[2026-01-23 12:08:58,836] - [root] - [INFO] - Finished loading mask: 0m 19s
[2026-01-23 12:09:07,739] - [root] - [INFO] - Finished crop and inference: 0m 28s
              timestamp time_elapsed  ... severity_rate_patch Gradient_sr2
0   2026-01-23 11:48:08       0m 29s  ...                1.74         0.04
1   2026-01-23 11:48:38       0m 30s  ...                4.36         0.11
2   2026-01-23 11:49:08       0m 31s  ...                0.85         0.02
3   2026-01-23 11:49:40       0m 34s  ...               25.47         0.67
4   2026-01-23 11:50:14       0m 35s  ...               37.39         0.99
5   2026-01-23 11:50:49       0m 30s  ...                0.45         0.01
6   2026-01-23 11:51:20       0m 36s  ...               38.62         0.91
7   2026-01-23 11:51:56       0m 35s  ...               19.86         0.56
8   2026-01-23 11:52:32       0m 34s  ...               39.61         1.05
9   2026-01-23 11:53:06       0m 30s  ...                1.79         0.05
10  2026-01-23 11:53:37       0m 30s  ...                2.79         0.07
11  2026-01-23 11:54:07       0m 33s  ...               20.77         0.49
12  2026-01-23 11:54:40       0m 33s  ...               20.60         0.51
13  2026-01-23 11:55:14       0m 32s  ...               15.28         0.35
14  2026-01-23 11:55:46       0m 35s  ...               30.18         0.79
15  2026-01-23 11:56:21       0m 34s  ...               19.25         0.48
16  2026-01-23 11:56:56       0m 44s  ...               85.84         2.58
17  2026-01-23 11:57:40       0m 31s  ...                0.76         0.02
18  2026-01-23 11:58:11       0m 33s  ...               23.22         0.57
19  2026-01-23 11:58:45       0m 39s  ...               62.76         1.72
20  2026-01-23 11:59:25       0m 30s  ...                1.10         0.03
21  2026-01-23 11:59:55       0m 33s  ...               19.31         0.52
22  2026-01-23 12:00:28       0m 36s  ...               42.05         1.16
23  2026-01-23 12:01:05       0m 28s  ...                6.56         0.18
24  2026-01-23 12:01:33       0m 29s  ...                1.51         0.04
25  2026-01-23 12:02:03       0m 31s  ...                8.51         0.22
26  2026-01-23 12:02:35       0m 32s  ...               12.12         0.31
27  2026-01-23 12:03:07       0m 34s  ...               32.69         0.79
28  2026-01-23 12:03:41       0m 31s  ...                2.15         0.06
29  2026-01-23 12:04:12       0m 31s  ...                2.94         0.07
30  2026-01-23 12:04:44       0m 32s  ...               12.91         0.30
31  2026-01-23 12:05:17       0m 34s  ...               42.77         1.19
32  2026-01-23 12:05:51       0m 39s  ...               65.54         1.89
33  2026-01-23 12:06:30       0m 32s  ...               10.11         0.24

[34 rows x 24 columns]
              timestamp time_elapsed  ... severity_rate_patch Gradient_sr2
0   2026-01-23 11:48:08       0m 29s  ...                1.74         0.04
1   2026-01-23 11:48:38       0m 30s  ...                4.36         0.11
2   2026-01-23 11:49:08       0m 31s  ...                0.85         0.02
3   2026-01-23 11:49:40       0m 34s  ...               25.47         0.67
4   2026-01-23 11:50:14       0m 35s  ...               37.39         0.99
5   2026-01-23 11:50:49       0m 30s  ...                0.45         0.01
6   2026-01-23 11:51:20       0m 36s  ...               38.62         0.91
7   2026-01-23 11:51:56       0m 35s  ...               19.86         0.56
8   2026-01-23 11:52:32       0m 34s  ...               39.61         1.05
9   2026-01-23 11:53:06       0m 30s  ...                1.79         0.05
10  2026-01-23 11:53:37       0m 30s  ...                2.79         0.07
11  2026-01-23 11:54:07       0m 33s  ...               20.77         0.49
12  2026-01-23 11:54:40       0m 33s  ...               20.60         0.51
13  2026-01-23 11:55:14       0m 32s  ...               15.28         0.35
14  2026-01-23 11:55:46       0m 35s  ...               30.18         0.79
15  2026-01-23 11:56:21       0m 34s  ...               19.25         0.48
16  2026-01-23 11:56:56       0m 44s  ...               85.84         2.58
17  2026-01-23 11:57:40       0m 31s  ...                0.76         0.02
18  2026-01-23 11:58:11       0m 33s  ...               23.22         0.57
19  2026-01-23 11:58:45       0m 39s  ...               62.76         1.72
20  2026-01-23 11:59:25       0m 30s  ...                1.10         0.03
21  2026-01-23 11:59:55       0m 33s  ...               19.31         0.52
22  2026-01-23 12:00:28       0m 36s  ...               42.05         1.16
23  2026-01-23 12:01:05       0m 28s  ...                6.56         0.18
24  2026-01-23 12:01:33       0m 29s  ...                1.51         0.04
25  2026-01-23 12:02:03       0m 31s  ...                8.51         0.22
26  2026-01-23 12:02:35       0m 32s  ...               12.12         0.31
27  2026-01-23 12:03:07       0m 34s  ...               32.69         0.79
28  2026-01-23 12:03:41       0m 31s  ...                2.15         0.06
29  2026-01-23 12:04:12       0m 31s  ...                2.94         0.07
30  2026-01-23 12:04:44       0m 32s  ...               12.91         0.30
31  2026-01-23 12:05:17       0m 34s  ...               42.77         1.19
32  2026-01-23 12:05:51       0m 39s  ...               65.54         1.89
33  2026-01-23 12:06:30       0m 32s  ...               10.11         0.24
34  2026-01-23 12:07:02       0m 31s  ...                4.05         0.11

[35 rows x 24 columns]
[2026-01-23 12:09:09,403] - [root] - [INFO] - Analysis finished: 0m 30s
[2026-01-23 12:09:09,403] - [root] - [INFO] - -------------------------------------------
[2026-01-23 12:09:09,403] - [root] - [INFO] - -------------------------------------------
[2026-01-23 12:09:09,403] - [root] - [INFO] - Processing 1-22-2026 5dpi 095-W2021011-553_R2.png
[2026-01-23 12:09:28,603] - [root] - [INFO] - Finished loading mask: 0m 19s
[2026-01-23 12:09:36,786] - [root] - [INFO] - Finished crop and inference: 0m 27s
[2026-01-23 12:09:38,491] - [root] - [INFO] - Analysis finished: 0m 29s
[2026-01-23 12:09:38,491] - [root] - [INFO] - -------------------------------------------
[2026-01-23 12:09:38,491] - [root] - [INFO] - -------------------------------------------
[2026-01-23 12:09:38,491] - [root] - [INFO] - Processing 1-22-2026 5dpi 097-W2021006-617_R2.png
[2026-01-23 12:09:59,202] - [root] - [INFO] - Finished loading mask: 0m 20s
[2026-01-23 12:10:13,639] - [root] - [INFO] - Finished crop and inference: 0m 35s
              timestamp time_elapsed  ... severity_rate_patch Gradient_sr2
0   2026-01-23 11:48:08       0m 29s  ...                1.74         0.04
1   2026-01-23 11:48:38       0m 30s  ...                4.36         0.11
2   2026-01-23 11:49:08       0m 31s  ...                0.85         0.02
3   2026-01-23 11:49:40       0m 34s  ...               25.47         0.67
4   2026-01-23 11:50:14       0m 35s  ...               37.39         0.99
5   2026-01-23 11:50:49       0m 30s  ...                0.45         0.01
6   2026-01-23 11:51:20       0m 36s  ...               38.62         0.91
7   2026-01-23 11:51:56       0m 35s  ...               19.86         0.56
8   2026-01-23 11:52:32       0m 34s  ...               39.61         1.05
9   2026-01-23 11:53:06       0m 30s  ...                1.79         0.05
10  2026-01-23 11:53:37       0m 30s  ...                2.79         0.07
11  2026-01-23 11:54:07       0m 33s  ...               20.77         0.49
12  2026-01-23 11:54:40       0m 33s  ...               20.60         0.51
13  2026-01-23 11:55:14       0m 32s  ...               15.28         0.35
14  2026-01-23 11:55:46       0m 35s  ...               30.18         0.79
15  2026-01-23 11:56:21       0m 34s  ...               19.25         0.48
16  2026-01-23 11:56:56       0m 44s  ...               85.84         2.58
17  2026-01-23 11:57:40       0m 31s  ...                0.76         0.02
18  2026-01-23 11:58:11       0m 33s  ...               23.22         0.57
19  2026-01-23 11:58:45       0m 39s  ...               62.76         1.72
20  2026-01-23 11:59:25       0m 30s  ...                1.10         0.03
21  2026-01-23 11:59:55       0m 33s  ...               19.31         0.52
22  2026-01-23 12:00:28       0m 36s  ...               42.05         1.16
23  2026-01-23 12:01:05       0m 28s  ...                6.56         0.18
24  2026-01-23 12:01:33       0m 29s  ...                1.51         0.04
25  2026-01-23 12:02:03       0m 31s  ...                8.51         0.22
26  2026-01-23 12:02:35       0m 32s  ...               12.12         0.31
27  2026-01-23 12:03:07       0m 34s  ...               32.69         0.79
28  2026-01-23 12:03:41       0m 31s  ...                2.15         0.06
29  2026-01-23 12:04:12       0m 31s  ...                2.94         0.07
30  2026-01-23 12:04:44       0m 32s  ...               12.91         0.30
31  2026-01-23 12:05:17       0m 34s  ...               42.77         1.19
32  2026-01-23 12:05:51       0m 39s  ...               65.54         1.89
33  2026-01-23 12:06:30       0m 32s  ...               10.11         0.24
34  2026-01-23 12:07:02       0m 31s  ...                4.05         0.11
35  2026-01-23 12:07:34       0m 31s  ...                1.89         0.05

[36 rows x 24 columns]
              timestamp time_elapsed  ... severity_rate_patch Gradient_sr2
0   2026-01-23 11:48:08       0m 29s  ...                1.74         0.04
1   2026-01-23 11:48:38       0m 30s  ...                4.36         0.11
2   2026-01-23 11:49:08       0m 31s  ...                0.85         0.02
3   2026-01-23 11:49:40       0m 34s  ...               25.47         0.67
4   2026-01-23 11:50:14       0m 35s  ...               37.39         0.99
5   2026-01-23 11:50:49       0m 30s  ...                0.45         0.01
6   2026-01-23 11:51:20       0m 36s  ...               38.62         0.91
7   2026-01-23 11:51:56       0m 35s  ...               19.86         0.56
8   2026-01-23 11:52:32       0m 34s  ...               39.61         1.05
9   2026-01-23 11:53:06       0m 30s  ...                1.79         0.05
10  2026-01-23 11:53:37       0m 30s  ...                2.79         0.07
11  2026-01-23 11:54:07       0m 33s  ...               20.77         0.49
12  2026-01-23 11:54:40       0m 33s  ...               20.60         0.51
13  2026-01-23 11:55:14       0m 32s  ...               15.28         0.35
14  2026-01-23 11:55:46       0m 35s  ...               30.18         0.79
15  2026-01-23 11:56:21       0m 34s  ...               19.25         0.48
16  2026-01-23 11:56:56       0m 44s  ...               85.84         2.58
17  2026-01-23 11:57:40       0m 31s  ...                0.76         0.02
18  2026-01-23 11:58:11       0m 33s  ...               23.22         0.57
19  2026-01-23 11:58:45       0m 39s  ...               62.76         1.72
20  2026-01-23 11:59:25       0m 30s  ...                1.10         0.03
21  2026-01-23 11:59:55       0m 33s  ...               19.31         0.52
22  2026-01-23 12:00:28       0m 36s  ...               42.05         1.16
23  2026-01-23 12:01:05       0m 28s  ...                6.56         0.18
24  2026-01-23 12:01:33       0m 29s  ...                1.51         0.04
25  2026-01-23 12:02:03       0m 31s  ...                8.51         0.22
26  2026-01-23 12:02:35       0m 32s  ...               12.12         0.31
27  2026-01-23 12:03:07       0m 34s  ...               32.69         0.79
28  2026-01-23 12:03:41       0m 31s  ...                2.15         0.06
29  2026-01-23 12:04:12       0m 31s  ...                2.94         0.07
30  2026-01-23 12:04:44       0m 32s  ...               12.91         0.30
31  2026-01-23 12:05:17       0m 34s  ...               42.77         1.19
32  2026-01-23 12:05:51       0m 39s  ...               65.54         1.89
33  2026-01-23 12:06:30       0m 32s  ...               10.11         0.24
34  2026-01-23 12:07:02       0m 31s  ...                4.05         0.11
35  2026-01-23 12:07:34       0m 31s  ...                1.89         0.05
36  2026-01-23 12:08:06       0m 32s  ...                5.54         0.15

[37 rows x 24 columns]
[2026-01-23 12:10:15,381] - [root] - [INFO] - Analysis finished: 0m 36s
[2026-01-23 12:10:15,381] - [root] - [INFO] - -------------------------------------------
[2026-01-23 12:10:15,381] - [root] - [INFO] - -------------------------------------------
[2026-01-23 12:10:15,381] - [root] - [INFO] - Processing 1-22-2026 5dpi 097-W2021009-163_R1.png
[2026-01-23 12:10:35,350] - [root] - [INFO] - Finished loading mask: 0m 19s
[2026-01-23 12:10:52,770] - [root] - [INFO] - Finished crop and inference: 0m 37s
[2026-01-23 12:10:54,398] - [root] - [INFO] - Analysis finished: 0m 39s
[2026-01-23 12:10:54,398] - [root] - [INFO] - -------------------------------------------
[2026-01-23 12:10:54,398] - [root] - [INFO] - -------------------------------------------
[2026-01-23 12:10:54,398] - [root] - [INFO] - Processing 1-22-2026 5dpi 099-W2021006-611_R2.png
[2026-01-23 12:11:14,801] - [root] - [INFO] - Finished loading mask: 0m 20s
[2026-01-23 12:11:30,264] - [root] - [INFO] - Finished crop and inference: 0m 35s
              timestamp time_elapsed  ... severity_rate_patch Gradient_sr2
0   2026-01-23 11:48:08       0m 29s  ...                1.74         0.04
1   2026-01-23 11:48:38       0m 30s  ...                4.36         0.11
2   2026-01-23 11:49:08       0m 31s  ...                0.85         0.02
3   2026-01-23 11:49:40       0m 34s  ...               25.47         0.67
4   2026-01-23 11:50:14       0m 35s  ...               37.39         0.99
5   2026-01-23 11:50:49       0m 30s  ...                0.45         0.01
6   2026-01-23 11:51:20       0m 36s  ...               38.62         0.91
7   2026-01-23 11:51:56       0m 35s  ...               19.86         0.56
8   2026-01-23 11:52:32       0m 34s  ...               39.61         1.05
9   2026-01-23 11:53:06       0m 30s  ...                1.79         0.05
10  2026-01-23 11:53:37       0m 30s  ...                2.79         0.07
11  2026-01-23 11:54:07       0m 33s  ...               20.77         0.49
12  2026-01-23 11:54:40       0m 33s  ...               20.60         0.51
13  2026-01-23 11:55:14       0m 32s  ...               15.28         0.35
14  2026-01-23 11:55:46       0m 35s  ...               30.18         0.79
15  2026-01-23 11:56:21       0m 34s  ...               19.25         0.48
16  2026-01-23 11:56:56       0m 44s  ...               85.84         2.58
17  2026-01-23 11:57:40       0m 31s  ...                0.76         0.02
18  2026-01-23 11:58:11       0m 33s  ...               23.22         0.57
19  2026-01-23 11:58:45       0m 39s  ...               62.76         1.72
20  2026-01-23 11:59:25       0m 30s  ...                1.10         0.03
21  2026-01-23 11:59:55       0m 33s  ...               19.31         0.52
22  2026-01-23 12:00:28       0m 36s  ...               42.05         1.16
23  2026-01-23 12:01:05       0m 28s  ...                6.56         0.18
24  2026-01-23 12:01:33       0m 29s  ...                1.51         0.04
25  2026-01-23 12:02:03       0m 31s  ...                8.51         0.22
26  2026-01-23 12:02:35       0m 32s  ...               12.12         0.31
27  2026-01-23 12:03:07       0m 34s  ...               32.69         0.79
28  2026-01-23 12:03:41       0m 31s  ...                2.15         0.06
29  2026-01-23 12:04:12       0m 31s  ...                2.94         0.07
30  2026-01-23 12:04:44       0m 32s  ...               12.91         0.30
31  2026-01-23 12:05:17       0m 34s  ...               42.77         1.19
32  2026-01-23 12:05:51       0m 39s  ...               65.54         1.89
33  2026-01-23 12:06:30       0m 32s  ...               10.11         0.24
34  2026-01-23 12:07:02       0m 31s  ...                4.05         0.11
35  2026-01-23 12:07:34       0m 31s  ...                1.89         0.05
36  2026-01-23 12:08:06       0m 32s  ...                5.54         0.15
37  2026-01-23 12:08:38       0m 30s  ...                0.46         0.01

[38 rows x 24 columns]
              timestamp time_elapsed  ... severity_rate_patch Gradient_sr2
0   2026-01-23 11:48:08       0m 29s  ...                1.74         0.04
1   2026-01-23 11:48:38       0m 30s  ...                4.36         0.11
2   2026-01-23 11:49:08       0m 31s  ...                0.85         0.02
3   2026-01-23 11:49:40       0m 34s  ...               25.47         0.67
4   2026-01-23 11:50:14       0m 35s  ...               37.39         0.99
5   2026-01-23 11:50:49       0m 30s  ...                0.45         0.01
6   2026-01-23 11:51:20       0m 36s  ...               38.62         0.91
7   2026-01-23 11:51:56       0m 35s  ...               19.86         0.56
8   2026-01-23 11:52:32       0m 34s  ...               39.61         1.05
9   2026-01-23 11:53:06       0m 30s  ...                1.79         0.05
10  2026-01-23 11:53:37       0m 30s  ...                2.79         0.07
11  2026-01-23 11:54:07       0m 33s  ...               20.77         0.49
12  2026-01-23 11:54:40       0m 33s  ...               20.60         0.51
13  2026-01-23 11:55:14       0m 32s  ...               15.28         0.35
14  2026-01-23 11:55:46       0m 35s  ...               30.18         0.79
15  2026-01-23 11:56:21       0m 34s  ...               19.25         0.48
16  2026-01-23 11:56:56       0m 44s  ...               85.84         2.58
17  2026-01-23 11:57:40       0m 31s  ...                0.76         0.02
18  2026-01-23 11:58:11       0m 33s  ...               23.22         0.57
19  2026-01-23 11:58:45       0m 39s  ...               62.76         1.72
20  2026-01-23 11:59:25       0m 30s  ...                1.10         0.03
21  2026-01-23 11:59:55       0m 33s  ...               19.31         0.52
22  2026-01-23 12:00:28       0m 36s  ...               42.05         1.16
23  2026-01-23 12:01:05       0m 28s  ...                6.56         0.18
24  2026-01-23 12:01:33       0m 29s  ...                1.51         0.04
25  2026-01-23 12:02:03       0m 31s  ...                8.51         0.22
26  2026-01-23 12:02:35       0m 32s  ...               12.12         0.31
27  2026-01-23 12:03:07       0m 34s  ...               32.69         0.79
28  2026-01-23 12:03:41       0m 31s  ...                2.15         0.06
29  2026-01-23 12:04:12       0m 31s  ...                2.94         0.07
30  2026-01-23 12:04:44       0m 32s  ...               12.91         0.30
31  2026-01-23 12:05:17       0m 34s  ...               42.77         1.19
32  2026-01-23 12:05:51       0m 39s  ...               65.54         1.89
33  2026-01-23 12:06:30       0m 32s  ...               10.11         0.24
34  2026-01-23 12:07:02       0m 31s  ...                4.05         0.11
35  2026-01-23 12:07:34       0m 31s  ...                1.89         0.05
36  2026-01-23 12:08:06       0m 32s  ...                5.54         0.15
37  2026-01-23 12:08:38       0m 30s  ...                0.46         0.01
38  2026-01-23 12:09:09       0m 29s  ...                1.59         0.04

[39 rows x 24 columns]
[2026-01-23 12:11:31,843] - [root] - [INFO] - Analysis finished: 0m 37s
[2026-01-23 12:11:31,843] - [root] - [INFO] - -------------------------------------------
[2026-01-23 12:11:31,843] - [root] - [INFO] - -------------------------------------------
[2026-01-23 12:11:31,843] - [root] - [INFO] - Processing 1-22-2026 5dpi 101-W2021011-565_R1.png
[2026-01-23 12:11:52,770] - [root] - [INFO] - Finished loading mask: 0m 20s
[2026-01-23 12:12:15,089] - [root] - [INFO] - Finished crop and inference: 0m 43s
[2026-01-23 12:12:16,727] - [root] - [INFO] - Analysis finished: 0m 44s
[2026-01-23 12:12:16,727] - [root] - [INFO] - -------------------------------------------
[2026-01-23 12:12:16,728] - [root] - [INFO] - -------------------------------------------
[2026-01-23 12:12:16,728] - [root] - [INFO] - Processing 1-22-2026 5dpi 105-W2021011-558_R1.png
[2026-01-23 12:12:36,674] - [root] - [INFO] - Finished loading mask: 0m 19s
[2026-01-23 12:12:45,712] - [root] - [INFO] - Finished crop and inference: 0m 28s
              timestamp time_elapsed  ... severity_rate_patch Gradient_sr2
0   2026-01-23 11:48:08       0m 29s  ...                1.74         0.04
1   2026-01-23 11:48:38       0m 30s  ...                4.36         0.11
2   2026-01-23 11:49:08       0m 31s  ...                0.85         0.02
3   2026-01-23 11:49:40       0m 34s  ...               25.47         0.67
4   2026-01-23 11:50:14       0m 35s  ...               37.39         0.99
5   2026-01-23 11:50:49       0m 30s  ...                0.45         0.01
6   2026-01-23 11:51:20       0m 36s  ...               38.62         0.91
7   2026-01-23 11:51:56       0m 35s  ...               19.86         0.56
8   2026-01-23 11:52:32       0m 34s  ...               39.61         1.05
9   2026-01-23 11:53:06       0m 30s  ...                1.79         0.05
10  2026-01-23 11:53:37       0m 30s  ...                2.79         0.07
11  2026-01-23 11:54:07       0m 33s  ...               20.77         0.49
12  2026-01-23 11:54:40       0m 33s  ...               20.60         0.51
13  2026-01-23 11:55:14       0m 32s  ...               15.28         0.35
14  2026-01-23 11:55:46       0m 35s  ...               30.18         0.79
15  2026-01-23 11:56:21       0m 34s  ...               19.25         0.48
16  2026-01-23 11:56:56       0m 44s  ...               85.84         2.58
17  2026-01-23 11:57:40       0m 31s  ...                0.76         0.02
18  2026-01-23 11:58:11       0m 33s  ...               23.22         0.57
19  2026-01-23 11:58:45       0m 39s  ...               62.76         1.72
20  2026-01-23 11:59:25       0m 30s  ...                1.10         0.03
21  2026-01-23 11:59:55       0m 33s  ...               19.31         0.52
22  2026-01-23 12:00:28       0m 36s  ...               42.05         1.16
23  2026-01-23 12:01:05       0m 28s  ...                6.56         0.18
24  2026-01-23 12:01:33       0m 29s  ...                1.51         0.04
25  2026-01-23 12:02:03       0m 31s  ...                8.51         0.22
26  2026-01-23 12:02:35       0m 32s  ...               12.12         0.31
27  2026-01-23 12:03:07       0m 34s  ...               32.69         0.79
28  2026-01-23 12:03:41       0m 31s  ...                2.15         0.06
29  2026-01-23 12:04:12       0m 31s  ...                2.94         0.07
30  2026-01-23 12:04:44       0m 32s  ...               12.91         0.30
31  2026-01-23 12:05:17       0m 34s  ...               42.77         1.19
32  2026-01-23 12:05:51       0m 39s  ...               65.54         1.89
33  2026-01-23 12:06:30       0m 32s  ...               10.11         0.24
34  2026-01-23 12:07:02       0m 31s  ...                4.05         0.11
35  2026-01-23 12:07:34       0m 31s  ...                1.89         0.05
36  2026-01-23 12:08:06       0m 32s  ...                5.54         0.15
37  2026-01-23 12:08:38       0m 30s  ...                0.46         0.01
38  2026-01-23 12:09:09       0m 29s  ...                1.59         0.04
39  2026-01-23 12:09:38       0m 36s  ...               43.85         1.03

[40 rows x 24 columns]
              timestamp time_elapsed  ... severity_rate_patch Gradient_sr2
0   2026-01-23 11:48:08       0m 29s  ...                1.74         0.04
1   2026-01-23 11:48:38       0m 30s  ...                4.36         0.11
2   2026-01-23 11:49:08       0m 31s  ...                0.85         0.02
3   2026-01-23 11:49:40       0m 34s  ...               25.47         0.67
4   2026-01-23 11:50:14       0m 35s  ...               37.39         0.99
5   2026-01-23 11:50:49       0m 30s  ...                0.45         0.01
6   2026-01-23 11:51:20       0m 36s  ...               38.62         0.91
7   2026-01-23 11:51:56       0m 35s  ...               19.86         0.56
8   2026-01-23 11:52:32       0m 34s  ...               39.61         1.05
9   2026-01-23 11:53:06       0m 30s  ...                1.79         0.05
10  2026-01-23 11:53:37       0m 30s  ...                2.79         0.07
11  2026-01-23 11:54:07       0m 33s  ...               20.77         0.49
12  2026-01-23 11:54:40       0m 33s  ...               20.60         0.51
13  2026-01-23 11:55:14       0m 32s  ...               15.28         0.35
14  2026-01-23 11:55:46       0m 35s  ...               30.18         0.79
15  2026-01-23 11:56:21       0m 34s  ...               19.25         0.48
16  2026-01-23 11:56:56       0m 44s  ...               85.84         2.58
17  2026-01-23 11:57:40       0m 31s  ...                0.76         0.02
18  2026-01-23 11:58:11       0m 33s  ...               23.22         0.57
19  2026-01-23 11:58:45       0m 39s  ...               62.76         1.72
20  2026-01-23 11:59:25       0m 30s  ...                1.10         0.03
21  2026-01-23 11:59:55       0m 33s  ...               19.31         0.52
22  2026-01-23 12:00:28       0m 36s  ...               42.05         1.16
23  2026-01-23 12:01:05       0m 28s  ...                6.56         0.18
24  2026-01-23 12:01:33       0m 29s  ...                1.51         0.04
25  2026-01-23 12:02:03       0m 31s  ...                8.51         0.22
26  2026-01-23 12:02:35       0m 32s  ...               12.12         0.31
27  2026-01-23 12:03:07       0m 34s  ...               32.69         0.79
28  2026-01-23 12:03:41       0m 31s  ...                2.15         0.06
29  2026-01-23 12:04:12       0m 31s  ...                2.94         0.07
30  2026-01-23 12:04:44       0m 32s  ...               12.91         0.30
31  2026-01-23 12:05:17       0m 34s  ...               42.77         1.19
32  2026-01-23 12:05:51       0m 39s  ...               65.54         1.89
33  2026-01-23 12:06:30       0m 32s  ...               10.11         0.24
34  2026-01-23 12:07:02       0m 31s  ...                4.05         0.11
35  2026-01-23 12:07:34       0m 31s  ...                1.89         0.05
36  2026-01-23 12:08:06       0m 32s  ...                5.54         0.15
37  2026-01-23 12:08:38       0m 30s  ...                0.46         0.01
38  2026-01-23 12:09:09       0m 29s  ...                1.59         0.04
39  2026-01-23 12:09:38       0m 36s  ...               43.85         1.03
40  2026-01-23 12:10:15       0m 38s  ...               61.84         1.56

[41 rows x 24 columns]
[2026-01-23 12:12:47,399] - [root] - [INFO] - Analysis finished: 0m 30s
[2026-01-23 12:12:47,399] - [root] - [INFO] - -------------------------------------------
[2026-01-23 12:12:47,399] - [root] - [INFO] - -------------------------------------------
[2026-01-23 12:12:47,399] - [root] - [INFO] - Processing 1-22-2026 5dpi 110-W2021011-454_R2.png
[2026-01-23 12:13:07,472] - [root] - [INFO] - Finished loading mask: 0m 20s
[2026-01-23 12:13:18,766] - [root] - [INFO] - Finished crop and inference: 0m 31s
[2026-01-23 12:13:20,379] - [root] - [INFO] - Analysis finished: 0m 32s
[2026-01-23 12:13:20,379] - [root] - [INFO] - -------------------------------------------
[2026-01-23 12:13:20,379] - [root] - [INFO] - -------------------------------------------
[2026-01-23 12:13:20,379] - [root] - [INFO] - Processing 1-22-2026 5dpi 111-W2021011-588_R2.png
[2026-01-23 12:13:41,286] - [root] - [INFO] - Finished loading mask: 0m 20s
[2026-01-23 12:13:51,236] - [root] - [INFO] - Finished crop and inference: 0m 30s
              timestamp time_elapsed  ... severity_rate_patch Gradient_sr2
0   2026-01-23 11:48:08       0m 29s  ...                1.74         0.04
1   2026-01-23 11:48:38       0m 30s  ...                4.36         0.11
2   2026-01-23 11:49:08       0m 31s  ...                0.85         0.02
3   2026-01-23 11:49:40       0m 34s  ...               25.47         0.67
4   2026-01-23 11:50:14       0m 35s  ...               37.39         0.99
5   2026-01-23 11:50:49       0m 30s  ...                0.45         0.01
6   2026-01-23 11:51:20       0m 36s  ...               38.62         0.91
7   2026-01-23 11:51:56       0m 35s  ...               19.86         0.56
8   2026-01-23 11:52:32       0m 34s  ...               39.61         1.05
9   2026-01-23 11:53:06       0m 30s  ...                1.79         0.05
10  2026-01-23 11:53:37       0m 30s  ...                2.79         0.07
11  2026-01-23 11:54:07       0m 33s  ...               20.77         0.49
12  2026-01-23 11:54:40       0m 33s  ...               20.60         0.51
13  2026-01-23 11:55:14       0m 32s  ...               15.28         0.35
14  2026-01-23 11:55:46       0m 35s  ...               30.18         0.79
15  2026-01-23 11:56:21       0m 34s  ...               19.25         0.48
16  2026-01-23 11:56:56       0m 44s  ...               85.84         2.58
17  2026-01-23 11:57:40       0m 31s  ...                0.76         0.02
18  2026-01-23 11:58:11       0m 33s  ...               23.22         0.57
19  2026-01-23 11:58:45       0m 39s  ...               62.76         1.72
20  2026-01-23 11:59:25       0m 30s  ...                1.10         0.03
21  2026-01-23 11:59:55       0m 33s  ...               19.31         0.52
22  2026-01-23 12:00:28       0m 36s  ...               42.05         1.16
23  2026-01-23 12:01:05       0m 28s  ...                6.56         0.18
24  2026-01-23 12:01:33       0m 29s  ...                1.51         0.04
25  2026-01-23 12:02:03       0m 31s  ...                8.51         0.22
26  2026-01-23 12:02:35       0m 32s  ...               12.12         0.31
27  2026-01-23 12:03:07       0m 34s  ...               32.69         0.79
28  2026-01-23 12:03:41       0m 31s  ...                2.15         0.06
29  2026-01-23 12:04:12       0m 31s  ...                2.94         0.07
30  2026-01-23 12:04:44       0m 32s  ...               12.91         0.30
31  2026-01-23 12:05:17       0m 34s  ...               42.77         1.19
32  2026-01-23 12:05:51       0m 39s  ...               65.54         1.89
33  2026-01-23 12:06:30       0m 32s  ...               10.11         0.24
34  2026-01-23 12:07:02       0m 31s  ...                4.05         0.11
35  2026-01-23 12:07:34       0m 31s  ...                1.89         0.05
36  2026-01-23 12:08:06       0m 32s  ...                5.54         0.15
37  2026-01-23 12:08:38       0m 30s  ...                0.46         0.01
38  2026-01-23 12:09:09       0m 29s  ...                1.59         0.04
39  2026-01-23 12:09:38       0m 36s  ...               43.85         1.03
40  2026-01-23 12:10:15       0m 38s  ...               61.84         1.56
41  2026-01-23 12:10:54       0m 37s  ...               46.89         1.19

[42 rows x 24 columns]
              timestamp time_elapsed  ... severity_rate_patch Gradient_sr2
0   2026-01-23 11:48:08       0m 29s  ...                1.74         0.04
1   2026-01-23 11:48:38       0m 30s  ...                4.36         0.11
2   2026-01-23 11:49:08       0m 31s  ...                0.85         0.02
3   2026-01-23 11:49:40       0m 34s  ...               25.47         0.67
4   2026-01-23 11:50:14       0m 35s  ...               37.39         0.99
5   2026-01-23 11:50:49       0m 30s  ...                0.45         0.01
6   2026-01-23 11:51:20       0m 36s  ...               38.62         0.91
7   2026-01-23 11:51:56       0m 35s  ...               19.86         0.56
8   2026-01-23 11:52:32       0m 34s  ...               39.61         1.05
9   2026-01-23 11:53:06       0m 30s  ...                1.79         0.05
10  2026-01-23 11:53:37       0m 30s  ...                2.79         0.07
11  2026-01-23 11:54:07       0m 33s  ...               20.77         0.49
12  2026-01-23 11:54:40       0m 33s  ...               20.60         0.51
13  2026-01-23 11:55:14       0m 32s  ...               15.28         0.35
14  2026-01-23 11:55:46       0m 35s  ...               30.18         0.79
15  2026-01-23 11:56:21       0m 34s  ...               19.25         0.48
16  2026-01-23 11:56:56       0m 44s  ...               85.84         2.58
17  2026-01-23 11:57:40       0m 31s  ...                0.76         0.02
18  2026-01-23 11:58:11       0m 33s  ...               23.22         0.57
19  2026-01-23 11:58:45       0m 39s  ...               62.76         1.72
20  2026-01-23 11:59:25       0m 30s  ...                1.10         0.03
21  2026-01-23 11:59:55       0m 33s  ...               19.31         0.52
22  2026-01-23 12:00:28       0m 36s  ...               42.05         1.16
23  2026-01-23 12:01:05       0m 28s  ...                6.56         0.18
24  2026-01-23 12:01:33       0m 29s  ...                1.51         0.04
25  2026-01-23 12:02:03       0m 31s  ...                8.51         0.22
26  2026-01-23 12:02:35       0m 32s  ...               12.12         0.31
27  2026-01-23 12:03:07       0m 34s  ...               32.69         0.79
28  2026-01-23 12:03:41       0m 31s  ...                2.15         0.06
29  2026-01-23 12:04:12       0m 31s  ...                2.94         0.07
30  2026-01-23 12:04:44       0m 32s  ...               12.91         0.30
31  2026-01-23 12:05:17       0m 34s  ...               42.77         1.19
32  2026-01-23 12:05:51       0m 39s  ...               65.54         1.89
33  2026-01-23 12:06:30       0m 32s  ...               10.11         0.24
34  2026-01-23 12:07:02       0m 31s  ...                4.05         0.11
35  2026-01-23 12:07:34       0m 31s  ...                1.89         0.05
36  2026-01-23 12:08:06       0m 32s  ...                5.54         0.15
37  2026-01-23 12:08:38       0m 30s  ...                0.46         0.01
38  2026-01-23 12:09:09       0m 29s  ...                1.59         0.04
39  2026-01-23 12:09:38       0m 36s  ...               43.85         1.03
40  2026-01-23 12:10:15       0m 38s  ...               61.84         1.56
41  2026-01-23 12:10:54       0m 37s  ...               46.89         1.19
42  2026-01-23 12:11:31       0m 44s  ...               80.70         2.32

[43 rows x 24 columns]
[2026-01-23 12:13:52,918] - [root] - [INFO] - Analysis finished: 0m 32s
[2026-01-23 12:13:52,918] - [root] - [INFO] - -------------------------------------------
[2026-01-23 12:13:52,919] - [root] - [INFO] - -------------------------------------------
[2026-01-23 12:13:52,919] - [root] - [INFO] - Processing 1-22-2026 5dpi 121-W2021009-185_R1.png
[2026-01-23 12:14:13,521] - [root] - [INFO] - Finished loading mask: 0m 20s
[2026-01-23 12:14:23,300] - [root] - [INFO] - Finished crop and inference: 0m 30s
[2026-01-23 12:14:24,993] - [root] - [INFO] - Analysis finished: 0m 32s
[2026-01-23 12:14:24,993] - [root] - [INFO] - -------------------------------------------
[2026-01-23 12:14:24,993] - [root] - [INFO] - -------------------------------------------
[2026-01-23 12:14:24,993] - [root] - [INFO] - Processing 1-22-2026 5dpi 123-W2021009-255_R2.png
[2026-01-23 12:14:44,937] - [root] - [INFO] - Finished loading mask: 0m 19s
[2026-01-23 12:14:56,076] - [root] - [INFO] - Finished crop and inference: 0m 31s
              timestamp time_elapsed  ... severity_rate_patch Gradient_sr2
0   2026-01-23 11:48:08       0m 29s  ...                1.74         0.04
1   2026-01-23 11:48:38       0m 30s  ...                4.36         0.11
2   2026-01-23 11:49:08       0m 31s  ...                0.85         0.02
3   2026-01-23 11:49:40       0m 34s  ...               25.47         0.67
4   2026-01-23 11:50:14       0m 35s  ...               37.39         0.99
5   2026-01-23 11:50:49       0m 30s  ...                0.45         0.01
6   2026-01-23 11:51:20       0m 36s  ...               38.62         0.91
7   2026-01-23 11:51:56       0m 35s  ...               19.86         0.56
8   2026-01-23 11:52:32       0m 34s  ...               39.61         1.05
9   2026-01-23 11:53:06       0m 30s  ...                1.79         0.05
10  2026-01-23 11:53:37       0m 30s  ...                2.79         0.07
11  2026-01-23 11:54:07       0m 33s  ...               20.77         0.49
12  2026-01-23 11:54:40       0m 33s  ...               20.60         0.51
13  2026-01-23 11:55:14       0m 32s  ...               15.28         0.35
14  2026-01-23 11:55:46       0m 35s  ...               30.18         0.79
15  2026-01-23 11:56:21       0m 34s  ...               19.25         0.48
16  2026-01-23 11:56:56       0m 44s  ...               85.84         2.58
17  2026-01-23 11:57:40       0m 31s  ...                0.76         0.02
18  2026-01-23 11:58:11       0m 33s  ...               23.22         0.57
19  2026-01-23 11:58:45       0m 39s  ...               62.76         1.72
20  2026-01-23 11:59:25       0m 30s  ...                1.10         0.03
21  2026-01-23 11:59:55       0m 33s  ...               19.31         0.52
22  2026-01-23 12:00:28       0m 36s  ...               42.05         1.16
23  2026-01-23 12:01:05       0m 28s  ...                6.56         0.18
24  2026-01-23 12:01:33       0m 29s  ...                1.51         0.04
25  2026-01-23 12:02:03       0m 31s  ...                8.51         0.22
26  2026-01-23 12:02:35       0m 32s  ...               12.12         0.31
27  2026-01-23 12:03:07       0m 34s  ...               32.69         0.79
28  2026-01-23 12:03:41       0m 31s  ...                2.15         0.06
29  2026-01-23 12:04:12       0m 31s  ...                2.94         0.07
30  2026-01-23 12:04:44       0m 32s  ...               12.91         0.30
31  2026-01-23 12:05:17       0m 34s  ...               42.77         1.19
32  2026-01-23 12:05:51       0m 39s  ...               65.54         1.89
33  2026-01-23 12:06:30       0m 32s  ...               10.11         0.24
34  2026-01-23 12:07:02       0m 31s  ...                4.05         0.11
35  2026-01-23 12:07:34       0m 31s  ...                1.89         0.05
36  2026-01-23 12:08:06       0m 32s  ...                5.54         0.15
37  2026-01-23 12:08:38       0m 30s  ...                0.46         0.01
38  2026-01-23 12:09:09       0m 29s  ...                1.59         0.04
39  2026-01-23 12:09:38       0m 36s  ...               43.85         1.03
40  2026-01-23 12:10:15       0m 38s  ...               61.84         1.56
41  2026-01-23 12:10:54       0m 37s  ...               46.89         1.19
42  2026-01-23 12:11:31       0m 44s  ...               80.70         2.32
43  2026-01-23 12:12:16       0m 30s  ...                2.90         0.07

[44 rows x 24 columns]
              timestamp time_elapsed  ... severity_rate_patch Gradient_sr2
0   2026-01-23 11:48:08       0m 29s  ...                1.74         0.04
1   2026-01-23 11:48:38       0m 30s  ...                4.36         0.11
2   2026-01-23 11:49:08       0m 31s  ...                0.85         0.02
3   2026-01-23 11:49:40       0m 34s  ...               25.47         0.67
4   2026-01-23 11:50:14       0m 35s  ...               37.39         0.99
5   2026-01-23 11:50:49       0m 30s  ...                0.45         0.01
6   2026-01-23 11:51:20       0m 36s  ...               38.62         0.91
7   2026-01-23 11:51:56       0m 35s  ...               19.86         0.56
8   2026-01-23 11:52:32       0m 34s  ...               39.61         1.05
9   2026-01-23 11:53:06       0m 30s  ...                1.79         0.05
10  2026-01-23 11:53:37       0m 30s  ...                2.79         0.07
11  2026-01-23 11:54:07       0m 33s  ...               20.77         0.49
12  2026-01-23 11:54:40       0m 33s  ...               20.60         0.51
13  2026-01-23 11:55:14       0m 32s  ...               15.28         0.35
14  2026-01-23 11:55:46       0m 35s  ...               30.18         0.79
15  2026-01-23 11:56:21       0m 34s  ...               19.25         0.48
16  2026-01-23 11:56:56       0m 44s  ...               85.84         2.58
17  2026-01-23 11:57:40       0m 31s  ...                0.76         0.02
18  2026-01-23 11:58:11       0m 33s  ...               23.22         0.57
19  2026-01-23 11:58:45       0m 39s  ...               62.76         1.72
20  2026-01-23 11:59:25       0m 30s  ...                1.10         0.03
21  2026-01-23 11:59:55       0m 33s  ...               19.31         0.52
22  2026-01-23 12:00:28       0m 36s  ...               42.05         1.16
23  2026-01-23 12:01:05       0m 28s  ...                6.56         0.18
24  2026-01-23 12:01:33       0m 29s  ...                1.51         0.04
25  2026-01-23 12:02:03       0m 31s  ...                8.51         0.22
26  2026-01-23 12:02:35       0m 32s  ...               12.12         0.31
27  2026-01-23 12:03:07       0m 34s  ...               32.69         0.79
28  2026-01-23 12:03:41       0m 31s  ...                2.15         0.06
29  2026-01-23 12:04:12       0m 31s  ...                2.94         0.07
30  2026-01-23 12:04:44       0m 32s  ...               12.91         0.30
31  2026-01-23 12:05:17       0m 34s  ...               42.77         1.19
32  2026-01-23 12:05:51       0m 39s  ...               65.54         1.89
33  2026-01-23 12:06:30       0m 32s  ...               10.11         0.24
34  2026-01-23 12:07:02       0m 31s  ...                4.05         0.11
35  2026-01-23 12:07:34       0m 31s  ...                1.89         0.05
36  2026-01-23 12:08:06       0m 32s  ...                5.54         0.15
37  2026-01-23 12:08:38       0m 30s  ...                0.46         0.01
38  2026-01-23 12:09:09       0m 29s  ...                1.59         0.04
39  2026-01-23 12:09:38       0m 36s  ...               43.85         1.03
40  2026-01-23 12:10:15       0m 38s  ...               61.84         1.56
41  2026-01-23 12:10:54       0m 37s  ...               46.89         1.19
42  2026-01-23 12:11:31       0m 44s  ...               80.70         2.32
43  2026-01-23 12:12:16       0m 30s  ...                2.90         0.07
44  2026-01-23 12:12:47       0m 32s  ...               11.56         0.29

[45 rows x 24 columns]
[2026-01-23 12:14:57,794] - [root] - [INFO] - Analysis finished: 0m 32s
[2026-01-23 12:14:57,794] - [root] - [INFO] - -------------------------------------------
[2026-01-23 12:14:57,794] - [root] - [INFO] - -------------------------------------------
[2026-01-23 12:14:57,794] - [root] - [INFO] - Processing 1-22-2026 5dpi 123-W2021009-621_R2.png
[2026-01-23 12:15:18,118] - [root] - [INFO] - Finished loading mask: 0m 20s
[2026-01-23 12:15:28,555] - [root] - [INFO] - Finished crop and inference: 0m 30s
[2026-01-23 12:15:30,274] - [root] - [INFO] - Analysis finished: 0m 32s
[2026-01-23 12:15:30,274] - [root] - [INFO] - -------------------------------------------
[2026-01-23 12:15:30,274] - [root] - [INFO] - -------------------------------------------
[2026-01-23 12:15:30,274] - [root] - [INFO] - Processing 1-22-2026 5dpi 127-W2021006-143_R2.png
[2026-01-23 12:15:50,783] - [root] - [INFO] - Finished loading mask: 0m 20s
[2026-01-23 12:15:59,853] - [root] - [INFO] - Finished crop and inference: 0m 29s
              timestamp time_elapsed  ... severity_rate_patch Gradient_sr2
0   2026-01-23 11:48:08       0m 29s  ...                1.74         0.04
1   2026-01-23 11:48:38       0m 30s  ...                4.36         0.11
2   2026-01-23 11:49:08       0m 31s  ...                0.85         0.02
3   2026-01-23 11:49:40       0m 34s  ...               25.47         0.67
4   2026-01-23 11:50:14       0m 35s  ...               37.39         0.99
5   2026-01-23 11:50:49       0m 30s  ...                0.45         0.01
6   2026-01-23 11:51:20       0m 36s  ...               38.62         0.91
7   2026-01-23 11:51:56       0m 35s  ...               19.86         0.56
8   2026-01-23 11:52:32       0m 34s  ...               39.61         1.05
9   2026-01-23 11:53:06       0m 30s  ...                1.79         0.05
10  2026-01-23 11:53:37       0m 30s  ...                2.79         0.07
11  2026-01-23 11:54:07       0m 33s  ...               20.77         0.49
12  2026-01-23 11:54:40       0m 33s  ...               20.60         0.51
13  2026-01-23 11:55:14       0m 32s  ...               15.28         0.35
14  2026-01-23 11:55:46       0m 35s  ...               30.18         0.79
15  2026-01-23 11:56:21       0m 34s  ...               19.25         0.48
16  2026-01-23 11:56:56       0m 44s  ...               85.84         2.58
17  2026-01-23 11:57:40       0m 31s  ...                0.76         0.02
18  2026-01-23 11:58:11       0m 33s  ...               23.22         0.57
19  2026-01-23 11:58:45       0m 39s  ...               62.76         1.72
20  2026-01-23 11:59:25       0m 30s  ...                1.10         0.03
21  2026-01-23 11:59:55       0m 33s  ...               19.31         0.52
22  2026-01-23 12:00:28       0m 36s  ...               42.05         1.16
23  2026-01-23 12:01:05       0m 28s  ...                6.56         0.18
24  2026-01-23 12:01:33       0m 29s  ...                1.51         0.04
25  2026-01-23 12:02:03       0m 31s  ...                8.51         0.22
26  2026-01-23 12:02:35       0m 32s  ...               12.12         0.31
27  2026-01-23 12:03:07       0m 34s  ...               32.69         0.79
28  2026-01-23 12:03:41       0m 31s  ...                2.15         0.06
29  2026-01-23 12:04:12       0m 31s  ...                2.94         0.07
30  2026-01-23 12:04:44       0m 32s  ...               12.91         0.30
31  2026-01-23 12:05:17       0m 34s  ...               42.77         1.19
32  2026-01-23 12:05:51       0m 39s  ...               65.54         1.89
33  2026-01-23 12:06:30       0m 32s  ...               10.11         0.24
34  2026-01-23 12:07:02       0m 31s  ...                4.05         0.11
35  2026-01-23 12:07:34       0m 31s  ...                1.89         0.05
36  2026-01-23 12:08:06       0m 32s  ...                5.54         0.15
37  2026-01-23 12:08:38       0m 30s  ...                0.46         0.01
38  2026-01-23 12:09:09       0m 29s  ...                1.59         0.04
39  2026-01-23 12:09:38       0m 36s  ...               43.85         1.03
40  2026-01-23 12:10:15       0m 38s  ...               61.84         1.56
41  2026-01-23 12:10:54       0m 37s  ...               46.89         1.19
42  2026-01-23 12:11:31       0m 44s  ...               80.70         2.32
43  2026-01-23 12:12:16       0m 30s  ...                2.90         0.07
44  2026-01-23 12:12:47       0m 32s  ...               11.56         0.29
45  2026-01-23 12:13:20       0m 32s  ...                4.11         0.11

[46 rows x 24 columns]
              timestamp time_elapsed  ... severity_rate_patch Gradient_sr2
0   2026-01-23 11:48:08       0m 29s  ...                1.74         0.04
1   2026-01-23 11:48:38       0m 30s  ...                4.36         0.11
2   2026-01-23 11:49:08       0m 31s  ...                0.85         0.02
3   2026-01-23 11:49:40       0m 34s  ...               25.47         0.67
4   2026-01-23 11:50:14       0m 35s  ...               37.39         0.99
5   2026-01-23 11:50:49       0m 30s  ...                0.45         0.01
6   2026-01-23 11:51:20       0m 36s  ...               38.62         0.91
7   2026-01-23 11:51:56       0m 35s  ...               19.86         0.56
8   2026-01-23 11:52:32       0m 34s  ...               39.61         1.05
9   2026-01-23 11:53:06       0m 30s  ...                1.79         0.05
10  2026-01-23 11:53:37       0m 30s  ...                2.79         0.07
11  2026-01-23 11:54:07       0m 33s  ...               20.77         0.49
12  2026-01-23 11:54:40       0m 33s  ...               20.60         0.51
13  2026-01-23 11:55:14       0m 32s  ...               15.28         0.35
14  2026-01-23 11:55:46       0m 35s  ...               30.18         0.79
15  2026-01-23 11:56:21       0m 34s  ...               19.25         0.48
16  2026-01-23 11:56:56       0m 44s  ...               85.84         2.58
17  2026-01-23 11:57:40       0m 31s  ...                0.76         0.02
18  2026-01-23 11:58:11       0m 33s  ...               23.22         0.57
19  2026-01-23 11:58:45       0m 39s  ...               62.76         1.72
20  2026-01-23 11:59:25       0m 30s  ...                1.10         0.03
21  2026-01-23 11:59:55       0m 33s  ...               19.31         0.52
22  2026-01-23 12:00:28       0m 36s  ...               42.05         1.16
23  2026-01-23 12:01:05       0m 28s  ...                6.56         0.18
24  2026-01-23 12:01:33       0m 29s  ...                1.51         0.04
25  2026-01-23 12:02:03       0m 31s  ...                8.51         0.22
26  2026-01-23 12:02:35       0m 32s  ...               12.12         0.31
27  2026-01-23 12:03:07       0m 34s  ...               32.69         0.79
28  2026-01-23 12:03:41       0m 31s  ...                2.15         0.06
29  2026-01-23 12:04:12       0m 31s  ...                2.94         0.07
30  2026-01-23 12:04:44       0m 32s  ...               12.91         0.30
31  2026-01-23 12:05:17       0m 34s  ...               42.77         1.19
32  2026-01-23 12:05:51       0m 39s  ...               65.54         1.89
33  2026-01-23 12:06:30       0m 32s  ...               10.11         0.24
34  2026-01-23 12:07:02       0m 31s  ...                4.05         0.11
35  2026-01-23 12:07:34       0m 31s  ...                1.89         0.05
36  2026-01-23 12:08:06       0m 32s  ...                5.54         0.15
37  2026-01-23 12:08:38       0m 30s  ...                0.46         0.01
38  2026-01-23 12:09:09       0m 29s  ...                1.59         0.04
39  2026-01-23 12:09:38       0m 36s  ...               43.85         1.03
40  2026-01-23 12:10:15       0m 38s  ...               61.84         1.56
41  2026-01-23 12:10:54       0m 37s  ...               46.89         1.19
42  2026-01-23 12:11:31       0m 44s  ...               80.70         2.32
43  2026-01-23 12:12:16       0m 30s  ...                2.90         0.07
44  2026-01-23 12:12:47       0m 32s  ...               11.56         0.29
45  2026-01-23 12:13:20       0m 32s  ...                4.11         0.11
46  2026-01-23 12:13:52       0m 32s  ...               11.45         0.30

[47 rows x 24 columns]
[2026-01-23 12:16:01,539] - [root] - [INFO] - Analysis finished: 0m 31s
[2026-01-23 12:16:01,539] - [root] - [INFO] - -------------------------------------------
[2026-01-23 12:16:01,539] - [root] - [INFO] - -------------------------------------------
[2026-01-23 12:16:01,539] - [root] - [INFO] - Processing 1-22-2026 5dpi 127-W2021009-292_R2.png
[2026-01-23 12:16:21,549] - [root] - [INFO] - Finished loading mask: 0m 20s
[2026-01-23 12:16:43,785] - [root] - [INFO] - Finished crop and inference: 0m 42s
[2026-01-23 12:16:45,487] - [root] - [INFO] - Analysis finished: 0m 43s
[2026-01-23 12:16:45,487] - [root] - [INFO] - -------------------------------------------
[2026-01-23 12:16:45,489] - [root] - [INFO] - -------------------------------------------
[2026-01-23 12:16:45,489] - [root] - [INFO] - Processing 1-22-2026 5dpi 128-W2021006-013_R1.png
[2026-01-23 12:17:05,825] - [root] - [INFO] - Finished loading mask: 0m 20s
[2026-01-23 12:17:24,122] - [root] - [INFO] - Finished crop and inference: 0m 38s
              timestamp time_elapsed  ... severity_rate_patch Gradient_sr2
0   2026-01-23 11:48:08       0m 29s  ...                1.74         0.04
1   2026-01-23 11:48:38       0m 30s  ...                4.36         0.11
2   2026-01-23 11:49:08       0m 31s  ...                0.85         0.02
3   2026-01-23 11:49:40       0m 34s  ...               25.47         0.67
4   2026-01-23 11:50:14       0m 35s  ...               37.39         0.99
5   2026-01-23 11:50:49       0m 30s  ...                0.45         0.01
6   2026-01-23 11:51:20       0m 36s  ...               38.62         0.91
7   2026-01-23 11:51:56       0m 35s  ...               19.86         0.56
8   2026-01-23 11:52:32       0m 34s  ...               39.61         1.05
9   2026-01-23 11:53:06       0m 30s  ...                1.79         0.05
10  2026-01-23 11:53:37       0m 30s  ...                2.79         0.07
11  2026-01-23 11:54:07       0m 33s  ...               20.77         0.49
12  2026-01-23 11:54:40       0m 33s  ...               20.60         0.51
13  2026-01-23 11:55:14       0m 32s  ...               15.28         0.35
14  2026-01-23 11:55:46       0m 35s  ...               30.18         0.79
15  2026-01-23 11:56:21       0m 34s  ...               19.25         0.48
16  2026-01-23 11:56:56       0m 44s  ...               85.84         2.58
17  2026-01-23 11:57:40       0m 31s  ...                0.76         0.02
18  2026-01-23 11:58:11       0m 33s  ...               23.22         0.57
19  2026-01-23 11:58:45       0m 39s  ...               62.76         1.72
20  2026-01-23 11:59:25       0m 30s  ...                1.10         0.03
21  2026-01-23 11:59:55       0m 33s  ...               19.31         0.52
22  2026-01-23 12:00:28       0m 36s  ...               42.05         1.16
23  2026-01-23 12:01:05       0m 28s  ...                6.56         0.18
24  2026-01-23 12:01:33       0m 29s  ...                1.51         0.04
25  2026-01-23 12:02:03       0m 31s  ...                8.51         0.22
26  2026-01-23 12:02:35       0m 32s  ...               12.12         0.31
27  2026-01-23 12:03:07       0m 34s  ...               32.69         0.79
28  2026-01-23 12:03:41       0m 31s  ...                2.15         0.06
29  2026-01-23 12:04:12       0m 31s  ...                2.94         0.07
30  2026-01-23 12:04:44       0m 32s  ...               12.91         0.30
31  2026-01-23 12:05:17       0m 34s  ...               42.77         1.19
32  2026-01-23 12:05:51       0m 39s  ...               65.54         1.89
33  2026-01-23 12:06:30       0m 32s  ...               10.11         0.24
34  2026-01-23 12:07:02       0m 31s  ...                4.05         0.11
35  2026-01-23 12:07:34       0m 31s  ...                1.89         0.05
36  2026-01-23 12:08:06       0m 32s  ...                5.54         0.15
37  2026-01-23 12:08:38       0m 30s  ...                0.46         0.01
38  2026-01-23 12:09:09       0m 29s  ...                1.59         0.04
39  2026-01-23 12:09:38       0m 36s  ...               43.85         1.03
40  2026-01-23 12:10:15       0m 38s  ...               61.84         1.56
41  2026-01-23 12:10:54       0m 37s  ...               46.89         1.19
42  2026-01-23 12:11:31       0m 44s  ...               80.70         2.32
43  2026-01-23 12:12:16       0m 30s  ...                2.90         0.07
44  2026-01-23 12:12:47       0m 32s  ...               11.56         0.29
45  2026-01-23 12:13:20       0m 32s  ...                4.11         0.11
46  2026-01-23 12:13:52       0m 32s  ...               11.45         0.30
47  2026-01-23 12:14:24       0m 32s  ...               11.80         0.25

[48 rows x 24 columns]
              timestamp time_elapsed  ... severity_rate_patch Gradient_sr2
0   2026-01-23 11:48:08       0m 29s  ...                1.74         0.04
1   2026-01-23 11:48:38       0m 30s  ...                4.36         0.11
2   2026-01-23 11:49:08       0m 31s  ...                0.85         0.02
3   2026-01-23 11:49:40       0m 34s  ...               25.47         0.67
4   2026-01-23 11:50:14       0m 35s  ...               37.39         0.99
5   2026-01-23 11:50:49       0m 30s  ...                0.45         0.01
6   2026-01-23 11:51:20       0m 36s  ...               38.62         0.91
7   2026-01-23 11:51:56       0m 35s  ...               19.86         0.56
8   2026-01-23 11:52:32       0m 34s  ...               39.61         1.05
9   2026-01-23 11:53:06       0m 30s  ...                1.79         0.05
10  2026-01-23 11:53:37       0m 30s  ...                2.79         0.07
11  2026-01-23 11:54:07       0m 33s  ...               20.77         0.49
12  2026-01-23 11:54:40       0m 33s  ...               20.60         0.51
13  2026-01-23 11:55:14       0m 32s  ...               15.28         0.35
14  2026-01-23 11:55:46       0m 35s  ...               30.18         0.79
15  2026-01-23 11:56:21       0m 34s  ...               19.25         0.48
16  2026-01-23 11:56:56       0m 44s  ...               85.84         2.58
17  2026-01-23 11:57:40       0m 31s  ...                0.76         0.02
18  2026-01-23 11:58:11       0m 33s  ...               23.22         0.57
19  2026-01-23 11:58:45       0m 39s  ...               62.76         1.72
20  2026-01-23 11:59:25       0m 30s  ...                1.10         0.03
21  2026-01-23 11:59:55       0m 33s  ...               19.31         0.52
22  2026-01-23 12:00:28       0m 36s  ...               42.05         1.16
23  2026-01-23 12:01:05       0m 28s  ...                6.56         0.18
24  2026-01-23 12:01:33       0m 29s  ...                1.51         0.04
25  2026-01-23 12:02:03       0m 31s  ...                8.51         0.22
26  2026-01-23 12:02:35       0m 32s  ...               12.12         0.31
27  2026-01-23 12:03:07       0m 34s  ...               32.69         0.79
28  2026-01-23 12:03:41       0m 31s  ...                2.15         0.06
29  2026-01-23 12:04:12       0m 31s  ...                2.94         0.07
30  2026-01-23 12:04:44       0m 32s  ...               12.91         0.30
31  2026-01-23 12:05:17       0m 34s  ...               42.77         1.19
32  2026-01-23 12:05:51       0m 39s  ...               65.54         1.89
33  2026-01-23 12:06:30       0m 32s  ...               10.11         0.24
34  2026-01-23 12:07:02       0m 31s  ...                4.05         0.11
35  2026-01-23 12:07:34       0m 31s  ...                1.89         0.05
36  2026-01-23 12:08:06       0m 32s  ...                5.54         0.15
37  2026-01-23 12:08:38       0m 30s  ...                0.46         0.01
38  2026-01-23 12:09:09       0m 29s  ...                1.59         0.04
39  2026-01-23 12:09:38       0m 36s  ...               43.85         1.03
40  2026-01-23 12:10:15       0m 38s  ...               61.84         1.56
41  2026-01-23 12:10:54       0m 37s  ...               46.89         1.19
42  2026-01-23 12:11:31       0m 44s  ...               80.70         2.32
43  2026-01-23 12:12:16       0m 30s  ...                2.90         0.07
44  2026-01-23 12:12:47       0m 32s  ...               11.56         0.29
45  2026-01-23 12:13:20       0m 32s  ...                4.11         0.11
46  2026-01-23 12:13:52       0m 32s  ...               11.45         0.30
47  2026-01-23 12:14:24       0m 32s  ...               11.80         0.25
48  2026-01-23 12:14:57       0m 32s  ...                6.42         0.18

[49 rows x 24 columns]
[2026-01-23 12:17:25,742] - [root] - [INFO] - Analysis finished: 0m 40s
[2026-01-23 12:17:25,742] - [root] - [INFO] - -------------------------------------------
[2026-01-23 12:17:25,744] - [root] - [INFO] - -------------------------------------------
[2026-01-23 12:17:25,744] - [root] - [INFO] - Processing 1-22-2026 5dpi 129-W2021006-119_R2.png
[2026-01-23 12:17:46,156] - [root] - [INFO] - Finished loading mask: 0m 20s
[2026-01-23 12:17:56,855] - [root] - [INFO] - Finished crop and inference: 0m 31s
[2026-01-23 12:17:58,512] - [root] - [INFO] - Analysis finished: 0m 32s
[2026-01-23 12:17:58,512] - [root] - [INFO] - -------------------------------------------
[2026-01-23 12:17:58,512] - [root] - [INFO] - -------------------------------------------
[2026-01-23 12:17:58,512] - [root] - [INFO] - Processing 1-22-2026 5dpi 132-W2021010-399_R1.png
[2026-01-23 12:18:18,656] - [root] - [INFO] - Finished loading mask: 0m 20s
[2026-01-23 12:18:27,513] - [root] - [INFO] - Finished crop and inference: 0m 29s
              timestamp time_elapsed  ... severity_rate_patch Gradient_sr2
0   2026-01-23 11:48:08       0m 29s  ...                1.74         0.04
1   2026-01-23 11:48:38       0m 30s  ...                4.36         0.11
2   2026-01-23 11:49:08       0m 31s  ...                0.85         0.02
3   2026-01-23 11:49:40       0m 34s  ...               25.47         0.67
4   2026-01-23 11:50:14       0m 35s  ...               37.39         0.99
5   2026-01-23 11:50:49       0m 30s  ...                0.45         0.01
6   2026-01-23 11:51:20       0m 36s  ...               38.62         0.91
7   2026-01-23 11:51:56       0m 35s  ...               19.86         0.56
8   2026-01-23 11:52:32       0m 34s  ...               39.61         1.05
9   2026-01-23 11:53:06       0m 30s  ...                1.79         0.05
10  2026-01-23 11:53:37       0m 30s  ...                2.79         0.07
11  2026-01-23 11:54:07       0m 33s  ...               20.77         0.49
12  2026-01-23 11:54:40       0m 33s  ...               20.60         0.51
13  2026-01-23 11:55:14       0m 32s  ...               15.28         0.35
14  2026-01-23 11:55:46       0m 35s  ...               30.18         0.79
15  2026-01-23 11:56:21       0m 34s  ...               19.25         0.48
16  2026-01-23 11:56:56       0m 44s  ...               85.84         2.58
17  2026-01-23 11:57:40       0m 31s  ...                0.76         0.02
18  2026-01-23 11:58:11       0m 33s  ...               23.22         0.57
19  2026-01-23 11:58:45       0m 39s  ...               62.76         1.72
20  2026-01-23 11:59:25       0m 30s  ...                1.10         0.03
21  2026-01-23 11:59:55       0m 33s  ...               19.31         0.52
22  2026-01-23 12:00:28       0m 36s  ...               42.05         1.16
23  2026-01-23 12:01:05       0m 28s  ...                6.56         0.18
24  2026-01-23 12:01:33       0m 29s  ...                1.51         0.04
25  2026-01-23 12:02:03       0m 31s  ...                8.51         0.22
26  2026-01-23 12:02:35       0m 32s  ...               12.12         0.31
27  2026-01-23 12:03:07       0m 34s  ...               32.69         0.79
28  2026-01-23 12:03:41       0m 31s  ...                2.15         0.06
29  2026-01-23 12:04:12       0m 31s  ...                2.94         0.07
30  2026-01-23 12:04:44       0m 32s  ...               12.91         0.30
31  2026-01-23 12:05:17       0m 34s  ...               42.77         1.19
32  2026-01-23 12:05:51       0m 39s  ...               65.54         1.89
33  2026-01-23 12:06:30       0m 32s  ...               10.11         0.24
34  2026-01-23 12:07:02       0m 31s  ...                4.05         0.11
35  2026-01-23 12:07:34       0m 31s  ...                1.89         0.05
36  2026-01-23 12:08:06       0m 32s  ...                5.54         0.15
37  2026-01-23 12:08:38       0m 30s  ...                0.46         0.01
38  2026-01-23 12:09:09       0m 29s  ...                1.59         0.04
39  2026-01-23 12:09:38       0m 36s  ...               43.85         1.03
40  2026-01-23 12:10:15       0m 38s  ...               61.84         1.56
41  2026-01-23 12:10:54       0m 37s  ...               46.89         1.19
42  2026-01-23 12:11:31       0m 44s  ...               80.70         2.32
43  2026-01-23 12:12:16       0m 30s  ...                2.90         0.07
44  2026-01-23 12:12:47       0m 32s  ...               11.56         0.29
45  2026-01-23 12:13:20       0m 32s  ...                4.11         0.11
46  2026-01-23 12:13:52       0m 32s  ...               11.45         0.30
47  2026-01-23 12:14:24       0m 32s  ...               11.80         0.25
48  2026-01-23 12:14:57       0m 32s  ...                6.42         0.18
49  2026-01-23 12:15:30       0m 31s  ...                0.78         0.02

[50 rows x 24 columns]
              timestamp time_elapsed  ... severity_rate_patch Gradient_sr2
0   2026-01-23 11:48:08       0m 29s  ...                1.74         0.04
1   2026-01-23 11:48:38       0m 30s  ...                4.36         0.11
2   2026-01-23 11:49:08       0m 31s  ...                0.85         0.02
3   2026-01-23 11:49:40       0m 34s  ...               25.47         0.67
4   2026-01-23 11:50:14       0m 35s  ...               37.39         0.99
5   2026-01-23 11:50:49       0m 30s  ...                0.45         0.01
6   2026-01-23 11:51:20       0m 36s  ...               38.62         0.91
7   2026-01-23 11:51:56       0m 35s  ...               19.86         0.56
8   2026-01-23 11:52:32       0m 34s  ...               39.61         1.05
9   2026-01-23 11:53:06       0m 30s  ...                1.79         0.05
10  2026-01-23 11:53:37       0m 30s  ...                2.79         0.07
11  2026-01-23 11:54:07       0m 33s  ...               20.77         0.49
12  2026-01-23 11:54:40       0m 33s  ...               20.60         0.51
13  2026-01-23 11:55:14       0m 32s  ...               15.28         0.35
14  2026-01-23 11:55:46       0m 35s  ...               30.18         0.79
15  2026-01-23 11:56:21       0m 34s  ...               19.25         0.48
16  2026-01-23 11:56:56       0m 44s  ...               85.84         2.58
17  2026-01-23 11:57:40       0m 31s  ...                0.76         0.02
18  2026-01-23 11:58:11       0m 33s  ...               23.22         0.57
19  2026-01-23 11:58:45       0m 39s  ...               62.76         1.72
20  2026-01-23 11:59:25       0m 30s  ...                1.10         0.03
21  2026-01-23 11:59:55       0m 33s  ...               19.31         0.52
22  2026-01-23 12:00:28       0m 36s  ...               42.05         1.16
23  2026-01-23 12:01:05       0m 28s  ...                6.56         0.18
24  2026-01-23 12:01:33       0m 29s  ...                1.51         0.04
25  2026-01-23 12:02:03       0m 31s  ...                8.51         0.22
26  2026-01-23 12:02:35       0m 32s  ...               12.12         0.31
27  2026-01-23 12:03:07       0m 34s  ...               32.69         0.79
28  2026-01-23 12:03:41       0m 31s  ...                2.15         0.06
29  2026-01-23 12:04:12       0m 31s  ...                2.94         0.07
30  2026-01-23 12:04:44       0m 32s  ...               12.91         0.30
31  2026-01-23 12:05:17       0m 34s  ...               42.77         1.19
32  2026-01-23 12:05:51       0m 39s  ...               65.54         1.89
33  2026-01-23 12:06:30       0m 32s  ...               10.11         0.24
34  2026-01-23 12:07:02       0m 31s  ...                4.05         0.11
35  2026-01-23 12:07:34       0m 31s  ...                1.89         0.05
36  2026-01-23 12:08:06       0m 32s  ...                5.54         0.15
37  2026-01-23 12:08:38       0m 30s  ...                0.46         0.01
38  2026-01-23 12:09:09       0m 29s  ...                1.59         0.04
39  2026-01-23 12:09:38       0m 36s  ...               43.85         1.03
40  2026-01-23 12:10:15       0m 38s  ...               61.84         1.56
41  2026-01-23 12:10:54       0m 37s  ...               46.89         1.19
42  2026-01-23 12:11:31       0m 44s  ...               80.70         2.32
43  2026-01-23 12:12:16       0m 30s  ...                2.90         0.07
44  2026-01-23 12:12:47       0m 32s  ...               11.56         0.29
45  2026-01-23 12:13:20       0m 32s  ...                4.11         0.11
46  2026-01-23 12:13:52       0m 32s  ...               11.45         0.30
47  2026-01-23 12:14:24       0m 32s  ...               11.80         0.25
48  2026-01-23 12:14:57       0m 32s  ...                6.42         0.18
49  2026-01-23 12:15:30       0m 31s  ...                0.78         0.02
50  2026-01-23 12:16:01       0m 43s  ...               83.75         2.58

[51 rows x 24 columns]
[2026-01-23 12:18:29,210] - [root] - [INFO] - Analysis finished: 0m 30s
[2026-01-23 12:18:29,210] - [root] - [INFO] - -------------------------------------------
[2026-01-23 12:18:29,210] - [root] - [INFO] - -------------------------------------------
[2026-01-23 12:18:29,210] - [root] - [INFO] - Processing 1-22-2026 5dpi 132-W2021011-644_R2.png
[2026-01-23 12:18:48,720] - [root] - [INFO] - Finished loading mask: 0m 19s
[2026-01-23 12:19:00,057] - [root] - [INFO] - Finished crop and inference: 0m 30s
              timestamp time_elapsed  ... severity_rate_patch Gradient_sr2
0   2026-01-23 11:48:08       0m 29s  ...                1.74         0.04
1   2026-01-23 11:48:38       0m 30s  ...                4.36         0.11
2   2026-01-23 11:49:08       0m 31s  ...                0.85         0.02
3   2026-01-23 11:49:40       0m 34s  ...               25.47         0.67
4   2026-01-23 11:50:14       0m 35s  ...               37.39         0.99
5   2026-01-23 11:50:49       0m 30s  ...                0.45         0.01
6   2026-01-23 11:51:20       0m 36s  ...               38.62         0.91
7   2026-01-23 11:51:56       0m 35s  ...               19.86         0.56
8   2026-01-23 11:52:32       0m 34s  ...               39.61         1.05
9   2026-01-23 11:53:06       0m 30s  ...                1.79         0.05
10  2026-01-23 11:53:37       0m 30s  ...                2.79         0.07
11  2026-01-23 11:54:07       0m 33s  ...               20.77         0.49
12  2026-01-23 11:54:40       0m 33s  ...               20.60         0.51
13  2026-01-23 11:55:14       0m 32s  ...               15.28         0.35
14  2026-01-23 11:55:46       0m 35s  ...               30.18         0.79
15  2026-01-23 11:56:21       0m 34s  ...               19.25         0.48
16  2026-01-23 11:56:56       0m 44s  ...               85.84         2.58
17  2026-01-23 11:57:40       0m 31s  ...                0.76         0.02
18  2026-01-23 11:58:11       0m 33s  ...               23.22         0.57
19  2026-01-23 11:58:45       0m 39s  ...               62.76         1.72
20  2026-01-23 11:59:25       0m 30s  ...                1.10         0.03
21  2026-01-23 11:59:55       0m 33s  ...               19.31         0.52
22  2026-01-23 12:00:28       0m 36s  ...               42.05         1.16
23  2026-01-23 12:01:05       0m 28s  ...                6.56         0.18
24  2026-01-23 12:01:33       0m 29s  ...                1.51         0.04
25  2026-01-23 12:02:03       0m 31s  ...                8.51         0.22
26  2026-01-23 12:02:35       0m 32s  ...               12.12         0.31
27  2026-01-23 12:03:07       0m 34s  ...               32.69         0.79
28  2026-01-23 12:03:41       0m 31s  ...                2.15         0.06
29  2026-01-23 12:04:12       0m 31s  ...                2.94         0.07
30  2026-01-23 12:04:44       0m 32s  ...               12.91         0.30
31  2026-01-23 12:05:17       0m 34s  ...               42.77         1.19
32  2026-01-23 12:05:51       0m 39s  ...               65.54         1.89
33  2026-01-23 12:06:30       0m 32s  ...               10.11         0.24
34  2026-01-23 12:07:02       0m 31s  ...                4.05         0.11
35  2026-01-23 12:07:34       0m 31s  ...                1.89         0.05
36  2026-01-23 12:08:06       0m 32s  ...                5.54         0.15
37  2026-01-23 12:08:38       0m 30s  ...                0.46         0.01
38  2026-01-23 12:09:09       0m 29s  ...                1.59         0.04
39  2026-01-23 12:09:38       0m 36s  ...               43.85         1.03
40  2026-01-23 12:10:15       0m 38s  ...               61.84         1.56
41  2026-01-23 12:10:54       0m 37s  ...               46.89         1.19
42  2026-01-23 12:11:31       0m 44s  ...               80.70         2.32
43  2026-01-23 12:12:16       0m 30s  ...                2.90         0.07
44  2026-01-23 12:12:47       0m 32s  ...               11.56         0.29
45  2026-01-23 12:13:20       0m 32s  ...                4.11         0.11
46  2026-01-23 12:13:52       0m 32s  ...               11.45         0.30
47  2026-01-23 12:14:24       0m 32s  ...               11.80         0.25
48  2026-01-23 12:14:57       0m 32s  ...                6.42         0.18
49  2026-01-23 12:15:30       0m 31s  ...                0.78         0.02
50  2026-01-23 12:16:01       0m 43s  ...               83.75         2.58
51  2026-01-23 12:16:45       0m 40s  ...               77.72         2.05

[52 rows x 24 columns]
              timestamp time_elapsed  ... severity_rate_patch Gradient_sr2
0   2026-01-23 11:48:08       0m 29s  ...                1.74         0.04
1   2026-01-23 11:48:38       0m 30s  ...                4.36         0.11
2   2026-01-23 11:49:08       0m 31s  ...                0.85         0.02
3   2026-01-23 11:49:40       0m 34s  ...               25.47         0.67
4   2026-01-23 11:50:14       0m 35s  ...               37.39         0.99
5   2026-01-23 11:50:49       0m 30s  ...                0.45         0.01
6   2026-01-23 11:51:20       0m 36s  ...               38.62         0.91
7   2026-01-23 11:51:56       0m 35s  ...               19.86         0.56
8   2026-01-23 11:52:32       0m 34s  ...               39.61         1.05
9   2026-01-23 11:53:06       0m 30s  ...                1.79         0.05
10  2026-01-23 11:53:37       0m 30s  ...                2.79         0.07
11  2026-01-23 11:54:07       0m 33s  ...               20.77         0.49
12  2026-01-23 11:54:40       0m 33s  ...               20.60         0.51
13  2026-01-23 11:55:14       0m 32s  ...               15.28         0.35
14  2026-01-23 11:55:46       0m 35s  ...               30.18         0.79
15  2026-01-23 11:56:21       0m 34s  ...               19.25         0.48
16  2026-01-23 11:56:56       0m 44s  ...               85.84         2.58
17  2026-01-23 11:57:40       0m 31s  ...                0.76         0.02
18  2026-01-23 11:58:11       0m 33s  ...               23.22         0.57
19  2026-01-23 11:58:45       0m 39s  ...               62.76         1.72
20  2026-01-23 11:59:25       0m 30s  ...                1.10         0.03
21  2026-01-23 11:59:55       0m 33s  ...               19.31         0.52
22  2026-01-23 12:00:28       0m 36s  ...               42.05         1.16
23  2026-01-23 12:01:05       0m 28s  ...                6.56         0.18
24  2026-01-23 12:01:33       0m 29s  ...                1.51         0.04
25  2026-01-23 12:02:03       0m 31s  ...                8.51         0.22
26  2026-01-23 12:02:35       0m 32s  ...               12.12         0.31
27  2026-01-23 12:03:07       0m 34s  ...               32.69         0.79
28  2026-01-23 12:03:41       0m 31s  ...                2.15         0.06
29  2026-01-23 12:04:12       0m 31s  ...                2.94         0.07
30  2026-01-23 12:04:44       0m 32s  ...               12.91         0.30
31  2026-01-23 12:05:17       0m 34s  ...               42.77         1.19
32  2026-01-23 12:05:51       0m 39s  ...               65.54         1.89
33  2026-01-23 12:06:30       0m 32s  ...               10.11         0.24
34  2026-01-23 12:07:02       0m 31s  ...                4.05         0.11
35  2026-01-23 12:07:34       0m 31s  ...                1.89         0.05
36  2026-01-23 12:08:06       0m 32s  ...                5.54         0.15
37  2026-01-23 12:08:38       0m 30s  ...                0.46         0.01
38  2026-01-23 12:09:09       0m 29s  ...                1.59         0.04
39  2026-01-23 12:09:38       0m 36s  ...               43.85         1.03
40  2026-01-23 12:10:15       0m 38s  ...               61.84         1.56
41  2026-01-23 12:10:54       0m 37s  ...               46.89         1.19
42  2026-01-23 12:11:31       0m 44s  ...               80.70         2.32
43  2026-01-23 12:12:16       0m 30s  ...                2.90         0.07
44  2026-01-23 12:12:47       0m 32s  ...               11.56         0.29
45  2026-01-23 12:13:20       0m 32s  ...                4.11         0.11
46  2026-01-23 12:13:52       0m 32s  ...               11.45         0.30
47  2026-01-23 12:14:24       0m 32s  ...               11.80         0.25
48  2026-01-23 12:14:57       0m 32s  ...                6.42         0.18
49  2026-01-23 12:15:30       0m 31s  ...                0.78         0.02
50  2026-01-23 12:16:01       0m 43s  ...               83.75         2.58
51  2026-01-23 12:16:45       0m 40s  ...               77.72         2.05
52  2026-01-23 12:17:25       0m 32s  ...                8.96         0.25

[53 rows x 24 columns]
[2026-01-23 12:19:01,752] - [root] - [INFO] - Analysis finished: 0m 32s
[2026-01-23 12:19:01,752] - [root] - [INFO] - -------------------------------------------
[2026-01-23 12:19:01,752] - [root] - [INFO] - -------------------------------------------
[2026-01-23 12:19:01,752] - [root] - [INFO] - Processing 1-22-2026 5dpi 134-W2021006-001_R1.png
[2026-01-23 12:19:21,718] - [root] - [INFO] - Finished loading mask: 0m 19s
[2026-01-23 12:19:38,281] - [root] - [INFO] - Finished crop and inference: 0m 36s
              timestamp time_elapsed  ... severity_rate_patch Gradient_sr2
0   2026-01-23 11:48:08       0m 29s  ...                1.74         0.04
1   2026-01-23 11:48:38       0m 30s  ...                4.36         0.11
2   2026-01-23 11:49:08       0m 31s  ...                0.85         0.02
3   2026-01-23 11:49:40       0m 34s  ...               25.47         0.67
4   2026-01-23 11:50:14       0m 35s  ...               37.39         0.99
5   2026-01-23 11:50:49       0m 30s  ...                0.45         0.01
6   2026-01-23 11:51:20       0m 36s  ...               38.62         0.91
7   2026-01-23 11:51:56       0m 35s  ...               19.86         0.56
8   2026-01-23 11:52:32       0m 34s  ...               39.61         1.05
9   2026-01-23 11:53:06       0m 30s  ...                1.79         0.05
10  2026-01-23 11:53:37       0m 30s  ...                2.79         0.07
11  2026-01-23 11:54:07       0m 33s  ...               20.77         0.49
12  2026-01-23 11:54:40       0m 33s  ...               20.60         0.51
13  2026-01-23 11:55:14       0m 32s  ...               15.28         0.35
14  2026-01-23 11:55:46       0m 35s  ...               30.18         0.79
15  2026-01-23 11:56:21       0m 34s  ...               19.25         0.48
16  2026-01-23 11:56:56       0m 44s  ...               85.84         2.58
17  2026-01-23 11:57:40       0m 31s  ...                0.76         0.02
18  2026-01-23 11:58:11       0m 33s  ...               23.22         0.57
19  2026-01-23 11:58:45       0m 39s  ...               62.76         1.72
20  2026-01-23 11:59:25       0m 30s  ...                1.10         0.03
21  2026-01-23 11:59:55       0m 33s  ...               19.31         0.52
22  2026-01-23 12:00:28       0m 36s  ...               42.05         1.16
23  2026-01-23 12:01:05       0m 28s  ...                6.56         0.18
24  2026-01-23 12:01:33       0m 29s  ...                1.51         0.04
25  2026-01-23 12:02:03       0m 31s  ...                8.51         0.22
26  2026-01-23 12:02:35       0m 32s  ...               12.12         0.31
27  2026-01-23 12:03:07       0m 34s  ...               32.69         0.79
28  2026-01-23 12:03:41       0m 31s  ...                2.15         0.06
29  2026-01-23 12:04:12       0m 31s  ...                2.94         0.07
30  2026-01-23 12:04:44       0m 32s  ...               12.91         0.30
31  2026-01-23 12:05:17       0m 34s  ...               42.77         1.19
32  2026-01-23 12:05:51       0m 39s  ...               65.54         1.89
33  2026-01-23 12:06:30       0m 32s  ...               10.11         0.24
34  2026-01-23 12:07:02       0m 31s  ...                4.05         0.11
35  2026-01-23 12:07:34       0m 31s  ...                1.89         0.05
36  2026-01-23 12:08:06       0m 32s  ...                5.54         0.15
37  2026-01-23 12:08:38       0m 30s  ...                0.46         0.01
38  2026-01-23 12:09:09       0m 29s  ...                1.59         0.04
39  2026-01-23 12:09:38       0m 36s  ...               43.85         1.03
40  2026-01-23 12:10:15       0m 38s  ...               61.84         1.56
41  2026-01-23 12:10:54       0m 37s  ...               46.89         1.19
42  2026-01-23 12:11:31       0m 44s  ...               80.70         2.32
43  2026-01-23 12:12:16       0m 30s  ...                2.90         0.07
44  2026-01-23 12:12:47       0m 32s  ...               11.56         0.29
45  2026-01-23 12:13:20       0m 32s  ...                4.11         0.11
46  2026-01-23 12:13:52       0m 32s  ...               11.45         0.30
47  2026-01-23 12:14:24       0m 32s  ...               11.80         0.25
48  2026-01-23 12:14:57       0m 32s  ...                6.42         0.18
49  2026-01-23 12:15:30       0m 31s  ...                0.78         0.02
50  2026-01-23 12:16:01       0m 43s  ...               83.75         2.58
51  2026-01-23 12:16:45       0m 40s  ...               77.72         2.05
52  2026-01-23 12:17:25       0m 32s  ...                8.96         0.25
53  2026-01-23 12:17:58       0m 30s  ...                1.10         0.03

[54 rows x 24 columns]
[2026-01-23 12:19:40,107] - [root] - [INFO] - Analysis finished: 0m 38s
[2026-01-23 12:19:40,107] - [root] - [INFO] - -------------------------------------------
[2026-01-23 12:19:40,107] - [root] - [INFO] - -------------------------------------------
[2026-01-23 12:19:40,107] - [root] - [INFO] - Processing 1-22-2026 5dpi 134-W2021009-275_R1.png
[2026-01-23 12:20:00,623] - [root] - [INFO] - Finished loading mask: 0m 20s
[2026-01-23 12:20:14,131] - [root] - [INFO] - Finished crop and inference: 0m 34s
              timestamp time_elapsed  ... severity_rate_patch Gradient_sr2
0   2026-01-23 11:48:08       0m 29s  ...                1.74         0.04
1   2026-01-23 11:48:38       0m 30s  ...                4.36         0.11
2   2026-01-23 11:49:08       0m 31s  ...                0.85         0.02
3   2026-01-23 11:49:40       0m 34s  ...               25.47         0.67
4   2026-01-23 11:50:14       0m 35s  ...               37.39         0.99
5   2026-01-23 11:50:49       0m 30s  ...                0.45         0.01
6   2026-01-23 11:51:20       0m 36s  ...               38.62         0.91
7   2026-01-23 11:51:56       0m 35s  ...               19.86         0.56
8   2026-01-23 11:52:32       0m 34s  ...               39.61         1.05
9   2026-01-23 11:53:06       0m 30s  ...                1.79         0.05
10  2026-01-23 11:53:37       0m 30s  ...                2.79         0.07
11  2026-01-23 11:54:07       0m 33s  ...               20.77         0.49
12  2026-01-23 11:54:40       0m 33s  ...               20.60         0.51
13  2026-01-23 11:55:14       0m 32s  ...               15.28         0.35
14  2026-01-23 11:55:46       0m 35s  ...               30.18         0.79
15  2026-01-23 11:56:21       0m 34s  ...               19.25         0.48
16  2026-01-23 11:56:56       0m 44s  ...               85.84         2.58
17  2026-01-23 11:57:40       0m 31s  ...                0.76         0.02
18  2026-01-23 11:58:11       0m 33s  ...               23.22         0.57
19  2026-01-23 11:58:45       0m 39s  ...               62.76         1.72
20  2026-01-23 11:59:25       0m 30s  ...                1.10         0.03
21  2026-01-23 11:59:55       0m 33s  ...               19.31         0.52
22  2026-01-23 12:00:28       0m 36s  ...               42.05         1.16
23  2026-01-23 12:01:05       0m 28s  ...                6.56         0.18
24  2026-01-23 12:01:33       0m 29s  ...                1.51         0.04
25  2026-01-23 12:02:03       0m 31s  ...                8.51         0.22
26  2026-01-23 12:02:35       0m 32s  ...               12.12         0.31
27  2026-01-23 12:03:07       0m 34s  ...               32.69         0.79
28  2026-01-23 12:03:41       0m 31s  ...                2.15         0.06
29  2026-01-23 12:04:12       0m 31s  ...                2.94         0.07
30  2026-01-23 12:04:44       0m 32s  ...               12.91         0.30
31  2026-01-23 12:05:17       0m 34s  ...               42.77         1.19
32  2026-01-23 12:05:51       0m 39s  ...               65.54         1.89
33  2026-01-23 12:06:30       0m 32s  ...               10.11         0.24
34  2026-01-23 12:07:02       0m 31s  ...                4.05         0.11
35  2026-01-23 12:07:34       0m 31s  ...                1.89         0.05
36  2026-01-23 12:08:06       0m 32s  ...                5.54         0.15
37  2026-01-23 12:08:38       0m 30s  ...                0.46         0.01
38  2026-01-23 12:09:09       0m 29s  ...                1.59         0.04
39  2026-01-23 12:09:38       0m 36s  ...               43.85         1.03
40  2026-01-23 12:10:15       0m 38s  ...               61.84         1.56
41  2026-01-23 12:10:54       0m 37s  ...               46.89         1.19
42  2026-01-23 12:11:31       0m 44s  ...               80.70         2.32
43  2026-01-23 12:12:16       0m 30s  ...                2.90         0.07
44  2026-01-23 12:12:47       0m 32s  ...               11.56         0.29
45  2026-01-23 12:13:20       0m 32s  ...                4.11         0.11
46  2026-01-23 12:13:52       0m 32s  ...               11.45         0.30
47  2026-01-23 12:14:24       0m 32s  ...               11.80         0.25
48  2026-01-23 12:14:57       0m 32s  ...                6.42         0.18
49  2026-01-23 12:15:30       0m 31s  ...                0.78         0.02
50  2026-01-23 12:16:01       0m 43s  ...               83.75         2.58
51  2026-01-23 12:16:45       0m 40s  ...               77.72         2.05
52  2026-01-23 12:17:25       0m 32s  ...                8.96         0.25
53  2026-01-23 12:17:58       0m 30s  ...                1.10         0.03
54  2026-01-23 12:18:29       0m 32s  ...               11.62         0.29

[55 rows x 24 columns]
[2026-01-23 12:20:15,827] - [root] - [INFO] - Analysis finished: 0m 35s
[2026-01-23 12:20:15,827] - [root] - [INFO] - -------------------------------------------
[2026-01-23 12:20:15,827] - [root] - [INFO] - -------------------------------------------
[2026-01-23 12:20:15,827] - [root] - [INFO] - Processing 1-22-2026 5dpi 137-W2021010-342_R2.png
[2026-01-23 12:20:37,001] - [root] - [INFO] - Finished loading mask: 0m 21s
[2026-01-23 12:20:46,903] - [root] - [INFO] - Finished crop and inference: 0m 31s
              timestamp time_elapsed  ... severity_rate_patch Gradient_sr2
0   2026-01-23 11:48:08       0m 29s  ...                1.74         0.04
1   2026-01-23 11:48:38       0m 30s  ...                4.36         0.11
2   2026-01-23 11:49:08       0m 31s  ...                0.85         0.02
3   2026-01-23 11:49:40       0m 34s  ...               25.47         0.67
4   2026-01-23 11:50:14       0m 35s  ...               37.39         0.99
5   2026-01-23 11:50:49       0m 30s  ...                0.45         0.01
6   2026-01-23 11:51:20       0m 36s  ...               38.62         0.91
7   2026-01-23 11:51:56       0m 35s  ...               19.86         0.56
8   2026-01-23 11:52:32       0m 34s  ...               39.61         1.05
9   2026-01-23 11:53:06       0m 30s  ...                1.79         0.05
10  2026-01-23 11:53:37       0m 30s  ...                2.79         0.07
11  2026-01-23 11:54:07       0m 33s  ...               20.77         0.49
12  2026-01-23 11:54:40       0m 33s  ...               20.60         0.51
13  2026-01-23 11:55:14       0m 32s  ...               15.28         0.35
14  2026-01-23 11:55:46       0m 35s  ...               30.18         0.79
15  2026-01-23 11:56:21       0m 34s  ...               19.25         0.48
16  2026-01-23 11:56:56       0m 44s  ...               85.84         2.58
17  2026-01-23 11:57:40       0m 31s  ...                0.76         0.02
18  2026-01-23 11:58:11       0m 33s  ...               23.22         0.57
19  2026-01-23 11:58:45       0m 39s  ...               62.76         1.72
20  2026-01-23 11:59:25       0m 30s  ...                1.10         0.03
21  2026-01-23 11:59:55       0m 33s  ...               19.31         0.52
22  2026-01-23 12:00:28       0m 36s  ...               42.05         1.16
23  2026-01-23 12:01:05       0m 28s  ...                6.56         0.18
24  2026-01-23 12:01:33       0m 29s  ...                1.51         0.04
25  2026-01-23 12:02:03       0m 31s  ...                8.51         0.22
26  2026-01-23 12:02:35       0m 32s  ...               12.12         0.31
27  2026-01-23 12:03:07       0m 34s  ...               32.69         0.79
28  2026-01-23 12:03:41       0m 31s  ...                2.15         0.06
29  2026-01-23 12:04:12       0m 31s  ...                2.94         0.07
30  2026-01-23 12:04:44       0m 32s  ...               12.91         0.30
31  2026-01-23 12:05:17       0m 34s  ...               42.77         1.19
32  2026-01-23 12:05:51       0m 39s  ...               65.54         1.89
33  2026-01-23 12:06:30       0m 32s  ...               10.11         0.24
34  2026-01-23 12:07:02       0m 31s  ...                4.05         0.11
35  2026-01-23 12:07:34       0m 31s  ...                1.89         0.05
36  2026-01-23 12:08:06       0m 32s  ...                5.54         0.15
37  2026-01-23 12:08:38       0m 30s  ...                0.46         0.01
38  2026-01-23 12:09:09       0m 29s  ...                1.59         0.04
39  2026-01-23 12:09:38       0m 36s  ...               43.85         1.03
40  2026-01-23 12:10:15       0m 38s  ...               61.84         1.56
41  2026-01-23 12:10:54       0m 37s  ...               46.89         1.19
42  2026-01-23 12:11:31       0m 44s  ...               80.70         2.32
43  2026-01-23 12:12:16       0m 30s  ...                2.90         0.07
44  2026-01-23 12:12:47       0m 32s  ...               11.56         0.29
45  2026-01-23 12:13:20       0m 32s  ...                4.11         0.11
46  2026-01-23 12:13:52       0m 32s  ...               11.45         0.30
47  2026-01-23 12:14:24       0m 32s  ...               11.80         0.25
48  2026-01-23 12:14:57       0m 32s  ...                6.42         0.18
49  2026-01-23 12:15:30       0m 31s  ...                0.78         0.02
50  2026-01-23 12:16:01       0m 43s  ...               83.75         2.58
51  2026-01-23 12:16:45       0m 40s  ...               77.72         2.05
52  2026-01-23 12:17:25       0m 32s  ...                8.96         0.25
53  2026-01-23 12:17:58       0m 30s  ...                1.10         0.03
54  2026-01-23 12:18:29       0m 32s  ...               11.62         0.29
55  2026-01-23 12:19:01       0m 38s  ...               55.20         1.46

[56 rows x 24 columns]
[2026-01-23 12:20:48,543] - [root] - [INFO] - Analysis finished: 0m 32s
[2026-01-23 12:20:48,558] - [root] - [INFO] - -------------------------------------------
[2026-01-23 12:20:48,558] - [root] - [INFO] - -------------------------------------------
[2026-01-23 12:20:48,558] - [root] - [INFO] - Processing 1-22-2026 5dpi 138-W2021010-446_R1.png
[2026-01-23 12:21:09,353] - [root] - [INFO] - Finished loading mask: 0m 20s
[2026-01-23 12:21:19,976] - [root] - [INFO] - Finished crop and inference: 0m 31s
              timestamp time_elapsed  ... severity_rate_patch Gradient_sr2
0   2026-01-23 11:48:08       0m 29s  ...                1.74         0.04
1   2026-01-23 11:48:38       0m 30s  ...                4.36         0.11
2   2026-01-23 11:49:08       0m 31s  ...                0.85         0.02
3   2026-01-23 11:49:40       0m 34s  ...               25.47         0.67
4   2026-01-23 11:50:14       0m 35s  ...               37.39         0.99
5   2026-01-23 11:50:49       0m 30s  ...                0.45         0.01
6   2026-01-23 11:51:20       0m 36s  ...               38.62         0.91
7   2026-01-23 11:51:56       0m 35s  ...               19.86         0.56
8   2026-01-23 11:52:32       0m 34s  ...               39.61         1.05
9   2026-01-23 11:53:06       0m 30s  ...                1.79         0.05
10  2026-01-23 11:53:37       0m 30s  ...                2.79         0.07
11  2026-01-23 11:54:07       0m 33s  ...               20.77         0.49
12  2026-01-23 11:54:40       0m 33s  ...               20.60         0.51
13  2026-01-23 11:55:14       0m 32s  ...               15.28         0.35
14  2026-01-23 11:55:46       0m 35s  ...               30.18         0.79
15  2026-01-23 11:56:21       0m 34s  ...               19.25         0.48
16  2026-01-23 11:56:56       0m 44s  ...               85.84         2.58
17  2026-01-23 11:57:40       0m 31s  ...                0.76         0.02
18  2026-01-23 11:58:11       0m 33s  ...               23.22         0.57
19  2026-01-23 11:58:45       0m 39s  ...               62.76         1.72
20  2026-01-23 11:59:25       0m 30s  ...                1.10         0.03
21  2026-01-23 11:59:55       0m 33s  ...               19.31         0.52
22  2026-01-23 12:00:28       0m 36s  ...               42.05         1.16
23  2026-01-23 12:01:05       0m 28s  ...                6.56         0.18
24  2026-01-23 12:01:33       0m 29s  ...                1.51         0.04
25  2026-01-23 12:02:03       0m 31s  ...                8.51         0.22
26  2026-01-23 12:02:35       0m 32s  ...               12.12         0.31
27  2026-01-23 12:03:07       0m 34s  ...               32.69         0.79
28  2026-01-23 12:03:41       0m 31s  ...                2.15         0.06
29  2026-01-23 12:04:12       0m 31s  ...                2.94         0.07
30  2026-01-23 12:04:44       0m 32s  ...               12.91         0.30
31  2026-01-23 12:05:17       0m 34s  ...               42.77         1.19
32  2026-01-23 12:05:51       0m 39s  ...               65.54         1.89
33  2026-01-23 12:06:30       0m 32s  ...               10.11         0.24
34  2026-01-23 12:07:02       0m 31s  ...                4.05         0.11
35  2026-01-23 12:07:34       0m 31s  ...                1.89         0.05
36  2026-01-23 12:08:06       0m 32s  ...                5.54         0.15
37  2026-01-23 12:08:38       0m 30s  ...                0.46         0.01
38  2026-01-23 12:09:09       0m 29s  ...                1.59         0.04
39  2026-01-23 12:09:38       0m 36s  ...               43.85         1.03
40  2026-01-23 12:10:15       0m 38s  ...               61.84         1.56
41  2026-01-23 12:10:54       0m 37s  ...               46.89         1.19
42  2026-01-23 12:11:31       0m 44s  ...               80.70         2.32
43  2026-01-23 12:12:16       0m 30s  ...                2.90         0.07
44  2026-01-23 12:12:47       0m 32s  ...               11.56         0.29
45  2026-01-23 12:13:20       0m 32s  ...                4.11         0.11
46  2026-01-23 12:13:52       0m 32s  ...               11.45         0.30
47  2026-01-23 12:14:24       0m 32s  ...               11.80         0.25
48  2026-01-23 12:14:57       0m 32s  ...                6.42         0.18
49  2026-01-23 12:15:30       0m 31s  ...                0.78         0.02
50  2026-01-23 12:16:01       0m 43s  ...               83.75         2.58
51  2026-01-23 12:16:45       0m 40s  ...               77.72         2.05
52  2026-01-23 12:17:25       0m 32s  ...                8.96         0.25
53  2026-01-23 12:17:58       0m 30s  ...                1.10         0.03
54  2026-01-23 12:18:29       0m 32s  ...               11.62         0.29
55  2026-01-23 12:19:01       0m 38s  ...               55.20         1.46
56  2026-01-23 12:19:40       0m 35s  ...               34.44         0.83

[57 rows x 24 columns]
[2026-01-23 12:21:21,709] - [root] - [INFO] - Analysis finished: 0m 33s
[2026-01-23 12:21:21,709] - [root] - [INFO] - -------------------------------------------
[2026-01-23 12:21:21,709] - [root] - [INFO] - -------------------------------------------
[2026-01-23 12:21:21,709] - [root] - [INFO] - Processing 1-22-2026 5dpi 141-W2021009-274_R1.png
[2026-01-23 12:21:43,378] - [root] - [INFO] - Finished loading mask: 0m 21s
[2026-01-23 12:22:07,656] - [root] - [INFO] - Finished crop and inference: 0m 45s
              timestamp time_elapsed  ... severity_rate_patch Gradient_sr2
0   2026-01-23 11:48:08       0m 29s  ...                1.74         0.04
1   2026-01-23 11:48:38       0m 30s  ...                4.36         0.11
2   2026-01-23 11:49:08       0m 31s  ...                0.85         0.02
3   2026-01-23 11:49:40       0m 34s  ...               25.47         0.67
4   2026-01-23 11:50:14       0m 35s  ...               37.39         0.99
5   2026-01-23 11:50:49       0m 30s  ...                0.45         0.01
6   2026-01-23 11:51:20       0m 36s  ...               38.62         0.91
7   2026-01-23 11:51:56       0m 35s  ...               19.86         0.56
8   2026-01-23 11:52:32       0m 34s  ...               39.61         1.05
9   2026-01-23 11:53:06       0m 30s  ...                1.79         0.05
10  2026-01-23 11:53:37       0m 30s  ...                2.79         0.07
11  2026-01-23 11:54:07       0m 33s  ...               20.77         0.49
12  2026-01-23 11:54:40       0m 33s  ...               20.60         0.51
13  2026-01-23 11:55:14       0m 32s  ...               15.28         0.35
14  2026-01-23 11:55:46       0m 35s  ...               30.18         0.79
15  2026-01-23 11:56:21       0m 34s  ...               19.25         0.48
16  2026-01-23 11:56:56       0m 44s  ...               85.84         2.58
17  2026-01-23 11:57:40       0m 31s  ...                0.76         0.02
18  2026-01-23 11:58:11       0m 33s  ...               23.22         0.57
19  2026-01-23 11:58:45       0m 39s  ...               62.76         1.72
20  2026-01-23 11:59:25       0m 30s  ...                1.10         0.03
21  2026-01-23 11:59:55       0m 33s  ...               19.31         0.52
22  2026-01-23 12:00:28       0m 36s  ...               42.05         1.16
23  2026-01-23 12:01:05       0m 28s  ...                6.56         0.18
24  2026-01-23 12:01:33       0m 29s  ...                1.51         0.04
25  2026-01-23 12:02:03       0m 31s  ...                8.51         0.22
26  2026-01-23 12:02:35       0m 32s  ...               12.12         0.31
27  2026-01-23 12:03:07       0m 34s  ...               32.69         0.79
28  2026-01-23 12:03:41       0m 31s  ...                2.15         0.06
29  2026-01-23 12:04:12       0m 31s  ...                2.94         0.07
30  2026-01-23 12:04:44       0m 32s  ...               12.91         0.30
31  2026-01-23 12:05:17       0m 34s  ...               42.77         1.19
32  2026-01-23 12:05:51       0m 39s  ...               65.54         1.89
33  2026-01-23 12:06:30       0m 32s  ...               10.11         0.24
34  2026-01-23 12:07:02       0m 31s  ...                4.05         0.11
35  2026-01-23 12:07:34       0m 31s  ...                1.89         0.05
36  2026-01-23 12:08:06       0m 32s  ...                5.54         0.15
37  2026-01-23 12:08:38       0m 30s  ...                0.46         0.01
38  2026-01-23 12:09:09       0m 29s  ...                1.59         0.04
39  2026-01-23 12:09:38       0m 36s  ...               43.85         1.03
40  2026-01-23 12:10:15       0m 38s  ...               61.84         1.56
41  2026-01-23 12:10:54       0m 37s  ...               46.89         1.19
42  2026-01-23 12:11:31       0m 44s  ...               80.70         2.32
43  2026-01-23 12:12:16       0m 30s  ...                2.90         0.07
44  2026-01-23 12:12:47       0m 32s  ...               11.56         0.29
45  2026-01-23 12:13:20       0m 32s  ...                4.11         0.11
46  2026-01-23 12:13:52       0m 32s  ...               11.45         0.30
47  2026-01-23 12:14:24       0m 32s  ...               11.80         0.25
48  2026-01-23 12:14:57       0m 32s  ...                6.42         0.18
49  2026-01-23 12:15:30       0m 31s  ...                0.78         0.02
50  2026-01-23 12:16:01       0m 43s  ...               83.75         2.58
51  2026-01-23 12:16:45       0m 40s  ...               77.72         2.05
52  2026-01-23 12:17:25       0m 32s  ...                8.96         0.25
53  2026-01-23 12:17:58       0m 30s  ...                1.10         0.03
54  2026-01-23 12:18:29       0m 32s  ...               11.62         0.29
55  2026-01-23 12:19:01       0m 38s  ...               55.20         1.46
56  2026-01-23 12:19:40       0m 35s  ...               34.44         0.83
57  2026-01-23 12:20:15       0m 32s  ...                4.27         0.10

[58 rows x 24 columns]
[2026-01-23 12:22:09,395] - [root] - [INFO] - Analysis finished: 0m 47s
[2026-01-23 12:22:09,395] - [root] - [INFO] - -------------------------------------------
[2026-01-23 12:22:09,395] - [root] - [INFO] - -------------------------------------------
[2026-01-23 12:22:09,395] - [root] - [INFO] - Processing 1-22-2026 5dpi 143-W2021010-313_R2.png
[2026-01-23 12:22:30,917] - [root] - [INFO] - Finished loading mask: 0m 21s
[2026-01-23 12:22:40,153] - [root] - [INFO] - Finished crop and inference: 0m 30s
[2026-01-23 12:22:41,827] - [root] - [INFO] - Analysis finished: 0m 32s
[2026-01-23 12:22:41,827] - [root] - [INFO] - -------------------------------------------
[2026-01-23 12:22:41,827] - [root] - [INFO] - -------------------------------------------
[2026-01-23 12:22:41,830] - [root] - [INFO] - Processing 1-22-2026 5dpi 148-W2021011-462_R2.png
[2026-01-23 12:23:03,207] - [root] - [INFO] - Finished loading mask: 0m 21s
[2026-01-23 12:23:16,783] - [root] - [INFO] - Finished crop and inference: 0m 34s
[2026-01-23 12:23:18,531] - [root] - [INFO] - Analysis finished: 0m 36s
[2026-01-23 12:23:18,531] - [root] - [INFO] - -------------------------------------------
[2026-01-23 12:23:18,531] - [root] - [INFO] - -------------------------------------------
[2026-01-23 12:23:18,531] - [root] - [INFO] - Processing 1-22-2026 5dpi 149-W2021010-417_R1.png
[2026-01-23 12:23:39,642] - [root] - [INFO] - Finished loading mask: 0m 21s
[2026-01-23 12:23:50,897] - [root] - [INFO] - Finished crop and inference: 0m 32s
[2026-01-23 12:23:52,599] - [root] - [INFO] - Analysis finished: 0m 34s
[2026-01-23 12:23:52,599] - [root] - [INFO] - -------------------------------------------
[2026-01-23 12:23:52,599] - [root] - [INFO] - -------------------------------------------
[2026-01-23 12:23:52,599] - [root] - [INFO] - Processing 1-22-2026 5dpi 154-W2021010-419_R1.png
[2026-01-23 12:24:13,107] - [root] - [INFO] - Finished loading mask: 0m 20s
[2026-01-23 12:24:23,145] - [root] - [INFO] - Finished crop and inference: 0m 30s
              timestamp time_elapsed  ... severity_rate_patch Gradient_sr2
0   2026-01-23 11:48:08       0m 29s  ...                1.74         0.04
1   2026-01-23 11:48:38       0m 30s  ...                4.36         0.11
2   2026-01-23 11:49:08       0m 31s  ...                0.85         0.02
3   2026-01-23 11:49:40       0m 34s  ...               25.47         0.67
4   2026-01-23 11:50:14       0m 35s  ...               37.39         0.99
5   2026-01-23 11:50:49       0m 30s  ...                0.45         0.01
6   2026-01-23 11:51:20       0m 36s  ...               38.62         0.91
7   2026-01-23 11:51:56       0m 35s  ...               19.86         0.56
8   2026-01-23 11:52:32       0m 34s  ...               39.61         1.05
9   2026-01-23 11:53:06       0m 30s  ...                1.79         0.05
10  2026-01-23 11:53:37       0m 30s  ...                2.79         0.07
11  2026-01-23 11:54:07       0m 33s  ...               20.77         0.49
12  2026-01-23 11:54:40       0m 33s  ...               20.60         0.51
13  2026-01-23 11:55:14       0m 32s  ...               15.28         0.35
14  2026-01-23 11:55:46       0m 35s  ...               30.18         0.79
15  2026-01-23 11:56:21       0m 34s  ...               19.25         0.48
16  2026-01-23 11:56:56       0m 44s  ...               85.84         2.58
17  2026-01-23 11:57:40       0m 31s  ...                0.76         0.02
18  2026-01-23 11:58:11       0m 33s  ...               23.22         0.57
19  2026-01-23 11:58:45       0m 39s  ...               62.76         1.72
20  2026-01-23 11:59:25       0m 30s  ...                1.10         0.03
21  2026-01-23 11:59:55       0m 33s  ...               19.31         0.52
22  2026-01-23 12:00:28       0m 36s  ...               42.05         1.16
23  2026-01-23 12:01:05       0m 28s  ...                6.56         0.18
24  2026-01-23 12:01:33       0m 29s  ...                1.51         0.04
25  2026-01-23 12:02:03       0m 31s  ...                8.51         0.22
26  2026-01-23 12:02:35       0m 32s  ...               12.12         0.31
27  2026-01-23 12:03:07       0m 34s  ...               32.69         0.79
28  2026-01-23 12:03:41       0m 31s  ...                2.15         0.06
29  2026-01-23 12:04:12       0m 31s  ...                2.94         0.07
30  2026-01-23 12:04:44       0m 32s  ...               12.91         0.30
31  2026-01-23 12:05:17       0m 34s  ...               42.77         1.19
32  2026-01-23 12:05:51       0m 39s  ...               65.54         1.89
33  2026-01-23 12:06:30       0m 32s  ...               10.11         0.24
34  2026-01-23 12:07:02       0m 31s  ...                4.05         0.11
35  2026-01-23 12:07:34       0m 31s  ...                1.89         0.05
36  2026-01-23 12:08:06       0m 32s  ...                5.54         0.15
37  2026-01-23 12:08:38       0m 30s  ...                0.46         0.01
38  2026-01-23 12:09:09       0m 29s  ...                1.59         0.04
39  2026-01-23 12:09:38       0m 36s  ...               43.85         1.03
40  2026-01-23 12:10:15       0m 38s  ...               61.84         1.56
41  2026-01-23 12:10:54       0m 37s  ...               46.89         1.19
42  2026-01-23 12:11:31       0m 44s  ...               80.70         2.32
43  2026-01-23 12:12:16       0m 30s  ...                2.90         0.07
44  2026-01-23 12:12:47       0m 32s  ...               11.56         0.29
45  2026-01-23 12:13:20       0m 32s  ...                4.11         0.11
46  2026-01-23 12:13:52       0m 32s  ...               11.45         0.30
47  2026-01-23 12:14:24       0m 32s  ...               11.80         0.25
48  2026-01-23 12:14:57       0m 32s  ...                6.42         0.18
49  2026-01-23 12:15:30       0m 31s  ...                0.78         0.02
50  2026-01-23 12:16:01       0m 43s  ...               83.75         2.58
51  2026-01-23 12:16:45       0m 40s  ...               77.72         2.05
52  2026-01-23 12:17:25       0m 32s  ...                8.96         0.25
53  2026-01-23 12:17:58       0m 30s  ...                1.10         0.03
54  2026-01-23 12:18:29       0m 32s  ...               11.62         0.29
55  2026-01-23 12:19:01       0m 38s  ...               55.20         1.46
56  2026-01-23 12:19:40       0m 35s  ...               34.44         0.83
57  2026-01-23 12:20:15       0m 32s  ...                4.27         0.10
58  2026-01-23 12:20:48       0m 33s  ...                8.15         0.18

[59 rows x 24 columns]
[2026-01-23 12:24:24,964] - [root] - [INFO] - Analysis finished: 0m 32s
[2026-01-23 12:24:24,964] - [root] - [INFO] - -------------------------------------------
[2026-01-23 12:24:24,964] - [root] - [INFO] - -------------------------------------------
[2026-01-23 12:24:24,964] - [root] - [INFO] - Processing 1-22-2026 5dpi 155-W2021011-639_R1.png
[2026-01-23 12:24:45,740] - [root] - [INFO] - Finished loading mask: 0m 20s
[2026-01-23 12:24:56,228] - [root] - [INFO] - Finished crop and inference: 0m 31s
[2026-01-23 12:24:58,045] - [root] - [INFO] - Analysis finished: 0m 33s
[2026-01-23 12:24:58,045] - [root] - [INFO] - -------------------------------------------
[2026-01-23 12:24:58,045] - [root] - [INFO] - -------------------------------------------
[2026-01-23 12:24:58,045] - [root] - [INFO] - Processing 1-22-2026 5dpi 156-W2021009-276_R2.png
[2026-01-23 12:25:18,862] - [root] - [INFO] - Finished loading mask: 0m 20s
[2026-01-23 12:25:30,271] - [root] - [INFO] - Finished crop and inference: 0m 32s
[2026-01-23 12:25:32,012] - [root] - [INFO] - Analysis finished: 0m 33s
[2026-01-23 12:25:32,012] - [root] - [INFO] - -------------------------------------------
[2026-01-23 12:25:32,012] - [root] - [INFO] - -------------------------------------------
[2026-01-23 12:25:32,012] - [root] - [INFO] - Processing 1-22-2026 5dpi 158-W2021006-114_R1.png
[2026-01-23 12:25:53,347] - [root] - [INFO] - Finished loading mask: 0m 21s
[2026-01-23 12:26:09,481] - [root] - [INFO] - Finished crop and inference: 0m 37s
[2026-01-23 12:26:11,153] - [root] - [INFO] - Analysis finished: 0m 39s
[2026-01-23 12:26:11,153] - [root] - [INFO] - -------------------------------------------
[2026-01-23 12:26:11,153] - [root] - [INFO] - -------------------------------------------
[2026-01-23 12:26:11,153] - [root] - [INFO] - Processing 1-22-2026 5dpi 167-W2021006-003_R2.png
[2026-01-23 12:26:32,133] - [root] - [INFO] - Finished loading mask: 0m 20s
[2026-01-23 12:26:41,032] - [root] - [INFO] - Finished crop and inference: 0m 29s
[2026-01-23 12:26:42,746] - [root] - [INFO] - Analysis finished: 0m 31s
[2026-01-23 12:26:42,746] - [root] - [INFO] - -------------------------------------------
[2026-01-23 12:26:42,746] - [root] - [INFO] - -------------------------------------------
[2026-01-23 12:26:42,746] - [root] - [INFO] - Processing 1-22-2026 5dpi 169-W2021009-623_R2.png
[2026-01-23 12:27:03,387] - [root] - [INFO] - Finished loading mask: 0m 20s
[2026-01-23 12:27:26,431] - [root] - [INFO] - Finished crop and inference: 0m 43s
[2026-01-23 12:27:28,003] - [root] - [INFO] - Analysis finished: 0m 45s
[2026-01-23 12:27:28,003] - [root] - [INFO] - -------------------------------------------
[2026-01-23 12:27:28,003] - [root] - [INFO] - -------------------------------------------
[2026-01-23 12:27:28,005] - [root] - [INFO] - Processing 1-22-2026 5dpi 169-W2021011-477_R1.png
[2026-01-23 12:27:48,960] - [root] - [INFO] - Finished loading mask: 0m 20s
[2026-01-23 12:28:05,573] - [root] - [INFO] - Finished crop and inference: 0m 37s
[2026-01-23 12:28:07,169] - [root] - [INFO] - Analysis finished: 0m 39s
[2026-01-23 12:28:07,169] - [root] - [INFO] - -------------------------------------------
[2026-01-23 12:28:07,169] - [root] - [INFO] - -------------------------------------------
[2026-01-23 12:28:07,169] - [root] - [INFO] - Processing 1-22-2026 5dpi 172-W2021011-557_R2.png
[2026-01-23 12:28:27,695] - [root] - [INFO] - Finished loading mask: 0m 20s
[2026-01-23 12:28:39,002] - [root] - [INFO] - Finished crop and inference: 0m 31s
[2026-01-23 12:28:40,689] - [root] - [INFO] - Analysis finished: 0m 33s
[2026-01-23 12:28:40,689] - [root] - [INFO] - -------------------------------------------
[2026-01-23 12:28:40,689] - [root] - [INFO] - -------------------------------------------
[2026-01-23 12:28:40,689] - [root] - [INFO] - Processing 1-22-2026 5dpi 173-W2021006-127_R2.png
[2026-01-23 12:29:02,644] - [root] - [INFO] - Finished loading mask: 0m 21s
[2026-01-23 12:29:12,134] - [root] - [INFO] - Finished crop and inference: 0m 31s
              timestamp time_elapsed  ... severity_rate_patch Gradient_sr2
0   2026-01-23 11:48:08       0m 29s  ...                1.74         0.04
1   2026-01-23 11:48:38       0m 30s  ...                4.36         0.11
2   2026-01-23 11:49:08       0m 31s  ...                0.85         0.02
3   2026-01-23 11:49:40       0m 34s  ...               25.47         0.67
4   2026-01-23 11:50:14       0m 35s  ...               37.39         0.99
5   2026-01-23 11:50:49       0m 30s  ...                0.45         0.01
6   2026-01-23 11:51:20       0m 36s  ...               38.62         0.91
7   2026-01-23 11:51:56       0m 35s  ...               19.86         0.56
8   2026-01-23 11:52:32       0m 34s  ...               39.61         1.05
9   2026-01-23 11:53:06       0m 30s  ...                1.79         0.05
10  2026-01-23 11:53:37       0m 30s  ...                2.79         0.07
11  2026-01-23 11:54:07       0m 33s  ...               20.77         0.49
12  2026-01-23 11:54:40       0m 33s  ...               20.60         0.51
13  2026-01-23 11:55:14       0m 32s  ...               15.28         0.35
14  2026-01-23 11:55:46       0m 35s  ...               30.18         0.79
15  2026-01-23 11:56:21       0m 34s  ...               19.25         0.48
16  2026-01-23 11:56:56       0m 44s  ...               85.84         2.58
17  2026-01-23 11:57:40       0m 31s  ...                0.76         0.02
18  2026-01-23 11:58:11       0m 33s  ...               23.22         0.57
19  2026-01-23 11:58:45       0m 39s  ...               62.76         1.72
20  2026-01-23 11:59:25       0m 30s  ...                1.10         0.03
21  2026-01-23 11:59:55       0m 33s  ...               19.31         0.52
22  2026-01-23 12:00:28       0m 36s  ...               42.05         1.16
23  2026-01-23 12:01:05       0m 28s  ...                6.56         0.18
24  2026-01-23 12:01:33       0m 29s  ...                1.51         0.04
25  2026-01-23 12:02:03       0m 31s  ...                8.51         0.22
26  2026-01-23 12:02:35       0m 32s  ...               12.12         0.31
27  2026-01-23 12:03:07       0m 34s  ...               32.69         0.79
28  2026-01-23 12:03:41       0m 31s  ...                2.15         0.06
29  2026-01-23 12:04:12       0m 31s  ...                2.94         0.07
30  2026-01-23 12:04:44       0m 32s  ...               12.91         0.30
31  2026-01-23 12:05:17       0m 34s  ...               42.77         1.19
32  2026-01-23 12:05:51       0m 39s  ...               65.54         1.89
33  2026-01-23 12:06:30       0m 32s  ...               10.11         0.24
34  2026-01-23 12:07:02       0m 31s  ...                4.05         0.11
35  2026-01-23 12:07:34       0m 31s  ...                1.89         0.05
36  2026-01-23 12:08:06       0m 32s  ...                5.54         0.15
37  2026-01-23 12:08:38       0m 30s  ...                0.46         0.01
38  2026-01-23 12:09:09       0m 29s  ...                1.59         0.04
39  2026-01-23 12:09:38       0m 36s  ...               43.85         1.03
40  2026-01-23 12:10:15       0m 38s  ...               61.84         1.56
41  2026-01-23 12:10:54       0m 37s  ...               46.89         1.19
42  2026-01-23 12:11:31       0m 44s  ...               80.70         2.32
43  2026-01-23 12:12:16       0m 30s  ...                2.90         0.07
44  2026-01-23 12:12:47       0m 32s  ...               11.56         0.29
45  2026-01-23 12:13:20       0m 32s  ...                4.11         0.11
46  2026-01-23 12:13:52       0m 32s  ...               11.45         0.30
47  2026-01-23 12:14:24       0m 32s  ...               11.80         0.25
48  2026-01-23 12:14:57       0m 32s  ...                6.42         0.18
49  2026-01-23 12:15:30       0m 31s  ...                0.78         0.02
50  2026-01-23 12:16:01       0m 43s  ...               83.75         2.58
51  2026-01-23 12:16:45       0m 40s  ...               77.72         2.05
52  2026-01-23 12:17:25       0m 32s  ...                8.96         0.25
53  2026-01-23 12:17:58       0m 30s  ...                1.10         0.03
54  2026-01-23 12:18:29       0m 32s  ...               11.62         0.29
55  2026-01-23 12:19:01       0m 38s  ...               55.20         1.46
56  2026-01-23 12:19:40       0m 35s  ...               34.44         0.83
57  2026-01-23 12:20:15       0m 32s  ...                4.27         0.10
58  2026-01-23 12:20:48       0m 33s  ...                8.15         0.18
59  2026-01-23 12:21:21       0m 47s  ...               86.63         2.57

[60 rows x 24 columns]
              timestamp time_elapsed  ... severity_rate_patch Gradient_sr2
0   2026-01-23 11:48:08       0m 29s  ...                1.74         0.04
1   2026-01-23 11:48:38       0m 30s  ...                4.36         0.11
2   2026-01-23 11:49:08       0m 31s  ...                0.85         0.02
3   2026-01-23 11:49:40       0m 34s  ...               25.47         0.67
4   2026-01-23 11:50:14       0m 35s  ...               37.39         0.99
..                  ...          ...  ...                 ...          ...
56  2026-01-23 12:19:40       0m 35s  ...               34.44         0.83
57  2026-01-23 12:20:15       0m 32s  ...                4.27         0.10
58  2026-01-23 12:20:48       0m 33s  ...                8.15         0.18
59  2026-01-23 12:21:21       0m 47s  ...               86.63         2.57
60  2026-01-23 12:22:09       0m 32s  ...                0.61         0.02

[61 rows x 24 columns]
              timestamp time_elapsed  ... severity_rate_patch Gradient_sr2
0   2026-01-23 11:48:08       0m 29s  ...                1.74         0.04
1   2026-01-23 11:48:38       0m 30s  ...                4.36         0.11
2   2026-01-23 11:49:08       0m 31s  ...                0.85         0.02
3   2026-01-23 11:49:40       0m 34s  ...               25.47         0.67
4   2026-01-23 11:50:14       0m 35s  ...               37.39         0.99
..                  ...          ...  ...                 ...          ...
57  2026-01-23 12:20:15       0m 32s  ...                4.27         0.10
58  2026-01-23 12:20:48       0m 33s  ...                8.15         0.18
59  2026-01-23 12:21:21       0m 47s  ...               86.63         2.57
60  2026-01-23 12:22:09       0m 32s  ...                0.61         0.02
61  2026-01-23 12:22:41       0m 36s  ...               28.01         0.73

[62 rows x 24 columns]
              timestamp time_elapsed  ... severity_rate_patch Gradient_sr2
0   2026-01-23 11:48:08       0m 29s  ...                1.74         0.04
1   2026-01-23 11:48:38       0m 30s  ...                4.36         0.11
2   2026-01-23 11:49:08       0m 31s  ...                0.85         0.02
3   2026-01-23 11:49:40       0m 34s  ...               25.47         0.67
4   2026-01-23 11:50:14       0m 35s  ...               37.39         0.99
..                  ...          ...  ...                 ...          ...
58  2026-01-23 12:20:48       0m 33s  ...                8.15         0.18
59  2026-01-23 12:21:21       0m 47s  ...               86.63         2.57
60  2026-01-23 12:22:09       0m 32s  ...                0.61         0.02
61  2026-01-23 12:22:41       0m 36s  ...               28.01         0.73
62  2026-01-23 12:23:18       0m 34s  ...               13.12         0.36

[63 rows x 24 columns]
[2026-01-23 12:29:13,736] - [root] - [INFO] - Analysis finished: 0m 33s
[2026-01-23 12:29:13,736] - [root] - [INFO] - -------------------------------------------
[2026-01-23 12:29:13,736] - [root] - [INFO] - -------------------------------------------
[2026-01-23 12:29:13,736] - [root] - [INFO] - Processing 1-22-2026 5dpi 174-W2021009-156_R2.png
[2026-01-23 12:29:33,766] - [root] - [INFO] - Finished loading mask: 0m 20s
[2026-01-23 12:29:43,832] - [root] - [INFO] - Finished crop and inference: 0m 30s
[2026-01-23 12:29:45,478] - [root] - [INFO] - Analysis finished: 0m 31s
[2026-01-23 12:29:45,478] - [root] - [INFO] - -------------------------------------------
[2026-01-23 12:29:45,478] - [root] - [INFO] - -------------------------------------------
[2026-01-23 12:29:45,478] - [root] - [INFO] - Processing 1-22-2026 5dpi 176-W2021009-256_R2.png
[2026-01-23 12:30:05,881] - [root] - [INFO] - Finished loading mask: 0m 20s
[2026-01-23 12:30:12,794] - [root] - [INFO] - Finished crop and inference: 0m 27s
[2026-01-23 12:30:14,483] - [root] - [INFO] - Analysis finished: 0m 29s
[2026-01-23 12:30:14,483] - [root] - [INFO] - -------------------------------------------
[2026-01-23 12:30:14,483] - [root] - [INFO] - -------------------------------------------
[2026-01-23 12:30:14,483] - [root] - [INFO] - Processing 1-22-2026 5dpi 177-W2021009-194_R1.png
[2026-01-23 12:30:34,708] - [root] - [INFO] - Finished loading mask: 0m 20s
[2026-01-23 12:30:45,332] - [root] - [INFO] - Finished crop and inference: 0m 30s
[2026-01-23 12:30:46,996] - [root] - [INFO] - Analysis finished: 0m 32s
[2026-01-23 12:30:46,996] - [root] - [INFO] - -------------------------------------------
[2026-01-23 12:30:46,996] - [root] - [INFO] - -------------------------------------------
[2026-01-23 12:30:46,996] - [root] - [INFO] - Processing 1-22-2026 5dpi 180-W2021009-152_R1.png
[2026-01-23 12:31:07,224] - [root] - [INFO] - Finished loading mask: 0m 20s
[2026-01-23 12:31:18,148] - [root] - [INFO] - Finished crop and inference: 0m 31s
[2026-01-23 12:31:19,798] - [root] - [INFO] - Analysis finished: 0m 32s
[2026-01-23 12:31:19,798] - [root] - [INFO] - -------------------------------------------
[2026-01-23 12:31:19,798] - [root] - [INFO] - -------------------------------------------
[2026-01-23 12:31:19,798] - [root] - [INFO] - Processing 1-22-2026 5dpi 180-W2021011-476_R2.png
[2026-01-23 12:31:40,523] - [root] - [INFO] - Finished loading mask: 0m 20s
[2026-01-23 12:31:59,291] - [root] - [INFO] - Finished crop and inference: 0m 39s
[2026-01-23 12:32:00,913] - [root] - [INFO] - Analysis finished: 0m 41s
[2026-01-23 12:32:00,913] - [root] - [INFO] - -------------------------------------------
[2026-01-23 12:32:00,913] - [root] - [INFO] - -------------------------------------------
[2026-01-23 12:32:00,913] - [root] - [INFO] - Processing 1-22-2026 5dpi 182-W2021009-251_R1.png
[2026-01-23 12:32:21,125] - [root] - [INFO] - Finished loading mask: 0m 20s
[2026-01-23 12:32:31,824] - [root] - [INFO] - Finished crop and inference: 0m 30s
[2026-01-23 12:32:33,380] - [root] - [INFO] - Analysis finished: 0m 32s
[2026-01-23 12:32:33,380] - [root] - [INFO] - -------------------------------------------
[2026-01-23 12:32:33,380] - [root] - [INFO] - -------------------------------------------
[2026-01-23 12:32:33,380] - [root] - [INFO] - Processing 1-22-2026 5dpi 183-W2021009-295_R1.png
[2026-01-23 12:32:53,659] - [root] - [INFO] - Finished loading mask: 0m 20s
[2026-01-23 12:33:02,627] - [root] - [INFO] - Finished crop and inference: 0m 29s
[2026-01-23 12:33:04,243] - [root] - [INFO] - Analysis finished: 0m 30s
[2026-01-23 12:33:04,243] - [root] - [INFO] - -------------------------------------------
[2026-01-23 12:33:04,243] - [root] - [INFO] - -------------------------------------------
[2026-01-23 12:33:04,243] - [root] - [INFO] - Processing 1-22-2026 5dpi 185-W2021009-199_R1.png
[2026-01-23 12:33:23,992] - [root] - [INFO] - Finished loading mask: 0m 19s
[2026-01-23 12:33:34,242] - [root] - [INFO] - Finished crop and inference: 0m 29s
              timestamp time_elapsed  ... severity_rate_patch Gradient_sr2
0   2026-01-23 11:48:08       0m 29s  ...                1.74         0.04
1   2026-01-23 11:48:38       0m 30s  ...                4.36         0.11
2   2026-01-23 11:49:08       0m 31s  ...                0.85         0.02
3   2026-01-23 11:49:40       0m 34s  ...               25.47         0.67
4   2026-01-23 11:50:14       0m 35s  ...               37.39         0.99
..                  ...          ...  ...                 ...          ...
59  2026-01-23 12:21:21       0m 47s  ...               86.63         2.57
60  2026-01-23 12:22:09       0m 32s  ...                0.61         0.02
61  2026-01-23 12:22:41       0m 36s  ...               28.01         0.73
62  2026-01-23 12:23:18       0m 34s  ...               13.12         0.36
63  2026-01-23 12:23:52       0m 32s  ...                2.62         0.07

[64 rows x 24 columns]
              timestamp time_elapsed  ... severity_rate_patch Gradient_sr2
0   2026-01-23 11:48:08       0m 29s  ...                1.74         0.04
1   2026-01-23 11:48:38       0m 30s  ...                4.36         0.11
2   2026-01-23 11:49:08       0m 31s  ...                0.85         0.02
3   2026-01-23 11:49:40       0m 34s  ...               25.47         0.67
4   2026-01-23 11:50:14       0m 35s  ...               37.39         0.99
..                  ...          ...  ...                 ...          ...
60  2026-01-23 12:22:09       0m 32s  ...                0.61         0.02
61  2026-01-23 12:22:41       0m 36s  ...               28.01         0.73
62  2026-01-23 12:23:18       0m 34s  ...               13.12         0.36
63  2026-01-23 12:23:52       0m 32s  ...                2.62         0.07
64  2026-01-23 12:24:24       0m 33s  ...               10.00         0.27

[65 rows x 24 columns]
              timestamp time_elapsed  ... severity_rate_patch Gradient_sr2
0   2026-01-23 11:48:08       0m 29s  ...                1.74         0.04
1   2026-01-23 11:48:38       0m 30s  ...                4.36         0.11
2   2026-01-23 11:49:08       0m 31s  ...                0.85         0.02
3   2026-01-23 11:49:40       0m 34s  ...               25.47         0.67
4   2026-01-23 11:50:14       0m 35s  ...               37.39         0.99
..                  ...          ...  ...                 ...          ...
61  2026-01-23 12:22:41       0m 36s  ...               28.01         0.73
62  2026-01-23 12:23:18       0m 34s  ...               13.12         0.36
63  2026-01-23 12:23:52       0m 32s  ...                2.62         0.07
64  2026-01-23 12:24:24       0m 33s  ...               10.00         0.27
65  2026-01-23 12:24:58       0m 33s  ...                7.64         0.19

[66 rows x 24 columns]
              timestamp time_elapsed  ... severity_rate_patch Gradient_sr2
0   2026-01-23 11:48:08       0m 29s  ...                1.74         0.04
1   2026-01-23 11:48:38       0m 30s  ...                4.36         0.11
2   2026-01-23 11:49:08       0m 31s  ...                0.85         0.02
3   2026-01-23 11:49:40       0m 34s  ...               25.47         0.67
4   2026-01-23 11:50:14       0m 35s  ...               37.39         0.99
..                  ...          ...  ...                 ...          ...
62  2026-01-23 12:23:18       0m 34s  ...               13.12         0.36
63  2026-01-23 12:23:52       0m 32s  ...                2.62         0.07
64  2026-01-23 12:24:24       0m 33s  ...               10.00         0.27
65  2026-01-23 12:24:58       0m 33s  ...                7.64         0.19
66  2026-01-23 12:25:32       0m 39s  ...               53.88         1.51

[67 rows x 24 columns]
              timestamp time_elapsed  ... severity_rate_patch Gradient_sr2
0   2026-01-23 11:48:08       0m 29s  ...                1.74         0.04
1   2026-01-23 11:48:38       0m 30s  ...                4.36         0.11
2   2026-01-23 11:49:08       0m 31s  ...                0.85         0.02
3   2026-01-23 11:49:40       0m 34s  ...               25.47         0.67
4   2026-01-23 11:50:14       0m 35s  ...               37.39         0.99
..                  ...          ...  ...                 ...          ...
63  2026-01-23 12:23:52       0m 32s  ...                2.62         0.07
64  2026-01-23 12:24:24       0m 33s  ...               10.00         0.27
65  2026-01-23 12:24:58       0m 33s  ...                7.64         0.19
66  2026-01-23 12:25:32       0m 39s  ...               53.88         1.51
67  2026-01-23 12:26:11       0m 31s  ...                2.18         0.06

[68 rows x 24 columns]
              timestamp time_elapsed  ... severity_rate_patch Gradient_sr2
0   2026-01-23 11:48:08       0m 29s  ...                1.74         0.04
1   2026-01-23 11:48:38       0m 30s  ...                4.36         0.11
2   2026-01-23 11:49:08       0m 31s  ...                0.85         0.02
3   2026-01-23 11:49:40       0m 34s  ...               25.47         0.67
4   2026-01-23 11:50:14       0m 35s  ...               37.39         0.99
..                  ...          ...  ...                 ...          ...
64  2026-01-23 12:24:24       0m 33s  ...               10.00         0.27
65  2026-01-23 12:24:58       0m 33s  ...                7.64         0.19
66  2026-01-23 12:25:32       0m 39s  ...               53.88         1.51
67  2026-01-23 12:26:11       0m 31s  ...                2.18         0.06
68  2026-01-23 12:26:42       0m 45s  ...               84.74         2.55

[69 rows x 24 columns]
              timestamp time_elapsed  ... severity_rate_patch Gradient_sr2
0   2026-01-23 11:48:08       0m 29s  ...                1.74         0.04
1   2026-01-23 11:48:38       0m 30s  ...                4.36         0.11
2   2026-01-23 11:49:08       0m 31s  ...                0.85         0.02
3   2026-01-23 11:49:40       0m 34s  ...               25.47         0.67
4   2026-01-23 11:50:14       0m 35s  ...               37.39         0.99
..                  ...          ...  ...                 ...          ...
65  2026-01-23 12:24:58       0m 33s  ...                7.64         0.19
66  2026-01-23 12:25:32       0m 39s  ...               53.88         1.51
67  2026-01-23 12:26:11       0m 31s  ...                2.18         0.06
68  2026-01-23 12:26:42       0m 45s  ...               84.74         2.55
69  2026-01-23 12:27:28       0m 39s  ...               57.21         1.60

[70 rows x 24 columns]
              timestamp time_elapsed  ... severity_rate_patch Gradient_sr2
0   2026-01-23 11:48:08       0m 29s  ...                1.74         0.04
1   2026-01-23 11:48:38       0m 30s  ...                4.36         0.11
2   2026-01-23 11:49:08       0m 31s  ...                0.85         0.02
3   2026-01-23 11:49:40       0m 34s  ...               25.47         0.67
4   2026-01-23 11:50:14       0m 35s  ...               37.39         0.99
..                  ...          ...  ...                 ...          ...
66  2026-01-23 12:25:32       0m 39s  ...               53.88         1.51
67  2026-01-23 12:26:11       0m 31s  ...                2.18         0.06
68  2026-01-23 12:26:42       0m 45s  ...               84.74         2.55
69  2026-01-23 12:27:28       0m 39s  ...               57.21         1.60
70  2026-01-23 12:28:07       0m 33s  ...                8.76         0.24

[71 rows x 24 columns]
[2026-01-23 12:33:35,879] - [root] - [INFO] - Analysis finished: 0m 31s
[2026-01-23 12:33:35,879] - [root] - [INFO] - -------------------------------------------
[2026-01-23 12:33:35,879] - [root] - [INFO] - -------------------------------------------
[2026-01-23 12:33:35,879] - [root] - [INFO] - Processing 1-22-2026 5dpi 185-W2021009-291_R2.png
[2026-01-23 12:33:55,968] - [root] - [INFO] - Finished loading mask: 0m 20s
[2026-01-23 12:34:06,853] - [root] - [INFO] - Finished crop and inference: 0m 30s
[2026-01-23 12:34:08,492] - [root] - [INFO] - Analysis finished: 0m 32s
[2026-01-23 12:34:08,492] - [root] - [INFO] - -------------------------------------------
[2026-01-23 12:34:08,492] - [root] - [INFO] - -------------------------------------------
[2026-01-23 12:34:08,492] - [root] - [INFO] - Processing 1-22-2026 5dpi 187-W2021010-348_R2.png
[2026-01-23 12:34:28,627] - [root] - [INFO] - Finished loading mask: 0m 20s
[2026-01-23 12:34:48,661] - [root] - [INFO] - Finished crop and inference: 0m 40s
[2026-01-23 12:34:50,283] - [root] - [INFO] - Analysis finished: 0m 41s
[2026-01-23 12:34:50,283] - [root] - [INFO] - -------------------------------------------
[2026-01-23 12:34:50,283] - [root] - [INFO] - -------------------------------------------
[2026-01-23 12:34:50,283] - [root] - [INFO] - Processing 1-22-2026 5dpi 191-W2021010-426_R2.png
[2026-01-23 12:35:10,798] - [root] - [INFO] - Finished loading mask: 0m 20s
[2026-01-23 12:35:22,334] - [root] - [INFO] - Finished crop and inference: 0m 32s
[2026-01-23 12:35:23,979] - [root] - [INFO] - Analysis finished: 0m 33s
[2026-01-23 12:35:23,979] - [root] - [INFO] - -------------------------------------------
[2026-01-23 12:35:23,979] - [root] - [INFO] - -------------------------------------------
[2026-01-23 12:35:23,979] - [root] - [INFO] - Processing 1-22-2026 5dpi 191-W2021010-449_R1.png
[2026-01-23 12:35:44,855] - [root] - [INFO] - Finished loading mask: 0m 20s
[2026-01-23 12:35:57,865] - [root] - [INFO] - Finished crop and inference: 0m 33s
[2026-01-23 12:35:59,484] - [root] - [INFO] - Analysis finished: 0m 35s
[2026-01-23 12:35:59,484] - [root] - [INFO] - -------------------------------------------
[2026-01-23 12:35:59,486] - [root] - [INFO] - -------------------------------------------
[2026-01-23 12:35:59,486] - [root] - [INFO] - Processing 1-22-2026 5dpi 192-W2021006-005_R1.png
[2026-01-23 12:36:19,403] - [root] - [INFO] - Finished loading mask: 0m 19s
[2026-01-23 12:36:28,835] - [root] - [INFO] - Finished crop and inference: 0m 29s
[2026-01-23 12:36:30,525] - [root] - [INFO] - Analysis finished: 0m 31s
[2026-01-23 12:36:30,525] - [root] - [INFO] - -------------------------------------------
[2026-01-23 12:36:30,525] - [root] - [INFO] - -------------------------------------------
[2026-01-23 12:36:30,525] - [root] - [INFO] - Processing 1-22-2026 5dpi 206-W2021010-344_R1.png
[2026-01-23 12:36:51,037] - [root] - [INFO] - Finished loading mask: 0m 20s
[2026-01-23 12:37:00,600] - [root] - [INFO] - Finished crop and inference: 0m 30s
[2026-01-23 12:37:02,232] - [root] - [INFO] - Analysis finished: 0m 31s
[2026-01-23 12:37:02,232] - [root] - [INFO] - -------------------------------------------
[2026-01-23 12:37:02,232] - [root] - [INFO] - -------------------------------------------
[2026-01-23 12:37:02,232] - [root] - [INFO] - Processing 1-22-2026 5dpi 207-W2021009-287_R2.png
[2026-01-23 12:37:22,111] - [root] - [INFO] - Finished loading mask: 0m 19s
[2026-01-23 12:37:31,335] - [root] - [INFO] - Finished crop and inference: 0m 29s
[2026-01-23 12:37:33,023] - [root] - [INFO] - Analysis finished: 0m 30s
[2026-01-23 12:37:33,023] - [root] - [INFO] - -------------------------------------------
[2026-01-23 12:37:33,023] - [root] - [INFO] - -------------------------------------------
[2026-01-23 12:37:33,023] - [root] - [INFO] - Processing 1-22-2026 5dpi 208-W2021009-268_R2.png
[2026-01-23 12:37:53,034] - [root] - [INFO] - Finished loading mask: 0m 20s
[2026-01-23 12:38:06,822] - [root] - [INFO] - Finished crop and inference: 0m 33s
              timestamp time_elapsed  ... severity_rate_patch Gradient_sr2
0   2026-01-23 11:48:08       0m 29s  ...                1.74         0.04
1   2026-01-23 11:48:38       0m 30s  ...                4.36         0.11
2   2026-01-23 11:49:08       0m 31s  ...                0.85         0.02
3   2026-01-23 11:49:40       0m 34s  ...               25.47         0.67
4   2026-01-23 11:50:14       0m 35s  ...               37.39         0.99
..                  ...          ...  ...                 ...          ...
67  2026-01-23 12:26:11       0m 31s  ...                2.18         0.06
68  2026-01-23 12:26:42       0m 45s  ...               84.74         2.55
69  2026-01-23 12:27:28       0m 39s  ...               57.21         1.60
70  2026-01-23 12:28:07       0m 33s  ...                8.76         0.24
71  2026-01-23 12:28:40       0m 33s  ...                1.64         0.04

[72 rows x 24 columns]
              timestamp time_elapsed  ... severity_rate_patch Gradient_sr2
0   2026-01-23 11:48:08       0m 29s  ...                1.74         0.04
1   2026-01-23 11:48:38       0m 30s  ...                4.36         0.11
2   2026-01-23 11:49:08       0m 31s  ...                0.85         0.02
3   2026-01-23 11:49:40       0m 34s  ...               25.47         0.67
4   2026-01-23 11:50:14       0m 35s  ...               37.39         0.99
..                  ...          ...  ...                 ...          ...
68  2026-01-23 12:26:42       0m 45s  ...               84.74         2.55
69  2026-01-23 12:27:28       0m 39s  ...               57.21         1.60
70  2026-01-23 12:28:07       0m 33s  ...                8.76         0.24
71  2026-01-23 12:28:40       0m 33s  ...                1.64         0.04
72  2026-01-23 12:29:13       0m 31s  ...               15.38         0.37

[73 rows x 24 columns]
              timestamp time_elapsed  ... severity_rate_patch Gradient_sr2
0   2026-01-23 11:48:08       0m 29s  ...                1.74         0.04
1   2026-01-23 11:48:38       0m 30s  ...                4.36         0.11
2   2026-01-23 11:49:08       0m 31s  ...                0.85         0.02
3   2026-01-23 11:49:40       0m 34s  ...               25.47         0.67
4   2026-01-23 11:50:14       0m 35s  ...               37.39         0.99
..                  ...          ...  ...                 ...          ...
69  2026-01-23 12:27:28       0m 39s  ...               57.21         1.60
70  2026-01-23 12:28:07       0m 33s  ...                8.76         0.24
71  2026-01-23 12:28:40       0m 33s  ...                1.64         0.04
72  2026-01-23 12:29:13       0m 31s  ...               15.38         0.37
73  2026-01-23 12:29:45       0m 28s  ...                3.28         0.08

[74 rows x 24 columns]
              timestamp time_elapsed  ... severity_rate_patch Gradient_sr2
0   2026-01-23 11:48:08       0m 29s  ...                1.74         0.04
1   2026-01-23 11:48:38       0m 30s  ...                4.36         0.11
2   2026-01-23 11:49:08       0m 31s  ...                0.85         0.02
3   2026-01-23 11:49:40       0m 34s  ...               25.47         0.67
4   2026-01-23 11:50:14       0m 35s  ...               37.39         0.99
..                  ...          ...  ...                 ...          ...
70  2026-01-23 12:28:07       0m 33s  ...                8.76         0.24
71  2026-01-23 12:28:40       0m 33s  ...                1.64         0.04
72  2026-01-23 12:29:13       0m 31s  ...               15.38         0.37
73  2026-01-23 12:29:45       0m 28s  ...                3.28         0.08
74  2026-01-23 12:30:14       0m 32s  ...               13.43         0.36

[75 rows x 24 columns]
              timestamp time_elapsed  ... severity_rate_patch Gradient_sr2
0   2026-01-23 11:48:08       0m 29s  ...                1.74         0.04
1   2026-01-23 11:48:38       0m 30s  ...                4.36         0.11
2   2026-01-23 11:49:08       0m 31s  ...                0.85         0.02
3   2026-01-23 11:49:40       0m 34s  ...               25.47         0.67
4   2026-01-23 11:50:14       0m 35s  ...               37.39         0.99
..                  ...          ...  ...                 ...          ...
71  2026-01-23 12:28:40       0m 33s  ...                1.64         0.04
72  2026-01-23 12:29:13       0m 31s  ...               15.38         0.37
73  2026-01-23 12:29:45       0m 28s  ...                3.28         0.08
74  2026-01-23 12:30:14       0m 32s  ...               13.43         0.36
75  2026-01-23 12:30:46       0m 32s  ...               24.95         0.55

[76 rows x 24 columns]
              timestamp time_elapsed  ... severity_rate_patch Gradient_sr2
0   2026-01-23 11:48:08       0m 29s  ...                1.74         0.04
1   2026-01-23 11:48:38       0m 30s  ...                4.36         0.11
2   2026-01-23 11:49:08       0m 31s  ...                0.85         0.02
3   2026-01-23 11:49:40       0m 34s  ...               25.47         0.67
4   2026-01-23 11:50:14       0m 35s  ...               37.39         0.99
..                  ...          ...  ...                 ...          ...
72  2026-01-23 12:29:13       0m 31s  ...               15.38         0.37
73  2026-01-23 12:29:45       0m 28s  ...                3.28         0.08
74  2026-01-23 12:30:14       0m 32s  ...               13.43         0.36
75  2026-01-23 12:30:46       0m 32s  ...               24.95         0.55
76  2026-01-23 12:31:19       0m 41s  ...               79.18         2.11

[77 rows x 24 columns]
              timestamp time_elapsed  ... severity_rate_patch Gradient_sr2
0   2026-01-23 11:48:08       0m 29s  ...                1.74         0.04
1   2026-01-23 11:48:38       0m 30s  ...                4.36         0.11
2   2026-01-23 11:49:08       0m 31s  ...                0.85         0.02
3   2026-01-23 11:49:40       0m 34s  ...               25.47         0.67
4   2026-01-23 11:50:14       0m 35s  ...               37.39         0.99
..                  ...          ...  ...                 ...          ...
73  2026-01-23 12:29:45       0m 28s  ...                3.28         0.08
74  2026-01-23 12:30:14       0m 32s  ...               13.43         0.36
75  2026-01-23 12:30:46       0m 32s  ...               24.95         0.55
76  2026-01-23 12:31:19       0m 41s  ...               79.18         2.11
77  2026-01-23 12:32:00       0m 32s  ...                4.96         0.12

[78 rows x 24 columns]
              timestamp time_elapsed  ... severity_rate_patch Gradient_sr2
0   2026-01-23 11:48:08       0m 29s  ...                1.74         0.04
1   2026-01-23 11:48:38       0m 30s  ...                4.36         0.11
2   2026-01-23 11:49:08       0m 31s  ...                0.85         0.02
3   2026-01-23 11:49:40       0m 34s  ...               25.47         0.67
4   2026-01-23 11:50:14       0m 35s  ...               37.39         0.99
..                  ...          ...  ...                 ...          ...
74  2026-01-23 12:30:14       0m 32s  ...               13.43         0.36
75  2026-01-23 12:30:46       0m 32s  ...               24.95         0.55
76  2026-01-23 12:31:19       0m 41s  ...               79.18         2.11
77  2026-01-23 12:32:00       0m 32s  ...                4.96         0.12
78  2026-01-23 12:32:33       0m 30s  ...                6.35         0.16

[79 rows x 24 columns]
[2026-01-23 12:38:08,402] - [root] - [INFO] - Analysis finished: 0m 35s
[2026-01-23 12:38:08,402] - [root] - [INFO] - -------------------------------------------
[2026-01-23 12:38:08,402] - [root] - [INFO] - -------------------------------------------
[2026-01-23 12:38:08,402] - [root] - [INFO] - Processing 1-22-2026 5dpi 209-W2021010-439_R2.png
[2026-01-23 12:38:28,268] - [root] - [INFO] - Finished loading mask: 0m 19s
[2026-01-23 12:38:43,492] - [root] - [INFO] - Finished crop and inference: 0m 35s
[2026-01-23 12:38:45,039] - [root] - [INFO] - Analysis finished: 0m 36s
[2026-01-23 12:38:45,039] - [root] - [INFO] - -------------------------------------------
[2026-01-23 12:38:45,039] - [root] - [INFO] - -------------------------------------------
[2026-01-23 12:38:45,039] - [root] - [INFO] - Processing 1-22-2026 5dpi 211-W2021011-598_R2.png
[2026-01-23 12:39:04,913] - [root] - [INFO] - Finished loading mask: 0m 19s
[2026-01-23 12:39:16,797] - [root] - [INFO] - Finished crop and inference: 0m 31s
[2026-01-23 12:39:18,436] - [root] - [INFO] - Analysis finished: 0m 33s
[2026-01-23 12:39:18,436] - [root] - [INFO] - -------------------------------------------
[2026-01-23 12:39:18,436] - [root] - [INFO] - -------------------------------------------
[2026-01-23 12:39:18,436] - [root] - [INFO] - Processing 1-22-2026 5dpi 215-W2021006-045_R2.png
[2026-01-23 12:39:38,718] - [root] - [INFO] - Finished loading mask: 0m 20s
[2026-01-23 12:39:48,861] - [root] - [INFO] - Finished crop and inference: 0m 30s
[2026-01-23 12:39:50,463] - [root] - [INFO] - Analysis finished: 0m 32s
[2026-01-23 12:39:50,463] - [root] - [INFO] - -------------------------------------------
[2026-01-23 12:39:50,463] - [root] - [INFO] - -------------------------------------------
[2026-01-23 12:39:50,463] - [root] - [INFO] - Processing 1-22-2026 5dpi 223-W2021010-442_R2.png
[2026-01-23 12:40:10,762] - [root] - [INFO] - Finished loading mask: 0m 20s
[2026-01-23 12:40:25,106] - [root] - [INFO] - Finished crop and inference: 0m 34s
[2026-01-23 12:40:26,732] - [root] - [INFO] - Analysis finished: 0m 36s
[2026-01-23 12:40:26,732] - [root] - [INFO] - -------------------------------------------
[2026-01-23 12:40:26,732] - [root] - [INFO] - -------------------------------------------
[2026-01-23 12:40:26,732] - [root] - [INFO] - Processing 1-22-2026 5dpi 226-W2021010-435_R1.png
[2026-01-23 12:40:47,282] - [root] - [INFO] - Finished loading mask: 0m 20s
[2026-01-23 12:40:58,029] - [root] - [INFO] - Finished crop and inference: 0m 31s
[2026-01-23 12:40:59,690] - [root] - [INFO] - Analysis finished: 0m 32s
[2026-01-23 12:40:59,690] - [root] - [INFO] - -------------------------------------------
[2026-01-23 12:40:59,690] - [root] - [INFO] - -------------------------------------------
[2026-01-23 12:40:59,691] - [root] - [INFO] - Processing 1-22-2026 5dpi 230-W2021010-373_R2.png
[2026-01-23 12:41:20,129] - [root] - [INFO] - Finished loading mask: 0m 20s
[2026-01-23 12:41:44,637] - [root] - [INFO] - Finished crop and inference: 0m 44s
[2026-01-23 12:41:46,198] - [root] - [INFO] - Analysis finished: 0m 46s
[2026-01-23 12:41:46,198] - [root] - [INFO] - -------------------------------------------
[2026-01-23 12:41:46,198] - [root] - [INFO] - -------------------------------------------
[2026-01-23 12:41:46,198] - [root] - [INFO] - Processing 1-22-2026 5dpi 233-W2021009-215_R2.png
[2026-01-23 12:42:05,705] - [root] - [INFO] - Finished loading mask: 0m 19s
[2026-01-23 12:42:17,418] - [root] - [INFO] - Finished crop and inference: 0m 31s
[2026-01-23 12:42:19,112] - [root] - [INFO] - Analysis finished: 0m 32s
[2026-01-23 12:42:19,112] - [root] - [INFO] - -------------------------------------------
[2026-01-23 12:42:19,112] - [root] - [INFO] - -------------------------------------------
[2026-01-23 12:42:19,112] - [root] - [INFO] - Processing 1-22-2026 5dpi 240-Symphony_R2.png
[2026-01-23 12:42:39,535] - [root] - [INFO] - Finished loading mask: 0m 20s
[2026-01-23 12:43:02,350] - [root] - [INFO] - Finished crop and inference: 0m 43s
              timestamp time_elapsed  ... severity_rate_patch Gradient_sr2
0   2026-01-23 11:48:08       0m 29s  ...                1.74         0.04
1   2026-01-23 11:48:38       0m 30s  ...                4.36         0.11
2   2026-01-23 11:49:08       0m 31s  ...                0.85         0.02
3   2026-01-23 11:49:40       0m 34s  ...               25.47         0.67
4   2026-01-23 11:50:14       0m 35s  ...               37.39         0.99
..                  ...          ...  ...                 ...          ...
75  2026-01-23 12:30:46       0m 32s  ...               24.95         0.55
76  2026-01-23 12:31:19       0m 41s  ...               79.18         2.11
77  2026-01-23 12:32:00       0m 32s  ...                4.96         0.12
78  2026-01-23 12:32:33       0m 30s  ...                6.35         0.16
79  2026-01-23 12:33:04       0m 31s  ...               13.00         0.28

[80 rows x 24 columns]
              timestamp time_elapsed  ... severity_rate_patch Gradient_sr2
0   2026-01-23 11:48:08       0m 29s  ...                1.74         0.04
1   2026-01-23 11:48:38       0m 30s  ...                4.36         0.11
2   2026-01-23 11:49:08       0m 31s  ...                0.85         0.02
3   2026-01-23 11:49:40       0m 34s  ...               25.47         0.67
4   2026-01-23 11:50:14       0m 35s  ...               37.39         0.99
..                  ...          ...  ...                 ...          ...
76  2026-01-23 12:31:19       0m 41s  ...               79.18         2.11
77  2026-01-23 12:32:00       0m 32s  ...                4.96         0.12
78  2026-01-23 12:32:33       0m 30s  ...                6.35         0.16
79  2026-01-23 12:33:04       0m 31s  ...               13.00         0.28
80  2026-01-23 12:33:35       0m 32s  ...                5.94         0.15

[81 rows x 24 columns]
              timestamp time_elapsed  ... severity_rate_patch Gradient_sr2
0   2026-01-23 11:48:08       0m 29s  ...                1.74         0.04
1   2026-01-23 11:48:38       0m 30s  ...                4.36         0.11
2   2026-01-23 11:49:08       0m 31s  ...                0.85         0.02
3   2026-01-23 11:49:40       0m 34s  ...               25.47         0.67
4   2026-01-23 11:50:14       0m 35s  ...               37.39         0.99
..                  ...          ...  ...                 ...          ...
77  2026-01-23 12:32:00       0m 32s  ...                4.96         0.12
78  2026-01-23 12:32:33       0m 30s  ...                6.35         0.16
79  2026-01-23 12:33:04       0m 31s  ...               13.00         0.28
80  2026-01-23 12:33:35       0m 32s  ...                5.94         0.15
81  2026-01-23 12:34:08       0m 41s  ...               85.45         2.49

[82 rows x 24 columns]
              timestamp time_elapsed  ... severity_rate_patch Gradient_sr2
0   2026-01-23 11:48:08       0m 29s  ...                1.74         0.04
1   2026-01-23 11:48:38       0m 30s  ...                4.36         0.11
2   2026-01-23 11:49:08       0m 31s  ...                0.85         0.02
3   2026-01-23 11:49:40       0m 34s  ...               25.47         0.67
4   2026-01-23 11:50:14       0m 35s  ...               37.39         0.99
..                  ...          ...  ...                 ...          ...
78  2026-01-23 12:32:33       0m 30s  ...                6.35         0.16
79  2026-01-23 12:33:04       0m 31s  ...               13.00         0.28
80  2026-01-23 12:33:35       0m 32s  ...                5.94         0.15
81  2026-01-23 12:34:08       0m 41s  ...               85.45         2.49
82  2026-01-23 12:34:50       0m 33s  ...                9.54         0.25

[83 rows x 24 columns]
              timestamp time_elapsed  ... severity_rate_patch Gradient_sr2
0   2026-01-23 11:48:08       0m 29s  ...                1.74         0.04
1   2026-01-23 11:48:38       0m 30s  ...                4.36         0.11
2   2026-01-23 11:49:08       0m 31s  ...                0.85         0.02
3   2026-01-23 11:49:40       0m 34s  ...               25.47         0.67
4   2026-01-23 11:50:14       0m 35s  ...               37.39         0.99
..                  ...          ...  ...                 ...          ...
79  2026-01-23 12:33:04       0m 31s  ...               13.00         0.28
80  2026-01-23 12:33:35       0m 32s  ...                5.94         0.15
81  2026-01-23 12:34:08       0m 41s  ...               85.45         2.49
82  2026-01-23 12:34:50       0m 33s  ...                9.54         0.25
83  2026-01-23 12:35:23       0m 35s  ...               23.32         0.63

[84 rows x 24 columns]
              timestamp time_elapsed  ... severity_rate_patch Gradient_sr2
0   2026-01-23 11:48:08       0m 29s  ...                1.74         0.04
1   2026-01-23 11:48:38       0m 30s  ...                4.36         0.11
2   2026-01-23 11:49:08       0m 31s  ...                0.85         0.02
3   2026-01-23 11:49:40       0m 34s  ...               25.47         0.67
4   2026-01-23 11:50:14       0m 35s  ...               37.39         0.99
..                  ...          ...  ...                 ...          ...
80  2026-01-23 12:33:35       0m 32s  ...                5.94         0.15
81  2026-01-23 12:34:08       0m 41s  ...               85.45         2.49
82  2026-01-23 12:34:50       0m 33s  ...                9.54         0.25
83  2026-01-23 12:35:23       0m 35s  ...               23.32         0.63
84  2026-01-23 12:35:59       0m 31s  ...                7.13         0.17

[85 rows x 24 columns]
              timestamp time_elapsed  ... severity_rate_patch Gradient_sr2
0   2026-01-23 11:48:08       0m 29s  ...                1.74         0.04
1   2026-01-23 11:48:38       0m 30s  ...                4.36         0.11
2   2026-01-23 11:49:08       0m 31s  ...                0.85         0.02
3   2026-01-23 11:49:40       0m 34s  ...               25.47         0.67
4   2026-01-23 11:50:14       0m 35s  ...               37.39         0.99
..                  ...          ...  ...                 ...          ...
81  2026-01-23 12:34:08       0m 41s  ...               85.45         2.49
82  2026-01-23 12:34:50       0m 33s  ...                9.54         0.25
83  2026-01-23 12:35:23       0m 35s  ...               23.32         0.63
84  2026-01-23 12:35:59       0m 31s  ...                7.13         0.17
85  2026-01-23 12:36:30       0m 31s  ...                6.06         0.16

[86 rows x 24 columns]
              timestamp time_elapsed  ... severity_rate_patch Gradient_sr2
0   2026-01-23 11:48:08       0m 29s  ...                1.74         0.04
1   2026-01-23 11:48:38       0m 30s  ...                4.36         0.11
2   2026-01-23 11:49:08       0m 31s  ...                0.85         0.02
3   2026-01-23 11:49:40       0m 34s  ...               25.47         0.67
4   2026-01-23 11:50:14       0m 35s  ...               37.39         0.99
..                  ...          ...  ...                 ...          ...
82  2026-01-23 12:34:50       0m 33s  ...                9.54         0.25
83  2026-01-23 12:35:23       0m 35s  ...               23.32         0.63
84  2026-01-23 12:35:59       0m 31s  ...                7.13         0.17
85  2026-01-23 12:36:30       0m 31s  ...                6.06         0.16
86  2026-01-23 12:37:02       0m 30s  ...                1.20         0.03

[87 rows x 24 columns]
[2026-01-23 12:43:04,033] - [root] - [INFO] - Analysis finished: 0m 44s
[2026-01-23 12:43:04,033] - [root] - [INFO] - -------------------------------------------
[2026-01-23 12:43:04,033] - [root] - [INFO] - -------------------------------------------
[2026-01-23 12:43:04,033] - [root] - [INFO] - Processing 1-22-2026 5dpi 254-W2021010-352_R2.png
[2026-01-23 12:43:23,996] - [root] - [INFO] - Finished loading mask: 0m 19s
[2026-01-23 12:43:31,908] - [root] - [INFO] - Finished crop and inference: 0m 27s
[2026-01-23 12:43:33,569] - [root] - [INFO] - Analysis finished: 0m 29s
[2026-01-23 12:43:33,569] - [root] - [INFO] - -------------------------------------------
[2026-01-23 12:43:33,569] - [root] - [INFO] - -------------------------------------------
[2026-01-23 12:43:33,569] - [root] - [INFO] - Processing 1-22-2026 5dpi 266-W2021009-193_R1.png
[2026-01-23 12:43:53,847] - [root] - [INFO] - Finished loading mask: 0m 20s
[2026-01-23 12:44:03,478] - [root] - [INFO] - Finished crop and inference: 0m 29s
[2026-01-23 12:44:05,137] - [root] - [INFO] - Analysis finished: 0m 31s
[2026-01-23 12:44:05,137] - [root] - [INFO] - -------------------------------------------
[2026-01-23 12:44:05,139] - [root] - [INFO] - -------------------------------------------
[2026-01-23 12:44:05,139] - [root] - [INFO] - Processing 1-22-2026 5dpi 313-W2021010-343_R1.png
[2026-01-23 12:44:24,771] - [root] - [INFO] - Finished loading mask: 0m 19s
[2026-01-23 12:44:33,667] - [root] - [INFO] - Finished crop and inference: 0m 28s
[2026-01-23 12:44:35,260] - [root] - [INFO] - Analysis finished: 0m 30s
[2026-01-23 12:44:35,260] - [root] - [INFO] - -------------------------------------------
[2026-01-23 12:44:35,260] - [root] - [INFO] - -------------------------------------------
[2026-01-23 12:44:35,260] - [root] - [INFO] - Processing 1-22-2026 5dpi 336-W2021011-506_R2.png
[2026-01-23 12:44:55,037] - [root] - [INFO] - Finished loading mask: 0m 19s
[2026-01-23 12:45:10,605] - [root] - [INFO] - Finished crop and inference: 0m 35s
[2026-01-23 12:45:12,171] - [root] - [INFO] - Analysis finished: 0m 36s
[2026-01-23 12:45:12,171] - [root] - [INFO] - -------------------------------------------
[2026-01-23 12:45:12,192] - [root] - [INFO] - Saved C:\Users\Intel User\Desktop\blackbird_scripts\data\Results\ResNet_upth0.6_downth0.1_Jan22_10-21-00_2026\1-22-2026\th_0.7\severity_rate_tray_5dpi.csv
              timestamp time_elapsed  ... severity_rate_patch Gradient_sr2
0   2026-01-23 11:48:08       0m 29s  ...                1.74         0.04
1   2026-01-23 11:48:38       0m 30s  ...                4.36         0.11
2   2026-01-23 11:49:08       0m 31s  ...                0.85         0.02
3   2026-01-23 11:49:40       0m 34s  ...               25.47         0.67
4   2026-01-23 11:50:14       0m 35s  ...               37.39         0.99
..                  ...          ...  ...                 ...          ...
83  2026-01-23 12:35:23       0m 35s  ...               23.32         0.63
84  2026-01-23 12:35:59       0m 31s  ...                7.13         0.17
85  2026-01-23 12:36:30       0m 31s  ...                6.06         0.16
86  2026-01-23 12:37:02       0m 30s  ...                1.20         0.03
87  2026-01-23 12:37:33       0m 35s  ...               31.65         0.76

[88 rows x 24 columns]
              timestamp time_elapsed  ... severity_rate_patch Gradient_sr2
0   2026-01-23 11:48:08       0m 29s  ...                1.74         0.04
1   2026-01-23 11:48:38       0m 30s  ...                4.36         0.11
2   2026-01-23 11:49:08       0m 31s  ...                0.85         0.02
3   2026-01-23 11:49:40       0m 34s  ...               25.47         0.67
4   2026-01-23 11:50:14       0m 35s  ...               37.39         0.99
..                  ...          ...  ...                 ...          ...
84  2026-01-23 12:35:59       0m 31s  ...                7.13         0.17
85  2026-01-23 12:36:30       0m 31s  ...                6.06         0.16
86  2026-01-23 12:37:02       0m 30s  ...                1.20         0.03
87  2026-01-23 12:37:33       0m 35s  ...               31.65         0.76
88  2026-01-23 12:38:08       0m 36s  ...               42.68         1.19

[89 rows x 24 columns]
              timestamp time_elapsed  ... severity_rate_patch Gradient_sr2
0   2026-01-23 11:48:08       0m 29s  ...                1.74         0.04
1   2026-01-23 11:48:38       0m 30s  ...                4.36         0.11
2   2026-01-23 11:49:08       0m 31s  ...                0.85         0.02
3   2026-01-23 11:49:40       0m 34s  ...               25.47         0.67
4   2026-01-23 11:50:14       0m 35s  ...               37.39         0.99
..                  ...          ...  ...                 ...          ...
85  2026-01-23 12:36:30       0m 31s  ...                6.06         0.16
86  2026-01-23 12:37:02       0m 30s  ...                1.20         0.03
87  2026-01-23 12:37:33       0m 35s  ...               31.65         0.76
88  2026-01-23 12:38:08       0m 36s  ...               42.68         1.19
89  2026-01-23 12:38:45       0m 33s  ...               14.13         0.40

[90 rows x 24 columns]
              timestamp time_elapsed  ... severity_rate_patch Gradient_sr2
0   2026-01-23 11:48:08       0m 29s  ...                1.74         0.04
1   2026-01-23 11:48:38       0m 30s  ...                4.36         0.11
2   2026-01-23 11:49:08       0m 31s  ...                0.85         0.02
3   2026-01-23 11:49:40       0m 34s  ...               25.47         0.67
4   2026-01-23 11:50:14       0m 35s  ...               37.39         0.99
..                  ...          ...  ...                 ...          ...
86  2026-01-23 12:37:02       0m 30s  ...                1.20         0.03
87  2026-01-23 12:37:33       0m 35s  ...               31.65         0.76
88  2026-01-23 12:38:08       0m 36s  ...               42.68         1.19
89  2026-01-23 12:38:45       0m 33s  ...               14.13         0.40
90  2026-01-23 12:39:18       0m 32s  ...               11.52         0.30

[91 rows x 24 columns]
              timestamp time_elapsed  ... severity_rate_patch Gradient_sr2
0   2026-01-23 11:48:08       0m 29s  ...                1.74         0.04
1   2026-01-23 11:48:38       0m 30s  ...                4.36         0.11
2   2026-01-23 11:49:08       0m 31s  ...                0.85         0.02
3   2026-01-23 11:49:40       0m 34s  ...               25.47         0.67
4   2026-01-23 11:50:14       0m 35s  ...               37.39         0.99
..                  ...          ...  ...                 ...          ...
87  2026-01-23 12:37:33       0m 35s  ...               31.65         0.76
88  2026-01-23 12:38:08       0m 36s  ...               42.68         1.19
89  2026-01-23 12:38:45       0m 33s  ...               14.13         0.40
90  2026-01-23 12:39:18       0m 32s  ...               11.52         0.30
91  2026-01-23 12:39:50       0m 36s  ...               45.04         1.15

[92 rows x 24 columns]
              timestamp time_elapsed  ... severity_rate_patch Gradient_sr2
0   2026-01-23 11:48:08       0m 29s  ...                1.74         0.04
1   2026-01-23 11:48:38       0m 30s  ...                4.36         0.11
2   2026-01-23 11:49:08       0m 31s  ...                0.85         0.02
3   2026-01-23 11:49:40       0m 34s  ...               25.47         0.67
4   2026-01-23 11:50:14       0m 35s  ...               37.39         0.99
..                  ...          ...  ...                 ...          ...
88  2026-01-23 12:38:08       0m 36s  ...               42.68         1.19
89  2026-01-23 12:38:45       0m 33s  ...               14.13         0.40
90  2026-01-23 12:39:18       0m 32s  ...               11.52         0.30
91  2026-01-23 12:39:50       0m 36s  ...               45.04         1.15
92  2026-01-23 12:40:26       0m 32s  ...               13.53         0.35

[93 rows x 24 columns]
              timestamp time_elapsed  ... severity_rate_patch Gradient_sr2
0   2026-01-23 11:48:08       0m 29s  ...                1.74         0.04
1   2026-01-23 11:48:38       0m 30s  ...                4.36         0.11
2   2026-01-23 11:49:08       0m 31s  ...                0.85         0.02
3   2026-01-23 11:49:40       0m 34s  ...               25.47         0.67
4   2026-01-23 11:50:14       0m 35s  ...               37.39         0.99
..                  ...          ...  ...                 ...          ...
89  2026-01-23 12:38:45       0m 33s  ...               14.13         0.40
90  2026-01-23 12:39:18       0m 32s  ...               11.52         0.30
91  2026-01-23 12:39:50       0m 36s  ...               45.04         1.15
92  2026-01-23 12:40:26       0m 32s  ...               13.53         0.35
93  2026-01-23 12:40:59       0m 46s  ...               98.85         3.19

[94 rows x 24 columns]
              timestamp time_elapsed  ... severity_rate_patch Gradient_sr2
0   2026-01-23 11:48:08       0m 29s  ...                1.74         0.04
1   2026-01-23 11:48:38       0m 30s  ...                4.36         0.11
2   2026-01-23 11:49:08       0m 31s  ...                0.85         0.02
3   2026-01-23 11:49:40       0m 34s  ...               25.47         0.67
4   2026-01-23 11:50:14       0m 35s  ...               37.39         0.99
..                  ...          ...  ...                 ...          ...
90  2026-01-23 12:39:18       0m 32s  ...               11.52         0.30
91  2026-01-23 12:39:50       0m 36s  ...               45.04         1.15
92  2026-01-23 12:40:26       0m 32s  ...               13.53         0.35
93  2026-01-23 12:40:59       0m 46s  ...               98.85         3.19
94  2026-01-23 12:41:46       0m 32s  ...               17.16         0.48

[95 rows x 24 columns]
              timestamp time_elapsed  ... severity_rate_patch Gradient_sr2
0   2026-01-23 11:48:08       0m 29s  ...                1.74         0.04
1   2026-01-23 11:48:38       0m 30s  ...                4.36         0.11
2   2026-01-23 11:49:08       0m 31s  ...                0.85         0.02
3   2026-01-23 11:49:40       0m 34s  ...               25.47         0.67
4   2026-01-23 11:50:14       0m 35s  ...               37.39         0.99
..                  ...          ...  ...                 ...          ...
91  2026-01-23 12:39:50       0m 36s  ...               45.04         1.15
92  2026-01-23 12:40:26       0m 32s  ...               13.53         0.35
93  2026-01-23 12:40:59       0m 46s  ...               98.85         3.19
94  2026-01-23 12:41:46       0m 32s  ...               17.16         0.48
95  2026-01-23 12:42:19       0m 44s  ...               83.68         2.54

[96 rows x 24 columns]
              timestamp time_elapsed  ... severity_rate_patch Gradient_sr2
0   2026-01-23 11:48:08       0m 29s  ...                1.74         0.04
1   2026-01-23 11:48:38       0m 30s  ...                4.36         0.11
2   2026-01-23 11:49:08       0m 31s  ...                0.85         0.02
3   2026-01-23 11:49:40       0m 34s  ...               25.47         0.67
4   2026-01-23 11:50:14       0m 35s  ...               37.39         0.99
..                  ...          ...  ...                 ...          ...
92  2026-01-23 12:40:26       0m 32s  ...               13.53         0.35
93  2026-01-23 12:40:59       0m 46s  ...               98.85         3.19
94  2026-01-23 12:41:46       0m 32s  ...               17.16         0.48
95  2026-01-23 12:42:19       0m 44s  ...               83.68         2.54
96  2026-01-23 12:43:04       0m 29s  ...                2.20         0.06

[97 rows x 24 columns]
              timestamp time_elapsed  ... severity_rate_patch Gradient_sr2
0   2026-01-23 11:48:08       0m 29s  ...                1.74         0.04
1   2026-01-23 11:48:38       0m 30s  ...                4.36         0.11
2   2026-01-23 11:49:08       0m 31s  ...                0.85         0.02
3   2026-01-23 11:49:40       0m 34s  ...               25.47         0.67
4   2026-01-23 11:50:14       0m 35s  ...               37.39         0.99
..                  ...          ...  ...                 ...          ...
93  2026-01-23 12:40:59       0m 46s  ...               98.85         3.19
94  2026-01-23 12:41:46       0m 32s  ...               17.16         0.48
95  2026-01-23 12:42:19       0m 44s  ...               83.68         2.54
96  2026-01-23 12:43:04       0m 29s  ...                2.20         0.06
97  2026-01-23 12:43:33       0m 31s  ...               10.16         0.27

[98 rows x 24 columns]
              timestamp time_elapsed  ... severity_rate_patch Gradient_sr2
0   2026-01-23 11:48:08       0m 29s  ...                1.74         0.04
1   2026-01-23 11:48:38       0m 30s  ...                4.36         0.11
2   2026-01-23 11:49:08       0m 31s  ...                0.85         0.02
3   2026-01-23 11:49:40       0m 34s  ...               25.47         0.67
4   2026-01-23 11:50:14       0m 35s  ...               37.39         0.99
..                  ...          ...  ...                 ...          ...
94  2026-01-23 12:41:46       0m 32s  ...               17.16         0.48
95  2026-01-23 12:42:19       0m 44s  ...               83.68         2.54
96  2026-01-23 12:43:04       0m 29s  ...                2.20         0.06
97  2026-01-23 12:43:33       0m 31s  ...               10.16         0.27
98  2026-01-23 12:44:05       0m 30s  ...                4.23         0.11

[99 rows x 24 columns]
              timestamp time_elapsed  ... severity_rate_patch Gradient_sr2
0   2026-01-23 11:48:08       0m 29s  ...                1.74         0.04
1   2026-01-23 11:48:38       0m 30s  ...                4.36         0.11
2   2026-01-23 11:49:08       0m 31s  ...                0.85         0.02
3   2026-01-23 11:49:40       0m 34s  ...               25.47         0.67
4   2026-01-23 11:50:14       0m 35s  ...               37.39         0.99
..                  ...          ...  ...                 ...          ...
95  2026-01-23 12:42:19       0m 44s  ...               83.68         2.54
96  2026-01-23 12:43:04       0m 29s  ...                2.20         0.06
97  2026-01-23 12:43:33       0m 31s  ...               10.16         0.27
98  2026-01-23 12:44:05       0m 30s  ...                4.23         0.11
99  2026-01-23 12:44:35       0m 36s  ...               47.28         1.25

[100 rows x 24 columns]

real	57m12.685s
user	0m0.031s
sys	0m0.000s
