[2026-01-23 11:48:20,510] - [root] - [INFO] - leaf_correlation_mw.py
[2026-01-23 11:48:20,510] - [root] - [INFO] - model_type       : ResNet
[2026-01-23 11:48:20,510] - [root] - [INFO] - pretrained       : True
[2026-01-23 11:48:20,510] - [root] - [INFO] - loading_epoch    : 65
[2026-01-23 11:48:20,510] - [root] - [INFO] - timestamp        : Jan22_10-21-00_2026
[2026-01-23 11:48:20,510] - [root] - [INFO] - outdim           : 2
[2026-01-23 11:48:20,510] - [root] - [INFO] - dual_head        : True
[2026-01-23 11:48:20,511] - [root] - [INFO] - model_path       : ../..
[2026-01-23 11:48:20,511] - [root] - [INFO] - step_size        : 224
[2026-01-23 11:48:20,512] - [root] - [INFO] - means            : [0.541, 0.6371, 0.4188]
[2026-01-23 11:48:20,512] - [root] - [INFO] - stds             : [0.1764, 0.165, 0.2326]
[2026-01-23 11:48:20,512] - [root] - [INFO] - target_class     : 1
[2026-01-23 11:48:20,512] - [root] - [INFO] - contam_control   : False
[2026-01-23 11:48:20,512] - [root] - [INFO] - spor_th          : 0.6
[2026-01-23 11:48:20,512] - [root] - [INFO] - inf_gate         : 0.6
[2026-01-23 11:48:20,512] - [root] - [INFO] - pm               : HPM-1269
[2026-01-23 11:48:20,512] - [root] - [INFO] - mps              : False
[2026-01-23 11:48:20,512] - [root] - [INFO] - cuda             : True
[2026-01-23 11:48:20,512] - [root] - [INFO] - cuda_id          : 0
[2026-01-23 11:48:20,512] - [root] - [INFO] - sal_threshold    : 0.5
[2026-01-23 11:48:20,512] - [root] - [INFO] - up_threshold     : 0.6
[2026-01-23 11:48:20,512] - [root] - [INFO] - down_threshold   : 0.1
[2026-01-23 11:48:20,512] - [root] - [INFO] - dataset_path     : C:/Users/Intel User/Desktop/blackbird_scripts/data/human_disk_assessments
[2026-01-23 11:48:20,512] - [root] - [INFO] - img_folder       : 1-22-2026
[2026-01-23 11:48:20,512] - [root] - [INFO] - platform         : BlackBird
[2026-01-23 11:48:20,512] - [root] - [INFO] - threshold        : ['0.7']
[2026-01-23 11:48:20,512] - [root] - [INFO] - log              : ../../results/logs/random.log
[2026-01-23 11:48:20,512] - [root] - [INFO] - dpi              : 5
[2026-01-23 11:48:20,512] - [root] - [INFO] - group            : baseline
[2026-01-23 11:48:20,512] - [root] - [INFO] - trays            : ['5dpi']
[2026-01-23 11:48:20,512] - [root] - [INFO] - sal_gradcam      : False
[2026-01-23 11:48:20,512] - [root] - [INFO] - sal_gradient     : True
[2026-01-23 11:48:20,512] - [root] - [INFO] - sal_smoothgrad   : False
[2026-01-23 11:48:20,512] - [root] - [INFO] - sal_deeplift     : False
[2026-01-23 11:48:20,512] - [root] - [INFO] - sal_thresh_method : fixed
[2026-01-23 11:48:20,512] - [root] - [INFO] - sal_thresh_p     : 95.0
[2026-01-23 11:48:21,479] - [root] - [INFO] - -------------------------------------------
[2026-01-23 11:48:21,479] - [root] - [INFO] - Processing 1-22-2026 5dpi 002-W2021006-081_R1.png
[2026-01-23 11:48:41,221] - [root] - [INFO] - Finished loading mask: 0m 19s
[2026-01-23 11:48:50,542] - [root] - [INFO] - Finished crop and inference: 0m 29s
[2026-01-23 11:48:52,243] - [root] - [INFO] - Analysis finished: 0m 30s
[2026-01-23 11:48:52,243] - [root] - [INFO] - -------------------------------------------
[2026-01-23 11:48:52,243] - [root] - [INFO] - -------------------------------------------
[2026-01-23 11:48:52,243] - [root] - [INFO] - Processing 1-22-2026 5dpi 002-W2021010-336_R2.png
[2026-01-23 11:49:11,870] - [root] - [INFO] - Finished loading mask: 0m 19s
[2026-01-23 11:49:20,882] - [root] - [INFO] - Finished crop and inference: 0m 28s
[2026-01-23 11:49:22,525] - [root] - [INFO] - Analysis finished: 0m 30s
[2026-01-23 11:49:22,525] - [root] - [INFO] - -------------------------------------------
[2026-01-23 11:49:22,525] - [root] - [INFO] - -------------------------------------------
[2026-01-23 11:49:22,525] - [root] - [INFO] - Processing 1-22-2026 5dpi 005-W2021011-592_R2.png
[2026-01-23 11:49:43,018] - [root] - [INFO] - Finished loading mask: 0m 20s
[2026-01-23 11:49:52,574] - [root] - [INFO] - Finished crop and inference: 0m 30s
[2026-01-23 11:49:54,239] - [root] - [INFO] - Analysis finished: 0m 31s
[2026-01-23 11:49:54,239] - [root] - [INFO] - -------------------------------------------
[2026-01-23 11:49:54,239] - [root] - [INFO] - -------------------------------------------
[2026-01-23 11:49:54,239] - [root] - [INFO] - Processing 1-22-2026 5dpi 009-W2021010-311_R2.png
[2026-01-23 11:50:14,449] - [root] - [INFO] - Finished loading mask: 0m 20s
[2026-01-23 11:50:27,010] - [root] - [INFO] - Finished crop and inference: 0m 32s
[2026-01-23 11:50:28,723] - [root] - [INFO] - Analysis finished: 0m 34s
[2026-01-23 11:50:28,723] - [root] - [INFO] - -------------------------------------------
[2026-01-23 11:50:28,723] - [root] - [INFO] - -------------------------------------------
[2026-01-23 11:50:28,723] - [root] - [INFO] - Processing 1-22-2026 5dpi 010-W2021010-347_R2.png
[2026-01-23 11:50:48,879] - [root] - [INFO] - Finished loading mask: 0m 20s
[2026-01-23 11:51:02,506] - [root] - [INFO] - Finished crop and inference: 0m 33s
[2026-01-23 11:51:04,223] - [root] - [INFO] - Analysis finished: 0m 35s
[2026-01-23 11:51:04,223] - [root] - [INFO] - -------------------------------------------
[2026-01-23 11:51:04,223] - [root] - [INFO] - -------------------------------------------
[2026-01-23 11:51:04,223] - [root] - [INFO] - Processing 1-22-2026 5dpi 013-W2021009-172_R2.png
[2026-01-23 11:51:24,055] - [root] - [INFO] - Finished loading mask: 0m 19s
[2026-01-23 11:51:33,709] - [root] - [INFO] - Finished crop and inference: 0m 29s
[2026-01-23 11:51:35,561] - [root] - [INFO] - Analysis finished: 0m 31s
[2026-01-23 11:51:35,561] - [root] - [INFO] - -------------------------------------------
[2026-01-23 11:51:35,561] - [root] - [INFO] - -------------------------------------------
[2026-01-23 11:51:35,561] - [root] - [INFO] - Processing 1-22-2026 5dpi 015-W2021009-160_R1.png
[2026-01-23 11:51:56,077] - [root] - [INFO] - Finished loading mask: 0m 20s
[2026-01-23 11:52:09,836] - [root] - [INFO] - Finished crop and inference: 0m 34s
[2026-01-23 11:52:11,684] - [root] - [INFO] - Analysis finished: 0m 36s
[2026-01-23 11:52:11,684] - [root] - [INFO] - -------------------------------------------
[2026-01-23 11:52:11,684] - [root] - [INFO] - -------------------------------------------
[2026-01-23 11:52:11,684] - [root] - [INFO] - Processing 1-22-2026 5dpi 015-W2021011-633_R1.png
[2026-01-23 11:52:32,979] - [root] - [INFO] - Finished loading mask: 0m 21s
[2026-01-23 11:52:45,831] - [root] - [INFO] - Finished crop and inference: 0m 34s
[2026-01-23 11:52:47,507] - [root] - [INFO] - Analysis finished: 0m 35s
[2026-01-23 11:52:47,507] - [root] - [INFO] - -------------------------------------------
[2026-01-23 11:52:47,507] - [root] - [INFO] - -------------------------------------------
[2026-01-23 11:52:47,507] - [root] - [INFO] - Processing 1-22-2026 5dpi 017-W2021006-612_R2.png
[2026-01-23 11:53:07,653] - [root] - [INFO] - Finished loading mask: 0m 20s
[2026-01-23 11:53:19,646] - [root] - [INFO] - Finished crop and inference: 0m 32s
[2026-01-23 11:53:21,301] - [root] - [INFO] - Analysis finished: 0m 33s
[2026-01-23 11:53:21,301] - [root] - [INFO] - -------------------------------------------
[2026-01-23 11:53:21,301] - [root] - [INFO] - -------------------------------------------
[2026-01-23 11:53:21,302] - [root] - [INFO] - Processing 1-22-2026 5dpi 019-W2021010-428_R2.png
[2026-01-23 11:53:41,231] - [root] - [INFO] - Finished loading mask: 0m 19s
[2026-01-23 11:53:49,896] - [root] - [INFO] - Finished crop and inference: 0m 28s
[2026-01-23 11:53:51,656] - [root] - [INFO] - Analysis finished: 0m 30s
[2026-01-23 11:53:51,656] - [root] - [INFO] - -------------------------------------------
[2026-01-23 11:53:51,656] - [root] - [INFO] - -------------------------------------------
[2026-01-23 11:53:51,656] - [root] - [INFO] - Processing 1-22-2026 5dpi 021-W2021009-175_R1.png
[2026-01-23 11:54:11,196] - [root] - [INFO] - Finished loading mask: 0m 19s
[2026-01-23 11:54:20,709] - [root] - [INFO] - Finished crop and inference: 0m 29s
[2026-01-23 11:54:22,350] - [root] - [INFO] - Analysis finished: 0m 30s
[2026-01-23 11:54:22,350] - [root] - [INFO] - -------------------------------------------
[2026-01-23 11:54:22,351] - [root] - [INFO] - -------------------------------------------
[2026-01-23 11:54:22,351] - [root] - [INFO] - Processing 1-22-2026 5dpi 022-W2021009-198_R2.png
[2026-01-23 11:54:42,190] - [root] - [INFO] - Finished loading mask: 0m 19s
[2026-01-23 11:54:54,314] - [root] - [INFO] - Finished crop and inference: 0m 31s
[2026-01-23 11:54:55,984] - [root] - [INFO] - Analysis finished: 0m 33s
[2026-01-23 11:54:55,984] - [root] - [INFO] - -------------------------------------------
[2026-01-23 11:54:55,984] - [root] - [INFO] - -------------------------------------------
[2026-01-23 11:54:55,984] - [root] - [INFO] - Processing 1-22-2026 5dpi 023-W2021006-049_R1.png
[2026-01-23 11:55:15,961] - [root] - [INFO] - Finished loading mask: 0m 19s
[2026-01-23 11:55:27,152] - [root] - [INFO] - Finished crop and inference: 0m 31s
[2026-01-23 11:55:28,883] - [root] - [INFO] - Analysis finished: 0m 32s
[2026-01-23 11:55:28,883] - [root] - [INFO] - -------------------------------------------
[2026-01-23 11:55:28,883] - [root] - [INFO] - -------------------------------------------
[2026-01-23 11:55:28,883] - [root] - [INFO] - Processing 1-22-2026 5dpi 023-W2021010-305_R2.png
[2026-01-23 11:55:48,660] - [root] - [INFO] - Finished loading mask: 0m 19s
[2026-01-23 11:55:58,963] - [root] - [INFO] - Finished crop and inference: 0m 30s
[2026-01-23 11:56:00,681] - [root] - [INFO] - Analysis finished: 0m 31s
[2026-01-23 11:56:00,681] - [root] - [INFO] - -------------------------------------------
[2026-01-23 11:56:00,681] - [root] - [INFO] - -------------------------------------------
[2026-01-23 11:56:00,681] - [root] - [INFO] - Processing 1-22-2026 5dpi 026-W2021009-622_R2.png
[2026-01-23 11:56:21,187] - [root] - [INFO] - Finished loading mask: 0m 20s
[2026-01-23 11:56:34,588] - [root] - [INFO] - Finished crop and inference: 0m 33s
[2026-01-23 11:56:36,249] - [root] - [INFO] - Analysis finished: 0m 35s
[2026-01-23 11:56:36,249] - [root] - [INFO] - -------------------------------------------
[2026-01-23 11:56:36,249] - [root] - [INFO] - -------------------------------------------
[2026-01-23 11:56:36,249] - [root] - [INFO] - Processing 1-22-2026 5dpi 032-W2021006-041_R2.png
[2026-01-23 11:56:56,594] - [root] - [INFO] - Finished loading mask: 0m 20s
[2026-01-23 11:57:08,991] - [root] - [INFO] - Finished crop and inference: 0m 32s
[2026-01-23 11:57:10,781] - [root] - [INFO] - Analysis finished: 0m 34s
[2026-01-23 11:57:10,781] - [root] - [INFO] - -------------------------------------------
[2026-01-23 11:57:10,781] - [root] - [INFO] - -------------------------------------------
[2026-01-23 11:57:10,781] - [root] - [INFO] - Processing 1-22-2026 5dpi 032-W2021009-155_R1.png
[2026-01-23 11:57:30,770] - [root] - [INFO] - Finished loading mask: 0m 19s
[2026-01-23 11:57:52,704] - [root] - [INFO] - Finished crop and inference: 0m 41s
[2026-01-23 11:57:54,416] - [root] - [INFO] - Analysis finished: 0m 43s
[2026-01-23 11:57:54,416] - [root] - [INFO] - -------------------------------------------
[2026-01-23 11:57:54,416] - [root] - [INFO] - -------------------------------------------
[2026-01-23 11:57:54,416] - [root] - [INFO] - Processing 1-22-2026 5dpi 036-W2021006-047_R2.png
[2026-01-23 11:58:14,829] - [root] - [INFO] - Finished loading mask: 0m 20s
[2026-01-23 11:58:23,961] - [root] - [INFO] - Finished crop and inference: 0m 29s
[2026-01-23 11:58:25,617] - [root] - [INFO] - Analysis finished: 0m 31s
[2026-01-23 11:58:25,617] - [root] - [INFO] - -------------------------------------------
[2026-01-23 11:58:25,617] - [root] - [INFO] - -------------------------------------------
[2026-01-23 11:58:25,617] - [root] - [INFO] - Processing 1-22-2026 5dpi 040-W2021009-207_R1.png
[2026-01-23 11:58:45,843] - [root] - [INFO] - Finished loading mask: 0m 20s
[2026-01-23 11:58:57,690] - [root] - [INFO] - Finished crop and inference: 0m 32s
[2026-01-23 11:58:59,350] - [root] - [INFO] - Analysis finished: 0m 33s
[2026-01-23 11:58:59,350] - [root] - [INFO] - -------------------------------------------
[2026-01-23 11:58:59,350] - [root] - [INFO] - -------------------------------------------
[2026-01-23 11:58:59,350] - [root] - [INFO] - Processing 1-22-2026 5dpi 042-W2021010-429_R1.png
[2026-01-23 11:59:19,436] - [root] - [INFO] - Finished loading mask: 0m 20s
[2026-01-23 11:59:37,178] - [root] - [INFO] - Finished crop and inference: 0m 37s
             timestamp time_elapsed  ... severity_rate_patch Gradient_sr2
0  2026-01-23 11:48:21       0m 30s  ...                1.74         0.04

[1 rows x 24 columns]
             timestamp time_elapsed  ... severity_rate_patch Gradient_sr2
0  2026-01-23 11:48:21       0m 30s  ...                1.74         0.04
1  2026-01-23 11:48:52       0m 30s  ...                4.36         0.11

[2 rows x 24 columns]
             timestamp time_elapsed  ... severity_rate_patch Gradient_sr2
0  2026-01-23 11:48:21       0m 30s  ...                1.74         0.04
1  2026-01-23 11:48:52       0m 30s  ...                4.36         0.11
2  2026-01-23 11:49:22       0m 31s  ...                0.85         0.02

[3 rows x 24 columns]
             timestamp time_elapsed  ... severity_rate_patch Gradient_sr2
0  2026-01-23 11:48:21       0m 30s  ...                1.74         0.04
1  2026-01-23 11:48:52       0m 30s  ...                4.36         0.11
2  2026-01-23 11:49:22       0m 31s  ...                0.85         0.02
3  2026-01-23 11:49:54       0m 34s  ...               25.47         0.67

[4 rows x 24 columns]
             timestamp time_elapsed  ... severity_rate_patch Gradient_sr2
0  2026-01-23 11:48:21       0m 30s  ...                1.74         0.04
1  2026-01-23 11:48:52       0m 30s  ...                4.36         0.11
2  2026-01-23 11:49:22       0m 31s  ...                0.85         0.02
3  2026-01-23 11:49:54       0m 34s  ...               25.47         0.67
4  2026-01-23 11:50:28       0m 35s  ...               37.39         0.99

[5 rows x 24 columns]
             timestamp time_elapsed  ... severity_rate_patch Gradient_sr2
0  2026-01-23 11:48:21       0m 30s  ...                1.74         0.04
1  2026-01-23 11:48:52       0m 30s  ...                4.36         0.11
2  2026-01-23 11:49:22       0m 31s  ...                0.85         0.02
3  2026-01-23 11:49:54       0m 34s  ...               25.47         0.67
4  2026-01-23 11:50:28       0m 35s  ...               37.39         0.99
5  2026-01-23 11:51:04       0m 31s  ...                0.45         0.01

[6 rows x 24 columns]
             timestamp time_elapsed  ... severity_rate_patch Gradient_sr2
0  2026-01-23 11:48:21       0m 30s  ...                1.74         0.04
1  2026-01-23 11:48:52       0m 30s  ...                4.36         0.11
2  2026-01-23 11:49:22       0m 31s  ...                0.85         0.02
3  2026-01-23 11:49:54       0m 34s  ...               25.47         0.67
4  2026-01-23 11:50:28       0m 35s  ...               37.39         0.99
5  2026-01-23 11:51:04       0m 31s  ...                0.45         0.01
6  2026-01-23 11:51:35       0m 36s  ...               38.62         0.91

[7 rows x 24 columns]
             timestamp time_elapsed  ... severity_rate_patch Gradient_sr2
0  2026-01-23 11:48:21       0m 30s  ...                1.74         0.04
1  2026-01-23 11:48:52       0m 30s  ...                4.36         0.11
2  2026-01-23 11:49:22       0m 31s  ...                0.85         0.02
3  2026-01-23 11:49:54       0m 34s  ...               25.47         0.67
4  2026-01-23 11:50:28       0m 35s  ...               37.39         0.99
5  2026-01-23 11:51:04       0m 31s  ...                0.45         0.01
6  2026-01-23 11:51:35       0m 36s  ...               38.62         0.91
7  2026-01-23 11:52:11       0m 35s  ...               19.86         0.56

[8 rows x 24 columns]
             timestamp time_elapsed  ... severity_rate_patch Gradient_sr2
0  2026-01-23 11:48:21       0m 30s  ...                1.74         0.04
1  2026-01-23 11:48:52       0m 30s  ...                4.36         0.11
2  2026-01-23 11:49:22       0m 31s  ...                0.85         0.02
3  2026-01-23 11:49:54       0m 34s  ...               25.47         0.67
4  2026-01-23 11:50:28       0m 35s  ...               37.39         0.99
5  2026-01-23 11:51:04       0m 31s  ...                0.45         0.01
6  2026-01-23 11:51:35       0m 36s  ...               38.62         0.91
7  2026-01-23 11:52:11       0m 35s  ...               19.86         0.56
8  2026-01-23 11:52:47       0m 33s  ...               39.61         1.05

[9 rows x 24 columns]
             timestamp time_elapsed  ... severity_rate_patch Gradient_sr2
0  2026-01-23 11:48:21       0m 30s  ...                1.74         0.04
1  2026-01-23 11:48:52       0m 30s  ...                4.36         0.11
2  2026-01-23 11:49:22       0m 31s  ...                0.85         0.02
3  2026-01-23 11:49:54       0m 34s  ...               25.47         0.67
4  2026-01-23 11:50:28       0m 35s  ...               37.39         0.99
5  2026-01-23 11:51:04       0m 31s  ...                0.45         0.01
6  2026-01-23 11:51:35       0m 36s  ...               38.62         0.91
7  2026-01-23 11:52:11       0m 35s  ...               19.86         0.56
8  2026-01-23 11:52:47       0m 33s  ...               39.61         1.05
9  2026-01-23 11:53:21       0m 30s  ...                1.79         0.05

[10 rows x 24 columns]
              timestamp time_elapsed  ... severity_rate_patch Gradient_sr2
0   2026-01-23 11:48:21       0m 30s  ...                1.74         0.04
1   2026-01-23 11:48:52       0m 30s  ...                4.36         0.11
2   2026-01-23 11:49:22       0m 31s  ...                0.85         0.02
3   2026-01-23 11:49:54       0m 34s  ...               25.47         0.67
4   2026-01-23 11:50:28       0m 35s  ...               37.39         0.99
5   2026-01-23 11:51:04       0m 31s  ...                0.45         0.01
6   2026-01-23 11:51:35       0m 36s  ...               38.62         0.91
7   2026-01-23 11:52:11       0m 35s  ...               19.86         0.56
8   2026-01-23 11:52:47       0m 33s  ...               39.61         1.05
9   2026-01-23 11:53:21       0m 30s  ...                1.79         0.05
10  2026-01-23 11:53:51       0m 30s  ...                2.79         0.07

[11 rows x 24 columns]
              timestamp time_elapsed  ... severity_rate_patch Gradient_sr2
0   2026-01-23 11:48:21       0m 30s  ...                1.74         0.04
1   2026-01-23 11:48:52       0m 30s  ...                4.36         0.11
2   2026-01-23 11:49:22       0m 31s  ...                0.85         0.02
3   2026-01-23 11:49:54       0m 34s  ...               25.47         0.67
4   2026-01-23 11:50:28       0m 35s  ...               37.39         0.99
5   2026-01-23 11:51:04       0m 31s  ...                0.45         0.01
6   2026-01-23 11:51:35       0m 36s  ...               38.62         0.91
7   2026-01-23 11:52:11       0m 35s  ...               19.86         0.56
8   2026-01-23 11:52:47       0m 33s  ...               39.61         1.05
9   2026-01-23 11:53:21       0m 30s  ...                1.79         0.05
10  2026-01-23 11:53:51       0m 30s  ...                2.79         0.07
11  2026-01-23 11:54:22       0m 33s  ...               20.77         0.49

[12 rows x 24 columns]
              timestamp time_elapsed  ... severity_rate_patch Gradient_sr2
0   2026-01-23 11:48:21       0m 30s  ...                1.74         0.04
1   2026-01-23 11:48:52       0m 30s  ...                4.36         0.11
2   2026-01-23 11:49:22       0m 31s  ...                0.85         0.02
3   2026-01-23 11:49:54       0m 34s  ...               25.47         0.67
4   2026-01-23 11:50:28       0m 35s  ...               37.39         0.99
5   2026-01-23 11:51:04       0m 31s  ...                0.45         0.01
6   2026-01-23 11:51:35       0m 36s  ...               38.62         0.91
7   2026-01-23 11:52:11       0m 35s  ...               19.86         0.56
8   2026-01-23 11:52:47       0m 33s  ...               39.61         1.05
9   2026-01-23 11:53:21       0m 30s  ...                1.79         0.05
10  2026-01-23 11:53:51       0m 30s  ...                2.79         0.07
11  2026-01-23 11:54:22       0m 33s  ...               20.77         0.49
12  2026-01-23 11:54:55       0m 32s  ...               20.60         0.51

[13 rows x 24 columns]
[2026-01-23 11:59:38,836] - [root] - [INFO] - Analysis finished: 0m 39s
[2026-01-23 11:59:38,836] - [root] - [INFO] - -------------------------------------------
[2026-01-23 11:59:38,836] - [root] - [INFO] - -------------------------------------------
[2026-01-23 11:59:38,836] - [root] - [INFO] - Processing 1-22-2026 5dpi 044-W2021009-169_R2.png
[2026-01-23 11:59:58,795] - [root] - [INFO] - Finished loading mask: 0m 19s
[2026-01-23 12:00:07,850] - [root] - [INFO] - Finished crop and inference: 0m 29s
[2026-01-23 12:00:09,601] - [root] - [INFO] - Analysis finished: 0m 30s
[2026-01-23 12:00:09,601] - [root] - [INFO] - -------------------------------------------
[2026-01-23 12:00:09,601] - [root] - [INFO] - -------------------------------------------
[2026-01-23 12:00:09,601] - [root] - [INFO] - Processing 1-22-2026 5dpi 044-W2021009-618_R1.png
[2026-01-23 12:00:29,694] - [root] - [INFO] - Finished loading mask: 0m 20s
[2026-01-23 12:00:41,572] - [root] - [INFO] - Finished crop and inference: 0m 31s
[2026-01-23 12:00:43,274] - [root] - [INFO] - Analysis finished: 0m 33s
[2026-01-23 12:00:43,274] - [root] - [INFO] - -------------------------------------------
[2026-01-23 12:00:43,274] - [root] - [INFO] - -------------------------------------------
[2026-01-23 12:00:43,274] - [root] - [INFO] - Processing 1-22-2026 5dpi 047-W2021011-482_R1.png
[2026-01-23 12:01:03,807] - [root] - [INFO] - Finished loading mask: 0m 20s
[2026-01-23 12:01:18,113] - [root] - [INFO] - Finished crop and inference: 0m 34s
[2026-01-23 12:01:19,868] - [root] - [INFO] - Analysis finished: 0m 36s
[2026-01-23 12:01:19,868] - [root] - [INFO] - -------------------------------------------
[2026-01-23 12:01:19,868] - [root] - [INFO] - -------------------------------------------
[2026-01-23 12:01:19,868] - [root] - [INFO] - Processing 1-22-2026 5dpi 048-W2021006-147_R1.png
[2026-01-23 12:01:39,610] - [root] - [INFO] - Finished loading mask: 0m 19s
[2026-01-23 12:01:46,691] - [root] - [INFO] - Finished crop and inference: 0m 26s
              timestamp time_elapsed  ... severity_rate_patch Gradient_sr2
0   2026-01-23 11:48:21       0m 30s  ...                1.74         0.04
1   2026-01-23 11:48:52       0m 30s  ...                4.36         0.11
2   2026-01-23 11:49:22       0m 31s  ...                0.85         0.02
3   2026-01-23 11:49:54       0m 34s  ...               25.47         0.67
4   2026-01-23 11:50:28       0m 35s  ...               37.39         0.99
5   2026-01-23 11:51:04       0m 31s  ...                0.45         0.01
6   2026-01-23 11:51:35       0m 36s  ...               38.62         0.91
7   2026-01-23 11:52:11       0m 35s  ...               19.86         0.56
8   2026-01-23 11:52:47       0m 33s  ...               39.61         1.05
9   2026-01-23 11:53:21       0m 30s  ...                1.79         0.05
10  2026-01-23 11:53:51       0m 30s  ...                2.79         0.07
11  2026-01-23 11:54:22       0m 33s  ...               20.77         0.49
12  2026-01-23 11:54:55       0m 32s  ...               20.60         0.51
13  2026-01-23 11:55:28       0m 31s  ...               15.28         0.35

[14 rows x 24 columns]
              timestamp time_elapsed  ... severity_rate_patch Gradient_sr2
0   2026-01-23 11:48:21       0m 30s  ...                1.74         0.04
1   2026-01-23 11:48:52       0m 30s  ...                4.36         0.11
2   2026-01-23 11:49:22       0m 31s  ...                0.85         0.02
3   2026-01-23 11:49:54       0m 34s  ...               25.47         0.67
4   2026-01-23 11:50:28       0m 35s  ...               37.39         0.99
5   2026-01-23 11:51:04       0m 31s  ...                0.45         0.01
6   2026-01-23 11:51:35       0m 36s  ...               38.62         0.91
7   2026-01-23 11:52:11       0m 35s  ...               19.86         0.56
8   2026-01-23 11:52:47       0m 33s  ...               39.61         1.05
9   2026-01-23 11:53:21       0m 30s  ...                1.79         0.05
10  2026-01-23 11:53:51       0m 30s  ...                2.79         0.07
11  2026-01-23 11:54:22       0m 33s  ...               20.77         0.49
12  2026-01-23 11:54:55       0m 32s  ...               20.60         0.51
13  2026-01-23 11:55:28       0m 31s  ...               15.28         0.35
14  2026-01-23 11:56:00       0m 35s  ...               30.18         0.79

[15 rows x 24 columns]
              timestamp time_elapsed  ... severity_rate_patch Gradient_sr2
0   2026-01-23 11:48:21       0m 30s  ...                1.74         0.04
1   2026-01-23 11:48:52       0m 30s  ...                4.36         0.11
2   2026-01-23 11:49:22       0m 31s  ...                0.85         0.02
3   2026-01-23 11:49:54       0m 34s  ...               25.47         0.67
4   2026-01-23 11:50:28       0m 35s  ...               37.39         0.99
5   2026-01-23 11:51:04       0m 31s  ...                0.45         0.01
6   2026-01-23 11:51:35       0m 36s  ...               38.62         0.91
7   2026-01-23 11:52:11       0m 35s  ...               19.86         0.56
8   2026-01-23 11:52:47       0m 33s  ...               39.61         1.05
9   2026-01-23 11:53:21       0m 30s  ...                1.79         0.05
10  2026-01-23 11:53:51       0m 30s  ...                2.79         0.07
11  2026-01-23 11:54:22       0m 33s  ...               20.77         0.49
12  2026-01-23 11:54:55       0m 32s  ...               20.60         0.51
13  2026-01-23 11:55:28       0m 31s  ...               15.28         0.35
14  2026-01-23 11:56:00       0m 35s  ...               30.18         0.79
15  2026-01-23 11:56:36       0m 34s  ...               19.25         0.48

[16 rows x 24 columns]
              timestamp time_elapsed  ... severity_rate_patch Gradient_sr2
0   2026-01-23 11:48:21       0m 30s  ...                1.74         0.04
1   2026-01-23 11:48:52       0m 30s  ...                4.36         0.11
2   2026-01-23 11:49:22       0m 31s  ...                0.85         0.02
3   2026-01-23 11:49:54       0m 34s  ...               25.47         0.67
4   2026-01-23 11:50:28       0m 35s  ...               37.39         0.99
5   2026-01-23 11:51:04       0m 31s  ...                0.45         0.01
6   2026-01-23 11:51:35       0m 36s  ...               38.62         0.91
7   2026-01-23 11:52:11       0m 35s  ...               19.86         0.56
8   2026-01-23 11:52:47       0m 33s  ...               39.61         1.05
9   2026-01-23 11:53:21       0m 30s  ...                1.79         0.05
10  2026-01-23 11:53:51       0m 30s  ...                2.79         0.07
11  2026-01-23 11:54:22       0m 33s  ...               20.77         0.49
12  2026-01-23 11:54:55       0m 32s  ...               20.60         0.51
13  2026-01-23 11:55:28       0m 31s  ...               15.28         0.35
14  2026-01-23 11:56:00       0m 35s  ...               30.18         0.79
15  2026-01-23 11:56:36       0m 34s  ...               19.25         0.48
16  2026-01-23 11:57:10       0m 43s  ...               85.84         2.58

[17 rows x 24 columns]
              timestamp time_elapsed  ... severity_rate_patch Gradient_sr2
0   2026-01-23 11:48:21       0m 30s  ...                1.74         0.04
1   2026-01-23 11:48:52       0m 30s  ...                4.36         0.11
2   2026-01-23 11:49:22       0m 31s  ...                0.85         0.02
3   2026-01-23 11:49:54       0m 34s  ...               25.47         0.67
4   2026-01-23 11:50:28       0m 35s  ...               37.39         0.99
5   2026-01-23 11:51:04       0m 31s  ...                0.45         0.01
6   2026-01-23 11:51:35       0m 36s  ...               38.62         0.91
7   2026-01-23 11:52:11       0m 35s  ...               19.86         0.56
8   2026-01-23 11:52:47       0m 33s  ...               39.61         1.05
9   2026-01-23 11:53:21       0m 30s  ...                1.79         0.05
10  2026-01-23 11:53:51       0m 30s  ...                2.79         0.07
11  2026-01-23 11:54:22       0m 33s  ...               20.77         0.49
12  2026-01-23 11:54:55       0m 32s  ...               20.60         0.51
13  2026-01-23 11:55:28       0m 31s  ...               15.28         0.35
14  2026-01-23 11:56:00       0m 35s  ...               30.18         0.79
15  2026-01-23 11:56:36       0m 34s  ...               19.25         0.48
16  2026-01-23 11:57:10       0m 43s  ...               85.84         2.58
17  2026-01-23 11:57:54       0m 31s  ...                0.76         0.02

[18 rows x 24 columns]
              timestamp time_elapsed  ... severity_rate_patch Gradient_sr2
0   2026-01-23 11:48:21       0m 30s  ...                1.74         0.04
1   2026-01-23 11:48:52       0m 30s  ...                4.36         0.11
2   2026-01-23 11:49:22       0m 31s  ...                0.85         0.02
3   2026-01-23 11:49:54       0m 34s  ...               25.47         0.67
4   2026-01-23 11:50:28       0m 35s  ...               37.39         0.99
5   2026-01-23 11:51:04       0m 31s  ...                0.45         0.01
6   2026-01-23 11:51:35       0m 36s  ...               38.62         0.91
7   2026-01-23 11:52:11       0m 35s  ...               19.86         0.56
8   2026-01-23 11:52:47       0m 33s  ...               39.61         1.05
9   2026-01-23 11:53:21       0m 30s  ...                1.79         0.05
10  2026-01-23 11:53:51       0m 30s  ...                2.79         0.07
11  2026-01-23 11:54:22       0m 33s  ...               20.77         0.49
12  2026-01-23 11:54:55       0m 32s  ...               20.60         0.51
13  2026-01-23 11:55:28       0m 31s  ...               15.28         0.35
14  2026-01-23 11:56:00       0m 35s  ...               30.18         0.79
15  2026-01-23 11:56:36       0m 34s  ...               19.25         0.48
16  2026-01-23 11:57:10       0m 43s  ...               85.84         2.58
17  2026-01-23 11:57:54       0m 31s  ...                0.76         0.02
18  2026-01-23 11:58:25       0m 33s  ...               23.22         0.57

[19 rows x 24 columns]
[2026-01-23 12:01:48,557] - [root] - [INFO] - Analysis finished: 0m 28s
[2026-01-23 12:01:48,557] - [root] - [INFO] - -------------------------------------------
[2026-01-23 12:01:48,557] - [root] - [INFO] - -------------------------------------------
[2026-01-23 12:01:48,557] - [root] - [INFO] - Processing 1-22-2026 5dpi 052-W2021006-004_R2.png
[2026-01-23 12:02:07,985] - [root] - [INFO] - Finished loading mask: 0m 19s
[2026-01-23 12:02:16,175] - [root] - [INFO] - Finished crop and inference: 0m 27s
[2026-01-23 12:02:17,962] - [root] - [INFO] - Analysis finished: 0m 29s
[2026-01-23 12:02:17,962] - [root] - [INFO] - -------------------------------------------
[2026-01-23 12:02:17,962] - [root] - [INFO] - -------------------------------------------
[2026-01-23 12:02:17,962] - [root] - [INFO] - Processing 1-22-2026 5dpi 055-W2021010-341_R2.png
[2026-01-23 12:02:38,009] - [root] - [INFO] - Finished loading mask: 0m 20s
[2026-01-23 12:02:47,817] - [root] - [INFO] - Finished crop and inference: 0m 29s
[2026-01-23 12:02:49,543] - [root] - [INFO] - Analysis finished: 0m 31s
[2026-01-23 12:02:49,543] - [root] - [INFO] - -------------------------------------------
[2026-01-23 12:02:49,543] - [root] - [INFO] - -------------------------------------------
[2026-01-23 12:02:49,543] - [root] - [INFO] - Processing 1-22-2026 5dpi 055-W2021010-397_R2.png
[2026-01-23 12:03:09,725] - [root] - [INFO] - Finished loading mask: 0m 20s
[2026-01-23 12:03:20,170] - [root] - [INFO] - Finished crop and inference: 0m 30s
[2026-01-23 12:03:21,775] - [root] - [INFO] - Analysis finished: 0m 32s
[2026-01-23 12:03:21,775] - [root] - [INFO] - -------------------------------------------
[2026-01-23 12:03:21,775] - [root] - [INFO] - -------------------------------------------
[2026-01-23 12:03:21,775] - [root] - [INFO] - Processing 1-22-2026 5dpi 056-W2021006-609_R1.png
[2026-01-23 12:03:41,735] - [root] - [INFO] - Finished loading mask: 0m 19s
[2026-01-23 12:03:54,884] - [root] - [INFO] - Finished crop and inference: 0m 33s
              timestamp time_elapsed  ... severity_rate_patch Gradient_sr2
0   2026-01-23 11:48:21       0m 30s  ...                1.74         0.04
1   2026-01-23 11:48:52       0m 30s  ...                4.36         0.11
2   2026-01-23 11:49:22       0m 31s  ...                0.85         0.02
3   2026-01-23 11:49:54       0m 34s  ...               25.47         0.67
4   2026-01-23 11:50:28       0m 35s  ...               37.39         0.99
5   2026-01-23 11:51:04       0m 31s  ...                0.45         0.01
6   2026-01-23 11:51:35       0m 36s  ...               38.62         0.91
7   2026-01-23 11:52:11       0m 35s  ...               19.86         0.56
8   2026-01-23 11:52:47       0m 33s  ...               39.61         1.05
9   2026-01-23 11:53:21       0m 30s  ...                1.79         0.05
10  2026-01-23 11:53:51       0m 30s  ...                2.79         0.07
11  2026-01-23 11:54:22       0m 33s  ...               20.77         0.49
12  2026-01-23 11:54:55       0m 32s  ...               20.60         0.51
13  2026-01-23 11:55:28       0m 31s  ...               15.28         0.35
14  2026-01-23 11:56:00       0m 35s  ...               30.18         0.79
15  2026-01-23 11:56:36       0m 34s  ...               19.25         0.48
16  2026-01-23 11:57:10       0m 43s  ...               85.84         2.58
17  2026-01-23 11:57:54       0m 31s  ...                0.76         0.02
18  2026-01-23 11:58:25       0m 33s  ...               23.22         0.57
19  2026-01-23 11:58:59       0m 39s  ...               62.76         1.72

[20 rows x 24 columns]
              timestamp time_elapsed  ... severity_rate_patch Gradient_sr2
0   2026-01-23 11:48:21       0m 30s  ...                1.74         0.04
1   2026-01-23 11:48:52       0m 30s  ...                4.36         0.11
2   2026-01-23 11:49:22       0m 31s  ...                0.85         0.02
3   2026-01-23 11:49:54       0m 34s  ...               25.47         0.67
4   2026-01-23 11:50:28       0m 35s  ...               37.39         0.99
5   2026-01-23 11:51:04       0m 31s  ...                0.45         0.01
6   2026-01-23 11:51:35       0m 36s  ...               38.62         0.91
7   2026-01-23 11:52:11       0m 35s  ...               19.86         0.56
8   2026-01-23 11:52:47       0m 33s  ...               39.61         1.05
9   2026-01-23 11:53:21       0m 30s  ...                1.79         0.05
10  2026-01-23 11:53:51       0m 30s  ...                2.79         0.07
11  2026-01-23 11:54:22       0m 33s  ...               20.77         0.49
12  2026-01-23 11:54:55       0m 32s  ...               20.60         0.51
13  2026-01-23 11:55:28       0m 31s  ...               15.28         0.35
14  2026-01-23 11:56:00       0m 35s  ...               30.18         0.79
15  2026-01-23 11:56:36       0m 34s  ...               19.25         0.48
16  2026-01-23 11:57:10       0m 43s  ...               85.84         2.58
17  2026-01-23 11:57:54       0m 31s  ...                0.76         0.02
18  2026-01-23 11:58:25       0m 33s  ...               23.22         0.57
19  2026-01-23 11:58:59       0m 39s  ...               62.76         1.72
20  2026-01-23 11:59:38       0m 30s  ...                1.10         0.03

[21 rows x 24 columns]
              timestamp time_elapsed  ... severity_rate_patch Gradient_sr2
0   2026-01-23 11:48:21       0m 30s  ...                1.74         0.04
1   2026-01-23 11:48:52       0m 30s  ...                4.36         0.11
2   2026-01-23 11:49:22       0m 31s  ...                0.85         0.02
3   2026-01-23 11:49:54       0m 34s  ...               25.47         0.67
4   2026-01-23 11:50:28       0m 35s  ...               37.39         0.99
5   2026-01-23 11:51:04       0m 31s  ...                0.45         0.01
6   2026-01-23 11:51:35       0m 36s  ...               38.62         0.91
7   2026-01-23 11:52:11       0m 35s  ...               19.86         0.56
8   2026-01-23 11:52:47       0m 33s  ...               39.61         1.05
9   2026-01-23 11:53:21       0m 30s  ...                1.79         0.05
10  2026-01-23 11:53:51       0m 30s  ...                2.79         0.07
11  2026-01-23 11:54:22       0m 33s  ...               20.77         0.49
12  2026-01-23 11:54:55       0m 32s  ...               20.60         0.51
13  2026-01-23 11:55:28       0m 31s  ...               15.28         0.35
14  2026-01-23 11:56:00       0m 35s  ...               30.18         0.79
15  2026-01-23 11:56:36       0m 34s  ...               19.25         0.48
16  2026-01-23 11:57:10       0m 43s  ...               85.84         2.58
17  2026-01-23 11:57:54       0m 31s  ...                0.76         0.02
18  2026-01-23 11:58:25       0m 33s  ...               23.22         0.57
19  2026-01-23 11:58:59       0m 39s  ...               62.76         1.72
20  2026-01-23 11:59:38       0m 30s  ...                1.10         0.03
21  2026-01-23 12:00:09       0m 33s  ...               19.31         0.52

[22 rows x 24 columns]
              timestamp time_elapsed  ... severity_rate_patch Gradient_sr2
0   2026-01-23 11:48:21       0m 30s  ...                1.74         0.04
1   2026-01-23 11:48:52       0m 30s  ...                4.36         0.11
2   2026-01-23 11:49:22       0m 31s  ...                0.85         0.02
3   2026-01-23 11:49:54       0m 34s  ...               25.47         0.67
4   2026-01-23 11:50:28       0m 35s  ...               37.39         0.99
5   2026-01-23 11:51:04       0m 31s  ...                0.45         0.01
6   2026-01-23 11:51:35       0m 36s  ...               38.62         0.91
7   2026-01-23 11:52:11       0m 35s  ...               19.86         0.56
8   2026-01-23 11:52:47       0m 33s  ...               39.61         1.05
9   2026-01-23 11:53:21       0m 30s  ...                1.79         0.05
10  2026-01-23 11:53:51       0m 30s  ...                2.79         0.07
11  2026-01-23 11:54:22       0m 33s  ...               20.77         0.49
12  2026-01-23 11:54:55       0m 32s  ...               20.60         0.51
13  2026-01-23 11:55:28       0m 31s  ...               15.28         0.35
14  2026-01-23 11:56:00       0m 35s  ...               30.18         0.79
15  2026-01-23 11:56:36       0m 34s  ...               19.25         0.48
16  2026-01-23 11:57:10       0m 43s  ...               85.84         2.58
17  2026-01-23 11:57:54       0m 31s  ...                0.76         0.02
18  2026-01-23 11:58:25       0m 33s  ...               23.22         0.57
19  2026-01-23 11:58:59       0m 39s  ...               62.76         1.72
20  2026-01-23 11:59:38       0m 30s  ...                1.10         0.03
21  2026-01-23 12:00:09       0m 33s  ...               19.31         0.52
22  2026-01-23 12:00:43       0m 36s  ...               42.05         1.16

[23 rows x 24 columns]
[2026-01-23 12:03:56,543] - [root] - [INFO] - Analysis finished: 0m 34s
[2026-01-23 12:03:56,543] - [root] - [INFO] - -------------------------------------------
[2026-01-23 12:03:56,543] - [root] - [INFO] - -------------------------------------------
[2026-01-23 12:03:56,543] - [root] - [INFO] - Processing 1-22-2026 5dpi 059-W2021010-434_R1.png
[2026-01-23 12:04:16,385] - [root] - [INFO] - Finished loading mask: 0m 19s
[2026-01-23 12:04:26,441] - [root] - [INFO] - Finished crop and inference: 0m 29s
[2026-01-23 12:04:28,125] - [root] - [INFO] - Analysis finished: 0m 31s
[2026-01-23 12:04:28,125] - [root] - [INFO] - -------------------------------------------
[2026-01-23 12:04:28,126] - [root] - [INFO] - -------------------------------------------
[2026-01-23 12:04:28,126] - [root] - [INFO] - Processing 1-22-2026 5dpi 060-W2021010-324_R2.png
[2026-01-23 12:04:48,695] - [root] - [INFO] - Finished loading mask: 0m 20s
[2026-01-23 12:04:58,259] - [root] - [INFO] - Finished crop and inference: 0m 30s
[2026-01-23 12:05:00,006] - [root] - [INFO] - Analysis finished: 0m 31s
[2026-01-23 12:05:00,006] - [root] - [INFO] - -------------------------------------------
[2026-01-23 12:05:00,006] - [root] - [INFO] - -------------------------------------------
[2026-01-23 12:05:00,006] - [root] - [INFO] - Processing 1-22-2026 5dpi 061-W2021011-483_R1.png
[2026-01-23 12:05:20,245] - [root] - [INFO] - Finished loading mask: 0m 20s
[2026-01-23 12:05:31,126] - [root] - [INFO] - Finished crop and inference: 0m 31s
              timestamp time_elapsed  ... severity_rate_patch Gradient_sr2
0   2026-01-23 11:48:21       0m 30s  ...                1.74         0.04
1   2026-01-23 11:48:52       0m 30s  ...                4.36         0.11
2   2026-01-23 11:49:22       0m 31s  ...                0.85         0.02
3   2026-01-23 11:49:54       0m 34s  ...               25.47         0.67
4   2026-01-23 11:50:28       0m 35s  ...               37.39         0.99
5   2026-01-23 11:51:04       0m 31s  ...                0.45         0.01
6   2026-01-23 11:51:35       0m 36s  ...               38.62         0.91
7   2026-01-23 11:52:11       0m 35s  ...               19.86         0.56
8   2026-01-23 11:52:47       0m 33s  ...               39.61         1.05
9   2026-01-23 11:53:21       0m 30s  ...                1.79         0.05
10  2026-01-23 11:53:51       0m 30s  ...                2.79         0.07
11  2026-01-23 11:54:22       0m 33s  ...               20.77         0.49
12  2026-01-23 11:54:55       0m 32s  ...               20.60         0.51
13  2026-01-23 11:55:28       0m 31s  ...               15.28         0.35
14  2026-01-23 11:56:00       0m 35s  ...               30.18         0.79
15  2026-01-23 11:56:36       0m 34s  ...               19.25         0.48
16  2026-01-23 11:57:10       0m 43s  ...               85.84         2.58
17  2026-01-23 11:57:54       0m 31s  ...                0.76         0.02
18  2026-01-23 11:58:25       0m 33s  ...               23.22         0.57
19  2026-01-23 11:58:59       0m 39s  ...               62.76         1.72
20  2026-01-23 11:59:38       0m 30s  ...                1.10         0.03
21  2026-01-23 12:00:09       0m 33s  ...               19.31         0.52
22  2026-01-23 12:00:43       0m 36s  ...               42.05         1.16
23  2026-01-23 12:01:19       0m 28s  ...                6.56         0.18

[24 rows x 24 columns]
              timestamp time_elapsed  ... severity_rate_patch Gradient_sr2
0   2026-01-23 11:48:21       0m 30s  ...                1.74         0.04
1   2026-01-23 11:48:52       0m 30s  ...                4.36         0.11
2   2026-01-23 11:49:22       0m 31s  ...                0.85         0.02
3   2026-01-23 11:49:54       0m 34s  ...               25.47         0.67
4   2026-01-23 11:50:28       0m 35s  ...               37.39         0.99
5   2026-01-23 11:51:04       0m 31s  ...                0.45         0.01
6   2026-01-23 11:51:35       0m 36s  ...               38.62         0.91
7   2026-01-23 11:52:11       0m 35s  ...               19.86         0.56
8   2026-01-23 11:52:47       0m 33s  ...               39.61         1.05
9   2026-01-23 11:53:21       0m 30s  ...                1.79         0.05
10  2026-01-23 11:53:51       0m 30s  ...                2.79         0.07
11  2026-01-23 11:54:22       0m 33s  ...               20.77         0.49
12  2026-01-23 11:54:55       0m 32s  ...               20.60         0.51
13  2026-01-23 11:55:28       0m 31s  ...               15.28         0.35
14  2026-01-23 11:56:00       0m 35s  ...               30.18         0.79
15  2026-01-23 11:56:36       0m 34s  ...               19.25         0.48
16  2026-01-23 11:57:10       0m 43s  ...               85.84         2.58
17  2026-01-23 11:57:54       0m 31s  ...                0.76         0.02
18  2026-01-23 11:58:25       0m 33s  ...               23.22         0.57
19  2026-01-23 11:58:59       0m 39s  ...               62.76         1.72
20  2026-01-23 11:59:38       0m 30s  ...                1.10         0.03
21  2026-01-23 12:00:09       0m 33s  ...               19.31         0.52
22  2026-01-23 12:00:43       0m 36s  ...               42.05         1.16
23  2026-01-23 12:01:19       0m 28s  ...                6.56         0.18
24  2026-01-23 12:01:48       0m 29s  ...                1.51         0.04

[25 rows x 24 columns]
              timestamp time_elapsed  ... severity_rate_patch Gradient_sr2
0   2026-01-23 11:48:21       0m 30s  ...                1.74         0.04
1   2026-01-23 11:48:52       0m 30s  ...                4.36         0.11
2   2026-01-23 11:49:22       0m 31s  ...                0.85         0.02
3   2026-01-23 11:49:54       0m 34s  ...               25.47         0.67
4   2026-01-23 11:50:28       0m 35s  ...               37.39         0.99
5   2026-01-23 11:51:04       0m 31s  ...                0.45         0.01
6   2026-01-23 11:51:35       0m 36s  ...               38.62         0.91
7   2026-01-23 11:52:11       0m 35s  ...               19.86         0.56
8   2026-01-23 11:52:47       0m 33s  ...               39.61         1.05
9   2026-01-23 11:53:21       0m 30s  ...                1.79         0.05
10  2026-01-23 11:53:51       0m 30s  ...                2.79         0.07
11  2026-01-23 11:54:22       0m 33s  ...               20.77         0.49
12  2026-01-23 11:54:55       0m 32s  ...               20.60         0.51
13  2026-01-23 11:55:28       0m 31s  ...               15.28         0.35
14  2026-01-23 11:56:00       0m 35s  ...               30.18         0.79
15  2026-01-23 11:56:36       0m 34s  ...               19.25         0.48
16  2026-01-23 11:57:10       0m 43s  ...               85.84         2.58
17  2026-01-23 11:57:54       0m 31s  ...                0.76         0.02
18  2026-01-23 11:58:25       0m 33s  ...               23.22         0.57
19  2026-01-23 11:58:59       0m 39s  ...               62.76         1.72
20  2026-01-23 11:59:38       0m 30s  ...                1.10         0.03
21  2026-01-23 12:00:09       0m 33s  ...               19.31         0.52
22  2026-01-23 12:00:43       0m 36s  ...               42.05         1.16
23  2026-01-23 12:01:19       0m 28s  ...                6.56         0.18
24  2026-01-23 12:01:48       0m 29s  ...                1.51         0.04
25  2026-01-23 12:02:17       0m 31s  ...                8.51         0.22

[26 rows x 24 columns]
              timestamp time_elapsed  ... severity_rate_patch Gradient_sr2
0   2026-01-23 11:48:21       0m 30s  ...                1.74         0.04
1   2026-01-23 11:48:52       0m 30s  ...                4.36         0.11
2   2026-01-23 11:49:22       0m 31s  ...                0.85         0.02
3   2026-01-23 11:49:54       0m 34s  ...               25.47         0.67
4   2026-01-23 11:50:28       0m 35s  ...               37.39         0.99
5   2026-01-23 11:51:04       0m 31s  ...                0.45         0.01
6   2026-01-23 11:51:35       0m 36s  ...               38.62         0.91
7   2026-01-23 11:52:11       0m 35s  ...               19.86         0.56
8   2026-01-23 11:52:47       0m 33s  ...               39.61         1.05
9   2026-01-23 11:53:21       0m 30s  ...                1.79         0.05
10  2026-01-23 11:53:51       0m 30s  ...                2.79         0.07
11  2026-01-23 11:54:22       0m 33s  ...               20.77         0.49
12  2026-01-23 11:54:55       0m 32s  ...               20.60         0.51
13  2026-01-23 11:55:28       0m 31s  ...               15.28         0.35
14  2026-01-23 11:56:00       0m 35s  ...               30.18         0.79
15  2026-01-23 11:56:36       0m 34s  ...               19.25         0.48
16  2026-01-23 11:57:10       0m 43s  ...               85.84         2.58
17  2026-01-23 11:57:54       0m 31s  ...                0.76         0.02
18  2026-01-23 11:58:25       0m 33s  ...               23.22         0.57
19  2026-01-23 11:58:59       0m 39s  ...               62.76         1.72
20  2026-01-23 11:59:38       0m 30s  ...                1.10         0.03
21  2026-01-23 12:00:09       0m 33s  ...               19.31         0.52
22  2026-01-23 12:00:43       0m 36s  ...               42.05         1.16
23  2026-01-23 12:01:19       0m 28s  ...                6.56         0.18
24  2026-01-23 12:01:48       0m 29s  ...                1.51         0.04
25  2026-01-23 12:02:17       0m 31s  ...                8.51         0.22
26  2026-01-23 12:02:49       0m 32s  ...               12.12         0.31

[27 rows x 24 columns]
[2026-01-23 12:05:32,872] - [root] - [INFO] - Analysis finished: 0m 32s
[2026-01-23 12:05:32,872] - [root] - [INFO] - -------------------------------------------
[2026-01-23 12:05:32,872] - [root] - [INFO] - -------------------------------------------
[2026-01-23 12:05:32,872] - [root] - [INFO] - Processing 1-22-2026 5dpi 070-W2021011-486_R2.png
[2026-01-23 12:05:53,165] - [root] - [INFO] - Finished loading mask: 0m 20s
[2026-01-23 12:06:04,532] - [root] - [INFO] - Finished crop and inference: 0m 31s
[2026-01-23 12:06:06,237] - [root] - [INFO] - Analysis finished: 0m 33s
[2026-01-23 12:06:06,237] - [root] - [INFO] - -------------------------------------------
[2026-01-23 12:06:06,237] - [root] - [INFO] - -------------------------------------------
[2026-01-23 12:06:06,237] - [root] - [INFO] - Processing 1-22-2026 5dpi 071-W2021010-323_R1.png
[2026-01-23 12:06:26,077] - [root] - [INFO] - Finished loading mask: 0m 19s
[2026-01-23 12:06:43,392] - [root] - [INFO] - Finished crop and inference: 0m 37s
[2026-01-23 12:06:45,137] - [root] - [INFO] - Analysis finished: 0m 38s
[2026-01-23 12:06:45,137] - [root] - [INFO] - -------------------------------------------
[2026-01-23 12:06:45,137] - [root] - [INFO] - -------------------------------------------
[2026-01-23 12:06:45,137] - [root] - [INFO] - Processing 1-22-2026 5dpi 077-W2021010-351_R2.png
[2026-01-23 12:07:05,850] - [root] - [INFO] - Finished loading mask: 0m 20s
[2026-01-23 12:07:16,361] - [root] - [INFO] - Finished crop and inference: 0m 31s
              timestamp time_elapsed  ... severity_rate_patch Gradient_sr2
0   2026-01-23 11:48:21       0m 30s  ...                1.74         0.04
1   2026-01-23 11:48:52       0m 30s  ...                4.36         0.11
2   2026-01-23 11:49:22       0m 31s  ...                0.85         0.02
3   2026-01-23 11:49:54       0m 34s  ...               25.47         0.67
4   2026-01-23 11:50:28       0m 35s  ...               37.39         0.99
5   2026-01-23 11:51:04       0m 31s  ...                0.45         0.01
6   2026-01-23 11:51:35       0m 36s  ...               38.62         0.91
7   2026-01-23 11:52:11       0m 35s  ...               19.86         0.56
8   2026-01-23 11:52:47       0m 33s  ...               39.61         1.05
9   2026-01-23 11:53:21       0m 30s  ...                1.79         0.05
10  2026-01-23 11:53:51       0m 30s  ...                2.79         0.07
11  2026-01-23 11:54:22       0m 33s  ...               20.77         0.49
12  2026-01-23 11:54:55       0m 32s  ...               20.60         0.51
13  2026-01-23 11:55:28       0m 31s  ...               15.28         0.35
14  2026-01-23 11:56:00       0m 35s  ...               30.18         0.79
15  2026-01-23 11:56:36       0m 34s  ...               19.25         0.48
16  2026-01-23 11:57:10       0m 43s  ...               85.84         2.58
17  2026-01-23 11:57:54       0m 31s  ...                0.76         0.02
18  2026-01-23 11:58:25       0m 33s  ...               23.22         0.57
19  2026-01-23 11:58:59       0m 39s  ...               62.76         1.72
20  2026-01-23 11:59:38       0m 30s  ...                1.10         0.03
21  2026-01-23 12:00:09       0m 33s  ...               19.31         0.52
22  2026-01-23 12:00:43       0m 36s  ...               42.05         1.16
23  2026-01-23 12:01:19       0m 28s  ...                6.56         0.18
24  2026-01-23 12:01:48       0m 29s  ...                1.51         0.04
25  2026-01-23 12:02:17       0m 31s  ...                8.51         0.22
26  2026-01-23 12:02:49       0m 32s  ...               12.12         0.31
27  2026-01-23 12:03:21       0m 34s  ...               32.69         0.79

[28 rows x 24 columns]
              timestamp time_elapsed  ... severity_rate_patch Gradient_sr2
0   2026-01-23 11:48:21       0m 30s  ...                1.74         0.04
1   2026-01-23 11:48:52       0m 30s  ...                4.36         0.11
2   2026-01-23 11:49:22       0m 31s  ...                0.85         0.02
3   2026-01-23 11:49:54       0m 34s  ...               25.47         0.67
4   2026-01-23 11:50:28       0m 35s  ...               37.39         0.99
5   2026-01-23 11:51:04       0m 31s  ...                0.45         0.01
6   2026-01-23 11:51:35       0m 36s  ...               38.62         0.91
7   2026-01-23 11:52:11       0m 35s  ...               19.86         0.56
8   2026-01-23 11:52:47       0m 33s  ...               39.61         1.05
9   2026-01-23 11:53:21       0m 30s  ...                1.79         0.05
10  2026-01-23 11:53:51       0m 30s  ...                2.79         0.07
11  2026-01-23 11:54:22       0m 33s  ...               20.77         0.49
12  2026-01-23 11:54:55       0m 32s  ...               20.60         0.51
13  2026-01-23 11:55:28       0m 31s  ...               15.28         0.35
14  2026-01-23 11:56:00       0m 35s  ...               30.18         0.79
15  2026-01-23 11:56:36       0m 34s  ...               19.25         0.48
16  2026-01-23 11:57:10       0m 43s  ...               85.84         2.58
17  2026-01-23 11:57:54       0m 31s  ...                0.76         0.02
18  2026-01-23 11:58:25       0m 33s  ...               23.22         0.57
19  2026-01-23 11:58:59       0m 39s  ...               62.76         1.72
20  2026-01-23 11:59:38       0m 30s  ...                1.10         0.03
21  2026-01-23 12:00:09       0m 33s  ...               19.31         0.52
22  2026-01-23 12:00:43       0m 36s  ...               42.05         1.16
23  2026-01-23 12:01:19       0m 28s  ...                6.56         0.18
24  2026-01-23 12:01:48       0m 29s  ...                1.51         0.04
25  2026-01-23 12:02:17       0m 31s  ...                8.51         0.22
26  2026-01-23 12:02:49       0m 32s  ...               12.12         0.31
27  2026-01-23 12:03:21       0m 34s  ...               32.69         0.79
28  2026-01-23 12:03:56       0m 31s  ...                2.15         0.06

[29 rows x 24 columns]
              timestamp time_elapsed  ... severity_rate_patch Gradient_sr2
0   2026-01-23 11:48:21       0m 30s  ...                1.74         0.04
1   2026-01-23 11:48:52       0m 30s  ...                4.36         0.11
2   2026-01-23 11:49:22       0m 31s  ...                0.85         0.02
3   2026-01-23 11:49:54       0m 34s  ...               25.47         0.67
4   2026-01-23 11:50:28       0m 35s  ...               37.39         0.99
5   2026-01-23 11:51:04       0m 31s  ...                0.45         0.01
6   2026-01-23 11:51:35       0m 36s  ...               38.62         0.91
7   2026-01-23 11:52:11       0m 35s  ...               19.86         0.56
8   2026-01-23 11:52:47       0m 33s  ...               39.61         1.05
9   2026-01-23 11:53:21       0m 30s  ...                1.79         0.05
10  2026-01-23 11:53:51       0m 30s  ...                2.79         0.07
11  2026-01-23 11:54:22       0m 33s  ...               20.77         0.49
12  2026-01-23 11:54:55       0m 32s  ...               20.60         0.51
13  2026-01-23 11:55:28       0m 31s  ...               15.28         0.35
14  2026-01-23 11:56:00       0m 35s  ...               30.18         0.79
15  2026-01-23 11:56:36       0m 34s  ...               19.25         0.48
16  2026-01-23 11:57:10       0m 43s  ...               85.84         2.58
17  2026-01-23 11:57:54       0m 31s  ...                0.76         0.02
18  2026-01-23 11:58:25       0m 33s  ...               23.22         0.57
19  2026-01-23 11:58:59       0m 39s  ...               62.76         1.72
20  2026-01-23 11:59:38       0m 30s  ...                1.10         0.03
21  2026-01-23 12:00:09       0m 33s  ...               19.31         0.52
22  2026-01-23 12:00:43       0m 36s  ...               42.05         1.16
23  2026-01-23 12:01:19       0m 28s  ...                6.56         0.18
24  2026-01-23 12:01:48       0m 29s  ...                1.51         0.04
25  2026-01-23 12:02:17       0m 31s  ...                8.51         0.22
26  2026-01-23 12:02:49       0m 32s  ...               12.12         0.31
27  2026-01-23 12:03:21       0m 34s  ...               32.69         0.79
28  2026-01-23 12:03:56       0m 31s  ...                2.15         0.06
29  2026-01-23 12:04:28       0m 31s  ...                2.94         0.07

[30 rows x 24 columns]
[2026-01-23 12:07:18,169] - [root] - [INFO] - Analysis finished: 0m 33s
[2026-01-23 12:07:18,170] - [root] - [INFO] - -------------------------------------------
[2026-01-23 12:07:18,170] - [root] - [INFO] - -------------------------------------------
[2026-01-23 12:07:18,170] - [root] - [INFO] - Processing 1-22-2026 5dpi 084-W2021010-319_R1.png
[2026-01-23 12:07:38,884] - [root] - [INFO] - Finished loading mask: 0m 20s
[2026-01-23 12:07:48,524] - [root] - [INFO] - Finished crop and inference: 0m 30s
[2026-01-23 12:07:50,329] - [root] - [INFO] - Analysis finished: 0m 32s
[2026-01-23 12:07:50,329] - [root] - [INFO] - -------------------------------------------
[2026-01-23 12:07:50,330] - [root] - [INFO] - -------------------------------------------
[2026-01-23 12:07:50,330] - [root] - [INFO] - Processing 1-22-2026 5dpi 085-W2021010-630_R1.png
[2026-01-23 12:08:11,177] - [root] - [INFO] - Finished loading mask: 0m 20s
[2026-01-23 12:08:20,587] - [root] - [INFO] - Finished crop and inference: 0m 30s
              timestamp time_elapsed  ... severity_rate_patch Gradient_sr2
0   2026-01-23 11:48:21       0m 30s  ...                1.74         0.04
1   2026-01-23 11:48:52       0m 30s  ...                4.36         0.11
2   2026-01-23 11:49:22       0m 31s  ...                0.85         0.02
3   2026-01-23 11:49:54       0m 34s  ...               25.47         0.67
4   2026-01-23 11:50:28       0m 35s  ...               37.39         0.99
5   2026-01-23 11:51:04       0m 31s  ...                0.45         0.01
6   2026-01-23 11:51:35       0m 36s  ...               38.62         0.91
7   2026-01-23 11:52:11       0m 35s  ...               19.86         0.56
8   2026-01-23 11:52:47       0m 33s  ...               39.61         1.05
9   2026-01-23 11:53:21       0m 30s  ...                1.79         0.05
10  2026-01-23 11:53:51       0m 30s  ...                2.79         0.07
11  2026-01-23 11:54:22       0m 33s  ...               20.77         0.49
12  2026-01-23 11:54:55       0m 32s  ...               20.60         0.51
13  2026-01-23 11:55:28       0m 31s  ...               15.28         0.35
14  2026-01-23 11:56:00       0m 35s  ...               30.18         0.79
15  2026-01-23 11:56:36       0m 34s  ...               19.25         0.48
16  2026-01-23 11:57:10       0m 43s  ...               85.84         2.58
17  2026-01-23 11:57:54       0m 31s  ...                0.76         0.02
18  2026-01-23 11:58:25       0m 33s  ...               23.22         0.57
19  2026-01-23 11:58:59       0m 39s  ...               62.76         1.72
20  2026-01-23 11:59:38       0m 30s  ...                1.10         0.03
21  2026-01-23 12:00:09       0m 33s  ...               19.31         0.52
22  2026-01-23 12:00:43       0m 36s  ...               42.05         1.16
23  2026-01-23 12:01:19       0m 28s  ...                6.56         0.18
24  2026-01-23 12:01:48       0m 29s  ...                1.51         0.04
25  2026-01-23 12:02:17       0m 31s  ...                8.51         0.22
26  2026-01-23 12:02:49       0m 32s  ...               12.12         0.31
27  2026-01-23 12:03:21       0m 34s  ...               32.69         0.79
28  2026-01-23 12:03:56       0m 31s  ...                2.15         0.06
29  2026-01-23 12:04:28       0m 31s  ...                2.94         0.07
30  2026-01-23 12:05:00       0m 32s  ...               12.91         0.30

[31 rows x 24 columns]
              timestamp time_elapsed  ... severity_rate_patch Gradient_sr2
0   2026-01-23 11:48:21       0m 30s  ...                1.74         0.04
1   2026-01-23 11:48:52       0m 30s  ...                4.36         0.11
2   2026-01-23 11:49:22       0m 31s  ...                0.85         0.02
3   2026-01-23 11:49:54       0m 34s  ...               25.47         0.67
4   2026-01-23 11:50:28       0m 35s  ...               37.39         0.99
5   2026-01-23 11:51:04       0m 31s  ...                0.45         0.01
6   2026-01-23 11:51:35       0m 36s  ...               38.62         0.91
7   2026-01-23 11:52:11       0m 35s  ...               19.86         0.56
8   2026-01-23 11:52:47       0m 33s  ...               39.61         1.05
9   2026-01-23 11:53:21       0m 30s  ...                1.79         0.05
10  2026-01-23 11:53:51       0m 30s  ...                2.79         0.07
11  2026-01-23 11:54:22       0m 33s  ...               20.77         0.49
12  2026-01-23 11:54:55       0m 32s  ...               20.60         0.51
13  2026-01-23 11:55:28       0m 31s  ...               15.28         0.35
14  2026-01-23 11:56:00       0m 35s  ...               30.18         0.79
15  2026-01-23 11:56:36       0m 34s  ...               19.25         0.48
16  2026-01-23 11:57:10       0m 43s  ...               85.84         2.58
17  2026-01-23 11:57:54       0m 31s  ...                0.76         0.02
18  2026-01-23 11:58:25       0m 33s  ...               23.22         0.57
19  2026-01-23 11:58:59       0m 39s  ...               62.76         1.72
20  2026-01-23 11:59:38       0m 30s  ...                1.10         0.03
21  2026-01-23 12:00:09       0m 33s  ...               19.31         0.52
22  2026-01-23 12:00:43       0m 36s  ...               42.05         1.16
23  2026-01-23 12:01:19       0m 28s  ...                6.56         0.18
24  2026-01-23 12:01:48       0m 29s  ...                1.51         0.04
25  2026-01-23 12:02:17       0m 31s  ...                8.51         0.22
26  2026-01-23 12:02:49       0m 32s  ...               12.12         0.31
27  2026-01-23 12:03:21       0m 34s  ...               32.69         0.79
28  2026-01-23 12:03:56       0m 31s  ...                2.15         0.06
29  2026-01-23 12:04:28       0m 31s  ...                2.94         0.07
30  2026-01-23 12:05:00       0m 32s  ...               12.91         0.30
31  2026-01-23 12:05:32       0m 33s  ...               42.77         1.19

[32 rows x 24 columns]
              timestamp time_elapsed  ... severity_rate_patch Gradient_sr2
0   2026-01-23 11:48:21       0m 30s  ...                1.74         0.04
1   2026-01-23 11:48:52       0m 30s  ...                4.36         0.11
2   2026-01-23 11:49:22       0m 31s  ...                0.85         0.02
3   2026-01-23 11:49:54       0m 34s  ...               25.47         0.67
4   2026-01-23 11:50:28       0m 35s  ...               37.39         0.99
5   2026-01-23 11:51:04       0m 31s  ...                0.45         0.01
6   2026-01-23 11:51:35       0m 36s  ...               38.62         0.91
7   2026-01-23 11:52:11       0m 35s  ...               19.86         0.56
8   2026-01-23 11:52:47       0m 33s  ...               39.61         1.05
9   2026-01-23 11:53:21       0m 30s  ...                1.79         0.05
10  2026-01-23 11:53:51       0m 30s  ...                2.79         0.07
11  2026-01-23 11:54:22       0m 33s  ...               20.77         0.49
12  2026-01-23 11:54:55       0m 32s  ...               20.60         0.51
13  2026-01-23 11:55:28       0m 31s  ...               15.28         0.35
14  2026-01-23 11:56:00       0m 35s  ...               30.18         0.79
15  2026-01-23 11:56:36       0m 34s  ...               19.25         0.48
16  2026-01-23 11:57:10       0m 43s  ...               85.84         2.58
17  2026-01-23 11:57:54       0m 31s  ...                0.76         0.02
18  2026-01-23 11:58:25       0m 33s  ...               23.22         0.57
19  2026-01-23 11:58:59       0m 39s  ...               62.76         1.72
20  2026-01-23 11:59:38       0m 30s  ...                1.10         0.03
21  2026-01-23 12:00:09       0m 33s  ...               19.31         0.52
22  2026-01-23 12:00:43       0m 36s  ...               42.05         1.16
23  2026-01-23 12:01:19       0m 28s  ...                6.56         0.18
24  2026-01-23 12:01:48       0m 29s  ...                1.51         0.04
25  2026-01-23 12:02:17       0m 31s  ...                8.51         0.22
26  2026-01-23 12:02:49       0m 32s  ...               12.12         0.31
27  2026-01-23 12:03:21       0m 34s  ...               32.69         0.79
28  2026-01-23 12:03:56       0m 31s  ...                2.15         0.06
29  2026-01-23 12:04:28       0m 31s  ...                2.94         0.07
30  2026-01-23 12:05:00       0m 32s  ...               12.91         0.30
31  2026-01-23 12:05:32       0m 33s  ...               42.77         1.19
32  2026-01-23 12:06:06       0m 38s  ...               65.54         1.89

[33 rows x 24 columns]
[2026-01-23 12:08:22,338] - [root] - [INFO] - Analysis finished: 0m 32s
[2026-01-23 12:08:22,338] - [root] - [INFO] - -------------------------------------------
[2026-01-23 12:08:22,338] - [root] - [INFO] - -------------------------------------------
[2026-01-23 12:08:22,338] - [root] - [INFO] - Processing 1-22-2026 5dpi 091-W2021006-056_R2.png
[2026-01-23 12:08:43,132] - [root] - [INFO] - Finished loading mask: 0m 20s
[2026-01-23 12:08:52,563] - [root] - [INFO] - Finished crop and inference: 0m 30s
[2026-01-23 12:08:54,214] - [root] - [INFO] - Analysis finished: 0m 31s
[2026-01-23 12:08:54,214] - [root] - [INFO] - -------------------------------------------
[2026-01-23 12:08:54,214] - [root] - [INFO] - -------------------------------------------
[2026-01-23 12:08:54,214] - [root] - [INFO] - Processing 1-22-2026 5dpi 094-W2021010-315_R2.png
[2026-01-23 12:09:13,630] - [root] - [INFO] - Finished loading mask: 0m 19s
[2026-01-23 12:09:22,447] - [root] - [INFO] - Finished crop and inference: 0m 28s
              timestamp time_elapsed  ... severity_rate_patch Gradient_sr2
0   2026-01-23 11:48:21       0m 30s  ...                1.74         0.04
1   2026-01-23 11:48:52       0m 30s  ...                4.36         0.11
2   2026-01-23 11:49:22       0m 31s  ...                0.85         0.02
3   2026-01-23 11:49:54       0m 34s  ...               25.47         0.67
4   2026-01-23 11:50:28       0m 35s  ...               37.39         0.99
5   2026-01-23 11:51:04       0m 31s  ...                0.45         0.01
6   2026-01-23 11:51:35       0m 36s  ...               38.62         0.91
7   2026-01-23 11:52:11       0m 35s  ...               19.86         0.56
8   2026-01-23 11:52:47       0m 33s  ...               39.61         1.05
9   2026-01-23 11:53:21       0m 30s  ...                1.79         0.05
10  2026-01-23 11:53:51       0m 30s  ...                2.79         0.07
11  2026-01-23 11:54:22       0m 33s  ...               20.77         0.49
12  2026-01-23 11:54:55       0m 32s  ...               20.60         0.51
13  2026-01-23 11:55:28       0m 31s  ...               15.28         0.35
14  2026-01-23 11:56:00       0m 35s  ...               30.18         0.79
15  2026-01-23 11:56:36       0m 34s  ...               19.25         0.48
16  2026-01-23 11:57:10       0m 43s  ...               85.84         2.58
17  2026-01-23 11:57:54       0m 31s  ...                0.76         0.02
18  2026-01-23 11:58:25       0m 33s  ...               23.22         0.57
19  2026-01-23 11:58:59       0m 39s  ...               62.76         1.72
20  2026-01-23 11:59:38       0m 30s  ...                1.10         0.03
21  2026-01-23 12:00:09       0m 33s  ...               19.31         0.52
22  2026-01-23 12:00:43       0m 36s  ...               42.05         1.16
23  2026-01-23 12:01:19       0m 28s  ...                6.56         0.18
24  2026-01-23 12:01:48       0m 29s  ...                1.51         0.04
25  2026-01-23 12:02:17       0m 31s  ...                8.51         0.22
26  2026-01-23 12:02:49       0m 32s  ...               12.12         0.31
27  2026-01-23 12:03:21       0m 34s  ...               32.69         0.79
28  2026-01-23 12:03:56       0m 31s  ...                2.15         0.06
29  2026-01-23 12:04:28       0m 31s  ...                2.94         0.07
30  2026-01-23 12:05:00       0m 32s  ...               12.91         0.30
31  2026-01-23 12:05:32       0m 33s  ...               42.77         1.19
32  2026-01-23 12:06:06       0m 38s  ...               65.54         1.89
33  2026-01-23 12:06:45       0m 32s  ...               10.11         0.24

[34 rows x 24 columns]
              timestamp time_elapsed  ... severity_rate_patch Gradient_sr2
0   2026-01-23 11:48:21       0m 30s  ...                1.74         0.04
1   2026-01-23 11:48:52       0m 30s  ...                4.36         0.11
2   2026-01-23 11:49:22       0m 31s  ...                0.85         0.02
3   2026-01-23 11:49:54       0m 34s  ...               25.47         0.67
4   2026-01-23 11:50:28       0m 35s  ...               37.39         0.99
5   2026-01-23 11:51:04       0m 31s  ...                0.45         0.01
6   2026-01-23 11:51:35       0m 36s  ...               38.62         0.91
7   2026-01-23 11:52:11       0m 35s  ...               19.86         0.56
8   2026-01-23 11:52:47       0m 33s  ...               39.61         1.05
9   2026-01-23 11:53:21       0m 30s  ...                1.79         0.05
10  2026-01-23 11:53:51       0m 30s  ...                2.79         0.07
11  2026-01-23 11:54:22       0m 33s  ...               20.77         0.49
12  2026-01-23 11:54:55       0m 32s  ...               20.60         0.51
13  2026-01-23 11:55:28       0m 31s  ...               15.28         0.35
14  2026-01-23 11:56:00       0m 35s  ...               30.18         0.79
15  2026-01-23 11:56:36       0m 34s  ...               19.25         0.48
16  2026-01-23 11:57:10       0m 43s  ...               85.84         2.58
17  2026-01-23 11:57:54       0m 31s  ...                0.76         0.02
18  2026-01-23 11:58:25       0m 33s  ...               23.22         0.57
19  2026-01-23 11:58:59       0m 39s  ...               62.76         1.72
20  2026-01-23 11:59:38       0m 30s  ...                1.10         0.03
21  2026-01-23 12:00:09       0m 33s  ...               19.31         0.52
22  2026-01-23 12:00:43       0m 36s  ...               42.05         1.16
23  2026-01-23 12:01:19       0m 28s  ...                6.56         0.18
24  2026-01-23 12:01:48       0m 29s  ...                1.51         0.04
25  2026-01-23 12:02:17       0m 31s  ...                8.51         0.22
26  2026-01-23 12:02:49       0m 32s  ...               12.12         0.31
27  2026-01-23 12:03:21       0m 34s  ...               32.69         0.79
28  2026-01-23 12:03:56       0m 31s  ...                2.15         0.06
29  2026-01-23 12:04:28       0m 31s  ...                2.94         0.07
30  2026-01-23 12:05:00       0m 32s  ...               12.91         0.30
31  2026-01-23 12:05:32       0m 33s  ...               42.77         1.19
32  2026-01-23 12:06:06       0m 38s  ...               65.54         1.89
33  2026-01-23 12:06:45       0m 32s  ...               10.11         0.24
34  2026-01-23 12:07:18       0m 32s  ...                4.05         0.11

[35 rows x 24 columns]
[2026-01-23 12:09:24,150] - [root] - [INFO] - Analysis finished: 0m 29s
[2026-01-23 12:09:24,150] - [root] - [INFO] - -------------------------------------------
[2026-01-23 12:09:24,150] - [root] - [INFO] - -------------------------------------------
[2026-01-23 12:09:24,150] - [root] - [INFO] - Processing 1-22-2026 5dpi 095-W2021011-553_R2.png
[2026-01-23 12:09:43,925] - [root] - [INFO] - Finished loading mask: 0m 19s
[2026-01-23 12:09:52,211] - [root] - [INFO] - Finished crop and inference: 0m 28s
[2026-01-23 12:09:53,997] - [root] - [INFO] - Analysis finished: 0m 29s
[2026-01-23 12:09:53,997] - [root] - [INFO] - -------------------------------------------
[2026-01-23 12:09:53,997] - [root] - [INFO] - -------------------------------------------
[2026-01-23 12:09:53,997] - [root] - [INFO] - Processing 1-22-2026 5dpi 097-W2021006-617_R2.png
[2026-01-23 12:10:14,456] - [root] - [INFO] - Finished loading mask: 0m 20s
[2026-01-23 12:10:29,030] - [root] - [INFO] - Finished crop and inference: 0m 35s
              timestamp time_elapsed  ... severity_rate_patch Gradient_sr2
0   2026-01-23 11:48:21       0m 30s  ...                1.74         0.04
1   2026-01-23 11:48:52       0m 30s  ...                4.36         0.11
2   2026-01-23 11:49:22       0m 31s  ...                0.85         0.02
3   2026-01-23 11:49:54       0m 34s  ...               25.47         0.67
4   2026-01-23 11:50:28       0m 35s  ...               37.39         0.99
5   2026-01-23 11:51:04       0m 31s  ...                0.45         0.01
6   2026-01-23 11:51:35       0m 36s  ...               38.62         0.91
7   2026-01-23 11:52:11       0m 35s  ...               19.86         0.56
8   2026-01-23 11:52:47       0m 33s  ...               39.61         1.05
9   2026-01-23 11:53:21       0m 30s  ...                1.79         0.05
10  2026-01-23 11:53:51       0m 30s  ...                2.79         0.07
11  2026-01-23 11:54:22       0m 33s  ...               20.77         0.49
12  2026-01-23 11:54:55       0m 32s  ...               20.60         0.51
13  2026-01-23 11:55:28       0m 31s  ...               15.28         0.35
14  2026-01-23 11:56:00       0m 35s  ...               30.18         0.79
15  2026-01-23 11:56:36       0m 34s  ...               19.25         0.48
16  2026-01-23 11:57:10       0m 43s  ...               85.84         2.58
17  2026-01-23 11:57:54       0m 31s  ...                0.76         0.02
18  2026-01-23 11:58:25       0m 33s  ...               23.22         0.57
19  2026-01-23 11:58:59       0m 39s  ...               62.76         1.72
20  2026-01-23 11:59:38       0m 30s  ...                1.10         0.03
21  2026-01-23 12:00:09       0m 33s  ...               19.31         0.52
22  2026-01-23 12:00:43       0m 36s  ...               42.05         1.16
23  2026-01-23 12:01:19       0m 28s  ...                6.56         0.18
24  2026-01-23 12:01:48       0m 29s  ...                1.51         0.04
25  2026-01-23 12:02:17       0m 31s  ...                8.51         0.22
26  2026-01-23 12:02:49       0m 32s  ...               12.12         0.31
27  2026-01-23 12:03:21       0m 34s  ...               32.69         0.79
28  2026-01-23 12:03:56       0m 31s  ...                2.15         0.06
29  2026-01-23 12:04:28       0m 31s  ...                2.94         0.07
30  2026-01-23 12:05:00       0m 32s  ...               12.91         0.30
31  2026-01-23 12:05:32       0m 33s  ...               42.77         1.19
32  2026-01-23 12:06:06       0m 38s  ...               65.54         1.89
33  2026-01-23 12:06:45       0m 32s  ...               10.11         0.24
34  2026-01-23 12:07:18       0m 32s  ...                4.05         0.11
35  2026-01-23 12:07:50       0m 31s  ...                1.89         0.05

[36 rows x 24 columns]
              timestamp time_elapsed  ... severity_rate_patch Gradient_sr2
0   2026-01-23 11:48:21       0m 30s  ...                1.74         0.04
1   2026-01-23 11:48:52       0m 30s  ...                4.36         0.11
2   2026-01-23 11:49:22       0m 31s  ...                0.85         0.02
3   2026-01-23 11:49:54       0m 34s  ...               25.47         0.67
4   2026-01-23 11:50:28       0m 35s  ...               37.39         0.99
5   2026-01-23 11:51:04       0m 31s  ...                0.45         0.01
6   2026-01-23 11:51:35       0m 36s  ...               38.62         0.91
7   2026-01-23 11:52:11       0m 35s  ...               19.86         0.56
8   2026-01-23 11:52:47       0m 33s  ...               39.61         1.05
9   2026-01-23 11:53:21       0m 30s  ...                1.79         0.05
10  2026-01-23 11:53:51       0m 30s  ...                2.79         0.07
11  2026-01-23 11:54:22       0m 33s  ...               20.77         0.49
12  2026-01-23 11:54:55       0m 32s  ...               20.60         0.51
13  2026-01-23 11:55:28       0m 31s  ...               15.28         0.35
14  2026-01-23 11:56:00       0m 35s  ...               30.18         0.79
15  2026-01-23 11:56:36       0m 34s  ...               19.25         0.48
16  2026-01-23 11:57:10       0m 43s  ...               85.84         2.58
17  2026-01-23 11:57:54       0m 31s  ...                0.76         0.02
18  2026-01-23 11:58:25       0m 33s  ...               23.22         0.57
19  2026-01-23 11:58:59       0m 39s  ...               62.76         1.72
20  2026-01-23 11:59:38       0m 30s  ...                1.10         0.03
21  2026-01-23 12:00:09       0m 33s  ...               19.31         0.52
22  2026-01-23 12:00:43       0m 36s  ...               42.05         1.16
23  2026-01-23 12:01:19       0m 28s  ...                6.56         0.18
24  2026-01-23 12:01:48       0m 29s  ...                1.51         0.04
25  2026-01-23 12:02:17       0m 31s  ...                8.51         0.22
26  2026-01-23 12:02:49       0m 32s  ...               12.12         0.31
27  2026-01-23 12:03:21       0m 34s  ...               32.69         0.79
28  2026-01-23 12:03:56       0m 31s  ...                2.15         0.06
29  2026-01-23 12:04:28       0m 31s  ...                2.94         0.07
30  2026-01-23 12:05:00       0m 32s  ...               12.91         0.30
31  2026-01-23 12:05:32       0m 33s  ...               42.77         1.19
32  2026-01-23 12:06:06       0m 38s  ...               65.54         1.89
33  2026-01-23 12:06:45       0m 32s  ...               10.11         0.24
34  2026-01-23 12:07:18       0m 32s  ...                4.05         0.11
35  2026-01-23 12:07:50       0m 31s  ...                1.89         0.05
36  2026-01-23 12:08:22       0m 31s  ...                5.54         0.15

[37 rows x 24 columns]
[2026-01-23 12:10:30,766] - [root] - [INFO] - Analysis finished: 0m 36s
[2026-01-23 12:10:30,766] - [root] - [INFO] - -------------------------------------------
[2026-01-23 12:10:30,766] - [root] - [INFO] - -------------------------------------------
[2026-01-23 12:10:30,766] - [root] - [INFO] - Processing 1-22-2026 5dpi 097-W2021009-163_R1.png
[2026-01-23 12:10:50,628] - [root] - [INFO] - Finished loading mask: 0m 19s
[2026-01-23 12:11:08,242] - [root] - [INFO] - Finished crop and inference: 0m 37s
[2026-01-23 12:11:09,899] - [root] - [INFO] - Analysis finished: 0m 39s
[2026-01-23 12:11:09,899] - [root] - [INFO] - -------------------------------------------
[2026-01-23 12:11:09,899] - [root] - [INFO] - -------------------------------------------
[2026-01-23 12:11:09,899] - [root] - [INFO] - Processing 1-22-2026 5dpi 099-W2021006-611_R2.png
[2026-01-23 12:11:30,220] - [root] - [INFO] - Finished loading mask: 0m 20s
[2026-01-23 12:11:46,168] - [root] - [INFO] - Finished crop and inference: 0m 36s
              timestamp time_elapsed  ... severity_rate_patch Gradient_sr2
0   2026-01-23 11:48:21       0m 30s  ...                1.74         0.04
1   2026-01-23 11:48:52       0m 30s  ...                4.36         0.11
2   2026-01-23 11:49:22       0m 31s  ...                0.85         0.02
3   2026-01-23 11:49:54       0m 34s  ...               25.47         0.67
4   2026-01-23 11:50:28       0m 35s  ...               37.39         0.99
5   2026-01-23 11:51:04       0m 31s  ...                0.45         0.01
6   2026-01-23 11:51:35       0m 36s  ...               38.62         0.91
7   2026-01-23 11:52:11       0m 35s  ...               19.86         0.56
8   2026-01-23 11:52:47       0m 33s  ...               39.61         1.05
9   2026-01-23 11:53:21       0m 30s  ...                1.79         0.05
10  2026-01-23 11:53:51       0m 30s  ...                2.79         0.07
11  2026-01-23 11:54:22       0m 33s  ...               20.77         0.49
12  2026-01-23 11:54:55       0m 32s  ...               20.60         0.51
13  2026-01-23 11:55:28       0m 31s  ...               15.28         0.35
14  2026-01-23 11:56:00       0m 35s  ...               30.18         0.79
15  2026-01-23 11:56:36       0m 34s  ...               19.25         0.48
16  2026-01-23 11:57:10       0m 43s  ...               85.84         2.58
17  2026-01-23 11:57:54       0m 31s  ...                0.76         0.02
18  2026-01-23 11:58:25       0m 33s  ...               23.22         0.57
19  2026-01-23 11:58:59       0m 39s  ...               62.76         1.72
20  2026-01-23 11:59:38       0m 30s  ...                1.10         0.03
21  2026-01-23 12:00:09       0m 33s  ...               19.31         0.52
22  2026-01-23 12:00:43       0m 36s  ...               42.05         1.16
23  2026-01-23 12:01:19       0m 28s  ...                6.56         0.18
24  2026-01-23 12:01:48       0m 29s  ...                1.51         0.04
25  2026-01-23 12:02:17       0m 31s  ...                8.51         0.22
26  2026-01-23 12:02:49       0m 32s  ...               12.12         0.31
27  2026-01-23 12:03:21       0m 34s  ...               32.69         0.79
28  2026-01-23 12:03:56       0m 31s  ...                2.15         0.06
29  2026-01-23 12:04:28       0m 31s  ...                2.94         0.07
30  2026-01-23 12:05:00       0m 32s  ...               12.91         0.30
31  2026-01-23 12:05:32       0m 33s  ...               42.77         1.19
32  2026-01-23 12:06:06       0m 38s  ...               65.54         1.89
33  2026-01-23 12:06:45       0m 32s  ...               10.11         0.24
34  2026-01-23 12:07:18       0m 32s  ...                4.05         0.11
35  2026-01-23 12:07:50       0m 31s  ...                1.89         0.05
36  2026-01-23 12:08:22       0m 31s  ...                5.54         0.15
37  2026-01-23 12:08:54       0m 29s  ...                0.46         0.01

[38 rows x 24 columns]
              timestamp time_elapsed  ... severity_rate_patch Gradient_sr2
0   2026-01-23 11:48:21       0m 30s  ...                1.74         0.04
1   2026-01-23 11:48:52       0m 30s  ...                4.36         0.11
2   2026-01-23 11:49:22       0m 31s  ...                0.85         0.02
3   2026-01-23 11:49:54       0m 34s  ...               25.47         0.67
4   2026-01-23 11:50:28       0m 35s  ...               37.39         0.99
5   2026-01-23 11:51:04       0m 31s  ...                0.45         0.01
6   2026-01-23 11:51:35       0m 36s  ...               38.62         0.91
7   2026-01-23 11:52:11       0m 35s  ...               19.86         0.56
8   2026-01-23 11:52:47       0m 33s  ...               39.61         1.05
9   2026-01-23 11:53:21       0m 30s  ...                1.79         0.05
10  2026-01-23 11:53:51       0m 30s  ...                2.79         0.07
11  2026-01-23 11:54:22       0m 33s  ...               20.77         0.49
12  2026-01-23 11:54:55       0m 32s  ...               20.60         0.51
13  2026-01-23 11:55:28       0m 31s  ...               15.28         0.35
14  2026-01-23 11:56:00       0m 35s  ...               30.18         0.79
15  2026-01-23 11:56:36       0m 34s  ...               19.25         0.48
16  2026-01-23 11:57:10       0m 43s  ...               85.84         2.58
17  2026-01-23 11:57:54       0m 31s  ...                0.76         0.02
18  2026-01-23 11:58:25       0m 33s  ...               23.22         0.57
19  2026-01-23 11:58:59       0m 39s  ...               62.76         1.72
20  2026-01-23 11:59:38       0m 30s  ...                1.10         0.03
21  2026-01-23 12:00:09       0m 33s  ...               19.31         0.52
22  2026-01-23 12:00:43       0m 36s  ...               42.05         1.16
23  2026-01-23 12:01:19       0m 28s  ...                6.56         0.18
24  2026-01-23 12:01:48       0m 29s  ...                1.51         0.04
25  2026-01-23 12:02:17       0m 31s  ...                8.51         0.22
26  2026-01-23 12:02:49       0m 32s  ...               12.12         0.31
27  2026-01-23 12:03:21       0m 34s  ...               32.69         0.79
28  2026-01-23 12:03:56       0m 31s  ...                2.15         0.06
29  2026-01-23 12:04:28       0m 31s  ...                2.94         0.07
30  2026-01-23 12:05:00       0m 32s  ...               12.91         0.30
31  2026-01-23 12:05:32       0m 33s  ...               42.77         1.19
32  2026-01-23 12:06:06       0m 38s  ...               65.54         1.89
33  2026-01-23 12:06:45       0m 32s  ...               10.11         0.24
34  2026-01-23 12:07:18       0m 32s  ...                4.05         0.11
35  2026-01-23 12:07:50       0m 31s  ...                1.89         0.05
36  2026-01-23 12:08:22       0m 31s  ...                5.54         0.15
37  2026-01-23 12:08:54       0m 29s  ...                0.46         0.01
38  2026-01-23 12:09:24       0m 29s  ...                1.59         0.04

[39 rows x 24 columns]
[2026-01-23 12:11:47,929] - [root] - [INFO] - Analysis finished: 0m 38s
[2026-01-23 12:11:47,929] - [root] - [INFO] - -------------------------------------------
[2026-01-23 12:11:47,929] - [root] - [INFO] - -------------------------------------------
[2026-01-23 12:11:47,929] - [root] - [INFO] - Processing 1-22-2026 5dpi 101-W2021011-565_R1.png
[2026-01-23 12:12:08,832] - [root] - [INFO] - Finished loading mask: 0m 20s
[2026-01-23 12:12:30,631] - [root] - [INFO] - Finished crop and inference: 0m 42s
[2026-01-23 12:12:32,359] - [root] - [INFO] - Analysis finished: 0m 44s
[2026-01-23 12:12:32,359] - [root] - [INFO] - -------------------------------------------
[2026-01-23 12:12:32,359] - [root] - [INFO] - -------------------------------------------
[2026-01-23 12:12:32,359] - [root] - [INFO] - Processing 1-22-2026 5dpi 105-W2021011-558_R1.png
[2026-01-23 12:12:52,468] - [root] - [INFO] - Finished loading mask: 0m 20s
[2026-01-23 12:13:01,453] - [root] - [INFO] - Finished crop and inference: 0m 29s
              timestamp time_elapsed  ... severity_rate_patch Gradient_sr2
0   2026-01-23 11:48:21       0m 30s  ...                1.74         0.04
1   2026-01-23 11:48:52       0m 30s  ...                4.36         0.11
2   2026-01-23 11:49:22       0m 31s  ...                0.85         0.02
3   2026-01-23 11:49:54       0m 34s  ...               25.47         0.67
4   2026-01-23 11:50:28       0m 35s  ...               37.39         0.99
5   2026-01-23 11:51:04       0m 31s  ...                0.45         0.01
6   2026-01-23 11:51:35       0m 36s  ...               38.62         0.91
7   2026-01-23 11:52:11       0m 35s  ...               19.86         0.56
8   2026-01-23 11:52:47       0m 33s  ...               39.61         1.05
9   2026-01-23 11:53:21       0m 30s  ...                1.79         0.05
10  2026-01-23 11:53:51       0m 30s  ...                2.79         0.07
11  2026-01-23 11:54:22       0m 33s  ...               20.77         0.49
12  2026-01-23 11:54:55       0m 32s  ...               20.60         0.51
13  2026-01-23 11:55:28       0m 31s  ...               15.28         0.35
14  2026-01-23 11:56:00       0m 35s  ...               30.18         0.79
15  2026-01-23 11:56:36       0m 34s  ...               19.25         0.48
16  2026-01-23 11:57:10       0m 43s  ...               85.84         2.58
17  2026-01-23 11:57:54       0m 31s  ...                0.76         0.02
18  2026-01-23 11:58:25       0m 33s  ...               23.22         0.57
19  2026-01-23 11:58:59       0m 39s  ...               62.76         1.72
20  2026-01-23 11:59:38       0m 30s  ...                1.10         0.03
21  2026-01-23 12:00:09       0m 33s  ...               19.31         0.52
22  2026-01-23 12:00:43       0m 36s  ...               42.05         1.16
23  2026-01-23 12:01:19       0m 28s  ...                6.56         0.18
24  2026-01-23 12:01:48       0m 29s  ...                1.51         0.04
25  2026-01-23 12:02:17       0m 31s  ...                8.51         0.22
26  2026-01-23 12:02:49       0m 32s  ...               12.12         0.31
27  2026-01-23 12:03:21       0m 34s  ...               32.69         0.79
28  2026-01-23 12:03:56       0m 31s  ...                2.15         0.06
29  2026-01-23 12:04:28       0m 31s  ...                2.94         0.07
30  2026-01-23 12:05:00       0m 32s  ...               12.91         0.30
31  2026-01-23 12:05:32       0m 33s  ...               42.77         1.19
32  2026-01-23 12:06:06       0m 38s  ...               65.54         1.89
33  2026-01-23 12:06:45       0m 32s  ...               10.11         0.24
34  2026-01-23 12:07:18       0m 32s  ...                4.05         0.11
35  2026-01-23 12:07:50       0m 31s  ...                1.89         0.05
36  2026-01-23 12:08:22       0m 31s  ...                5.54         0.15
37  2026-01-23 12:08:54       0m 29s  ...                0.46         0.01
38  2026-01-23 12:09:24       0m 29s  ...                1.59         0.04
39  2026-01-23 12:09:53       0m 36s  ...               43.85         1.03

[40 rows x 24 columns]
              timestamp time_elapsed  ... severity_rate_patch Gradient_sr2
0   2026-01-23 11:48:21       0m 30s  ...                1.74         0.04
1   2026-01-23 11:48:52       0m 30s  ...                4.36         0.11
2   2026-01-23 11:49:22       0m 31s  ...                0.85         0.02
3   2026-01-23 11:49:54       0m 34s  ...               25.47         0.67
4   2026-01-23 11:50:28       0m 35s  ...               37.39         0.99
5   2026-01-23 11:51:04       0m 31s  ...                0.45         0.01
6   2026-01-23 11:51:35       0m 36s  ...               38.62         0.91
7   2026-01-23 11:52:11       0m 35s  ...               19.86         0.56
8   2026-01-23 11:52:47       0m 33s  ...               39.61         1.05
9   2026-01-23 11:53:21       0m 30s  ...                1.79         0.05
10  2026-01-23 11:53:51       0m 30s  ...                2.79         0.07
11  2026-01-23 11:54:22       0m 33s  ...               20.77         0.49
12  2026-01-23 11:54:55       0m 32s  ...               20.60         0.51
13  2026-01-23 11:55:28       0m 31s  ...               15.28         0.35
14  2026-01-23 11:56:00       0m 35s  ...               30.18         0.79
15  2026-01-23 11:56:36       0m 34s  ...               19.25         0.48
16  2026-01-23 11:57:10       0m 43s  ...               85.84         2.58
17  2026-01-23 11:57:54       0m 31s  ...                0.76         0.02
18  2026-01-23 11:58:25       0m 33s  ...               23.22         0.57
19  2026-01-23 11:58:59       0m 39s  ...               62.76         1.72
20  2026-01-23 11:59:38       0m 30s  ...                1.10         0.03
21  2026-01-23 12:00:09       0m 33s  ...               19.31         0.52
22  2026-01-23 12:00:43       0m 36s  ...               42.05         1.16
23  2026-01-23 12:01:19       0m 28s  ...                6.56         0.18
24  2026-01-23 12:01:48       0m 29s  ...                1.51         0.04
25  2026-01-23 12:02:17       0m 31s  ...                8.51         0.22
26  2026-01-23 12:02:49       0m 32s  ...               12.12         0.31
27  2026-01-23 12:03:21       0m 34s  ...               32.69         0.79
28  2026-01-23 12:03:56       0m 31s  ...                2.15         0.06
29  2026-01-23 12:04:28       0m 31s  ...                2.94         0.07
30  2026-01-23 12:05:00       0m 32s  ...               12.91         0.30
31  2026-01-23 12:05:32       0m 33s  ...               42.77         1.19
32  2026-01-23 12:06:06       0m 38s  ...               65.54         1.89
33  2026-01-23 12:06:45       0m 32s  ...               10.11         0.24
34  2026-01-23 12:07:18       0m 32s  ...                4.05         0.11
35  2026-01-23 12:07:50       0m 31s  ...                1.89         0.05
36  2026-01-23 12:08:22       0m 31s  ...                5.54         0.15
37  2026-01-23 12:08:54       0m 29s  ...                0.46         0.01
38  2026-01-23 12:09:24       0m 29s  ...                1.59         0.04
39  2026-01-23 12:09:53       0m 36s  ...               43.85         1.03
40  2026-01-23 12:10:30       0m 39s  ...               61.84         1.56

[41 rows x 24 columns]
[2026-01-23 12:13:03,140] - [root] - [INFO] - Analysis finished: 0m 30s
[2026-01-23 12:13:03,140] - [root] - [INFO] - -------------------------------------------
[2026-01-23 12:13:03,140] - [root] - [INFO] - -------------------------------------------
[2026-01-23 12:13:03,140] - [root] - [INFO] - Processing 1-22-2026 5dpi 110-W2021011-454_R2.png
[2026-01-23 12:13:23,397] - [root] - [INFO] - Finished loading mask: 0m 20s
[2026-01-23 12:13:34,644] - [root] - [INFO] - Finished crop and inference: 0m 31s
[2026-01-23 12:13:36,419] - [root] - [INFO] - Analysis finished: 0m 33s
[2026-01-23 12:13:36,419] - [root] - [INFO] - -------------------------------------------
[2026-01-23 12:13:36,419] - [root] - [INFO] - -------------------------------------------
[2026-01-23 12:13:36,419] - [root] - [INFO] - Processing 1-22-2026 5dpi 111-W2021011-588_R2.png
[2026-01-23 12:13:57,318] - [root] - [INFO] - Finished loading mask: 0m 20s
[2026-01-23 12:14:07,296] - [root] - [INFO] - Finished crop and inference: 0m 30s
              timestamp time_elapsed  ... severity_rate_patch Gradient_sr2
0   2026-01-23 11:48:21       0m 30s  ...                1.74         0.04
1   2026-01-23 11:48:52       0m 30s  ...                4.36         0.11
2   2026-01-23 11:49:22       0m 31s  ...                0.85         0.02
3   2026-01-23 11:49:54       0m 34s  ...               25.47         0.67
4   2026-01-23 11:50:28       0m 35s  ...               37.39         0.99
5   2026-01-23 11:51:04       0m 31s  ...                0.45         0.01
6   2026-01-23 11:51:35       0m 36s  ...               38.62         0.91
7   2026-01-23 11:52:11       0m 35s  ...               19.86         0.56
8   2026-01-23 11:52:47       0m 33s  ...               39.61         1.05
9   2026-01-23 11:53:21       0m 30s  ...                1.79         0.05
10  2026-01-23 11:53:51       0m 30s  ...                2.79         0.07
11  2026-01-23 11:54:22       0m 33s  ...               20.77         0.49
12  2026-01-23 11:54:55       0m 32s  ...               20.60         0.51
13  2026-01-23 11:55:28       0m 31s  ...               15.28         0.35
14  2026-01-23 11:56:00       0m 35s  ...               30.18         0.79
15  2026-01-23 11:56:36       0m 34s  ...               19.25         0.48
16  2026-01-23 11:57:10       0m 43s  ...               85.84         2.58
17  2026-01-23 11:57:54       0m 31s  ...                0.76         0.02
18  2026-01-23 11:58:25       0m 33s  ...               23.22         0.57
19  2026-01-23 11:58:59       0m 39s  ...               62.76         1.72
20  2026-01-23 11:59:38       0m 30s  ...                1.10         0.03
21  2026-01-23 12:00:09       0m 33s  ...               19.31         0.52
22  2026-01-23 12:00:43       0m 36s  ...               42.05         1.16
23  2026-01-23 12:01:19       0m 28s  ...                6.56         0.18
24  2026-01-23 12:01:48       0m 29s  ...                1.51         0.04
25  2026-01-23 12:02:17       0m 31s  ...                8.51         0.22
26  2026-01-23 12:02:49       0m 32s  ...               12.12         0.31
27  2026-01-23 12:03:21       0m 34s  ...               32.69         0.79
28  2026-01-23 12:03:56       0m 31s  ...                2.15         0.06
29  2026-01-23 12:04:28       0m 31s  ...                2.94         0.07
30  2026-01-23 12:05:00       0m 32s  ...               12.91         0.30
31  2026-01-23 12:05:32       0m 33s  ...               42.77         1.19
32  2026-01-23 12:06:06       0m 38s  ...               65.54         1.89
33  2026-01-23 12:06:45       0m 32s  ...               10.11         0.24
34  2026-01-23 12:07:18       0m 32s  ...                4.05         0.11
35  2026-01-23 12:07:50       0m 31s  ...                1.89         0.05
36  2026-01-23 12:08:22       0m 31s  ...                5.54         0.15
37  2026-01-23 12:08:54       0m 29s  ...                0.46         0.01
38  2026-01-23 12:09:24       0m 29s  ...                1.59         0.04
39  2026-01-23 12:09:53       0m 36s  ...               43.85         1.03
40  2026-01-23 12:10:30       0m 39s  ...               61.84         1.56
41  2026-01-23 12:11:09       0m 37s  ...               46.89         1.19

[42 rows x 24 columns]
              timestamp time_elapsed  ... severity_rate_patch Gradient_sr2
0   2026-01-23 11:48:21       0m 30s  ...                1.74         0.04
1   2026-01-23 11:48:52       0m 30s  ...                4.36         0.11
2   2026-01-23 11:49:22       0m 31s  ...                0.85         0.02
3   2026-01-23 11:49:54       0m 34s  ...               25.47         0.67
4   2026-01-23 11:50:28       0m 35s  ...               37.39         0.99
5   2026-01-23 11:51:04       0m 31s  ...                0.45         0.01
6   2026-01-23 11:51:35       0m 36s  ...               38.62         0.91
7   2026-01-23 11:52:11       0m 35s  ...               19.86         0.56
8   2026-01-23 11:52:47       0m 33s  ...               39.61         1.05
9   2026-01-23 11:53:21       0m 30s  ...                1.79         0.05
10  2026-01-23 11:53:51       0m 30s  ...                2.79         0.07
11  2026-01-23 11:54:22       0m 33s  ...               20.77         0.49
12  2026-01-23 11:54:55       0m 32s  ...               20.60         0.51
13  2026-01-23 11:55:28       0m 31s  ...               15.28         0.35
14  2026-01-23 11:56:00       0m 35s  ...               30.18         0.79
15  2026-01-23 11:56:36       0m 34s  ...               19.25         0.48
16  2026-01-23 11:57:10       0m 43s  ...               85.84         2.58
17  2026-01-23 11:57:54       0m 31s  ...                0.76         0.02
18  2026-01-23 11:58:25       0m 33s  ...               23.22         0.57
19  2026-01-23 11:58:59       0m 39s  ...               62.76         1.72
20  2026-01-23 11:59:38       0m 30s  ...                1.10         0.03
21  2026-01-23 12:00:09       0m 33s  ...               19.31         0.52
22  2026-01-23 12:00:43       0m 36s  ...               42.05         1.16
23  2026-01-23 12:01:19       0m 28s  ...                6.56         0.18
24  2026-01-23 12:01:48       0m 29s  ...                1.51         0.04
25  2026-01-23 12:02:17       0m 31s  ...                8.51         0.22
26  2026-01-23 12:02:49       0m 32s  ...               12.12         0.31
27  2026-01-23 12:03:21       0m 34s  ...               32.69         0.79
28  2026-01-23 12:03:56       0m 31s  ...                2.15         0.06
29  2026-01-23 12:04:28       0m 31s  ...                2.94         0.07
30  2026-01-23 12:05:00       0m 32s  ...               12.91         0.30
31  2026-01-23 12:05:32       0m 33s  ...               42.77         1.19
32  2026-01-23 12:06:06       0m 38s  ...               65.54         1.89
33  2026-01-23 12:06:45       0m 32s  ...               10.11         0.24
34  2026-01-23 12:07:18       0m 32s  ...                4.05         0.11
35  2026-01-23 12:07:50       0m 31s  ...                1.89         0.05
36  2026-01-23 12:08:22       0m 31s  ...                5.54         0.15
37  2026-01-23 12:08:54       0m 29s  ...                0.46         0.01
38  2026-01-23 12:09:24       0m 29s  ...                1.59         0.04
39  2026-01-23 12:09:53       0m 36s  ...               43.85         1.03
40  2026-01-23 12:10:30       0m 39s  ...               61.84         1.56
41  2026-01-23 12:11:09       0m 37s  ...               46.89         1.19
42  2026-01-23 12:11:47       0m 44s  ...               80.70         2.32

[43 rows x 24 columns]
[2026-01-23 12:14:09,018] - [root] - [INFO] - Analysis finished: 0m 32s
[2026-01-23 12:14:09,018] - [root] - [INFO] - -------------------------------------------
[2026-01-23 12:14:09,018] - [root] - [INFO] - -------------------------------------------
[2026-01-23 12:14:09,018] - [root] - [INFO] - Processing 1-22-2026 5dpi 121-W2021009-185_R1.png
[2026-01-23 12:14:29,663] - [root] - [INFO] - Finished loading mask: 0m 20s
[2026-01-23 12:14:39,333] - [root] - [INFO] - Finished crop and inference: 0m 30s
[2026-01-23 12:14:41,067] - [root] - [INFO] - Analysis finished: 0m 32s
[2026-01-23 12:14:41,067] - [root] - [INFO] - -------------------------------------------
[2026-01-23 12:14:41,067] - [root] - [INFO] - -------------------------------------------
[2026-01-23 12:14:41,067] - [root] - [INFO] - Processing 1-22-2026 5dpi 123-W2021009-255_R2.png
[2026-01-23 12:15:01,094] - [root] - [INFO] - Finished loading mask: 0m 20s
[2026-01-23 12:15:12,023] - [root] - [INFO] - Finished crop and inference: 0m 30s
              timestamp time_elapsed  ... severity_rate_patch Gradient_sr2
0   2026-01-23 11:48:21       0m 30s  ...                1.74         0.04
1   2026-01-23 11:48:52       0m 30s  ...                4.36         0.11
2   2026-01-23 11:49:22       0m 31s  ...                0.85         0.02
3   2026-01-23 11:49:54       0m 34s  ...               25.47         0.67
4   2026-01-23 11:50:28       0m 35s  ...               37.39         0.99
5   2026-01-23 11:51:04       0m 31s  ...                0.45         0.01
6   2026-01-23 11:51:35       0m 36s  ...               38.62         0.91
7   2026-01-23 11:52:11       0m 35s  ...               19.86         0.56
8   2026-01-23 11:52:47       0m 33s  ...               39.61         1.05
9   2026-01-23 11:53:21       0m 30s  ...                1.79         0.05
10  2026-01-23 11:53:51       0m 30s  ...                2.79         0.07
11  2026-01-23 11:54:22       0m 33s  ...               20.77         0.49
12  2026-01-23 11:54:55       0m 32s  ...               20.60         0.51
13  2026-01-23 11:55:28       0m 31s  ...               15.28         0.35
14  2026-01-23 11:56:00       0m 35s  ...               30.18         0.79
15  2026-01-23 11:56:36       0m 34s  ...               19.25         0.48
16  2026-01-23 11:57:10       0m 43s  ...               85.84         2.58
17  2026-01-23 11:57:54       0m 31s  ...                0.76         0.02
18  2026-01-23 11:58:25       0m 33s  ...               23.22         0.57
19  2026-01-23 11:58:59       0m 39s  ...               62.76         1.72
20  2026-01-23 11:59:38       0m 30s  ...                1.10         0.03
21  2026-01-23 12:00:09       0m 33s  ...               19.31         0.52
22  2026-01-23 12:00:43       0m 36s  ...               42.05         1.16
23  2026-01-23 12:01:19       0m 28s  ...                6.56         0.18
24  2026-01-23 12:01:48       0m 29s  ...                1.51         0.04
25  2026-01-23 12:02:17       0m 31s  ...                8.51         0.22
26  2026-01-23 12:02:49       0m 32s  ...               12.12         0.31
27  2026-01-23 12:03:21       0m 34s  ...               32.69         0.79
28  2026-01-23 12:03:56       0m 31s  ...                2.15         0.06
29  2026-01-23 12:04:28       0m 31s  ...                2.94         0.07
30  2026-01-23 12:05:00       0m 32s  ...               12.91         0.30
31  2026-01-23 12:05:32       0m 33s  ...               42.77         1.19
32  2026-01-23 12:06:06       0m 38s  ...               65.54         1.89
33  2026-01-23 12:06:45       0m 32s  ...               10.11         0.24
34  2026-01-23 12:07:18       0m 32s  ...                4.05         0.11
35  2026-01-23 12:07:50       0m 31s  ...                1.89         0.05
36  2026-01-23 12:08:22       0m 31s  ...                5.54         0.15
37  2026-01-23 12:08:54       0m 29s  ...                0.46         0.01
38  2026-01-23 12:09:24       0m 29s  ...                1.59         0.04
39  2026-01-23 12:09:53       0m 36s  ...               43.85         1.03
40  2026-01-23 12:10:30       0m 39s  ...               61.84         1.56
41  2026-01-23 12:11:09       0m 37s  ...               46.89         1.19
42  2026-01-23 12:11:47       0m 44s  ...               80.70         2.32
43  2026-01-23 12:12:32       0m 30s  ...                2.90         0.07

[44 rows x 24 columns]
              timestamp time_elapsed  ... severity_rate_patch Gradient_sr2
0   2026-01-23 11:48:21       0m 30s  ...                1.74         0.04
1   2026-01-23 11:48:52       0m 30s  ...                4.36         0.11
2   2026-01-23 11:49:22       0m 31s  ...                0.85         0.02
3   2026-01-23 11:49:54       0m 34s  ...               25.47         0.67
4   2026-01-23 11:50:28       0m 35s  ...               37.39         0.99
5   2026-01-23 11:51:04       0m 31s  ...                0.45         0.01
6   2026-01-23 11:51:35       0m 36s  ...               38.62         0.91
7   2026-01-23 11:52:11       0m 35s  ...               19.86         0.56
8   2026-01-23 11:52:47       0m 33s  ...               39.61         1.05
9   2026-01-23 11:53:21       0m 30s  ...                1.79         0.05
10  2026-01-23 11:53:51       0m 30s  ...                2.79         0.07
11  2026-01-23 11:54:22       0m 33s  ...               20.77         0.49
12  2026-01-23 11:54:55       0m 32s  ...               20.60         0.51
13  2026-01-23 11:55:28       0m 31s  ...               15.28         0.35
14  2026-01-23 11:56:00       0m 35s  ...               30.18         0.79
15  2026-01-23 11:56:36       0m 34s  ...               19.25         0.48
16  2026-01-23 11:57:10       0m 43s  ...               85.84         2.58
17  2026-01-23 11:57:54       0m 31s  ...                0.76         0.02
18  2026-01-23 11:58:25       0m 33s  ...               23.22         0.57
19  2026-01-23 11:58:59       0m 39s  ...               62.76         1.72
20  2026-01-23 11:59:38       0m 30s  ...                1.10         0.03
21  2026-01-23 12:00:09       0m 33s  ...               19.31         0.52
22  2026-01-23 12:00:43       0m 36s  ...               42.05         1.16
23  2026-01-23 12:01:19       0m 28s  ...                6.56         0.18
24  2026-01-23 12:01:48       0m 29s  ...                1.51         0.04
25  2026-01-23 12:02:17       0m 31s  ...                8.51         0.22
26  2026-01-23 12:02:49       0m 32s  ...               12.12         0.31
27  2026-01-23 12:03:21       0m 34s  ...               32.69         0.79
28  2026-01-23 12:03:56       0m 31s  ...                2.15         0.06
29  2026-01-23 12:04:28       0m 31s  ...                2.94         0.07
30  2026-01-23 12:05:00       0m 32s  ...               12.91         0.30
31  2026-01-23 12:05:32       0m 33s  ...               42.77         1.19
32  2026-01-23 12:06:06       0m 38s  ...               65.54         1.89
33  2026-01-23 12:06:45       0m 32s  ...               10.11         0.24
34  2026-01-23 12:07:18       0m 32s  ...                4.05         0.11
35  2026-01-23 12:07:50       0m 31s  ...                1.89         0.05
36  2026-01-23 12:08:22       0m 31s  ...                5.54         0.15
37  2026-01-23 12:08:54       0m 29s  ...                0.46         0.01
38  2026-01-23 12:09:24       0m 29s  ...                1.59         0.04
39  2026-01-23 12:09:53       0m 36s  ...               43.85         1.03
40  2026-01-23 12:10:30       0m 39s  ...               61.84         1.56
41  2026-01-23 12:11:09       0m 37s  ...               46.89         1.19
42  2026-01-23 12:11:47       0m 44s  ...               80.70         2.32
43  2026-01-23 12:12:32       0m 30s  ...                2.90         0.07
44  2026-01-23 12:13:03       0m 33s  ...               11.56         0.29

[45 rows x 24 columns]
[2026-01-23 12:15:13,737] - [root] - [INFO] - Analysis finished: 0m 32s
[2026-01-23 12:15:13,737] - [root] - [INFO] - -------------------------------------------
[2026-01-23 12:15:13,737] - [root] - [INFO] - -------------------------------------------
[2026-01-23 12:15:13,737] - [root] - [INFO] - Processing 1-22-2026 5dpi 123-W2021009-621_R2.png
[2026-01-23 12:15:34,293] - [root] - [INFO] - Finished loading mask: 0m 20s
[2026-01-23 12:15:44,490] - [root] - [INFO] - Finished crop and inference: 0m 30s
[2026-01-23 12:15:46,132] - [root] - [INFO] - Analysis finished: 0m 32s
[2026-01-23 12:15:46,132] - [root] - [INFO] - -------------------------------------------
[2026-01-23 12:15:46,132] - [root] - [INFO] - -------------------------------------------
[2026-01-23 12:15:46,132] - [root] - [INFO] - Processing 1-22-2026 5dpi 127-W2021006-143_R2.png
[2026-01-23 12:16:06,408] - [root] - [INFO] - Finished loading mask: 0m 20s
[2026-01-23 12:16:15,194] - [root] - [INFO] - Finished crop and inference: 0m 29s
              timestamp time_elapsed  ... severity_rate_patch Gradient_sr2
0   2026-01-23 11:48:21       0m 30s  ...                1.74         0.04
1   2026-01-23 11:48:52       0m 30s  ...                4.36         0.11
2   2026-01-23 11:49:22       0m 31s  ...                0.85         0.02
3   2026-01-23 11:49:54       0m 34s  ...               25.47         0.67
4   2026-01-23 11:50:28       0m 35s  ...               37.39         0.99
5   2026-01-23 11:51:04       0m 31s  ...                0.45         0.01
6   2026-01-23 11:51:35       0m 36s  ...               38.62         0.91
7   2026-01-23 11:52:11       0m 35s  ...               19.86         0.56
8   2026-01-23 11:52:47       0m 33s  ...               39.61         1.05
9   2026-01-23 11:53:21       0m 30s  ...                1.79         0.05
10  2026-01-23 11:53:51       0m 30s  ...                2.79         0.07
11  2026-01-23 11:54:22       0m 33s  ...               20.77         0.49
12  2026-01-23 11:54:55       0m 32s  ...               20.60         0.51
13  2026-01-23 11:55:28       0m 31s  ...               15.28         0.35
14  2026-01-23 11:56:00       0m 35s  ...               30.18         0.79
15  2026-01-23 11:56:36       0m 34s  ...               19.25         0.48
16  2026-01-23 11:57:10       0m 43s  ...               85.84         2.58
17  2026-01-23 11:57:54       0m 31s  ...                0.76         0.02
18  2026-01-23 11:58:25       0m 33s  ...               23.22         0.57
19  2026-01-23 11:58:59       0m 39s  ...               62.76         1.72
20  2026-01-23 11:59:38       0m 30s  ...                1.10         0.03
21  2026-01-23 12:00:09       0m 33s  ...               19.31         0.52
22  2026-01-23 12:00:43       0m 36s  ...               42.05         1.16
23  2026-01-23 12:01:19       0m 28s  ...                6.56         0.18
24  2026-01-23 12:01:48       0m 29s  ...                1.51         0.04
25  2026-01-23 12:02:17       0m 31s  ...                8.51         0.22
26  2026-01-23 12:02:49       0m 32s  ...               12.12         0.31
27  2026-01-23 12:03:21       0m 34s  ...               32.69         0.79
28  2026-01-23 12:03:56       0m 31s  ...                2.15         0.06
29  2026-01-23 12:04:28       0m 31s  ...                2.94         0.07
30  2026-01-23 12:05:00       0m 32s  ...               12.91         0.30
31  2026-01-23 12:05:32       0m 33s  ...               42.77         1.19
32  2026-01-23 12:06:06       0m 38s  ...               65.54         1.89
33  2026-01-23 12:06:45       0m 32s  ...               10.11         0.24
34  2026-01-23 12:07:18       0m 32s  ...                4.05         0.11
35  2026-01-23 12:07:50       0m 31s  ...                1.89         0.05
36  2026-01-23 12:08:22       0m 31s  ...                5.54         0.15
37  2026-01-23 12:08:54       0m 29s  ...                0.46         0.01
38  2026-01-23 12:09:24       0m 29s  ...                1.59         0.04
39  2026-01-23 12:09:53       0m 36s  ...               43.85         1.03
40  2026-01-23 12:10:30       0m 39s  ...               61.84         1.56
41  2026-01-23 12:11:09       0m 37s  ...               46.89         1.19
42  2026-01-23 12:11:47       0m 44s  ...               80.70         2.32
43  2026-01-23 12:12:32       0m 30s  ...                2.90         0.07
44  2026-01-23 12:13:03       0m 33s  ...               11.56         0.29
45  2026-01-23 12:13:36       0m 32s  ...                4.11         0.11

[46 rows x 24 columns]
              timestamp time_elapsed  ... severity_rate_patch Gradient_sr2
0   2026-01-23 11:48:21       0m 30s  ...                1.74         0.04
1   2026-01-23 11:48:52       0m 30s  ...                4.36         0.11
2   2026-01-23 11:49:22       0m 31s  ...                0.85         0.02
3   2026-01-23 11:49:54       0m 34s  ...               25.47         0.67
4   2026-01-23 11:50:28       0m 35s  ...               37.39         0.99
5   2026-01-23 11:51:04       0m 31s  ...                0.45         0.01
6   2026-01-23 11:51:35       0m 36s  ...               38.62         0.91
7   2026-01-23 11:52:11       0m 35s  ...               19.86         0.56
8   2026-01-23 11:52:47       0m 33s  ...               39.61         1.05
9   2026-01-23 11:53:21       0m 30s  ...                1.79         0.05
10  2026-01-23 11:53:51       0m 30s  ...                2.79         0.07
11  2026-01-23 11:54:22       0m 33s  ...               20.77         0.49
12  2026-01-23 11:54:55       0m 32s  ...               20.60         0.51
13  2026-01-23 11:55:28       0m 31s  ...               15.28         0.35
14  2026-01-23 11:56:00       0m 35s  ...               30.18         0.79
15  2026-01-23 11:56:36       0m 34s  ...               19.25         0.48
16  2026-01-23 11:57:10       0m 43s  ...               85.84         2.58
17  2026-01-23 11:57:54       0m 31s  ...                0.76         0.02
18  2026-01-23 11:58:25       0m 33s  ...               23.22         0.57
19  2026-01-23 11:58:59       0m 39s  ...               62.76         1.72
20  2026-01-23 11:59:38       0m 30s  ...                1.10         0.03
21  2026-01-23 12:00:09       0m 33s  ...               19.31         0.52
22  2026-01-23 12:00:43       0m 36s  ...               42.05         1.16
23  2026-01-23 12:01:19       0m 28s  ...                6.56         0.18
24  2026-01-23 12:01:48       0m 29s  ...                1.51         0.04
25  2026-01-23 12:02:17       0m 31s  ...                8.51         0.22
26  2026-01-23 12:02:49       0m 32s  ...               12.12         0.31
27  2026-01-23 12:03:21       0m 34s  ...               32.69         0.79
28  2026-01-23 12:03:56       0m 31s  ...                2.15         0.06
29  2026-01-23 12:04:28       0m 31s  ...                2.94         0.07
30  2026-01-23 12:05:00       0m 32s  ...               12.91         0.30
31  2026-01-23 12:05:32       0m 33s  ...               42.77         1.19
32  2026-01-23 12:06:06       0m 38s  ...               65.54         1.89
33  2026-01-23 12:06:45       0m 32s  ...               10.11         0.24
34  2026-01-23 12:07:18       0m 32s  ...                4.05         0.11
35  2026-01-23 12:07:50       0m 31s  ...                1.89         0.05
36  2026-01-23 12:08:22       0m 31s  ...                5.54         0.15
37  2026-01-23 12:08:54       0m 29s  ...                0.46         0.01
38  2026-01-23 12:09:24       0m 29s  ...                1.59         0.04
39  2026-01-23 12:09:53       0m 36s  ...               43.85         1.03
40  2026-01-23 12:10:30       0m 39s  ...               61.84         1.56
41  2026-01-23 12:11:09       0m 37s  ...               46.89         1.19
42  2026-01-23 12:11:47       0m 44s  ...               80.70         2.32
43  2026-01-23 12:12:32       0m 30s  ...                2.90         0.07
44  2026-01-23 12:13:03       0m 33s  ...               11.56         0.29
45  2026-01-23 12:13:36       0m 32s  ...                4.11         0.11
46  2026-01-23 12:14:09       0m 32s  ...               11.45         0.30

[47 rows x 24 columns]
[2026-01-23 12:16:16,898] - [root] - [INFO] - Analysis finished: 0m 30s
[2026-01-23 12:16:16,898] - [root] - [INFO] - -------------------------------------------
[2026-01-23 12:16:16,898] - [root] - [INFO] - -------------------------------------------
[2026-01-23 12:16:16,898] - [root] - [INFO] - Processing 1-22-2026 5dpi 127-W2021009-292_R2.png
[2026-01-23 12:16:37,110] - [root] - [INFO] - Finished loading mask: 0m 20s
[2026-01-23 12:16:59,253] - [root] - [INFO] - Finished crop and inference: 0m 42s
[2026-01-23 12:17:01,017] - [root] - [INFO] - Analysis finished: 0m 44s
[2026-01-23 12:17:01,017] - [root] - [INFO] - -------------------------------------------
[2026-01-23 12:17:01,017] - [root] - [INFO] - -------------------------------------------
[2026-01-23 12:17:01,017] - [root] - [INFO] - Processing 1-22-2026 5dpi 128-W2021006-013_R1.png
[2026-01-23 12:17:21,261] - [root] - [INFO] - Finished loading mask: 0m 20s
[2026-01-23 12:17:39,549] - [root] - [INFO] - Finished crop and inference: 0m 38s
              timestamp time_elapsed  ... severity_rate_patch Gradient_sr2
0   2026-01-23 11:48:21       0m 30s  ...                1.74         0.04
1   2026-01-23 11:48:52       0m 30s  ...                4.36         0.11
2   2026-01-23 11:49:22       0m 31s  ...                0.85         0.02
3   2026-01-23 11:49:54       0m 34s  ...               25.47         0.67
4   2026-01-23 11:50:28       0m 35s  ...               37.39         0.99
5   2026-01-23 11:51:04       0m 31s  ...                0.45         0.01
6   2026-01-23 11:51:35       0m 36s  ...               38.62         0.91
7   2026-01-23 11:52:11       0m 35s  ...               19.86         0.56
8   2026-01-23 11:52:47       0m 33s  ...               39.61         1.05
9   2026-01-23 11:53:21       0m 30s  ...                1.79         0.05
10  2026-01-23 11:53:51       0m 30s  ...                2.79         0.07
11  2026-01-23 11:54:22       0m 33s  ...               20.77         0.49
12  2026-01-23 11:54:55       0m 32s  ...               20.60         0.51
13  2026-01-23 11:55:28       0m 31s  ...               15.28         0.35
14  2026-01-23 11:56:00       0m 35s  ...               30.18         0.79
15  2026-01-23 11:56:36       0m 34s  ...               19.25         0.48
16  2026-01-23 11:57:10       0m 43s  ...               85.84         2.58
17  2026-01-23 11:57:54       0m 31s  ...                0.76         0.02
18  2026-01-23 11:58:25       0m 33s  ...               23.22         0.57
19  2026-01-23 11:58:59       0m 39s  ...               62.76         1.72
20  2026-01-23 11:59:38       0m 30s  ...                1.10         0.03
21  2026-01-23 12:00:09       0m 33s  ...               19.31         0.52
22  2026-01-23 12:00:43       0m 36s  ...               42.05         1.16
23  2026-01-23 12:01:19       0m 28s  ...                6.56         0.18
24  2026-01-23 12:01:48       0m 29s  ...                1.51         0.04
25  2026-01-23 12:02:17       0m 31s  ...                8.51         0.22
26  2026-01-23 12:02:49       0m 32s  ...               12.12         0.31
27  2026-01-23 12:03:21       0m 34s  ...               32.69         0.79
28  2026-01-23 12:03:56       0m 31s  ...                2.15         0.06
29  2026-01-23 12:04:28       0m 31s  ...                2.94         0.07
30  2026-01-23 12:05:00       0m 32s  ...               12.91         0.30
31  2026-01-23 12:05:32       0m 33s  ...               42.77         1.19
32  2026-01-23 12:06:06       0m 38s  ...               65.54         1.89
33  2026-01-23 12:06:45       0m 32s  ...               10.11         0.24
34  2026-01-23 12:07:18       0m 32s  ...                4.05         0.11
35  2026-01-23 12:07:50       0m 31s  ...                1.89         0.05
36  2026-01-23 12:08:22       0m 31s  ...                5.54         0.15
37  2026-01-23 12:08:54       0m 29s  ...                0.46         0.01
38  2026-01-23 12:09:24       0m 29s  ...                1.59         0.04
39  2026-01-23 12:09:53       0m 36s  ...               43.85         1.03
40  2026-01-23 12:10:30       0m 39s  ...               61.84         1.56
41  2026-01-23 12:11:09       0m 37s  ...               46.89         1.19
42  2026-01-23 12:11:47       0m 44s  ...               80.70         2.32
43  2026-01-23 12:12:32       0m 30s  ...                2.90         0.07
44  2026-01-23 12:13:03       0m 33s  ...               11.56         0.29
45  2026-01-23 12:13:36       0m 32s  ...                4.11         0.11
46  2026-01-23 12:14:09       0m 32s  ...               11.45         0.30
47  2026-01-23 12:14:41       0m 32s  ...               11.80         0.25

[48 rows x 24 columns]
              timestamp time_elapsed  ... severity_rate_patch Gradient_sr2
0   2026-01-23 11:48:21       0m 30s  ...                1.74         0.04
1   2026-01-23 11:48:52       0m 30s  ...                4.36         0.11
2   2026-01-23 11:49:22       0m 31s  ...                0.85         0.02
3   2026-01-23 11:49:54       0m 34s  ...               25.47         0.67
4   2026-01-23 11:50:28       0m 35s  ...               37.39         0.99
5   2026-01-23 11:51:04       0m 31s  ...                0.45         0.01
6   2026-01-23 11:51:35       0m 36s  ...               38.62         0.91
7   2026-01-23 11:52:11       0m 35s  ...               19.86         0.56
8   2026-01-23 11:52:47       0m 33s  ...               39.61         1.05
9   2026-01-23 11:53:21       0m 30s  ...                1.79         0.05
10  2026-01-23 11:53:51       0m 30s  ...                2.79         0.07
11  2026-01-23 11:54:22       0m 33s  ...               20.77         0.49
12  2026-01-23 11:54:55       0m 32s  ...               20.60         0.51
13  2026-01-23 11:55:28       0m 31s  ...               15.28         0.35
14  2026-01-23 11:56:00       0m 35s  ...               30.18         0.79
15  2026-01-23 11:56:36       0m 34s  ...               19.25         0.48
16  2026-01-23 11:57:10       0m 43s  ...               85.84         2.58
17  2026-01-23 11:57:54       0m 31s  ...                0.76         0.02
18  2026-01-23 11:58:25       0m 33s  ...               23.22         0.57
19  2026-01-23 11:58:59       0m 39s  ...               62.76         1.72
20  2026-01-23 11:59:38       0m 30s  ...                1.10         0.03
21  2026-01-23 12:00:09       0m 33s  ...               19.31         0.52
22  2026-01-23 12:00:43       0m 36s  ...               42.05         1.16
23  2026-01-23 12:01:19       0m 28s  ...                6.56         0.18
24  2026-01-23 12:01:48       0m 29s  ...                1.51         0.04
25  2026-01-23 12:02:17       0m 31s  ...                8.51         0.22
26  2026-01-23 12:02:49       0m 32s  ...               12.12         0.31
27  2026-01-23 12:03:21       0m 34s  ...               32.69         0.79
28  2026-01-23 12:03:56       0m 31s  ...                2.15         0.06
29  2026-01-23 12:04:28       0m 31s  ...                2.94         0.07
30  2026-01-23 12:05:00       0m 32s  ...               12.91         0.30
31  2026-01-23 12:05:32       0m 33s  ...               42.77         1.19
32  2026-01-23 12:06:06       0m 38s  ...               65.54         1.89
33  2026-01-23 12:06:45       0m 32s  ...               10.11         0.24
34  2026-01-23 12:07:18       0m 32s  ...                4.05         0.11
35  2026-01-23 12:07:50       0m 31s  ...                1.89         0.05
36  2026-01-23 12:08:22       0m 31s  ...                5.54         0.15
37  2026-01-23 12:08:54       0m 29s  ...                0.46         0.01
38  2026-01-23 12:09:24       0m 29s  ...                1.59         0.04
39  2026-01-23 12:09:53       0m 36s  ...               43.85         1.03
40  2026-01-23 12:10:30       0m 39s  ...               61.84         1.56
41  2026-01-23 12:11:09       0m 37s  ...               46.89         1.19
42  2026-01-23 12:11:47       0m 44s  ...               80.70         2.32
43  2026-01-23 12:12:32       0m 30s  ...                2.90         0.07
44  2026-01-23 12:13:03       0m 33s  ...               11.56         0.29
45  2026-01-23 12:13:36       0m 32s  ...                4.11         0.11
46  2026-01-23 12:14:09       0m 32s  ...               11.45         0.30
47  2026-01-23 12:14:41       0m 32s  ...               11.80         0.25
48  2026-01-23 12:15:13       0m 32s  ...                6.42         0.18

[49 rows x 24 columns]
[2026-01-23 12:17:41,309] - [root] - [INFO] - Analysis finished: 0m 40s
[2026-01-23 12:17:41,309] - [root] - [INFO] - -------------------------------------------
[2026-01-23 12:17:41,309] - [root] - [INFO] - -------------------------------------------
[2026-01-23 12:17:41,309] - [root] - [INFO] - Processing 1-22-2026 5dpi 129-W2021006-119_R2.png
[2026-01-23 12:18:01,531] - [root] - [INFO] - Finished loading mask: 0m 20s
[2026-01-23 12:18:12,607] - [root] - [INFO] - Finished crop and inference: 0m 31s
[2026-01-23 12:18:14,386] - [root] - [INFO] - Analysis finished: 0m 33s
[2026-01-23 12:18:14,386] - [root] - [INFO] - -------------------------------------------
[2026-01-23 12:18:14,386] - [root] - [INFO] - -------------------------------------------
[2026-01-23 12:18:14,386] - [root] - [INFO] - Processing 1-22-2026 5dpi 132-W2021010-399_R1.png
[2026-01-23 12:18:34,085] - [root] - [INFO] - Finished loading mask: 0m 19s
[2026-01-23 12:18:42,893] - [root] - [INFO] - Finished crop and inference: 0m 28s
              timestamp time_elapsed  ... severity_rate_patch Gradient_sr2
0   2026-01-23 11:48:21       0m 30s  ...                1.74         0.04
1   2026-01-23 11:48:52       0m 30s  ...                4.36         0.11
2   2026-01-23 11:49:22       0m 31s  ...                0.85         0.02
3   2026-01-23 11:49:54       0m 34s  ...               25.47         0.67
4   2026-01-23 11:50:28       0m 35s  ...               37.39         0.99
5   2026-01-23 11:51:04       0m 31s  ...                0.45         0.01
6   2026-01-23 11:51:35       0m 36s  ...               38.62         0.91
7   2026-01-23 11:52:11       0m 35s  ...               19.86         0.56
8   2026-01-23 11:52:47       0m 33s  ...               39.61         1.05
9   2026-01-23 11:53:21       0m 30s  ...                1.79         0.05
10  2026-01-23 11:53:51       0m 30s  ...                2.79         0.07
11  2026-01-23 11:54:22       0m 33s  ...               20.77         0.49
12  2026-01-23 11:54:55       0m 32s  ...               20.60         0.51
13  2026-01-23 11:55:28       0m 31s  ...               15.28         0.35
14  2026-01-23 11:56:00       0m 35s  ...               30.18         0.79
15  2026-01-23 11:56:36       0m 34s  ...               19.25         0.48
16  2026-01-23 11:57:10       0m 43s  ...               85.84         2.58
17  2026-01-23 11:57:54       0m 31s  ...                0.76         0.02
18  2026-01-23 11:58:25       0m 33s  ...               23.22         0.57
19  2026-01-23 11:58:59       0m 39s  ...               62.76         1.72
20  2026-01-23 11:59:38       0m 30s  ...                1.10         0.03
21  2026-01-23 12:00:09       0m 33s  ...               19.31         0.52
22  2026-01-23 12:00:43       0m 36s  ...               42.05         1.16
23  2026-01-23 12:01:19       0m 28s  ...                6.56         0.18
24  2026-01-23 12:01:48       0m 29s  ...                1.51         0.04
25  2026-01-23 12:02:17       0m 31s  ...                8.51         0.22
26  2026-01-23 12:02:49       0m 32s  ...               12.12         0.31
27  2026-01-23 12:03:21       0m 34s  ...               32.69         0.79
28  2026-01-23 12:03:56       0m 31s  ...                2.15         0.06
29  2026-01-23 12:04:28       0m 31s  ...                2.94         0.07
30  2026-01-23 12:05:00       0m 32s  ...               12.91         0.30
31  2026-01-23 12:05:32       0m 33s  ...               42.77         1.19
32  2026-01-23 12:06:06       0m 38s  ...               65.54         1.89
33  2026-01-23 12:06:45       0m 32s  ...               10.11         0.24
34  2026-01-23 12:07:18       0m 32s  ...                4.05         0.11
35  2026-01-23 12:07:50       0m 31s  ...                1.89         0.05
36  2026-01-23 12:08:22       0m 31s  ...                5.54         0.15
37  2026-01-23 12:08:54       0m 29s  ...                0.46         0.01
38  2026-01-23 12:09:24       0m 29s  ...                1.59         0.04
39  2026-01-23 12:09:53       0m 36s  ...               43.85         1.03
40  2026-01-23 12:10:30       0m 39s  ...               61.84         1.56
41  2026-01-23 12:11:09       0m 37s  ...               46.89         1.19
42  2026-01-23 12:11:47       0m 44s  ...               80.70         2.32
43  2026-01-23 12:12:32       0m 30s  ...                2.90         0.07
44  2026-01-23 12:13:03       0m 33s  ...               11.56         0.29
45  2026-01-23 12:13:36       0m 32s  ...                4.11         0.11
46  2026-01-23 12:14:09       0m 32s  ...               11.45         0.30
47  2026-01-23 12:14:41       0m 32s  ...               11.80         0.25
48  2026-01-23 12:15:13       0m 32s  ...                6.42         0.18
49  2026-01-23 12:15:46       0m 30s  ...                0.78         0.02

[50 rows x 24 columns]
              timestamp time_elapsed  ... severity_rate_patch Gradient_sr2
0   2026-01-23 11:48:21       0m 30s  ...                1.74         0.04
1   2026-01-23 11:48:52       0m 30s  ...                4.36         0.11
2   2026-01-23 11:49:22       0m 31s  ...                0.85         0.02
3   2026-01-23 11:49:54       0m 34s  ...               25.47         0.67
4   2026-01-23 11:50:28       0m 35s  ...               37.39         0.99
5   2026-01-23 11:51:04       0m 31s  ...                0.45         0.01
6   2026-01-23 11:51:35       0m 36s  ...               38.62         0.91
7   2026-01-23 11:52:11       0m 35s  ...               19.86         0.56
8   2026-01-23 11:52:47       0m 33s  ...               39.61         1.05
9   2026-01-23 11:53:21       0m 30s  ...                1.79         0.05
10  2026-01-23 11:53:51       0m 30s  ...                2.79         0.07
11  2026-01-23 11:54:22       0m 33s  ...               20.77         0.49
12  2026-01-23 11:54:55       0m 32s  ...               20.60         0.51
13  2026-01-23 11:55:28       0m 31s  ...               15.28         0.35
14  2026-01-23 11:56:00       0m 35s  ...               30.18         0.79
15  2026-01-23 11:56:36       0m 34s  ...               19.25         0.48
16  2026-01-23 11:57:10       0m 43s  ...               85.84         2.58
17  2026-01-23 11:57:54       0m 31s  ...                0.76         0.02
18  2026-01-23 11:58:25       0m 33s  ...               23.22         0.57
19  2026-01-23 11:58:59       0m 39s  ...               62.76         1.72
20  2026-01-23 11:59:38       0m 30s  ...                1.10         0.03
21  2026-01-23 12:00:09       0m 33s  ...               19.31         0.52
22  2026-01-23 12:00:43       0m 36s  ...               42.05         1.16
23  2026-01-23 12:01:19       0m 28s  ...                6.56         0.18
24  2026-01-23 12:01:48       0m 29s  ...                1.51         0.04
25  2026-01-23 12:02:17       0m 31s  ...                8.51         0.22
26  2026-01-23 12:02:49       0m 32s  ...               12.12         0.31
27  2026-01-23 12:03:21       0m 34s  ...               32.69         0.79
28  2026-01-23 12:03:56       0m 31s  ...                2.15         0.06
29  2026-01-23 12:04:28       0m 31s  ...                2.94         0.07
30  2026-01-23 12:05:00       0m 32s  ...               12.91         0.30
31  2026-01-23 12:05:32       0m 33s  ...               42.77         1.19
32  2026-01-23 12:06:06       0m 38s  ...               65.54         1.89
33  2026-01-23 12:06:45       0m 32s  ...               10.11         0.24
34  2026-01-23 12:07:18       0m 32s  ...                4.05         0.11
35  2026-01-23 12:07:50       0m 31s  ...                1.89         0.05
36  2026-01-23 12:08:22       0m 31s  ...                5.54         0.15
37  2026-01-23 12:08:54       0m 29s  ...                0.46         0.01
38  2026-01-23 12:09:24       0m 29s  ...                1.59         0.04
39  2026-01-23 12:09:53       0m 36s  ...               43.85         1.03
40  2026-01-23 12:10:30       0m 39s  ...               61.84         1.56
41  2026-01-23 12:11:09       0m 37s  ...               46.89         1.19
42  2026-01-23 12:11:47       0m 44s  ...               80.70         2.32
43  2026-01-23 12:12:32       0m 30s  ...                2.90         0.07
44  2026-01-23 12:13:03       0m 33s  ...               11.56         0.29
45  2026-01-23 12:13:36       0m 32s  ...                4.11         0.11
46  2026-01-23 12:14:09       0m 32s  ...               11.45         0.30
47  2026-01-23 12:14:41       0m 32s  ...               11.80         0.25
48  2026-01-23 12:15:13       0m 32s  ...                6.42         0.18
49  2026-01-23 12:15:46       0m 30s  ...                0.78         0.02
50  2026-01-23 12:16:16       0m 44s  ...               83.75         2.58

[51 rows x 24 columns]
[2026-01-23 12:18:44,567] - [root] - [INFO] - Analysis finished: 0m 30s
[2026-01-23 12:18:44,567] - [root] - [INFO] - -------------------------------------------
[2026-01-23 12:18:44,567] - [root] - [INFO] - -------------------------------------------
[2026-01-23 12:18:44,567] - [root] - [INFO] - Processing 1-22-2026 5dpi 132-W2021011-644_R2.png
[2026-01-23 12:19:04,670] - [root] - [INFO] - Finished loading mask: 0m 20s
[2026-01-23 12:19:15,766] - [root] - [INFO] - Finished crop and inference: 0m 31s
              timestamp time_elapsed  ... severity_rate_patch Gradient_sr2
0   2026-01-23 11:48:21       0m 30s  ...                1.74         0.04
1   2026-01-23 11:48:52       0m 30s  ...                4.36         0.11
2   2026-01-23 11:49:22       0m 31s  ...                0.85         0.02
3   2026-01-23 11:49:54       0m 34s  ...               25.47         0.67
4   2026-01-23 11:50:28       0m 35s  ...               37.39         0.99
5   2026-01-23 11:51:04       0m 31s  ...                0.45         0.01
6   2026-01-23 11:51:35       0m 36s  ...               38.62         0.91
7   2026-01-23 11:52:11       0m 35s  ...               19.86         0.56
8   2026-01-23 11:52:47       0m 33s  ...               39.61         1.05
9   2026-01-23 11:53:21       0m 30s  ...                1.79         0.05
10  2026-01-23 11:53:51       0m 30s  ...                2.79         0.07
11  2026-01-23 11:54:22       0m 33s  ...               20.77         0.49
12  2026-01-23 11:54:55       0m 32s  ...               20.60         0.51
13  2026-01-23 11:55:28       0m 31s  ...               15.28         0.35
14  2026-01-23 11:56:00       0m 35s  ...               30.18         0.79
15  2026-01-23 11:56:36       0m 34s  ...               19.25         0.48
16  2026-01-23 11:57:10       0m 43s  ...               85.84         2.58
17  2026-01-23 11:57:54       0m 31s  ...                0.76         0.02
18  2026-01-23 11:58:25       0m 33s  ...               23.22         0.57
19  2026-01-23 11:58:59       0m 39s  ...               62.76         1.72
20  2026-01-23 11:59:38       0m 30s  ...                1.10         0.03
21  2026-01-23 12:00:09       0m 33s  ...               19.31         0.52
22  2026-01-23 12:00:43       0m 36s  ...               42.05         1.16
23  2026-01-23 12:01:19       0m 28s  ...                6.56         0.18
24  2026-01-23 12:01:48       0m 29s  ...                1.51         0.04
25  2026-01-23 12:02:17       0m 31s  ...                8.51         0.22
26  2026-01-23 12:02:49       0m 32s  ...               12.12         0.31
27  2026-01-23 12:03:21       0m 34s  ...               32.69         0.79
28  2026-01-23 12:03:56       0m 31s  ...                2.15         0.06
29  2026-01-23 12:04:28       0m 31s  ...                2.94         0.07
30  2026-01-23 12:05:00       0m 32s  ...               12.91         0.30
31  2026-01-23 12:05:32       0m 33s  ...               42.77         1.19
32  2026-01-23 12:06:06       0m 38s  ...               65.54         1.89
33  2026-01-23 12:06:45       0m 32s  ...               10.11         0.24
34  2026-01-23 12:07:18       0m 32s  ...                4.05         0.11
35  2026-01-23 12:07:50       0m 31s  ...                1.89         0.05
36  2026-01-23 12:08:22       0m 31s  ...                5.54         0.15
37  2026-01-23 12:08:54       0m 29s  ...                0.46         0.01
38  2026-01-23 12:09:24       0m 29s  ...                1.59         0.04
39  2026-01-23 12:09:53       0m 36s  ...               43.85         1.03
40  2026-01-23 12:10:30       0m 39s  ...               61.84         1.56
41  2026-01-23 12:11:09       0m 37s  ...               46.89         1.19
42  2026-01-23 12:11:47       0m 44s  ...               80.70         2.32
43  2026-01-23 12:12:32       0m 30s  ...                2.90         0.07
44  2026-01-23 12:13:03       0m 33s  ...               11.56         0.29
45  2026-01-23 12:13:36       0m 32s  ...                4.11         0.11
46  2026-01-23 12:14:09       0m 32s  ...               11.45         0.30
47  2026-01-23 12:14:41       0m 32s  ...               11.80         0.25
48  2026-01-23 12:15:13       0m 32s  ...                6.42         0.18
49  2026-01-23 12:15:46       0m 30s  ...                0.78         0.02
50  2026-01-23 12:16:16       0m 44s  ...               83.75         2.58
51  2026-01-23 12:17:01       0m 40s  ...               77.72         2.05

[52 rows x 24 columns]
              timestamp time_elapsed  ... severity_rate_patch Gradient_sr2
0   2026-01-23 11:48:21       0m 30s  ...                1.74         0.04
1   2026-01-23 11:48:52       0m 30s  ...                4.36         0.11
2   2026-01-23 11:49:22       0m 31s  ...                0.85         0.02
3   2026-01-23 11:49:54       0m 34s  ...               25.47         0.67
4   2026-01-23 11:50:28       0m 35s  ...               37.39         0.99
5   2026-01-23 11:51:04       0m 31s  ...                0.45         0.01
6   2026-01-23 11:51:35       0m 36s  ...               38.62         0.91
7   2026-01-23 11:52:11       0m 35s  ...               19.86         0.56
8   2026-01-23 11:52:47       0m 33s  ...               39.61         1.05
9   2026-01-23 11:53:21       0m 30s  ...                1.79         0.05
10  2026-01-23 11:53:51       0m 30s  ...                2.79         0.07
11  2026-01-23 11:54:22       0m 33s  ...               20.77         0.49
12  2026-01-23 11:54:55       0m 32s  ...               20.60         0.51
13  2026-01-23 11:55:28       0m 31s  ...               15.28         0.35
14  2026-01-23 11:56:00       0m 35s  ...               30.18         0.79
15  2026-01-23 11:56:36       0m 34s  ...               19.25         0.48
16  2026-01-23 11:57:10       0m 43s  ...               85.84         2.58
17  2026-01-23 11:57:54       0m 31s  ...                0.76         0.02
18  2026-01-23 11:58:25       0m 33s  ...               23.22         0.57
19  2026-01-23 11:58:59       0m 39s  ...               62.76         1.72
20  2026-01-23 11:59:38       0m 30s  ...                1.10         0.03
21  2026-01-23 12:00:09       0m 33s  ...               19.31         0.52
22  2026-01-23 12:00:43       0m 36s  ...               42.05         1.16
23  2026-01-23 12:01:19       0m 28s  ...                6.56         0.18
24  2026-01-23 12:01:48       0m 29s  ...                1.51         0.04
25  2026-01-23 12:02:17       0m 31s  ...                8.51         0.22
26  2026-01-23 12:02:49       0m 32s  ...               12.12         0.31
27  2026-01-23 12:03:21       0m 34s  ...               32.69         0.79
28  2026-01-23 12:03:56       0m 31s  ...                2.15         0.06
29  2026-01-23 12:04:28       0m 31s  ...                2.94         0.07
30  2026-01-23 12:05:00       0m 32s  ...               12.91         0.30
31  2026-01-23 12:05:32       0m 33s  ...               42.77         1.19
32  2026-01-23 12:06:06       0m 38s  ...               65.54         1.89
33  2026-01-23 12:06:45       0m 32s  ...               10.11         0.24
34  2026-01-23 12:07:18       0m 32s  ...                4.05         0.11
35  2026-01-23 12:07:50       0m 31s  ...                1.89         0.05
36  2026-01-23 12:08:22       0m 31s  ...                5.54         0.15
37  2026-01-23 12:08:54       0m 29s  ...                0.46         0.01
38  2026-01-23 12:09:24       0m 29s  ...                1.59         0.04
39  2026-01-23 12:09:53       0m 36s  ...               43.85         1.03
40  2026-01-23 12:10:30       0m 39s  ...               61.84         1.56
41  2026-01-23 12:11:09       0m 37s  ...               46.89         1.19
42  2026-01-23 12:11:47       0m 44s  ...               80.70         2.32
43  2026-01-23 12:12:32       0m 30s  ...                2.90         0.07
44  2026-01-23 12:13:03       0m 33s  ...               11.56         0.29
45  2026-01-23 12:13:36       0m 32s  ...                4.11         0.11
46  2026-01-23 12:14:09       0m 32s  ...               11.45         0.30
47  2026-01-23 12:14:41       0m 32s  ...               11.80         0.25
48  2026-01-23 12:15:13       0m 32s  ...                6.42         0.18
49  2026-01-23 12:15:46       0m 30s  ...                0.78         0.02
50  2026-01-23 12:16:16       0m 44s  ...               83.75         2.58
51  2026-01-23 12:17:01       0m 40s  ...               77.72         2.05
52  2026-01-23 12:17:41       0m 33s  ...                8.96         0.25

[53 rows x 24 columns]
[2026-01-23 12:19:17,483] - [root] - [INFO] - Analysis finished: 0m 32s
[2026-01-23 12:19:17,483] - [root] - [INFO] - -------------------------------------------
[2026-01-23 12:19:17,483] - [root] - [INFO] - -------------------------------------------
[2026-01-23 12:19:17,483] - [root] - [INFO] - Processing 1-22-2026 5dpi 134-W2021006-001_R1.png
[2026-01-23 12:19:38,313] - [root] - [INFO] - Finished loading mask: 0m 20s
[2026-01-23 12:19:54,135] - [root] - [INFO] - Finished crop and inference: 0m 36s
              timestamp time_elapsed  ... severity_rate_patch Gradient_sr2
0   2026-01-23 11:48:21       0m 30s  ...                1.74         0.04
1   2026-01-23 11:48:52       0m 30s  ...                4.36         0.11
2   2026-01-23 11:49:22       0m 31s  ...                0.85         0.02
3   2026-01-23 11:49:54       0m 34s  ...               25.47         0.67
4   2026-01-23 11:50:28       0m 35s  ...               37.39         0.99
5   2026-01-23 11:51:04       0m 31s  ...                0.45         0.01
6   2026-01-23 11:51:35       0m 36s  ...               38.62         0.91
7   2026-01-23 11:52:11       0m 35s  ...               19.86         0.56
8   2026-01-23 11:52:47       0m 33s  ...               39.61         1.05
9   2026-01-23 11:53:21       0m 30s  ...                1.79         0.05
10  2026-01-23 11:53:51       0m 30s  ...                2.79         0.07
11  2026-01-23 11:54:22       0m 33s  ...               20.77         0.49
12  2026-01-23 11:54:55       0m 32s  ...               20.60         0.51
13  2026-01-23 11:55:28       0m 31s  ...               15.28         0.35
14  2026-01-23 11:56:00       0m 35s  ...               30.18         0.79
15  2026-01-23 11:56:36       0m 34s  ...               19.25         0.48
16  2026-01-23 11:57:10       0m 43s  ...               85.84         2.58
17  2026-01-23 11:57:54       0m 31s  ...                0.76         0.02
18  2026-01-23 11:58:25       0m 33s  ...               23.22         0.57
19  2026-01-23 11:58:59       0m 39s  ...               62.76         1.72
20  2026-01-23 11:59:38       0m 30s  ...                1.10         0.03
21  2026-01-23 12:00:09       0m 33s  ...               19.31         0.52
22  2026-01-23 12:00:43       0m 36s  ...               42.05         1.16
23  2026-01-23 12:01:19       0m 28s  ...                6.56         0.18
24  2026-01-23 12:01:48       0m 29s  ...                1.51         0.04
25  2026-01-23 12:02:17       0m 31s  ...                8.51         0.22
26  2026-01-23 12:02:49       0m 32s  ...               12.12         0.31
27  2026-01-23 12:03:21       0m 34s  ...               32.69         0.79
28  2026-01-23 12:03:56       0m 31s  ...                2.15         0.06
29  2026-01-23 12:04:28       0m 31s  ...                2.94         0.07
30  2026-01-23 12:05:00       0m 32s  ...               12.91         0.30
31  2026-01-23 12:05:32       0m 33s  ...               42.77         1.19
32  2026-01-23 12:06:06       0m 38s  ...               65.54         1.89
33  2026-01-23 12:06:45       0m 32s  ...               10.11         0.24
34  2026-01-23 12:07:18       0m 32s  ...                4.05         0.11
35  2026-01-23 12:07:50       0m 31s  ...                1.89         0.05
36  2026-01-23 12:08:22       0m 31s  ...                5.54         0.15
37  2026-01-23 12:08:54       0m 29s  ...                0.46         0.01
38  2026-01-23 12:09:24       0m 29s  ...                1.59         0.04
39  2026-01-23 12:09:53       0m 36s  ...               43.85         1.03
40  2026-01-23 12:10:30       0m 39s  ...               61.84         1.56
41  2026-01-23 12:11:09       0m 37s  ...               46.89         1.19
42  2026-01-23 12:11:47       0m 44s  ...               80.70         2.32
43  2026-01-23 12:12:32       0m 30s  ...                2.90         0.07
44  2026-01-23 12:13:03       0m 33s  ...               11.56         0.29
45  2026-01-23 12:13:36       0m 32s  ...                4.11         0.11
46  2026-01-23 12:14:09       0m 32s  ...               11.45         0.30
47  2026-01-23 12:14:41       0m 32s  ...               11.80         0.25
48  2026-01-23 12:15:13       0m 32s  ...                6.42         0.18
49  2026-01-23 12:15:46       0m 30s  ...                0.78         0.02
50  2026-01-23 12:16:16       0m 44s  ...               83.75         2.58
51  2026-01-23 12:17:01       0m 40s  ...               77.72         2.05
52  2026-01-23 12:17:41       0m 33s  ...                8.96         0.25
53  2026-01-23 12:18:14       0m 30s  ...                1.10         0.03

[54 rows x 24 columns]
[2026-01-23 12:19:56,042] - [root] - [INFO] - Analysis finished: 0m 38s
[2026-01-23 12:19:56,042] - [root] - [INFO] - -------------------------------------------
[2026-01-23 12:19:56,042] - [root] - [INFO] - -------------------------------------------
[2026-01-23 12:19:56,042] - [root] - [INFO] - Processing 1-22-2026 5dpi 134-W2021009-275_R1.png
[2026-01-23 12:20:17,095] - [root] - [INFO] - Finished loading mask: 0m 21s
[2026-01-23 12:20:30,774] - [root] - [INFO] - Finished crop and inference: 0m 34s
              timestamp time_elapsed  ... severity_rate_patch Gradient_sr2
0   2026-01-23 11:48:21       0m 30s  ...                1.74         0.04
1   2026-01-23 11:48:52       0m 30s  ...                4.36         0.11
2   2026-01-23 11:49:22       0m 31s  ...                0.85         0.02
3   2026-01-23 11:49:54       0m 34s  ...               25.47         0.67
4   2026-01-23 11:50:28       0m 35s  ...               37.39         0.99
5   2026-01-23 11:51:04       0m 31s  ...                0.45         0.01
6   2026-01-23 11:51:35       0m 36s  ...               38.62         0.91
7   2026-01-23 11:52:11       0m 35s  ...               19.86         0.56
8   2026-01-23 11:52:47       0m 33s  ...               39.61         1.05
9   2026-01-23 11:53:21       0m 30s  ...                1.79         0.05
10  2026-01-23 11:53:51       0m 30s  ...                2.79         0.07
11  2026-01-23 11:54:22       0m 33s  ...               20.77         0.49
12  2026-01-23 11:54:55       0m 32s  ...               20.60         0.51
13  2026-01-23 11:55:28       0m 31s  ...               15.28         0.35
14  2026-01-23 11:56:00       0m 35s  ...               30.18         0.79
15  2026-01-23 11:56:36       0m 34s  ...               19.25         0.48
16  2026-01-23 11:57:10       0m 43s  ...               85.84         2.58
17  2026-01-23 11:57:54       0m 31s  ...                0.76         0.02
18  2026-01-23 11:58:25       0m 33s  ...               23.22         0.57
19  2026-01-23 11:58:59       0m 39s  ...               62.76         1.72
20  2026-01-23 11:59:38       0m 30s  ...                1.10         0.03
21  2026-01-23 12:00:09       0m 33s  ...               19.31         0.52
22  2026-01-23 12:00:43       0m 36s  ...               42.05         1.16
23  2026-01-23 12:01:19       0m 28s  ...                6.56         0.18
24  2026-01-23 12:01:48       0m 29s  ...                1.51         0.04
25  2026-01-23 12:02:17       0m 31s  ...                8.51         0.22
26  2026-01-23 12:02:49       0m 32s  ...               12.12         0.31
27  2026-01-23 12:03:21       0m 34s  ...               32.69         0.79
28  2026-01-23 12:03:56       0m 31s  ...                2.15         0.06
29  2026-01-23 12:04:28       0m 31s  ...                2.94         0.07
30  2026-01-23 12:05:00       0m 32s  ...               12.91         0.30
31  2026-01-23 12:05:32       0m 33s  ...               42.77         1.19
32  2026-01-23 12:06:06       0m 38s  ...               65.54         1.89
33  2026-01-23 12:06:45       0m 32s  ...               10.11         0.24
34  2026-01-23 12:07:18       0m 32s  ...                4.05         0.11
35  2026-01-23 12:07:50       0m 31s  ...                1.89         0.05
36  2026-01-23 12:08:22       0m 31s  ...                5.54         0.15
37  2026-01-23 12:08:54       0m 29s  ...                0.46         0.01
38  2026-01-23 12:09:24       0m 29s  ...                1.59         0.04
39  2026-01-23 12:09:53       0m 36s  ...               43.85         1.03
40  2026-01-23 12:10:30       0m 39s  ...               61.84         1.56
41  2026-01-23 12:11:09       0m 37s  ...               46.89         1.19
42  2026-01-23 12:11:47       0m 44s  ...               80.70         2.32
43  2026-01-23 12:12:32       0m 30s  ...                2.90         0.07
44  2026-01-23 12:13:03       0m 33s  ...               11.56         0.29
45  2026-01-23 12:13:36       0m 32s  ...                4.11         0.11
46  2026-01-23 12:14:09       0m 32s  ...               11.45         0.30
47  2026-01-23 12:14:41       0m 32s  ...               11.80         0.25
48  2026-01-23 12:15:13       0m 32s  ...                6.42         0.18
49  2026-01-23 12:15:46       0m 30s  ...                0.78         0.02
50  2026-01-23 12:16:16       0m 44s  ...               83.75         2.58
51  2026-01-23 12:17:01       0m 40s  ...               77.72         2.05
52  2026-01-23 12:17:41       0m 33s  ...                8.96         0.25
53  2026-01-23 12:18:14       0m 30s  ...                1.10         0.03
54  2026-01-23 12:18:44       0m 32s  ...               11.49         0.28

[55 rows x 24 columns]
[2026-01-23 12:20:32,610] - [root] - [INFO] - Analysis finished: 0m 36s
[2026-01-23 12:20:32,610] - [root] - [INFO] - -------------------------------------------
[2026-01-23 12:20:32,610] - [root] - [INFO] - -------------------------------------------
[2026-01-23 12:20:32,610] - [root] - [INFO] - Processing 1-22-2026 5dpi 137-W2021010-342_R2.png
[2026-01-23 12:20:53,256] - [root] - [INFO] - Finished loading mask: 0m 20s
[2026-01-23 12:21:03,117] - [root] - [INFO] - Finished crop and inference: 0m 30s
              timestamp time_elapsed  ... severity_rate_patch Gradient_sr2
0   2026-01-23 11:48:21       0m 30s  ...                1.74         0.04
1   2026-01-23 11:48:52       0m 30s  ...                4.36         0.11
2   2026-01-23 11:49:22       0m 31s  ...                0.85         0.02
3   2026-01-23 11:49:54       0m 34s  ...               25.47         0.67
4   2026-01-23 11:50:28       0m 35s  ...               37.39         0.99
5   2026-01-23 11:51:04       0m 31s  ...                0.45         0.01
6   2026-01-23 11:51:35       0m 36s  ...               38.62         0.91
7   2026-01-23 11:52:11       0m 35s  ...               19.86         0.56
8   2026-01-23 11:52:47       0m 33s  ...               39.61         1.05
9   2026-01-23 11:53:21       0m 30s  ...                1.79         0.05
10  2026-01-23 11:53:51       0m 30s  ...                2.79         0.07
11  2026-01-23 11:54:22       0m 33s  ...               20.77         0.49
12  2026-01-23 11:54:55       0m 32s  ...               20.60         0.51
13  2026-01-23 11:55:28       0m 31s  ...               15.28         0.35
14  2026-01-23 11:56:00       0m 35s  ...               30.18         0.79
15  2026-01-23 11:56:36       0m 34s  ...               19.25         0.48
16  2026-01-23 11:57:10       0m 43s  ...               85.84         2.58
17  2026-01-23 11:57:54       0m 31s  ...                0.76         0.02
18  2026-01-23 11:58:25       0m 33s  ...               23.22         0.57
19  2026-01-23 11:58:59       0m 39s  ...               62.76         1.72
20  2026-01-23 11:59:38       0m 30s  ...                1.10         0.03
21  2026-01-23 12:00:09       0m 33s  ...               19.31         0.52
22  2026-01-23 12:00:43       0m 36s  ...               42.05         1.16
23  2026-01-23 12:01:19       0m 28s  ...                6.56         0.18
24  2026-01-23 12:01:48       0m 29s  ...                1.51         0.04
25  2026-01-23 12:02:17       0m 31s  ...                8.51         0.22
26  2026-01-23 12:02:49       0m 32s  ...               12.12         0.31
27  2026-01-23 12:03:21       0m 34s  ...               32.69         0.79
28  2026-01-23 12:03:56       0m 31s  ...                2.15         0.06
29  2026-01-23 12:04:28       0m 31s  ...                2.94         0.07
30  2026-01-23 12:05:00       0m 32s  ...               12.91         0.30
31  2026-01-23 12:05:32       0m 33s  ...               42.77         1.19
32  2026-01-23 12:06:06       0m 38s  ...               65.54         1.89
33  2026-01-23 12:06:45       0m 32s  ...               10.11         0.24
34  2026-01-23 12:07:18       0m 32s  ...                4.05         0.11
35  2026-01-23 12:07:50       0m 31s  ...                1.89         0.05
36  2026-01-23 12:08:22       0m 31s  ...                5.54         0.15
37  2026-01-23 12:08:54       0m 29s  ...                0.46         0.01
38  2026-01-23 12:09:24       0m 29s  ...                1.59         0.04
39  2026-01-23 12:09:53       0m 36s  ...               43.85         1.03
40  2026-01-23 12:10:30       0m 39s  ...               61.84         1.56
41  2026-01-23 12:11:09       0m 37s  ...               46.89         1.19
42  2026-01-23 12:11:47       0m 44s  ...               80.70         2.32
43  2026-01-23 12:12:32       0m 30s  ...                2.90         0.07
44  2026-01-23 12:13:03       0m 33s  ...               11.56         0.29
45  2026-01-23 12:13:36       0m 32s  ...                4.11         0.11
46  2026-01-23 12:14:09       0m 32s  ...               11.45         0.30
47  2026-01-23 12:14:41       0m 32s  ...               11.80         0.25
48  2026-01-23 12:15:13       0m 32s  ...                6.42         0.18
49  2026-01-23 12:15:46       0m 30s  ...                0.78         0.02
50  2026-01-23 12:16:16       0m 44s  ...               83.75         2.58
51  2026-01-23 12:17:01       0m 40s  ...               77.72         2.05
52  2026-01-23 12:17:41       0m 33s  ...                8.96         0.25
53  2026-01-23 12:18:14       0m 30s  ...                1.10         0.03
54  2026-01-23 12:18:44       0m 32s  ...               11.49         0.28
55  2026-01-23 12:19:17       0m 38s  ...               55.20         1.46

[56 rows x 24 columns]
[2026-01-23 12:21:04,851] - [root] - [INFO] - Analysis finished: 0m 32s
[2026-01-23 12:21:04,851] - [root] - [INFO] - -------------------------------------------
[2026-01-23 12:21:04,851] - [root] - [INFO] - -------------------------------------------
[2026-01-23 12:21:04,851] - [root] - [INFO] - Processing 1-22-2026 5dpi 138-W2021010-446_R1.png
[2026-01-23 12:21:25,966] - [root] - [INFO] - Finished loading mask: 0m 21s
[2026-01-23 12:21:36,899] - [root] - [INFO] - Finished crop and inference: 0m 32s
              timestamp time_elapsed  ... severity_rate_patch Gradient_sr2
0   2026-01-23 11:48:21       0m 30s  ...                1.74         0.04
1   2026-01-23 11:48:52       0m 30s  ...                4.36         0.11
2   2026-01-23 11:49:22       0m 31s  ...                0.85         0.02
3   2026-01-23 11:49:54       0m 34s  ...               25.47         0.67
4   2026-01-23 11:50:28       0m 35s  ...               37.39         0.99
5   2026-01-23 11:51:04       0m 31s  ...                0.45         0.01
6   2026-01-23 11:51:35       0m 36s  ...               38.62         0.91
7   2026-01-23 11:52:11       0m 35s  ...               19.86         0.56
8   2026-01-23 11:52:47       0m 33s  ...               39.61         1.05
9   2026-01-23 11:53:21       0m 30s  ...                1.79         0.05
10  2026-01-23 11:53:51       0m 30s  ...                2.79         0.07
11  2026-01-23 11:54:22       0m 33s  ...               20.77         0.49
12  2026-01-23 11:54:55       0m 32s  ...               20.60         0.51
13  2026-01-23 11:55:28       0m 31s  ...               15.28         0.35
14  2026-01-23 11:56:00       0m 35s  ...               30.18         0.79
15  2026-01-23 11:56:36       0m 34s  ...               19.25         0.48
16  2026-01-23 11:57:10       0m 43s  ...               85.84         2.58
17  2026-01-23 11:57:54       0m 31s  ...                0.76         0.02
18  2026-01-23 11:58:25       0m 33s  ...               23.22         0.57
19  2026-01-23 11:58:59       0m 39s  ...               62.76         1.72
20  2026-01-23 11:59:38       0m 30s  ...                1.10         0.03
21  2026-01-23 12:00:09       0m 33s  ...               19.31         0.52
22  2026-01-23 12:00:43       0m 36s  ...               42.05         1.16
23  2026-01-23 12:01:19       0m 28s  ...                6.56         0.18
24  2026-01-23 12:01:48       0m 29s  ...                1.51         0.04
25  2026-01-23 12:02:17       0m 31s  ...                8.51         0.22
26  2026-01-23 12:02:49       0m 32s  ...               12.12         0.31
27  2026-01-23 12:03:21       0m 34s  ...               32.69         0.79
28  2026-01-23 12:03:56       0m 31s  ...                2.15         0.06
29  2026-01-23 12:04:28       0m 31s  ...                2.94         0.07
30  2026-01-23 12:05:00       0m 32s  ...               12.91         0.30
31  2026-01-23 12:05:32       0m 33s  ...               42.77         1.19
32  2026-01-23 12:06:06       0m 38s  ...               65.54         1.89
33  2026-01-23 12:06:45       0m 32s  ...               10.11         0.24
34  2026-01-23 12:07:18       0m 32s  ...                4.05         0.11
35  2026-01-23 12:07:50       0m 31s  ...                1.89         0.05
36  2026-01-23 12:08:22       0m 31s  ...                5.54         0.15
37  2026-01-23 12:08:54       0m 29s  ...                0.46         0.01
38  2026-01-23 12:09:24       0m 29s  ...                1.59         0.04
39  2026-01-23 12:09:53       0m 36s  ...               43.85         1.03
40  2026-01-23 12:10:30       0m 39s  ...               61.84         1.56
41  2026-01-23 12:11:09       0m 37s  ...               46.89         1.19
42  2026-01-23 12:11:47       0m 44s  ...               80.70         2.32
43  2026-01-23 12:12:32       0m 30s  ...                2.90         0.07
44  2026-01-23 12:13:03       0m 33s  ...               11.56         0.29
45  2026-01-23 12:13:36       0m 32s  ...                4.11         0.11
46  2026-01-23 12:14:09       0m 32s  ...               11.45         0.30
47  2026-01-23 12:14:41       0m 32s  ...               11.80         0.25
48  2026-01-23 12:15:13       0m 32s  ...                6.42         0.18
49  2026-01-23 12:15:46       0m 30s  ...                0.78         0.02
50  2026-01-23 12:16:16       0m 44s  ...               83.75         2.58
51  2026-01-23 12:17:01       0m 40s  ...               77.72         2.05
52  2026-01-23 12:17:41       0m 33s  ...                8.96         0.25
53  2026-01-23 12:18:14       0m 30s  ...                1.10         0.03
54  2026-01-23 12:18:44       0m 32s  ...               11.49         0.28
55  2026-01-23 12:19:17       0m 38s  ...               55.20         1.46
56  2026-01-23 12:19:56       0m 36s  ...               34.44         0.83

[57 rows x 24 columns]
[2026-01-23 12:21:38,885] - [root] - [INFO] - Analysis finished: 0m 34s
[2026-01-23 12:21:38,885] - [root] - [INFO] - -------------------------------------------
[2026-01-23 12:21:38,885] - [root] - [INFO] - -------------------------------------------
[2026-01-23 12:21:38,885] - [root] - [INFO] - Processing 1-22-2026 5dpi 141-W2021009-274_R1.png
[2026-01-23 12:22:00,098] - [root] - [INFO] - Finished loading mask: 0m 21s
[2026-01-23 12:22:24,100] - [root] - [INFO] - Finished crop and inference: 0m 45s
              timestamp time_elapsed  ... severity_rate_patch Gradient_sr2
0   2026-01-23 11:48:21       0m 30s  ...                1.74         0.04
1   2026-01-23 11:48:52       0m 30s  ...                4.36         0.11
2   2026-01-23 11:49:22       0m 31s  ...                0.85         0.02
3   2026-01-23 11:49:54       0m 34s  ...               25.47         0.67
4   2026-01-23 11:50:28       0m 35s  ...               37.39         0.99
5   2026-01-23 11:51:04       0m 31s  ...                0.45         0.01
6   2026-01-23 11:51:35       0m 36s  ...               38.62         0.91
7   2026-01-23 11:52:11       0m 35s  ...               19.86         0.56
8   2026-01-23 11:52:47       0m 33s  ...               39.61         1.05
9   2026-01-23 11:53:21       0m 30s  ...                1.79         0.05
10  2026-01-23 11:53:51       0m 30s  ...                2.79         0.07
11  2026-01-23 11:54:22       0m 33s  ...               20.77         0.49
12  2026-01-23 11:54:55       0m 32s  ...               20.60         0.51
13  2026-01-23 11:55:28       0m 31s  ...               15.28         0.35
14  2026-01-23 11:56:00       0m 35s  ...               30.18         0.79
15  2026-01-23 11:56:36       0m 34s  ...               19.25         0.48
16  2026-01-23 11:57:10       0m 43s  ...               85.84         2.58
17  2026-01-23 11:57:54       0m 31s  ...                0.76         0.02
18  2026-01-23 11:58:25       0m 33s  ...               23.22         0.57
19  2026-01-23 11:58:59       0m 39s  ...               62.76         1.72
20  2026-01-23 11:59:38       0m 30s  ...                1.10         0.03
21  2026-01-23 12:00:09       0m 33s  ...               19.31         0.52
22  2026-01-23 12:00:43       0m 36s  ...               42.05         1.16
23  2026-01-23 12:01:19       0m 28s  ...                6.56         0.18
24  2026-01-23 12:01:48       0m 29s  ...                1.51         0.04
25  2026-01-23 12:02:17       0m 31s  ...                8.51         0.22
26  2026-01-23 12:02:49       0m 32s  ...               12.12         0.31
27  2026-01-23 12:03:21       0m 34s  ...               32.69         0.79
28  2026-01-23 12:03:56       0m 31s  ...                2.15         0.06
29  2026-01-23 12:04:28       0m 31s  ...                2.94         0.07
30  2026-01-23 12:05:00       0m 32s  ...               12.91         0.30
31  2026-01-23 12:05:32       0m 33s  ...               42.77         1.19
32  2026-01-23 12:06:06       0m 38s  ...               65.54         1.89
33  2026-01-23 12:06:45       0m 32s  ...               10.11         0.24
34  2026-01-23 12:07:18       0m 32s  ...                4.05         0.11
35  2026-01-23 12:07:50       0m 31s  ...                1.89         0.05
36  2026-01-23 12:08:22       0m 31s  ...                5.54         0.15
37  2026-01-23 12:08:54       0m 29s  ...                0.46         0.01
38  2026-01-23 12:09:24       0m 29s  ...                1.59         0.04
39  2026-01-23 12:09:53       0m 36s  ...               43.85         1.03
40  2026-01-23 12:10:30       0m 39s  ...               61.84         1.56
41  2026-01-23 12:11:09       0m 37s  ...               46.89         1.19
42  2026-01-23 12:11:47       0m 44s  ...               80.70         2.32
43  2026-01-23 12:12:32       0m 30s  ...                2.90         0.07
44  2026-01-23 12:13:03       0m 33s  ...               11.56         0.29
45  2026-01-23 12:13:36       0m 32s  ...                4.11         0.11
46  2026-01-23 12:14:09       0m 32s  ...               11.45         0.30
47  2026-01-23 12:14:41       0m 32s  ...               11.80         0.25
48  2026-01-23 12:15:13       0m 32s  ...                6.42         0.18
49  2026-01-23 12:15:46       0m 30s  ...                0.78         0.02
50  2026-01-23 12:16:16       0m 44s  ...               83.75         2.58
51  2026-01-23 12:17:01       0m 40s  ...               77.72         2.05
52  2026-01-23 12:17:41       0m 33s  ...                8.96         0.25
53  2026-01-23 12:18:14       0m 30s  ...                1.10         0.03
54  2026-01-23 12:18:44       0m 32s  ...               11.49         0.28
55  2026-01-23 12:19:17       0m 38s  ...               55.20         1.46
56  2026-01-23 12:19:56       0m 36s  ...               34.44         0.83
57  2026-01-23 12:20:32       0m 32s  ...                4.27         0.10

[58 rows x 24 columns]
[2026-01-23 12:22:25,942] - [root] - [INFO] - Analysis finished: 0m 47s
[2026-01-23 12:22:25,942] - [root] - [INFO] - -------------------------------------------
[2026-01-23 12:22:25,942] - [root] - [INFO] - -------------------------------------------
[2026-01-23 12:22:25,942] - [root] - [INFO] - Processing 1-22-2026 5dpi 143-W2021010-313_R2.png
[2026-01-23 12:22:47,284] - [root] - [INFO] - Finished loading mask: 0m 21s
[2026-01-23 12:22:56,588] - [root] - [INFO] - Finished crop and inference: 0m 30s
[2026-01-23 12:22:58,305] - [root] - [INFO] - Analysis finished: 0m 32s
[2026-01-23 12:22:58,305] - [root] - [INFO] - -------------------------------------------
[2026-01-23 12:22:58,305] - [root] - [INFO] - -------------------------------------------
[2026-01-23 12:22:58,305] - [root] - [INFO] - Processing 1-22-2026 5dpi 148-W2021011-462_R2.png
[2026-01-23 12:23:19,565] - [root] - [INFO] - Finished loading mask: 0m 21s
[2026-01-23 12:23:33,345] - [root] - [INFO] - Finished crop and inference: 0m 35s
[2026-01-23 12:23:34,972] - [root] - [INFO] - Analysis finished: 0m 36s
[2026-01-23 12:23:34,972] - [root] - [INFO] - -------------------------------------------
[2026-01-23 12:23:34,972] - [root] - [INFO] - -------------------------------------------
[2026-01-23 12:23:34,972] - [root] - [INFO] - Processing 1-22-2026 5dpi 149-W2021010-417_R1.png
[2026-01-23 12:23:55,966] - [root] - [INFO] - Finished loading mask: 0m 20s
[2026-01-23 12:24:06,926] - [root] - [INFO] - Finished crop and inference: 0m 31s
[2026-01-23 12:24:08,639] - [root] - [INFO] - Analysis finished: 0m 33s
[2026-01-23 12:24:08,639] - [root] - [INFO] - -------------------------------------------
[2026-01-23 12:24:08,639] - [root] - [INFO] - -------------------------------------------
[2026-01-23 12:24:08,639] - [root] - [INFO] - Processing 1-22-2026 5dpi 154-W2021010-419_R1.png
[2026-01-23 12:24:29,582] - [root] - [INFO] - Finished loading mask: 0m 20s
[2026-01-23 12:24:39,320] - [root] - [INFO] - Finished crop and inference: 0m 30s
              timestamp time_elapsed  ... severity_rate_patch Gradient_sr2
0   2026-01-23 11:48:21       0m 30s  ...                1.74         0.04
1   2026-01-23 11:48:52       0m 30s  ...                4.36         0.11
2   2026-01-23 11:49:22       0m 31s  ...                0.85         0.02
3   2026-01-23 11:49:54       0m 34s  ...               25.47         0.67
4   2026-01-23 11:50:28       0m 35s  ...               37.39         0.99
5   2026-01-23 11:51:04       0m 31s  ...                0.45         0.01
6   2026-01-23 11:51:35       0m 36s  ...               38.62         0.91
7   2026-01-23 11:52:11       0m 35s  ...               19.86         0.56
8   2026-01-23 11:52:47       0m 33s  ...               39.61         1.05
9   2026-01-23 11:53:21       0m 30s  ...                1.79         0.05
10  2026-01-23 11:53:51       0m 30s  ...                2.79         0.07
11  2026-01-23 11:54:22       0m 33s  ...               20.77         0.49
12  2026-01-23 11:54:55       0m 32s  ...               20.60         0.51
13  2026-01-23 11:55:28       0m 31s  ...               15.28         0.35
14  2026-01-23 11:56:00       0m 35s  ...               30.18         0.79
15  2026-01-23 11:56:36       0m 34s  ...               19.25         0.48
16  2026-01-23 11:57:10       0m 43s  ...               85.84         2.58
17  2026-01-23 11:57:54       0m 31s  ...                0.76         0.02
18  2026-01-23 11:58:25       0m 33s  ...               23.22         0.57
19  2026-01-23 11:58:59       0m 39s  ...               62.76         1.72
20  2026-01-23 11:59:38       0m 30s  ...                1.10         0.03
21  2026-01-23 12:00:09       0m 33s  ...               19.31         0.52
22  2026-01-23 12:00:43       0m 36s  ...               42.05         1.16
23  2026-01-23 12:01:19       0m 28s  ...                6.56         0.18
24  2026-01-23 12:01:48       0m 29s  ...                1.51         0.04
25  2026-01-23 12:02:17       0m 31s  ...                8.51         0.22
26  2026-01-23 12:02:49       0m 32s  ...               12.12         0.31
27  2026-01-23 12:03:21       0m 34s  ...               32.69         0.79
28  2026-01-23 12:03:56       0m 31s  ...                2.15         0.06
29  2026-01-23 12:04:28       0m 31s  ...                2.94         0.07
30  2026-01-23 12:05:00       0m 32s  ...               12.91         0.30
31  2026-01-23 12:05:32       0m 33s  ...               42.77         1.19
32  2026-01-23 12:06:06       0m 38s  ...               65.54         1.89
33  2026-01-23 12:06:45       0m 32s  ...               10.11         0.24
34  2026-01-23 12:07:18       0m 32s  ...                4.05         0.11
35  2026-01-23 12:07:50       0m 31s  ...                1.89         0.05
36  2026-01-23 12:08:22       0m 31s  ...                5.54         0.15
37  2026-01-23 12:08:54       0m 29s  ...                0.46         0.01
38  2026-01-23 12:09:24       0m 29s  ...                1.59         0.04
39  2026-01-23 12:09:53       0m 36s  ...               43.85         1.03
40  2026-01-23 12:10:30       0m 39s  ...               61.84         1.56
41  2026-01-23 12:11:09       0m 37s  ...               46.89         1.19
42  2026-01-23 12:11:47       0m 44s  ...               80.70         2.32
43  2026-01-23 12:12:32       0m 30s  ...                2.90         0.07
44  2026-01-23 12:13:03       0m 33s  ...               11.56         0.29
45  2026-01-23 12:13:36       0m 32s  ...                4.11         0.11
46  2026-01-23 12:14:09       0m 32s  ...               11.45         0.30
47  2026-01-23 12:14:41       0m 32s  ...               11.80         0.25
48  2026-01-23 12:15:13       0m 32s  ...                6.42         0.18
49  2026-01-23 12:15:46       0m 30s  ...                0.78         0.02
50  2026-01-23 12:16:16       0m 44s  ...               83.75         2.58
51  2026-01-23 12:17:01       0m 40s  ...               77.72         2.05
52  2026-01-23 12:17:41       0m 33s  ...                8.96         0.25
53  2026-01-23 12:18:14       0m 30s  ...                1.10         0.03
54  2026-01-23 12:18:44       0m 32s  ...               11.49         0.28
55  2026-01-23 12:19:17       0m 38s  ...               55.20         1.46
56  2026-01-23 12:19:56       0m 36s  ...               34.44         0.83
57  2026-01-23 12:20:32       0m 32s  ...                4.27         0.10
58  2026-01-23 12:21:04       0m 34s  ...                8.15         0.18

[59 rows x 24 columns]
[2026-01-23 12:24:41,020] - [root] - [INFO] - Analysis finished: 0m 32s
[2026-01-23 12:24:41,020] - [root] - [INFO] - -------------------------------------------
[2026-01-23 12:24:41,020] - [root] - [INFO] - -------------------------------------------
[2026-01-23 12:24:41,020] - [root] - [INFO] - Processing 1-22-2026 5dpi 155-W2021011-639_R1.png
[2026-01-23 12:25:02,097] - [root] - [INFO] - Finished loading mask: 0m 21s
[2026-01-23 12:25:12,349] - [root] - [INFO] - Finished crop and inference: 0m 31s
[2026-01-23 12:25:14,044] - [root] - [INFO] - Analysis finished: 0m 33s
[2026-01-23 12:25:14,044] - [root] - [INFO] - -------------------------------------------
[2026-01-23 12:25:14,045] - [root] - [INFO] - -------------------------------------------
[2026-01-23 12:25:14,045] - [root] - [INFO] - Processing 1-22-2026 5dpi 156-W2021009-276_R2.png
[2026-01-23 12:25:35,162] - [root] - [INFO] - Finished loading mask: 0m 21s
[2026-01-23 12:25:46,302] - [root] - [INFO] - Finished crop and inference: 0m 32s
[2026-01-23 12:25:47,934] - [root] - [INFO] - Analysis finished: 0m 33s
[2026-01-23 12:25:47,934] - [root] - [INFO] - -------------------------------------------
[2026-01-23 12:25:47,934] - [root] - [INFO] - -------------------------------------------
[2026-01-23 12:25:47,934] - [root] - [INFO] - Processing 1-22-2026 5dpi 158-W2021006-114_R1.png
[2026-01-23 12:26:08,924] - [root] - [INFO] - Finished loading mask: 0m 20s
[2026-01-23 12:26:25,042] - [root] - [INFO] - Finished crop and inference: 0m 37s
[2026-01-23 12:26:26,838] - [root] - [INFO] - Analysis finished: 0m 38s
[2026-01-23 12:26:26,839] - [root] - [INFO] - -------------------------------------------
[2026-01-23 12:26:26,839] - [root] - [INFO] - -------------------------------------------
[2026-01-23 12:26:26,839] - [root] - [INFO] - Processing 1-22-2026 5dpi 167-W2021006-003_R2.png
[2026-01-23 12:26:47,931] - [root] - [INFO] - Finished loading mask: 0m 21s
[2026-01-23 12:26:56,569] - [root] - [INFO] - Finished crop and inference: 0m 29s
[2026-01-23 12:26:58,353] - [root] - [INFO] - Analysis finished: 0m 31s
[2026-01-23 12:26:58,353] - [root] - [INFO] - -------------------------------------------
[2026-01-23 12:26:58,353] - [root] - [INFO] - -------------------------------------------
[2026-01-23 12:26:58,353] - [root] - [INFO] - Processing 1-22-2026 5dpi 169-W2021009-623_R2.png
[2026-01-23 12:27:18,818] - [root] - [INFO] - Finished loading mask: 0m 20s
[2026-01-23 12:27:41,484] - [root] - [INFO] - Finished crop and inference: 0m 43s
[2026-01-23 12:27:43,224] - [root] - [INFO] - Analysis finished: 0m 44s
[2026-01-23 12:27:43,224] - [root] - [INFO] - -------------------------------------------
[2026-01-23 12:27:43,224] - [root] - [INFO] - -------------------------------------------
[2026-01-23 12:27:43,224] - [root] - [INFO] - Processing 1-22-2026 5dpi 169-W2021011-477_R1.png
[2026-01-23 12:28:04,052] - [root] - [INFO] - Finished loading mask: 0m 20s
[2026-01-23 12:28:20,743] - [root] - [INFO] - Finished crop and inference: 0m 37s
[2026-01-23 12:28:22,500] - [root] - [INFO] - Analysis finished: 0m 39s
[2026-01-23 12:28:22,514] - [root] - [INFO] - -------------------------------------------
[2026-01-23 12:28:22,514] - [root] - [INFO] - -------------------------------------------
[2026-01-23 12:28:22,514] - [root] - [INFO] - Processing 1-22-2026 5dpi 172-W2021011-557_R2.png
[2026-01-23 12:28:43,137] - [root] - [INFO] - Finished loading mask: 0m 20s
[2026-01-23 12:28:54,514] - [root] - [INFO] - Finished crop and inference: 0m 31s
[2026-01-23 12:28:56,146] - [root] - [INFO] - Analysis finished: 0m 33s
[2026-01-23 12:28:56,146] - [root] - [INFO] - -------------------------------------------
[2026-01-23 12:28:56,146] - [root] - [INFO] - -------------------------------------------
[2026-01-23 12:28:56,146] - [root] - [INFO] - Processing 1-22-2026 5dpi 173-W2021006-127_R2.png
[2026-01-23 12:29:16,220] - [root] - [INFO] - Finished loading mask: 0m 20s
[2026-01-23 12:29:25,669] - [root] - [INFO] - Finished crop and inference: 0m 29s
              timestamp time_elapsed  ... severity_rate_patch Gradient_sr2
0   2026-01-23 11:48:21       0m 30s  ...                1.74         0.04
1   2026-01-23 11:48:52       0m 30s  ...                4.36         0.11
2   2026-01-23 11:49:22       0m 31s  ...                0.85         0.02
3   2026-01-23 11:49:54       0m 34s  ...               25.47         0.67
4   2026-01-23 11:50:28       0m 35s  ...               37.39         0.99
5   2026-01-23 11:51:04       0m 31s  ...                0.45         0.01
6   2026-01-23 11:51:35       0m 36s  ...               38.62         0.91
7   2026-01-23 11:52:11       0m 35s  ...               19.86         0.56
8   2026-01-23 11:52:47       0m 33s  ...               39.61         1.05
9   2026-01-23 11:53:21       0m 30s  ...                1.79         0.05
10  2026-01-23 11:53:51       0m 30s  ...                2.79         0.07
11  2026-01-23 11:54:22       0m 33s  ...               20.77         0.49
12  2026-01-23 11:54:55       0m 32s  ...               20.60         0.51
13  2026-01-23 11:55:28       0m 31s  ...               15.28         0.35
14  2026-01-23 11:56:00       0m 35s  ...               30.18         0.79
15  2026-01-23 11:56:36       0m 34s  ...               19.25         0.48
16  2026-01-23 11:57:10       0m 43s  ...               85.84         2.58
17  2026-01-23 11:57:54       0m 31s  ...                0.76         0.02
18  2026-01-23 11:58:25       0m 33s  ...               23.22         0.57
19  2026-01-23 11:58:59       0m 39s  ...               62.76         1.72
20  2026-01-23 11:59:38       0m 30s  ...                1.10         0.03
21  2026-01-23 12:00:09       0m 33s  ...               19.31         0.52
22  2026-01-23 12:00:43       0m 36s  ...               42.05         1.16
23  2026-01-23 12:01:19       0m 28s  ...                6.56         0.18
24  2026-01-23 12:01:48       0m 29s  ...                1.51         0.04
25  2026-01-23 12:02:17       0m 31s  ...                8.51         0.22
26  2026-01-23 12:02:49       0m 32s  ...               12.12         0.31
27  2026-01-23 12:03:21       0m 34s  ...               32.69         0.79
28  2026-01-23 12:03:56       0m 31s  ...                2.15         0.06
29  2026-01-23 12:04:28       0m 31s  ...                2.94         0.07
30  2026-01-23 12:05:00       0m 32s  ...               12.91         0.30
31  2026-01-23 12:05:32       0m 33s  ...               42.77         1.19
32  2026-01-23 12:06:06       0m 38s  ...               65.54         1.89
33  2026-01-23 12:06:45       0m 32s  ...               10.11         0.24
34  2026-01-23 12:07:18       0m 32s  ...                4.05         0.11
35  2026-01-23 12:07:50       0m 31s  ...                1.89         0.05
36  2026-01-23 12:08:22       0m 31s  ...                5.54         0.15
37  2026-01-23 12:08:54       0m 29s  ...                0.46         0.01
38  2026-01-23 12:09:24       0m 29s  ...                1.59         0.04
39  2026-01-23 12:09:53       0m 36s  ...               43.85         1.03
40  2026-01-23 12:10:30       0m 39s  ...               61.84         1.56
41  2026-01-23 12:11:09       0m 37s  ...               46.89         1.19
42  2026-01-23 12:11:47       0m 44s  ...               80.70         2.32
43  2026-01-23 12:12:32       0m 30s  ...                2.90         0.07
44  2026-01-23 12:13:03       0m 33s  ...               11.56         0.29
45  2026-01-23 12:13:36       0m 32s  ...                4.11         0.11
46  2026-01-23 12:14:09       0m 32s  ...               11.45         0.30
47  2026-01-23 12:14:41       0m 32s  ...               11.80         0.25
48  2026-01-23 12:15:13       0m 32s  ...                6.42         0.18
49  2026-01-23 12:15:46       0m 30s  ...                0.78         0.02
50  2026-01-23 12:16:16       0m 44s  ...               83.75         2.58
51  2026-01-23 12:17:01       0m 40s  ...               77.72         2.05
52  2026-01-23 12:17:41       0m 33s  ...                8.96         0.25
53  2026-01-23 12:18:14       0m 30s  ...                1.10         0.03
54  2026-01-23 12:18:44       0m 32s  ...               11.49         0.28
55  2026-01-23 12:19:17       0m 38s  ...               55.20         1.46
56  2026-01-23 12:19:56       0m 36s  ...               34.44         0.83
57  2026-01-23 12:20:32       0m 32s  ...                4.27         0.10
58  2026-01-23 12:21:04       0m 34s  ...                8.15         0.18
59  2026-01-23 12:21:38       0m 47s  ...               86.63         2.57

[60 rows x 24 columns]
              timestamp time_elapsed  ... severity_rate_patch Gradient_sr2
0   2026-01-23 11:48:21       0m 30s  ...                1.74         0.04
1   2026-01-23 11:48:52       0m 30s  ...                4.36         0.11
2   2026-01-23 11:49:22       0m 31s  ...                0.85         0.02
3   2026-01-23 11:49:54       0m 34s  ...               25.47         0.67
4   2026-01-23 11:50:28       0m 35s  ...               37.39         0.99
..                  ...          ...  ...                 ...          ...
56  2026-01-23 12:19:56       0m 36s  ...               34.44         0.83
57  2026-01-23 12:20:32       0m 32s  ...                4.27         0.10
58  2026-01-23 12:21:04       0m 34s  ...                8.15         0.18
59  2026-01-23 12:21:38       0m 47s  ...               86.63         2.57
60  2026-01-23 12:22:25       0m 32s  ...                0.61         0.02

[61 rows x 24 columns]
              timestamp time_elapsed  ... severity_rate_patch Gradient_sr2
0   2026-01-23 11:48:21       0m 30s  ...                1.74         0.04
1   2026-01-23 11:48:52       0m 30s  ...                4.36         0.11
2   2026-01-23 11:49:22       0m 31s  ...                0.85         0.02
3   2026-01-23 11:49:54       0m 34s  ...               25.47         0.67
4   2026-01-23 11:50:28       0m 35s  ...               37.39         0.99
..                  ...          ...  ...                 ...          ...
57  2026-01-23 12:20:32       0m 32s  ...                4.27         0.10
58  2026-01-23 12:21:04       0m 34s  ...                8.15         0.18
59  2026-01-23 12:21:38       0m 47s  ...               86.63         2.57
60  2026-01-23 12:22:25       0m 32s  ...                0.61         0.02
61  2026-01-23 12:22:58       0m 36s  ...               28.01         0.73

[62 rows x 24 columns]
              timestamp time_elapsed  ... severity_rate_patch Gradient_sr2
0   2026-01-23 11:48:21       0m 30s  ...                1.74         0.04
1   2026-01-23 11:48:52       0m 30s  ...                4.36         0.11
2   2026-01-23 11:49:22       0m 31s  ...                0.85         0.02
3   2026-01-23 11:49:54       0m 34s  ...               25.47         0.67
4   2026-01-23 11:50:28       0m 35s  ...               37.39         0.99
..                  ...          ...  ...                 ...          ...
58  2026-01-23 12:21:04       0m 34s  ...                8.15         0.18
59  2026-01-23 12:21:38       0m 47s  ...               86.63         2.57
60  2026-01-23 12:22:25       0m 32s  ...                0.61         0.02
61  2026-01-23 12:22:58       0m 36s  ...               28.01         0.73
62  2026-01-23 12:23:34       0m 33s  ...               12.99         0.36

[63 rows x 24 columns]
[2026-01-23 12:29:27,357] - [root] - [INFO] - Analysis finished: 0m 31s
[2026-01-23 12:29:27,357] - [root] - [INFO] - -------------------------------------------
[2026-01-23 12:29:27,357] - [root] - [INFO] - -------------------------------------------
[2026-01-23 12:29:27,357] - [root] - [INFO] - Processing 1-22-2026 5dpi 174-W2021009-156_R2.png
[2026-01-23 12:29:47,634] - [root] - [INFO] - Finished loading mask: 0m 20s
[2026-01-23 12:29:57,562] - [root] - [INFO] - Finished crop and inference: 0m 30s
[2026-01-23 12:29:59,296] - [root] - [INFO] - Analysis finished: 0m 31s
[2026-01-23 12:29:59,296] - [root] - [INFO] - -------------------------------------------
[2026-01-23 12:29:59,296] - [root] - [INFO] - -------------------------------------------
[2026-01-23 12:29:59,296] - [root] - [INFO] - Processing 1-22-2026 5dpi 176-W2021009-256_R2.png
[2026-01-23 12:30:19,214] - [root] - [INFO] - Finished loading mask: 0m 19s
[2026-01-23 12:30:26,135] - [root] - [INFO] - Finished crop and inference: 0m 26s
[2026-01-23 12:30:27,854] - [root] - [INFO] - Analysis finished: 0m 28s
[2026-01-23 12:30:27,854] - [root] - [INFO] - -------------------------------------------
[2026-01-23 12:30:27,854] - [root] - [INFO] - -------------------------------------------
[2026-01-23 12:30:27,854] - [root] - [INFO] - Processing 1-22-2026 5dpi 177-W2021009-194_R1.png
[2026-01-23 12:30:48,146] - [root] - [INFO] - Finished loading mask: 0m 20s
[2026-01-23 12:30:58,701] - [root] - [INFO] - Finished crop and inference: 0m 30s
[2026-01-23 12:31:00,345] - [root] - [INFO] - Analysis finished: 0m 32s
[2026-01-23 12:31:00,345] - [root] - [INFO] - -------------------------------------------
[2026-01-23 12:31:00,346] - [root] - [INFO] - -------------------------------------------
[2026-01-23 12:31:00,346] - [root] - [INFO] - Processing 1-22-2026 5dpi 180-W2021009-152_R1.png
[2026-01-23 12:31:20,603] - [root] - [INFO] - Finished loading mask: 0m 20s
[2026-01-23 12:31:31,499] - [root] - [INFO] - Finished crop and inference: 0m 31s
[2026-01-23 12:31:33,172] - [root] - [INFO] - Analysis finished: 0m 32s
[2026-01-23 12:31:33,173] - [root] - [INFO] - -------------------------------------------
[2026-01-23 12:31:33,173] - [root] - [INFO] - -------------------------------------------
[2026-01-23 12:31:33,173] - [root] - [INFO] - Processing 1-22-2026 5dpi 180-W2021011-476_R2.png
[2026-01-23 12:31:53,501] - [root] - [INFO] - Finished loading mask: 0m 20s
[2026-01-23 12:32:11,863] - [root] - [INFO] - Finished crop and inference: 0m 38s
[2026-01-23 12:32:13,702] - [root] - [INFO] - Analysis finished: 0m 40s
[2026-01-23 12:32:13,702] - [root] - [INFO] - -------------------------------------------
[2026-01-23 12:32:13,702] - [root] - [INFO] - -------------------------------------------
[2026-01-23 12:32:13,702] - [root] - [INFO] - Processing 1-22-2026 5dpi 182-W2021009-251_R1.png
[2026-01-23 12:32:33,932] - [root] - [INFO] - Finished loading mask: 0m 20s
[2026-01-23 12:32:44,769] - [root] - [INFO] - Finished crop and inference: 0m 31s
[2026-01-23 12:32:46,459] - [root] - [INFO] - Analysis finished: 0m 32s
[2026-01-23 12:32:46,459] - [root] - [INFO] - -------------------------------------------
[2026-01-23 12:32:46,459] - [root] - [INFO] - -------------------------------------------
[2026-01-23 12:32:46,459] - [root] - [INFO] - Processing 1-22-2026 5dpi 183-W2021009-295_R1.png
[2026-01-23 12:33:06,438] - [root] - [INFO] - Finished loading mask: 0m 19s
[2026-01-23 12:33:15,411] - [root] - [INFO] - Finished crop and inference: 0m 28s
[2026-01-23 12:33:17,086] - [root] - [INFO] - Analysis finished: 0m 30s
[2026-01-23 12:33:17,086] - [root] - [INFO] - -------------------------------------------
[2026-01-23 12:33:17,086] - [root] - [INFO] - -------------------------------------------
[2026-01-23 12:33:17,086] - [root] - [INFO] - Processing 1-22-2026 5dpi 185-W2021009-199_R1.png
[2026-01-23 12:33:36,688] - [root] - [INFO] - Finished loading mask: 0m 19s
[2026-01-23 12:33:46,948] - [root] - [INFO] - Finished crop and inference: 0m 29s
              timestamp time_elapsed  ... severity_rate_patch Gradient_sr2
0   2026-01-23 11:48:21       0m 30s  ...                1.74         0.04
1   2026-01-23 11:48:52       0m 30s  ...                4.36         0.11
2   2026-01-23 11:49:22       0m 31s  ...                0.85         0.02
3   2026-01-23 11:49:54       0m 34s  ...               25.47         0.67
4   2026-01-23 11:50:28       0m 35s  ...               37.39         0.99
..                  ...          ...  ...                 ...          ...
59  2026-01-23 12:21:38       0m 47s  ...               86.63         2.57
60  2026-01-23 12:22:25       0m 32s  ...                0.61         0.02
61  2026-01-23 12:22:58       0m 36s  ...               28.01         0.73
62  2026-01-23 12:23:34       0m 33s  ...               12.99         0.36
63  2026-01-23 12:24:08       0m 32s  ...                2.62         0.07

[64 rows x 24 columns]
              timestamp time_elapsed  ... severity_rate_patch Gradient_sr2
0   2026-01-23 11:48:21       0m 30s  ...                1.74         0.04
1   2026-01-23 11:48:52       0m 30s  ...                4.36         0.11
2   2026-01-23 11:49:22       0m 31s  ...                0.85         0.02
3   2026-01-23 11:49:54       0m 34s  ...               25.47         0.67
4   2026-01-23 11:50:28       0m 35s  ...               37.39         0.99
..                  ...          ...  ...                 ...          ...
60  2026-01-23 12:22:25       0m 32s  ...                0.61         0.02
61  2026-01-23 12:22:58       0m 36s  ...               28.01         0.73
62  2026-01-23 12:23:34       0m 33s  ...               12.99         0.36
63  2026-01-23 12:24:08       0m 32s  ...                2.62         0.07
64  2026-01-23 12:24:41       0m 33s  ...               10.00         0.27

[65 rows x 24 columns]
              timestamp time_elapsed  ... severity_rate_patch Gradient_sr2
0   2026-01-23 11:48:21       0m 30s  ...                1.74         0.04
1   2026-01-23 11:48:52       0m 30s  ...                4.36         0.11
2   2026-01-23 11:49:22       0m 31s  ...                0.85         0.02
3   2026-01-23 11:49:54       0m 34s  ...               25.47         0.67
4   2026-01-23 11:50:28       0m 35s  ...               37.39         0.99
..                  ...          ...  ...                 ...          ...
61  2026-01-23 12:22:58       0m 36s  ...               28.01         0.73
62  2026-01-23 12:23:34       0m 33s  ...               12.99         0.36
63  2026-01-23 12:24:08       0m 32s  ...                2.62         0.07
64  2026-01-23 12:24:41       0m 33s  ...               10.00         0.27
65  2026-01-23 12:25:14       0m 33s  ...                7.64         0.19

[66 rows x 24 columns]
              timestamp time_elapsed  ... severity_rate_patch Gradient_sr2
0   2026-01-23 11:48:21       0m 30s  ...                1.74         0.04
1   2026-01-23 11:48:52       0m 30s  ...                4.36         0.11
2   2026-01-23 11:49:22       0m 31s  ...                0.85         0.02
3   2026-01-23 11:49:54       0m 34s  ...               25.47         0.67
4   2026-01-23 11:50:28       0m 35s  ...               37.39         0.99
..                  ...          ...  ...                 ...          ...
62  2026-01-23 12:23:34       0m 33s  ...               12.99         0.36
63  2026-01-23 12:24:08       0m 32s  ...                2.62         0.07
64  2026-01-23 12:24:41       0m 33s  ...               10.00         0.27
65  2026-01-23 12:25:14       0m 33s  ...                7.64         0.19
66  2026-01-23 12:25:47       0m 38s  ...               53.88         1.51

[67 rows x 24 columns]
              timestamp time_elapsed  ... severity_rate_patch Gradient_sr2
0   2026-01-23 11:48:21       0m 30s  ...                1.74         0.04
1   2026-01-23 11:48:52       0m 30s  ...                4.36         0.11
2   2026-01-23 11:49:22       0m 31s  ...                0.85         0.02
3   2026-01-23 11:49:54       0m 34s  ...               25.47         0.67
4   2026-01-23 11:50:28       0m 35s  ...               37.39         0.99
..                  ...          ...  ...                 ...          ...
63  2026-01-23 12:24:08       0m 32s  ...                2.62         0.07
64  2026-01-23 12:24:41       0m 33s  ...               10.00         0.27
65  2026-01-23 12:25:14       0m 33s  ...                7.64         0.19
66  2026-01-23 12:25:47       0m 38s  ...               53.88         1.51
67  2026-01-23 12:26:26       0m 31s  ...                2.18         0.06

[68 rows x 24 columns]
              timestamp time_elapsed  ... severity_rate_patch Gradient_sr2
0   2026-01-23 11:48:21       0m 30s  ...                1.74         0.04
1   2026-01-23 11:48:52       0m 30s  ...                4.36         0.11
2   2026-01-23 11:49:22       0m 31s  ...                0.85         0.02
3   2026-01-23 11:49:54       0m 34s  ...               25.47         0.67
4   2026-01-23 11:50:28       0m 35s  ...               37.39         0.99
..                  ...          ...  ...                 ...          ...
64  2026-01-23 12:24:41       0m 33s  ...               10.00         0.27
65  2026-01-23 12:25:14       0m 33s  ...                7.64         0.19
66  2026-01-23 12:25:47       0m 38s  ...               53.88         1.51
67  2026-01-23 12:26:26       0m 31s  ...                2.18         0.06
68  2026-01-23 12:26:58       0m 44s  ...               84.74         2.55

[69 rows x 24 columns]
              timestamp time_elapsed  ... severity_rate_patch Gradient_sr2
0   2026-01-23 11:48:21       0m 30s  ...                1.74         0.04
1   2026-01-23 11:48:52       0m 30s  ...                4.36         0.11
2   2026-01-23 11:49:22       0m 31s  ...                0.85         0.02
3   2026-01-23 11:49:54       0m 34s  ...               25.47         0.67
4   2026-01-23 11:50:28       0m 35s  ...               37.39         0.99
..                  ...          ...  ...                 ...          ...
65  2026-01-23 12:25:14       0m 33s  ...                7.64         0.19
66  2026-01-23 12:25:47       0m 38s  ...               53.88         1.51
67  2026-01-23 12:26:26       0m 31s  ...                2.18         0.06
68  2026-01-23 12:26:58       0m 44s  ...               84.74         2.55
69  2026-01-23 12:27:43       0m 39s  ...               57.21         1.60

[70 rows x 24 columns]
              timestamp time_elapsed  ... severity_rate_patch Gradient_sr2
0   2026-01-23 11:48:21       0m 30s  ...                1.74         0.04
1   2026-01-23 11:48:52       0m 30s  ...                4.36         0.11
2   2026-01-23 11:49:22       0m 31s  ...                0.85         0.02
3   2026-01-23 11:49:54       0m 34s  ...               25.47         0.67
4   2026-01-23 11:50:28       0m 35s  ...               37.39         0.99
..                  ...          ...  ...                 ...          ...
66  2026-01-23 12:25:47       0m 38s  ...               53.88         1.51
67  2026-01-23 12:26:26       0m 31s  ...                2.18         0.06
68  2026-01-23 12:26:58       0m 44s  ...               84.74         2.55
69  2026-01-23 12:27:43       0m 39s  ...               57.21         1.60
70  2026-01-23 12:28:22       0m 33s  ...                8.76         0.24

[71 rows x 24 columns]
[2026-01-23 12:33:48,650] - [root] - [INFO] - Analysis finished: 0m 31s
[2026-01-23 12:33:48,650] - [root] - [INFO] - -------------------------------------------
[2026-01-23 12:33:48,650] - [root] - [INFO] - -------------------------------------------
[2026-01-23 12:33:48,650] - [root] - [INFO] - Processing 1-22-2026 5dpi 185-W2021009-291_R2.png
[2026-01-23 12:34:08,707] - [root] - [INFO] - Finished loading mask: 0m 20s
[2026-01-23 12:34:19,271] - [root] - [INFO] - Finished crop and inference: 0m 30s
[2026-01-23 12:34:20,931] - [root] - [INFO] - Analysis finished: 0m 32s
[2026-01-23 12:34:20,931] - [root] - [INFO] - -------------------------------------------
[2026-01-23 12:34:20,931] - [root] - [INFO] - -------------------------------------------
[2026-01-23 12:34:20,931] - [root] - [INFO] - Processing 1-22-2026 5dpi 187-W2021010-348_R2.png
[2026-01-23 12:34:40,818] - [root] - [INFO] - Finished loading mask: 0m 19s
[2026-01-23 12:35:00,481] - [root] - [INFO] - Finished crop and inference: 0m 39s
[2026-01-23 12:35:02,350] - [root] - [INFO] - Analysis finished: 0m 41s
[2026-01-23 12:35:02,350] - [root] - [INFO] - -------------------------------------------
[2026-01-23 12:35:02,350] - [root] - [INFO] - -------------------------------------------
[2026-01-23 12:35:02,350] - [root] - [INFO] - Processing 1-22-2026 5dpi 191-W2021010-426_R2.png
[2026-01-23 12:35:23,112] - [root] - [INFO] - Finished loading mask: 0m 20s
[2026-01-23 12:35:34,622] - [root] - [INFO] - Finished crop and inference: 0m 32s
[2026-01-23 12:35:36,267] - [root] - [INFO] - Analysis finished: 0m 33s
[2026-01-23 12:35:36,267] - [root] - [INFO] - -------------------------------------------
[2026-01-23 12:35:36,267] - [root] - [INFO] - -------------------------------------------
[2026-01-23 12:35:36,267] - [root] - [INFO] - Processing 1-22-2026 5dpi 191-W2021010-449_R1.png
[2026-01-23 12:35:56,979] - [root] - [INFO] - Finished loading mask: 0m 20s
[2026-01-23 12:36:09,645] - [root] - [INFO] - Finished crop and inference: 0m 33s
[2026-01-23 12:36:11,317] - [root] - [INFO] - Analysis finished: 0m 35s
[2026-01-23 12:36:11,317] - [root] - [INFO] - -------------------------------------------
[2026-01-23 12:36:11,317] - [root] - [INFO] - -------------------------------------------
[2026-01-23 12:36:11,317] - [root] - [INFO] - Processing 1-22-2026 5dpi 192-W2021006-005_R1.png
[2026-01-23 12:36:31,642] - [root] - [INFO] - Finished loading mask: 0m 20s
[2026-01-23 12:36:41,364] - [root] - [INFO] - Finished crop and inference: 0m 30s
[2026-01-23 12:36:43,099] - [root] - [INFO] - Analysis finished: 0m 31s
[2026-01-23 12:36:43,099] - [root] - [INFO] - -------------------------------------------
[2026-01-23 12:36:43,099] - [root] - [INFO] - -------------------------------------------
[2026-01-23 12:36:43,099] - [root] - [INFO] - Processing 1-22-2026 5dpi 206-W2021010-344_R1.png
[2026-01-23 12:37:03,476] - [root] - [INFO] - Finished loading mask: 0m 20s
[2026-01-23 12:37:12,977] - [root] - [INFO] - Finished crop and inference: 0m 29s
[2026-01-23 12:37:14,614] - [root] - [INFO] - Analysis finished: 0m 31s
[2026-01-23 12:37:14,614] - [root] - [INFO] - -------------------------------------------
[2026-01-23 12:37:14,614] - [root] - [INFO] - -------------------------------------------
[2026-01-23 12:37:14,614] - [root] - [INFO] - Processing 1-22-2026 5dpi 207-W2021009-287_R2.png
[2026-01-23 12:37:34,583] - [root] - [INFO] - Finished loading mask: 0m 19s
[2026-01-23 12:37:44,247] - [root] - [INFO] - Finished crop and inference: 0m 29s
[2026-01-23 12:37:45,932] - [root] - [INFO] - Analysis finished: 0m 31s
[2026-01-23 12:37:45,932] - [root] - [INFO] - -------------------------------------------
[2026-01-23 12:37:45,932] - [root] - [INFO] - -------------------------------------------
[2026-01-23 12:37:45,932] - [root] - [INFO] - Processing 1-22-2026 5dpi 208-W2021009-268_R2.png
[2026-01-23 12:38:05,811] - [root] - [INFO] - Finished loading mask: 0m 19s
[2026-01-23 12:38:19,285] - [root] - [INFO] - Finished crop and inference: 0m 33s
              timestamp time_elapsed  ... severity_rate_patch Gradient_sr2
0   2026-01-23 11:48:21       0m 30s  ...                1.74         0.04
1   2026-01-23 11:48:52       0m 30s  ...                4.36         0.11
2   2026-01-23 11:49:22       0m 31s  ...                0.85         0.02
3   2026-01-23 11:49:54       0m 34s  ...               25.47         0.67
4   2026-01-23 11:50:28       0m 35s  ...               37.39         0.99
..                  ...          ...  ...                 ...          ...
67  2026-01-23 12:26:26       0m 31s  ...                2.18         0.06
68  2026-01-23 12:26:58       0m 44s  ...               84.74         2.55
69  2026-01-23 12:27:43       0m 39s  ...               57.21         1.60
70  2026-01-23 12:28:22       0m 33s  ...                8.76         0.24
71  2026-01-23 12:28:56       0m 31s  ...                1.50         0.04

[72 rows x 24 columns]
              timestamp time_elapsed  ... severity_rate_patch Gradient_sr2
0   2026-01-23 11:48:21       0m 30s  ...                1.74         0.04
1   2026-01-23 11:48:52       0m 30s  ...                4.36         0.11
2   2026-01-23 11:49:22       0m 31s  ...                0.85         0.02
3   2026-01-23 11:49:54       0m 34s  ...               25.47         0.67
4   2026-01-23 11:50:28       0m 35s  ...               37.39         0.99
..                  ...          ...  ...                 ...          ...
68  2026-01-23 12:26:58       0m 44s  ...               84.74         2.55
69  2026-01-23 12:27:43       0m 39s  ...               57.21         1.60
70  2026-01-23 12:28:22       0m 33s  ...                8.76         0.24
71  2026-01-23 12:28:56       0m 31s  ...                1.50         0.04
72  2026-01-23 12:29:27       0m 31s  ...               15.38         0.37

[73 rows x 24 columns]
              timestamp time_elapsed  ... severity_rate_patch Gradient_sr2
0   2026-01-23 11:48:21       0m 30s  ...                1.74         0.04
1   2026-01-23 11:48:52       0m 30s  ...                4.36         0.11
2   2026-01-23 11:49:22       0m 31s  ...                0.85         0.02
3   2026-01-23 11:49:54       0m 34s  ...               25.47         0.67
4   2026-01-23 11:50:28       0m 35s  ...               37.39         0.99
..                  ...          ...  ...                 ...          ...
69  2026-01-23 12:27:43       0m 39s  ...               57.21         1.60
70  2026-01-23 12:28:22       0m 33s  ...                8.76         0.24
71  2026-01-23 12:28:56       0m 31s  ...                1.50         0.04
72  2026-01-23 12:29:27       0m 31s  ...               15.38         0.37
73  2026-01-23 12:29:59       0m 28s  ...                3.06         0.08

[74 rows x 24 columns]
              timestamp time_elapsed  ... severity_rate_patch Gradient_sr2
0   2026-01-23 11:48:21       0m 30s  ...                1.74         0.04
1   2026-01-23 11:48:52       0m 30s  ...                4.36         0.11
2   2026-01-23 11:49:22       0m 31s  ...                0.85         0.02
3   2026-01-23 11:49:54       0m 34s  ...               25.47         0.67
4   2026-01-23 11:50:28       0m 35s  ...               37.39         0.99
..                  ...          ...  ...                 ...          ...
70  2026-01-23 12:28:22       0m 33s  ...                8.76         0.24
71  2026-01-23 12:28:56       0m 31s  ...                1.50         0.04
72  2026-01-23 12:29:27       0m 31s  ...               15.38         0.37
73  2026-01-23 12:29:59       0m 28s  ...                3.06         0.08
74  2026-01-23 12:30:27       0m 32s  ...               13.43         0.36

[75 rows x 24 columns]
              timestamp time_elapsed  ... severity_rate_patch Gradient_sr2
0   2026-01-23 11:48:21       0m 30s  ...                1.74         0.04
1   2026-01-23 11:48:52       0m 30s  ...                4.36         0.11
2   2026-01-23 11:49:22       0m 31s  ...                0.85         0.02
3   2026-01-23 11:49:54       0m 34s  ...               25.47         0.67
4   2026-01-23 11:50:28       0m 35s  ...               37.39         0.99
..                  ...          ...  ...                 ...          ...
71  2026-01-23 12:28:56       0m 31s  ...                1.50         0.04
72  2026-01-23 12:29:27       0m 31s  ...               15.38         0.37
73  2026-01-23 12:29:59       0m 28s  ...                3.06         0.08
74  2026-01-23 12:30:27       0m 32s  ...               13.43         0.36
75  2026-01-23 12:31:00       0m 32s  ...               24.95         0.55

[76 rows x 24 columns]
              timestamp time_elapsed  ... severity_rate_patch Gradient_sr2
0   2026-01-23 11:48:21       0m 30s  ...                1.74         0.04
1   2026-01-23 11:48:52       0m 30s  ...                4.36         0.11
2   2026-01-23 11:49:22       0m 31s  ...                0.85         0.02
3   2026-01-23 11:49:54       0m 34s  ...               25.47         0.67
4   2026-01-23 11:50:28       0m 35s  ...               37.39         0.99
..                  ...          ...  ...                 ...          ...
72  2026-01-23 12:29:27       0m 31s  ...               15.38         0.37
73  2026-01-23 12:29:59       0m 28s  ...                3.06         0.08
74  2026-01-23 12:30:27       0m 32s  ...               13.43         0.36
75  2026-01-23 12:31:00       0m 32s  ...               24.95         0.55
76  2026-01-23 12:31:33       0m 40s  ...               79.18         2.11

[77 rows x 24 columns]
              timestamp time_elapsed  ... severity_rate_patch Gradient_sr2
0   2026-01-23 11:48:21       0m 30s  ...                1.74         0.04
1   2026-01-23 11:48:52       0m 30s  ...                4.36         0.11
2   2026-01-23 11:49:22       0m 31s  ...                0.85         0.02
3   2026-01-23 11:49:54       0m 34s  ...               25.47         0.67
4   2026-01-23 11:50:28       0m 35s  ...               37.39         0.99
..                  ...          ...  ...                 ...          ...
73  2026-01-23 12:29:59       0m 28s  ...                3.06         0.08
74  2026-01-23 12:30:27       0m 32s  ...               13.43         0.36
75  2026-01-23 12:31:00       0m 32s  ...               24.95         0.55
76  2026-01-23 12:31:33       0m 40s  ...               79.18         2.11
77  2026-01-23 12:32:13       0m 32s  ...                4.96         0.12

[78 rows x 24 columns]
              timestamp time_elapsed  ... severity_rate_patch Gradient_sr2
0   2026-01-23 11:48:21       0m 30s  ...                1.74         0.04
1   2026-01-23 11:48:52       0m 30s  ...                4.36         0.11
2   2026-01-23 11:49:22       0m 31s  ...                0.85         0.02
3   2026-01-23 11:49:54       0m 34s  ...               25.47         0.67
4   2026-01-23 11:50:28       0m 35s  ...               37.39         0.99
..                  ...          ...  ...                 ...          ...
74  2026-01-23 12:30:27       0m 32s  ...               13.43         0.36
75  2026-01-23 12:31:00       0m 32s  ...               24.95         0.55
76  2026-01-23 12:31:33       0m 40s  ...               79.18         2.11
77  2026-01-23 12:32:13       0m 32s  ...                4.96         0.12
78  2026-01-23 12:32:46       0m 30s  ...                6.35         0.16

[79 rows x 24 columns]
[2026-01-23 12:38:21,063] - [root] - [INFO] - Analysis finished: 0m 35s
[2026-01-23 12:38:21,063] - [root] - [INFO] - -------------------------------------------
[2026-01-23 12:38:21,063] - [root] - [INFO] - -------------------------------------------
[2026-01-23 12:38:21,063] - [root] - [INFO] - Processing 1-22-2026 5dpi 209-W2021010-439_R2.png
[2026-01-23 12:38:40,941] - [root] - [INFO] - Finished loading mask: 0m 19s
[2026-01-23 12:38:56,222] - [root] - [INFO] - Finished crop and inference: 0m 35s
[2026-01-23 12:38:57,861] - [root] - [INFO] - Analysis finished: 0m 36s
[2026-01-23 12:38:57,861] - [root] - [INFO] - -------------------------------------------
[2026-01-23 12:38:57,861] - [root] - [INFO] - -------------------------------------------
[2026-01-23 12:38:57,861] - [root] - [INFO] - Processing 1-22-2026 5dpi 211-W2021011-598_R2.png
[2026-01-23 12:39:17,821] - [root] - [INFO] - Finished loading mask: 0m 19s
[2026-01-23 12:39:29,974] - [root] - [INFO] - Finished crop and inference: 0m 32s
[2026-01-23 12:39:31,565] - [root] - [INFO] - Analysis finished: 0m 33s
[2026-01-23 12:39:31,565] - [root] - [INFO] - -------------------------------------------
[2026-01-23 12:39:31,565] - [root] - [INFO] - -------------------------------------------
[2026-01-23 12:39:31,565] - [root] - [INFO] - Processing 1-22-2026 5dpi 215-W2021006-045_R2.png
[2026-01-23 12:39:51,821] - [root] - [INFO] - Finished loading mask: 0m 20s
[2026-01-23 12:40:01,962] - [root] - [INFO] - Finished crop and inference: 0m 30s
[2026-01-23 12:40:03,591] - [root] - [INFO] - Analysis finished: 0m 32s
[2026-01-23 12:40:03,591] - [root] - [INFO] - -------------------------------------------
[2026-01-23 12:40:03,591] - [root] - [INFO] - -------------------------------------------
[2026-01-23 12:40:03,591] - [root] - [INFO] - Processing 1-22-2026 5dpi 223-W2021010-442_R2.png
[2026-01-23 12:40:23,710] - [root] - [INFO] - Finished loading mask: 0m 20s
[2026-01-23 12:40:38,257] - [root] - [INFO] - Finished crop and inference: 0m 34s
[2026-01-23 12:40:40,086] - [root] - [INFO] - Analysis finished: 0m 36s
[2026-01-23 12:40:40,086] - [root] - [INFO] - -------------------------------------------
[2026-01-23 12:40:40,086] - [root] - [INFO] - -------------------------------------------
[2026-01-23 12:40:40,086] - [root] - [INFO] - Processing 1-22-2026 5dpi 226-W2021010-435_R1.png
[2026-01-23 12:41:00,644] - [root] - [INFO] - Finished loading mask: 0m 20s
[2026-01-23 12:41:11,283] - [root] - [INFO] - Finished crop and inference: 0m 31s
[2026-01-23 12:41:12,901] - [root] - [INFO] - Analysis finished: 0m 32s
[2026-01-23 12:41:12,901] - [root] - [INFO] - -------------------------------------------
[2026-01-23 12:41:12,902] - [root] - [INFO] - -------------------------------------------
[2026-01-23 12:41:12,902] - [root] - [INFO] - Processing 1-22-2026 5dpi 230-W2021010-373_R2.png
[2026-01-23 12:41:33,029] - [root] - [INFO] - Finished loading mask: 0m 20s
[2026-01-23 12:41:56,507] - [root] - [INFO] - Finished crop and inference: 0m 43s
[2026-01-23 12:41:58,220] - [root] - [INFO] - Analysis finished: 0m 45s
[2026-01-23 12:41:58,220] - [root] - [INFO] - -------------------------------------------
[2026-01-23 12:41:58,220] - [root] - [INFO] - -------------------------------------------
[2026-01-23 12:41:58,220] - [root] - [INFO] - Processing 1-22-2026 5dpi 233-W2021009-215_R2.png
[2026-01-23 12:42:18,243] - [root] - [INFO] - Finished loading mask: 0m 20s
[2026-01-23 12:42:29,961] - [root] - [INFO] - Finished crop and inference: 0m 31s
[2026-01-23 12:42:31,617] - [root] - [INFO] - Analysis finished: 0m 33s
[2026-01-23 12:42:31,619] - [root] - [INFO] - -------------------------------------------
[2026-01-23 12:42:31,619] - [root] - [INFO] - -------------------------------------------
[2026-01-23 12:42:31,619] - [root] - [INFO] - Processing 1-22-2026 5dpi 240-Symphony_R2.png
[2026-01-23 12:42:52,005] - [root] - [INFO] - Finished loading mask: 0m 20s
[2026-01-23 12:43:14,131] - [root] - [INFO] - Finished crop and inference: 0m 42s
              timestamp time_elapsed  ... severity_rate_patch Gradient_sr2
0   2026-01-23 11:48:21       0m 30s  ...                1.74         0.04
1   2026-01-23 11:48:52       0m 30s  ...                4.36         0.11
2   2026-01-23 11:49:22       0m 31s  ...                0.85         0.02
3   2026-01-23 11:49:54       0m 34s  ...               25.47         0.67
4   2026-01-23 11:50:28       0m 35s  ...               37.39         0.99
..                  ...          ...  ...                 ...          ...
75  2026-01-23 12:31:00       0m 32s  ...               24.95         0.55
76  2026-01-23 12:31:33       0m 40s  ...               79.18         2.11
77  2026-01-23 12:32:13       0m 32s  ...                4.96         0.12
78  2026-01-23 12:32:46       0m 30s  ...                6.35         0.16
79  2026-01-23 12:33:17       0m 31s  ...               13.00         0.28

[80 rows x 24 columns]
              timestamp time_elapsed  ... severity_rate_patch Gradient_sr2
0   2026-01-23 11:48:21       0m 30s  ...                1.74         0.04
1   2026-01-23 11:48:52       0m 30s  ...                4.36         0.11
2   2026-01-23 11:49:22       0m 31s  ...                0.85         0.02
3   2026-01-23 11:49:54       0m 34s  ...               25.47         0.67
4   2026-01-23 11:50:28       0m 35s  ...               37.39         0.99
..                  ...          ...  ...                 ...          ...
76  2026-01-23 12:31:33       0m 40s  ...               79.18         2.11
77  2026-01-23 12:32:13       0m 32s  ...                4.96         0.12
78  2026-01-23 12:32:46       0m 30s  ...                6.35         0.16
79  2026-01-23 12:33:17       0m 31s  ...               13.00         0.28
80  2026-01-23 12:33:48       0m 32s  ...                5.94         0.15

[81 rows x 24 columns]
              timestamp time_elapsed  ... severity_rate_patch Gradient_sr2
0   2026-01-23 11:48:21       0m 30s  ...                1.74         0.04
1   2026-01-23 11:48:52       0m 30s  ...                4.36         0.11
2   2026-01-23 11:49:22       0m 31s  ...                0.85         0.02
3   2026-01-23 11:49:54       0m 34s  ...               25.47         0.67
4   2026-01-23 11:50:28       0m 35s  ...               37.39         0.99
..                  ...          ...  ...                 ...          ...
77  2026-01-23 12:32:13       0m 32s  ...                4.96         0.12
78  2026-01-23 12:32:46       0m 30s  ...                6.35         0.16
79  2026-01-23 12:33:17       0m 31s  ...               13.00         0.28
80  2026-01-23 12:33:48       0m 32s  ...                5.94         0.15
81  2026-01-23 12:34:20       0m 41s  ...               85.45         2.49

[82 rows x 24 columns]
              timestamp time_elapsed  ... severity_rate_patch Gradient_sr2
0   2026-01-23 11:48:21       0m 30s  ...                1.74         0.04
1   2026-01-23 11:48:52       0m 30s  ...                4.36         0.11
2   2026-01-23 11:49:22       0m 31s  ...                0.85         0.02
3   2026-01-23 11:49:54       0m 34s  ...               25.47         0.67
4   2026-01-23 11:50:28       0m 35s  ...               37.39         0.99
..                  ...          ...  ...                 ...          ...
78  2026-01-23 12:32:46       0m 30s  ...                6.35         0.16
79  2026-01-23 12:33:17       0m 31s  ...               13.00         0.28
80  2026-01-23 12:33:48       0m 32s  ...                5.94         0.15
81  2026-01-23 12:34:20       0m 41s  ...               85.45         2.49
82  2026-01-23 12:35:02       0m 33s  ...                9.54         0.25

[83 rows x 24 columns]
              timestamp time_elapsed  ... severity_rate_patch Gradient_sr2
0   2026-01-23 11:48:21       0m 30s  ...                1.74         0.04
1   2026-01-23 11:48:52       0m 30s  ...                4.36         0.11
2   2026-01-23 11:49:22       0m 31s  ...                0.85         0.02
3   2026-01-23 11:49:54       0m 34s  ...               25.47         0.67
4   2026-01-23 11:50:28       0m 35s  ...               37.39         0.99
..                  ...          ...  ...                 ...          ...
79  2026-01-23 12:33:17       0m 31s  ...               13.00         0.28
80  2026-01-23 12:33:48       0m 32s  ...                5.94         0.15
81  2026-01-23 12:34:20       0m 41s  ...               85.45         2.49
82  2026-01-23 12:35:02       0m 33s  ...                9.54         0.25
83  2026-01-23 12:35:36       0m 35s  ...               23.32         0.63

[84 rows x 24 columns]
              timestamp time_elapsed  ... severity_rate_patch Gradient_sr2
0   2026-01-23 11:48:21       0m 30s  ...                1.74         0.04
1   2026-01-23 11:48:52       0m 30s  ...                4.36         0.11
2   2026-01-23 11:49:22       0m 31s  ...                0.85         0.02
3   2026-01-23 11:49:54       0m 34s  ...               25.47         0.67
4   2026-01-23 11:50:28       0m 35s  ...               37.39         0.99
..                  ...          ...  ...                 ...          ...
80  2026-01-23 12:33:48       0m 32s  ...                5.94         0.15
81  2026-01-23 12:34:20       0m 41s  ...               85.45         2.49
82  2026-01-23 12:35:02       0m 33s  ...                9.54         0.25
83  2026-01-23 12:35:36       0m 35s  ...               23.32         0.63
84  2026-01-23 12:36:11       0m 31s  ...                7.13         0.17

[85 rows x 24 columns]
              timestamp time_elapsed  ... severity_rate_patch Gradient_sr2
0   2026-01-23 11:48:21       0m 30s  ...                1.74         0.04
1   2026-01-23 11:48:52       0m 30s  ...                4.36         0.11
2   2026-01-23 11:49:22       0m 31s  ...                0.85         0.02
3   2026-01-23 11:49:54       0m 34s  ...               25.47         0.67
4   2026-01-23 11:50:28       0m 35s  ...               37.39         0.99
..                  ...          ...  ...                 ...          ...
81  2026-01-23 12:34:20       0m 41s  ...               85.45         2.49
82  2026-01-23 12:35:02       0m 33s  ...                9.54         0.25
83  2026-01-23 12:35:36       0m 35s  ...               23.32         0.63
84  2026-01-23 12:36:11       0m 31s  ...                7.13         0.17
85  2026-01-23 12:36:43       0m 31s  ...                6.06         0.16

[86 rows x 24 columns]
              timestamp time_elapsed  ... severity_rate_patch Gradient_sr2
0   2026-01-23 11:48:21       0m 30s  ...                1.74         0.04
1   2026-01-23 11:48:52       0m 30s  ...                4.36         0.11
2   2026-01-23 11:49:22       0m 31s  ...                0.85         0.02
3   2026-01-23 11:49:54       0m 34s  ...               25.47         0.67
4   2026-01-23 11:50:28       0m 35s  ...               37.39         0.99
..                  ...          ...  ...                 ...          ...
82  2026-01-23 12:35:02       0m 33s  ...                9.54         0.25
83  2026-01-23 12:35:36       0m 35s  ...               23.32         0.63
84  2026-01-23 12:36:11       0m 31s  ...                7.13         0.17
85  2026-01-23 12:36:43       0m 31s  ...                6.06         0.16
86  2026-01-23 12:37:14       0m 31s  ...                1.20         0.03

[87 rows x 24 columns]
[2026-01-23 12:43:15,804] - [root] - [INFO] - Analysis finished: 0m 44s
[2026-01-23 12:43:15,804] - [root] - [INFO] - -------------------------------------------
[2026-01-23 12:43:15,804] - [root] - [INFO] - -------------------------------------------
[2026-01-23 12:43:15,804] - [root] - [INFO] - Processing 1-22-2026 5dpi 254-W2021010-352_R2.png
[2026-01-23 12:43:35,982] - [root] - [INFO] - Finished loading mask: 0m 20s
[2026-01-23 12:43:43,883] - [root] - [INFO] - Finished crop and inference: 0m 28s
[2026-01-23 12:43:45,579] - [root] - [INFO] - Analysis finished: 0m 29s
[2026-01-23 12:43:45,579] - [root] - [INFO] - -------------------------------------------
[2026-01-23 12:43:45,579] - [root] - [INFO] - -------------------------------------------
[2026-01-23 12:43:45,579] - [root] - [INFO] - Processing 1-22-2026 5dpi 266-W2021009-193_R1.png
[2026-01-23 12:44:05,846] - [root] - [INFO] - Finished loading mask: 0m 20s
[2026-01-23 12:44:15,354] - [root] - [INFO] - Finished crop and inference: 0m 29s
[2026-01-23 12:44:16,935] - [root] - [INFO] - Analysis finished: 0m 31s
[2026-01-23 12:44:16,935] - [root] - [INFO] - -------------------------------------------
[2026-01-23 12:44:16,935] - [root] - [INFO] - -------------------------------------------
[2026-01-23 12:44:16,935] - [root] - [INFO] - Processing 1-22-2026 5dpi 313-W2021010-343_R1.png
[2026-01-23 12:44:36,519] - [root] - [INFO] - Finished loading mask: 0m 19s
[2026-01-23 12:44:45,491] - [root] - [INFO] - Finished crop and inference: 0m 28s
[2026-01-23 12:44:47,173] - [root] - [INFO] - Analysis finished: 0m 30s
[2026-01-23 12:44:47,173] - [root] - [INFO] - -------------------------------------------
[2026-01-23 12:44:47,173] - [root] - [INFO] - -------------------------------------------
[2026-01-23 12:44:47,173] - [root] - [INFO] - Processing 1-22-2026 5dpi 336-W2021011-506_R2.png
[2026-01-23 12:45:06,816] - [root] - [INFO] - Finished loading mask: 0m 19s
[2026-01-23 12:45:22,126] - [root] - [INFO] - Finished crop and inference: 0m 34s
[2026-01-23 12:45:23,658] - [root] - [INFO] - Analysis finished: 0m 36s
[2026-01-23 12:45:23,658] - [root] - [INFO] - -------------------------------------------
[2026-01-23 12:45:23,674] - [root] - [INFO] - Saved C:\Users\Intel User\Desktop\blackbird_scripts\data\Results\ResNet_upth0.6_downth0.1_Jan22_10-21-00_2026\1-22-2026\th_0.7\severity_rate_tray_5dpi.csv
              timestamp time_elapsed  ... severity_rate_patch Gradient_sr2
0   2026-01-23 11:48:21       0m 30s  ...                1.74         0.04
1   2026-01-23 11:48:52       0m 30s  ...                4.36         0.11
2   2026-01-23 11:49:22       0m 31s  ...                0.85         0.02
3   2026-01-23 11:49:54       0m 34s  ...               25.47         0.67
4   2026-01-23 11:50:28       0m 35s  ...               37.39         0.99
..                  ...          ...  ...                 ...          ...
83  2026-01-23 12:35:36       0m 35s  ...               23.32         0.63
84  2026-01-23 12:36:11       0m 31s  ...                7.13         0.17
85  2026-01-23 12:36:43       0m 31s  ...                6.06         0.16
86  2026-01-23 12:37:14       0m 31s  ...                1.20         0.03
87  2026-01-23 12:37:45       0m 35s  ...               31.65         0.76

[88 rows x 24 columns]
              timestamp time_elapsed  ... severity_rate_patch Gradient_sr2
0   2026-01-23 11:48:21       0m 30s  ...                1.74         0.04
1   2026-01-23 11:48:52       0m 30s  ...                4.36         0.11
2   2026-01-23 11:49:22       0m 31s  ...                0.85         0.02
3   2026-01-23 11:49:54       0m 34s  ...               25.47         0.67
4   2026-01-23 11:50:28       0m 35s  ...               37.39         0.99
..                  ...          ...  ...                 ...          ...
84  2026-01-23 12:36:11       0m 31s  ...                7.13         0.17
85  2026-01-23 12:36:43       0m 31s  ...                6.06         0.16
86  2026-01-23 12:37:14       0m 31s  ...                1.20         0.03
87  2026-01-23 12:37:45       0m 35s  ...               31.65         0.76
88  2026-01-23 12:38:21       0m 36s  ...               42.68         1.19

[89 rows x 24 columns]
              timestamp time_elapsed  ... severity_rate_patch Gradient_sr2
0   2026-01-23 11:48:21       0m 30s  ...                1.74         0.04
1   2026-01-23 11:48:52       0m 30s  ...                4.36         0.11
2   2026-01-23 11:49:22       0m 31s  ...                0.85         0.02
3   2026-01-23 11:49:54       0m 34s  ...               25.47         0.67
4   2026-01-23 11:50:28       0m 35s  ...               37.39         0.99
..                  ...          ...  ...                 ...          ...
85  2026-01-23 12:36:43       0m 31s  ...                6.06         0.16
86  2026-01-23 12:37:14       0m 31s  ...                1.20         0.03
87  2026-01-23 12:37:45       0m 35s  ...               31.65         0.76
88  2026-01-23 12:38:21       0m 36s  ...               42.68         1.19
89  2026-01-23 12:38:57       0m 33s  ...               14.13         0.40

[90 rows x 24 columns]
              timestamp time_elapsed  ... severity_rate_patch Gradient_sr2
0   2026-01-23 11:48:21       0m 30s  ...                1.74         0.04
1   2026-01-23 11:48:52       0m 30s  ...                4.36         0.11
2   2026-01-23 11:49:22       0m 31s  ...                0.85         0.02
3   2026-01-23 11:49:54       0m 34s  ...               25.47         0.67
4   2026-01-23 11:50:28       0m 35s  ...               37.39         0.99
..                  ...          ...  ...                 ...          ...
86  2026-01-23 12:37:14       0m 31s  ...                1.20         0.03
87  2026-01-23 12:37:45       0m 35s  ...               31.65         0.76
88  2026-01-23 12:38:21       0m 36s  ...               42.68         1.19
89  2026-01-23 12:38:57       0m 33s  ...               14.13         0.40
90  2026-01-23 12:39:31       0m 32s  ...               11.52         0.30

[91 rows x 24 columns]
              timestamp time_elapsed  ... severity_rate_patch Gradient_sr2
0   2026-01-23 11:48:21       0m 30s  ...                1.74         0.04
1   2026-01-23 11:48:52       0m 30s  ...                4.36         0.11
2   2026-01-23 11:49:22       0m 31s  ...                0.85         0.02
3   2026-01-23 11:49:54       0m 34s  ...               25.47         0.67
4   2026-01-23 11:50:28       0m 35s  ...               37.39         0.99
..                  ...          ...  ...                 ...          ...
87  2026-01-23 12:37:45       0m 35s  ...               31.65         0.76
88  2026-01-23 12:38:21       0m 36s  ...               42.68         1.19
89  2026-01-23 12:38:57       0m 33s  ...               14.13         0.40
90  2026-01-23 12:39:31       0m 32s  ...               11.52         0.30
91  2026-01-23 12:40:03       0m 36s  ...               45.04         1.15

[92 rows x 24 columns]
              timestamp time_elapsed  ... severity_rate_patch Gradient_sr2
0   2026-01-23 11:48:21       0m 30s  ...                1.74         0.04
1   2026-01-23 11:48:52       0m 30s  ...                4.36         0.11
2   2026-01-23 11:49:22       0m 31s  ...                0.85         0.02
3   2026-01-23 11:49:54       0m 34s  ...               25.47         0.67
4   2026-01-23 11:50:28       0m 35s  ...               37.39         0.99
..                  ...          ...  ...                 ...          ...
88  2026-01-23 12:38:21       0m 36s  ...               42.68         1.19
89  2026-01-23 12:38:57       0m 33s  ...               14.13         0.40
90  2026-01-23 12:39:31       0m 32s  ...               11.52         0.30
91  2026-01-23 12:40:03       0m 36s  ...               45.04         1.15
92  2026-01-23 12:40:40       0m 32s  ...               13.53         0.35

[93 rows x 24 columns]
              timestamp time_elapsed  ... severity_rate_patch Gradient_sr2
0   2026-01-23 11:48:21       0m 30s  ...                1.74         0.04
1   2026-01-23 11:48:52       0m 30s  ...                4.36         0.11
2   2026-01-23 11:49:22       0m 31s  ...                0.85         0.02
3   2026-01-23 11:49:54       0m 34s  ...               25.47         0.67
4   2026-01-23 11:50:28       0m 35s  ...               37.39         0.99
..                  ...          ...  ...                 ...          ...
89  2026-01-23 12:38:57       0m 33s  ...               14.13         0.40
90  2026-01-23 12:39:31       0m 32s  ...               11.52         0.30
91  2026-01-23 12:40:03       0m 36s  ...               45.04         1.15
92  2026-01-23 12:40:40       0m 32s  ...               13.53         0.35
93  2026-01-23 12:41:12       0m 45s  ...               98.85         3.19

[94 rows x 24 columns]
              timestamp time_elapsed  ... severity_rate_patch Gradient_sr2
0   2026-01-23 11:48:21       0m 30s  ...                1.74         0.04
1   2026-01-23 11:48:52       0m 30s  ...                4.36         0.11
2   2026-01-23 11:49:22       0m 31s  ...                0.85         0.02
3   2026-01-23 11:49:54       0m 34s  ...               25.47         0.67
4   2026-01-23 11:50:28       0m 35s  ...               37.39         0.99
..                  ...          ...  ...                 ...          ...
90  2026-01-23 12:39:31       0m 32s  ...               11.52         0.30
91  2026-01-23 12:40:03       0m 36s  ...               45.04         1.15
92  2026-01-23 12:40:40       0m 32s  ...               13.53         0.35
93  2026-01-23 12:41:12       0m 45s  ...               98.85         3.19
94  2026-01-23 12:41:58       0m 33s  ...               17.16         0.48

[95 rows x 24 columns]
              timestamp time_elapsed  ... severity_rate_patch Gradient_sr2
0   2026-01-23 11:48:21       0m 30s  ...                1.74         0.04
1   2026-01-23 11:48:52       0m 30s  ...                4.36         0.11
2   2026-01-23 11:49:22       0m 31s  ...                0.85         0.02
3   2026-01-23 11:49:54       0m 34s  ...               25.47         0.67
4   2026-01-23 11:50:28       0m 35s  ...               37.39         0.99
..                  ...          ...  ...                 ...          ...
91  2026-01-23 12:40:03       0m 36s  ...               45.04         1.15
92  2026-01-23 12:40:40       0m 32s  ...               13.53         0.35
93  2026-01-23 12:41:12       0m 45s  ...               98.85         3.19
94  2026-01-23 12:41:58       0m 33s  ...               17.16         0.48
95  2026-01-23 12:42:31       0m 44s  ...               83.68         2.54

[96 rows x 24 columns]
              timestamp time_elapsed  ... severity_rate_patch Gradient_sr2
0   2026-01-23 11:48:21       0m 30s  ...                1.74         0.04
1   2026-01-23 11:48:52       0m 30s  ...                4.36         0.11
2   2026-01-23 11:49:22       0m 31s  ...                0.85         0.02
3   2026-01-23 11:49:54       0m 34s  ...               25.47         0.67
4   2026-01-23 11:50:28       0m 35s  ...               37.39         0.99
..                  ...          ...  ...                 ...          ...
92  2026-01-23 12:40:40       0m 32s  ...               13.53         0.35
93  2026-01-23 12:41:12       0m 45s  ...               98.85         3.19
94  2026-01-23 12:41:58       0m 33s  ...               17.16         0.48
95  2026-01-23 12:42:31       0m 44s  ...               83.68         2.54
96  2026-01-23 12:43:15       0m 29s  ...                2.20         0.06

[97 rows x 24 columns]
              timestamp time_elapsed  ... severity_rate_patch Gradient_sr2
0   2026-01-23 11:48:21       0m 30s  ...                1.74         0.04
1   2026-01-23 11:48:52       0m 30s  ...                4.36         0.11
2   2026-01-23 11:49:22       0m 31s  ...                0.85         0.02
3   2026-01-23 11:49:54       0m 34s  ...               25.47         0.67
4   2026-01-23 11:50:28       0m 35s  ...               37.39         0.99
..                  ...          ...  ...                 ...          ...
93  2026-01-23 12:41:12       0m 45s  ...               98.85         3.19
94  2026-01-23 12:41:58       0m 33s  ...               17.16         0.48
95  2026-01-23 12:42:31       0m 44s  ...               83.68         2.54
96  2026-01-23 12:43:15       0m 29s  ...                2.20         0.06
97  2026-01-23 12:43:45       0m 31s  ...               10.16         0.27

[98 rows x 24 columns]
              timestamp time_elapsed  ... severity_rate_patch Gradient_sr2
0   2026-01-23 11:48:21       0m 30s  ...                1.74         0.04
1   2026-01-23 11:48:52       0m 30s  ...                4.36         0.11
2   2026-01-23 11:49:22       0m 31s  ...                0.85         0.02
3   2026-01-23 11:49:54       0m 34s  ...               25.47         0.67
4   2026-01-23 11:50:28       0m 35s  ...               37.39         0.99
..                  ...          ...  ...                 ...          ...
94  2026-01-23 12:41:58       0m 33s  ...               17.16         0.48
95  2026-01-23 12:42:31       0m 44s  ...               83.68         2.54
96  2026-01-23 12:43:15       0m 29s  ...                2.20         0.06
97  2026-01-23 12:43:45       0m 31s  ...               10.16         0.27
98  2026-01-23 12:44:16       0m 30s  ...                4.23         0.11

[99 rows x 24 columns]
              timestamp time_elapsed  ... severity_rate_patch Gradient_sr2
0   2026-01-23 11:48:21       0m 30s  ...                1.74         0.04
1   2026-01-23 11:48:52       0m 30s  ...                4.36         0.11
2   2026-01-23 11:49:22       0m 31s  ...                0.85         0.02
3   2026-01-23 11:49:54       0m 34s  ...               25.47         0.67
4   2026-01-23 11:50:28       0m 35s  ...               37.39         0.99
..                  ...          ...  ...                 ...          ...
95  2026-01-23 12:42:31       0m 44s  ...               83.68         2.54
96  2026-01-23 12:43:15       0m 29s  ...                2.20         0.06
97  2026-01-23 12:43:45       0m 31s  ...               10.16         0.27
98  2026-01-23 12:44:16       0m 30s  ...                4.23         0.11
99  2026-01-23 12:44:47       0m 36s  ...               47.28         1.25

[100 rows x 24 columns]

real	57m9.649s
user	0m0.015s
sys	0m0.000s
