[2026-01-23 14:30:31,892] - [root] - [INFO] - leaf_correlation_mw.py
[2026-01-23 14:30:31,892] - [root] - [INFO] - model_type       : ResNet
[2026-01-23 14:30:31,892] - [root] - [INFO] - pretrained       : True
[2026-01-23 14:30:31,892] - [root] - [INFO] - loading_epoch    : 65
[2026-01-23 14:30:31,892] - [root] - [INFO] - timestamp        : Jan22_10-21-00_2026
[2026-01-23 14:30:31,893] - [root] - [INFO] - outdim           : 2
[2026-01-23 14:30:31,893] - [root] - [INFO] - dual_head        : True
[2026-01-23 14:30:31,893] - [root] - [INFO] - model_path       : ../..
[2026-01-23 14:30:31,893] - [root] - [INFO] - step_size        : 224
[2026-01-23 14:30:31,893] - [root] - [INFO] - means            : [0.541, 0.6371, 0.4188]
[2026-01-23 14:30:31,893] - [root] - [INFO] - stds             : [0.1764, 0.165, 0.2326]
[2026-01-23 14:30:31,893] - [root] - [INFO] - target_class     : 1
[2026-01-23 14:30:31,893] - [root] - [INFO] - contam_control   : False
[2026-01-23 14:30:31,893] - [root] - [INFO] - spor_th          : 0.8
[2026-01-23 14:30:31,893] - [root] - [INFO] - inf_gate         : 0.3
[2026-01-23 14:30:31,893] - [root] - [INFO] - pm               : HPM-1269
[2026-01-23 14:30:31,893] - [root] - [INFO] - mps              : False
[2026-01-23 14:30:31,893] - [root] - [INFO] - cuda             : True
[2026-01-23 14:30:31,893] - [root] - [INFO] - cuda_id          : 0
[2026-01-23 14:30:31,893] - [root] - [INFO] - sal_threshold    : 0.5
[2026-01-23 14:30:31,893] - [root] - [INFO] - up_threshold     : 0.6
[2026-01-23 14:30:31,894] - [root] - [INFO] - down_threshold   : 0.1
[2026-01-23 14:30:31,894] - [root] - [INFO] - dataset_path     : C:/Users/Intel User/Desktop/blackbird_scripts/data/human_disk_assessments
[2026-01-23 14:30:31,894] - [root] - [INFO] - img_folder       : 1-22-2026
[2026-01-23 14:30:31,894] - [root] - [INFO] - platform         : BlackBird
[2026-01-23 14:30:31,894] - [root] - [INFO] - threshold        : ['0.7']
[2026-01-23 14:30:31,894] - [root] - [INFO] - log              : ../../results/logs/random.log
[2026-01-23 14:30:31,894] - [root] - [INFO] - dpi              : 5
[2026-01-23 14:30:31,894] - [root] - [INFO] - group            : baseline
[2026-01-23 14:30:31,894] - [root] - [INFO] - trays            : ['5dpi']
[2026-01-23 14:30:31,894] - [root] - [INFO] - sal_gradcam      : False
[2026-01-23 14:30:31,894] - [root] - [INFO] - sal_gradient     : True
[2026-01-23 14:30:31,894] - [root] - [INFO] - sal_smoothgrad   : False
[2026-01-23 14:30:31,894] - [root] - [INFO] - sal_deeplift     : False
[2026-01-23 14:30:31,894] - [root] - [INFO] - sal_thresh_method : fixed
[2026-01-23 14:30:31,894] - [root] - [INFO] - sal_thresh_p     : 95.0
[2026-01-23 14:30:32,956] - [root] - [INFO] - -------------------------------------------
[2026-01-23 14:30:32,956] - [root] - [INFO] - Processing 1-22-2026 5dpi 002-W2021006-081_R1.png
[2026-01-23 14:30:49,202] - [root] - [INFO] - Finished loading mask: 0m 16s
[2026-01-23 14:30:57,153] - [root] - [INFO] - Finished crop and inference: 0m 24s
[2026-01-23 14:30:58,433] - [root] - [INFO] - Analysis finished: 0m 25s
[2026-01-23 14:30:58,433] - [root] - [INFO] - -------------------------------------------
[2026-01-23 14:30:58,434] - [root] - [INFO] - -------------------------------------------
[2026-01-23 14:30:58,434] - [root] - [INFO] - Processing 1-22-2026 5dpi 002-W2021010-336_R2.png
[2026-01-23 14:31:14,682] - [root] - [INFO] - Finished loading mask: 0m 16s
[2026-01-23 14:31:22,460] - [root] - [INFO] - Finished crop and inference: 0m 24s
[2026-01-23 14:31:24,004] - [root] - [INFO] - Analysis finished: 0m 25s
[2026-01-23 14:31:24,004] - [root] - [INFO] - -------------------------------------------
[2026-01-23 14:31:24,004] - [root] - [INFO] - -------------------------------------------
[2026-01-23 14:31:24,004] - [root] - [INFO] - Processing 1-22-2026 5dpi 005-W2021011-592_R2.png
[2026-01-23 14:31:40,780] - [root] - [INFO] - Finished loading mask: 0m 16s
[2026-01-23 14:31:48,928] - [root] - [INFO] - Finished crop and inference: 0m 24s
[2026-01-23 14:31:50,375] - [root] - [INFO] - Analysis finished: 0m 26s
[2026-01-23 14:31:50,375] - [root] - [INFO] - -------------------------------------------
[2026-01-23 14:31:50,376] - [root] - [INFO] - -------------------------------------------
[2026-01-23 14:31:50,376] - [root] - [INFO] - Processing 1-22-2026 5dpi 009-W2021010-311_R2.png
[2026-01-23 14:32:07,414] - [root] - [INFO] - Finished loading mask: 0m 17s
[2026-01-23 14:32:18,515] - [root] - [INFO] - Finished crop and inference: 0m 28s
[2026-01-23 14:32:19,995] - [root] - [INFO] - Analysis finished: 0m 29s
[2026-01-23 14:32:19,995] - [root] - [INFO] - -------------------------------------------
[2026-01-23 14:32:19,995] - [root] - [INFO] - -------------------------------------------
[2026-01-23 14:32:19,995] - [root] - [INFO] - Processing 1-22-2026 5dpi 010-W2021010-347_R2.png
[2026-01-23 14:32:37,014] - [root] - [INFO] - Finished loading mask: 0m 17s
[2026-01-23 14:32:48,680] - [root] - [INFO] - Finished crop and inference: 0m 28s
[2026-01-23 14:32:50,187] - [root] - [INFO] - Analysis finished: 0m 30s
[2026-01-23 14:32:50,187] - [root] - [INFO] - -------------------------------------------
[2026-01-23 14:32:50,187] - [root] - [INFO] - -------------------------------------------
[2026-01-23 14:32:50,187] - [root] - [INFO] - Processing 1-22-2026 5dpi 013-W2021009-172_R2.png
[2026-01-23 14:33:07,057] - [root] - [INFO] - Finished loading mask: 0m 16s
[2026-01-23 14:33:14,801] - [root] - [INFO] - Finished crop and inference: 0m 24s
[2026-01-23 14:33:16,267] - [root] - [INFO] - Analysis finished: 0m 26s
[2026-01-23 14:33:16,267] - [root] - [INFO] - -------------------------------------------
[2026-01-23 14:33:16,267] - [root] - [INFO] - -------------------------------------------
[2026-01-23 14:33:16,267] - [root] - [INFO] - Processing 1-22-2026 5dpi 015-W2021009-160_R1.png
[2026-01-23 14:33:32,657] - [root] - [INFO] - Finished loading mask: 0m 16s
[2026-01-23 14:33:44,415] - [root] - [INFO] - Finished crop and inference: 0m 28s
[2026-01-23 14:33:45,901] - [root] - [INFO] - Analysis finished: 0m 29s
[2026-01-23 14:33:45,901] - [root] - [INFO] - -------------------------------------------
[2026-01-23 14:33:45,901] - [root] - [INFO] - -------------------------------------------
[2026-01-23 14:33:45,901] - [root] - [INFO] - Processing 1-22-2026 5dpi 015-W2021011-633_R1.png
[2026-01-23 14:34:03,315] - [root] - [INFO] - Finished loading mask: 0m 17s
[2026-01-23 14:34:14,206] - [root] - [INFO] - Finished crop and inference: 0m 28s
[2026-01-23 14:34:15,715] - [root] - [INFO] - Analysis finished: 0m 29s
[2026-01-23 14:34:15,715] - [root] - [INFO] - -------------------------------------------
[2026-01-23 14:34:15,715] - [root] - [INFO] - -------------------------------------------
[2026-01-23 14:34:15,715] - [root] - [INFO] - Processing 1-22-2026 5dpi 017-W2021006-612_R2.png
[2026-01-23 14:34:32,735] - [root] - [INFO] - Finished loading mask: 0m 17s
[2026-01-23 14:34:43,110] - [root] - [INFO] - Finished crop and inference: 0m 27s
[2026-01-23 14:34:44,597] - [root] - [INFO] - Analysis finished: 0m 28s
[2026-01-23 14:34:44,597] - [root] - [INFO] - -------------------------------------------
[2026-01-23 14:34:44,597] - [root] - [INFO] - -------------------------------------------
[2026-01-23 14:34:44,597] - [root] - [INFO] - Processing 1-22-2026 5dpi 019-W2021010-428_R2.png
[2026-01-23 14:35:01,590] - [root] - [INFO] - Finished loading mask: 0m 16s
[2026-01-23 14:35:09,211] - [root] - [INFO] - Finished crop and inference: 0m 24s
[2026-01-23 14:35:10,689] - [root] - [INFO] - Analysis finished: 0m 26s
[2026-01-23 14:35:10,689] - [root] - [INFO] - -------------------------------------------
[2026-01-23 14:35:10,689] - [root] - [INFO] - -------------------------------------------
[2026-01-23 14:35:10,689] - [root] - [INFO] - Processing 1-22-2026 5dpi 021-W2021009-175_R1.png
[2026-01-23 14:35:27,010] - [root] - [INFO] - Finished loading mask: 0m 16s
[2026-01-23 14:35:35,356] - [root] - [INFO] - Finished crop and inference: 0m 24s
[2026-01-23 14:35:36,844] - [root] - [INFO] - Analysis finished: 0m 26s
[2026-01-23 14:35:36,844] - [root] - [INFO] - -------------------------------------------
[2026-01-23 14:35:36,844] - [root] - [INFO] - -------------------------------------------
[2026-01-23 14:35:36,844] - [root] - [INFO] - Processing 1-22-2026 5dpi 022-W2021009-198_R2.png
[2026-01-23 14:35:53,640] - [root] - [INFO] - Finished loading mask: 0m 16s
[2026-01-23 14:36:04,157] - [root] - [INFO] - Finished crop and inference: 0m 27s
[2026-01-23 14:36:05,626] - [root] - [INFO] - Analysis finished: 0m 28s
[2026-01-23 14:36:05,626] - [root] - [INFO] - -------------------------------------------
[2026-01-23 14:36:05,626] - [root] - [INFO] - -------------------------------------------
[2026-01-23 14:36:05,626] - [root] - [INFO] - Processing 1-22-2026 5dpi 023-W2021006-049_R1.png
[2026-01-23 14:36:22,425] - [root] - [INFO] - Finished loading mask: 0m 16s
[2026-01-23 14:36:31,912] - [root] - [INFO] - Finished crop and inference: 0m 26s
[2026-01-23 14:36:33,385] - [root] - [INFO] - Analysis finished: 0m 27s
[2026-01-23 14:36:33,385] - [root] - [INFO] - -------------------------------------------
[2026-01-23 14:36:33,385] - [root] - [INFO] - -------------------------------------------
[2026-01-23 14:36:33,386] - [root] - [INFO] - Processing 1-22-2026 5dpi 023-W2021010-305_R2.png
[2026-01-23 14:36:50,364] - [root] - [INFO] - Finished loading mask: 0m 16s
[2026-01-23 14:36:59,500] - [root] - [INFO] - Finished crop and inference: 0m 26s
[2026-01-23 14:37:01,069] - [root] - [INFO] - Analysis finished: 0m 27s
[2026-01-23 14:37:01,070] - [root] - [INFO] - -------------------------------------------
[2026-01-23 14:37:01,070] - [root] - [INFO] - -------------------------------------------
[2026-01-23 14:37:01,070] - [root] - [INFO] - Processing 1-22-2026 5dpi 026-W2021009-622_R2.png
[2026-01-23 14:37:18,111] - [root] - [INFO] - Finished loading mask: 0m 17s
[2026-01-23 14:37:29,884] - [root] - [INFO] - Finished crop and inference: 0m 28s
[2026-01-23 14:37:31,310] - [root] - [INFO] - Analysis finished: 0m 30s
[2026-01-23 14:37:31,310] - [root] - [INFO] - -------------------------------------------
[2026-01-23 14:37:31,310] - [root] - [INFO] - -------------------------------------------
[2026-01-23 14:37:31,310] - [root] - [INFO] - Processing 1-22-2026 5dpi 032-W2021006-041_R2.png
[2026-01-23 14:37:48,921] - [root] - [INFO] - Finished loading mask: 0m 17s
[2026-01-23 14:37:59,756] - [root] - [INFO] - Finished crop and inference: 0m 28s
[2026-01-23 14:38:01,249] - [root] - [INFO] - Analysis finished: 0m 29s
[2026-01-23 14:38:01,249] - [root] - [INFO] - -------------------------------------------
[2026-01-23 14:38:01,249] - [root] - [INFO] - -------------------------------------------
[2026-01-23 14:38:01,249] - [root] - [INFO] - Processing 1-22-2026 5dpi 032-W2021009-155_R1.png
[2026-01-23 14:38:18,419] - [root] - [INFO] - Finished loading mask: 0m 17s
[2026-01-23 14:38:38,263] - [root] - [INFO] - Finished crop and inference: 0m 37s
[2026-01-23 14:38:39,771] - [root] - [INFO] - Analysis finished: 0m 38s
[2026-01-23 14:38:39,771] - [root] - [INFO] - -------------------------------------------
[2026-01-23 14:38:39,771] - [root] - [INFO] - -------------------------------------------
[2026-01-23 14:38:39,772] - [root] - [INFO] - Processing 1-22-2026 5dpi 036-W2021006-047_R2.png
[2026-01-23 14:38:57,731] - [root] - [INFO] - Finished loading mask: 0m 17s
[2026-01-23 14:39:05,642] - [root] - [INFO] - Finished crop and inference: 0m 25s
[2026-01-23 14:39:07,028] - [root] - [INFO] - Analysis finished: 0m 27s
[2026-01-23 14:39:07,028] - [root] - [INFO] - -------------------------------------------
[2026-01-23 14:39:07,028] - [root] - [INFO] - -------------------------------------------
[2026-01-23 14:39:07,028] - [root] - [INFO] - Processing 1-22-2026 5dpi 040-W2021009-207_R1.png
[2026-01-23 14:39:23,434] - [root] - [INFO] - Finished loading mask: 0m 16s
[2026-01-23 14:39:34,078] - [root] - [INFO] - Finished crop and inference: 0m 27s
[2026-01-23 14:39:35,653] - [root] - [INFO] - Analysis finished: 0m 28s
[2026-01-23 14:39:35,653] - [root] - [INFO] - -------------------------------------------
[2026-01-23 14:39:35,653] - [root] - [INFO] - -------------------------------------------
[2026-01-23 14:39:35,653] - [root] - [INFO] - Processing 1-22-2026 5dpi 042-W2021010-429_R1.png
[2026-01-23 14:39:52,691] - [root] - [INFO] - Finished loading mask: 0m 17s
[2026-01-23 14:40:08,304] - [root] - [INFO] - Finished crop and inference: 0m 32s
             timestamp time_elapsed  ... severity_rate_patch Gradient_sr2
0  2026-01-23 14:30:32       0m 25s  ...                1.74         0.04

[1 rows x 24 columns]
             timestamp time_elapsed  ... severity_rate_patch Gradient_sr2
0  2026-01-23 14:30:32       0m 25s  ...                1.74         0.04
1  2026-01-23 14:30:58       0m 25s  ...                4.36         0.11

[2 rows x 24 columns]
             timestamp time_elapsed  ... severity_rate_patch Gradient_sr2
0  2026-01-23 14:30:32       0m 25s  ...                1.74         0.04
1  2026-01-23 14:30:58       0m 25s  ...                4.36         0.11
2  2026-01-23 14:31:24       0m 26s  ...                0.85         0.02

[3 rows x 24 columns]
             timestamp time_elapsed  ... severity_rate_patch Gradient_sr2
0  2026-01-23 14:30:32       0m 25s  ...                1.74         0.04
1  2026-01-23 14:30:58       0m 25s  ...                4.36         0.11
2  2026-01-23 14:31:24       0m 26s  ...                0.85         0.02
3  2026-01-23 14:31:50       0m 29s  ...               25.47         0.67

[4 rows x 24 columns]
             timestamp time_elapsed  ... severity_rate_patch Gradient_sr2
0  2026-01-23 14:30:32       0m 25s  ...                1.74         0.04
1  2026-01-23 14:30:58       0m 25s  ...                4.36         0.11
2  2026-01-23 14:31:24       0m 26s  ...                0.85         0.02
3  2026-01-23 14:31:50       0m 29s  ...               25.47         0.67
4  2026-01-23 14:32:19       0m 30s  ...               37.39         0.99

[5 rows x 24 columns]
             timestamp time_elapsed  ... severity_rate_patch Gradient_sr2
0  2026-01-23 14:30:32       0m 25s  ...                1.74         0.04
1  2026-01-23 14:30:58       0m 25s  ...                4.36         0.11
2  2026-01-23 14:31:24       0m 26s  ...                0.85         0.02
3  2026-01-23 14:31:50       0m 29s  ...               25.47         0.67
4  2026-01-23 14:32:19       0m 30s  ...               37.39         0.99
5  2026-01-23 14:32:50       0m 26s  ...                0.45         0.01

[6 rows x 24 columns]
             timestamp time_elapsed  ... severity_rate_patch Gradient_sr2
0  2026-01-23 14:30:32       0m 25s  ...                1.74         0.04
1  2026-01-23 14:30:58       0m 25s  ...                4.36         0.11
2  2026-01-23 14:31:24       0m 26s  ...                0.85         0.02
3  2026-01-23 14:31:50       0m 29s  ...               25.47         0.67
4  2026-01-23 14:32:19       0m 30s  ...               37.39         0.99
5  2026-01-23 14:32:50       0m 26s  ...                0.45         0.01
6  2026-01-23 14:33:16       0m 29s  ...               38.62         0.91

[7 rows x 24 columns]
             timestamp time_elapsed  ... severity_rate_patch Gradient_sr2
0  2026-01-23 14:30:32       0m 25s  ...                1.74         0.04
1  2026-01-23 14:30:58       0m 25s  ...                4.36         0.11
2  2026-01-23 14:31:24       0m 26s  ...                0.85         0.02
3  2026-01-23 14:31:50       0m 29s  ...               25.47         0.67
4  2026-01-23 14:32:19       0m 30s  ...               37.39         0.99
5  2026-01-23 14:32:50       0m 26s  ...                0.45         0.01
6  2026-01-23 14:33:16       0m 29s  ...               38.62         0.91
7  2026-01-23 14:33:45       0m 29s  ...               19.86         0.56

[8 rows x 24 columns]
             timestamp time_elapsed  ... severity_rate_patch Gradient_sr2
0  2026-01-23 14:30:32       0m 25s  ...                1.74         0.04
1  2026-01-23 14:30:58       0m 25s  ...                4.36         0.11
2  2026-01-23 14:31:24       0m 26s  ...                0.85         0.02
3  2026-01-23 14:31:50       0m 29s  ...               25.47         0.67
4  2026-01-23 14:32:19       0m 30s  ...               37.39         0.99
5  2026-01-23 14:32:50       0m 26s  ...                0.45         0.01
6  2026-01-23 14:33:16       0m 29s  ...               38.62         0.91
7  2026-01-23 14:33:45       0m 29s  ...               19.86         0.56
8  2026-01-23 14:34:15       0m 28s  ...               39.61         1.05

[9 rows x 24 columns]
             timestamp time_elapsed  ... severity_rate_patch Gradient_sr2
0  2026-01-23 14:30:32       0m 25s  ...                1.74         0.04
1  2026-01-23 14:30:58       0m 25s  ...                4.36         0.11
2  2026-01-23 14:31:24       0m 26s  ...                0.85         0.02
3  2026-01-23 14:31:50       0m 29s  ...               25.47         0.67
4  2026-01-23 14:32:19       0m 30s  ...               37.39         0.99
5  2026-01-23 14:32:50       0m 26s  ...                0.45         0.01
6  2026-01-23 14:33:16       0m 29s  ...               38.62         0.91
7  2026-01-23 14:33:45       0m 29s  ...               19.86         0.56
8  2026-01-23 14:34:15       0m 28s  ...               39.61         1.05
9  2026-01-23 14:34:44       0m 26s  ...                1.79         0.05

[10 rows x 24 columns]
              timestamp time_elapsed  ... severity_rate_patch Gradient_sr2
0   2026-01-23 14:30:32       0m 25s  ...                1.74         0.04
1   2026-01-23 14:30:58       0m 25s  ...                4.36         0.11
2   2026-01-23 14:31:24       0m 26s  ...                0.85         0.02
3   2026-01-23 14:31:50       0m 29s  ...               25.47         0.67
4   2026-01-23 14:32:19       0m 30s  ...               37.39         0.99
5   2026-01-23 14:32:50       0m 26s  ...                0.45         0.01
6   2026-01-23 14:33:16       0m 29s  ...               38.62         0.91
7   2026-01-23 14:33:45       0m 29s  ...               19.86         0.56
8   2026-01-23 14:34:15       0m 28s  ...               39.61         1.05
9   2026-01-23 14:34:44       0m 26s  ...                1.79         0.05
10  2026-01-23 14:35:10       0m 26s  ...                2.79         0.07

[11 rows x 24 columns]
              timestamp time_elapsed  ... severity_rate_patch Gradient_sr2
0   2026-01-23 14:30:32       0m 25s  ...                1.74         0.04
1   2026-01-23 14:30:58       0m 25s  ...                4.36         0.11
2   2026-01-23 14:31:24       0m 26s  ...                0.85         0.02
3   2026-01-23 14:31:50       0m 29s  ...               25.47         0.67
4   2026-01-23 14:32:19       0m 30s  ...               37.39         0.99
5   2026-01-23 14:32:50       0m 26s  ...                0.45         0.01
6   2026-01-23 14:33:16       0m 29s  ...               38.62         0.91
7   2026-01-23 14:33:45       0m 29s  ...               19.86         0.56
8   2026-01-23 14:34:15       0m 28s  ...               39.61         1.05
9   2026-01-23 14:34:44       0m 26s  ...                1.79         0.05
10  2026-01-23 14:35:10       0m 26s  ...                2.79         0.07
11  2026-01-23 14:35:36       0m 28s  ...               20.77         0.49

[12 rows x 24 columns]
              timestamp time_elapsed  ... severity_rate_patch Gradient_sr2
0   2026-01-23 14:30:32       0m 25s  ...                1.74         0.04
1   2026-01-23 14:30:58       0m 25s  ...                4.36         0.11
2   2026-01-23 14:31:24       0m 26s  ...                0.85         0.02
3   2026-01-23 14:31:50       0m 29s  ...               25.47         0.67
4   2026-01-23 14:32:19       0m 30s  ...               37.39         0.99
5   2026-01-23 14:32:50       0m 26s  ...                0.45         0.01
6   2026-01-23 14:33:16       0m 29s  ...               38.62         0.91
7   2026-01-23 14:33:45       0m 29s  ...               19.86         0.56
8   2026-01-23 14:34:15       0m 28s  ...               39.61         1.05
9   2026-01-23 14:34:44       0m 26s  ...                1.79         0.05
10  2026-01-23 14:35:10       0m 26s  ...                2.79         0.07
11  2026-01-23 14:35:36       0m 28s  ...               20.77         0.49
12  2026-01-23 14:36:05       0m 27s  ...               20.60         0.51

[13 rows x 24 columns]
[2026-01-23 14:40:09,806] - [root] - [INFO] - Analysis finished: 0m 34s
[2026-01-23 14:40:09,806] - [root] - [INFO] - -------------------------------------------
[2026-01-23 14:40:09,806] - [root] - [INFO] - -------------------------------------------
[2026-01-23 14:40:09,806] - [root] - [INFO] - Processing 1-22-2026 5dpi 044-W2021009-169_R2.png
[2026-01-23 14:40:27,445] - [root] - [INFO] - Finished loading mask: 0m 17s
[2026-01-23 14:40:35,206] - [root] - [INFO] - Finished crop and inference: 0m 25s
[2026-01-23 14:40:36,659] - [root] - [INFO] - Analysis finished: 0m 26s
[2026-01-23 14:40:36,659] - [root] - [INFO] - -------------------------------------------
[2026-01-23 14:40:36,659] - [root] - [INFO] - -------------------------------------------
[2026-01-23 14:40:36,659] - [root] - [INFO] - Processing 1-22-2026 5dpi 044-W2021009-618_R1.png
[2026-01-23 14:40:53,069] - [root] - [INFO] - Finished loading mask: 0m 16s
[2026-01-23 14:41:03,170] - [root] - [INFO] - Finished crop and inference: 0m 26s
[2026-01-23 14:41:04,672] - [root] - [INFO] - Analysis finished: 0m 28s
[2026-01-23 14:41:04,672] - [root] - [INFO] - -------------------------------------------
[2026-01-23 14:41:04,673] - [root] - [INFO] - -------------------------------------------
[2026-01-23 14:41:04,673] - [root] - [INFO] - Processing 1-22-2026 5dpi 047-W2021011-482_R1.png
[2026-01-23 14:41:21,746] - [root] - [INFO] - Finished loading mask: 0m 17s
[2026-01-23 14:41:34,002] - [root] - [INFO] - Finished crop and inference: 0m 29s
[2026-01-23 14:41:35,446] - [root] - [INFO] - Analysis finished: 0m 30s
[2026-01-23 14:41:35,446] - [root] - [INFO] - -------------------------------------------
[2026-01-23 14:41:35,446] - [root] - [INFO] - -------------------------------------------
[2026-01-23 14:41:35,446] - [root] - [INFO] - Processing 1-22-2026 5dpi 048-W2021006-147_R1.png
[2026-01-23 14:41:52,360] - [root] - [INFO] - Finished loading mask: 0m 16s
[2026-01-23 14:41:58,408] - [root] - [INFO] - Finished crop and inference: 0m 22s
              timestamp time_elapsed  ... severity_rate_patch Gradient_sr2
0   2026-01-23 14:30:32       0m 25s  ...                1.74         0.04
1   2026-01-23 14:30:58       0m 25s  ...                4.36         0.11
2   2026-01-23 14:31:24       0m 26s  ...                0.85         0.02
3   2026-01-23 14:31:50       0m 29s  ...               25.47         0.67
4   2026-01-23 14:32:19       0m 30s  ...               37.39         0.99
5   2026-01-23 14:32:50       0m 26s  ...                0.45         0.01
6   2026-01-23 14:33:16       0m 29s  ...               38.62         0.91
7   2026-01-23 14:33:45       0m 29s  ...               19.86         0.56
8   2026-01-23 14:34:15       0m 28s  ...               39.61         1.05
9   2026-01-23 14:34:44       0m 26s  ...                1.79         0.05
10  2026-01-23 14:35:10       0m 26s  ...                2.79         0.07
11  2026-01-23 14:35:36       0m 28s  ...               20.77         0.49
12  2026-01-23 14:36:05       0m 27s  ...               20.60         0.51
13  2026-01-23 14:36:33       0m 27s  ...               15.28         0.35

[14 rows x 24 columns]
              timestamp time_elapsed  ... severity_rate_patch Gradient_sr2
0   2026-01-23 14:30:32       0m 25s  ...                1.74         0.04
1   2026-01-23 14:30:58       0m 25s  ...                4.36         0.11
2   2026-01-23 14:31:24       0m 26s  ...                0.85         0.02
3   2026-01-23 14:31:50       0m 29s  ...               25.47         0.67
4   2026-01-23 14:32:19       0m 30s  ...               37.39         0.99
5   2026-01-23 14:32:50       0m 26s  ...                0.45         0.01
6   2026-01-23 14:33:16       0m 29s  ...               38.62         0.91
7   2026-01-23 14:33:45       0m 29s  ...               19.86         0.56
8   2026-01-23 14:34:15       0m 28s  ...               39.61         1.05
9   2026-01-23 14:34:44       0m 26s  ...                1.79         0.05
10  2026-01-23 14:35:10       0m 26s  ...                2.79         0.07
11  2026-01-23 14:35:36       0m 28s  ...               20.77         0.49
12  2026-01-23 14:36:05       0m 27s  ...               20.60         0.51
13  2026-01-23 14:36:33       0m 27s  ...               15.28         0.35
14  2026-01-23 14:37:01       0m 30s  ...               30.18         0.79

[15 rows x 24 columns]
              timestamp time_elapsed  ... severity_rate_patch Gradient_sr2
0   2026-01-23 14:30:32       0m 25s  ...                1.74         0.04
1   2026-01-23 14:30:58       0m 25s  ...                4.36         0.11
2   2026-01-23 14:31:24       0m 26s  ...                0.85         0.02
3   2026-01-23 14:31:50       0m 29s  ...               25.47         0.67
4   2026-01-23 14:32:19       0m 30s  ...               37.39         0.99
5   2026-01-23 14:32:50       0m 26s  ...                0.45         0.01
6   2026-01-23 14:33:16       0m 29s  ...               38.62         0.91
7   2026-01-23 14:33:45       0m 29s  ...               19.86         0.56
8   2026-01-23 14:34:15       0m 28s  ...               39.61         1.05
9   2026-01-23 14:34:44       0m 26s  ...                1.79         0.05
10  2026-01-23 14:35:10       0m 26s  ...                2.79         0.07
11  2026-01-23 14:35:36       0m 28s  ...               20.77         0.49
12  2026-01-23 14:36:05       0m 27s  ...               20.60         0.51
13  2026-01-23 14:36:33       0m 27s  ...               15.28         0.35
14  2026-01-23 14:37:01       0m 30s  ...               30.18         0.79
15  2026-01-23 14:37:31       0m 29s  ...               19.25         0.48

[16 rows x 24 columns]
              timestamp time_elapsed  ... severity_rate_patch Gradient_sr2
0   2026-01-23 14:30:32       0m 25s  ...                1.74         0.04
1   2026-01-23 14:30:58       0m 25s  ...                4.36         0.11
2   2026-01-23 14:31:24       0m 26s  ...                0.85         0.02
3   2026-01-23 14:31:50       0m 29s  ...               25.47         0.67
4   2026-01-23 14:32:19       0m 30s  ...               37.39         0.99
5   2026-01-23 14:32:50       0m 26s  ...                0.45         0.01
6   2026-01-23 14:33:16       0m 29s  ...               38.62         0.91
7   2026-01-23 14:33:45       0m 29s  ...               19.86         0.56
8   2026-01-23 14:34:15       0m 28s  ...               39.61         1.05
9   2026-01-23 14:34:44       0m 26s  ...                1.79         0.05
10  2026-01-23 14:35:10       0m 26s  ...                2.79         0.07
11  2026-01-23 14:35:36       0m 28s  ...               20.77         0.49
12  2026-01-23 14:36:05       0m 27s  ...               20.60         0.51
13  2026-01-23 14:36:33       0m 27s  ...               15.28         0.35
14  2026-01-23 14:37:01       0m 30s  ...               30.18         0.79
15  2026-01-23 14:37:31       0m 29s  ...               19.25         0.48
16  2026-01-23 14:38:01       0m 38s  ...               85.84         2.58

[17 rows x 24 columns]
              timestamp time_elapsed  ... severity_rate_patch Gradient_sr2
0   2026-01-23 14:30:32       0m 25s  ...                1.74         0.04
1   2026-01-23 14:30:58       0m 25s  ...                4.36         0.11
2   2026-01-23 14:31:24       0m 26s  ...                0.85         0.02
3   2026-01-23 14:31:50       0m 29s  ...               25.47         0.67
4   2026-01-23 14:32:19       0m 30s  ...               37.39         0.99
5   2026-01-23 14:32:50       0m 26s  ...                0.45         0.01
6   2026-01-23 14:33:16       0m 29s  ...               38.62         0.91
7   2026-01-23 14:33:45       0m 29s  ...               19.86         0.56
8   2026-01-23 14:34:15       0m 28s  ...               39.61         1.05
9   2026-01-23 14:34:44       0m 26s  ...                1.79         0.05
10  2026-01-23 14:35:10       0m 26s  ...                2.79         0.07
11  2026-01-23 14:35:36       0m 28s  ...               20.77         0.49
12  2026-01-23 14:36:05       0m 27s  ...               20.60         0.51
13  2026-01-23 14:36:33       0m 27s  ...               15.28         0.35
14  2026-01-23 14:37:01       0m 30s  ...               30.18         0.79
15  2026-01-23 14:37:31       0m 29s  ...               19.25         0.48
16  2026-01-23 14:38:01       0m 38s  ...               85.84         2.58
17  2026-01-23 14:38:39       0m 27s  ...                0.76         0.02

[18 rows x 24 columns]
              timestamp time_elapsed  ... severity_rate_patch Gradient_sr2
0   2026-01-23 14:30:32       0m 25s  ...                1.74         0.04
1   2026-01-23 14:30:58       0m 25s  ...                4.36         0.11
2   2026-01-23 14:31:24       0m 26s  ...                0.85         0.02
3   2026-01-23 14:31:50       0m 29s  ...               25.47         0.67
4   2026-01-23 14:32:19       0m 30s  ...               37.39         0.99
5   2026-01-23 14:32:50       0m 26s  ...                0.45         0.01
6   2026-01-23 14:33:16       0m 29s  ...               38.62         0.91
7   2026-01-23 14:33:45       0m 29s  ...               19.86         0.56
8   2026-01-23 14:34:15       0m 28s  ...               39.61         1.05
9   2026-01-23 14:34:44       0m 26s  ...                1.79         0.05
10  2026-01-23 14:35:10       0m 26s  ...                2.79         0.07
11  2026-01-23 14:35:36       0m 28s  ...               20.77         0.49
12  2026-01-23 14:36:05       0m 27s  ...               20.60         0.51
13  2026-01-23 14:36:33       0m 27s  ...               15.28         0.35
14  2026-01-23 14:37:01       0m 30s  ...               30.18         0.79
15  2026-01-23 14:37:31       0m 29s  ...               19.25         0.48
16  2026-01-23 14:38:01       0m 38s  ...               85.84         2.58
17  2026-01-23 14:38:39       0m 27s  ...                0.76         0.02
18  2026-01-23 14:39:07       0m 28s  ...               23.22         0.57

[19 rows x 24 columns]
[2026-01-23 14:41:59,957] - [root] - [INFO] - Analysis finished: 0m 24s
[2026-01-23 14:41:59,957] - [root] - [INFO] - -------------------------------------------
[2026-01-23 14:41:59,957] - [root] - [INFO] - -------------------------------------------
[2026-01-23 14:41:59,957] - [root] - [INFO] - Processing 1-22-2026 5dpi 052-W2021006-004_R2.png
[2026-01-23 14:42:15,878] - [root] - [INFO] - Finished loading mask: 0m 15s
[2026-01-23 14:42:23,169] - [root] - [INFO] - Finished crop and inference: 0m 23s
[2026-01-23 14:42:24,659] - [root] - [INFO] - Analysis finished: 0m 24s
[2026-01-23 14:42:24,659] - [root] - [INFO] - -------------------------------------------
[2026-01-23 14:42:24,659] - [root] - [INFO] - -------------------------------------------
[2026-01-23 14:42:24,659] - [root] - [INFO] - Processing 1-22-2026 5dpi 055-W2021010-341_R2.png
[2026-01-23 14:42:41,272] - [root] - [INFO] - Finished loading mask: 0m 16s
[2026-01-23 14:42:49,717] - [root] - [INFO] - Finished crop and inference: 0m 25s
[2026-01-23 14:42:51,187] - [root] - [INFO] - Analysis finished: 0m 26s
[2026-01-23 14:42:51,187] - [root] - [INFO] - -------------------------------------------
[2026-01-23 14:42:51,187] - [root] - [INFO] - -------------------------------------------
[2026-01-23 14:42:51,187] - [root] - [INFO] - Processing 1-22-2026 5dpi 055-W2021010-397_R2.png
[2026-01-23 14:43:08,040] - [root] - [INFO] - Finished loading mask: 0m 16s
[2026-01-23 14:43:17,365] - [root] - [INFO] - Finished crop and inference: 0m 26s
[2026-01-23 14:43:18,851] - [root] - [INFO] - Analysis finished: 0m 27s
[2026-01-23 14:43:18,851] - [root] - [INFO] - -------------------------------------------
[2026-01-23 14:43:18,851] - [root] - [INFO] - -------------------------------------------
[2026-01-23 14:43:18,851] - [root] - [INFO] - Processing 1-22-2026 5dpi 056-W2021006-609_R1.png
[2026-01-23 14:43:35,641] - [root] - [INFO] - Finished loading mask: 0m 16s
[2026-01-23 14:43:47,155] - [root] - [INFO] - Finished crop and inference: 0m 28s
              timestamp time_elapsed  ... severity_rate_patch Gradient_sr2
0   2026-01-23 14:30:32       0m 25s  ...                1.74         0.04
1   2026-01-23 14:30:58       0m 25s  ...                4.36         0.11
2   2026-01-23 14:31:24       0m 26s  ...                0.85         0.02
3   2026-01-23 14:31:50       0m 29s  ...               25.47         0.67
4   2026-01-23 14:32:19       0m 30s  ...               37.39         0.99
5   2026-01-23 14:32:50       0m 26s  ...                0.45         0.01
6   2026-01-23 14:33:16       0m 29s  ...               38.62         0.91
7   2026-01-23 14:33:45       0m 29s  ...               19.86         0.56
8   2026-01-23 14:34:15       0m 28s  ...               39.61         1.05
9   2026-01-23 14:34:44       0m 26s  ...                1.79         0.05
10  2026-01-23 14:35:10       0m 26s  ...                2.79         0.07
11  2026-01-23 14:35:36       0m 28s  ...               20.77         0.49
12  2026-01-23 14:36:05       0m 27s  ...               20.60         0.51
13  2026-01-23 14:36:33       0m 27s  ...               15.28         0.35
14  2026-01-23 14:37:01       0m 30s  ...               30.18         0.79
15  2026-01-23 14:37:31       0m 29s  ...               19.25         0.48
16  2026-01-23 14:38:01       0m 38s  ...               85.84         2.58
17  2026-01-23 14:38:39       0m 27s  ...                0.76         0.02
18  2026-01-23 14:39:07       0m 28s  ...               23.22         0.57
19  2026-01-23 14:39:35       0m 34s  ...               62.76         1.72

[20 rows x 24 columns]
              timestamp time_elapsed  ... severity_rate_patch Gradient_sr2
0   2026-01-23 14:30:32       0m 25s  ...                1.74         0.04
1   2026-01-23 14:30:58       0m 25s  ...                4.36         0.11
2   2026-01-23 14:31:24       0m 26s  ...                0.85         0.02
3   2026-01-23 14:31:50       0m 29s  ...               25.47         0.67
4   2026-01-23 14:32:19       0m 30s  ...               37.39         0.99
5   2026-01-23 14:32:50       0m 26s  ...                0.45         0.01
6   2026-01-23 14:33:16       0m 29s  ...               38.62         0.91
7   2026-01-23 14:33:45       0m 29s  ...               19.86         0.56
8   2026-01-23 14:34:15       0m 28s  ...               39.61         1.05
9   2026-01-23 14:34:44       0m 26s  ...                1.79         0.05
10  2026-01-23 14:35:10       0m 26s  ...                2.79         0.07
11  2026-01-23 14:35:36       0m 28s  ...               20.77         0.49
12  2026-01-23 14:36:05       0m 27s  ...               20.60         0.51
13  2026-01-23 14:36:33       0m 27s  ...               15.28         0.35
14  2026-01-23 14:37:01       0m 30s  ...               30.18         0.79
15  2026-01-23 14:37:31       0m 29s  ...               19.25         0.48
16  2026-01-23 14:38:01       0m 38s  ...               85.84         2.58
17  2026-01-23 14:38:39       0m 27s  ...                0.76         0.02
18  2026-01-23 14:39:07       0m 28s  ...               23.22         0.57
19  2026-01-23 14:39:35       0m 34s  ...               62.76         1.72
20  2026-01-23 14:40:09       0m 26s  ...                1.10         0.03

[21 rows x 24 columns]
              timestamp time_elapsed  ... severity_rate_patch Gradient_sr2
0   2026-01-23 14:30:32       0m 25s  ...                1.74         0.04
1   2026-01-23 14:30:58       0m 25s  ...                4.36         0.11
2   2026-01-23 14:31:24       0m 26s  ...                0.85         0.02
3   2026-01-23 14:31:50       0m 29s  ...               25.47         0.67
4   2026-01-23 14:32:19       0m 30s  ...               37.39         0.99
5   2026-01-23 14:32:50       0m 26s  ...                0.45         0.01
6   2026-01-23 14:33:16       0m 29s  ...               38.62         0.91
7   2026-01-23 14:33:45       0m 29s  ...               19.86         0.56
8   2026-01-23 14:34:15       0m 28s  ...               39.61         1.05
9   2026-01-23 14:34:44       0m 26s  ...                1.79         0.05
10  2026-01-23 14:35:10       0m 26s  ...                2.79         0.07
11  2026-01-23 14:35:36       0m 28s  ...               20.77         0.49
12  2026-01-23 14:36:05       0m 27s  ...               20.60         0.51
13  2026-01-23 14:36:33       0m 27s  ...               15.28         0.35
14  2026-01-23 14:37:01       0m 30s  ...               30.18         0.79
15  2026-01-23 14:37:31       0m 29s  ...               19.25         0.48
16  2026-01-23 14:38:01       0m 38s  ...               85.84         2.58
17  2026-01-23 14:38:39       0m 27s  ...                0.76         0.02
18  2026-01-23 14:39:07       0m 28s  ...               23.22         0.57
19  2026-01-23 14:39:35       0m 34s  ...               62.76         1.72
20  2026-01-23 14:40:09       0m 26s  ...                1.10         0.03
21  2026-01-23 14:40:36       0m 27s  ...               19.31         0.52

[22 rows x 24 columns]
              timestamp time_elapsed  ... severity_rate_patch Gradient_sr2
0   2026-01-23 14:30:32       0m 25s  ...                1.74         0.04
1   2026-01-23 14:30:58       0m 25s  ...                4.36         0.11
2   2026-01-23 14:31:24       0m 26s  ...                0.85         0.02
3   2026-01-23 14:31:50       0m 29s  ...               25.47         0.67
4   2026-01-23 14:32:19       0m 30s  ...               37.39         0.99
5   2026-01-23 14:32:50       0m 26s  ...                0.45         0.01
6   2026-01-23 14:33:16       0m 29s  ...               38.62         0.91
7   2026-01-23 14:33:45       0m 29s  ...               19.86         0.56
8   2026-01-23 14:34:15       0m 28s  ...               39.61         1.05
9   2026-01-23 14:34:44       0m 26s  ...                1.79         0.05
10  2026-01-23 14:35:10       0m 26s  ...                2.79         0.07
11  2026-01-23 14:35:36       0m 28s  ...               20.77         0.49
12  2026-01-23 14:36:05       0m 27s  ...               20.60         0.51
13  2026-01-23 14:36:33       0m 27s  ...               15.28         0.35
14  2026-01-23 14:37:01       0m 30s  ...               30.18         0.79
15  2026-01-23 14:37:31       0m 29s  ...               19.25         0.48
16  2026-01-23 14:38:01       0m 38s  ...               85.84         2.58
17  2026-01-23 14:38:39       0m 27s  ...                0.76         0.02
18  2026-01-23 14:39:07       0m 28s  ...               23.22         0.57
19  2026-01-23 14:39:35       0m 34s  ...               62.76         1.72
20  2026-01-23 14:40:09       0m 26s  ...                1.10         0.03
21  2026-01-23 14:40:36       0m 27s  ...               19.31         0.52
22  2026-01-23 14:41:04       0m 30s  ...               42.05         1.16

[23 rows x 24 columns]
[2026-01-23 14:43:48,589] - [root] - [INFO] - Analysis finished: 0m 29s
[2026-01-23 14:43:48,590] - [root] - [INFO] - -------------------------------------------
[2026-01-23 14:43:48,590] - [root] - [INFO] - -------------------------------------------
[2026-01-23 14:43:48,590] - [root] - [INFO] - Processing 1-22-2026 5dpi 059-W2021010-434_R1.png
[2026-01-23 14:44:05,492] - [root] - [INFO] - Finished loading mask: 0m 16s
[2026-01-23 14:44:14,022] - [root] - [INFO] - Finished crop and inference: 0m 25s
[2026-01-23 14:44:15,484] - [root] - [INFO] - Analysis finished: 0m 26s
[2026-01-23 14:44:15,485] - [root] - [INFO] - -------------------------------------------
[2026-01-23 14:44:15,485] - [root] - [INFO] - -------------------------------------------
[2026-01-23 14:44:15,485] - [root] - [INFO] - Processing 1-22-2026 5dpi 060-W2021010-324_R2.png
[2026-01-23 14:44:32,273] - [root] - [INFO] - Finished loading mask: 0m 16s
[2026-01-23 14:44:40,409] - [root] - [INFO] - Finished crop and inference: 0m 24s
[2026-01-23 14:44:41,905] - [root] - [INFO] - Analysis finished: 0m 26s
[2026-01-23 14:44:41,906] - [root] - [INFO] - -------------------------------------------
[2026-01-23 14:44:41,906] - [root] - [INFO] - -------------------------------------------
[2026-01-23 14:44:41,906] - [root] - [INFO] - Processing 1-22-2026 5dpi 061-W2021011-483_R1.png
[2026-01-23 14:44:58,349] - [root] - [INFO] - Finished loading mask: 0m 16s
[2026-01-23 14:45:07,617] - [root] - [INFO] - Finished crop and inference: 0m 25s
              timestamp time_elapsed  ... severity_rate_patch Gradient_sr2
0   2026-01-23 14:30:32       0m 25s  ...                1.74         0.04
1   2026-01-23 14:30:58       0m 25s  ...                4.36         0.11
2   2026-01-23 14:31:24       0m 26s  ...                0.85         0.02
3   2026-01-23 14:31:50       0m 29s  ...               25.47         0.67
4   2026-01-23 14:32:19       0m 30s  ...               37.39         0.99
5   2026-01-23 14:32:50       0m 26s  ...                0.45         0.01
6   2026-01-23 14:33:16       0m 29s  ...               38.62         0.91
7   2026-01-23 14:33:45       0m 29s  ...               19.86         0.56
8   2026-01-23 14:34:15       0m 28s  ...               39.61         1.05
9   2026-01-23 14:34:44       0m 26s  ...                1.79         0.05
10  2026-01-23 14:35:10       0m 26s  ...                2.79         0.07
11  2026-01-23 14:35:36       0m 28s  ...               20.77         0.49
12  2026-01-23 14:36:05       0m 27s  ...               20.60         0.51
13  2026-01-23 14:36:33       0m 27s  ...               15.28         0.35
14  2026-01-23 14:37:01       0m 30s  ...               30.18         0.79
15  2026-01-23 14:37:31       0m 29s  ...               19.25         0.48
16  2026-01-23 14:38:01       0m 38s  ...               85.84         2.58
17  2026-01-23 14:38:39       0m 27s  ...                0.76         0.02
18  2026-01-23 14:39:07       0m 28s  ...               23.22         0.57
19  2026-01-23 14:39:35       0m 34s  ...               62.76         1.72
20  2026-01-23 14:40:09       0m 26s  ...                1.10         0.03
21  2026-01-23 14:40:36       0m 27s  ...               19.31         0.52
22  2026-01-23 14:41:04       0m 30s  ...               42.05         1.16
23  2026-01-23 14:41:35       0m 24s  ...                6.56         0.18

[24 rows x 24 columns]
              timestamp time_elapsed  ... severity_rate_patch Gradient_sr2
0   2026-01-23 14:30:32       0m 25s  ...                1.74         0.04
1   2026-01-23 14:30:58       0m 25s  ...                4.36         0.11
2   2026-01-23 14:31:24       0m 26s  ...                0.85         0.02
3   2026-01-23 14:31:50       0m 29s  ...               25.47         0.67
4   2026-01-23 14:32:19       0m 30s  ...               37.39         0.99
5   2026-01-23 14:32:50       0m 26s  ...                0.45         0.01
6   2026-01-23 14:33:16       0m 29s  ...               38.62         0.91
7   2026-01-23 14:33:45       0m 29s  ...               19.86         0.56
8   2026-01-23 14:34:15       0m 28s  ...               39.61         1.05
9   2026-01-23 14:34:44       0m 26s  ...                1.79         0.05
10  2026-01-23 14:35:10       0m 26s  ...                2.79         0.07
11  2026-01-23 14:35:36       0m 28s  ...               20.77         0.49
12  2026-01-23 14:36:05       0m 27s  ...               20.60         0.51
13  2026-01-23 14:36:33       0m 27s  ...               15.28         0.35
14  2026-01-23 14:37:01       0m 30s  ...               30.18         0.79
15  2026-01-23 14:37:31       0m 29s  ...               19.25         0.48
16  2026-01-23 14:38:01       0m 38s  ...               85.84         2.58
17  2026-01-23 14:38:39       0m 27s  ...                0.76         0.02
18  2026-01-23 14:39:07       0m 28s  ...               23.22         0.57
19  2026-01-23 14:39:35       0m 34s  ...               62.76         1.72
20  2026-01-23 14:40:09       0m 26s  ...                1.10         0.03
21  2026-01-23 14:40:36       0m 27s  ...               19.31         0.52
22  2026-01-23 14:41:04       0m 30s  ...               42.05         1.16
23  2026-01-23 14:41:35       0m 24s  ...                6.56         0.18
24  2026-01-23 14:41:59       0m 24s  ...                1.51         0.04

[25 rows x 24 columns]
              timestamp time_elapsed  ... severity_rate_patch Gradient_sr2
0   2026-01-23 14:30:32       0m 25s  ...                1.74         0.04
1   2026-01-23 14:30:58       0m 25s  ...                4.36         0.11
2   2026-01-23 14:31:24       0m 26s  ...                0.85         0.02
3   2026-01-23 14:31:50       0m 29s  ...               25.47         0.67
4   2026-01-23 14:32:19       0m 30s  ...               37.39         0.99
5   2026-01-23 14:32:50       0m 26s  ...                0.45         0.01
6   2026-01-23 14:33:16       0m 29s  ...               38.62         0.91
7   2026-01-23 14:33:45       0m 29s  ...               19.86         0.56
8   2026-01-23 14:34:15       0m 28s  ...               39.61         1.05
9   2026-01-23 14:34:44       0m 26s  ...                1.79         0.05
10  2026-01-23 14:35:10       0m 26s  ...                2.79         0.07
11  2026-01-23 14:35:36       0m 28s  ...               20.77         0.49
12  2026-01-23 14:36:05       0m 27s  ...               20.60         0.51
13  2026-01-23 14:36:33       0m 27s  ...               15.28         0.35
14  2026-01-23 14:37:01       0m 30s  ...               30.18         0.79
15  2026-01-23 14:37:31       0m 29s  ...               19.25         0.48
16  2026-01-23 14:38:01       0m 38s  ...               85.84         2.58
17  2026-01-23 14:38:39       0m 27s  ...                0.76         0.02
18  2026-01-23 14:39:07       0m 28s  ...               23.22         0.57
19  2026-01-23 14:39:35       0m 34s  ...               62.76         1.72
20  2026-01-23 14:40:09       0m 26s  ...                1.10         0.03
21  2026-01-23 14:40:36       0m 27s  ...               19.31         0.52
22  2026-01-23 14:41:04       0m 30s  ...               42.05         1.16
23  2026-01-23 14:41:35       0m 24s  ...                6.56         0.18
24  2026-01-23 14:41:59       0m 24s  ...                1.51         0.04
25  2026-01-23 14:42:24       0m 26s  ...                8.51         0.22

[26 rows x 24 columns]
              timestamp time_elapsed  ... severity_rate_patch Gradient_sr2
0   2026-01-23 14:30:32       0m 25s  ...                1.74         0.04
1   2026-01-23 14:30:58       0m 25s  ...                4.36         0.11
2   2026-01-23 14:31:24       0m 26s  ...                0.85         0.02
3   2026-01-23 14:31:50       0m 29s  ...               25.47         0.67
4   2026-01-23 14:32:19       0m 30s  ...               37.39         0.99
5   2026-01-23 14:32:50       0m 26s  ...                0.45         0.01
6   2026-01-23 14:33:16       0m 29s  ...               38.62         0.91
7   2026-01-23 14:33:45       0m 29s  ...               19.86         0.56
8   2026-01-23 14:34:15       0m 28s  ...               39.61         1.05
9   2026-01-23 14:34:44       0m 26s  ...                1.79         0.05
10  2026-01-23 14:35:10       0m 26s  ...                2.79         0.07
11  2026-01-23 14:35:36       0m 28s  ...               20.77         0.49
12  2026-01-23 14:36:05       0m 27s  ...               20.60         0.51
13  2026-01-23 14:36:33       0m 27s  ...               15.28         0.35
14  2026-01-23 14:37:01       0m 30s  ...               30.18         0.79
15  2026-01-23 14:37:31       0m 29s  ...               19.25         0.48
16  2026-01-23 14:38:01       0m 38s  ...               85.84         2.58
17  2026-01-23 14:38:39       0m 27s  ...                0.76         0.02
18  2026-01-23 14:39:07       0m 28s  ...               23.22         0.57
19  2026-01-23 14:39:35       0m 34s  ...               62.76         1.72
20  2026-01-23 14:40:09       0m 26s  ...                1.10         0.03
21  2026-01-23 14:40:36       0m 27s  ...               19.31         0.52
22  2026-01-23 14:41:04       0m 30s  ...               42.05         1.16
23  2026-01-23 14:41:35       0m 24s  ...                6.56         0.18
24  2026-01-23 14:41:59       0m 24s  ...                1.51         0.04
25  2026-01-23 14:42:24       0m 26s  ...                8.51         0.22
26  2026-01-23 14:42:51       0m 27s  ...               12.12         0.31

[27 rows x 24 columns]
[2026-01-23 14:45:09,097] - [root] - [INFO] - Analysis finished: 0m 27s
[2026-01-23 14:45:09,098] - [root] - [INFO] - -------------------------------------------
[2026-01-23 14:45:09,098] - [root] - [INFO] - -------------------------------------------
[2026-01-23 14:45:09,098] - [root] - [INFO] - Processing 1-22-2026 5dpi 070-W2021011-486_R2.png
[2026-01-23 14:45:25,597] - [root] - [INFO] - Finished loading mask: 0m 16s
[2026-01-23 14:45:35,492] - [root] - [INFO] - Finished crop and inference: 0m 26s
[2026-01-23 14:45:37,005] - [root] - [INFO] - Analysis finished: 0m 27s
[2026-01-23 14:45:37,005] - [root] - [INFO] - -------------------------------------------
[2026-01-23 14:45:37,006] - [root] - [INFO] - -------------------------------------------
[2026-01-23 14:45:37,006] - [root] - [INFO] - Processing 1-22-2026 5dpi 071-W2021010-323_R1.png
[2026-01-23 14:45:53,693] - [root] - [INFO] - Finished loading mask: 0m 16s
[2026-01-23 14:46:08,896] - [root] - [INFO] - Finished crop and inference: 0m 31s
[2026-01-23 14:46:10,335] - [root] - [INFO] - Analysis finished: 0m 33s
[2026-01-23 14:46:10,335] - [root] - [INFO] - -------------------------------------------
[2026-01-23 14:46:10,335] - [root] - [INFO] - -------------------------------------------
[2026-01-23 14:46:10,336] - [root] - [INFO] - Processing 1-22-2026 5dpi 077-W2021010-351_R2.png
[2026-01-23 14:46:28,095] - [root] - [INFO] - Finished loading mask: 0m 17s
[2026-01-23 14:46:36,665] - [root] - [INFO] - Finished crop and inference: 0m 26s
              timestamp time_elapsed  ... severity_rate_patch Gradient_sr2
0   2026-01-23 14:30:32       0m 25s  ...                1.74         0.04
1   2026-01-23 14:30:58       0m 25s  ...                4.36         0.11
2   2026-01-23 14:31:24       0m 26s  ...                0.85         0.02
3   2026-01-23 14:31:50       0m 29s  ...               25.47         0.67
4   2026-01-23 14:32:19       0m 30s  ...               37.39         0.99
5   2026-01-23 14:32:50       0m 26s  ...                0.45         0.01
6   2026-01-23 14:33:16       0m 29s  ...               38.62         0.91
7   2026-01-23 14:33:45       0m 29s  ...               19.86         0.56
8   2026-01-23 14:34:15       0m 28s  ...               39.61         1.05
9   2026-01-23 14:34:44       0m 26s  ...                1.79         0.05
10  2026-01-23 14:35:10       0m 26s  ...                2.79         0.07
11  2026-01-23 14:35:36       0m 28s  ...               20.77         0.49
12  2026-01-23 14:36:05       0m 27s  ...               20.60         0.51
13  2026-01-23 14:36:33       0m 27s  ...               15.28         0.35
14  2026-01-23 14:37:01       0m 30s  ...               30.18         0.79
15  2026-01-23 14:37:31       0m 29s  ...               19.25         0.48
16  2026-01-23 14:38:01       0m 38s  ...               85.84         2.58
17  2026-01-23 14:38:39       0m 27s  ...                0.76         0.02
18  2026-01-23 14:39:07       0m 28s  ...               23.22         0.57
19  2026-01-23 14:39:35       0m 34s  ...               62.76         1.72
20  2026-01-23 14:40:09       0m 26s  ...                1.10         0.03
21  2026-01-23 14:40:36       0m 27s  ...               19.31         0.52
22  2026-01-23 14:41:04       0m 30s  ...               42.05         1.16
23  2026-01-23 14:41:35       0m 24s  ...                6.56         0.18
24  2026-01-23 14:41:59       0m 24s  ...                1.51         0.04
25  2026-01-23 14:42:24       0m 26s  ...                8.51         0.22
26  2026-01-23 14:42:51       0m 27s  ...               12.12         0.31
27  2026-01-23 14:43:18       0m 29s  ...               32.69         0.79

[28 rows x 24 columns]
              timestamp time_elapsed  ... severity_rate_patch Gradient_sr2
0   2026-01-23 14:30:32       0m 25s  ...                1.74         0.04
1   2026-01-23 14:30:58       0m 25s  ...                4.36         0.11
2   2026-01-23 14:31:24       0m 26s  ...                0.85         0.02
3   2026-01-23 14:31:50       0m 29s  ...               25.47         0.67
4   2026-01-23 14:32:19       0m 30s  ...               37.39         0.99
5   2026-01-23 14:32:50       0m 26s  ...                0.45         0.01
6   2026-01-23 14:33:16       0m 29s  ...               38.62         0.91
7   2026-01-23 14:33:45       0m 29s  ...               19.86         0.56
8   2026-01-23 14:34:15       0m 28s  ...               39.61         1.05
9   2026-01-23 14:34:44       0m 26s  ...                1.79         0.05
10  2026-01-23 14:35:10       0m 26s  ...                2.79         0.07
11  2026-01-23 14:35:36       0m 28s  ...               20.77         0.49
12  2026-01-23 14:36:05       0m 27s  ...               20.60         0.51
13  2026-01-23 14:36:33       0m 27s  ...               15.28         0.35
14  2026-01-23 14:37:01       0m 30s  ...               30.18         0.79
15  2026-01-23 14:37:31       0m 29s  ...               19.25         0.48
16  2026-01-23 14:38:01       0m 38s  ...               85.84         2.58
17  2026-01-23 14:38:39       0m 27s  ...                0.76         0.02
18  2026-01-23 14:39:07       0m 28s  ...               23.22         0.57
19  2026-01-23 14:39:35       0m 34s  ...               62.76         1.72
20  2026-01-23 14:40:09       0m 26s  ...                1.10         0.03
21  2026-01-23 14:40:36       0m 27s  ...               19.31         0.52
22  2026-01-23 14:41:04       0m 30s  ...               42.05         1.16
23  2026-01-23 14:41:35       0m 24s  ...                6.56         0.18
24  2026-01-23 14:41:59       0m 24s  ...                1.51         0.04
25  2026-01-23 14:42:24       0m 26s  ...                8.51         0.22
26  2026-01-23 14:42:51       0m 27s  ...               12.12         0.31
27  2026-01-23 14:43:18       0m 29s  ...               32.69         0.79
28  2026-01-23 14:43:48       0m 26s  ...                2.15         0.06

[29 rows x 24 columns]
              timestamp time_elapsed  ... severity_rate_patch Gradient_sr2
0   2026-01-23 14:30:32       0m 25s  ...                1.74         0.04
1   2026-01-23 14:30:58       0m 25s  ...                4.36         0.11
2   2026-01-23 14:31:24       0m 26s  ...                0.85         0.02
3   2026-01-23 14:31:50       0m 29s  ...               25.47         0.67
4   2026-01-23 14:32:19       0m 30s  ...               37.39         0.99
5   2026-01-23 14:32:50       0m 26s  ...                0.45         0.01
6   2026-01-23 14:33:16       0m 29s  ...               38.62         0.91
7   2026-01-23 14:33:45       0m 29s  ...               19.86         0.56
8   2026-01-23 14:34:15       0m 28s  ...               39.61         1.05
9   2026-01-23 14:34:44       0m 26s  ...                1.79         0.05
10  2026-01-23 14:35:10       0m 26s  ...                2.79         0.07
11  2026-01-23 14:35:36       0m 28s  ...               20.77         0.49
12  2026-01-23 14:36:05       0m 27s  ...               20.60         0.51
13  2026-01-23 14:36:33       0m 27s  ...               15.28         0.35
14  2026-01-23 14:37:01       0m 30s  ...               30.18         0.79
15  2026-01-23 14:37:31       0m 29s  ...               19.25         0.48
16  2026-01-23 14:38:01       0m 38s  ...               85.84         2.58
17  2026-01-23 14:38:39       0m 27s  ...                0.76         0.02
18  2026-01-23 14:39:07       0m 28s  ...               23.22         0.57
19  2026-01-23 14:39:35       0m 34s  ...               62.76         1.72
20  2026-01-23 14:40:09       0m 26s  ...                1.10         0.03
21  2026-01-23 14:40:36       0m 27s  ...               19.31         0.52
22  2026-01-23 14:41:04       0m 30s  ...               42.05         1.16
23  2026-01-23 14:41:35       0m 24s  ...                6.56         0.18
24  2026-01-23 14:41:59       0m 24s  ...                1.51         0.04
25  2026-01-23 14:42:24       0m 26s  ...                8.51         0.22
26  2026-01-23 14:42:51       0m 27s  ...               12.12         0.31
27  2026-01-23 14:43:18       0m 29s  ...               32.69         0.79
28  2026-01-23 14:43:48       0m 26s  ...                2.15         0.06
29  2026-01-23 14:44:15       0m 26s  ...                2.94         0.07

[30 rows x 24 columns]
[2026-01-23 14:46:38,142] - [root] - [INFO] - Analysis finished: 0m 27s
[2026-01-23 14:46:38,142] - [root] - [INFO] - -------------------------------------------
[2026-01-23 14:46:38,142] - [root] - [INFO] - -------------------------------------------
[2026-01-23 14:46:38,142] - [root] - [INFO] - Processing 1-22-2026 5dpi 084-W2021010-319_R1.png
[2026-01-23 14:46:54,651] - [root] - [INFO] - Finished loading mask: 0m 16s
[2026-01-23 14:47:02,856] - [root] - [INFO] - Finished crop and inference: 0m 24s
[2026-01-23 14:47:04,365] - [root] - [INFO] - Analysis finished: 0m 26s
[2026-01-23 14:47:04,365] - [root] - [INFO] - -------------------------------------------
[2026-01-23 14:47:04,365] - [root] - [INFO] - -------------------------------------------
[2026-01-23 14:47:04,366] - [root] - [INFO] - Processing 1-22-2026 5dpi 085-W2021010-630_R1.png
[2026-01-23 14:47:20,935] - [root] - [INFO] - Finished loading mask: 0m 16s
[2026-01-23 14:47:28,930] - [root] - [INFO] - Finished crop and inference: 0m 24s
              timestamp time_elapsed  ... severity_rate_patch Gradient_sr2
0   2026-01-23 14:30:32       0m 25s  ...                1.74         0.04
1   2026-01-23 14:30:58       0m 25s  ...                4.36         0.11
2   2026-01-23 14:31:24       0m 26s  ...                0.85         0.02
3   2026-01-23 14:31:50       0m 29s  ...               25.47         0.67
4   2026-01-23 14:32:19       0m 30s  ...               37.39         0.99
5   2026-01-23 14:32:50       0m 26s  ...                0.45         0.01
6   2026-01-23 14:33:16       0m 29s  ...               38.62         0.91
7   2026-01-23 14:33:45       0m 29s  ...               19.86         0.56
8   2026-01-23 14:34:15       0m 28s  ...               39.61         1.05
9   2026-01-23 14:34:44       0m 26s  ...                1.79         0.05
10  2026-01-23 14:35:10       0m 26s  ...                2.79         0.07
11  2026-01-23 14:35:36       0m 28s  ...               20.77         0.49
12  2026-01-23 14:36:05       0m 27s  ...               20.60         0.51
13  2026-01-23 14:36:33       0m 27s  ...               15.28         0.35
14  2026-01-23 14:37:01       0m 30s  ...               30.18         0.79
15  2026-01-23 14:37:31       0m 29s  ...               19.25         0.48
16  2026-01-23 14:38:01       0m 38s  ...               85.84         2.58
17  2026-01-23 14:38:39       0m 27s  ...                0.76         0.02
18  2026-01-23 14:39:07       0m 28s  ...               23.22         0.57
19  2026-01-23 14:39:35       0m 34s  ...               62.76         1.72
20  2026-01-23 14:40:09       0m 26s  ...                1.10         0.03
21  2026-01-23 14:40:36       0m 27s  ...               19.31         0.52
22  2026-01-23 14:41:04       0m 30s  ...               42.05         1.16
23  2026-01-23 14:41:35       0m 24s  ...                6.56         0.18
24  2026-01-23 14:41:59       0m 24s  ...                1.51         0.04
25  2026-01-23 14:42:24       0m 26s  ...                8.51         0.22
26  2026-01-23 14:42:51       0m 27s  ...               12.12         0.31
27  2026-01-23 14:43:18       0m 29s  ...               32.69         0.79
28  2026-01-23 14:43:48       0m 26s  ...                2.15         0.06
29  2026-01-23 14:44:15       0m 26s  ...                2.94         0.07
30  2026-01-23 14:44:41       0m 27s  ...               12.91         0.30

[31 rows x 24 columns]
              timestamp time_elapsed  ... severity_rate_patch Gradient_sr2
0   2026-01-23 14:30:32       0m 25s  ...                1.74         0.04
1   2026-01-23 14:30:58       0m 25s  ...                4.36         0.11
2   2026-01-23 14:31:24       0m 26s  ...                0.85         0.02
3   2026-01-23 14:31:50       0m 29s  ...               25.47         0.67
4   2026-01-23 14:32:19       0m 30s  ...               37.39         0.99
5   2026-01-23 14:32:50       0m 26s  ...                0.45         0.01
6   2026-01-23 14:33:16       0m 29s  ...               38.62         0.91
7   2026-01-23 14:33:45       0m 29s  ...               19.86         0.56
8   2026-01-23 14:34:15       0m 28s  ...               39.61         1.05
9   2026-01-23 14:34:44       0m 26s  ...                1.79         0.05
10  2026-01-23 14:35:10       0m 26s  ...                2.79         0.07
11  2026-01-23 14:35:36       0m 28s  ...               20.77         0.49
12  2026-01-23 14:36:05       0m 27s  ...               20.60         0.51
13  2026-01-23 14:36:33       0m 27s  ...               15.28         0.35
14  2026-01-23 14:37:01       0m 30s  ...               30.18         0.79
15  2026-01-23 14:37:31       0m 29s  ...               19.25         0.48
16  2026-01-23 14:38:01       0m 38s  ...               85.84         2.58
17  2026-01-23 14:38:39       0m 27s  ...                0.76         0.02
18  2026-01-23 14:39:07       0m 28s  ...               23.22         0.57
19  2026-01-23 14:39:35       0m 34s  ...               62.76         1.72
20  2026-01-23 14:40:09       0m 26s  ...                1.10         0.03
21  2026-01-23 14:40:36       0m 27s  ...               19.31         0.52
22  2026-01-23 14:41:04       0m 30s  ...               42.05         1.16
23  2026-01-23 14:41:35       0m 24s  ...                6.56         0.18
24  2026-01-23 14:41:59       0m 24s  ...                1.51         0.04
25  2026-01-23 14:42:24       0m 26s  ...                8.51         0.22
26  2026-01-23 14:42:51       0m 27s  ...               12.12         0.31
27  2026-01-23 14:43:18       0m 29s  ...               32.69         0.79
28  2026-01-23 14:43:48       0m 26s  ...                2.15         0.06
29  2026-01-23 14:44:15       0m 26s  ...                2.94         0.07
30  2026-01-23 14:44:41       0m 27s  ...               12.91         0.30
31  2026-01-23 14:45:09       0m 27s  ...               42.77         1.19

[32 rows x 24 columns]
              timestamp time_elapsed  ... severity_rate_patch Gradient_sr2
0   2026-01-23 14:30:32       0m 25s  ...                1.74         0.04
1   2026-01-23 14:30:58       0m 25s  ...                4.36         0.11
2   2026-01-23 14:31:24       0m 26s  ...                0.85         0.02
3   2026-01-23 14:31:50       0m 29s  ...               25.47         0.67
4   2026-01-23 14:32:19       0m 30s  ...               37.39         0.99
5   2026-01-23 14:32:50       0m 26s  ...                0.45         0.01
6   2026-01-23 14:33:16       0m 29s  ...               38.62         0.91
7   2026-01-23 14:33:45       0m 29s  ...               19.86         0.56
8   2026-01-23 14:34:15       0m 28s  ...               39.61         1.05
9   2026-01-23 14:34:44       0m 26s  ...                1.79         0.05
10  2026-01-23 14:35:10       0m 26s  ...                2.79         0.07
11  2026-01-23 14:35:36       0m 28s  ...               20.77         0.49
12  2026-01-23 14:36:05       0m 27s  ...               20.60         0.51
13  2026-01-23 14:36:33       0m 27s  ...               15.28         0.35
14  2026-01-23 14:37:01       0m 30s  ...               30.18         0.79
15  2026-01-23 14:37:31       0m 29s  ...               19.25         0.48
16  2026-01-23 14:38:01       0m 38s  ...               85.84         2.58
17  2026-01-23 14:38:39       0m 27s  ...                0.76         0.02
18  2026-01-23 14:39:07       0m 28s  ...               23.22         0.57
19  2026-01-23 14:39:35       0m 34s  ...               62.76         1.72
20  2026-01-23 14:40:09       0m 26s  ...                1.10         0.03
21  2026-01-23 14:40:36       0m 27s  ...               19.31         0.52
22  2026-01-23 14:41:04       0m 30s  ...               42.05         1.16
23  2026-01-23 14:41:35       0m 24s  ...                6.56         0.18
24  2026-01-23 14:41:59       0m 24s  ...                1.51         0.04
25  2026-01-23 14:42:24       0m 26s  ...                8.51         0.22
26  2026-01-23 14:42:51       0m 27s  ...               12.12         0.31
27  2026-01-23 14:43:18       0m 29s  ...               32.69         0.79
28  2026-01-23 14:43:48       0m 26s  ...                2.15         0.06
29  2026-01-23 14:44:15       0m 26s  ...                2.94         0.07
30  2026-01-23 14:44:41       0m 27s  ...               12.91         0.30
31  2026-01-23 14:45:09       0m 27s  ...               42.77         1.19
32  2026-01-23 14:45:37       0m 33s  ...               65.54         1.89

[33 rows x 24 columns]
[2026-01-23 14:47:30,436] - [root] - [INFO] - Analysis finished: 0m 26s
[2026-01-23 14:47:30,436] - [root] - [INFO] - -------------------------------------------
[2026-01-23 14:47:30,436] - [root] - [INFO] - -------------------------------------------
[2026-01-23 14:47:30,436] - [root] - [INFO] - Processing 1-22-2026 5dpi 091-W2021006-056_R2.png
[2026-01-23 14:47:47,395] - [root] - [INFO] - Finished loading mask: 0m 16s
[2026-01-23 14:47:55,471] - [root] - [INFO] - Finished crop and inference: 0m 25s
[2026-01-23 14:47:56,993] - [root] - [INFO] - Analysis finished: 0m 26s
[2026-01-23 14:47:56,994] - [root] - [INFO] - -------------------------------------------
[2026-01-23 14:47:56,994] - [root] - [INFO] - -------------------------------------------
[2026-01-23 14:47:56,994] - [root] - [INFO] - Processing 1-22-2026 5dpi 094-W2021010-315_R2.png
[2026-01-23 14:48:13,393] - [root] - [INFO] - Finished loading mask: 0m 16s
[2026-01-23 14:48:21,369] - [root] - [INFO] - Finished crop and inference: 0m 24s
              timestamp time_elapsed  ... severity_rate_patch Gradient_sr2
0   2026-01-23 14:30:32       0m 25s  ...                1.74         0.04
1   2026-01-23 14:30:58       0m 25s  ...                4.36         0.11
2   2026-01-23 14:31:24       0m 26s  ...                0.85         0.02
3   2026-01-23 14:31:50       0m 29s  ...               25.47         0.67
4   2026-01-23 14:32:19       0m 30s  ...               37.39         0.99
5   2026-01-23 14:32:50       0m 26s  ...                0.45         0.01
6   2026-01-23 14:33:16       0m 29s  ...               38.62         0.91
7   2026-01-23 14:33:45       0m 29s  ...               19.86         0.56
8   2026-01-23 14:34:15       0m 28s  ...               39.61         1.05
9   2026-01-23 14:34:44       0m 26s  ...                1.79         0.05
10  2026-01-23 14:35:10       0m 26s  ...                2.79         0.07
11  2026-01-23 14:35:36       0m 28s  ...               20.77         0.49
12  2026-01-23 14:36:05       0m 27s  ...               20.60         0.51
13  2026-01-23 14:36:33       0m 27s  ...               15.28         0.35
14  2026-01-23 14:37:01       0m 30s  ...               30.18         0.79
15  2026-01-23 14:37:31       0m 29s  ...               19.25         0.48
16  2026-01-23 14:38:01       0m 38s  ...               85.84         2.58
17  2026-01-23 14:38:39       0m 27s  ...                0.76         0.02
18  2026-01-23 14:39:07       0m 28s  ...               23.22         0.57
19  2026-01-23 14:39:35       0m 34s  ...               62.76         1.72
20  2026-01-23 14:40:09       0m 26s  ...                1.10         0.03
21  2026-01-23 14:40:36       0m 27s  ...               19.31         0.52
22  2026-01-23 14:41:04       0m 30s  ...               42.05         1.16
23  2026-01-23 14:41:35       0m 24s  ...                6.56         0.18
24  2026-01-23 14:41:59       0m 24s  ...                1.51         0.04
25  2026-01-23 14:42:24       0m 26s  ...                8.51         0.22
26  2026-01-23 14:42:51       0m 27s  ...               12.12         0.31
27  2026-01-23 14:43:18       0m 29s  ...               32.69         0.79
28  2026-01-23 14:43:48       0m 26s  ...                2.15         0.06
29  2026-01-23 14:44:15       0m 26s  ...                2.94         0.07
30  2026-01-23 14:44:41       0m 27s  ...               12.91         0.30
31  2026-01-23 14:45:09       0m 27s  ...               42.77         1.19
32  2026-01-23 14:45:37       0m 33s  ...               65.54         1.89
33  2026-01-23 14:46:10       0m 27s  ...               10.11         0.24

[34 rows x 24 columns]
              timestamp time_elapsed  ... severity_rate_patch Gradient_sr2
0   2026-01-23 14:30:32       0m 25s  ...                1.74         0.04
1   2026-01-23 14:30:58       0m 25s  ...                4.36         0.11
2   2026-01-23 14:31:24       0m 26s  ...                0.85         0.02
3   2026-01-23 14:31:50       0m 29s  ...               25.47         0.67
4   2026-01-23 14:32:19       0m 30s  ...               37.39         0.99
5   2026-01-23 14:32:50       0m 26s  ...                0.45         0.01
6   2026-01-23 14:33:16       0m 29s  ...               38.62         0.91
7   2026-01-23 14:33:45       0m 29s  ...               19.86         0.56
8   2026-01-23 14:34:15       0m 28s  ...               39.61         1.05
9   2026-01-23 14:34:44       0m 26s  ...                1.79         0.05
10  2026-01-23 14:35:10       0m 26s  ...                2.79         0.07
11  2026-01-23 14:35:36       0m 28s  ...               20.77         0.49
12  2026-01-23 14:36:05       0m 27s  ...               20.60         0.51
13  2026-01-23 14:36:33       0m 27s  ...               15.28         0.35
14  2026-01-23 14:37:01       0m 30s  ...               30.18         0.79
15  2026-01-23 14:37:31       0m 29s  ...               19.25         0.48
16  2026-01-23 14:38:01       0m 38s  ...               85.84         2.58
17  2026-01-23 14:38:39       0m 27s  ...                0.76         0.02
18  2026-01-23 14:39:07       0m 28s  ...               23.22         0.57
19  2026-01-23 14:39:35       0m 34s  ...               62.76         1.72
20  2026-01-23 14:40:09       0m 26s  ...                1.10         0.03
21  2026-01-23 14:40:36       0m 27s  ...               19.31         0.52
22  2026-01-23 14:41:04       0m 30s  ...               42.05         1.16
23  2026-01-23 14:41:35       0m 24s  ...                6.56         0.18
24  2026-01-23 14:41:59       0m 24s  ...                1.51         0.04
25  2026-01-23 14:42:24       0m 26s  ...                8.51         0.22
26  2026-01-23 14:42:51       0m 27s  ...               12.12         0.31
27  2026-01-23 14:43:18       0m 29s  ...               32.69         0.79
28  2026-01-23 14:43:48       0m 26s  ...                2.15         0.06
29  2026-01-23 14:44:15       0m 26s  ...                2.94         0.07
30  2026-01-23 14:44:41       0m 27s  ...               12.91         0.30
31  2026-01-23 14:45:09       0m 27s  ...               42.77         1.19
32  2026-01-23 14:45:37       0m 33s  ...               65.54         1.89
33  2026-01-23 14:46:10       0m 27s  ...               10.11         0.24
34  2026-01-23 14:46:38       0m 26s  ...                4.05         0.11

[35 rows x 24 columns]
[2026-01-23 14:48:22,795] - [root] - [INFO] - Analysis finished: 0m 25s
[2026-01-23 14:48:22,795] - [root] - [INFO] - -------------------------------------------
[2026-01-23 14:48:22,795] - [root] - [INFO] - -------------------------------------------
[2026-01-23 14:48:22,796] - [root] - [INFO] - Processing 1-22-2026 5dpi 095-W2021011-553_R2.png
[2026-01-23 14:48:39,226] - [root] - [INFO] - Finished loading mask: 0m 16s
[2026-01-23 14:48:46,470] - [root] - [INFO] - Finished crop and inference: 0m 23s
[2026-01-23 14:48:47,957] - [root] - [INFO] - Analysis finished: 0m 25s
[2026-01-23 14:48:47,957] - [root] - [INFO] - -------------------------------------------
[2026-01-23 14:48:47,957] - [root] - [INFO] - -------------------------------------------
[2026-01-23 14:48:47,957] - [root] - [INFO] - Processing 1-22-2026 5dpi 097-W2021006-617_R2.png
[2026-01-23 14:49:04,785] - [root] - [INFO] - Finished loading mask: 0m 16s
[2026-01-23 14:49:17,628] - [root] - [INFO] - Finished crop and inference: 0m 29s
              timestamp time_elapsed  ... severity_rate_patch Gradient_sr2
0   2026-01-23 14:30:32       0m 25s  ...                1.74         0.04
1   2026-01-23 14:30:58       0m 25s  ...                4.36         0.11
2   2026-01-23 14:31:24       0m 26s  ...                0.85         0.02
3   2026-01-23 14:31:50       0m 29s  ...               25.47         0.67
4   2026-01-23 14:32:19       0m 30s  ...               37.39         0.99
5   2026-01-23 14:32:50       0m 26s  ...                0.45         0.01
6   2026-01-23 14:33:16       0m 29s  ...               38.62         0.91
7   2026-01-23 14:33:45       0m 29s  ...               19.86         0.56
8   2026-01-23 14:34:15       0m 28s  ...               39.61         1.05
9   2026-01-23 14:34:44       0m 26s  ...                1.79         0.05
10  2026-01-23 14:35:10       0m 26s  ...                2.79         0.07
11  2026-01-23 14:35:36       0m 28s  ...               20.77         0.49
12  2026-01-23 14:36:05       0m 27s  ...               20.60         0.51
13  2026-01-23 14:36:33       0m 27s  ...               15.28         0.35
14  2026-01-23 14:37:01       0m 30s  ...               30.18         0.79
15  2026-01-23 14:37:31       0m 29s  ...               19.25         0.48
16  2026-01-23 14:38:01       0m 38s  ...               85.84         2.58
17  2026-01-23 14:38:39       0m 27s  ...                0.76         0.02
18  2026-01-23 14:39:07       0m 28s  ...               23.22         0.57
19  2026-01-23 14:39:35       0m 34s  ...               62.76         1.72
20  2026-01-23 14:40:09       0m 26s  ...                1.10         0.03
21  2026-01-23 14:40:36       0m 27s  ...               19.31         0.52
22  2026-01-23 14:41:04       0m 30s  ...               42.05         1.16
23  2026-01-23 14:41:35       0m 24s  ...                6.56         0.18
24  2026-01-23 14:41:59       0m 24s  ...                1.51         0.04
25  2026-01-23 14:42:24       0m 26s  ...                8.51         0.22
26  2026-01-23 14:42:51       0m 27s  ...               12.12         0.31
27  2026-01-23 14:43:18       0m 29s  ...               32.69         0.79
28  2026-01-23 14:43:48       0m 26s  ...                2.15         0.06
29  2026-01-23 14:44:15       0m 26s  ...                2.94         0.07
30  2026-01-23 14:44:41       0m 27s  ...               12.91         0.30
31  2026-01-23 14:45:09       0m 27s  ...               42.77         1.19
32  2026-01-23 14:45:37       0m 33s  ...               65.54         1.89
33  2026-01-23 14:46:10       0m 27s  ...               10.11         0.24
34  2026-01-23 14:46:38       0m 26s  ...                4.05         0.11
35  2026-01-23 14:47:04       0m 26s  ...                1.89         0.05

[36 rows x 24 columns]
              timestamp time_elapsed  ... severity_rate_patch Gradient_sr2
0   2026-01-23 14:30:32       0m 25s  ...                1.74         0.04
1   2026-01-23 14:30:58       0m 25s  ...                4.36         0.11
2   2026-01-23 14:31:24       0m 26s  ...                0.85         0.02
3   2026-01-23 14:31:50       0m 29s  ...               25.47         0.67
4   2026-01-23 14:32:19       0m 30s  ...               37.39         0.99
5   2026-01-23 14:32:50       0m 26s  ...                0.45         0.01
6   2026-01-23 14:33:16       0m 29s  ...               38.62         0.91
7   2026-01-23 14:33:45       0m 29s  ...               19.86         0.56
8   2026-01-23 14:34:15       0m 28s  ...               39.61         1.05
9   2026-01-23 14:34:44       0m 26s  ...                1.79         0.05
10  2026-01-23 14:35:10       0m 26s  ...                2.79         0.07
11  2026-01-23 14:35:36       0m 28s  ...               20.77         0.49
12  2026-01-23 14:36:05       0m 27s  ...               20.60         0.51
13  2026-01-23 14:36:33       0m 27s  ...               15.28         0.35
14  2026-01-23 14:37:01       0m 30s  ...               30.18         0.79
15  2026-01-23 14:37:31       0m 29s  ...               19.25         0.48
16  2026-01-23 14:38:01       0m 38s  ...               85.84         2.58
17  2026-01-23 14:38:39       0m 27s  ...                0.76         0.02
18  2026-01-23 14:39:07       0m 28s  ...               23.22         0.57
19  2026-01-23 14:39:35       0m 34s  ...               62.76         1.72
20  2026-01-23 14:40:09       0m 26s  ...                1.10         0.03
21  2026-01-23 14:40:36       0m 27s  ...               19.31         0.52
22  2026-01-23 14:41:04       0m 30s  ...               42.05         1.16
23  2026-01-23 14:41:35       0m 24s  ...                6.56         0.18
24  2026-01-23 14:41:59       0m 24s  ...                1.51         0.04
25  2026-01-23 14:42:24       0m 26s  ...                8.51         0.22
26  2026-01-23 14:42:51       0m 27s  ...               12.12         0.31
27  2026-01-23 14:43:18       0m 29s  ...               32.69         0.79
28  2026-01-23 14:43:48       0m 26s  ...                2.15         0.06
29  2026-01-23 14:44:15       0m 26s  ...                2.94         0.07
30  2026-01-23 14:44:41       0m 27s  ...               12.91         0.30
31  2026-01-23 14:45:09       0m 27s  ...               42.77         1.19
32  2026-01-23 14:45:37       0m 33s  ...               65.54         1.89
33  2026-01-23 14:46:10       0m 27s  ...               10.11         0.24
34  2026-01-23 14:46:38       0m 26s  ...                4.05         0.11
35  2026-01-23 14:47:04       0m 26s  ...                1.89         0.05
36  2026-01-23 14:47:30       0m 26s  ...                5.54         0.15

[37 rows x 24 columns]
[2026-01-23 14:49:19,112] - [root] - [INFO] - Analysis finished: 0m 31s
[2026-01-23 14:49:19,112] - [root] - [INFO] - -------------------------------------------
[2026-01-23 14:49:19,112] - [root] - [INFO] - -------------------------------------------
[2026-01-23 14:49:19,112] - [root] - [INFO] - Processing 1-22-2026 5dpi 097-W2021009-163_R1.png
[2026-01-23 14:49:36,225] - [root] - [INFO] - Finished loading mask: 0m 17s
[2026-01-23 14:49:51,566] - [root] - [INFO] - Finished crop and inference: 0m 32s
[2026-01-23 14:49:53,038] - [root] - [INFO] - Analysis finished: 0m 33s
[2026-01-23 14:49:53,038] - [root] - [INFO] - -------------------------------------------
[2026-01-23 14:49:53,038] - [root] - [INFO] - -------------------------------------------
[2026-01-23 14:49:53,038] - [root] - [INFO] - Processing 1-22-2026 5dpi 099-W2021006-611_R2.png
[2026-01-23 14:50:10,771] - [root] - [INFO] - Finished loading mask: 0m 17s
[2026-01-23 14:50:24,373] - [root] - [INFO] - Finished crop and inference: 0m 31s
              timestamp time_elapsed  ... severity_rate_patch Gradient_sr2
0   2026-01-23 14:30:32       0m 25s  ...                1.74         0.04
1   2026-01-23 14:30:58       0m 25s  ...                4.36         0.11
2   2026-01-23 14:31:24       0m 26s  ...                0.85         0.02
3   2026-01-23 14:31:50       0m 29s  ...               25.47         0.67
4   2026-01-23 14:32:19       0m 30s  ...               37.39         0.99
5   2026-01-23 14:32:50       0m 26s  ...                0.45         0.01
6   2026-01-23 14:33:16       0m 29s  ...               38.62         0.91
7   2026-01-23 14:33:45       0m 29s  ...               19.86         0.56
8   2026-01-23 14:34:15       0m 28s  ...               39.61         1.05
9   2026-01-23 14:34:44       0m 26s  ...                1.79         0.05
10  2026-01-23 14:35:10       0m 26s  ...                2.79         0.07
11  2026-01-23 14:35:36       0m 28s  ...               20.77         0.49
12  2026-01-23 14:36:05       0m 27s  ...               20.60         0.51
13  2026-01-23 14:36:33       0m 27s  ...               15.28         0.35
14  2026-01-23 14:37:01       0m 30s  ...               30.18         0.79
15  2026-01-23 14:37:31       0m 29s  ...               19.25         0.48
16  2026-01-23 14:38:01       0m 38s  ...               85.84         2.58
17  2026-01-23 14:38:39       0m 27s  ...                0.76         0.02
18  2026-01-23 14:39:07       0m 28s  ...               23.22         0.57
19  2026-01-23 14:39:35       0m 34s  ...               62.76         1.72
20  2026-01-23 14:40:09       0m 26s  ...                1.10         0.03
21  2026-01-23 14:40:36       0m 27s  ...               19.31         0.52
22  2026-01-23 14:41:04       0m 30s  ...               42.05         1.16
23  2026-01-23 14:41:35       0m 24s  ...                6.56         0.18
24  2026-01-23 14:41:59       0m 24s  ...                1.51         0.04
25  2026-01-23 14:42:24       0m 26s  ...                8.51         0.22
26  2026-01-23 14:42:51       0m 27s  ...               12.12         0.31
27  2026-01-23 14:43:18       0m 29s  ...               32.69         0.79
28  2026-01-23 14:43:48       0m 26s  ...                2.15         0.06
29  2026-01-23 14:44:15       0m 26s  ...                2.94         0.07
30  2026-01-23 14:44:41       0m 27s  ...               12.91         0.30
31  2026-01-23 14:45:09       0m 27s  ...               42.77         1.19
32  2026-01-23 14:45:37       0m 33s  ...               65.54         1.89
33  2026-01-23 14:46:10       0m 27s  ...               10.11         0.24
34  2026-01-23 14:46:38       0m 26s  ...                4.05         0.11
35  2026-01-23 14:47:04       0m 26s  ...                1.89         0.05
36  2026-01-23 14:47:30       0m 26s  ...                5.54         0.15
37  2026-01-23 14:47:56       0m 25s  ...                0.46         0.01

[38 rows x 24 columns]
              timestamp time_elapsed  ... severity_rate_patch Gradient_sr2
0   2026-01-23 14:30:32       0m 25s  ...                1.74         0.04
1   2026-01-23 14:30:58       0m 25s  ...                4.36         0.11
2   2026-01-23 14:31:24       0m 26s  ...                0.85         0.02
3   2026-01-23 14:31:50       0m 29s  ...               25.47         0.67
4   2026-01-23 14:32:19       0m 30s  ...               37.39         0.99
5   2026-01-23 14:32:50       0m 26s  ...                0.45         0.01
6   2026-01-23 14:33:16       0m 29s  ...               38.62         0.91
7   2026-01-23 14:33:45       0m 29s  ...               19.86         0.56
8   2026-01-23 14:34:15       0m 28s  ...               39.61         1.05
9   2026-01-23 14:34:44       0m 26s  ...                1.79         0.05
10  2026-01-23 14:35:10       0m 26s  ...                2.79         0.07
11  2026-01-23 14:35:36       0m 28s  ...               20.77         0.49
12  2026-01-23 14:36:05       0m 27s  ...               20.60         0.51
13  2026-01-23 14:36:33       0m 27s  ...               15.28         0.35
14  2026-01-23 14:37:01       0m 30s  ...               30.18         0.79
15  2026-01-23 14:37:31       0m 29s  ...               19.25         0.48
16  2026-01-23 14:38:01       0m 38s  ...               85.84         2.58
17  2026-01-23 14:38:39       0m 27s  ...                0.76         0.02
18  2026-01-23 14:39:07       0m 28s  ...               23.22         0.57
19  2026-01-23 14:39:35       0m 34s  ...               62.76         1.72
20  2026-01-23 14:40:09       0m 26s  ...                1.10         0.03
21  2026-01-23 14:40:36       0m 27s  ...               19.31         0.52
22  2026-01-23 14:41:04       0m 30s  ...               42.05         1.16
23  2026-01-23 14:41:35       0m 24s  ...                6.56         0.18
24  2026-01-23 14:41:59       0m 24s  ...                1.51         0.04
25  2026-01-23 14:42:24       0m 26s  ...                8.51         0.22
26  2026-01-23 14:42:51       0m 27s  ...               12.12         0.31
27  2026-01-23 14:43:18       0m 29s  ...               32.69         0.79
28  2026-01-23 14:43:48       0m 26s  ...                2.15         0.06
29  2026-01-23 14:44:15       0m 26s  ...                2.94         0.07
30  2026-01-23 14:44:41       0m 27s  ...               12.91         0.30
31  2026-01-23 14:45:09       0m 27s  ...               42.77         1.19
32  2026-01-23 14:45:37       0m 33s  ...               65.54         1.89
33  2026-01-23 14:46:10       0m 27s  ...               10.11         0.24
34  2026-01-23 14:46:38       0m 26s  ...                4.05         0.11
35  2026-01-23 14:47:04       0m 26s  ...                1.89         0.05
36  2026-01-23 14:47:30       0m 26s  ...                5.54         0.15
37  2026-01-23 14:47:56       0m 25s  ...                0.46         0.01
38  2026-01-23 14:48:22       0m 25s  ...                1.59         0.04

[39 rows x 24 columns]
[2026-01-23 14:50:25,859] - [root] - [INFO] - Analysis finished: 0m 32s
[2026-01-23 14:50:25,859] - [root] - [INFO] - -------------------------------------------
[2026-01-23 14:50:25,859] - [root] - [INFO] - -------------------------------------------
[2026-01-23 14:50:25,859] - [root] - [INFO] - Processing 1-22-2026 5dpi 101-W2021011-565_R1.png
[2026-01-23 14:50:43,515] - [root] - [INFO] - Finished loading mask: 0m 17s
[2026-01-23 14:51:02,543] - [root] - [INFO] - Finished crop and inference: 0m 36s
[2026-01-23 14:51:04,100] - [root] - [INFO] - Analysis finished: 0m 38s
[2026-01-23 14:51:04,100] - [root] - [INFO] - -------------------------------------------
[2026-01-23 14:51:04,100] - [root] - [INFO] - -------------------------------------------
[2026-01-23 14:51:04,100] - [root] - [INFO] - Processing 1-22-2026 5dpi 105-W2021011-558_R1.png
[2026-01-23 14:51:21,808] - [root] - [INFO] - Finished loading mask: 0m 17s
[2026-01-23 14:51:29,455] - [root] - [INFO] - Finished crop and inference: 0m 25s
              timestamp time_elapsed  ... severity_rate_patch Gradient_sr2
0   2026-01-23 14:30:32       0m 25s  ...                1.74         0.04
1   2026-01-23 14:30:58       0m 25s  ...                4.36         0.11
2   2026-01-23 14:31:24       0m 26s  ...                0.85         0.02
3   2026-01-23 14:31:50       0m 29s  ...               25.47         0.67
4   2026-01-23 14:32:19       0m 30s  ...               37.39         0.99
5   2026-01-23 14:32:50       0m 26s  ...                0.45         0.01
6   2026-01-23 14:33:16       0m 29s  ...               38.62         0.91
7   2026-01-23 14:33:45       0m 29s  ...               19.86         0.56
8   2026-01-23 14:34:15       0m 28s  ...               39.61         1.05
9   2026-01-23 14:34:44       0m 26s  ...                1.79         0.05
10  2026-01-23 14:35:10       0m 26s  ...                2.79         0.07
11  2026-01-23 14:35:36       0m 28s  ...               20.77         0.49
12  2026-01-23 14:36:05       0m 27s  ...               20.60         0.51
13  2026-01-23 14:36:33       0m 27s  ...               15.28         0.35
14  2026-01-23 14:37:01       0m 30s  ...               30.18         0.79
15  2026-01-23 14:37:31       0m 29s  ...               19.25         0.48
16  2026-01-23 14:38:01       0m 38s  ...               85.84         2.58
17  2026-01-23 14:38:39       0m 27s  ...                0.76         0.02
18  2026-01-23 14:39:07       0m 28s  ...               23.22         0.57
19  2026-01-23 14:39:35       0m 34s  ...               62.76         1.72
20  2026-01-23 14:40:09       0m 26s  ...                1.10         0.03
21  2026-01-23 14:40:36       0m 27s  ...               19.31         0.52
22  2026-01-23 14:41:04       0m 30s  ...               42.05         1.16
23  2026-01-23 14:41:35       0m 24s  ...                6.56         0.18
24  2026-01-23 14:41:59       0m 24s  ...                1.51         0.04
25  2026-01-23 14:42:24       0m 26s  ...                8.51         0.22
26  2026-01-23 14:42:51       0m 27s  ...               12.12         0.31
27  2026-01-23 14:43:18       0m 29s  ...               32.69         0.79
28  2026-01-23 14:43:48       0m 26s  ...                2.15         0.06
29  2026-01-23 14:44:15       0m 26s  ...                2.94         0.07
30  2026-01-23 14:44:41       0m 27s  ...               12.91         0.30
31  2026-01-23 14:45:09       0m 27s  ...               42.77         1.19
32  2026-01-23 14:45:37       0m 33s  ...               65.54         1.89
33  2026-01-23 14:46:10       0m 27s  ...               10.11         0.24
34  2026-01-23 14:46:38       0m 26s  ...                4.05         0.11
35  2026-01-23 14:47:04       0m 26s  ...                1.89         0.05
36  2026-01-23 14:47:30       0m 26s  ...                5.54         0.15
37  2026-01-23 14:47:56       0m 25s  ...                0.46         0.01
38  2026-01-23 14:48:22       0m 25s  ...                1.59         0.04
39  2026-01-23 14:48:47       0m 31s  ...               43.85         1.03

[40 rows x 24 columns]
              timestamp time_elapsed  ... severity_rate_patch Gradient_sr2
0   2026-01-23 14:30:32       0m 25s  ...                1.74         0.04
1   2026-01-23 14:30:58       0m 25s  ...                4.36         0.11
2   2026-01-23 14:31:24       0m 26s  ...                0.85         0.02
3   2026-01-23 14:31:50       0m 29s  ...               25.47         0.67
4   2026-01-23 14:32:19       0m 30s  ...               37.39         0.99
5   2026-01-23 14:32:50       0m 26s  ...                0.45         0.01
6   2026-01-23 14:33:16       0m 29s  ...               38.62         0.91
7   2026-01-23 14:33:45       0m 29s  ...               19.86         0.56
8   2026-01-23 14:34:15       0m 28s  ...               39.61         1.05
9   2026-01-23 14:34:44       0m 26s  ...                1.79         0.05
10  2026-01-23 14:35:10       0m 26s  ...                2.79         0.07
11  2026-01-23 14:35:36       0m 28s  ...               20.77         0.49
12  2026-01-23 14:36:05       0m 27s  ...               20.60         0.51
13  2026-01-23 14:36:33       0m 27s  ...               15.28         0.35
14  2026-01-23 14:37:01       0m 30s  ...               30.18         0.79
15  2026-01-23 14:37:31       0m 29s  ...               19.25         0.48
16  2026-01-23 14:38:01       0m 38s  ...               85.84         2.58
17  2026-01-23 14:38:39       0m 27s  ...                0.76         0.02
18  2026-01-23 14:39:07       0m 28s  ...               23.22         0.57
19  2026-01-23 14:39:35       0m 34s  ...               62.76         1.72
20  2026-01-23 14:40:09       0m 26s  ...                1.10         0.03
21  2026-01-23 14:40:36       0m 27s  ...               19.31         0.52
22  2026-01-23 14:41:04       0m 30s  ...               42.05         1.16
23  2026-01-23 14:41:35       0m 24s  ...                6.56         0.18
24  2026-01-23 14:41:59       0m 24s  ...                1.51         0.04
25  2026-01-23 14:42:24       0m 26s  ...                8.51         0.22
26  2026-01-23 14:42:51       0m 27s  ...               12.12         0.31
27  2026-01-23 14:43:18       0m 29s  ...               32.69         0.79
28  2026-01-23 14:43:48       0m 26s  ...                2.15         0.06
29  2026-01-23 14:44:15       0m 26s  ...                2.94         0.07
30  2026-01-23 14:44:41       0m 27s  ...               12.91         0.30
31  2026-01-23 14:45:09       0m 27s  ...               42.77         1.19
32  2026-01-23 14:45:37       0m 33s  ...               65.54         1.89
33  2026-01-23 14:46:10       0m 27s  ...               10.11         0.24
34  2026-01-23 14:46:38       0m 26s  ...                4.05         0.11
35  2026-01-23 14:47:04       0m 26s  ...                1.89         0.05
36  2026-01-23 14:47:30       0m 26s  ...                5.54         0.15
37  2026-01-23 14:47:56       0m 25s  ...                0.46         0.01
38  2026-01-23 14:48:22       0m 25s  ...                1.59         0.04
39  2026-01-23 14:48:47       0m 31s  ...               43.85         1.03
40  2026-01-23 14:49:19       0m 33s  ...               61.84         1.56

[41 rows x 24 columns]
[2026-01-23 14:51:31,039] - [root] - [INFO] - Analysis finished: 0m 26s
[2026-01-23 14:51:31,039] - [root] - [INFO] - -------------------------------------------
[2026-01-23 14:51:31,039] - [root] - [INFO] - -------------------------------------------
[2026-01-23 14:51:31,039] - [root] - [INFO] - Processing 1-22-2026 5dpi 110-W2021011-454_R2.png
[2026-01-23 14:51:47,893] - [root] - [INFO] - Finished loading mask: 0m 16s
[2026-01-23 14:51:57,562] - [root] - [INFO] - Finished crop and inference: 0m 26s
[2026-01-23 14:51:59,025] - [root] - [INFO] - Analysis finished: 0m 27s
[2026-01-23 14:51:59,025] - [root] - [INFO] - -------------------------------------------
[2026-01-23 14:51:59,025] - [root] - [INFO] - -------------------------------------------
[2026-01-23 14:51:59,025] - [root] - [INFO] - Processing 1-22-2026 5dpi 111-W2021011-588_R2.png
[2026-01-23 14:52:16,188] - [root] - [INFO] - Finished loading mask: 0m 17s
[2026-01-23 14:52:24,677] - [root] - [INFO] - Finished crop and inference: 0m 25s
              timestamp time_elapsed  ... severity_rate_patch Gradient_sr2
0   2026-01-23 14:30:32       0m 25s  ...                1.74         0.04
1   2026-01-23 14:30:58       0m 25s  ...                4.36         0.11
2   2026-01-23 14:31:24       0m 26s  ...                0.85         0.02
3   2026-01-23 14:31:50       0m 29s  ...               25.47         0.67
4   2026-01-23 14:32:19       0m 30s  ...               37.39         0.99
5   2026-01-23 14:32:50       0m 26s  ...                0.45         0.01
6   2026-01-23 14:33:16       0m 29s  ...               38.62         0.91
7   2026-01-23 14:33:45       0m 29s  ...               19.86         0.56
8   2026-01-23 14:34:15       0m 28s  ...               39.61         1.05
9   2026-01-23 14:34:44       0m 26s  ...                1.79         0.05
10  2026-01-23 14:35:10       0m 26s  ...                2.79         0.07
11  2026-01-23 14:35:36       0m 28s  ...               20.77         0.49
12  2026-01-23 14:36:05       0m 27s  ...               20.60         0.51
13  2026-01-23 14:36:33       0m 27s  ...               15.28         0.35
14  2026-01-23 14:37:01       0m 30s  ...               30.18         0.79
15  2026-01-23 14:37:31       0m 29s  ...               19.25         0.48
16  2026-01-23 14:38:01       0m 38s  ...               85.84         2.58
17  2026-01-23 14:38:39       0m 27s  ...                0.76         0.02
18  2026-01-23 14:39:07       0m 28s  ...               23.22         0.57
19  2026-01-23 14:39:35       0m 34s  ...               62.76         1.72
20  2026-01-23 14:40:09       0m 26s  ...                1.10         0.03
21  2026-01-23 14:40:36       0m 27s  ...               19.31         0.52
22  2026-01-23 14:41:04       0m 30s  ...               42.05         1.16
23  2026-01-23 14:41:35       0m 24s  ...                6.56         0.18
24  2026-01-23 14:41:59       0m 24s  ...                1.51         0.04
25  2026-01-23 14:42:24       0m 26s  ...                8.51         0.22
26  2026-01-23 14:42:51       0m 27s  ...               12.12         0.31
27  2026-01-23 14:43:18       0m 29s  ...               32.69         0.79
28  2026-01-23 14:43:48       0m 26s  ...                2.15         0.06
29  2026-01-23 14:44:15       0m 26s  ...                2.94         0.07
30  2026-01-23 14:44:41       0m 27s  ...               12.91         0.30
31  2026-01-23 14:45:09       0m 27s  ...               42.77         1.19
32  2026-01-23 14:45:37       0m 33s  ...               65.54         1.89
33  2026-01-23 14:46:10       0m 27s  ...               10.11         0.24
34  2026-01-23 14:46:38       0m 26s  ...                4.05         0.11
35  2026-01-23 14:47:04       0m 26s  ...                1.89         0.05
36  2026-01-23 14:47:30       0m 26s  ...                5.54         0.15
37  2026-01-23 14:47:56       0m 25s  ...                0.46         0.01
38  2026-01-23 14:48:22       0m 25s  ...                1.59         0.04
39  2026-01-23 14:48:47       0m 31s  ...               43.85         1.03
40  2026-01-23 14:49:19       0m 33s  ...               61.84         1.56
41  2026-01-23 14:49:53       0m 32s  ...               46.89         1.19

[42 rows x 24 columns]
              timestamp time_elapsed  ... severity_rate_patch Gradient_sr2
0   2026-01-23 14:30:32       0m 25s  ...                1.74         0.04
1   2026-01-23 14:30:58       0m 25s  ...                4.36         0.11
2   2026-01-23 14:31:24       0m 26s  ...                0.85         0.02
3   2026-01-23 14:31:50       0m 29s  ...               25.47         0.67
4   2026-01-23 14:32:19       0m 30s  ...               37.39         0.99
5   2026-01-23 14:32:50       0m 26s  ...                0.45         0.01
6   2026-01-23 14:33:16       0m 29s  ...               38.62         0.91
7   2026-01-23 14:33:45       0m 29s  ...               19.86         0.56
8   2026-01-23 14:34:15       0m 28s  ...               39.61         1.05
9   2026-01-23 14:34:44       0m 26s  ...                1.79         0.05
10  2026-01-23 14:35:10       0m 26s  ...                2.79         0.07
11  2026-01-23 14:35:36       0m 28s  ...               20.77         0.49
12  2026-01-23 14:36:05       0m 27s  ...               20.60         0.51
13  2026-01-23 14:36:33       0m 27s  ...               15.28         0.35
14  2026-01-23 14:37:01       0m 30s  ...               30.18         0.79
15  2026-01-23 14:37:31       0m 29s  ...               19.25         0.48
16  2026-01-23 14:38:01       0m 38s  ...               85.84         2.58
17  2026-01-23 14:38:39       0m 27s  ...                0.76         0.02
18  2026-01-23 14:39:07       0m 28s  ...               23.22         0.57
19  2026-01-23 14:39:35       0m 34s  ...               62.76         1.72
20  2026-01-23 14:40:09       0m 26s  ...                1.10         0.03
21  2026-01-23 14:40:36       0m 27s  ...               19.31         0.52
22  2026-01-23 14:41:04       0m 30s  ...               42.05         1.16
23  2026-01-23 14:41:35       0m 24s  ...                6.56         0.18
24  2026-01-23 14:41:59       0m 24s  ...                1.51         0.04
25  2026-01-23 14:42:24       0m 26s  ...                8.51         0.22
26  2026-01-23 14:42:51       0m 27s  ...               12.12         0.31
27  2026-01-23 14:43:18       0m 29s  ...               32.69         0.79
28  2026-01-23 14:43:48       0m 26s  ...                2.15         0.06
29  2026-01-23 14:44:15       0m 26s  ...                2.94         0.07
30  2026-01-23 14:44:41       0m 27s  ...               12.91         0.30
31  2026-01-23 14:45:09       0m 27s  ...               42.77         1.19
32  2026-01-23 14:45:37       0m 33s  ...               65.54         1.89
33  2026-01-23 14:46:10       0m 27s  ...               10.11         0.24
34  2026-01-23 14:46:38       0m 26s  ...                4.05         0.11
35  2026-01-23 14:47:04       0m 26s  ...                1.89         0.05
36  2026-01-23 14:47:30       0m 26s  ...                5.54         0.15
37  2026-01-23 14:47:56       0m 25s  ...                0.46         0.01
38  2026-01-23 14:48:22       0m 25s  ...                1.59         0.04
39  2026-01-23 14:48:47       0m 31s  ...               43.85         1.03
40  2026-01-23 14:49:19       0m 33s  ...               61.84         1.56
41  2026-01-23 14:49:53       0m 32s  ...               46.89         1.19
42  2026-01-23 14:50:25       0m 38s  ...               80.70         2.32

[43 rows x 24 columns]
[2026-01-23 14:52:26,154] - [root] - [INFO] - Analysis finished: 0m 27s
[2026-01-23 14:52:26,154] - [root] - [INFO] - -------------------------------------------
[2026-01-23 14:52:26,154] - [root] - [INFO] - -------------------------------------------
[2026-01-23 14:52:26,154] - [root] - [INFO] - Processing 1-22-2026 5dpi 121-W2021009-185_R1.png
[2026-01-23 14:52:43,325] - [root] - [INFO] - Finished loading mask: 0m 17s
[2026-01-23 14:52:51,698] - [root] - [INFO] - Finished crop and inference: 0m 25s
[2026-01-23 14:52:53,170] - [root] - [INFO] - Analysis finished: 0m 27s
[2026-01-23 14:52:53,170] - [root] - [INFO] - -------------------------------------------
[2026-01-23 14:52:53,170] - [root] - [INFO] - -------------------------------------------
[2026-01-23 14:52:53,170] - [root] - [INFO] - Processing 1-22-2026 5dpi 123-W2021009-255_R2.png
[2026-01-23 14:53:09,824] - [root] - [INFO] - Finished loading mask: 0m 16s
[2026-01-23 14:53:19,255] - [root] - [INFO] - Finished crop and inference: 0m 26s
              timestamp time_elapsed  ... severity_rate_patch Gradient_sr2
0   2026-01-23 14:30:32       0m 25s  ...                1.74         0.04
1   2026-01-23 14:30:58       0m 25s  ...                4.36         0.11
2   2026-01-23 14:31:24       0m 26s  ...                0.85         0.02
3   2026-01-23 14:31:50       0m 29s  ...               25.47         0.67
4   2026-01-23 14:32:19       0m 30s  ...               37.39         0.99
5   2026-01-23 14:32:50       0m 26s  ...                0.45         0.01
6   2026-01-23 14:33:16       0m 29s  ...               38.62         0.91
7   2026-01-23 14:33:45       0m 29s  ...               19.86         0.56
8   2026-01-23 14:34:15       0m 28s  ...               39.61         1.05
9   2026-01-23 14:34:44       0m 26s  ...                1.79         0.05
10  2026-01-23 14:35:10       0m 26s  ...                2.79         0.07
11  2026-01-23 14:35:36       0m 28s  ...               20.77         0.49
12  2026-01-23 14:36:05       0m 27s  ...               20.60         0.51
13  2026-01-23 14:36:33       0m 27s  ...               15.28         0.35
14  2026-01-23 14:37:01       0m 30s  ...               30.18         0.79
15  2026-01-23 14:37:31       0m 29s  ...               19.25         0.48
16  2026-01-23 14:38:01       0m 38s  ...               85.84         2.58
17  2026-01-23 14:38:39       0m 27s  ...                0.76         0.02
18  2026-01-23 14:39:07       0m 28s  ...               23.22         0.57
19  2026-01-23 14:39:35       0m 34s  ...               62.76         1.72
20  2026-01-23 14:40:09       0m 26s  ...                1.10         0.03
21  2026-01-23 14:40:36       0m 27s  ...               19.31         0.52
22  2026-01-23 14:41:04       0m 30s  ...               42.05         1.16
23  2026-01-23 14:41:35       0m 24s  ...                6.56         0.18
24  2026-01-23 14:41:59       0m 24s  ...                1.51         0.04
25  2026-01-23 14:42:24       0m 26s  ...                8.51         0.22
26  2026-01-23 14:42:51       0m 27s  ...               12.12         0.31
27  2026-01-23 14:43:18       0m 29s  ...               32.69         0.79
28  2026-01-23 14:43:48       0m 26s  ...                2.15         0.06
29  2026-01-23 14:44:15       0m 26s  ...                2.94         0.07
30  2026-01-23 14:44:41       0m 27s  ...               12.91         0.30
31  2026-01-23 14:45:09       0m 27s  ...               42.77         1.19
32  2026-01-23 14:45:37       0m 33s  ...               65.54         1.89
33  2026-01-23 14:46:10       0m 27s  ...               10.11         0.24
34  2026-01-23 14:46:38       0m 26s  ...                4.05         0.11
35  2026-01-23 14:47:04       0m 26s  ...                1.89         0.05
36  2026-01-23 14:47:30       0m 26s  ...                5.54         0.15
37  2026-01-23 14:47:56       0m 25s  ...                0.46         0.01
38  2026-01-23 14:48:22       0m 25s  ...                1.59         0.04
39  2026-01-23 14:48:47       0m 31s  ...               43.85         1.03
40  2026-01-23 14:49:19       0m 33s  ...               61.84         1.56
41  2026-01-23 14:49:53       0m 32s  ...               46.89         1.19
42  2026-01-23 14:50:25       0m 38s  ...               80.70         2.32
43  2026-01-23 14:51:04       0m 26s  ...                2.90         0.07

[44 rows x 24 columns]
              timestamp time_elapsed  ... severity_rate_patch Gradient_sr2
0   2026-01-23 14:30:32       0m 25s  ...                1.74         0.04
1   2026-01-23 14:30:58       0m 25s  ...                4.36         0.11
2   2026-01-23 14:31:24       0m 26s  ...                0.85         0.02
3   2026-01-23 14:31:50       0m 29s  ...               25.47         0.67
4   2026-01-23 14:32:19       0m 30s  ...               37.39         0.99
5   2026-01-23 14:32:50       0m 26s  ...                0.45         0.01
6   2026-01-23 14:33:16       0m 29s  ...               38.62         0.91
7   2026-01-23 14:33:45       0m 29s  ...               19.86         0.56
8   2026-01-23 14:34:15       0m 28s  ...               39.61         1.05
9   2026-01-23 14:34:44       0m 26s  ...                1.79         0.05
10  2026-01-23 14:35:10       0m 26s  ...                2.79         0.07
11  2026-01-23 14:35:36       0m 28s  ...               20.77         0.49
12  2026-01-23 14:36:05       0m 27s  ...               20.60         0.51
13  2026-01-23 14:36:33       0m 27s  ...               15.28         0.35
14  2026-01-23 14:37:01       0m 30s  ...               30.18         0.79
15  2026-01-23 14:37:31       0m 29s  ...               19.25         0.48
16  2026-01-23 14:38:01       0m 38s  ...               85.84         2.58
17  2026-01-23 14:38:39       0m 27s  ...                0.76         0.02
18  2026-01-23 14:39:07       0m 28s  ...               23.22         0.57
19  2026-01-23 14:39:35       0m 34s  ...               62.76         1.72
20  2026-01-23 14:40:09       0m 26s  ...                1.10         0.03
21  2026-01-23 14:40:36       0m 27s  ...               19.31         0.52
22  2026-01-23 14:41:04       0m 30s  ...               42.05         1.16
23  2026-01-23 14:41:35       0m 24s  ...                6.56         0.18
24  2026-01-23 14:41:59       0m 24s  ...                1.51         0.04
25  2026-01-23 14:42:24       0m 26s  ...                8.51         0.22
26  2026-01-23 14:42:51       0m 27s  ...               12.12         0.31
27  2026-01-23 14:43:18       0m 29s  ...               32.69         0.79
28  2026-01-23 14:43:48       0m 26s  ...                2.15         0.06
29  2026-01-23 14:44:15       0m 26s  ...                2.94         0.07
30  2026-01-23 14:44:41       0m 27s  ...               12.91         0.30
31  2026-01-23 14:45:09       0m 27s  ...               42.77         1.19
32  2026-01-23 14:45:37       0m 33s  ...               65.54         1.89
33  2026-01-23 14:46:10       0m 27s  ...               10.11         0.24
34  2026-01-23 14:46:38       0m 26s  ...                4.05         0.11
35  2026-01-23 14:47:04       0m 26s  ...                1.89         0.05
36  2026-01-23 14:47:30       0m 26s  ...                5.54         0.15
37  2026-01-23 14:47:56       0m 25s  ...                0.46         0.01
38  2026-01-23 14:48:22       0m 25s  ...                1.59         0.04
39  2026-01-23 14:48:47       0m 31s  ...               43.85         1.03
40  2026-01-23 14:49:19       0m 33s  ...               61.84         1.56
41  2026-01-23 14:49:53       0m 32s  ...               46.89         1.19
42  2026-01-23 14:50:25       0m 38s  ...               80.70         2.32
43  2026-01-23 14:51:04       0m 26s  ...                2.90         0.07
44  2026-01-23 14:51:31       0m 27s  ...               11.56         0.29

[45 rows x 24 columns]
[2026-01-23 14:53:20,751] - [root] - [INFO] - Analysis finished: 0m 27s
[2026-01-23 14:53:20,752] - [root] - [INFO] - -------------------------------------------
[2026-01-23 14:53:20,752] - [root] - [INFO] - -------------------------------------------
[2026-01-23 14:53:20,752] - [root] - [INFO] - Processing 1-22-2026 5dpi 123-W2021009-621_R2.png
[2026-01-23 14:53:37,504] - [root] - [INFO] - Finished loading mask: 0m 16s
[2026-01-23 14:53:46,195] - [root] - [INFO] - Finished crop and inference: 0m 25s
[2026-01-23 14:53:47,676] - [root] - [INFO] - Analysis finished: 0m 26s
[2026-01-23 14:53:47,676] - [root] - [INFO] - -------------------------------------------
[2026-01-23 14:53:47,676] - [root] - [INFO] - -------------------------------------------
[2026-01-23 14:53:47,676] - [root] - [INFO] - Processing 1-22-2026 5dpi 127-W2021006-143_R2.png
[2026-01-23 14:54:04,784] - [root] - [INFO] - Finished loading mask: 0m 17s
[2026-01-23 14:54:12,613] - [root] - [INFO] - Finished crop and inference: 0m 24s
              timestamp time_elapsed  ... severity_rate_patch Gradient_sr2
0   2026-01-23 14:30:32       0m 25s  ...                1.74         0.04
1   2026-01-23 14:30:58       0m 25s  ...                4.36         0.11
2   2026-01-23 14:31:24       0m 26s  ...                0.85         0.02
3   2026-01-23 14:31:50       0m 29s  ...               25.47         0.67
4   2026-01-23 14:32:19       0m 30s  ...               37.39         0.99
5   2026-01-23 14:32:50       0m 26s  ...                0.45         0.01
6   2026-01-23 14:33:16       0m 29s  ...               38.62         0.91
7   2026-01-23 14:33:45       0m 29s  ...               19.86         0.56
8   2026-01-23 14:34:15       0m 28s  ...               39.61         1.05
9   2026-01-23 14:34:44       0m 26s  ...                1.79         0.05
10  2026-01-23 14:35:10       0m 26s  ...                2.79         0.07
11  2026-01-23 14:35:36       0m 28s  ...               20.77         0.49
12  2026-01-23 14:36:05       0m 27s  ...               20.60         0.51
13  2026-01-23 14:36:33       0m 27s  ...               15.28         0.35
14  2026-01-23 14:37:01       0m 30s  ...               30.18         0.79
15  2026-01-23 14:37:31       0m 29s  ...               19.25         0.48
16  2026-01-23 14:38:01       0m 38s  ...               85.84         2.58
17  2026-01-23 14:38:39       0m 27s  ...                0.76         0.02
18  2026-01-23 14:39:07       0m 28s  ...               23.22         0.57
19  2026-01-23 14:39:35       0m 34s  ...               62.76         1.72
20  2026-01-23 14:40:09       0m 26s  ...                1.10         0.03
21  2026-01-23 14:40:36       0m 27s  ...               19.31         0.52
22  2026-01-23 14:41:04       0m 30s  ...               42.05         1.16
23  2026-01-23 14:41:35       0m 24s  ...                6.56         0.18
24  2026-01-23 14:41:59       0m 24s  ...                1.51         0.04
25  2026-01-23 14:42:24       0m 26s  ...                8.51         0.22
26  2026-01-23 14:42:51       0m 27s  ...               12.12         0.31
27  2026-01-23 14:43:18       0m 29s  ...               32.69         0.79
28  2026-01-23 14:43:48       0m 26s  ...                2.15         0.06
29  2026-01-23 14:44:15       0m 26s  ...                2.94         0.07
30  2026-01-23 14:44:41       0m 27s  ...               12.91         0.30
31  2026-01-23 14:45:09       0m 27s  ...               42.77         1.19
32  2026-01-23 14:45:37       0m 33s  ...               65.54         1.89
33  2026-01-23 14:46:10       0m 27s  ...               10.11         0.24
34  2026-01-23 14:46:38       0m 26s  ...                4.05         0.11
35  2026-01-23 14:47:04       0m 26s  ...                1.89         0.05
36  2026-01-23 14:47:30       0m 26s  ...                5.54         0.15
37  2026-01-23 14:47:56       0m 25s  ...                0.46         0.01
38  2026-01-23 14:48:22       0m 25s  ...                1.59         0.04
39  2026-01-23 14:48:47       0m 31s  ...               43.85         1.03
40  2026-01-23 14:49:19       0m 33s  ...               61.84         1.56
41  2026-01-23 14:49:53       0m 32s  ...               46.89         1.19
42  2026-01-23 14:50:25       0m 38s  ...               80.70         2.32
43  2026-01-23 14:51:04       0m 26s  ...                2.90         0.07
44  2026-01-23 14:51:31       0m 27s  ...               11.56         0.29
45  2026-01-23 14:51:59       0m 27s  ...                4.11         0.11

[46 rows x 24 columns]
              timestamp time_elapsed  ... severity_rate_patch Gradient_sr2
0   2026-01-23 14:30:32       0m 25s  ...                1.74         0.04
1   2026-01-23 14:30:58       0m 25s  ...                4.36         0.11
2   2026-01-23 14:31:24       0m 26s  ...                0.85         0.02
3   2026-01-23 14:31:50       0m 29s  ...               25.47         0.67
4   2026-01-23 14:32:19       0m 30s  ...               37.39         0.99
5   2026-01-23 14:32:50       0m 26s  ...                0.45         0.01
6   2026-01-23 14:33:16       0m 29s  ...               38.62         0.91
7   2026-01-23 14:33:45       0m 29s  ...               19.86         0.56
8   2026-01-23 14:34:15       0m 28s  ...               39.61         1.05
9   2026-01-23 14:34:44       0m 26s  ...                1.79         0.05
10  2026-01-23 14:35:10       0m 26s  ...                2.79         0.07
11  2026-01-23 14:35:36       0m 28s  ...               20.77         0.49
12  2026-01-23 14:36:05       0m 27s  ...               20.60         0.51
13  2026-01-23 14:36:33       0m 27s  ...               15.28         0.35
14  2026-01-23 14:37:01       0m 30s  ...               30.18         0.79
15  2026-01-23 14:37:31       0m 29s  ...               19.25         0.48
16  2026-01-23 14:38:01       0m 38s  ...               85.84         2.58
17  2026-01-23 14:38:39       0m 27s  ...                0.76         0.02
18  2026-01-23 14:39:07       0m 28s  ...               23.22         0.57
19  2026-01-23 14:39:35       0m 34s  ...               62.76         1.72
20  2026-01-23 14:40:09       0m 26s  ...                1.10         0.03
21  2026-01-23 14:40:36       0m 27s  ...               19.31         0.52
22  2026-01-23 14:41:04       0m 30s  ...               42.05         1.16
23  2026-01-23 14:41:35       0m 24s  ...                6.56         0.18
24  2026-01-23 14:41:59       0m 24s  ...                1.51         0.04
25  2026-01-23 14:42:24       0m 26s  ...                8.51         0.22
26  2026-01-23 14:42:51       0m 27s  ...               12.12         0.31
27  2026-01-23 14:43:18       0m 29s  ...               32.69         0.79
28  2026-01-23 14:43:48       0m 26s  ...                2.15         0.06
29  2026-01-23 14:44:15       0m 26s  ...                2.94         0.07
30  2026-01-23 14:44:41       0m 27s  ...               12.91         0.30
31  2026-01-23 14:45:09       0m 27s  ...               42.77         1.19
32  2026-01-23 14:45:37       0m 33s  ...               65.54         1.89
33  2026-01-23 14:46:10       0m 27s  ...               10.11         0.24
34  2026-01-23 14:46:38       0m 26s  ...                4.05         0.11
35  2026-01-23 14:47:04       0m 26s  ...                1.89         0.05
36  2026-01-23 14:47:30       0m 26s  ...                5.54         0.15
37  2026-01-23 14:47:56       0m 25s  ...                0.46         0.01
38  2026-01-23 14:48:22       0m 25s  ...                1.59         0.04
39  2026-01-23 14:48:47       0m 31s  ...               43.85         1.03
40  2026-01-23 14:49:19       0m 33s  ...               61.84         1.56
41  2026-01-23 14:49:53       0m 32s  ...               46.89         1.19
42  2026-01-23 14:50:25       0m 38s  ...               80.70         2.32
43  2026-01-23 14:51:04       0m 26s  ...                2.90         0.07
44  2026-01-23 14:51:31       0m 27s  ...               11.56         0.29
45  2026-01-23 14:51:59       0m 27s  ...                4.11         0.11
46  2026-01-23 14:52:26       0m 26s  ...               11.45         0.30

[47 rows x 24 columns]
[2026-01-23 14:54:14,105] - [root] - [INFO] - Analysis finished: 0m 26s
[2026-01-23 14:54:14,105] - [root] - [INFO] - -------------------------------------------
[2026-01-23 14:54:14,105] - [root] - [INFO] - -------------------------------------------
[2026-01-23 14:54:14,105] - [root] - [INFO] - Processing 1-22-2026 5dpi 127-W2021009-292_R2.png
[2026-01-23 14:54:30,933] - [root] - [INFO] - Finished loading mask: 0m 16s
[2026-01-23 14:54:49,803] - [root] - [INFO] - Finished crop and inference: 0m 35s
[2026-01-23 14:54:51,367] - [root] - [INFO] - Analysis finished: 0m 37s
[2026-01-23 14:54:51,367] - [root] - [INFO] - -------------------------------------------
[2026-01-23 14:54:51,367] - [root] - [INFO] - -------------------------------------------
[2026-01-23 14:54:51,367] - [root] - [INFO] - Processing 1-22-2026 5dpi 128-W2021006-013_R1.png
[2026-01-23 14:55:09,372] - [root] - [INFO] - Finished loading mask: 0m 18s
[2026-01-23 14:55:25,226] - [root] - [INFO] - Finished crop and inference: 0m 33s
              timestamp time_elapsed  ... severity_rate_patch Gradient_sr2
0   2026-01-23 14:30:32       0m 25s  ...                1.74         0.04
1   2026-01-23 14:30:58       0m 25s  ...                4.36         0.11
2   2026-01-23 14:31:24       0m 26s  ...                0.85         0.02
3   2026-01-23 14:31:50       0m 29s  ...               25.47         0.67
4   2026-01-23 14:32:19       0m 30s  ...               37.39         0.99
5   2026-01-23 14:32:50       0m 26s  ...                0.45         0.01
6   2026-01-23 14:33:16       0m 29s  ...               38.62         0.91
7   2026-01-23 14:33:45       0m 29s  ...               19.86         0.56
8   2026-01-23 14:34:15       0m 28s  ...               39.61         1.05
9   2026-01-23 14:34:44       0m 26s  ...                1.79         0.05
10  2026-01-23 14:35:10       0m 26s  ...                2.79         0.07
11  2026-01-23 14:35:36       0m 28s  ...               20.77         0.49
12  2026-01-23 14:36:05       0m 27s  ...               20.60         0.51
13  2026-01-23 14:36:33       0m 27s  ...               15.28         0.35
14  2026-01-23 14:37:01       0m 30s  ...               30.18         0.79
15  2026-01-23 14:37:31       0m 29s  ...               19.25         0.48
16  2026-01-23 14:38:01       0m 38s  ...               85.84         2.58
17  2026-01-23 14:38:39       0m 27s  ...                0.76         0.02
18  2026-01-23 14:39:07       0m 28s  ...               23.22         0.57
19  2026-01-23 14:39:35       0m 34s  ...               62.76         1.72
20  2026-01-23 14:40:09       0m 26s  ...                1.10         0.03
21  2026-01-23 14:40:36       0m 27s  ...               19.31         0.52
22  2026-01-23 14:41:04       0m 30s  ...               42.05         1.16
23  2026-01-23 14:41:35       0m 24s  ...                6.56         0.18
24  2026-01-23 14:41:59       0m 24s  ...                1.51         0.04
25  2026-01-23 14:42:24       0m 26s  ...                8.51         0.22
26  2026-01-23 14:42:51       0m 27s  ...               12.12         0.31
27  2026-01-23 14:43:18       0m 29s  ...               32.69         0.79
28  2026-01-23 14:43:48       0m 26s  ...                2.15         0.06
29  2026-01-23 14:44:15       0m 26s  ...                2.94         0.07
30  2026-01-23 14:44:41       0m 27s  ...               12.91         0.30
31  2026-01-23 14:45:09       0m 27s  ...               42.77         1.19
32  2026-01-23 14:45:37       0m 33s  ...               65.54         1.89
33  2026-01-23 14:46:10       0m 27s  ...               10.11         0.24
34  2026-01-23 14:46:38       0m 26s  ...                4.05         0.11
35  2026-01-23 14:47:04       0m 26s  ...                1.89         0.05
36  2026-01-23 14:47:30       0m 26s  ...                5.54         0.15
37  2026-01-23 14:47:56       0m 25s  ...                0.46         0.01
38  2026-01-23 14:48:22       0m 25s  ...                1.59         0.04
39  2026-01-23 14:48:47       0m 31s  ...               43.85         1.03
40  2026-01-23 14:49:19       0m 33s  ...               61.84         1.56
41  2026-01-23 14:49:53       0m 32s  ...               46.89         1.19
42  2026-01-23 14:50:25       0m 38s  ...               80.70         2.32
43  2026-01-23 14:51:04       0m 26s  ...                2.90         0.07
44  2026-01-23 14:51:31       0m 27s  ...               11.56         0.29
45  2026-01-23 14:51:59       0m 27s  ...                4.11         0.11
46  2026-01-23 14:52:26       0m 26s  ...               11.45         0.30
47  2026-01-23 14:52:53       0m 27s  ...               11.80         0.25

[48 rows x 24 columns]
              timestamp time_elapsed  ... severity_rate_patch Gradient_sr2
0   2026-01-23 14:30:32       0m 25s  ...                1.74         0.04
1   2026-01-23 14:30:58       0m 25s  ...                4.36         0.11
2   2026-01-23 14:31:24       0m 26s  ...                0.85         0.02
3   2026-01-23 14:31:50       0m 29s  ...               25.47         0.67
4   2026-01-23 14:32:19       0m 30s  ...               37.39         0.99
5   2026-01-23 14:32:50       0m 26s  ...                0.45         0.01
6   2026-01-23 14:33:16       0m 29s  ...               38.62         0.91
7   2026-01-23 14:33:45       0m 29s  ...               19.86         0.56
8   2026-01-23 14:34:15       0m 28s  ...               39.61         1.05
9   2026-01-23 14:34:44       0m 26s  ...                1.79         0.05
10  2026-01-23 14:35:10       0m 26s  ...                2.79         0.07
11  2026-01-23 14:35:36       0m 28s  ...               20.77         0.49
12  2026-01-23 14:36:05       0m 27s  ...               20.60         0.51
13  2026-01-23 14:36:33       0m 27s  ...               15.28         0.35
14  2026-01-23 14:37:01       0m 30s  ...               30.18         0.79
15  2026-01-23 14:37:31       0m 29s  ...               19.25         0.48
16  2026-01-23 14:38:01       0m 38s  ...               85.84         2.58
17  2026-01-23 14:38:39       0m 27s  ...                0.76         0.02
18  2026-01-23 14:39:07       0m 28s  ...               23.22         0.57
19  2026-01-23 14:39:35       0m 34s  ...               62.76         1.72
20  2026-01-23 14:40:09       0m 26s  ...                1.10         0.03
21  2026-01-23 14:40:36       0m 27s  ...               19.31         0.52
22  2026-01-23 14:41:04       0m 30s  ...               42.05         1.16
23  2026-01-23 14:41:35       0m 24s  ...                6.56         0.18
24  2026-01-23 14:41:59       0m 24s  ...                1.51         0.04
25  2026-01-23 14:42:24       0m 26s  ...                8.51         0.22
26  2026-01-23 14:42:51       0m 27s  ...               12.12         0.31
27  2026-01-23 14:43:18       0m 29s  ...               32.69         0.79
28  2026-01-23 14:43:48       0m 26s  ...                2.15         0.06
29  2026-01-23 14:44:15       0m 26s  ...                2.94         0.07
30  2026-01-23 14:44:41       0m 27s  ...               12.91         0.30
31  2026-01-23 14:45:09       0m 27s  ...               42.77         1.19
32  2026-01-23 14:45:37       0m 33s  ...               65.54         1.89
33  2026-01-23 14:46:10       0m 27s  ...               10.11         0.24
34  2026-01-23 14:46:38       0m 26s  ...                4.05         0.11
35  2026-01-23 14:47:04       0m 26s  ...                1.89         0.05
36  2026-01-23 14:47:30       0m 26s  ...                5.54         0.15
37  2026-01-23 14:47:56       0m 25s  ...                0.46         0.01
38  2026-01-23 14:48:22       0m 25s  ...                1.59         0.04
39  2026-01-23 14:48:47       0m 31s  ...               43.85         1.03
40  2026-01-23 14:49:19       0m 33s  ...               61.84         1.56
41  2026-01-23 14:49:53       0m 32s  ...               46.89         1.19
42  2026-01-23 14:50:25       0m 38s  ...               80.70         2.32
43  2026-01-23 14:51:04       0m 26s  ...                2.90         0.07
44  2026-01-23 14:51:31       0m 27s  ...               11.56         0.29
45  2026-01-23 14:51:59       0m 27s  ...                4.11         0.11
46  2026-01-23 14:52:26       0m 26s  ...               11.45         0.30
47  2026-01-23 14:52:53       0m 27s  ...               11.80         0.25
48  2026-01-23 14:53:20       0m 26s  ...                6.42         0.18

[49 rows x 24 columns]
[2026-01-23 14:55:26,703] - [root] - [INFO] - Analysis finished: 0m 35s
[2026-01-23 14:55:26,703] - [root] - [INFO] - -------------------------------------------
[2026-01-23 14:55:26,703] - [root] - [INFO] - -------------------------------------------
[2026-01-23 14:55:26,704] - [root] - [INFO] - Processing 1-22-2026 5dpi 129-W2021006-119_R2.png
[2026-01-23 14:55:44,375] - [root] - [INFO] - Finished loading mask: 0m 17s
[2026-01-23 14:55:53,649] - [root] - [INFO] - Finished crop and inference: 0m 26s
[2026-01-23 14:55:55,122] - [root] - [INFO] - Analysis finished: 0m 28s
[2026-01-23 14:55:55,122] - [root] - [INFO] - -------------------------------------------
[2026-01-23 14:55:55,122] - [root] - [INFO] - -------------------------------------------
[2026-01-23 14:55:55,122] - [root] - [INFO] - Processing 1-22-2026 5dpi 132-W2021010-399_R1.png
[2026-01-23 14:56:11,898] - [root] - [INFO] - Finished loading mask: 0m 16s
[2026-01-23 14:56:19,678] - [root] - [INFO] - Finished crop and inference: 0m 24s
              timestamp time_elapsed  ... severity_rate_patch Gradient_sr2
0   2026-01-23 14:30:32       0m 25s  ...                1.74         0.04
1   2026-01-23 14:30:58       0m 25s  ...                4.36         0.11
2   2026-01-23 14:31:24       0m 26s  ...                0.85         0.02
3   2026-01-23 14:31:50       0m 29s  ...               25.47         0.67
4   2026-01-23 14:32:19       0m 30s  ...               37.39         0.99
5   2026-01-23 14:32:50       0m 26s  ...                0.45         0.01
6   2026-01-23 14:33:16       0m 29s  ...               38.62         0.91
7   2026-01-23 14:33:45       0m 29s  ...               19.86         0.56
8   2026-01-23 14:34:15       0m 28s  ...               39.61         1.05
9   2026-01-23 14:34:44       0m 26s  ...                1.79         0.05
10  2026-01-23 14:35:10       0m 26s  ...                2.79         0.07
11  2026-01-23 14:35:36       0m 28s  ...               20.77         0.49
12  2026-01-23 14:36:05       0m 27s  ...               20.60         0.51
13  2026-01-23 14:36:33       0m 27s  ...               15.28         0.35
14  2026-01-23 14:37:01       0m 30s  ...               30.18         0.79
15  2026-01-23 14:37:31       0m 29s  ...               19.25         0.48
16  2026-01-23 14:38:01       0m 38s  ...               85.84         2.58
17  2026-01-23 14:38:39       0m 27s  ...                0.76         0.02
18  2026-01-23 14:39:07       0m 28s  ...               23.22         0.57
19  2026-01-23 14:39:35       0m 34s  ...               62.76         1.72
20  2026-01-23 14:40:09       0m 26s  ...                1.10         0.03
21  2026-01-23 14:40:36       0m 27s  ...               19.31         0.52
22  2026-01-23 14:41:04       0m 30s  ...               42.05         1.16
23  2026-01-23 14:41:35       0m 24s  ...                6.56         0.18
24  2026-01-23 14:41:59       0m 24s  ...                1.51         0.04
25  2026-01-23 14:42:24       0m 26s  ...                8.51         0.22
26  2026-01-23 14:42:51       0m 27s  ...               12.12         0.31
27  2026-01-23 14:43:18       0m 29s  ...               32.69         0.79
28  2026-01-23 14:43:48       0m 26s  ...                2.15         0.06
29  2026-01-23 14:44:15       0m 26s  ...                2.94         0.07
30  2026-01-23 14:44:41       0m 27s  ...               12.91         0.30
31  2026-01-23 14:45:09       0m 27s  ...               42.77         1.19
32  2026-01-23 14:45:37       0m 33s  ...               65.54         1.89
33  2026-01-23 14:46:10       0m 27s  ...               10.11         0.24
34  2026-01-23 14:46:38       0m 26s  ...                4.05         0.11
35  2026-01-23 14:47:04       0m 26s  ...                1.89         0.05
36  2026-01-23 14:47:30       0m 26s  ...                5.54         0.15
37  2026-01-23 14:47:56       0m 25s  ...                0.46         0.01
38  2026-01-23 14:48:22       0m 25s  ...                1.59         0.04
39  2026-01-23 14:48:47       0m 31s  ...               43.85         1.03
40  2026-01-23 14:49:19       0m 33s  ...               61.84         1.56
41  2026-01-23 14:49:53       0m 32s  ...               46.89         1.19
42  2026-01-23 14:50:25       0m 38s  ...               80.70         2.32
43  2026-01-23 14:51:04       0m 26s  ...                2.90         0.07
44  2026-01-23 14:51:31       0m 27s  ...               11.56         0.29
45  2026-01-23 14:51:59       0m 27s  ...                4.11         0.11
46  2026-01-23 14:52:26       0m 26s  ...               11.45         0.30
47  2026-01-23 14:52:53       0m 27s  ...               11.80         0.25
48  2026-01-23 14:53:20       0m 26s  ...                6.42         0.18
49  2026-01-23 14:53:47       0m 26s  ...                0.78         0.02

[50 rows x 24 columns]
              timestamp time_elapsed  ... severity_rate_patch Gradient_sr2
0   2026-01-23 14:30:32       0m 25s  ...                1.74         0.04
1   2026-01-23 14:30:58       0m 25s  ...                4.36         0.11
2   2026-01-23 14:31:24       0m 26s  ...                0.85         0.02
3   2026-01-23 14:31:50       0m 29s  ...               25.47         0.67
4   2026-01-23 14:32:19       0m 30s  ...               37.39         0.99
5   2026-01-23 14:32:50       0m 26s  ...                0.45         0.01
6   2026-01-23 14:33:16       0m 29s  ...               38.62         0.91
7   2026-01-23 14:33:45       0m 29s  ...               19.86         0.56
8   2026-01-23 14:34:15       0m 28s  ...               39.61         1.05
9   2026-01-23 14:34:44       0m 26s  ...                1.79         0.05
10  2026-01-23 14:35:10       0m 26s  ...                2.79         0.07
11  2026-01-23 14:35:36       0m 28s  ...               20.77         0.49
12  2026-01-23 14:36:05       0m 27s  ...               20.60         0.51
13  2026-01-23 14:36:33       0m 27s  ...               15.28         0.35
14  2026-01-23 14:37:01       0m 30s  ...               30.18         0.79
15  2026-01-23 14:37:31       0m 29s  ...               19.25         0.48
16  2026-01-23 14:38:01       0m 38s  ...               85.84         2.58
17  2026-01-23 14:38:39       0m 27s  ...                0.76         0.02
18  2026-01-23 14:39:07       0m 28s  ...               23.22         0.57
19  2026-01-23 14:39:35       0m 34s  ...               62.76         1.72
20  2026-01-23 14:40:09       0m 26s  ...                1.10         0.03
21  2026-01-23 14:40:36       0m 27s  ...               19.31         0.52
22  2026-01-23 14:41:04       0m 30s  ...               42.05         1.16
23  2026-01-23 14:41:35       0m 24s  ...                6.56         0.18
24  2026-01-23 14:41:59       0m 24s  ...                1.51         0.04
25  2026-01-23 14:42:24       0m 26s  ...                8.51         0.22
26  2026-01-23 14:42:51       0m 27s  ...               12.12         0.31
27  2026-01-23 14:43:18       0m 29s  ...               32.69         0.79
28  2026-01-23 14:43:48       0m 26s  ...                2.15         0.06
29  2026-01-23 14:44:15       0m 26s  ...                2.94         0.07
30  2026-01-23 14:44:41       0m 27s  ...               12.91         0.30
31  2026-01-23 14:45:09       0m 27s  ...               42.77         1.19
32  2026-01-23 14:45:37       0m 33s  ...               65.54         1.89
33  2026-01-23 14:46:10       0m 27s  ...               10.11         0.24
34  2026-01-23 14:46:38       0m 26s  ...                4.05         0.11
35  2026-01-23 14:47:04       0m 26s  ...                1.89         0.05
36  2026-01-23 14:47:30       0m 26s  ...                5.54         0.15
37  2026-01-23 14:47:56       0m 25s  ...                0.46         0.01
38  2026-01-23 14:48:22       0m 25s  ...                1.59         0.04
39  2026-01-23 14:48:47       0m 31s  ...               43.85         1.03
40  2026-01-23 14:49:19       0m 33s  ...               61.84         1.56
41  2026-01-23 14:49:53       0m 32s  ...               46.89         1.19
42  2026-01-23 14:50:25       0m 38s  ...               80.70         2.32
43  2026-01-23 14:51:04       0m 26s  ...                2.90         0.07
44  2026-01-23 14:51:31       0m 27s  ...               11.56         0.29
45  2026-01-23 14:51:59       0m 27s  ...                4.11         0.11
46  2026-01-23 14:52:26       0m 26s  ...               11.45         0.30
47  2026-01-23 14:52:53       0m 27s  ...               11.80         0.25
48  2026-01-23 14:53:20       0m 26s  ...                6.42         0.18
49  2026-01-23 14:53:47       0m 26s  ...                0.78         0.02
50  2026-01-23 14:54:14       0m 37s  ...               83.75         2.58

[51 rows x 24 columns]
[2026-01-23 14:56:21,183] - [root] - [INFO] - Analysis finished: 0m 26s
[2026-01-23 14:56:21,183] - [root] - [INFO] - -------------------------------------------
[2026-01-23 14:56:21,183] - [root] - [INFO] - -------------------------------------------
[2026-01-23 14:56:21,183] - [root] - [INFO] - Processing 1-22-2026 5dpi 132-W2021011-644_R2.png
[2026-01-23 14:56:37,684] - [root] - [INFO] - Finished loading mask: 0m 16s
[2026-01-23 14:56:47,511] - [root] - [INFO] - Finished crop and inference: 0m 26s
              timestamp time_elapsed  ... severity_rate_patch Gradient_sr2
0   2026-01-23 14:30:32       0m 25s  ...                1.74         0.04
1   2026-01-23 14:30:58       0m 25s  ...                4.36         0.11
2   2026-01-23 14:31:24       0m 26s  ...                0.85         0.02
3   2026-01-23 14:31:50       0m 29s  ...               25.47         0.67
4   2026-01-23 14:32:19       0m 30s  ...               37.39         0.99
5   2026-01-23 14:32:50       0m 26s  ...                0.45         0.01
6   2026-01-23 14:33:16       0m 29s  ...               38.62         0.91
7   2026-01-23 14:33:45       0m 29s  ...               19.86         0.56
8   2026-01-23 14:34:15       0m 28s  ...               39.61         1.05
9   2026-01-23 14:34:44       0m 26s  ...                1.79         0.05
10  2026-01-23 14:35:10       0m 26s  ...                2.79         0.07
11  2026-01-23 14:35:36       0m 28s  ...               20.77         0.49
12  2026-01-23 14:36:05       0m 27s  ...               20.60         0.51
13  2026-01-23 14:36:33       0m 27s  ...               15.28         0.35
14  2026-01-23 14:37:01       0m 30s  ...               30.18         0.79
15  2026-01-23 14:37:31       0m 29s  ...               19.25         0.48
16  2026-01-23 14:38:01       0m 38s  ...               85.84         2.58
17  2026-01-23 14:38:39       0m 27s  ...                0.76         0.02
18  2026-01-23 14:39:07       0m 28s  ...               23.22         0.57
19  2026-01-23 14:39:35       0m 34s  ...               62.76         1.72
20  2026-01-23 14:40:09       0m 26s  ...                1.10         0.03
21  2026-01-23 14:40:36       0m 27s  ...               19.31         0.52
22  2026-01-23 14:41:04       0m 30s  ...               42.05         1.16
23  2026-01-23 14:41:35       0m 24s  ...                6.56         0.18
24  2026-01-23 14:41:59       0m 24s  ...                1.51         0.04
25  2026-01-23 14:42:24       0m 26s  ...                8.51         0.22
26  2026-01-23 14:42:51       0m 27s  ...               12.12         0.31
27  2026-01-23 14:43:18       0m 29s  ...               32.69         0.79
28  2026-01-23 14:43:48       0m 26s  ...                2.15         0.06
29  2026-01-23 14:44:15       0m 26s  ...                2.94         0.07
30  2026-01-23 14:44:41       0m 27s  ...               12.91         0.30
31  2026-01-23 14:45:09       0m 27s  ...               42.77         1.19
32  2026-01-23 14:45:37       0m 33s  ...               65.54         1.89
33  2026-01-23 14:46:10       0m 27s  ...               10.11         0.24
34  2026-01-23 14:46:38       0m 26s  ...                4.05         0.11
35  2026-01-23 14:47:04       0m 26s  ...                1.89         0.05
36  2026-01-23 14:47:30       0m 26s  ...                5.54         0.15
37  2026-01-23 14:47:56       0m 25s  ...                0.46         0.01
38  2026-01-23 14:48:22       0m 25s  ...                1.59         0.04
39  2026-01-23 14:48:47       0m 31s  ...               43.85         1.03
40  2026-01-23 14:49:19       0m 33s  ...               61.84         1.56
41  2026-01-23 14:49:53       0m 32s  ...               46.89         1.19
42  2026-01-23 14:50:25       0m 38s  ...               80.70         2.32
43  2026-01-23 14:51:04       0m 26s  ...                2.90         0.07
44  2026-01-23 14:51:31       0m 27s  ...               11.56         0.29
45  2026-01-23 14:51:59       0m 27s  ...                4.11         0.11
46  2026-01-23 14:52:26       0m 26s  ...               11.45         0.30
47  2026-01-23 14:52:53       0m 27s  ...               11.80         0.25
48  2026-01-23 14:53:20       0m 26s  ...                6.42         0.18
49  2026-01-23 14:53:47       0m 26s  ...                0.78         0.02
50  2026-01-23 14:54:14       0m 37s  ...               83.75         2.58
51  2026-01-23 14:54:51       0m 35s  ...               77.72         2.05

[52 rows x 24 columns]
              timestamp time_elapsed  ... severity_rate_patch Gradient_sr2
0   2026-01-23 14:30:32       0m 25s  ...                1.74         0.04
1   2026-01-23 14:30:58       0m 25s  ...                4.36         0.11
2   2026-01-23 14:31:24       0m 26s  ...                0.85         0.02
3   2026-01-23 14:31:50       0m 29s  ...               25.47         0.67
4   2026-01-23 14:32:19       0m 30s  ...               37.39         0.99
5   2026-01-23 14:32:50       0m 26s  ...                0.45         0.01
6   2026-01-23 14:33:16       0m 29s  ...               38.62         0.91
7   2026-01-23 14:33:45       0m 29s  ...               19.86         0.56
8   2026-01-23 14:34:15       0m 28s  ...               39.61         1.05
9   2026-01-23 14:34:44       0m 26s  ...                1.79         0.05
10  2026-01-23 14:35:10       0m 26s  ...                2.79         0.07
11  2026-01-23 14:35:36       0m 28s  ...               20.77         0.49
12  2026-01-23 14:36:05       0m 27s  ...               20.60         0.51
13  2026-01-23 14:36:33       0m 27s  ...               15.28         0.35
14  2026-01-23 14:37:01       0m 30s  ...               30.18         0.79
15  2026-01-23 14:37:31       0m 29s  ...               19.25         0.48
16  2026-01-23 14:38:01       0m 38s  ...               85.84         2.58
17  2026-01-23 14:38:39       0m 27s  ...                0.76         0.02
18  2026-01-23 14:39:07       0m 28s  ...               23.22         0.57
19  2026-01-23 14:39:35       0m 34s  ...               62.76         1.72
20  2026-01-23 14:40:09       0m 26s  ...                1.10         0.03
21  2026-01-23 14:40:36       0m 27s  ...               19.31         0.52
22  2026-01-23 14:41:04       0m 30s  ...               42.05         1.16
23  2026-01-23 14:41:35       0m 24s  ...                6.56         0.18
24  2026-01-23 14:41:59       0m 24s  ...                1.51         0.04
25  2026-01-23 14:42:24       0m 26s  ...                8.51         0.22
26  2026-01-23 14:42:51       0m 27s  ...               12.12         0.31
27  2026-01-23 14:43:18       0m 29s  ...               32.69         0.79
28  2026-01-23 14:43:48       0m 26s  ...                2.15         0.06
29  2026-01-23 14:44:15       0m 26s  ...                2.94         0.07
30  2026-01-23 14:44:41       0m 27s  ...               12.91         0.30
31  2026-01-23 14:45:09       0m 27s  ...               42.77         1.19
32  2026-01-23 14:45:37       0m 33s  ...               65.54         1.89
33  2026-01-23 14:46:10       0m 27s  ...               10.11         0.24
34  2026-01-23 14:46:38       0m 26s  ...                4.05         0.11
35  2026-01-23 14:47:04       0m 26s  ...                1.89         0.05
36  2026-01-23 14:47:30       0m 26s  ...                5.54         0.15
37  2026-01-23 14:47:56       0m 25s  ...                0.46         0.01
38  2026-01-23 14:48:22       0m 25s  ...                1.59         0.04
39  2026-01-23 14:48:47       0m 31s  ...               43.85         1.03
40  2026-01-23 14:49:19       0m 33s  ...               61.84         1.56
41  2026-01-23 14:49:53       0m 32s  ...               46.89         1.19
42  2026-01-23 14:50:25       0m 38s  ...               80.70         2.32
43  2026-01-23 14:51:04       0m 26s  ...                2.90         0.07
44  2026-01-23 14:51:31       0m 27s  ...               11.56         0.29
45  2026-01-23 14:51:59       0m 27s  ...                4.11         0.11
46  2026-01-23 14:52:26       0m 26s  ...               11.45         0.30
47  2026-01-23 14:52:53       0m 27s  ...               11.80         0.25
48  2026-01-23 14:53:20       0m 26s  ...                6.42         0.18
49  2026-01-23 14:53:47       0m 26s  ...                0.78         0.02
50  2026-01-23 14:54:14       0m 37s  ...               83.75         2.58
51  2026-01-23 14:54:51       0m 35s  ...               77.72         2.05
52  2026-01-23 14:55:26       0m 28s  ...                8.96         0.25

[53 rows x 24 columns]
[2026-01-23 14:56:48,998] - [root] - [INFO] - Analysis finished: 0m 27s
[2026-01-23 14:56:48,998] - [root] - [INFO] - -------------------------------------------
[2026-01-23 14:56:48,999] - [root] - [INFO] - -------------------------------------------
[2026-01-23 14:56:48,999] - [root] - [INFO] - Processing 1-22-2026 5dpi 134-W2021006-001_R1.png
[2026-01-23 14:57:06,121] - [root] - [INFO] - Finished loading mask: 0m 17s
[2026-01-23 14:57:19,910] - [root] - [INFO] - Finished crop and inference: 0m 30s
              timestamp time_elapsed  ... severity_rate_patch Gradient_sr2
0   2026-01-23 14:30:32       0m 25s  ...                1.74         0.04
1   2026-01-23 14:30:58       0m 25s  ...                4.36         0.11
2   2026-01-23 14:31:24       0m 26s  ...                0.85         0.02
3   2026-01-23 14:31:50       0m 29s  ...               25.47         0.67
4   2026-01-23 14:32:19       0m 30s  ...               37.39         0.99
5   2026-01-23 14:32:50       0m 26s  ...                0.45         0.01
6   2026-01-23 14:33:16       0m 29s  ...               38.62         0.91
7   2026-01-23 14:33:45       0m 29s  ...               19.86         0.56
8   2026-01-23 14:34:15       0m 28s  ...               39.61         1.05
9   2026-01-23 14:34:44       0m 26s  ...                1.79         0.05
10  2026-01-23 14:35:10       0m 26s  ...                2.79         0.07
11  2026-01-23 14:35:36       0m 28s  ...               20.77         0.49
12  2026-01-23 14:36:05       0m 27s  ...               20.60         0.51
13  2026-01-23 14:36:33       0m 27s  ...               15.28         0.35
14  2026-01-23 14:37:01       0m 30s  ...               30.18         0.79
15  2026-01-23 14:37:31       0m 29s  ...               19.25         0.48
16  2026-01-23 14:38:01       0m 38s  ...               85.84         2.58
17  2026-01-23 14:38:39       0m 27s  ...                0.76         0.02
18  2026-01-23 14:39:07       0m 28s  ...               23.22         0.57
19  2026-01-23 14:39:35       0m 34s  ...               62.76         1.72
20  2026-01-23 14:40:09       0m 26s  ...                1.10         0.03
21  2026-01-23 14:40:36       0m 27s  ...               19.31         0.52
22  2026-01-23 14:41:04       0m 30s  ...               42.05         1.16
23  2026-01-23 14:41:35       0m 24s  ...                6.56         0.18
24  2026-01-23 14:41:59       0m 24s  ...                1.51         0.04
25  2026-01-23 14:42:24       0m 26s  ...                8.51         0.22
26  2026-01-23 14:42:51       0m 27s  ...               12.12         0.31
27  2026-01-23 14:43:18       0m 29s  ...               32.69         0.79
28  2026-01-23 14:43:48       0m 26s  ...                2.15         0.06
29  2026-01-23 14:44:15       0m 26s  ...                2.94         0.07
30  2026-01-23 14:44:41       0m 27s  ...               12.91         0.30
31  2026-01-23 14:45:09       0m 27s  ...               42.77         1.19
32  2026-01-23 14:45:37       0m 33s  ...               65.54         1.89
33  2026-01-23 14:46:10       0m 27s  ...               10.11         0.24
34  2026-01-23 14:46:38       0m 26s  ...                4.05         0.11
35  2026-01-23 14:47:04       0m 26s  ...                1.89         0.05
36  2026-01-23 14:47:30       0m 26s  ...                5.54         0.15
37  2026-01-23 14:47:56       0m 25s  ...                0.46         0.01
38  2026-01-23 14:48:22       0m 25s  ...                1.59         0.04
39  2026-01-23 14:48:47       0m 31s  ...               43.85         1.03
40  2026-01-23 14:49:19       0m 33s  ...               61.84         1.56
41  2026-01-23 14:49:53       0m 32s  ...               46.89         1.19
42  2026-01-23 14:50:25       0m 38s  ...               80.70         2.32
43  2026-01-23 14:51:04       0m 26s  ...                2.90         0.07
44  2026-01-23 14:51:31       0m 27s  ...               11.56         0.29
45  2026-01-23 14:51:59       0m 27s  ...                4.11         0.11
46  2026-01-23 14:52:26       0m 26s  ...               11.45         0.30
47  2026-01-23 14:52:53       0m 27s  ...               11.80         0.25
48  2026-01-23 14:53:20       0m 26s  ...                6.42         0.18
49  2026-01-23 14:53:47       0m 26s  ...                0.78         0.02
50  2026-01-23 14:54:14       0m 37s  ...               83.75         2.58
51  2026-01-23 14:54:51       0m 35s  ...               77.72         2.05
52  2026-01-23 14:55:26       0m 28s  ...                8.96         0.25
53  2026-01-23 14:55:55       0m 26s  ...                1.10         0.03

[54 rows x 24 columns]
[2026-01-23 14:57:21,426] - [root] - [INFO] - Analysis finished: 0m 32s
[2026-01-23 14:57:21,426] - [root] - [INFO] - -------------------------------------------
[2026-01-23 14:57:21,426] - [root] - [INFO] - -------------------------------------------
[2026-01-23 14:57:21,426] - [root] - [INFO] - Processing 1-22-2026 5dpi 134-W2021009-275_R1.png
[2026-01-23 14:57:39,173] - [root] - [INFO] - Finished loading mask: 0m 17s
[2026-01-23 14:57:50,954] - [root] - [INFO] - Finished crop and inference: 0m 29s
              timestamp time_elapsed  ... severity_rate_patch Gradient_sr2
0   2026-01-23 14:30:32       0m 25s  ...                1.74         0.04
1   2026-01-23 14:30:58       0m 25s  ...                4.36         0.11
2   2026-01-23 14:31:24       0m 26s  ...                0.85         0.02
3   2026-01-23 14:31:50       0m 29s  ...               25.47         0.67
4   2026-01-23 14:32:19       0m 30s  ...               37.39         0.99
5   2026-01-23 14:32:50       0m 26s  ...                0.45         0.01
6   2026-01-23 14:33:16       0m 29s  ...               38.62         0.91
7   2026-01-23 14:33:45       0m 29s  ...               19.86         0.56
8   2026-01-23 14:34:15       0m 28s  ...               39.61         1.05
9   2026-01-23 14:34:44       0m 26s  ...                1.79         0.05
10  2026-01-23 14:35:10       0m 26s  ...                2.79         0.07
11  2026-01-23 14:35:36       0m 28s  ...               20.77         0.49
12  2026-01-23 14:36:05       0m 27s  ...               20.60         0.51
13  2026-01-23 14:36:33       0m 27s  ...               15.28         0.35
14  2026-01-23 14:37:01       0m 30s  ...               30.18         0.79
15  2026-01-23 14:37:31       0m 29s  ...               19.25         0.48
16  2026-01-23 14:38:01       0m 38s  ...               85.84         2.58
17  2026-01-23 14:38:39       0m 27s  ...                0.76         0.02
18  2026-01-23 14:39:07       0m 28s  ...               23.22         0.57
19  2026-01-23 14:39:35       0m 34s  ...               62.76         1.72
20  2026-01-23 14:40:09       0m 26s  ...                1.10         0.03
21  2026-01-23 14:40:36       0m 27s  ...               19.31         0.52
22  2026-01-23 14:41:04       0m 30s  ...               42.05         1.16
23  2026-01-23 14:41:35       0m 24s  ...                6.56         0.18
24  2026-01-23 14:41:59       0m 24s  ...                1.51         0.04
25  2026-01-23 14:42:24       0m 26s  ...                8.51         0.22
26  2026-01-23 14:42:51       0m 27s  ...               12.12         0.31
27  2026-01-23 14:43:18       0m 29s  ...               32.69         0.79
28  2026-01-23 14:43:48       0m 26s  ...                2.15         0.06
29  2026-01-23 14:44:15       0m 26s  ...                2.94         0.07
30  2026-01-23 14:44:41       0m 27s  ...               12.91         0.30
31  2026-01-23 14:45:09       0m 27s  ...               42.77         1.19
32  2026-01-23 14:45:37       0m 33s  ...               65.54         1.89
33  2026-01-23 14:46:10       0m 27s  ...               10.11         0.24
34  2026-01-23 14:46:38       0m 26s  ...                4.05         0.11
35  2026-01-23 14:47:04       0m 26s  ...                1.89         0.05
36  2026-01-23 14:47:30       0m 26s  ...                5.54         0.15
37  2026-01-23 14:47:56       0m 25s  ...                0.46         0.01
38  2026-01-23 14:48:22       0m 25s  ...                1.59         0.04
39  2026-01-23 14:48:47       0m 31s  ...               43.85         1.03
40  2026-01-23 14:49:19       0m 33s  ...               61.84         1.56
41  2026-01-23 14:49:53       0m 32s  ...               46.89         1.19
42  2026-01-23 14:50:25       0m 38s  ...               80.70         2.32
43  2026-01-23 14:51:04       0m 26s  ...                2.90         0.07
44  2026-01-23 14:51:31       0m 27s  ...               11.56         0.29
45  2026-01-23 14:51:59       0m 27s  ...                4.11         0.11
46  2026-01-23 14:52:26       0m 26s  ...               11.45         0.30
47  2026-01-23 14:52:53       0m 27s  ...               11.80         0.25
48  2026-01-23 14:53:20       0m 26s  ...                6.42         0.18
49  2026-01-23 14:53:47       0m 26s  ...                0.78         0.02
50  2026-01-23 14:54:14       0m 37s  ...               83.75         2.58
51  2026-01-23 14:54:51       0m 35s  ...               77.72         2.05
52  2026-01-23 14:55:26       0m 28s  ...                8.96         0.25
53  2026-01-23 14:55:55       0m 26s  ...                1.10         0.03
54  2026-01-23 14:56:21       0m 27s  ...               11.88         0.29

[55 rows x 24 columns]
[2026-01-23 14:57:52,404] - [root] - [INFO] - Analysis finished: 0m 30s
[2026-01-23 14:57:52,404] - [root] - [INFO] - -------------------------------------------
[2026-01-23 14:57:52,404] - [root] - [INFO] - -------------------------------------------
[2026-01-23 14:57:52,405] - [root] - [INFO] - Processing 1-22-2026 5dpi 137-W2021010-342_R2.png
[2026-01-23 14:58:09,718] - [root] - [INFO] - Finished loading mask: 0m 17s
[2026-01-23 14:58:18,141] - [root] - [INFO] - Finished crop and inference: 0m 25s
              timestamp time_elapsed  ... severity_rate_patch Gradient_sr2
0   2026-01-23 14:30:32       0m 25s  ...                1.74         0.04
1   2026-01-23 14:30:58       0m 25s  ...                4.36         0.11
2   2026-01-23 14:31:24       0m 26s  ...                0.85         0.02
3   2026-01-23 14:31:50       0m 29s  ...               25.47         0.67
4   2026-01-23 14:32:19       0m 30s  ...               37.39         0.99
5   2026-01-23 14:32:50       0m 26s  ...                0.45         0.01
6   2026-01-23 14:33:16       0m 29s  ...               38.62         0.91
7   2026-01-23 14:33:45       0m 29s  ...               19.86         0.56
8   2026-01-23 14:34:15       0m 28s  ...               39.61         1.05
9   2026-01-23 14:34:44       0m 26s  ...                1.79         0.05
10  2026-01-23 14:35:10       0m 26s  ...                2.79         0.07
11  2026-01-23 14:35:36       0m 28s  ...               20.77         0.49
12  2026-01-23 14:36:05       0m 27s  ...               20.60         0.51
13  2026-01-23 14:36:33       0m 27s  ...               15.28         0.35
14  2026-01-23 14:37:01       0m 30s  ...               30.18         0.79
15  2026-01-23 14:37:31       0m 29s  ...               19.25         0.48
16  2026-01-23 14:38:01       0m 38s  ...               85.84         2.58
17  2026-01-23 14:38:39       0m 27s  ...                0.76         0.02
18  2026-01-23 14:39:07       0m 28s  ...               23.22         0.57
19  2026-01-23 14:39:35       0m 34s  ...               62.76         1.72
20  2026-01-23 14:40:09       0m 26s  ...                1.10         0.03
21  2026-01-23 14:40:36       0m 27s  ...               19.31         0.52
22  2026-01-23 14:41:04       0m 30s  ...               42.05         1.16
23  2026-01-23 14:41:35       0m 24s  ...                6.56         0.18
24  2026-01-23 14:41:59       0m 24s  ...                1.51         0.04
25  2026-01-23 14:42:24       0m 26s  ...                8.51         0.22
26  2026-01-23 14:42:51       0m 27s  ...               12.12         0.31
27  2026-01-23 14:43:18       0m 29s  ...               32.69         0.79
28  2026-01-23 14:43:48       0m 26s  ...                2.15         0.06
29  2026-01-23 14:44:15       0m 26s  ...                2.94         0.07
30  2026-01-23 14:44:41       0m 27s  ...               12.91         0.30
31  2026-01-23 14:45:09       0m 27s  ...               42.77         1.19
32  2026-01-23 14:45:37       0m 33s  ...               65.54         1.89
33  2026-01-23 14:46:10       0m 27s  ...               10.11         0.24
34  2026-01-23 14:46:38       0m 26s  ...                4.05         0.11
35  2026-01-23 14:47:04       0m 26s  ...                1.89         0.05
36  2026-01-23 14:47:30       0m 26s  ...                5.54         0.15
37  2026-01-23 14:47:56       0m 25s  ...                0.46         0.01
38  2026-01-23 14:48:22       0m 25s  ...                1.59         0.04
39  2026-01-23 14:48:47       0m 31s  ...               43.85         1.03
40  2026-01-23 14:49:19       0m 33s  ...               61.84         1.56
41  2026-01-23 14:49:53       0m 32s  ...               46.89         1.19
42  2026-01-23 14:50:25       0m 38s  ...               80.70         2.32
43  2026-01-23 14:51:04       0m 26s  ...                2.90         0.07
44  2026-01-23 14:51:31       0m 27s  ...               11.56         0.29
45  2026-01-23 14:51:59       0m 27s  ...                4.11         0.11
46  2026-01-23 14:52:26       0m 26s  ...               11.45         0.30
47  2026-01-23 14:52:53       0m 27s  ...               11.80         0.25
48  2026-01-23 14:53:20       0m 26s  ...                6.42         0.18
49  2026-01-23 14:53:47       0m 26s  ...                0.78         0.02
50  2026-01-23 14:54:14       0m 37s  ...               83.75         2.58
51  2026-01-23 14:54:51       0m 35s  ...               77.72         2.05
52  2026-01-23 14:55:26       0m 28s  ...                8.96         0.25
53  2026-01-23 14:55:55       0m 26s  ...                1.10         0.03
54  2026-01-23 14:56:21       0m 27s  ...               11.88         0.29
55  2026-01-23 14:56:48       0m 32s  ...               55.20         1.46

[56 rows x 24 columns]
[2026-01-23 14:58:19,623] - [root] - [INFO] - Analysis finished: 0m 27s
[2026-01-23 14:58:19,623] - [root] - [INFO] - -------------------------------------------
[2026-01-23 14:58:19,623] - [root] - [INFO] - -------------------------------------------
[2026-01-23 14:58:19,623] - [root] - [INFO] - Processing 1-22-2026 5dpi 138-W2021010-446_R1.png
[2026-01-23 14:58:36,344] - [root] - [INFO] - Finished loading mask: 0m 16s
[2026-01-23 14:58:45,328] - [root] - [INFO] - Finished crop and inference: 0m 25s
              timestamp time_elapsed  ... severity_rate_patch Gradient_sr2
0   2026-01-23 14:30:32       0m 25s  ...                1.74         0.04
1   2026-01-23 14:30:58       0m 25s  ...                4.36         0.11
2   2026-01-23 14:31:24       0m 26s  ...                0.85         0.02
3   2026-01-23 14:31:50       0m 29s  ...               25.47         0.67
4   2026-01-23 14:32:19       0m 30s  ...               37.39         0.99
5   2026-01-23 14:32:50       0m 26s  ...                0.45         0.01
6   2026-01-23 14:33:16       0m 29s  ...               38.62         0.91
7   2026-01-23 14:33:45       0m 29s  ...               19.86         0.56
8   2026-01-23 14:34:15       0m 28s  ...               39.61         1.05
9   2026-01-23 14:34:44       0m 26s  ...                1.79         0.05
10  2026-01-23 14:35:10       0m 26s  ...                2.79         0.07
11  2026-01-23 14:35:36       0m 28s  ...               20.77         0.49
12  2026-01-23 14:36:05       0m 27s  ...               20.60         0.51
13  2026-01-23 14:36:33       0m 27s  ...               15.28         0.35
14  2026-01-23 14:37:01       0m 30s  ...               30.18         0.79
15  2026-01-23 14:37:31       0m 29s  ...               19.25         0.48
16  2026-01-23 14:38:01       0m 38s  ...               85.84         2.58
17  2026-01-23 14:38:39       0m 27s  ...                0.76         0.02
18  2026-01-23 14:39:07       0m 28s  ...               23.22         0.57
19  2026-01-23 14:39:35       0m 34s  ...               62.76         1.72
20  2026-01-23 14:40:09       0m 26s  ...                1.10         0.03
21  2026-01-23 14:40:36       0m 27s  ...               19.31         0.52
22  2026-01-23 14:41:04       0m 30s  ...               42.05         1.16
23  2026-01-23 14:41:35       0m 24s  ...                6.56         0.18
24  2026-01-23 14:41:59       0m 24s  ...                1.51         0.04
25  2026-01-23 14:42:24       0m 26s  ...                8.51         0.22
26  2026-01-23 14:42:51       0m 27s  ...               12.12         0.31
27  2026-01-23 14:43:18       0m 29s  ...               32.69         0.79
28  2026-01-23 14:43:48       0m 26s  ...                2.15         0.06
29  2026-01-23 14:44:15       0m 26s  ...                2.94         0.07
30  2026-01-23 14:44:41       0m 27s  ...               12.91         0.30
31  2026-01-23 14:45:09       0m 27s  ...               42.77         1.19
32  2026-01-23 14:45:37       0m 33s  ...               65.54         1.89
33  2026-01-23 14:46:10       0m 27s  ...               10.11         0.24
34  2026-01-23 14:46:38       0m 26s  ...                4.05         0.11
35  2026-01-23 14:47:04       0m 26s  ...                1.89         0.05
36  2026-01-23 14:47:30       0m 26s  ...                5.54         0.15
37  2026-01-23 14:47:56       0m 25s  ...                0.46         0.01
38  2026-01-23 14:48:22       0m 25s  ...                1.59         0.04
39  2026-01-23 14:48:47       0m 31s  ...               43.85         1.03
40  2026-01-23 14:49:19       0m 33s  ...               61.84         1.56
41  2026-01-23 14:49:53       0m 32s  ...               46.89         1.19
42  2026-01-23 14:50:25       0m 38s  ...               80.70         2.32
43  2026-01-23 14:51:04       0m 26s  ...                2.90         0.07
44  2026-01-23 14:51:31       0m 27s  ...               11.56         0.29
45  2026-01-23 14:51:59       0m 27s  ...                4.11         0.11
46  2026-01-23 14:52:26       0m 26s  ...               11.45         0.30
47  2026-01-23 14:52:53       0m 27s  ...               11.80         0.25
48  2026-01-23 14:53:20       0m 26s  ...                6.42         0.18
49  2026-01-23 14:53:47       0m 26s  ...                0.78         0.02
50  2026-01-23 14:54:14       0m 37s  ...               83.75         2.58
51  2026-01-23 14:54:51       0m 35s  ...               77.72         2.05
52  2026-01-23 14:55:26       0m 28s  ...                8.96         0.25
53  2026-01-23 14:55:55       0m 26s  ...                1.10         0.03
54  2026-01-23 14:56:21       0m 27s  ...               11.88         0.29
55  2026-01-23 14:56:48       0m 32s  ...               55.20         1.46
56  2026-01-23 14:57:21       0m 30s  ...               34.44         0.83

[57 rows x 24 columns]
[2026-01-23 14:58:46,829] - [root] - [INFO] - Analysis finished: 0m 27s
[2026-01-23 14:58:46,829] - [root] - [INFO] - -------------------------------------------
[2026-01-23 14:58:46,829] - [root] - [INFO] - -------------------------------------------
[2026-01-23 14:58:46,829] - [root] - [INFO] - Processing 1-22-2026 5dpi 141-W2021009-274_R1.png
[2026-01-23 14:59:04,034] - [root] - [INFO] - Finished loading mask: 0m 17s
[2026-01-23 14:59:24,744] - [root] - [INFO] - Finished crop and inference: 0m 37s
              timestamp time_elapsed  ... severity_rate_patch Gradient_sr2
0   2026-01-23 14:30:32       0m 25s  ...                1.74         0.04
1   2026-01-23 14:30:58       0m 25s  ...                4.36         0.11
2   2026-01-23 14:31:24       0m 26s  ...                0.85         0.02
3   2026-01-23 14:31:50       0m 29s  ...               25.47         0.67
4   2026-01-23 14:32:19       0m 30s  ...               37.39         0.99
5   2026-01-23 14:32:50       0m 26s  ...                0.45         0.01
6   2026-01-23 14:33:16       0m 29s  ...               38.62         0.91
7   2026-01-23 14:33:45       0m 29s  ...               19.86         0.56
8   2026-01-23 14:34:15       0m 28s  ...               39.61         1.05
9   2026-01-23 14:34:44       0m 26s  ...                1.79         0.05
10  2026-01-23 14:35:10       0m 26s  ...                2.79         0.07
11  2026-01-23 14:35:36       0m 28s  ...               20.77         0.49
12  2026-01-23 14:36:05       0m 27s  ...               20.60         0.51
13  2026-01-23 14:36:33       0m 27s  ...               15.28         0.35
14  2026-01-23 14:37:01       0m 30s  ...               30.18         0.79
15  2026-01-23 14:37:31       0m 29s  ...               19.25         0.48
16  2026-01-23 14:38:01       0m 38s  ...               85.84         2.58
17  2026-01-23 14:38:39       0m 27s  ...                0.76         0.02
18  2026-01-23 14:39:07       0m 28s  ...               23.22         0.57
19  2026-01-23 14:39:35       0m 34s  ...               62.76         1.72
20  2026-01-23 14:40:09       0m 26s  ...                1.10         0.03
21  2026-01-23 14:40:36       0m 27s  ...               19.31         0.52
22  2026-01-23 14:41:04       0m 30s  ...               42.05         1.16
23  2026-01-23 14:41:35       0m 24s  ...                6.56         0.18
24  2026-01-23 14:41:59       0m 24s  ...                1.51         0.04
25  2026-01-23 14:42:24       0m 26s  ...                8.51         0.22
26  2026-01-23 14:42:51       0m 27s  ...               12.12         0.31
27  2026-01-23 14:43:18       0m 29s  ...               32.69         0.79
28  2026-01-23 14:43:48       0m 26s  ...                2.15         0.06
29  2026-01-23 14:44:15       0m 26s  ...                2.94         0.07
30  2026-01-23 14:44:41       0m 27s  ...               12.91         0.30
31  2026-01-23 14:45:09       0m 27s  ...               42.77         1.19
32  2026-01-23 14:45:37       0m 33s  ...               65.54         1.89
33  2026-01-23 14:46:10       0m 27s  ...               10.11         0.24
34  2026-01-23 14:46:38       0m 26s  ...                4.05         0.11
35  2026-01-23 14:47:04       0m 26s  ...                1.89         0.05
36  2026-01-23 14:47:30       0m 26s  ...                5.54         0.15
37  2026-01-23 14:47:56       0m 25s  ...                0.46         0.01
38  2026-01-23 14:48:22       0m 25s  ...                1.59         0.04
39  2026-01-23 14:48:47       0m 31s  ...               43.85         1.03
40  2026-01-23 14:49:19       0m 33s  ...               61.84         1.56
41  2026-01-23 14:49:53       0m 32s  ...               46.89         1.19
42  2026-01-23 14:50:25       0m 38s  ...               80.70         2.32
43  2026-01-23 14:51:04       0m 26s  ...                2.90         0.07
44  2026-01-23 14:51:31       0m 27s  ...               11.56         0.29
45  2026-01-23 14:51:59       0m 27s  ...                4.11         0.11
46  2026-01-23 14:52:26       0m 26s  ...               11.45         0.30
47  2026-01-23 14:52:53       0m 27s  ...               11.80         0.25
48  2026-01-23 14:53:20       0m 26s  ...                6.42         0.18
49  2026-01-23 14:53:47       0m 26s  ...                0.78         0.02
50  2026-01-23 14:54:14       0m 37s  ...               83.75         2.58
51  2026-01-23 14:54:51       0m 35s  ...               77.72         2.05
52  2026-01-23 14:55:26       0m 28s  ...                8.96         0.25
53  2026-01-23 14:55:55       0m 26s  ...                1.10         0.03
54  2026-01-23 14:56:21       0m 27s  ...               11.88         0.29
55  2026-01-23 14:56:48       0m 32s  ...               55.20         1.46
56  2026-01-23 14:57:21       0m 30s  ...               34.44         0.83
57  2026-01-23 14:57:52       0m 27s  ...                4.27         0.10

[58 rows x 24 columns]
[2026-01-23 14:59:26,276] - [root] - [INFO] - Analysis finished: 0m 39s
[2026-01-23 14:59:26,276] - [root] - [INFO] - -------------------------------------------
[2026-01-23 14:59:26,277] - [root] - [INFO] - -------------------------------------------
[2026-01-23 14:59:26,277] - [root] - [INFO] - Processing 1-22-2026 5dpi 143-W2021010-313_R2.png
[2026-01-23 14:59:44,370] - [root] - [INFO] - Finished loading mask: 0m 18s
[2026-01-23 14:59:52,338] - [root] - [INFO] - Finished crop and inference: 0m 26s
[2026-01-23 14:59:53,715] - [root] - [INFO] - Analysis finished: 0m 27s
[2026-01-23 14:59:53,716] - [root] - [INFO] - -------------------------------------------
[2026-01-23 14:59:53,716] - [root] - [INFO] - -------------------------------------------
[2026-01-23 14:59:53,716] - [root] - [INFO] - Processing 1-22-2026 5dpi 148-W2021011-462_R2.png
[2026-01-23 15:00:10,599] - [root] - [INFO] - Finished loading mask: 0m 16s
[2026-01-23 15:00:22,351] - [root] - [INFO] - Finished crop and inference: 0m 28s
[2026-01-23 15:00:23,792] - [root] - [INFO] - Analysis finished: 0m 30s
[2026-01-23 15:00:23,792] - [root] - [INFO] - -------------------------------------------
[2026-01-23 15:00:23,792] - [root] - [INFO] - -------------------------------------------
[2026-01-23 15:00:23,792] - [root] - [INFO] - Processing 1-22-2026 5dpi 149-W2021010-417_R1.png
[2026-01-23 15:00:41,273] - [root] - [INFO] - Finished loading mask: 0m 17s
[2026-01-23 15:00:50,807] - [root] - [INFO] - Finished crop and inference: 0m 27s
[2026-01-23 15:00:52,265] - [root] - [INFO] - Analysis finished: 0m 28s
[2026-01-23 15:00:52,266] - [root] - [INFO] - -------------------------------------------
[2026-01-23 15:00:52,266] - [root] - [INFO] - -------------------------------------------
[2026-01-23 15:00:52,266] - [root] - [INFO] - Processing 1-22-2026 5dpi 154-W2021010-419_R1.png
[2026-01-23 15:01:09,059] - [root] - [INFO] - Finished loading mask: 0m 16s
[2026-01-23 15:01:17,408] - [root] - [INFO] - Finished crop and inference: 0m 25s
              timestamp time_elapsed  ... severity_rate_patch Gradient_sr2
0   2026-01-23 14:30:32       0m 25s  ...                1.74         0.04
1   2026-01-23 14:30:58       0m 25s  ...                4.36         0.11
2   2026-01-23 14:31:24       0m 26s  ...                0.85         0.02
3   2026-01-23 14:31:50       0m 29s  ...               25.47         0.67
4   2026-01-23 14:32:19       0m 30s  ...               37.39         0.99
5   2026-01-23 14:32:50       0m 26s  ...                0.45         0.01
6   2026-01-23 14:33:16       0m 29s  ...               38.62         0.91
7   2026-01-23 14:33:45       0m 29s  ...               19.86         0.56
8   2026-01-23 14:34:15       0m 28s  ...               39.61         1.05
9   2026-01-23 14:34:44       0m 26s  ...                1.79         0.05
10  2026-01-23 14:35:10       0m 26s  ...                2.79         0.07
11  2026-01-23 14:35:36       0m 28s  ...               20.77         0.49
12  2026-01-23 14:36:05       0m 27s  ...               20.60         0.51
13  2026-01-23 14:36:33       0m 27s  ...               15.28         0.35
14  2026-01-23 14:37:01       0m 30s  ...               30.18         0.79
15  2026-01-23 14:37:31       0m 29s  ...               19.25         0.48
16  2026-01-23 14:38:01       0m 38s  ...               85.84         2.58
17  2026-01-23 14:38:39       0m 27s  ...                0.76         0.02
18  2026-01-23 14:39:07       0m 28s  ...               23.22         0.57
19  2026-01-23 14:39:35       0m 34s  ...               62.76         1.72
20  2026-01-23 14:40:09       0m 26s  ...                1.10         0.03
21  2026-01-23 14:40:36       0m 27s  ...               19.31         0.52
22  2026-01-23 14:41:04       0m 30s  ...               42.05         1.16
23  2026-01-23 14:41:35       0m 24s  ...                6.56         0.18
24  2026-01-23 14:41:59       0m 24s  ...                1.51         0.04
25  2026-01-23 14:42:24       0m 26s  ...                8.51         0.22
26  2026-01-23 14:42:51       0m 27s  ...               12.12         0.31
27  2026-01-23 14:43:18       0m 29s  ...               32.69         0.79
28  2026-01-23 14:43:48       0m 26s  ...                2.15         0.06
29  2026-01-23 14:44:15       0m 26s  ...                2.94         0.07
30  2026-01-23 14:44:41       0m 27s  ...               12.91         0.30
31  2026-01-23 14:45:09       0m 27s  ...               42.77         1.19
32  2026-01-23 14:45:37       0m 33s  ...               65.54         1.89
33  2026-01-23 14:46:10       0m 27s  ...               10.11         0.24
34  2026-01-23 14:46:38       0m 26s  ...                4.05         0.11
35  2026-01-23 14:47:04       0m 26s  ...                1.89         0.05
36  2026-01-23 14:47:30       0m 26s  ...                5.54         0.15
37  2026-01-23 14:47:56       0m 25s  ...                0.46         0.01
38  2026-01-23 14:48:22       0m 25s  ...                1.59         0.04
39  2026-01-23 14:48:47       0m 31s  ...               43.85         1.03
40  2026-01-23 14:49:19       0m 33s  ...               61.84         1.56
41  2026-01-23 14:49:53       0m 32s  ...               46.89         1.19
42  2026-01-23 14:50:25       0m 38s  ...               80.70         2.32
43  2026-01-23 14:51:04       0m 26s  ...                2.90         0.07
44  2026-01-23 14:51:31       0m 27s  ...               11.56         0.29
45  2026-01-23 14:51:59       0m 27s  ...                4.11         0.11
46  2026-01-23 14:52:26       0m 26s  ...               11.45         0.30
47  2026-01-23 14:52:53       0m 27s  ...               11.80         0.25
48  2026-01-23 14:53:20       0m 26s  ...                6.42         0.18
49  2026-01-23 14:53:47       0m 26s  ...                0.78         0.02
50  2026-01-23 14:54:14       0m 37s  ...               83.75         2.58
51  2026-01-23 14:54:51       0m 35s  ...               77.72         2.05
52  2026-01-23 14:55:26       0m 28s  ...                8.96         0.25
53  2026-01-23 14:55:55       0m 26s  ...                1.10         0.03
54  2026-01-23 14:56:21       0m 27s  ...               11.88         0.29
55  2026-01-23 14:56:48       0m 32s  ...               55.20         1.46
56  2026-01-23 14:57:21       0m 30s  ...               34.44         0.83
57  2026-01-23 14:57:52       0m 27s  ...                4.27         0.10
58  2026-01-23 14:58:19       0m 27s  ...                8.31         0.19

[59 rows x 24 columns]
[2026-01-23 15:01:18,916] - [root] - [INFO] - Analysis finished: 0m 26s
[2026-01-23 15:01:18,916] - [root] - [INFO] - -------------------------------------------
[2026-01-23 15:01:18,916] - [root] - [INFO] - -------------------------------------------
[2026-01-23 15:01:18,916] - [root] - [INFO] - Processing 1-22-2026 5dpi 155-W2021011-639_R1.png
[2026-01-23 15:01:35,967] - [root] - [INFO] - Finished loading mask: 0m 17s
[2026-01-23 15:01:44,880] - [root] - [INFO] - Finished crop and inference: 0m 25s
[2026-01-23 15:01:46,385] - [root] - [INFO] - Analysis finished: 0m 27s
[2026-01-23 15:01:46,385] - [root] - [INFO] - -------------------------------------------
[2026-01-23 15:01:46,385] - [root] - [INFO] - -------------------------------------------
[2026-01-23 15:01:46,385] - [root] - [INFO] - Processing 1-22-2026 5dpi 156-W2021009-276_R2.png
[2026-01-23 15:02:03,286] - [root] - [INFO] - Finished loading mask: 0m 16s
[2026-01-23 15:02:13,044] - [root] - [INFO] - Finished crop and inference: 0m 26s
[2026-01-23 15:02:14,508] - [root] - [INFO] - Analysis finished: 0m 28s
[2026-01-23 15:02:14,508] - [root] - [INFO] - -------------------------------------------
[2026-01-23 15:02:14,508] - [root] - [INFO] - -------------------------------------------
[2026-01-23 15:02:14,508] - [root] - [INFO] - Processing 1-22-2026 5dpi 158-W2021006-114_R1.png
[2026-01-23 15:02:31,792] - [root] - [INFO] - Finished loading mask: 0m 17s
[2026-01-23 15:02:45,821] - [root] - [INFO] - Finished crop and inference: 0m 31s
[2026-01-23 15:02:47,342] - [root] - [INFO] - Analysis finished: 0m 32s
[2026-01-23 15:02:47,342] - [root] - [INFO] - -------------------------------------------
[2026-01-23 15:02:47,342] - [root] - [INFO] - -------------------------------------------
[2026-01-23 15:02:47,342] - [root] - [INFO] - Processing 1-22-2026 5dpi 167-W2021006-003_R2.png
[2026-01-23 15:03:05,061] - [root] - [INFO] - Finished loading mask: 0m 17s
[2026-01-23 15:03:12,494] - [root] - [INFO] - Finished crop and inference: 0m 25s
[2026-01-23 15:03:13,978] - [root] - [INFO] - Analysis finished: 0m 26s
[2026-01-23 15:03:13,978] - [root] - [INFO] - -------------------------------------------
[2026-01-23 15:03:13,978] - [root] - [INFO] - -------------------------------------------
[2026-01-23 15:03:13,978] - [root] - [INFO] - Processing 1-22-2026 5dpi 169-W2021009-623_R2.png
[2026-01-23 15:03:31,133] - [root] - [INFO] - Finished loading mask: 0m 17s
[2026-01-23 15:03:51,190] - [root] - [INFO] - Finished crop and inference: 0m 37s
[2026-01-23 15:03:52,707] - [root] - [INFO] - Analysis finished: 0m 38s
[2026-01-23 15:03:52,707] - [root] - [INFO] - -------------------------------------------
[2026-01-23 15:03:52,707] - [root] - [INFO] - -------------------------------------------
[2026-01-23 15:03:52,707] - [root] - [INFO] - Processing 1-22-2026 5dpi 169-W2021011-477_R1.png
[2026-01-23 15:04:11,011] - [root] - [INFO] - Finished loading mask: 0m 18s
[2026-01-23 15:04:25,524] - [root] - [INFO] - Finished crop and inference: 0m 32s
[2026-01-23 15:04:26,939] - [root] - [INFO] - Analysis finished: 0m 34s
[2026-01-23 15:04:26,939] - [root] - [INFO] - -------------------------------------------
[2026-01-23 15:04:26,939] - [root] - [INFO] - -------------------------------------------
[2026-01-23 15:04:26,939] - [root] - [INFO] - Processing 1-22-2026 5dpi 172-W2021011-557_R2.png
[2026-01-23 15:04:44,743] - [root] - [INFO] - Finished loading mask: 0m 17s
[2026-01-23 15:04:54,627] - [root] - [INFO] - Finished crop and inference: 0m 27s
[2026-01-23 15:04:56,111] - [root] - [INFO] - Analysis finished: 0m 29s
[2026-01-23 15:04:56,111] - [root] - [INFO] - -------------------------------------------
[2026-01-23 15:04:56,111] - [root] - [INFO] - -------------------------------------------
[2026-01-23 15:04:56,111] - [root] - [INFO] - Processing 1-22-2026 5dpi 173-W2021006-127_R2.png
[2026-01-23 15:05:13,468] - [root] - [INFO] - Finished loading mask: 0m 17s
[2026-01-23 15:05:21,711] - [root] - [INFO] - Finished crop and inference: 0m 25s
              timestamp time_elapsed  ... severity_rate_patch Gradient_sr2
0   2026-01-23 14:30:32       0m 25s  ...                1.74         0.04
1   2026-01-23 14:30:58       0m 25s  ...                4.36         0.11
2   2026-01-23 14:31:24       0m 26s  ...                0.85         0.02
3   2026-01-23 14:31:50       0m 29s  ...               25.47         0.67
4   2026-01-23 14:32:19       0m 30s  ...               37.39         0.99
5   2026-01-23 14:32:50       0m 26s  ...                0.45         0.01
6   2026-01-23 14:33:16       0m 29s  ...               38.62         0.91
7   2026-01-23 14:33:45       0m 29s  ...               19.86         0.56
8   2026-01-23 14:34:15       0m 28s  ...               39.61         1.05
9   2026-01-23 14:34:44       0m 26s  ...                1.79         0.05
10  2026-01-23 14:35:10       0m 26s  ...                2.79         0.07
11  2026-01-23 14:35:36       0m 28s  ...               20.77         0.49
12  2026-01-23 14:36:05       0m 27s  ...               20.60         0.51
13  2026-01-23 14:36:33       0m 27s  ...               15.28         0.35
14  2026-01-23 14:37:01       0m 30s  ...               30.18         0.79
15  2026-01-23 14:37:31       0m 29s  ...               19.25         0.48
16  2026-01-23 14:38:01       0m 38s  ...               85.84         2.58
17  2026-01-23 14:38:39       0m 27s  ...                0.76         0.02
18  2026-01-23 14:39:07       0m 28s  ...               23.22         0.57
19  2026-01-23 14:39:35       0m 34s  ...               62.76         1.72
20  2026-01-23 14:40:09       0m 26s  ...                1.10         0.03
21  2026-01-23 14:40:36       0m 27s  ...               19.31         0.52
22  2026-01-23 14:41:04       0m 30s  ...               42.05         1.16
23  2026-01-23 14:41:35       0m 24s  ...                6.56         0.18
24  2026-01-23 14:41:59       0m 24s  ...                1.51         0.04
25  2026-01-23 14:42:24       0m 26s  ...                8.51         0.22
26  2026-01-23 14:42:51       0m 27s  ...               12.12         0.31
27  2026-01-23 14:43:18       0m 29s  ...               32.69         0.79
28  2026-01-23 14:43:48       0m 26s  ...                2.15         0.06
29  2026-01-23 14:44:15       0m 26s  ...                2.94         0.07
30  2026-01-23 14:44:41       0m 27s  ...               12.91         0.30
31  2026-01-23 14:45:09       0m 27s  ...               42.77         1.19
32  2026-01-23 14:45:37       0m 33s  ...               65.54         1.89
33  2026-01-23 14:46:10       0m 27s  ...               10.11         0.24
34  2026-01-23 14:46:38       0m 26s  ...                4.05         0.11
35  2026-01-23 14:47:04       0m 26s  ...                1.89         0.05
36  2026-01-23 14:47:30       0m 26s  ...                5.54         0.15
37  2026-01-23 14:47:56       0m 25s  ...                0.46         0.01
38  2026-01-23 14:48:22       0m 25s  ...                1.59         0.04
39  2026-01-23 14:48:47       0m 31s  ...               43.85         1.03
40  2026-01-23 14:49:19       0m 33s  ...               61.84         1.56
41  2026-01-23 14:49:53       0m 32s  ...               46.89         1.19
42  2026-01-23 14:50:25       0m 38s  ...               80.70         2.32
43  2026-01-23 14:51:04       0m 26s  ...                2.90         0.07
44  2026-01-23 14:51:31       0m 27s  ...               11.56         0.29
45  2026-01-23 14:51:59       0m 27s  ...                4.11         0.11
46  2026-01-23 14:52:26       0m 26s  ...               11.45         0.30
47  2026-01-23 14:52:53       0m 27s  ...               11.80         0.25
48  2026-01-23 14:53:20       0m 26s  ...                6.42         0.18
49  2026-01-23 14:53:47       0m 26s  ...                0.78         0.02
50  2026-01-23 14:54:14       0m 37s  ...               83.75         2.58
51  2026-01-23 14:54:51       0m 35s  ...               77.72         2.05
52  2026-01-23 14:55:26       0m 28s  ...                8.96         0.25
53  2026-01-23 14:55:55       0m 26s  ...                1.10         0.03
54  2026-01-23 14:56:21       0m 27s  ...               11.88         0.29
55  2026-01-23 14:56:48       0m 32s  ...               55.20         1.46
56  2026-01-23 14:57:21       0m 30s  ...               34.44         0.83
57  2026-01-23 14:57:52       0m 27s  ...                4.27         0.10
58  2026-01-23 14:58:19       0m 27s  ...                8.31         0.19
59  2026-01-23 14:58:46       0m 39s  ...               86.63         2.58

[60 rows x 24 columns]
              timestamp time_elapsed  ... severity_rate_patch Gradient_sr2
0   2026-01-23 14:30:32       0m 25s  ...                1.74         0.04
1   2026-01-23 14:30:58       0m 25s  ...                4.36         0.11
2   2026-01-23 14:31:24       0m 26s  ...                0.85         0.02
3   2026-01-23 14:31:50       0m 29s  ...               25.47         0.67
4   2026-01-23 14:32:19       0m 30s  ...               37.39         0.99
..                  ...          ...  ...                 ...          ...
56  2026-01-23 14:57:21       0m 30s  ...               34.44         0.83
57  2026-01-23 14:57:52       0m 27s  ...                4.27         0.10
58  2026-01-23 14:58:19       0m 27s  ...                8.31         0.19
59  2026-01-23 14:58:46       0m 39s  ...               86.63         2.58
60  2026-01-23 14:59:26       0m 27s  ...                0.61         0.02

[61 rows x 24 columns]
              timestamp time_elapsed  ... severity_rate_patch Gradient_sr2
0   2026-01-23 14:30:32       0m 25s  ...                1.74         0.04
1   2026-01-23 14:30:58       0m 25s  ...                4.36         0.11
2   2026-01-23 14:31:24       0m 26s  ...                0.85         0.02
3   2026-01-23 14:31:50       0m 29s  ...               25.47         0.67
4   2026-01-23 14:32:19       0m 30s  ...               37.39         0.99
..                  ...          ...  ...                 ...          ...
57  2026-01-23 14:57:52       0m 27s  ...                4.27         0.10
58  2026-01-23 14:58:19       0m 27s  ...                8.31         0.19
59  2026-01-23 14:58:46       0m 39s  ...               86.63         2.58
60  2026-01-23 14:59:26       0m 27s  ...                0.61         0.02
61  2026-01-23 14:59:53       0m 30s  ...               28.01         0.73

[62 rows x 24 columns]
              timestamp time_elapsed  ... severity_rate_patch Gradient_sr2
0   2026-01-23 14:30:32       0m 25s  ...                1.74         0.04
1   2026-01-23 14:30:58       0m 25s  ...                4.36         0.11
2   2026-01-23 14:31:24       0m 26s  ...                0.85         0.02
3   2026-01-23 14:31:50       0m 29s  ...               25.47         0.67
4   2026-01-23 14:32:19       0m 30s  ...               37.39         0.99
..                  ...          ...  ...                 ...          ...
58  2026-01-23 14:58:19       0m 27s  ...                8.31         0.19
59  2026-01-23 14:58:46       0m 39s  ...               86.63         2.58
60  2026-01-23 14:59:26       0m 27s  ...                0.61         0.02
61  2026-01-23 14:59:53       0m 30s  ...               28.01         0.73
62  2026-01-23 15:00:23       0m 28s  ...               13.12         0.36

[63 rows x 24 columns]
[2026-01-23 15:05:23,149] - [root] - [INFO] - Analysis finished: 0m 27s
[2026-01-23 15:05:23,149] - [root] - [INFO] - -------------------------------------------
[2026-01-23 15:05:23,149] - [root] - [INFO] - -------------------------------------------
[2026-01-23 15:05:23,149] - [root] - [INFO] - Processing 1-22-2026 5dpi 174-W2021009-156_R2.png
[2026-01-23 15:05:39,476] - [root] - [INFO] - Finished loading mask: 0m 16s
[2026-01-23 15:05:48,162] - [root] - [INFO] - Finished crop and inference: 0m 25s
[2026-01-23 15:05:49,606] - [root] - [INFO] - Analysis finished: 0m 26s
[2026-01-23 15:05:49,607] - [root] - [INFO] - -------------------------------------------
[2026-01-23 15:05:49,607] - [root] - [INFO] - -------------------------------------------
[2026-01-23 15:05:49,607] - [root] - [INFO] - Processing 1-22-2026 5dpi 176-W2021009-256_R2.png
[2026-01-23 15:06:06,200] - [root] - [INFO] - Finished loading mask: 0m 16s
[2026-01-23 15:06:12,280] - [root] - [INFO] - Finished crop and inference: 0m 22s
[2026-01-23 15:06:13,761] - [root] - [INFO] - Analysis finished: 0m 24s
[2026-01-23 15:06:13,761] - [root] - [INFO] - -------------------------------------------
[2026-01-23 15:06:13,761] - [root] - [INFO] - -------------------------------------------
[2026-01-23 15:06:13,761] - [root] - [INFO] - Processing 1-22-2026 5dpi 177-W2021009-194_R1.png
[2026-01-23 15:06:30,410] - [root] - [INFO] - Finished loading mask: 0m 16s
[2026-01-23 15:06:39,575] - [root] - [INFO] - Finished crop and inference: 0m 25s
[2026-01-23 15:06:41,046] - [root] - [INFO] - Analysis finished: 0m 27s
[2026-01-23 15:06:41,046] - [root] - [INFO] - -------------------------------------------
[2026-01-23 15:06:41,046] - [root] - [INFO] - -------------------------------------------
[2026-01-23 15:06:41,046] - [root] - [INFO] - Processing 1-22-2026 5dpi 180-W2021009-152_R1.png
[2026-01-23 15:06:57,975] - [root] - [INFO] - Finished loading mask: 0m 16s
[2026-01-23 15:07:07,474] - [root] - [INFO] - Finished crop and inference: 0m 26s
[2026-01-23 15:07:08,989] - [root] - [INFO] - Analysis finished: 0m 27s
[2026-01-23 15:07:08,989] - [root] - [INFO] - -------------------------------------------
[2026-01-23 15:07:08,989] - [root] - [INFO] - -------------------------------------------
[2026-01-23 15:07:08,989] - [root] - [INFO] - Processing 1-22-2026 5dpi 180-W2021011-476_R2.png
[2026-01-23 15:07:26,098] - [root] - [INFO] - Finished loading mask: 0m 17s
[2026-01-23 15:07:42,561] - [root] - [INFO] - Finished crop and inference: 0m 33s
[2026-01-23 15:07:44,110] - [root] - [INFO] - Analysis finished: 0m 35s
[2026-01-23 15:07:44,110] - [root] - [INFO] - -------------------------------------------
[2026-01-23 15:07:44,110] - [root] - [INFO] - -------------------------------------------
[2026-01-23 15:07:44,110] - [root] - [INFO] - Processing 1-22-2026 5dpi 182-W2021009-251_R1.png
[2026-01-23 15:08:02,009] - [root] - [INFO] - Finished loading mask: 0m 17s
[2026-01-23 15:08:11,257] - [root] - [INFO] - Finished crop and inference: 0m 27s
[2026-01-23 15:08:12,727] - [root] - [INFO] - Analysis finished: 0m 28s
[2026-01-23 15:08:12,727] - [root] - [INFO] - -------------------------------------------
[2026-01-23 15:08:12,728] - [root] - [INFO] - -------------------------------------------
[2026-01-23 15:08:12,728] - [root] - [INFO] - Processing 1-22-2026 5dpi 183-W2021009-295_R1.png
[2026-01-23 15:08:29,517] - [root] - [INFO] - Finished loading mask: 0m 16s
[2026-01-23 15:08:37,280] - [root] - [INFO] - Finished crop and inference: 0m 24s
[2026-01-23 15:08:38,843] - [root] - [INFO] - Analysis finished: 0m 26s
[2026-01-23 15:08:38,843] - [root] - [INFO] - -------------------------------------------
[2026-01-23 15:08:38,844] - [root] - [INFO] - -------------------------------------------
[2026-01-23 15:08:38,844] - [root] - [INFO] - Processing 1-22-2026 5dpi 185-W2021009-199_R1.png
[2026-01-23 15:08:55,717] - [root] - [INFO] - Finished loading mask: 0m 16s
[2026-01-23 15:09:04,698] - [root] - [INFO] - Finished crop and inference: 0m 25s
              timestamp time_elapsed  ... severity_rate_patch Gradient_sr2
0   2026-01-23 14:30:32       0m 25s  ...                1.74         0.04
1   2026-01-23 14:30:58       0m 25s  ...                4.36         0.11
2   2026-01-23 14:31:24       0m 26s  ...                0.85         0.02
3   2026-01-23 14:31:50       0m 29s  ...               25.47         0.67
4   2026-01-23 14:32:19       0m 30s  ...               37.39         0.99
..                  ...          ...  ...                 ...          ...
59  2026-01-23 14:58:46       0m 39s  ...               86.63         2.58
60  2026-01-23 14:59:26       0m 27s  ...                0.61         0.02
61  2026-01-23 14:59:53       0m 30s  ...               28.01         0.73
62  2026-01-23 15:00:23       0m 28s  ...               13.12         0.36
63  2026-01-23 15:00:52       0m 26s  ...                2.62         0.07

[64 rows x 24 columns]
              timestamp time_elapsed  ... severity_rate_patch Gradient_sr2
0   2026-01-23 14:30:32       0m 25s  ...                1.74         0.04
1   2026-01-23 14:30:58       0m 25s  ...                4.36         0.11
2   2026-01-23 14:31:24       0m 26s  ...                0.85         0.02
3   2026-01-23 14:31:50       0m 29s  ...               25.47         0.67
4   2026-01-23 14:32:19       0m 30s  ...               37.39         0.99
..                  ...          ...  ...                 ...          ...
60  2026-01-23 14:59:26       0m 27s  ...                0.61         0.02
61  2026-01-23 14:59:53       0m 30s  ...               28.01         0.73
62  2026-01-23 15:00:23       0m 28s  ...               13.12         0.36
63  2026-01-23 15:00:52       0m 26s  ...                2.62         0.07
64  2026-01-23 15:01:18       0m 27s  ...               10.00         0.27

[65 rows x 24 columns]
              timestamp time_elapsed  ... severity_rate_patch Gradient_sr2
0   2026-01-23 14:30:32       0m 25s  ...                1.74         0.04
1   2026-01-23 14:30:58       0m 25s  ...                4.36         0.11
2   2026-01-23 14:31:24       0m 26s  ...                0.85         0.02
3   2026-01-23 14:31:50       0m 29s  ...               25.47         0.67
4   2026-01-23 14:32:19       0m 30s  ...               37.39         0.99
..                  ...          ...  ...                 ...          ...
61  2026-01-23 14:59:53       0m 30s  ...               28.01         0.73
62  2026-01-23 15:00:23       0m 28s  ...               13.12         0.36
63  2026-01-23 15:00:52       0m 26s  ...                2.62         0.07
64  2026-01-23 15:01:18       0m 27s  ...               10.00         0.27
65  2026-01-23 15:01:46       0m 28s  ...                7.64         0.19

[66 rows x 24 columns]
              timestamp time_elapsed  ... severity_rate_patch Gradient_sr2
0   2026-01-23 14:30:32       0m 25s  ...                1.74         0.04
1   2026-01-23 14:30:58       0m 25s  ...                4.36         0.11
2   2026-01-23 14:31:24       0m 26s  ...                0.85         0.02
3   2026-01-23 14:31:50       0m 29s  ...               25.47         0.67
4   2026-01-23 14:32:19       0m 30s  ...               37.39         0.99
..                  ...          ...  ...                 ...          ...
62  2026-01-23 15:00:23       0m 28s  ...               13.12         0.36
63  2026-01-23 15:00:52       0m 26s  ...                2.62         0.07
64  2026-01-23 15:01:18       0m 27s  ...               10.00         0.27
65  2026-01-23 15:01:46       0m 28s  ...                7.64         0.19
66  2026-01-23 15:02:14       0m 32s  ...               53.88         1.51

[67 rows x 24 columns]
              timestamp time_elapsed  ... severity_rate_patch Gradient_sr2
0   2026-01-23 14:30:32       0m 25s  ...                1.74         0.04
1   2026-01-23 14:30:58       0m 25s  ...                4.36         0.11
2   2026-01-23 14:31:24       0m 26s  ...                0.85         0.02
3   2026-01-23 14:31:50       0m 29s  ...               25.47         0.67
4   2026-01-23 14:32:19       0m 30s  ...               37.39         0.99
..                  ...          ...  ...                 ...          ...
63  2026-01-23 15:00:52       0m 26s  ...                2.62         0.07
64  2026-01-23 15:01:18       0m 27s  ...               10.00         0.27
65  2026-01-23 15:01:46       0m 28s  ...                7.64         0.19
66  2026-01-23 15:02:14       0m 32s  ...               53.88         1.51
67  2026-01-23 15:02:47       0m 26s  ...                2.18         0.06

[68 rows x 24 columns]
              timestamp time_elapsed  ... severity_rate_patch Gradient_sr2
0   2026-01-23 14:30:32       0m 25s  ...                1.74         0.04
1   2026-01-23 14:30:58       0m 25s  ...                4.36         0.11
2   2026-01-23 14:31:24       0m 26s  ...                0.85         0.02
3   2026-01-23 14:31:50       0m 29s  ...               25.47         0.67
4   2026-01-23 14:32:19       0m 30s  ...               37.39         0.99
..                  ...          ...  ...                 ...          ...
64  2026-01-23 15:01:18       0m 27s  ...               10.00         0.27
65  2026-01-23 15:01:46       0m 28s  ...                7.64         0.19
66  2026-01-23 15:02:14       0m 32s  ...               53.88         1.51
67  2026-01-23 15:02:47       0m 26s  ...                2.18         0.06
68  2026-01-23 15:03:13       0m 38s  ...               84.74         2.55

[69 rows x 24 columns]
              timestamp time_elapsed  ... severity_rate_patch Gradient_sr2
0   2026-01-23 14:30:32       0m 25s  ...                1.74         0.04
1   2026-01-23 14:30:58       0m 25s  ...                4.36         0.11
2   2026-01-23 14:31:24       0m 26s  ...                0.85         0.02
3   2026-01-23 14:31:50       0m 29s  ...               25.47         0.67
4   2026-01-23 14:32:19       0m 30s  ...               37.39         0.99
..                  ...          ...  ...                 ...          ...
65  2026-01-23 15:01:46       0m 28s  ...                7.64         0.19
66  2026-01-23 15:02:14       0m 32s  ...               53.88         1.51
67  2026-01-23 15:02:47       0m 26s  ...                2.18         0.06
68  2026-01-23 15:03:13       0m 38s  ...               84.74         2.55
69  2026-01-23 15:03:52       0m 34s  ...               57.21         1.60

[70 rows x 24 columns]
              timestamp time_elapsed  ... severity_rate_patch Gradient_sr2
0   2026-01-23 14:30:32       0m 25s  ...                1.74         0.04
1   2026-01-23 14:30:58       0m 25s  ...                4.36         0.11
2   2026-01-23 14:31:24       0m 26s  ...                0.85         0.02
3   2026-01-23 14:31:50       0m 29s  ...               25.47         0.67
4   2026-01-23 14:32:19       0m 30s  ...               37.39         0.99
..                  ...          ...  ...                 ...          ...
66  2026-01-23 15:02:14       0m 32s  ...               53.88         1.51
67  2026-01-23 15:02:47       0m 26s  ...                2.18         0.06
68  2026-01-23 15:03:13       0m 38s  ...               84.74         2.55
69  2026-01-23 15:03:52       0m 34s  ...               57.21         1.60
70  2026-01-23 15:04:26       0m 29s  ...                8.76         0.24

[71 rows x 24 columns]
[2026-01-23 15:09:06,193] - [root] - [INFO] - Analysis finished: 0m 27s
[2026-01-23 15:09:06,193] - [root] - [INFO] - -------------------------------------------
[2026-01-23 15:09:06,193] - [root] - [INFO] - -------------------------------------------
[2026-01-23 15:09:06,193] - [root] - [INFO] - Processing 1-22-2026 5dpi 185-W2021009-291_R2.png
[2026-01-23 15:09:23,295] - [root] - [INFO] - Finished loading mask: 0m 17s
[2026-01-23 15:09:32,565] - [root] - [INFO] - Finished crop and inference: 0m 26s
[2026-01-23 15:09:34,083] - [root] - [INFO] - Analysis finished: 0m 27s
[2026-01-23 15:09:34,083] - [root] - [INFO] - -------------------------------------------
[2026-01-23 15:09:34,083] - [root] - [INFO] - -------------------------------------------
[2026-01-23 15:09:34,084] - [root] - [INFO] - Processing 1-22-2026 5dpi 187-W2021010-348_R2.png
[2026-01-23 15:09:51,052] - [root] - [INFO] - Finished loading mask: 0m 16s
[2026-01-23 15:10:08,123] - [root] - [INFO] - Finished crop and inference: 0m 34s
[2026-01-23 15:10:09,655] - [root] - [INFO] - Analysis finished: 0m 35s
[2026-01-23 15:10:09,655] - [root] - [INFO] - -------------------------------------------
[2026-01-23 15:10:09,655] - [root] - [INFO] - -------------------------------------------
[2026-01-23 15:10:09,655] - [root] - [INFO] - Processing 1-22-2026 5dpi 191-W2021010-426_R2.png
[2026-01-23 15:10:27,488] - [root] - [INFO] - Finished loading mask: 0m 17s
[2026-01-23 15:10:37,373] - [root] - [INFO] - Finished crop and inference: 0m 27s
[2026-01-23 15:10:38,791] - [root] - [INFO] - Analysis finished: 0m 29s
[2026-01-23 15:10:38,791] - [root] - [INFO] - -------------------------------------------
[2026-01-23 15:10:38,791] - [root] - [INFO] - -------------------------------------------
[2026-01-23 15:10:38,791] - [root] - [INFO] - Processing 1-22-2026 5dpi 191-W2021010-449_R1.png
[2026-01-23 15:10:56,081] - [root] - [INFO] - Finished loading mask: 0m 17s
[2026-01-23 15:11:07,311] - [root] - [INFO] - Finished crop and inference: 0m 28s
[2026-01-23 15:11:08,755] - [root] - [INFO] - Analysis finished: 0m 29s
[2026-01-23 15:11:08,755] - [root] - [INFO] - -------------------------------------------
[2026-01-23 15:11:08,755] - [root] - [INFO] - -------------------------------------------
[2026-01-23 15:11:08,755] - [root] - [INFO] - Processing 1-22-2026 5dpi 192-W2021006-005_R1.png
[2026-01-23 15:11:25,763] - [root] - [INFO] - Finished loading mask: 0m 17s
[2026-01-23 15:11:33,834] - [root] - [INFO] - Finished crop and inference: 0m 25s
[2026-01-23 15:11:35,310] - [root] - [INFO] - Analysis finished: 0m 26s
[2026-01-23 15:11:35,310] - [root] - [INFO] - -------------------------------------------
[2026-01-23 15:11:35,310] - [root] - [INFO] - -------------------------------------------
[2026-01-23 15:11:35,310] - [root] - [INFO] - Processing 1-22-2026 5dpi 206-W2021010-344_R1.png
[2026-01-23 15:11:52,333] - [root] - [INFO] - Finished loading mask: 0m 17s
[2026-01-23 15:12:00,407] - [root] - [INFO] - Finished crop and inference: 0m 25s
[2026-01-23 15:12:01,897] - [root] - [INFO] - Analysis finished: 0m 26s
[2026-01-23 15:12:01,897] - [root] - [INFO] - -------------------------------------------
[2026-01-23 15:12:01,897] - [root] - [INFO] - -------------------------------------------
[2026-01-23 15:12:01,897] - [root] - [INFO] - Processing 1-22-2026 5dpi 207-W2021009-287_R2.png
[2026-01-23 15:12:18,605] - [root] - [INFO] - Finished loading mask: 0m 16s
[2026-01-23 15:12:26,627] - [root] - [INFO] - Finished crop and inference: 0m 24s
[2026-01-23 15:12:28,127] - [root] - [INFO] - Analysis finished: 0m 26s
[2026-01-23 15:12:28,127] - [root] - [INFO] - -------------------------------------------
[2026-01-23 15:12:28,128] - [root] - [INFO] - -------------------------------------------
[2026-01-23 15:12:28,128] - [root] - [INFO] - Processing 1-22-2026 5dpi 208-W2021009-268_R2.png
[2026-01-23 15:12:44,692] - [root] - [INFO] - Finished loading mask: 0m 16s
[2026-01-23 15:12:56,558] - [root] - [INFO] - Finished crop and inference: 0m 28s
              timestamp time_elapsed  ... severity_rate_patch Gradient_sr2
0   2026-01-23 14:30:32       0m 25s  ...                1.74         0.04
1   2026-01-23 14:30:58       0m 25s  ...                4.36         0.11
2   2026-01-23 14:31:24       0m 26s  ...                0.85         0.02
3   2026-01-23 14:31:50       0m 29s  ...               25.47         0.67
4   2026-01-23 14:32:19       0m 30s  ...               37.39         0.99
..                  ...          ...  ...                 ...          ...
67  2026-01-23 15:02:47       0m 26s  ...                2.18         0.06
68  2026-01-23 15:03:13       0m 38s  ...               84.74         2.55
69  2026-01-23 15:03:52       0m 34s  ...               57.21         1.60
70  2026-01-23 15:04:26       0m 29s  ...                8.76         0.24
71  2026-01-23 15:04:56       0m 27s  ...                1.64         0.04

[72 rows x 24 columns]
              timestamp time_elapsed  ... severity_rate_patch Gradient_sr2
0   2026-01-23 14:30:32       0m 25s  ...                1.74         0.04
1   2026-01-23 14:30:58       0m 25s  ...                4.36         0.11
2   2026-01-23 14:31:24       0m 26s  ...                0.85         0.02
3   2026-01-23 14:31:50       0m 29s  ...               25.47         0.67
4   2026-01-23 14:32:19       0m 30s  ...               37.39         0.99
..                  ...          ...  ...                 ...          ...
68  2026-01-23 15:03:13       0m 38s  ...               84.74         2.55
69  2026-01-23 15:03:52       0m 34s  ...               57.21         1.60
70  2026-01-23 15:04:26       0m 29s  ...                8.76         0.24
71  2026-01-23 15:04:56       0m 27s  ...                1.64         0.04
72  2026-01-23 15:05:23       0m 26s  ...               15.38         0.37

[73 rows x 24 columns]
              timestamp time_elapsed  ... severity_rate_patch Gradient_sr2
0   2026-01-23 14:30:32       0m 25s  ...                1.74         0.04
1   2026-01-23 14:30:58       0m 25s  ...                4.36         0.11
2   2026-01-23 14:31:24       0m 26s  ...                0.85         0.02
3   2026-01-23 14:31:50       0m 29s  ...               25.47         0.67
4   2026-01-23 14:32:19       0m 30s  ...               37.39         0.99
..                  ...          ...  ...                 ...          ...
69  2026-01-23 15:03:52       0m 34s  ...               57.21         1.60
70  2026-01-23 15:04:26       0m 29s  ...                8.76         0.24
71  2026-01-23 15:04:56       0m 27s  ...                1.64         0.04
72  2026-01-23 15:05:23       0m 26s  ...               15.38         0.37
73  2026-01-23 15:05:49       0m 24s  ...                3.28         0.08

[74 rows x 24 columns]
              timestamp time_elapsed  ... severity_rate_patch Gradient_sr2
0   2026-01-23 14:30:32       0m 25s  ...                1.74         0.04
1   2026-01-23 14:30:58       0m 25s  ...                4.36         0.11
2   2026-01-23 14:31:24       0m 26s  ...                0.85         0.02
3   2026-01-23 14:31:50       0m 29s  ...               25.47         0.67
4   2026-01-23 14:32:19       0m 30s  ...               37.39         0.99
..                  ...          ...  ...                 ...          ...
70  2026-01-23 15:04:26       0m 29s  ...                8.76         0.24
71  2026-01-23 15:04:56       0m 27s  ...                1.64         0.04
72  2026-01-23 15:05:23       0m 26s  ...               15.38         0.37
73  2026-01-23 15:05:49       0m 24s  ...                3.28         0.08
74  2026-01-23 15:06:13       0m 27s  ...               13.43         0.36

[75 rows x 24 columns]
              timestamp time_elapsed  ... severity_rate_patch Gradient_sr2
0   2026-01-23 14:30:32       0m 25s  ...                1.74         0.04
1   2026-01-23 14:30:58       0m 25s  ...                4.36         0.11
2   2026-01-23 14:31:24       0m 26s  ...                0.85         0.02
3   2026-01-23 14:31:50       0m 29s  ...               25.47         0.67
4   2026-01-23 14:32:19       0m 30s  ...               37.39         0.99
..                  ...          ...  ...                 ...          ...
71  2026-01-23 15:04:56       0m 27s  ...                1.64         0.04
72  2026-01-23 15:05:23       0m 26s  ...               15.38         0.37
73  2026-01-23 15:05:49       0m 24s  ...                3.28         0.08
74  2026-01-23 15:06:13       0m 27s  ...               13.43         0.36
75  2026-01-23 15:06:41       0m 27s  ...               24.95         0.55

[76 rows x 24 columns]
              timestamp time_elapsed  ... severity_rate_patch Gradient_sr2
0   2026-01-23 14:30:32       0m 25s  ...                1.74         0.04
1   2026-01-23 14:30:58       0m 25s  ...                4.36         0.11
2   2026-01-23 14:31:24       0m 26s  ...                0.85         0.02
3   2026-01-23 14:31:50       0m 29s  ...               25.47         0.67
4   2026-01-23 14:32:19       0m 30s  ...               37.39         0.99
..                  ...          ...  ...                 ...          ...
72  2026-01-23 15:05:23       0m 26s  ...               15.38         0.37
73  2026-01-23 15:05:49       0m 24s  ...                3.28         0.08
74  2026-01-23 15:06:13       0m 27s  ...               13.43         0.36
75  2026-01-23 15:06:41       0m 27s  ...               24.95         0.55
76  2026-01-23 15:07:08       0m 35s  ...               79.18         2.11

[77 rows x 24 columns]
              timestamp time_elapsed  ... severity_rate_patch Gradient_sr2
0   2026-01-23 14:30:32       0m 25s  ...                1.74         0.04
1   2026-01-23 14:30:58       0m 25s  ...                4.36         0.11
2   2026-01-23 14:31:24       0m 26s  ...                0.85         0.02
3   2026-01-23 14:31:50       0m 29s  ...               25.47         0.67
4   2026-01-23 14:32:19       0m 30s  ...               37.39         0.99
..                  ...          ...  ...                 ...          ...
73  2026-01-23 15:05:49       0m 24s  ...                3.28         0.08
74  2026-01-23 15:06:13       0m 27s  ...               13.43         0.36
75  2026-01-23 15:06:41       0m 27s  ...               24.95         0.55
76  2026-01-23 15:07:08       0m 35s  ...               79.18         2.11
77  2026-01-23 15:07:44       0m 28s  ...                4.96         0.12

[78 rows x 24 columns]
              timestamp time_elapsed  ... severity_rate_patch Gradient_sr2
0   2026-01-23 14:30:32       0m 25s  ...                1.74         0.04
1   2026-01-23 14:30:58       0m 25s  ...                4.36         0.11
2   2026-01-23 14:31:24       0m 26s  ...                0.85         0.02
3   2026-01-23 14:31:50       0m 29s  ...               25.47         0.67
4   2026-01-23 14:32:19       0m 30s  ...               37.39         0.99
..                  ...          ...  ...                 ...          ...
74  2026-01-23 15:06:13       0m 27s  ...               13.43         0.36
75  2026-01-23 15:06:41       0m 27s  ...               24.95         0.55
76  2026-01-23 15:07:08       0m 35s  ...               79.18         2.11
77  2026-01-23 15:07:44       0m 28s  ...                4.96         0.12
78  2026-01-23 15:08:12       0m 26s  ...                6.35         0.16

[79 rows x 24 columns]
[2026-01-23 15:12:58,047] - [root] - [INFO] - Analysis finished: 0m 29s
[2026-01-23 15:12:58,047] - [root] - [INFO] - -------------------------------------------
[2026-01-23 15:12:58,047] - [root] - [INFO] - -------------------------------------------
[2026-01-23 15:12:58,047] - [root] - [INFO] - Processing 1-22-2026 5dpi 209-W2021010-439_R2.png
[2026-01-23 15:13:15,533] - [root] - [INFO] - Finished loading mask: 0m 17s
[2026-01-23 15:13:28,565] - [root] - [INFO] - Finished crop and inference: 0m 30s
[2026-01-23 15:13:30,059] - [root] - [INFO] - Analysis finished: 0m 32s
[2026-01-23 15:13:30,059] - [root] - [INFO] - -------------------------------------------
[2026-01-23 15:13:30,059] - [root] - [INFO] - -------------------------------------------
[2026-01-23 15:13:30,059] - [root] - [INFO] - Processing 1-22-2026 5dpi 211-W2021011-598_R2.png
[2026-01-23 15:13:47,611] - [root] - [INFO] - Finished loading mask: 0m 17s
[2026-01-23 15:13:57,910] - [root] - [INFO] - Finished crop and inference: 0m 27s
[2026-01-23 15:13:59,429] - [root] - [INFO] - Analysis finished: 0m 29s
[2026-01-23 15:13:59,429] - [root] - [INFO] - -------------------------------------------
[2026-01-23 15:13:59,429] - [root] - [INFO] - -------------------------------------------
[2026-01-23 15:13:59,429] - [root] - [INFO] - Processing 1-22-2026 5dpi 215-W2021006-045_R2.png
[2026-01-23 15:14:16,637] - [root] - [INFO] - Finished loading mask: 0m 17s
[2026-01-23 15:14:25,267] - [root] - [INFO] - Finished crop and inference: 0m 25s
[2026-01-23 15:14:26,725] - [root] - [INFO] - Analysis finished: 0m 27s
[2026-01-23 15:14:26,725] - [root] - [INFO] - -------------------------------------------
[2026-01-23 15:14:26,725] - [root] - [INFO] - -------------------------------------------
[2026-01-23 15:14:26,725] - [root] - [INFO] - Processing 1-22-2026 5dpi 223-W2021010-442_R2.png
[2026-01-23 15:14:43,909] - [root] - [INFO] - Finished loading mask: 0m 17s
[2026-01-23 15:14:56,449] - [root] - [INFO] - Finished crop and inference: 0m 29s
[2026-01-23 15:14:57,954] - [root] - [INFO] - Analysis finished: 0m 31s
[2026-01-23 15:14:57,954] - [root] - [INFO] - -------------------------------------------
[2026-01-23 15:14:57,954] - [root] - [INFO] - -------------------------------------------
[2026-01-23 15:14:57,954] - [root] - [INFO] - Processing 1-22-2026 5dpi 226-W2021010-435_R1.png
[2026-01-23 15:15:15,424] - [root] - [INFO] - Finished loading mask: 0m 17s
[2026-01-23 15:15:24,502] - [root] - [INFO] - Finished crop and inference: 0m 26s
[2026-01-23 15:15:25,989] - [root] - [INFO] - Analysis finished: 0m 28s
[2026-01-23 15:15:25,990] - [root] - [INFO] - -------------------------------------------
[2026-01-23 15:15:25,990] - [root] - [INFO] - -------------------------------------------
[2026-01-23 15:15:25,990] - [root] - [INFO] - Processing 1-22-2026 5dpi 230-W2021010-373_R2.png
[2026-01-23 15:15:43,046] - [root] - [INFO] - Finished loading mask: 0m 17s
[2026-01-23 15:16:04,333] - [root] - [INFO] - Finished crop and inference: 0m 38s
[2026-01-23 15:16:05,844] - [root] - [INFO] - Analysis finished: 0m 39s
[2026-01-23 15:16:05,844] - [root] - [INFO] - -------------------------------------------
[2026-01-23 15:16:05,844] - [root] - [INFO] - -------------------------------------------
[2026-01-23 15:16:05,844] - [root] - [INFO] - Processing 1-22-2026 5dpi 233-W2021009-215_R2.png
[2026-01-23 15:16:23,590] - [root] - [INFO] - Finished loading mask: 0m 17s
[2026-01-23 15:16:33,725] - [root] - [INFO] - Finished crop and inference: 0m 27s
[2026-01-23 15:16:35,167] - [root] - [INFO] - Analysis finished: 0m 29s
[2026-01-23 15:16:35,168] - [root] - [INFO] - -------------------------------------------
[2026-01-23 15:16:35,168] - [root] - [INFO] - -------------------------------------------
[2026-01-23 15:16:35,168] - [root] - [INFO] - Processing 1-22-2026 5dpi 240-Symphony_R2.png
[2026-01-23 15:16:52,411] - [root] - [INFO] - Finished loading mask: 0m 17s
[2026-01-23 15:17:11,890] - [root] - [INFO] - Finished crop and inference: 0m 36s
              timestamp time_elapsed  ... severity_rate_patch Gradient_sr2
0   2026-01-23 14:30:32       0m 25s  ...                1.74         0.04
1   2026-01-23 14:30:58       0m 25s  ...                4.36         0.11
2   2026-01-23 14:31:24       0m 26s  ...                0.85         0.02
3   2026-01-23 14:31:50       0m 29s  ...               25.47         0.67
4   2026-01-23 14:32:19       0m 30s  ...               37.39         0.99
..                  ...          ...  ...                 ...          ...
75  2026-01-23 15:06:41       0m 27s  ...               24.95         0.55
76  2026-01-23 15:07:08       0m 35s  ...               79.18         2.11
77  2026-01-23 15:07:44       0m 28s  ...                4.96         0.12
78  2026-01-23 15:08:12       0m 26s  ...                6.35         0.16
79  2026-01-23 15:08:38       0m 27s  ...               13.16         0.28

[80 rows x 24 columns]
              timestamp time_elapsed  ... severity_rate_patch Gradient_sr2
0   2026-01-23 14:30:32       0m 25s  ...                1.74         0.04
1   2026-01-23 14:30:58       0m 25s  ...                4.36         0.11
2   2026-01-23 14:31:24       0m 26s  ...                0.85         0.02
3   2026-01-23 14:31:50       0m 29s  ...               25.47         0.67
4   2026-01-23 14:32:19       0m 30s  ...               37.39         0.99
..                  ...          ...  ...                 ...          ...
76  2026-01-23 15:07:08       0m 35s  ...               79.18         2.11
77  2026-01-23 15:07:44       0m 28s  ...                4.96         0.12
78  2026-01-23 15:08:12       0m 26s  ...                6.35         0.16
79  2026-01-23 15:08:38       0m 27s  ...               13.16         0.28
80  2026-01-23 15:09:06       0m 27s  ...                5.94         0.15

[81 rows x 24 columns]
              timestamp time_elapsed  ... severity_rate_patch Gradient_sr2
0   2026-01-23 14:30:32       0m 25s  ...                1.74         0.04
1   2026-01-23 14:30:58       0m 25s  ...                4.36         0.11
2   2026-01-23 14:31:24       0m 26s  ...                0.85         0.02
3   2026-01-23 14:31:50       0m 29s  ...               25.47         0.67
4   2026-01-23 14:32:19       0m 30s  ...               37.39         0.99
..                  ...          ...  ...                 ...          ...
77  2026-01-23 15:07:44       0m 28s  ...                4.96         0.12
78  2026-01-23 15:08:12       0m 26s  ...                6.35         0.16
79  2026-01-23 15:08:38       0m 27s  ...               13.16         0.28
80  2026-01-23 15:09:06       0m 27s  ...                5.94         0.15
81  2026-01-23 15:09:34       0m 35s  ...               85.45         2.49

[82 rows x 24 columns]
              timestamp time_elapsed  ... severity_rate_patch Gradient_sr2
0   2026-01-23 14:30:32       0m 25s  ...                1.74         0.04
1   2026-01-23 14:30:58       0m 25s  ...                4.36         0.11
2   2026-01-23 14:31:24       0m 26s  ...                0.85         0.02
3   2026-01-23 14:31:50       0m 29s  ...               25.47         0.67
4   2026-01-23 14:32:19       0m 30s  ...               37.39         0.99
..                  ...          ...  ...                 ...          ...
78  2026-01-23 15:08:12       0m 26s  ...                6.35         0.16
79  2026-01-23 15:08:38       0m 27s  ...               13.16         0.28
80  2026-01-23 15:09:06       0m 27s  ...                5.94         0.15
81  2026-01-23 15:09:34       0m 35s  ...               85.45         2.49
82  2026-01-23 15:10:09       0m 29s  ...                9.54         0.25

[83 rows x 24 columns]
              timestamp time_elapsed  ... severity_rate_patch Gradient_sr2
0   2026-01-23 14:30:32       0m 25s  ...                1.74         0.04
1   2026-01-23 14:30:58       0m 25s  ...                4.36         0.11
2   2026-01-23 14:31:24       0m 26s  ...                0.85         0.02
3   2026-01-23 14:31:50       0m 29s  ...               25.47         0.67
4   2026-01-23 14:32:19       0m 30s  ...               37.39         0.99
..                  ...          ...  ...                 ...          ...
79  2026-01-23 15:08:38       0m 27s  ...               13.16         0.28
80  2026-01-23 15:09:06       0m 27s  ...                5.94         0.15
81  2026-01-23 15:09:34       0m 35s  ...               85.45         2.49
82  2026-01-23 15:10:09       0m 29s  ...                9.54         0.25
83  2026-01-23 15:10:38       0m 29s  ...               23.32         0.63

[84 rows x 24 columns]
              timestamp time_elapsed  ... severity_rate_patch Gradient_sr2
0   2026-01-23 14:30:32       0m 25s  ...                1.74         0.04
1   2026-01-23 14:30:58       0m 25s  ...                4.36         0.11
2   2026-01-23 14:31:24       0m 26s  ...                0.85         0.02
3   2026-01-23 14:31:50       0m 29s  ...               25.47         0.67
4   2026-01-23 14:32:19       0m 30s  ...               37.39         0.99
..                  ...          ...  ...                 ...          ...
80  2026-01-23 15:09:06       0m 27s  ...                5.94         0.15
81  2026-01-23 15:09:34       0m 35s  ...               85.45         2.49
82  2026-01-23 15:10:09       0m 29s  ...                9.54         0.25
83  2026-01-23 15:10:38       0m 29s  ...               23.32         0.63
84  2026-01-23 15:11:08       0m 26s  ...                7.13         0.16

[85 rows x 24 columns]
              timestamp time_elapsed  ... severity_rate_patch Gradient_sr2
0   2026-01-23 14:30:32       0m 25s  ...                1.74         0.04
1   2026-01-23 14:30:58       0m 25s  ...                4.36         0.11
2   2026-01-23 14:31:24       0m 26s  ...                0.85         0.02
3   2026-01-23 14:31:50       0m 29s  ...               25.47         0.67
4   2026-01-23 14:32:19       0m 30s  ...               37.39         0.99
..                  ...          ...  ...                 ...          ...
81  2026-01-23 15:09:34       0m 35s  ...               85.45         2.49
82  2026-01-23 15:10:09       0m 29s  ...                9.54         0.25
83  2026-01-23 15:10:38       0m 29s  ...               23.32         0.63
84  2026-01-23 15:11:08       0m 26s  ...                7.13         0.16
85  2026-01-23 15:11:35       0m 26s  ...                6.06         0.16

[86 rows x 24 columns]
              timestamp time_elapsed  ... severity_rate_patch Gradient_sr2
0   2026-01-23 14:30:32       0m 25s  ...                1.74         0.04
1   2026-01-23 14:30:58       0m 25s  ...                4.36         0.11
2   2026-01-23 14:31:24       0m 26s  ...                0.85         0.02
3   2026-01-23 14:31:50       0m 29s  ...               25.47         0.67
4   2026-01-23 14:32:19       0m 30s  ...               37.39         0.99
..                  ...          ...  ...                 ...          ...
82  2026-01-23 15:10:09       0m 29s  ...                9.54         0.25
83  2026-01-23 15:10:38       0m 29s  ...               23.32         0.63
84  2026-01-23 15:11:08       0m 26s  ...                7.13         0.16
85  2026-01-23 15:11:35       0m 26s  ...                6.06         0.16
86  2026-01-23 15:12:01       0m 26s  ...                1.20         0.03

[87 rows x 24 columns]
[2026-01-23 15:17:13,447] - [root] - [INFO] - Analysis finished: 0m 38s
[2026-01-23 15:17:13,447] - [root] - [INFO] - -------------------------------------------
[2026-01-23 15:17:13,447] - [root] - [INFO] - -------------------------------------------
[2026-01-23 15:17:13,447] - [root] - [INFO] - Processing 1-22-2026 5dpi 254-W2021010-352_R2.png
[2026-01-23 15:17:31,053] - [root] - [INFO] - Finished loading mask: 0m 17s
[2026-01-23 15:17:37,897] - [root] - [INFO] - Finished crop and inference: 0m 24s
[2026-01-23 15:17:39,403] - [root] - [INFO] - Analysis finished: 0m 25s
[2026-01-23 15:17:39,403] - [root] - [INFO] - -------------------------------------------
[2026-01-23 15:17:39,404] - [root] - [INFO] - -------------------------------------------
[2026-01-23 15:17:39,404] - [root] - [INFO] - Processing 1-22-2026 5dpi 266-W2021009-193_R1.png
[2026-01-23 15:17:56,140] - [root] - [INFO] - Finished loading mask: 0m 16s
[2026-01-23 15:18:04,588] - [root] - [INFO] - Finished crop and inference: 0m 25s
[2026-01-23 15:18:06,085] - [root] - [INFO] - Analysis finished: 0m 26s
[2026-01-23 15:18:06,085] - [root] - [INFO] - -------------------------------------------
[2026-01-23 15:18:06,086] - [root] - [INFO] - -------------------------------------------
[2026-01-23 15:18:06,086] - [root] - [INFO] - Processing 1-22-2026 5dpi 313-W2021010-343_R1.png
[2026-01-23 15:18:22,724] - [root] - [INFO] - Finished loading mask: 0m 16s
[2026-01-23 15:18:30,652] - [root] - [INFO] - Finished crop and inference: 0m 24s
[2026-01-23 15:18:32,158] - [root] - [INFO] - Analysis finished: 0m 26s
[2026-01-23 15:18:32,158] - [root] - [INFO] - -------------------------------------------
[2026-01-23 15:18:32,159] - [root] - [INFO] - -------------------------------------------
[2026-01-23 15:18:32,159] - [root] - [INFO] - Processing 1-22-2026 5dpi 336-W2021011-506_R2.png
[2026-01-23 15:18:48,590] - [root] - [INFO] - Finished loading mask: 0m 16s
[2026-01-23 15:19:02,389] - [root] - [INFO] - Finished crop and inference: 0m 30s
[2026-01-23 15:19:03,880] - [root] - [INFO] - Analysis finished: 0m 31s
[2026-01-23 15:19:03,880] - [root] - [INFO] - -------------------------------------------
[2026-01-23 15:19:03,896] - [root] - [INFO] - Saved C:\Users\Intel User\Desktop\blackbird_scripts\data\Results\ResNet_upth0.6_downth0.1_Jan22_10-21-00_2026\1-22-2026\th_0.7\severity_rate_tray_5dpi.csv
              timestamp time_elapsed  ... severity_rate_patch Gradient_sr2
0   2026-01-23 14:30:32       0m 25s  ...                1.74         0.04
1   2026-01-23 14:30:58       0m 25s  ...                4.36         0.11
2   2026-01-23 14:31:24       0m 26s  ...                0.85         0.02
3   2026-01-23 14:31:50       0m 29s  ...               25.47         0.67
4   2026-01-23 14:32:19       0m 30s  ...               37.39         0.99
..                  ...          ...  ...                 ...          ...
83  2026-01-23 15:10:38       0m 29s  ...               23.32         0.63
84  2026-01-23 15:11:08       0m 26s  ...                7.13         0.16
85  2026-01-23 15:11:35       0m 26s  ...                6.06         0.16
86  2026-01-23 15:12:01       0m 26s  ...                1.20         0.03
87  2026-01-23 15:12:28       0m 29s  ...               31.65         0.76

[88 rows x 24 columns]
              timestamp time_elapsed  ... severity_rate_patch Gradient_sr2
0   2026-01-23 14:30:32       0m 25s  ...                1.74         0.04
1   2026-01-23 14:30:58       0m 25s  ...                4.36         0.11
2   2026-01-23 14:31:24       0m 26s  ...                0.85         0.02
3   2026-01-23 14:31:50       0m 29s  ...               25.47         0.67
4   2026-01-23 14:32:19       0m 30s  ...               37.39         0.99
..                  ...          ...  ...                 ...          ...
84  2026-01-23 15:11:08       0m 26s  ...                7.13         0.16
85  2026-01-23 15:11:35       0m 26s  ...                6.06         0.16
86  2026-01-23 15:12:01       0m 26s  ...                1.20         0.03
87  2026-01-23 15:12:28       0m 29s  ...               31.65         0.76
88  2026-01-23 15:12:58       0m 31s  ...               42.68         1.19

[89 rows x 24 columns]
              timestamp time_elapsed  ... severity_rate_patch Gradient_sr2
0   2026-01-23 14:30:32       0m 25s  ...                1.74         0.04
1   2026-01-23 14:30:58       0m 25s  ...                4.36         0.11
2   2026-01-23 14:31:24       0m 26s  ...                0.85         0.02
3   2026-01-23 14:31:50       0m 29s  ...               25.47         0.67
4   2026-01-23 14:32:19       0m 30s  ...               37.39         0.99
..                  ...          ...  ...                 ...          ...
85  2026-01-23 15:11:35       0m 26s  ...                6.06         0.16
86  2026-01-23 15:12:01       0m 26s  ...                1.20         0.03
87  2026-01-23 15:12:28       0m 29s  ...               31.65         0.76
88  2026-01-23 15:12:58       0m 31s  ...               42.68         1.19
89  2026-01-23 15:13:30       0m 29s  ...               14.13         0.40

[90 rows x 24 columns]
              timestamp time_elapsed  ... severity_rate_patch Gradient_sr2
0   2026-01-23 14:30:32       0m 25s  ...                1.74         0.04
1   2026-01-23 14:30:58       0m 25s  ...                4.36         0.11
2   2026-01-23 14:31:24       0m 26s  ...                0.85         0.02
3   2026-01-23 14:31:50       0m 29s  ...               25.47         0.67
4   2026-01-23 14:32:19       0m 30s  ...               37.39         0.99
..                  ...          ...  ...                 ...          ...
86  2026-01-23 15:12:01       0m 26s  ...                1.20         0.03
87  2026-01-23 15:12:28       0m 29s  ...               31.65         0.76
88  2026-01-23 15:12:58       0m 31s  ...               42.68         1.19
89  2026-01-23 15:13:30       0m 29s  ...               14.13         0.40
90  2026-01-23 15:13:59       0m 27s  ...               11.52         0.30

[91 rows x 24 columns]
              timestamp time_elapsed  ... severity_rate_patch Gradient_sr2
0   2026-01-23 14:30:32       0m 25s  ...                1.74         0.04
1   2026-01-23 14:30:58       0m 25s  ...                4.36         0.11
2   2026-01-23 14:31:24       0m 26s  ...                0.85         0.02
3   2026-01-23 14:31:50       0m 29s  ...               25.47         0.67
4   2026-01-23 14:32:19       0m 30s  ...               37.39         0.99
..                  ...          ...  ...                 ...          ...
87  2026-01-23 15:12:28       0m 29s  ...               31.65         0.76
88  2026-01-23 15:12:58       0m 31s  ...               42.68         1.19
89  2026-01-23 15:13:30       0m 29s  ...               14.13         0.40
90  2026-01-23 15:13:59       0m 27s  ...               11.52         0.30
91  2026-01-23 15:14:26       0m 31s  ...               45.04         1.15

[92 rows x 24 columns]
              timestamp time_elapsed  ... severity_rate_patch Gradient_sr2
0   2026-01-23 14:30:32       0m 25s  ...                1.74         0.04
1   2026-01-23 14:30:58       0m 25s  ...                4.36         0.11
2   2026-01-23 14:31:24       0m 26s  ...                0.85         0.02
3   2026-01-23 14:31:50       0m 29s  ...               25.47         0.67
4   2026-01-23 14:32:19       0m 30s  ...               37.39         0.99
..                  ...          ...  ...                 ...          ...
88  2026-01-23 15:12:58       0m 31s  ...               42.68         1.19
89  2026-01-23 15:13:30       0m 29s  ...               14.13         0.40
90  2026-01-23 15:13:59       0m 27s  ...               11.52         0.30
91  2026-01-23 15:14:26       0m 31s  ...               45.04         1.15
92  2026-01-23 15:14:57       0m 28s  ...               13.53         0.35

[93 rows x 24 columns]
              timestamp time_elapsed  ... severity_rate_patch Gradient_sr2
0   2026-01-23 14:30:32       0m 25s  ...                1.74         0.04
1   2026-01-23 14:30:58       0m 25s  ...                4.36         0.11
2   2026-01-23 14:31:24       0m 26s  ...                0.85         0.02
3   2026-01-23 14:31:50       0m 29s  ...               25.47         0.67
4   2026-01-23 14:32:19       0m 30s  ...               37.39         0.99
..                  ...          ...  ...                 ...          ...
89  2026-01-23 15:13:30       0m 29s  ...               14.13         0.40
90  2026-01-23 15:13:59       0m 27s  ...               11.52         0.30
91  2026-01-23 15:14:26       0m 31s  ...               45.04         1.15
92  2026-01-23 15:14:57       0m 28s  ...               13.53         0.35
93  2026-01-23 15:15:25       0m 39s  ...               98.85         3.19

[94 rows x 24 columns]
              timestamp time_elapsed  ... severity_rate_patch Gradient_sr2
0   2026-01-23 14:30:32       0m 25s  ...                1.74         0.04
1   2026-01-23 14:30:58       0m 25s  ...                4.36         0.11
2   2026-01-23 14:31:24       0m 26s  ...                0.85         0.02
3   2026-01-23 14:31:50       0m 29s  ...               25.47         0.67
4   2026-01-23 14:32:19       0m 30s  ...               37.39         0.99
..                  ...          ...  ...                 ...          ...
90  2026-01-23 15:13:59       0m 27s  ...               11.52         0.30
91  2026-01-23 15:14:26       0m 31s  ...               45.04         1.15
92  2026-01-23 15:14:57       0m 28s  ...               13.53         0.35
93  2026-01-23 15:15:25       0m 39s  ...               98.85         3.19
94  2026-01-23 15:16:05       0m 29s  ...               17.16         0.48

[95 rows x 24 columns]
              timestamp time_elapsed  ... severity_rate_patch Gradient_sr2
0   2026-01-23 14:30:32       0m 25s  ...                1.74         0.04
1   2026-01-23 14:30:58       0m 25s  ...                4.36         0.11
2   2026-01-23 14:31:24       0m 26s  ...                0.85         0.02
3   2026-01-23 14:31:50       0m 29s  ...               25.47         0.67
4   2026-01-23 14:32:19       0m 30s  ...               37.39         0.99
..                  ...          ...  ...                 ...          ...
91  2026-01-23 15:14:26       0m 31s  ...               45.04         1.15
92  2026-01-23 15:14:57       0m 28s  ...               13.53         0.35
93  2026-01-23 15:15:25       0m 39s  ...               98.85         3.19
94  2026-01-23 15:16:05       0m 29s  ...               17.16         0.48
95  2026-01-23 15:16:35       0m 38s  ...               83.68         2.54

[96 rows x 24 columns]
              timestamp time_elapsed  ... severity_rate_patch Gradient_sr2
0   2026-01-23 14:30:32       0m 25s  ...                1.74         0.04
1   2026-01-23 14:30:58       0m 25s  ...                4.36         0.11
2   2026-01-23 14:31:24       0m 26s  ...                0.85         0.02
3   2026-01-23 14:31:50       0m 29s  ...               25.47         0.67
4   2026-01-23 14:32:19       0m 30s  ...               37.39         0.99
..                  ...          ...  ...                 ...          ...
92  2026-01-23 15:14:57       0m 28s  ...               13.53         0.35
93  2026-01-23 15:15:25       0m 39s  ...               98.85         3.19
94  2026-01-23 15:16:05       0m 29s  ...               17.16         0.48
95  2026-01-23 15:16:35       0m 38s  ...               83.68         2.54
96  2026-01-23 15:17:13       0m 25s  ...                2.20         0.06

[97 rows x 24 columns]
              timestamp time_elapsed  ... severity_rate_patch Gradient_sr2
0   2026-01-23 14:30:32       0m 25s  ...                1.74         0.04
1   2026-01-23 14:30:58       0m 25s  ...                4.36         0.11
2   2026-01-23 14:31:24       0m 26s  ...                0.85         0.02
3   2026-01-23 14:31:50       0m 29s  ...               25.47         0.67
4   2026-01-23 14:32:19       0m 30s  ...               37.39         0.99
..                  ...          ...  ...                 ...          ...
93  2026-01-23 15:15:25       0m 39s  ...               98.85         3.19
94  2026-01-23 15:16:05       0m 29s  ...               17.16         0.48
95  2026-01-23 15:16:35       0m 38s  ...               83.68         2.54
96  2026-01-23 15:17:13       0m 25s  ...                2.20         0.06
97  2026-01-23 15:17:39       0m 26s  ...               10.16         0.27

[98 rows x 24 columns]
              timestamp time_elapsed  ... severity_rate_patch Gradient_sr2
0   2026-01-23 14:30:32       0m 25s  ...                1.74         0.04
1   2026-01-23 14:30:58       0m 25s  ...                4.36         0.11
2   2026-01-23 14:31:24       0m 26s  ...                0.85         0.02
3   2026-01-23 14:31:50       0m 29s  ...               25.47         0.67
4   2026-01-23 14:32:19       0m 30s  ...               37.39         0.99
..                  ...          ...  ...                 ...          ...
94  2026-01-23 15:16:05       0m 29s  ...               17.16         0.48
95  2026-01-23 15:16:35       0m 38s  ...               83.68         2.54
96  2026-01-23 15:17:13       0m 25s  ...                2.20         0.06
97  2026-01-23 15:17:39       0m 26s  ...               10.16         0.27
98  2026-01-23 15:18:06       0m 26s  ...                4.23         0.11

[99 rows x 24 columns]
              timestamp time_elapsed  ... severity_rate_patch Gradient_sr2
0   2026-01-23 14:30:32       0m 25s  ...                1.74         0.04
1   2026-01-23 14:30:58       0m 25s  ...                4.36         0.11
2   2026-01-23 14:31:24       0m 26s  ...                0.85         0.02
3   2026-01-23 14:31:50       0m 29s  ...               25.47         0.67
4   2026-01-23 14:32:19       0m 30s  ...               37.39         0.99
..                  ...          ...  ...                 ...          ...
95  2026-01-23 15:16:35       0m 38s  ...               83.68         2.54
96  2026-01-23 15:17:13       0m 25s  ...                2.20         0.06
97  2026-01-23 15:17:39       0m 26s  ...               10.16         0.27
98  2026-01-23 15:18:06       0m 26s  ...                4.23         0.11
99  2026-01-23 15:18:32       0m 31s  ...               47.28         1.25

[100 rows x 24 columns]

real	48m38.933s
user	0m0.000s
sys	0m0.031s
