[2026-01-23 16:56:55,909] - [root] - [INFO] - leaf_correlation_mw.py
[2026-01-23 16:56:55,909] - [root] - [INFO] - model_type       : ResNet
[2026-01-23 16:56:55,909] - [root] - [INFO] - pretrained       : True
[2026-01-23 16:56:55,910] - [root] - [INFO] - loading_epoch    : 65
[2026-01-23 16:56:55,910] - [root] - [INFO] - timestamp        : Jan22_10-21-00_2026
[2026-01-23 16:56:55,910] - [root] - [INFO] - outdim           : 2
[2026-01-23 16:56:55,910] - [root] - [INFO] - dual_head        : True
[2026-01-23 16:56:55,911] - [root] - [INFO] - model_path       : ../..
[2026-01-23 16:56:55,911] - [root] - [INFO] - step_size        : 224
[2026-01-23 16:56:55,911] - [root] - [INFO] - means            : [0.541, 0.6371, 0.4188]
[2026-01-23 16:56:55,911] - [root] - [INFO] - stds             : [0.1764, 0.165, 0.2326]
[2026-01-23 16:56:55,911] - [root] - [INFO] - target_class     : 1
[2026-01-23 16:56:55,911] - [root] - [INFO] - contam_control   : False
[2026-01-23 16:56:55,911] - [root] - [INFO] - spor_th          : 0.9
[2026-01-23 16:56:55,911] - [root] - [INFO] - inf_gate         : 0.6
[2026-01-23 16:56:55,911] - [root] - [INFO] - pm               : HPM-1269
[2026-01-23 16:56:55,911] - [root] - [INFO] - mps              : False
[2026-01-23 16:56:55,911] - [root] - [INFO] - cuda             : True
[2026-01-23 16:56:55,911] - [root] - [INFO] - cuda_id          : 0
[2026-01-23 16:56:55,911] - [root] - [INFO] - sal_threshold    : 0.5
[2026-01-23 16:56:55,911] - [root] - [INFO] - up_threshold     : 0.6
[2026-01-23 16:56:55,911] - [root] - [INFO] - down_threshold   : 0.1
[2026-01-23 16:56:55,911] - [root] - [INFO] - dataset_path     : C:/Users/Intel User/Desktop/blackbird_scripts/data/human_disk_assessments
[2026-01-23 16:56:55,911] - [root] - [INFO] - img_folder       : 1-22-2026
[2026-01-23 16:56:55,912] - [root] - [INFO] - platform         : BlackBird
[2026-01-23 16:56:55,912] - [root] - [INFO] - threshold        : ['0.7']
[2026-01-23 16:56:55,912] - [root] - [INFO] - log              : ../../results/logs/random.log
[2026-01-23 16:56:55,912] - [root] - [INFO] - dpi              : 5
[2026-01-23 16:56:55,912] - [root] - [INFO] - group            : baseline
[2026-01-23 16:56:55,912] - [root] - [INFO] - trays            : ['5dpi']
[2026-01-23 16:56:55,912] - [root] - [INFO] - sal_gradcam      : False
[2026-01-23 16:56:55,912] - [root] - [INFO] - sal_gradient     : True
[2026-01-23 16:56:55,912] - [root] - [INFO] - sal_smoothgrad   : False
[2026-01-23 16:56:55,912] - [root] - [INFO] - sal_deeplift     : False
[2026-01-23 16:56:55,912] - [root] - [INFO] - sal_thresh_method : fixed
[2026-01-23 16:56:55,912] - [root] - [INFO] - sal_thresh_p     : 95.0
[2026-01-23 16:56:56,746] - [root] - [INFO] - -------------------------------------------
[2026-01-23 16:56:56,746] - [root] - [INFO] - Processing 1-22-2026 5dpi 002-W2021006-081_R1.png
[2026-01-23 16:57:13,703] - [root] - [INFO] - Finished loading mask: 0m 16s
[2026-01-23 16:57:21,940] - [root] - [INFO] - Finished crop and inference: 0m 25s
[2026-01-23 16:57:23,466] - [root] - [INFO] - Analysis finished: 0m 26s
[2026-01-23 16:57:23,466] - [root] - [INFO] - -------------------------------------------
[2026-01-23 16:57:23,466] - [root] - [INFO] - -------------------------------------------
[2026-01-23 16:57:23,466] - [root] - [INFO] - Processing 1-22-2026 5dpi 002-W2021010-336_R2.png
[2026-01-23 16:57:40,167] - [root] - [INFO] - Finished loading mask: 0m 16s
[2026-01-23 16:57:48,190] - [root] - [INFO] - Finished crop and inference: 0m 24s
[2026-01-23 16:57:49,723] - [root] - [INFO] - Analysis finished: 0m 26s
[2026-01-23 16:57:49,723] - [root] - [INFO] - -------------------------------------------
[2026-01-23 16:57:49,723] - [root] - [INFO] - -------------------------------------------
[2026-01-23 16:57:49,723] - [root] - [INFO] - Processing 1-22-2026 5dpi 005-W2021011-592_R2.png
[2026-01-23 16:58:07,013] - [root] - [INFO] - Finished loading mask: 0m 17s
[2026-01-23 16:58:15,406] - [root] - [INFO] - Finished crop and inference: 0m 25s
[2026-01-23 16:58:16,892] - [root] - [INFO] - Analysis finished: 0m 27s
[2026-01-23 16:58:16,893] - [root] - [INFO] - -------------------------------------------
[2026-01-23 16:58:16,893] - [root] - [INFO] - -------------------------------------------
[2026-01-23 16:58:16,893] - [root] - [INFO] - Processing 1-22-2026 5dpi 009-W2021010-311_R2.png
[2026-01-23 16:58:34,453] - [root] - [INFO] - Finished loading mask: 0m 17s
[2026-01-23 16:58:45,881] - [root] - [INFO] - Finished crop and inference: 0m 28s
[2026-01-23 16:58:47,391] - [root] - [INFO] - Analysis finished: 0m 30s
[2026-01-23 16:58:47,391] - [root] - [INFO] - -------------------------------------------
[2026-01-23 16:58:47,391] - [root] - [INFO] - -------------------------------------------
[2026-01-23 16:58:47,391] - [root] - [INFO] - Processing 1-22-2026 5dpi 010-W2021010-347_R2.png
[2026-01-23 16:59:05,085] - [root] - [INFO] - Finished loading mask: 0m 17s
[2026-01-23 16:59:17,114] - [root] - [INFO] - Finished crop and inference: 0m 29s
[2026-01-23 16:59:18,641] - [root] - [INFO] - Analysis finished: 0m 31s
[2026-01-23 16:59:18,641] - [root] - [INFO] - -------------------------------------------
[2026-01-23 16:59:18,641] - [root] - [INFO] - -------------------------------------------
[2026-01-23 16:59:18,641] - [root] - [INFO] - Processing 1-22-2026 5dpi 013-W2021009-172_R2.png
[2026-01-23 16:59:35,244] - [root] - [INFO] - Finished loading mask: 0m 16s
[2026-01-23 16:59:43,230] - [root] - [INFO] - Finished crop and inference: 0m 24s
[2026-01-23 16:59:44,766] - [root] - [INFO] - Analysis finished: 0m 26s
[2026-01-23 16:59:44,766] - [root] - [INFO] - -------------------------------------------
[2026-01-23 16:59:44,767] - [root] - [INFO] - -------------------------------------------
[2026-01-23 16:59:44,767] - [root] - [INFO] - Processing 1-22-2026 5dpi 015-W2021009-160_R1.png
[2026-01-23 17:00:02,110] - [root] - [INFO] - Finished loading mask: 0m 17s
[2026-01-23 17:00:14,108] - [root] - [INFO] - Finished crop and inference: 0m 29s
[2026-01-23 17:00:15,613] - [root] - [INFO] - Analysis finished: 0m 30s
[2026-01-23 17:00:15,613] - [root] - [INFO] - -------------------------------------------
[2026-01-23 17:00:15,613] - [root] - [INFO] - -------------------------------------------
[2026-01-23 17:00:15,613] - [root] - [INFO] - Processing 1-22-2026 5dpi 015-W2021011-633_R1.png
[2026-01-23 17:00:33,127] - [root] - [INFO] - Finished loading mask: 0m 17s
[2026-01-23 17:00:44,337] - [root] - [INFO] - Finished crop and inference: 0m 28s
[2026-01-23 17:00:45,873] - [root] - [INFO] - Analysis finished: 0m 30s
[2026-01-23 17:00:45,873] - [root] - [INFO] - -------------------------------------------
[2026-01-23 17:00:45,873] - [root] - [INFO] - -------------------------------------------
[2026-01-23 17:00:45,873] - [root] - [INFO] - Processing 1-22-2026 5dpi 017-W2021006-612_R2.png
[2026-01-23 17:01:04,288] - [root] - [INFO] - Finished loading mask: 0m 18s
[2026-01-23 17:01:15,042] - [root] - [INFO] - Finished crop and inference: 0m 29s
[2026-01-23 17:01:16,529] - [root] - [INFO] - Analysis finished: 0m 30s
[2026-01-23 17:01:16,529] - [root] - [INFO] - -------------------------------------------
[2026-01-23 17:01:16,529] - [root] - [INFO] - -------------------------------------------
[2026-01-23 17:01:16,529] - [root] - [INFO] - Processing 1-22-2026 5dpi 019-W2021010-428_R2.png
[2026-01-23 17:01:33,772] - [root] - [INFO] - Finished loading mask: 0m 17s
[2026-01-23 17:01:41,579] - [root] - [INFO] - Finished crop and inference: 0m 25s
[2026-01-23 17:01:43,068] - [root] - [INFO] - Analysis finished: 0m 26s
[2026-01-23 17:01:43,069] - [root] - [INFO] - -------------------------------------------
[2026-01-23 17:01:43,069] - [root] - [INFO] - -------------------------------------------
[2026-01-23 17:01:43,069] - [root] - [INFO] - Processing 1-22-2026 5dpi 021-W2021009-175_R1.png
[2026-01-23 17:01:59,797] - [root] - [INFO] - Finished loading mask: 0m 16s
[2026-01-23 17:02:08,297] - [root] - [INFO] - Finished crop and inference: 0m 25s
[2026-01-23 17:02:09,764] - [root] - [INFO] - Analysis finished: 0m 26s
[2026-01-23 17:02:09,765] - [root] - [INFO] - -------------------------------------------
[2026-01-23 17:02:09,765] - [root] - [INFO] - -------------------------------------------
[2026-01-23 17:02:09,765] - [root] - [INFO] - Processing 1-22-2026 5dpi 022-W2021009-198_R2.png
[2026-01-23 17:02:27,045] - [root] - [INFO] - Finished loading mask: 0m 17s
[2026-01-23 17:02:37,649] - [root] - [INFO] - Finished crop and inference: 0m 27s
[2026-01-23 17:02:39,158] - [root] - [INFO] - Analysis finished: 0m 29s
[2026-01-23 17:02:39,159] - [root] - [INFO] - -------------------------------------------
[2026-01-23 17:02:39,159] - [root] - [INFO] - -------------------------------------------
[2026-01-23 17:02:39,159] - [root] - [INFO] - Processing 1-22-2026 5dpi 023-W2021006-049_R1.png
[2026-01-23 17:02:56,200] - [root] - [INFO] - Finished loading mask: 0m 17s
[2026-01-23 17:03:05,814] - [root] - [INFO] - Finished crop and inference: 0m 26s
[2026-01-23 17:03:07,297] - [root] - [INFO] - Analysis finished: 0m 28s
[2026-01-23 17:03:07,298] - [root] - [INFO] - -------------------------------------------
[2026-01-23 17:03:07,298] - [root] - [INFO] - -------------------------------------------
[2026-01-23 17:03:07,298] - [root] - [INFO] - Processing 1-22-2026 5dpi 023-W2021010-305_R2.png
[2026-01-23 17:03:24,277] - [root] - [INFO] - Finished loading mask: 0m 16s
[2026-01-23 17:03:33,472] - [root] - [INFO] - Finished crop and inference: 0m 26s
[2026-01-23 17:03:34,993] - [root] - [INFO] - Analysis finished: 0m 27s
[2026-01-23 17:03:34,993] - [root] - [INFO] - -------------------------------------------
[2026-01-23 17:03:34,993] - [root] - [INFO] - -------------------------------------------
[2026-01-23 17:03:34,993] - [root] - [INFO] - Processing 1-22-2026 5dpi 026-W2021009-622_R2.png
[2026-01-23 17:03:52,563] - [root] - [INFO] - Finished loading mask: 0m 17s
[2026-01-23 17:04:04,379] - [root] - [INFO] - Finished crop and inference: 0m 29s
[2026-01-23 17:04:05,872] - [root] - [INFO] - Analysis finished: 0m 30s
[2026-01-23 17:04:05,872] - [root] - [INFO] - -------------------------------------------
[2026-01-23 17:04:05,872] - [root] - [INFO] - -------------------------------------------
[2026-01-23 17:04:05,872] - [root] - [INFO] - Processing 1-22-2026 5dpi 032-W2021006-041_R2.png
[2026-01-23 17:04:23,317] - [root] - [INFO] - Finished loading mask: 0m 17s
[2026-01-23 17:04:34,299] - [root] - [INFO] - Finished crop and inference: 0m 28s
[2026-01-23 17:04:35,811] - [root] - [INFO] - Analysis finished: 0m 29s
[2026-01-23 17:04:35,811] - [root] - [INFO] - -------------------------------------------
[2026-01-23 17:04:35,811] - [root] - [INFO] - -------------------------------------------
[2026-01-23 17:04:35,811] - [root] - [INFO] - Processing 1-22-2026 5dpi 032-W2021009-155_R1.png
[2026-01-23 17:04:53,487] - [root] - [INFO] - Finished loading mask: 0m 17s
[2026-01-23 17:05:13,839] - [root] - [INFO] - Finished crop and inference: 0m 38s
[2026-01-23 17:05:15,431] - [root] - [INFO] - Analysis finished: 0m 39s
[2026-01-23 17:05:15,431] - [root] - [INFO] - -------------------------------------------
[2026-01-23 17:05:15,432] - [root] - [INFO] - -------------------------------------------
[2026-01-23 17:05:15,432] - [root] - [INFO] - Processing 1-22-2026 5dpi 036-W2021006-047_R2.png
[2026-01-23 17:05:32,394] - [root] - [INFO] - Finished loading mask: 0m 16s
[2026-01-23 17:05:40,309] - [root] - [INFO] - Finished crop and inference: 0m 24s
[2026-01-23 17:05:41,923] - [root] - [INFO] - Analysis finished: 0m 26s
[2026-01-23 17:05:41,923] - [root] - [INFO] - -------------------------------------------
[2026-01-23 17:05:41,923] - [root] - [INFO] - -------------------------------------------
[2026-01-23 17:05:41,923] - [root] - [INFO] - Processing 1-22-2026 5dpi 040-W2021009-207_R1.png
[2026-01-23 17:05:59,085] - [root] - [INFO] - Finished loading mask: 0m 17s
[2026-01-23 17:06:09,590] - [root] - [INFO] - Finished crop and inference: 0m 27s
[2026-01-23 17:06:11,087] - [root] - [INFO] - Analysis finished: 0m 29s
[2026-01-23 17:06:11,087] - [root] - [INFO] - -------------------------------------------
[2026-01-23 17:06:11,087] - [root] - [INFO] - -------------------------------------------
[2026-01-23 17:06:11,087] - [root] - [INFO] - Processing 1-22-2026 5dpi 042-W2021010-429_R1.png
[2026-01-23 17:06:29,037] - [root] - [INFO] - Finished loading mask: 0m 17s
[2026-01-23 17:06:45,337] - [root] - [INFO] - Finished crop and inference: 0m 34s
             timestamp time_elapsed  ... severity_rate_patch Gradient_sr2
0  2026-01-23 16:56:56       0m 26s  ...                1.74         0.04

[1 rows x 24 columns]
             timestamp time_elapsed  ... severity_rate_patch Gradient_sr2
0  2026-01-23 16:56:56       0m 26s  ...                1.74         0.04
1  2026-01-23 16:57:23       0m 26s  ...                4.36         0.11

[2 rows x 24 columns]
             timestamp time_elapsed  ... severity_rate_patch Gradient_sr2
0  2026-01-23 16:56:56       0m 26s  ...                1.74         0.04
1  2026-01-23 16:57:23       0m 26s  ...                4.36         0.11
2  2026-01-23 16:57:49       0m 27s  ...                0.85         0.02

[3 rows x 24 columns]
             timestamp time_elapsed  ... severity_rate_patch Gradient_sr2
0  2026-01-23 16:56:56       0m 26s  ...                1.74         0.04
1  2026-01-23 16:57:23       0m 26s  ...                4.36         0.11
2  2026-01-23 16:57:49       0m 27s  ...                0.85         0.02
3  2026-01-23 16:58:16       0m 30s  ...               25.47         0.67

[4 rows x 24 columns]
             timestamp time_elapsed  ... severity_rate_patch Gradient_sr2
0  2026-01-23 16:56:56       0m 26s  ...                1.74         0.04
1  2026-01-23 16:57:23       0m 26s  ...                4.36         0.11
2  2026-01-23 16:57:49       0m 27s  ...                0.85         0.02
3  2026-01-23 16:58:16       0m 30s  ...               25.47         0.67
4  2026-01-23 16:58:47       0m 31s  ...               37.39         0.99

[5 rows x 24 columns]
             timestamp time_elapsed  ... severity_rate_patch Gradient_sr2
0  2026-01-23 16:56:56       0m 26s  ...                1.74         0.04
1  2026-01-23 16:57:23       0m 26s  ...                4.36         0.11
2  2026-01-23 16:57:49       0m 27s  ...                0.85         0.02
3  2026-01-23 16:58:16       0m 30s  ...               25.47         0.67
4  2026-01-23 16:58:47       0m 31s  ...               37.39         0.99
5  2026-01-23 16:59:18       0m 26s  ...                0.45         0.01

[6 rows x 24 columns]
             timestamp time_elapsed  ... severity_rate_patch Gradient_sr2
0  2026-01-23 16:56:56       0m 26s  ...                1.74         0.04
1  2026-01-23 16:57:23       0m 26s  ...                4.36         0.11
2  2026-01-23 16:57:49       0m 27s  ...                0.85         0.02
3  2026-01-23 16:58:16       0m 30s  ...               25.47         0.67
4  2026-01-23 16:58:47       0m 31s  ...               37.39         0.99
5  2026-01-23 16:59:18       0m 26s  ...                0.45         0.01
6  2026-01-23 16:59:44       0m 30s  ...               38.62         0.91

[7 rows x 24 columns]
             timestamp time_elapsed  ... severity_rate_patch Gradient_sr2
0  2026-01-23 16:56:56       0m 26s  ...                1.74         0.04
1  2026-01-23 16:57:23       0m 26s  ...                4.36         0.11
2  2026-01-23 16:57:49       0m 27s  ...                0.85         0.02
3  2026-01-23 16:58:16       0m 30s  ...               25.47         0.67
4  2026-01-23 16:58:47       0m 31s  ...               37.39         0.99
5  2026-01-23 16:59:18       0m 26s  ...                0.45         0.01
6  2026-01-23 16:59:44       0m 30s  ...               38.62         0.91
7  2026-01-23 17:00:15       0m 30s  ...               19.86         0.56

[8 rows x 24 columns]
             timestamp time_elapsed  ... severity_rate_patch Gradient_sr2
0  2026-01-23 16:56:56       0m 26s  ...                1.74         0.04
1  2026-01-23 16:57:23       0m 26s  ...                4.36         0.11
2  2026-01-23 16:57:49       0m 27s  ...                0.85         0.02
3  2026-01-23 16:58:16       0m 30s  ...               25.47         0.67
4  2026-01-23 16:58:47       0m 31s  ...               37.39         0.99
5  2026-01-23 16:59:18       0m 26s  ...                0.45         0.01
6  2026-01-23 16:59:44       0m 30s  ...               38.62         0.91
7  2026-01-23 17:00:15       0m 30s  ...               19.86         0.56
8  2026-01-23 17:00:45       0m 30s  ...               39.61         1.05

[9 rows x 24 columns]
             timestamp time_elapsed  ... severity_rate_patch Gradient_sr2
0  2026-01-23 16:56:56       0m 26s  ...                1.74         0.04
1  2026-01-23 16:57:23       0m 26s  ...                4.36         0.11
2  2026-01-23 16:57:49       0m 27s  ...                0.85         0.02
3  2026-01-23 16:58:16       0m 30s  ...               25.47         0.67
4  2026-01-23 16:58:47       0m 31s  ...               37.39         0.99
5  2026-01-23 16:59:18       0m 26s  ...                0.45         0.01
6  2026-01-23 16:59:44       0m 30s  ...               38.62         0.91
7  2026-01-23 17:00:15       0m 30s  ...               19.86         0.56
8  2026-01-23 17:00:45       0m 30s  ...               39.61         1.05
9  2026-01-23 17:01:16       0m 26s  ...                1.79         0.05

[10 rows x 24 columns]
              timestamp time_elapsed  ... severity_rate_patch Gradient_sr2
0   2026-01-23 16:56:56       0m 26s  ...                1.74         0.04
1   2026-01-23 16:57:23       0m 26s  ...                4.36         0.11
2   2026-01-23 16:57:49       0m 27s  ...                0.85         0.02
3   2026-01-23 16:58:16       0m 30s  ...               25.47         0.67
4   2026-01-23 16:58:47       0m 31s  ...               37.39         0.99
5   2026-01-23 16:59:18       0m 26s  ...                0.45         0.01
6   2026-01-23 16:59:44       0m 30s  ...               38.62         0.91
7   2026-01-23 17:00:15       0m 30s  ...               19.86         0.56
8   2026-01-23 17:00:45       0m 30s  ...               39.61         1.05
9   2026-01-23 17:01:16       0m 26s  ...                1.79         0.05
10  2026-01-23 17:01:43       0m 26s  ...                2.79         0.07

[11 rows x 24 columns]
              timestamp time_elapsed  ... severity_rate_patch Gradient_sr2
0   2026-01-23 16:56:56       0m 26s  ...                1.74         0.04
1   2026-01-23 16:57:23       0m 26s  ...                4.36         0.11
2   2026-01-23 16:57:49       0m 27s  ...                0.85         0.02
3   2026-01-23 16:58:16       0m 30s  ...               25.47         0.67
4   2026-01-23 16:58:47       0m 31s  ...               37.39         0.99
5   2026-01-23 16:59:18       0m 26s  ...                0.45         0.01
6   2026-01-23 16:59:44       0m 30s  ...               38.62         0.91
7   2026-01-23 17:00:15       0m 30s  ...               19.86         0.56
8   2026-01-23 17:00:45       0m 30s  ...               39.61         1.05
9   2026-01-23 17:01:16       0m 26s  ...                1.79         0.05
10  2026-01-23 17:01:43       0m 26s  ...                2.79         0.07
11  2026-01-23 17:02:09       0m 29s  ...               20.77         0.49

[12 rows x 24 columns]
              timestamp time_elapsed  ... severity_rate_patch Gradient_sr2
0   2026-01-23 16:56:56       0m 26s  ...                1.74         0.04
1   2026-01-23 16:57:23       0m 26s  ...                4.36         0.11
2   2026-01-23 16:57:49       0m 27s  ...                0.85         0.02
3   2026-01-23 16:58:16       0m 30s  ...               25.47         0.67
4   2026-01-23 16:58:47       0m 31s  ...               37.39         0.99
5   2026-01-23 16:59:18       0m 26s  ...                0.45         0.01
6   2026-01-23 16:59:44       0m 30s  ...               38.62         0.91
7   2026-01-23 17:00:15       0m 30s  ...               19.86         0.56
8   2026-01-23 17:00:45       0m 30s  ...               39.61         1.05
9   2026-01-23 17:01:16       0m 26s  ...                1.79         0.05
10  2026-01-23 17:01:43       0m 26s  ...                2.79         0.07
11  2026-01-23 17:02:09       0m 29s  ...               20.77         0.49
12  2026-01-23 17:02:39       0m 28s  ...               20.60         0.51

[13 rows x 24 columns]
[2026-01-23 17:06:46,924] - [root] - [INFO] - Analysis finished: 0m 35s
[2026-01-23 17:06:46,924] - [root] - [INFO] - -------------------------------------------
[2026-01-23 17:06:46,925] - [root] - [INFO] - -------------------------------------------
[2026-01-23 17:06:46,925] - [root] - [INFO] - Processing 1-22-2026 5dpi 044-W2021009-169_R2.png
[2026-01-23 17:07:03,681] - [root] - [INFO] - Finished loading mask: 0m 16s
[2026-01-23 17:07:11,587] - [root] - [INFO] - Finished crop and inference: 0m 24s
[2026-01-23 17:07:13,159] - [root] - [INFO] - Analysis finished: 0m 26s
[2026-01-23 17:07:13,159] - [root] - [INFO] - -------------------------------------------
[2026-01-23 17:07:13,159] - [root] - [INFO] - -------------------------------------------
[2026-01-23 17:07:13,159] - [root] - [INFO] - Processing 1-22-2026 5dpi 044-W2021009-618_R1.png
[2026-01-23 17:07:30,316] - [root] - [INFO] - Finished loading mask: 0m 17s
[2026-01-23 17:07:40,678] - [root] - [INFO] - Finished crop and inference: 0m 27s
[2026-01-23 17:07:42,203] - [root] - [INFO] - Analysis finished: 0m 29s
[2026-01-23 17:07:42,203] - [root] - [INFO] - -------------------------------------------
[2026-01-23 17:07:42,203] - [root] - [INFO] - -------------------------------------------
[2026-01-23 17:07:42,203] - [root] - [INFO] - Processing 1-22-2026 5dpi 047-W2021011-482_R1.png
[2026-01-23 17:07:59,885] - [root] - [INFO] - Finished loading mask: 0m 17s
[2026-01-23 17:08:12,256] - [root] - [INFO] - Finished crop and inference: 0m 30s
[2026-01-23 17:08:13,761] - [root] - [INFO] - Analysis finished: 0m 31s
[2026-01-23 17:08:13,761] - [root] - [INFO] - -------------------------------------------
[2026-01-23 17:08:13,761] - [root] - [INFO] - -------------------------------------------
[2026-01-23 17:08:13,761] - [root] - [INFO] - Processing 1-22-2026 5dpi 048-W2021006-147_R1.png
[2026-01-23 17:08:30,071] - [root] - [INFO] - Finished loading mask: 0m 16s
[2026-01-23 17:08:36,281] - [root] - [INFO] - Finished crop and inference: 0m 22s
              timestamp time_elapsed  ... severity_rate_patch Gradient_sr2
0   2026-01-23 16:56:56       0m 26s  ...                1.74         0.04
1   2026-01-23 16:57:23       0m 26s  ...                4.36         0.11
2   2026-01-23 16:57:49       0m 27s  ...                0.85         0.02
3   2026-01-23 16:58:16       0m 30s  ...               25.47         0.67
4   2026-01-23 16:58:47       0m 31s  ...               37.39         0.99
5   2026-01-23 16:59:18       0m 26s  ...                0.45         0.01
6   2026-01-23 16:59:44       0m 30s  ...               38.62         0.91
7   2026-01-23 17:00:15       0m 30s  ...               19.86         0.56
8   2026-01-23 17:00:45       0m 30s  ...               39.61         1.05
9   2026-01-23 17:01:16       0m 26s  ...                1.79         0.05
10  2026-01-23 17:01:43       0m 26s  ...                2.79         0.07
11  2026-01-23 17:02:09       0m 29s  ...               20.77         0.49
12  2026-01-23 17:02:39       0m 28s  ...               20.60         0.51
13  2026-01-23 17:03:07       0m 27s  ...               15.28         0.35

[14 rows x 24 columns]
              timestamp time_elapsed  ... severity_rate_patch Gradient_sr2
0   2026-01-23 16:56:56       0m 26s  ...                1.74         0.04
1   2026-01-23 16:57:23       0m 26s  ...                4.36         0.11
2   2026-01-23 16:57:49       0m 27s  ...                0.85         0.02
3   2026-01-23 16:58:16       0m 30s  ...               25.47         0.67
4   2026-01-23 16:58:47       0m 31s  ...               37.39         0.99
5   2026-01-23 16:59:18       0m 26s  ...                0.45         0.01
6   2026-01-23 16:59:44       0m 30s  ...               38.62         0.91
7   2026-01-23 17:00:15       0m 30s  ...               19.86         0.56
8   2026-01-23 17:00:45       0m 30s  ...               39.61         1.05
9   2026-01-23 17:01:16       0m 26s  ...                1.79         0.05
10  2026-01-23 17:01:43       0m 26s  ...                2.79         0.07
11  2026-01-23 17:02:09       0m 29s  ...               20.77         0.49
12  2026-01-23 17:02:39       0m 28s  ...               20.60         0.51
13  2026-01-23 17:03:07       0m 27s  ...               15.28         0.35
14  2026-01-23 17:03:34       0m 30s  ...               30.18         0.79

[15 rows x 24 columns]
              timestamp time_elapsed  ... severity_rate_patch Gradient_sr2
0   2026-01-23 16:56:56       0m 26s  ...                1.74         0.04
1   2026-01-23 16:57:23       0m 26s  ...                4.36         0.11
2   2026-01-23 16:57:49       0m 27s  ...                0.85         0.02
3   2026-01-23 16:58:16       0m 30s  ...               25.47         0.67
4   2026-01-23 16:58:47       0m 31s  ...               37.39         0.99
5   2026-01-23 16:59:18       0m 26s  ...                0.45         0.01
6   2026-01-23 16:59:44       0m 30s  ...               38.62         0.91
7   2026-01-23 17:00:15       0m 30s  ...               19.86         0.56
8   2026-01-23 17:00:45       0m 30s  ...               39.61         1.05
9   2026-01-23 17:01:16       0m 26s  ...                1.79         0.05
10  2026-01-23 17:01:43       0m 26s  ...                2.79         0.07
11  2026-01-23 17:02:09       0m 29s  ...               20.77         0.49
12  2026-01-23 17:02:39       0m 28s  ...               20.60         0.51
13  2026-01-23 17:03:07       0m 27s  ...               15.28         0.35
14  2026-01-23 17:03:34       0m 30s  ...               30.18         0.79
15  2026-01-23 17:04:05       0m 29s  ...               19.25         0.48

[16 rows x 24 columns]
              timestamp time_elapsed  ... severity_rate_patch Gradient_sr2
0   2026-01-23 16:56:56       0m 26s  ...                1.74         0.04
1   2026-01-23 16:57:23       0m 26s  ...                4.36         0.11
2   2026-01-23 16:57:49       0m 27s  ...                0.85         0.02
3   2026-01-23 16:58:16       0m 30s  ...               25.47         0.67
4   2026-01-23 16:58:47       0m 31s  ...               37.39         0.99
5   2026-01-23 16:59:18       0m 26s  ...                0.45         0.01
6   2026-01-23 16:59:44       0m 30s  ...               38.62         0.91
7   2026-01-23 17:00:15       0m 30s  ...               19.86         0.56
8   2026-01-23 17:00:45       0m 30s  ...               39.61         1.05
9   2026-01-23 17:01:16       0m 26s  ...                1.79         0.05
10  2026-01-23 17:01:43       0m 26s  ...                2.79         0.07
11  2026-01-23 17:02:09       0m 29s  ...               20.77         0.49
12  2026-01-23 17:02:39       0m 28s  ...               20.60         0.51
13  2026-01-23 17:03:07       0m 27s  ...               15.28         0.35
14  2026-01-23 17:03:34       0m 30s  ...               30.18         0.79
15  2026-01-23 17:04:05       0m 29s  ...               19.25         0.48
16  2026-01-23 17:04:35       0m 39s  ...               85.84         2.58

[17 rows x 24 columns]
              timestamp time_elapsed  ... severity_rate_patch Gradient_sr2
0   2026-01-23 16:56:56       0m 26s  ...                1.74         0.04
1   2026-01-23 16:57:23       0m 26s  ...                4.36         0.11
2   2026-01-23 16:57:49       0m 27s  ...                0.85         0.02
3   2026-01-23 16:58:16       0m 30s  ...               25.47         0.67
4   2026-01-23 16:58:47       0m 31s  ...               37.39         0.99
5   2026-01-23 16:59:18       0m 26s  ...                0.45         0.01
6   2026-01-23 16:59:44       0m 30s  ...               38.62         0.91
7   2026-01-23 17:00:15       0m 30s  ...               19.86         0.56
8   2026-01-23 17:00:45       0m 30s  ...               39.61         1.05
9   2026-01-23 17:01:16       0m 26s  ...                1.79         0.05
10  2026-01-23 17:01:43       0m 26s  ...                2.79         0.07
11  2026-01-23 17:02:09       0m 29s  ...               20.77         0.49
12  2026-01-23 17:02:39       0m 28s  ...               20.60         0.51
13  2026-01-23 17:03:07       0m 27s  ...               15.28         0.35
14  2026-01-23 17:03:34       0m 30s  ...               30.18         0.79
15  2026-01-23 17:04:05       0m 29s  ...               19.25         0.48
16  2026-01-23 17:04:35       0m 39s  ...               85.84         2.58
17  2026-01-23 17:05:15       0m 26s  ...                0.76         0.02

[18 rows x 24 columns]
              timestamp time_elapsed  ... severity_rate_patch Gradient_sr2
0   2026-01-23 16:56:56       0m 26s  ...                1.74         0.04
1   2026-01-23 16:57:23       0m 26s  ...                4.36         0.11
2   2026-01-23 16:57:49       0m 27s  ...                0.85         0.02
3   2026-01-23 16:58:16       0m 30s  ...               25.47         0.67
4   2026-01-23 16:58:47       0m 31s  ...               37.39         0.99
5   2026-01-23 16:59:18       0m 26s  ...                0.45         0.01
6   2026-01-23 16:59:44       0m 30s  ...               38.62         0.91
7   2026-01-23 17:00:15       0m 30s  ...               19.86         0.56
8   2026-01-23 17:00:45       0m 30s  ...               39.61         1.05
9   2026-01-23 17:01:16       0m 26s  ...                1.79         0.05
10  2026-01-23 17:01:43       0m 26s  ...                2.79         0.07
11  2026-01-23 17:02:09       0m 29s  ...               20.77         0.49
12  2026-01-23 17:02:39       0m 28s  ...               20.60         0.51
13  2026-01-23 17:03:07       0m 27s  ...               15.28         0.35
14  2026-01-23 17:03:34       0m 30s  ...               30.18         0.79
15  2026-01-23 17:04:05       0m 29s  ...               19.25         0.48
16  2026-01-23 17:04:35       0m 39s  ...               85.84         2.58
17  2026-01-23 17:05:15       0m 26s  ...                0.76         0.02
18  2026-01-23 17:05:41       0m 29s  ...               23.22         0.57

[19 rows x 24 columns]
[2026-01-23 17:08:37,820] - [root] - [INFO] - Analysis finished: 0m 24s
[2026-01-23 17:08:37,820] - [root] - [INFO] - -------------------------------------------
[2026-01-23 17:08:37,820] - [root] - [INFO] - -------------------------------------------
[2026-01-23 17:08:37,820] - [root] - [INFO] - Processing 1-22-2026 5dpi 052-W2021006-004_R2.png
[2026-01-23 17:08:54,371] - [root] - [INFO] - Finished loading mask: 0m 16s
[2026-01-23 17:09:01,725] - [root] - [INFO] - Finished crop and inference: 0m 23s
[2026-01-23 17:09:03,270] - [root] - [INFO] - Analysis finished: 0m 25s
[2026-01-23 17:09:03,270] - [root] - [INFO] - -------------------------------------------
[2026-01-23 17:09:03,270] - [root] - [INFO] - -------------------------------------------
[2026-01-23 17:09:03,270] - [root] - [INFO] - Processing 1-22-2026 5dpi 055-W2021010-341_R2.png
[2026-01-23 17:09:20,259] - [root] - [INFO] - Finished loading mask: 0m 16s
[2026-01-23 17:09:28,945] - [root] - [INFO] - Finished crop and inference: 0m 25s
[2026-01-23 17:09:30,459] - [root] - [INFO] - Analysis finished: 0m 27s
[2026-01-23 17:09:30,459] - [root] - [INFO] - -------------------------------------------
[2026-01-23 17:09:30,459] - [root] - [INFO] - -------------------------------------------
[2026-01-23 17:09:30,459] - [root] - [INFO] - Processing 1-22-2026 5dpi 055-W2021010-397_R2.png
[2026-01-23 17:09:47,709] - [root] - [INFO] - Finished loading mask: 0m 17s
[2026-01-23 17:09:57,154] - [root] - [INFO] - Finished crop and inference: 0m 26s
[2026-01-23 17:09:58,667] - [root] - [INFO] - Analysis finished: 0m 28s
[2026-01-23 17:09:58,668] - [root] - [INFO] - -------------------------------------------
[2026-01-23 17:09:58,668] - [root] - [INFO] - -------------------------------------------
[2026-01-23 17:09:58,668] - [root] - [INFO] - Processing 1-22-2026 5dpi 056-W2021006-609_R1.png
[2026-01-23 17:10:15,874] - [root] - [INFO] - Finished loading mask: 0m 17s
[2026-01-23 17:10:27,408] - [root] - [INFO] - Finished crop and inference: 0m 28s
              timestamp time_elapsed  ... severity_rate_patch Gradient_sr2
0   2026-01-23 16:56:56       0m 26s  ...                1.74         0.04
1   2026-01-23 16:57:23       0m 26s  ...                4.36         0.11
2   2026-01-23 16:57:49       0m 27s  ...                0.85         0.02
3   2026-01-23 16:58:16       0m 30s  ...               25.47         0.67
4   2026-01-23 16:58:47       0m 31s  ...               37.39         0.99
5   2026-01-23 16:59:18       0m 26s  ...                0.45         0.01
6   2026-01-23 16:59:44       0m 30s  ...               38.62         0.91
7   2026-01-23 17:00:15       0m 30s  ...               19.86         0.56
8   2026-01-23 17:00:45       0m 30s  ...               39.61         1.05
9   2026-01-23 17:01:16       0m 26s  ...                1.79         0.05
10  2026-01-23 17:01:43       0m 26s  ...                2.79         0.07
11  2026-01-23 17:02:09       0m 29s  ...               20.77         0.49
12  2026-01-23 17:02:39       0m 28s  ...               20.60         0.51
13  2026-01-23 17:03:07       0m 27s  ...               15.28         0.35
14  2026-01-23 17:03:34       0m 30s  ...               30.18         0.79
15  2026-01-23 17:04:05       0m 29s  ...               19.25         0.48
16  2026-01-23 17:04:35       0m 39s  ...               85.84         2.58
17  2026-01-23 17:05:15       0m 26s  ...                0.76         0.02
18  2026-01-23 17:05:41       0m 29s  ...               23.22         0.57
19  2026-01-23 17:06:11       0m 35s  ...               62.76         1.72

[20 rows x 24 columns]
              timestamp time_elapsed  ... severity_rate_patch Gradient_sr2
0   2026-01-23 16:56:56       0m 26s  ...                1.74         0.04
1   2026-01-23 16:57:23       0m 26s  ...                4.36         0.11
2   2026-01-23 16:57:49       0m 27s  ...                0.85         0.02
3   2026-01-23 16:58:16       0m 30s  ...               25.47         0.67
4   2026-01-23 16:58:47       0m 31s  ...               37.39         0.99
5   2026-01-23 16:59:18       0m 26s  ...                0.45         0.01
6   2026-01-23 16:59:44       0m 30s  ...               38.62         0.91
7   2026-01-23 17:00:15       0m 30s  ...               19.86         0.56
8   2026-01-23 17:00:45       0m 30s  ...               39.61         1.05
9   2026-01-23 17:01:16       0m 26s  ...                1.79         0.05
10  2026-01-23 17:01:43       0m 26s  ...                2.79         0.07
11  2026-01-23 17:02:09       0m 29s  ...               20.77         0.49
12  2026-01-23 17:02:39       0m 28s  ...               20.60         0.51
13  2026-01-23 17:03:07       0m 27s  ...               15.28         0.35
14  2026-01-23 17:03:34       0m 30s  ...               30.18         0.79
15  2026-01-23 17:04:05       0m 29s  ...               19.25         0.48
16  2026-01-23 17:04:35       0m 39s  ...               85.84         2.58
17  2026-01-23 17:05:15       0m 26s  ...                0.76         0.02
18  2026-01-23 17:05:41       0m 29s  ...               23.22         0.57
19  2026-01-23 17:06:11       0m 35s  ...               62.76         1.72
20  2026-01-23 17:06:46       0m 26s  ...                1.10         0.03

[21 rows x 24 columns]
              timestamp time_elapsed  ... severity_rate_patch Gradient_sr2
0   2026-01-23 16:56:56       0m 26s  ...                1.74         0.04
1   2026-01-23 16:57:23       0m 26s  ...                4.36         0.11
2   2026-01-23 16:57:49       0m 27s  ...                0.85         0.02
3   2026-01-23 16:58:16       0m 30s  ...               25.47         0.67
4   2026-01-23 16:58:47       0m 31s  ...               37.39         0.99
5   2026-01-23 16:59:18       0m 26s  ...                0.45         0.01
6   2026-01-23 16:59:44       0m 30s  ...               38.62         0.91
7   2026-01-23 17:00:15       0m 30s  ...               19.86         0.56
8   2026-01-23 17:00:45       0m 30s  ...               39.61         1.05
9   2026-01-23 17:01:16       0m 26s  ...                1.79         0.05
10  2026-01-23 17:01:43       0m 26s  ...                2.79         0.07
11  2026-01-23 17:02:09       0m 29s  ...               20.77         0.49
12  2026-01-23 17:02:39       0m 28s  ...               20.60         0.51
13  2026-01-23 17:03:07       0m 27s  ...               15.28         0.35
14  2026-01-23 17:03:34       0m 30s  ...               30.18         0.79
15  2026-01-23 17:04:05       0m 29s  ...               19.25         0.48
16  2026-01-23 17:04:35       0m 39s  ...               85.84         2.58
17  2026-01-23 17:05:15       0m 26s  ...                0.76         0.02
18  2026-01-23 17:05:41       0m 29s  ...               23.22         0.57
19  2026-01-23 17:06:11       0m 35s  ...               62.76         1.72
20  2026-01-23 17:06:46       0m 26s  ...                1.10         0.03
21  2026-01-23 17:07:13       0m 29s  ...               19.31         0.52

[22 rows x 24 columns]
              timestamp time_elapsed  ... severity_rate_patch Gradient_sr2
0   2026-01-23 16:56:56       0m 26s  ...                1.74         0.04
1   2026-01-23 16:57:23       0m 26s  ...                4.36         0.11
2   2026-01-23 16:57:49       0m 27s  ...                0.85         0.02
3   2026-01-23 16:58:16       0m 30s  ...               25.47         0.67
4   2026-01-23 16:58:47       0m 31s  ...               37.39         0.99
5   2026-01-23 16:59:18       0m 26s  ...                0.45         0.01
6   2026-01-23 16:59:44       0m 30s  ...               38.62         0.91
7   2026-01-23 17:00:15       0m 30s  ...               19.86         0.56
8   2026-01-23 17:00:45       0m 30s  ...               39.61         1.05
9   2026-01-23 17:01:16       0m 26s  ...                1.79         0.05
10  2026-01-23 17:01:43       0m 26s  ...                2.79         0.07
11  2026-01-23 17:02:09       0m 29s  ...               20.77         0.49
12  2026-01-23 17:02:39       0m 28s  ...               20.60         0.51
13  2026-01-23 17:03:07       0m 27s  ...               15.28         0.35
14  2026-01-23 17:03:34       0m 30s  ...               30.18         0.79
15  2026-01-23 17:04:05       0m 29s  ...               19.25         0.48
16  2026-01-23 17:04:35       0m 39s  ...               85.84         2.58
17  2026-01-23 17:05:15       0m 26s  ...                0.76         0.02
18  2026-01-23 17:05:41       0m 29s  ...               23.22         0.57
19  2026-01-23 17:06:11       0m 35s  ...               62.76         1.72
20  2026-01-23 17:06:46       0m 26s  ...                1.10         0.03
21  2026-01-23 17:07:13       0m 29s  ...               19.31         0.52
22  2026-01-23 17:07:42       0m 31s  ...               42.05         1.16

[23 rows x 24 columns]
[2026-01-23 17:10:28,893] - [root] - [INFO] - Analysis finished: 0m 30s
[2026-01-23 17:10:28,894] - [root] - [INFO] - -------------------------------------------
[2026-01-23 17:10:28,894] - [root] - [INFO] - -------------------------------------------
[2026-01-23 17:10:28,894] - [root] - [INFO] - Processing 1-22-2026 5dpi 059-W2021010-434_R1.png
[2026-01-23 17:10:45,557] - [root] - [INFO] - Finished loading mask: 0m 16s
[2026-01-23 17:10:54,205] - [root] - [INFO] - Finished crop and inference: 0m 25s
[2026-01-23 17:10:55,741] - [root] - [INFO] - Analysis finished: 0m 26s
[2026-01-23 17:10:55,741] - [root] - [INFO] - -------------------------------------------
[2026-01-23 17:10:55,742] - [root] - [INFO] - -------------------------------------------
[2026-01-23 17:10:55,742] - [root] - [INFO] - Processing 1-22-2026 5dpi 060-W2021010-324_R2.png
[2026-01-23 17:11:12,569] - [root] - [INFO] - Finished loading mask: 0m 16s
[2026-01-23 17:11:20,753] - [root] - [INFO] - Finished crop and inference: 0m 25s
[2026-01-23 17:11:22,298] - [root] - [INFO] - Analysis finished: 0m 26s
[2026-01-23 17:11:22,298] - [root] - [INFO] - -------------------------------------------
[2026-01-23 17:11:22,298] - [root] - [INFO] - -------------------------------------------
[2026-01-23 17:11:22,298] - [root] - [INFO] - Processing 1-22-2026 5dpi 061-W2021011-483_R1.png
[2026-01-23 17:11:39,101] - [root] - [INFO] - Finished loading mask: 0m 16s
[2026-01-23 17:11:48,437] - [root] - [INFO] - Finished crop and inference: 0m 26s
              timestamp time_elapsed  ... severity_rate_patch Gradient_sr2
0   2026-01-23 16:56:56       0m 26s  ...                1.74         0.04
1   2026-01-23 16:57:23       0m 26s  ...                4.36         0.11
2   2026-01-23 16:57:49       0m 27s  ...                0.85         0.02
3   2026-01-23 16:58:16       0m 30s  ...               25.47         0.67
4   2026-01-23 16:58:47       0m 31s  ...               37.39         0.99
5   2026-01-23 16:59:18       0m 26s  ...                0.45         0.01
6   2026-01-23 16:59:44       0m 30s  ...               38.62         0.91
7   2026-01-23 17:00:15       0m 30s  ...               19.86         0.56
8   2026-01-23 17:00:45       0m 30s  ...               39.61         1.05
9   2026-01-23 17:01:16       0m 26s  ...                1.79         0.05
10  2026-01-23 17:01:43       0m 26s  ...                2.79         0.07
11  2026-01-23 17:02:09       0m 29s  ...               20.77         0.49
12  2026-01-23 17:02:39       0m 28s  ...               20.60         0.51
13  2026-01-23 17:03:07       0m 27s  ...               15.28         0.35
14  2026-01-23 17:03:34       0m 30s  ...               30.18         0.79
15  2026-01-23 17:04:05       0m 29s  ...               19.25         0.48
16  2026-01-23 17:04:35       0m 39s  ...               85.84         2.58
17  2026-01-23 17:05:15       0m 26s  ...                0.76         0.02
18  2026-01-23 17:05:41       0m 29s  ...               23.22         0.57
19  2026-01-23 17:06:11       0m 35s  ...               62.76         1.72
20  2026-01-23 17:06:46       0m 26s  ...                1.10         0.03
21  2026-01-23 17:07:13       0m 29s  ...               19.31         0.52
22  2026-01-23 17:07:42       0m 31s  ...               42.05         1.16
23  2026-01-23 17:08:13       0m 24s  ...                6.56         0.18

[24 rows x 24 columns]
              timestamp time_elapsed  ... severity_rate_patch Gradient_sr2
0   2026-01-23 16:56:56       0m 26s  ...                1.74         0.04
1   2026-01-23 16:57:23       0m 26s  ...                4.36         0.11
2   2026-01-23 16:57:49       0m 27s  ...                0.85         0.02
3   2026-01-23 16:58:16       0m 30s  ...               25.47         0.67
4   2026-01-23 16:58:47       0m 31s  ...               37.39         0.99
5   2026-01-23 16:59:18       0m 26s  ...                0.45         0.01
6   2026-01-23 16:59:44       0m 30s  ...               38.62         0.91
7   2026-01-23 17:00:15       0m 30s  ...               19.86         0.56
8   2026-01-23 17:00:45       0m 30s  ...               39.61         1.05
9   2026-01-23 17:01:16       0m 26s  ...                1.79         0.05
10  2026-01-23 17:01:43       0m 26s  ...                2.79         0.07
11  2026-01-23 17:02:09       0m 29s  ...               20.77         0.49
12  2026-01-23 17:02:39       0m 28s  ...               20.60         0.51
13  2026-01-23 17:03:07       0m 27s  ...               15.28         0.35
14  2026-01-23 17:03:34       0m 30s  ...               30.18         0.79
15  2026-01-23 17:04:05       0m 29s  ...               19.25         0.48
16  2026-01-23 17:04:35       0m 39s  ...               85.84         2.58
17  2026-01-23 17:05:15       0m 26s  ...                0.76         0.02
18  2026-01-23 17:05:41       0m 29s  ...               23.22         0.57
19  2026-01-23 17:06:11       0m 35s  ...               62.76         1.72
20  2026-01-23 17:06:46       0m 26s  ...                1.10         0.03
21  2026-01-23 17:07:13       0m 29s  ...               19.31         0.52
22  2026-01-23 17:07:42       0m 31s  ...               42.05         1.16
23  2026-01-23 17:08:13       0m 24s  ...                6.56         0.18
24  2026-01-23 17:08:37       0m 25s  ...                1.51         0.04

[25 rows x 24 columns]
              timestamp time_elapsed  ... severity_rate_patch Gradient_sr2
0   2026-01-23 16:56:56       0m 26s  ...                1.74         0.04
1   2026-01-23 16:57:23       0m 26s  ...                4.36         0.11
2   2026-01-23 16:57:49       0m 27s  ...                0.85         0.02
3   2026-01-23 16:58:16       0m 30s  ...               25.47         0.67
4   2026-01-23 16:58:47       0m 31s  ...               37.39         0.99
5   2026-01-23 16:59:18       0m 26s  ...                0.45         0.01
6   2026-01-23 16:59:44       0m 30s  ...               38.62         0.91
7   2026-01-23 17:00:15       0m 30s  ...               19.86         0.56
8   2026-01-23 17:00:45       0m 30s  ...               39.61         1.05
9   2026-01-23 17:01:16       0m 26s  ...                1.79         0.05
10  2026-01-23 17:01:43       0m 26s  ...                2.79         0.07
11  2026-01-23 17:02:09       0m 29s  ...               20.77         0.49
12  2026-01-23 17:02:39       0m 28s  ...               20.60         0.51
13  2026-01-23 17:03:07       0m 27s  ...               15.28         0.35
14  2026-01-23 17:03:34       0m 30s  ...               30.18         0.79
15  2026-01-23 17:04:05       0m 29s  ...               19.25         0.48
16  2026-01-23 17:04:35       0m 39s  ...               85.84         2.58
17  2026-01-23 17:05:15       0m 26s  ...                0.76         0.02
18  2026-01-23 17:05:41       0m 29s  ...               23.22         0.57
19  2026-01-23 17:06:11       0m 35s  ...               62.76         1.72
20  2026-01-23 17:06:46       0m 26s  ...                1.10         0.03
21  2026-01-23 17:07:13       0m 29s  ...               19.31         0.52
22  2026-01-23 17:07:42       0m 31s  ...               42.05         1.16
23  2026-01-23 17:08:13       0m 24s  ...                6.56         0.18
24  2026-01-23 17:08:37       0m 25s  ...                1.51         0.04
25  2026-01-23 17:09:03       0m 27s  ...                8.51         0.22

[26 rows x 24 columns]
              timestamp time_elapsed  ... severity_rate_patch Gradient_sr2
0   2026-01-23 16:56:56       0m 26s  ...                1.74         0.04
1   2026-01-23 16:57:23       0m 26s  ...                4.36         0.11
2   2026-01-23 16:57:49       0m 27s  ...                0.85         0.02
3   2026-01-23 16:58:16       0m 30s  ...               25.47         0.67
4   2026-01-23 16:58:47       0m 31s  ...               37.39         0.99
5   2026-01-23 16:59:18       0m 26s  ...                0.45         0.01
6   2026-01-23 16:59:44       0m 30s  ...               38.62         0.91
7   2026-01-23 17:00:15       0m 30s  ...               19.86         0.56
8   2026-01-23 17:00:45       0m 30s  ...               39.61         1.05
9   2026-01-23 17:01:16       0m 26s  ...                1.79         0.05
10  2026-01-23 17:01:43       0m 26s  ...                2.79         0.07
11  2026-01-23 17:02:09       0m 29s  ...               20.77         0.49
12  2026-01-23 17:02:39       0m 28s  ...               20.60         0.51
13  2026-01-23 17:03:07       0m 27s  ...               15.28         0.35
14  2026-01-23 17:03:34       0m 30s  ...               30.18         0.79
15  2026-01-23 17:04:05       0m 29s  ...               19.25         0.48
16  2026-01-23 17:04:35       0m 39s  ...               85.84         2.58
17  2026-01-23 17:05:15       0m 26s  ...                0.76         0.02
18  2026-01-23 17:05:41       0m 29s  ...               23.22         0.57
19  2026-01-23 17:06:11       0m 35s  ...               62.76         1.72
20  2026-01-23 17:06:46       0m 26s  ...                1.10         0.03
21  2026-01-23 17:07:13       0m 29s  ...               19.31         0.52
22  2026-01-23 17:07:42       0m 31s  ...               42.05         1.16
23  2026-01-23 17:08:13       0m 24s  ...                6.56         0.18
24  2026-01-23 17:08:37       0m 25s  ...                1.51         0.04
25  2026-01-23 17:09:03       0m 27s  ...                8.51         0.22
26  2026-01-23 17:09:30       0m 28s  ...               12.12         0.31

[27 rows x 24 columns]
[2026-01-23 17:11:49,959] - [root] - [INFO] - Analysis finished: 0m 27s
[2026-01-23 17:11:49,959] - [root] - [INFO] - -------------------------------------------
[2026-01-23 17:11:49,959] - [root] - [INFO] - -------------------------------------------
[2026-01-23 17:11:49,959] - [root] - [INFO] - Processing 1-22-2026 5dpi 070-W2021011-486_R2.png
[2026-01-23 17:12:06,883] - [root] - [INFO] - Finished loading mask: 0m 16s
[2026-01-23 17:12:16,920] - [root] - [INFO] - Finished crop and inference: 0m 26s
[2026-01-23 17:12:18,451] - [root] - [INFO] - Analysis finished: 0m 28s
[2026-01-23 17:12:18,451] - [root] - [INFO] - -------------------------------------------
[2026-01-23 17:12:18,451] - [root] - [INFO] - -------------------------------------------
[2026-01-23 17:12:18,451] - [root] - [INFO] - Processing 1-22-2026 5dpi 071-W2021010-323_R1.png
[2026-01-23 17:12:36,146] - [root] - [INFO] - Finished loading mask: 0m 17s
[2026-01-23 17:12:51,368] - [root] - [INFO] - Finished crop and inference: 0m 32s
[2026-01-23 17:12:52,835] - [root] - [INFO] - Analysis finished: 0m 34s
[2026-01-23 17:12:52,835] - [root] - [INFO] - -------------------------------------------
[2026-01-23 17:12:52,835] - [root] - [INFO] - -------------------------------------------
[2026-01-23 17:12:52,835] - [root] - [INFO] - Processing 1-22-2026 5dpi 077-W2021010-351_R2.png
[2026-01-23 17:13:09,814] - [root] - [INFO] - Finished loading mask: 0m 16s
[2026-01-23 17:13:18,543] - [root] - [INFO] - Finished crop and inference: 0m 25s
              timestamp time_elapsed  ... severity_rate_patch Gradient_sr2
0   2026-01-23 16:56:56       0m 26s  ...                1.74         0.04
1   2026-01-23 16:57:23       0m 26s  ...                4.36         0.11
2   2026-01-23 16:57:49       0m 27s  ...                0.85         0.02
3   2026-01-23 16:58:16       0m 30s  ...               25.47         0.67
4   2026-01-23 16:58:47       0m 31s  ...               37.39         0.99
5   2026-01-23 16:59:18       0m 26s  ...                0.45         0.01
6   2026-01-23 16:59:44       0m 30s  ...               38.62         0.91
7   2026-01-23 17:00:15       0m 30s  ...               19.86         0.56
8   2026-01-23 17:00:45       0m 30s  ...               39.61         1.05
9   2026-01-23 17:01:16       0m 26s  ...                1.79         0.05
10  2026-01-23 17:01:43       0m 26s  ...                2.79         0.07
11  2026-01-23 17:02:09       0m 29s  ...               20.77         0.49
12  2026-01-23 17:02:39       0m 28s  ...               20.60         0.51
13  2026-01-23 17:03:07       0m 27s  ...               15.28         0.35
14  2026-01-23 17:03:34       0m 30s  ...               30.18         0.79
15  2026-01-23 17:04:05       0m 29s  ...               19.25         0.48
16  2026-01-23 17:04:35       0m 39s  ...               85.84         2.58
17  2026-01-23 17:05:15       0m 26s  ...                0.76         0.02
18  2026-01-23 17:05:41       0m 29s  ...               23.22         0.57
19  2026-01-23 17:06:11       0m 35s  ...               62.76         1.72
20  2026-01-23 17:06:46       0m 26s  ...                1.10         0.03
21  2026-01-23 17:07:13       0m 29s  ...               19.31         0.52
22  2026-01-23 17:07:42       0m 31s  ...               42.05         1.16
23  2026-01-23 17:08:13       0m 24s  ...                6.56         0.18
24  2026-01-23 17:08:37       0m 25s  ...                1.51         0.04
25  2026-01-23 17:09:03       0m 27s  ...                8.51         0.22
26  2026-01-23 17:09:30       0m 28s  ...               12.12         0.31
27  2026-01-23 17:09:58       0m 30s  ...               32.69         0.79

[28 rows x 24 columns]
              timestamp time_elapsed  ... severity_rate_patch Gradient_sr2
0   2026-01-23 16:56:56       0m 26s  ...                1.74         0.04
1   2026-01-23 16:57:23       0m 26s  ...                4.36         0.11
2   2026-01-23 16:57:49       0m 27s  ...                0.85         0.02
3   2026-01-23 16:58:16       0m 30s  ...               25.47         0.67
4   2026-01-23 16:58:47       0m 31s  ...               37.39         0.99
5   2026-01-23 16:59:18       0m 26s  ...                0.45         0.01
6   2026-01-23 16:59:44       0m 30s  ...               38.62         0.91
7   2026-01-23 17:00:15       0m 30s  ...               19.86         0.56
8   2026-01-23 17:00:45       0m 30s  ...               39.61         1.05
9   2026-01-23 17:01:16       0m 26s  ...                1.79         0.05
10  2026-01-23 17:01:43       0m 26s  ...                2.79         0.07
11  2026-01-23 17:02:09       0m 29s  ...               20.77         0.49
12  2026-01-23 17:02:39       0m 28s  ...               20.60         0.51
13  2026-01-23 17:03:07       0m 27s  ...               15.28         0.35
14  2026-01-23 17:03:34       0m 30s  ...               30.18         0.79
15  2026-01-23 17:04:05       0m 29s  ...               19.25         0.48
16  2026-01-23 17:04:35       0m 39s  ...               85.84         2.58
17  2026-01-23 17:05:15       0m 26s  ...                0.76         0.02
18  2026-01-23 17:05:41       0m 29s  ...               23.22         0.57
19  2026-01-23 17:06:11       0m 35s  ...               62.76         1.72
20  2026-01-23 17:06:46       0m 26s  ...                1.10         0.03
21  2026-01-23 17:07:13       0m 29s  ...               19.31         0.52
22  2026-01-23 17:07:42       0m 31s  ...               42.05         1.16
23  2026-01-23 17:08:13       0m 24s  ...                6.56         0.18
24  2026-01-23 17:08:37       0m 25s  ...                1.51         0.04
25  2026-01-23 17:09:03       0m 27s  ...                8.51         0.22
26  2026-01-23 17:09:30       0m 28s  ...               12.12         0.31
27  2026-01-23 17:09:58       0m 30s  ...               32.69         0.79
28  2026-01-23 17:10:28       0m 26s  ...                2.15         0.06

[29 rows x 24 columns]
              timestamp time_elapsed  ... severity_rate_patch Gradient_sr2
0   2026-01-23 16:56:56       0m 26s  ...                1.74         0.04
1   2026-01-23 16:57:23       0m 26s  ...                4.36         0.11
2   2026-01-23 16:57:49       0m 27s  ...                0.85         0.02
3   2026-01-23 16:58:16       0m 30s  ...               25.47         0.67
4   2026-01-23 16:58:47       0m 31s  ...               37.39         0.99
5   2026-01-23 16:59:18       0m 26s  ...                0.45         0.01
6   2026-01-23 16:59:44       0m 30s  ...               38.62         0.91
7   2026-01-23 17:00:15       0m 30s  ...               19.86         0.56
8   2026-01-23 17:00:45       0m 30s  ...               39.61         1.05
9   2026-01-23 17:01:16       0m 26s  ...                1.79         0.05
10  2026-01-23 17:01:43       0m 26s  ...                2.79         0.07
11  2026-01-23 17:02:09       0m 29s  ...               20.77         0.49
12  2026-01-23 17:02:39       0m 28s  ...               20.60         0.51
13  2026-01-23 17:03:07       0m 27s  ...               15.28         0.35
14  2026-01-23 17:03:34       0m 30s  ...               30.18         0.79
15  2026-01-23 17:04:05       0m 29s  ...               19.25         0.48
16  2026-01-23 17:04:35       0m 39s  ...               85.84         2.58
17  2026-01-23 17:05:15       0m 26s  ...                0.76         0.02
18  2026-01-23 17:05:41       0m 29s  ...               23.22         0.57
19  2026-01-23 17:06:11       0m 35s  ...               62.76         1.72
20  2026-01-23 17:06:46       0m 26s  ...                1.10         0.03
21  2026-01-23 17:07:13       0m 29s  ...               19.31         0.52
22  2026-01-23 17:07:42       0m 31s  ...               42.05         1.16
23  2026-01-23 17:08:13       0m 24s  ...                6.56         0.18
24  2026-01-23 17:08:37       0m 25s  ...                1.51         0.04
25  2026-01-23 17:09:03       0m 27s  ...                8.51         0.22
26  2026-01-23 17:09:30       0m 28s  ...               12.12         0.31
27  2026-01-23 17:09:58       0m 30s  ...               32.69         0.79
28  2026-01-23 17:10:28       0m 26s  ...                2.15         0.06
29  2026-01-23 17:10:55       0m 26s  ...                2.94         0.07

[30 rows x 24 columns]
[2026-01-23 17:13:20,061] - [root] - [INFO] - Analysis finished: 0m 27s
[2026-01-23 17:13:20,061] - [root] - [INFO] - -------------------------------------------
[2026-01-23 17:13:20,062] - [root] - [INFO] - -------------------------------------------
[2026-01-23 17:13:20,062] - [root] - [INFO] - Processing 1-22-2026 5dpi 084-W2021010-319_R1.png
[2026-01-23 17:13:36,641] - [root] - [INFO] - Finished loading mask: 0m 16s
[2026-01-23 17:13:44,779] - [root] - [INFO] - Finished crop and inference: 0m 24s
[2026-01-23 17:13:46,276] - [root] - [INFO] - Analysis finished: 0m 26s
[2026-01-23 17:13:46,277] - [root] - [INFO] - -------------------------------------------
[2026-01-23 17:13:46,277] - [root] - [INFO] - -------------------------------------------
[2026-01-23 17:13:46,277] - [root] - [INFO] - Processing 1-22-2026 5dpi 085-W2021010-630_R1.png
[2026-01-23 17:14:03,225] - [root] - [INFO] - Finished loading mask: 0m 16s
[2026-01-23 17:14:11,360] - [root] - [INFO] - Finished crop and inference: 0m 25s
              timestamp time_elapsed  ... severity_rate_patch Gradient_sr2
0   2026-01-23 16:56:56       0m 26s  ...                1.74         0.04
1   2026-01-23 16:57:23       0m 26s  ...                4.36         0.11
2   2026-01-23 16:57:49       0m 27s  ...                0.85         0.02
3   2026-01-23 16:58:16       0m 30s  ...               25.47         0.67
4   2026-01-23 16:58:47       0m 31s  ...               37.39         0.99
5   2026-01-23 16:59:18       0m 26s  ...                0.45         0.01
6   2026-01-23 16:59:44       0m 30s  ...               38.62         0.91
7   2026-01-23 17:00:15       0m 30s  ...               19.86         0.56
8   2026-01-23 17:00:45       0m 30s  ...               39.61         1.05
9   2026-01-23 17:01:16       0m 26s  ...                1.79         0.05
10  2026-01-23 17:01:43       0m 26s  ...                2.79         0.07
11  2026-01-23 17:02:09       0m 29s  ...               20.77         0.49
12  2026-01-23 17:02:39       0m 28s  ...               20.60         0.51
13  2026-01-23 17:03:07       0m 27s  ...               15.28         0.35
14  2026-01-23 17:03:34       0m 30s  ...               30.18         0.79
15  2026-01-23 17:04:05       0m 29s  ...               19.25         0.48
16  2026-01-23 17:04:35       0m 39s  ...               85.84         2.58
17  2026-01-23 17:05:15       0m 26s  ...                0.76         0.02
18  2026-01-23 17:05:41       0m 29s  ...               23.22         0.57
19  2026-01-23 17:06:11       0m 35s  ...               62.76         1.72
20  2026-01-23 17:06:46       0m 26s  ...                1.10         0.03
21  2026-01-23 17:07:13       0m 29s  ...               19.31         0.52
22  2026-01-23 17:07:42       0m 31s  ...               42.05         1.16
23  2026-01-23 17:08:13       0m 24s  ...                6.56         0.18
24  2026-01-23 17:08:37       0m 25s  ...                1.51         0.04
25  2026-01-23 17:09:03       0m 27s  ...                8.51         0.22
26  2026-01-23 17:09:30       0m 28s  ...               12.12         0.31
27  2026-01-23 17:09:58       0m 30s  ...               32.69         0.79
28  2026-01-23 17:10:28       0m 26s  ...                2.15         0.06
29  2026-01-23 17:10:55       0m 26s  ...                2.94         0.07
30  2026-01-23 17:11:22       0m 27s  ...               12.91         0.30

[31 rows x 24 columns]
              timestamp time_elapsed  ... severity_rate_patch Gradient_sr2
0   2026-01-23 16:56:56       0m 26s  ...                1.74         0.04
1   2026-01-23 16:57:23       0m 26s  ...                4.36         0.11
2   2026-01-23 16:57:49       0m 27s  ...                0.85         0.02
3   2026-01-23 16:58:16       0m 30s  ...               25.47         0.67
4   2026-01-23 16:58:47       0m 31s  ...               37.39         0.99
5   2026-01-23 16:59:18       0m 26s  ...                0.45         0.01
6   2026-01-23 16:59:44       0m 30s  ...               38.62         0.91
7   2026-01-23 17:00:15       0m 30s  ...               19.86         0.56
8   2026-01-23 17:00:45       0m 30s  ...               39.61         1.05
9   2026-01-23 17:01:16       0m 26s  ...                1.79         0.05
10  2026-01-23 17:01:43       0m 26s  ...                2.79         0.07
11  2026-01-23 17:02:09       0m 29s  ...               20.77         0.49
12  2026-01-23 17:02:39       0m 28s  ...               20.60         0.51
13  2026-01-23 17:03:07       0m 27s  ...               15.28         0.35
14  2026-01-23 17:03:34       0m 30s  ...               30.18         0.79
15  2026-01-23 17:04:05       0m 29s  ...               19.25         0.48
16  2026-01-23 17:04:35       0m 39s  ...               85.84         2.58
17  2026-01-23 17:05:15       0m 26s  ...                0.76         0.02
18  2026-01-23 17:05:41       0m 29s  ...               23.22         0.57
19  2026-01-23 17:06:11       0m 35s  ...               62.76         1.72
20  2026-01-23 17:06:46       0m 26s  ...                1.10         0.03
21  2026-01-23 17:07:13       0m 29s  ...               19.31         0.52
22  2026-01-23 17:07:42       0m 31s  ...               42.05         1.16
23  2026-01-23 17:08:13       0m 24s  ...                6.56         0.18
24  2026-01-23 17:08:37       0m 25s  ...                1.51         0.04
25  2026-01-23 17:09:03       0m 27s  ...                8.51         0.22
26  2026-01-23 17:09:30       0m 28s  ...               12.12         0.31
27  2026-01-23 17:09:58       0m 30s  ...               32.69         0.79
28  2026-01-23 17:10:28       0m 26s  ...                2.15         0.06
29  2026-01-23 17:10:55       0m 26s  ...                2.94         0.07
30  2026-01-23 17:11:22       0m 27s  ...               12.91         0.30
31  2026-01-23 17:11:49       0m 28s  ...               42.77         1.19

[32 rows x 24 columns]
              timestamp time_elapsed  ... severity_rate_patch Gradient_sr2
0   2026-01-23 16:56:56       0m 26s  ...                1.74         0.04
1   2026-01-23 16:57:23       0m 26s  ...                4.36         0.11
2   2026-01-23 16:57:49       0m 27s  ...                0.85         0.02
3   2026-01-23 16:58:16       0m 30s  ...               25.47         0.67
4   2026-01-23 16:58:47       0m 31s  ...               37.39         0.99
5   2026-01-23 16:59:18       0m 26s  ...                0.45         0.01
6   2026-01-23 16:59:44       0m 30s  ...               38.62         0.91
7   2026-01-23 17:00:15       0m 30s  ...               19.86         0.56
8   2026-01-23 17:00:45       0m 30s  ...               39.61         1.05
9   2026-01-23 17:01:16       0m 26s  ...                1.79         0.05
10  2026-01-23 17:01:43       0m 26s  ...                2.79         0.07
11  2026-01-23 17:02:09       0m 29s  ...               20.77         0.49
12  2026-01-23 17:02:39       0m 28s  ...               20.60         0.51
13  2026-01-23 17:03:07       0m 27s  ...               15.28         0.35
14  2026-01-23 17:03:34       0m 30s  ...               30.18         0.79
15  2026-01-23 17:04:05       0m 29s  ...               19.25         0.48
16  2026-01-23 17:04:35       0m 39s  ...               85.84         2.58
17  2026-01-23 17:05:15       0m 26s  ...                0.76         0.02
18  2026-01-23 17:05:41       0m 29s  ...               23.22         0.57
19  2026-01-23 17:06:11       0m 35s  ...               62.76         1.72
20  2026-01-23 17:06:46       0m 26s  ...                1.10         0.03
21  2026-01-23 17:07:13       0m 29s  ...               19.31         0.52
22  2026-01-23 17:07:42       0m 31s  ...               42.05         1.16
23  2026-01-23 17:08:13       0m 24s  ...                6.56         0.18
24  2026-01-23 17:08:37       0m 25s  ...                1.51         0.04
25  2026-01-23 17:09:03       0m 27s  ...                8.51         0.22
26  2026-01-23 17:09:30       0m 28s  ...               12.12         0.31
27  2026-01-23 17:09:58       0m 30s  ...               32.69         0.79
28  2026-01-23 17:10:28       0m 26s  ...                2.15         0.06
29  2026-01-23 17:10:55       0m 26s  ...                2.94         0.07
30  2026-01-23 17:11:22       0m 27s  ...               12.91         0.30
31  2026-01-23 17:11:49       0m 28s  ...               42.77         1.19
32  2026-01-23 17:12:18       0m 34s  ...               65.54         1.89

[33 rows x 24 columns]
[2026-01-23 17:14:12,874] - [root] - [INFO] - Analysis finished: 0m 26s
[2026-01-23 17:14:12,874] - [root] - [INFO] - -------------------------------------------
[2026-01-23 17:14:12,874] - [root] - [INFO] - -------------------------------------------
[2026-01-23 17:14:12,874] - [root] - [INFO] - Processing 1-22-2026 5dpi 091-W2021006-056_R2.png
[2026-01-23 17:14:29,953] - [root] - [INFO] - Finished loading mask: 0m 17s
[2026-01-23 17:14:37,999] - [root] - [INFO] - Finished crop and inference: 0m 25s
[2026-01-23 17:14:39,541] - [root] - [INFO] - Analysis finished: 0m 26s
[2026-01-23 17:14:39,541] - [root] - [INFO] - -------------------------------------------
[2026-01-23 17:14:39,541] - [root] - [INFO] - -------------------------------------------
[2026-01-23 17:14:39,541] - [root] - [INFO] - Processing 1-22-2026 5dpi 094-W2021010-315_R2.png
[2026-01-23 17:14:56,099] - [root] - [INFO] - Finished loading mask: 0m 16s
[2026-01-23 17:15:03,942] - [root] - [INFO] - Finished crop and inference: 0m 24s
              timestamp time_elapsed  ... severity_rate_patch Gradient_sr2
0   2026-01-23 16:56:56       0m 26s  ...                1.74         0.04
1   2026-01-23 16:57:23       0m 26s  ...                4.36         0.11
2   2026-01-23 16:57:49       0m 27s  ...                0.85         0.02
3   2026-01-23 16:58:16       0m 30s  ...               25.47         0.67
4   2026-01-23 16:58:47       0m 31s  ...               37.39         0.99
5   2026-01-23 16:59:18       0m 26s  ...                0.45         0.01
6   2026-01-23 16:59:44       0m 30s  ...               38.62         0.91
7   2026-01-23 17:00:15       0m 30s  ...               19.86         0.56
8   2026-01-23 17:00:45       0m 30s  ...               39.61         1.05
9   2026-01-23 17:01:16       0m 26s  ...                1.79         0.05
10  2026-01-23 17:01:43       0m 26s  ...                2.79         0.07
11  2026-01-23 17:02:09       0m 29s  ...               20.77         0.49
12  2026-01-23 17:02:39       0m 28s  ...               20.60         0.51
13  2026-01-23 17:03:07       0m 27s  ...               15.28         0.35
14  2026-01-23 17:03:34       0m 30s  ...               30.18         0.79
15  2026-01-23 17:04:05       0m 29s  ...               19.25         0.48
16  2026-01-23 17:04:35       0m 39s  ...               85.84         2.58
17  2026-01-23 17:05:15       0m 26s  ...                0.76         0.02
18  2026-01-23 17:05:41       0m 29s  ...               23.22         0.57
19  2026-01-23 17:06:11       0m 35s  ...               62.76         1.72
20  2026-01-23 17:06:46       0m 26s  ...                1.10         0.03
21  2026-01-23 17:07:13       0m 29s  ...               19.31         0.52
22  2026-01-23 17:07:42       0m 31s  ...               42.05         1.16
23  2026-01-23 17:08:13       0m 24s  ...                6.56         0.18
24  2026-01-23 17:08:37       0m 25s  ...                1.51         0.04
25  2026-01-23 17:09:03       0m 27s  ...                8.51         0.22
26  2026-01-23 17:09:30       0m 28s  ...               12.12         0.31
27  2026-01-23 17:09:58       0m 30s  ...               32.69         0.79
28  2026-01-23 17:10:28       0m 26s  ...                2.15         0.06
29  2026-01-23 17:10:55       0m 26s  ...                2.94         0.07
30  2026-01-23 17:11:22       0m 27s  ...               12.91         0.30
31  2026-01-23 17:11:49       0m 28s  ...               42.77         1.19
32  2026-01-23 17:12:18       0m 34s  ...               65.54         1.89
33  2026-01-23 17:12:52       0m 27s  ...               10.11         0.24

[34 rows x 24 columns]
              timestamp time_elapsed  ... severity_rate_patch Gradient_sr2
0   2026-01-23 16:56:56       0m 26s  ...                1.74         0.04
1   2026-01-23 16:57:23       0m 26s  ...                4.36         0.11
2   2026-01-23 16:57:49       0m 27s  ...                0.85         0.02
3   2026-01-23 16:58:16       0m 30s  ...               25.47         0.67
4   2026-01-23 16:58:47       0m 31s  ...               37.39         0.99
5   2026-01-23 16:59:18       0m 26s  ...                0.45         0.01
6   2026-01-23 16:59:44       0m 30s  ...               38.62         0.91
7   2026-01-23 17:00:15       0m 30s  ...               19.86         0.56
8   2026-01-23 17:00:45       0m 30s  ...               39.61         1.05
9   2026-01-23 17:01:16       0m 26s  ...                1.79         0.05
10  2026-01-23 17:01:43       0m 26s  ...                2.79         0.07
11  2026-01-23 17:02:09       0m 29s  ...               20.77         0.49
12  2026-01-23 17:02:39       0m 28s  ...               20.60         0.51
13  2026-01-23 17:03:07       0m 27s  ...               15.28         0.35
14  2026-01-23 17:03:34       0m 30s  ...               30.18         0.79
15  2026-01-23 17:04:05       0m 29s  ...               19.25         0.48
16  2026-01-23 17:04:35       0m 39s  ...               85.84         2.58
17  2026-01-23 17:05:15       0m 26s  ...                0.76         0.02
18  2026-01-23 17:05:41       0m 29s  ...               23.22         0.57
19  2026-01-23 17:06:11       0m 35s  ...               62.76         1.72
20  2026-01-23 17:06:46       0m 26s  ...                1.10         0.03
21  2026-01-23 17:07:13       0m 29s  ...               19.31         0.52
22  2026-01-23 17:07:42       0m 31s  ...               42.05         1.16
23  2026-01-23 17:08:13       0m 24s  ...                6.56         0.18
24  2026-01-23 17:08:37       0m 25s  ...                1.51         0.04
25  2026-01-23 17:09:03       0m 27s  ...                8.51         0.22
26  2026-01-23 17:09:30       0m 28s  ...               12.12         0.31
27  2026-01-23 17:09:58       0m 30s  ...               32.69         0.79
28  2026-01-23 17:10:28       0m 26s  ...                2.15         0.06
29  2026-01-23 17:10:55       0m 26s  ...                2.94         0.07
30  2026-01-23 17:11:22       0m 27s  ...               12.91         0.30
31  2026-01-23 17:11:49       0m 28s  ...               42.77         1.19
32  2026-01-23 17:12:18       0m 34s  ...               65.54         1.89
33  2026-01-23 17:12:52       0m 27s  ...               10.11         0.24
34  2026-01-23 17:13:20       0m 26s  ...                4.05         0.11

[35 rows x 24 columns]
[2026-01-23 17:15:05,446] - [root] - [INFO] - Analysis finished: 0m 25s
[2026-01-23 17:15:05,447] - [root] - [INFO] - -------------------------------------------
[2026-01-23 17:15:05,447] - [root] - [INFO] - -------------------------------------------
[2026-01-23 17:15:05,447] - [root] - [INFO] - Processing 1-22-2026 5dpi 095-W2021011-553_R2.png
[2026-01-23 17:15:21,877] - [root] - [INFO] - Finished loading mask: 0m 16s
[2026-01-23 17:15:29,111] - [root] - [INFO] - Finished crop and inference: 0m 23s
[2026-01-23 17:15:30,724] - [root] - [INFO] - Analysis finished: 0m 25s
[2026-01-23 17:15:30,724] - [root] - [INFO] - -------------------------------------------
[2026-01-23 17:15:30,724] - [root] - [INFO] - -------------------------------------------
[2026-01-23 17:15:30,724] - [root] - [INFO] - Processing 1-22-2026 5dpi 097-W2021006-617_R2.png
[2026-01-23 17:15:48,986] - [root] - [INFO] - Finished loading mask: 0m 18s
[2026-01-23 17:16:01,922] - [root] - [INFO] - Finished crop and inference: 0m 31s
              timestamp time_elapsed  ... severity_rate_patch Gradient_sr2
0   2026-01-23 16:56:56       0m 26s  ...                1.74         0.04
1   2026-01-23 16:57:23       0m 26s  ...                4.36         0.11
2   2026-01-23 16:57:49       0m 27s  ...                0.85         0.02
3   2026-01-23 16:58:16       0m 30s  ...               25.47         0.67
4   2026-01-23 16:58:47       0m 31s  ...               37.39         0.99
5   2026-01-23 16:59:18       0m 26s  ...                0.45         0.01
6   2026-01-23 16:59:44       0m 30s  ...               38.62         0.91
7   2026-01-23 17:00:15       0m 30s  ...               19.86         0.56
8   2026-01-23 17:00:45       0m 30s  ...               39.61         1.05
9   2026-01-23 17:01:16       0m 26s  ...                1.79         0.05
10  2026-01-23 17:01:43       0m 26s  ...                2.79         0.07
11  2026-01-23 17:02:09       0m 29s  ...               20.77         0.49
12  2026-01-23 17:02:39       0m 28s  ...               20.60         0.51
13  2026-01-23 17:03:07       0m 27s  ...               15.28         0.35
14  2026-01-23 17:03:34       0m 30s  ...               30.18         0.79
15  2026-01-23 17:04:05       0m 29s  ...               19.25         0.48
16  2026-01-23 17:04:35       0m 39s  ...               85.84         2.58
17  2026-01-23 17:05:15       0m 26s  ...                0.76         0.02
18  2026-01-23 17:05:41       0m 29s  ...               23.22         0.57
19  2026-01-23 17:06:11       0m 35s  ...               62.76         1.72
20  2026-01-23 17:06:46       0m 26s  ...                1.10         0.03
21  2026-01-23 17:07:13       0m 29s  ...               19.31         0.52
22  2026-01-23 17:07:42       0m 31s  ...               42.05         1.16
23  2026-01-23 17:08:13       0m 24s  ...                6.56         0.18
24  2026-01-23 17:08:37       0m 25s  ...                1.51         0.04
25  2026-01-23 17:09:03       0m 27s  ...                8.51         0.22
26  2026-01-23 17:09:30       0m 28s  ...               12.12         0.31
27  2026-01-23 17:09:58       0m 30s  ...               32.69         0.79
28  2026-01-23 17:10:28       0m 26s  ...                2.15         0.06
29  2026-01-23 17:10:55       0m 26s  ...                2.94         0.07
30  2026-01-23 17:11:22       0m 27s  ...               12.91         0.30
31  2026-01-23 17:11:49       0m 28s  ...               42.77         1.19
32  2026-01-23 17:12:18       0m 34s  ...               65.54         1.89
33  2026-01-23 17:12:52       0m 27s  ...               10.11         0.24
34  2026-01-23 17:13:20       0m 26s  ...                4.05         0.11
35  2026-01-23 17:13:46       0m 26s  ...                1.89         0.05

[36 rows x 24 columns]
              timestamp time_elapsed  ... severity_rate_patch Gradient_sr2
0   2026-01-23 16:56:56       0m 26s  ...                1.74         0.04
1   2026-01-23 16:57:23       0m 26s  ...                4.36         0.11
2   2026-01-23 16:57:49       0m 27s  ...                0.85         0.02
3   2026-01-23 16:58:16       0m 30s  ...               25.47         0.67
4   2026-01-23 16:58:47       0m 31s  ...               37.39         0.99
5   2026-01-23 16:59:18       0m 26s  ...                0.45         0.01
6   2026-01-23 16:59:44       0m 30s  ...               38.62         0.91
7   2026-01-23 17:00:15       0m 30s  ...               19.86         0.56
8   2026-01-23 17:00:45       0m 30s  ...               39.61         1.05
9   2026-01-23 17:01:16       0m 26s  ...                1.79         0.05
10  2026-01-23 17:01:43       0m 26s  ...                2.79         0.07
11  2026-01-23 17:02:09       0m 29s  ...               20.77         0.49
12  2026-01-23 17:02:39       0m 28s  ...               20.60         0.51
13  2026-01-23 17:03:07       0m 27s  ...               15.28         0.35
14  2026-01-23 17:03:34       0m 30s  ...               30.18         0.79
15  2026-01-23 17:04:05       0m 29s  ...               19.25         0.48
16  2026-01-23 17:04:35       0m 39s  ...               85.84         2.58
17  2026-01-23 17:05:15       0m 26s  ...                0.76         0.02
18  2026-01-23 17:05:41       0m 29s  ...               23.22         0.57
19  2026-01-23 17:06:11       0m 35s  ...               62.76         1.72
20  2026-01-23 17:06:46       0m 26s  ...                1.10         0.03
21  2026-01-23 17:07:13       0m 29s  ...               19.31         0.52
22  2026-01-23 17:07:42       0m 31s  ...               42.05         1.16
23  2026-01-23 17:08:13       0m 24s  ...                6.56         0.18
24  2026-01-23 17:08:37       0m 25s  ...                1.51         0.04
25  2026-01-23 17:09:03       0m 27s  ...                8.51         0.22
26  2026-01-23 17:09:30       0m 28s  ...               12.12         0.31
27  2026-01-23 17:09:58       0m 30s  ...               32.69         0.79
28  2026-01-23 17:10:28       0m 26s  ...                2.15         0.06
29  2026-01-23 17:10:55       0m 26s  ...                2.94         0.07
30  2026-01-23 17:11:22       0m 27s  ...               12.91         0.30
31  2026-01-23 17:11:49       0m 28s  ...               42.77         1.19
32  2026-01-23 17:12:18       0m 34s  ...               65.54         1.89
33  2026-01-23 17:12:52       0m 27s  ...               10.11         0.24
34  2026-01-23 17:13:20       0m 26s  ...                4.05         0.11
35  2026-01-23 17:13:46       0m 26s  ...                1.89         0.05
36  2026-01-23 17:14:12       0m 26s  ...                5.54         0.15

[37 rows x 24 columns]
[2026-01-23 17:16:03,405] - [root] - [INFO] - Analysis finished: 0m 32s
[2026-01-23 17:16:03,406] - [root] - [INFO] - -------------------------------------------
[2026-01-23 17:16:03,406] - [root] - [INFO] - -------------------------------------------
[2026-01-23 17:16:03,406] - [root] - [INFO] - Processing 1-22-2026 5dpi 097-W2021009-163_R1.png
[2026-01-23 17:16:20,961] - [root] - [INFO] - Finished loading mask: 0m 17s
[2026-01-23 17:16:36,472] - [root] - [INFO] - Finished crop and inference: 0m 33s
[2026-01-23 17:16:37,946] - [root] - [INFO] - Analysis finished: 0m 34s
[2026-01-23 17:16:37,946] - [root] - [INFO] - -------------------------------------------
[2026-01-23 17:16:37,946] - [root] - [INFO] - -------------------------------------------
[2026-01-23 17:16:37,946] - [root] - [INFO] - Processing 1-22-2026 5dpi 099-W2021006-611_R2.png
[2026-01-23 17:16:55,867] - [root] - [INFO] - Finished loading mask: 0m 17s
[2026-01-23 17:17:09,792] - [root] - [INFO] - Finished crop and inference: 0m 31s
              timestamp time_elapsed  ... severity_rate_patch Gradient_sr2
0   2026-01-23 16:56:56       0m 26s  ...                1.74         0.04
1   2026-01-23 16:57:23       0m 26s  ...                4.36         0.11
2   2026-01-23 16:57:49       0m 27s  ...                0.85         0.02
3   2026-01-23 16:58:16       0m 30s  ...               25.47         0.67
4   2026-01-23 16:58:47       0m 31s  ...               37.39         0.99
5   2026-01-23 16:59:18       0m 26s  ...                0.45         0.01
6   2026-01-23 16:59:44       0m 30s  ...               38.62         0.91
7   2026-01-23 17:00:15       0m 30s  ...               19.86         0.56
8   2026-01-23 17:00:45       0m 30s  ...               39.61         1.05
9   2026-01-23 17:01:16       0m 26s  ...                1.79         0.05
10  2026-01-23 17:01:43       0m 26s  ...                2.79         0.07
11  2026-01-23 17:02:09       0m 29s  ...               20.77         0.49
12  2026-01-23 17:02:39       0m 28s  ...               20.60         0.51
13  2026-01-23 17:03:07       0m 27s  ...               15.28         0.35
14  2026-01-23 17:03:34       0m 30s  ...               30.18         0.79
15  2026-01-23 17:04:05       0m 29s  ...               19.25         0.48
16  2026-01-23 17:04:35       0m 39s  ...               85.84         2.58
17  2026-01-23 17:05:15       0m 26s  ...                0.76         0.02
18  2026-01-23 17:05:41       0m 29s  ...               23.22         0.57
19  2026-01-23 17:06:11       0m 35s  ...               62.76         1.72
20  2026-01-23 17:06:46       0m 26s  ...                1.10         0.03
21  2026-01-23 17:07:13       0m 29s  ...               19.31         0.52
22  2026-01-23 17:07:42       0m 31s  ...               42.05         1.16
23  2026-01-23 17:08:13       0m 24s  ...                6.56         0.18
24  2026-01-23 17:08:37       0m 25s  ...                1.51         0.04
25  2026-01-23 17:09:03       0m 27s  ...                8.51         0.22
26  2026-01-23 17:09:30       0m 28s  ...               12.12         0.31
27  2026-01-23 17:09:58       0m 30s  ...               32.69         0.79
28  2026-01-23 17:10:28       0m 26s  ...                2.15         0.06
29  2026-01-23 17:10:55       0m 26s  ...                2.94         0.07
30  2026-01-23 17:11:22       0m 27s  ...               12.91         0.30
31  2026-01-23 17:11:49       0m 28s  ...               42.77         1.19
32  2026-01-23 17:12:18       0m 34s  ...               65.54         1.89
33  2026-01-23 17:12:52       0m 27s  ...               10.11         0.24
34  2026-01-23 17:13:20       0m 26s  ...                4.05         0.11
35  2026-01-23 17:13:46       0m 26s  ...                1.89         0.05
36  2026-01-23 17:14:12       0m 26s  ...                5.54         0.15
37  2026-01-23 17:14:39       0m 25s  ...                0.46         0.01

[38 rows x 24 columns]
              timestamp time_elapsed  ... severity_rate_patch Gradient_sr2
0   2026-01-23 16:56:56       0m 26s  ...                1.74         0.04
1   2026-01-23 16:57:23       0m 26s  ...                4.36         0.11
2   2026-01-23 16:57:49       0m 27s  ...                0.85         0.02
3   2026-01-23 16:58:16       0m 30s  ...               25.47         0.67
4   2026-01-23 16:58:47       0m 31s  ...               37.39         0.99
5   2026-01-23 16:59:18       0m 26s  ...                0.45         0.01
6   2026-01-23 16:59:44       0m 30s  ...               38.62         0.91
7   2026-01-23 17:00:15       0m 30s  ...               19.86         0.56
8   2026-01-23 17:00:45       0m 30s  ...               39.61         1.05
9   2026-01-23 17:01:16       0m 26s  ...                1.79         0.05
10  2026-01-23 17:01:43       0m 26s  ...                2.79         0.07
11  2026-01-23 17:02:09       0m 29s  ...               20.77         0.49
12  2026-01-23 17:02:39       0m 28s  ...               20.60         0.51
13  2026-01-23 17:03:07       0m 27s  ...               15.28         0.35
14  2026-01-23 17:03:34       0m 30s  ...               30.18         0.79
15  2026-01-23 17:04:05       0m 29s  ...               19.25         0.48
16  2026-01-23 17:04:35       0m 39s  ...               85.84         2.58
17  2026-01-23 17:05:15       0m 26s  ...                0.76         0.02
18  2026-01-23 17:05:41       0m 29s  ...               23.22         0.57
19  2026-01-23 17:06:11       0m 35s  ...               62.76         1.72
20  2026-01-23 17:06:46       0m 26s  ...                1.10         0.03
21  2026-01-23 17:07:13       0m 29s  ...               19.31         0.52
22  2026-01-23 17:07:42       0m 31s  ...               42.05         1.16
23  2026-01-23 17:08:13       0m 24s  ...                6.56         0.18
24  2026-01-23 17:08:37       0m 25s  ...                1.51         0.04
25  2026-01-23 17:09:03       0m 27s  ...                8.51         0.22
26  2026-01-23 17:09:30       0m 28s  ...               12.12         0.31
27  2026-01-23 17:09:58       0m 30s  ...               32.69         0.79
28  2026-01-23 17:10:28       0m 26s  ...                2.15         0.06
29  2026-01-23 17:10:55       0m 26s  ...                2.94         0.07
30  2026-01-23 17:11:22       0m 27s  ...               12.91         0.30
31  2026-01-23 17:11:49       0m 28s  ...               42.77         1.19
32  2026-01-23 17:12:18       0m 34s  ...               65.54         1.89
33  2026-01-23 17:12:52       0m 27s  ...               10.11         0.24
34  2026-01-23 17:13:20       0m 26s  ...                4.05         0.11
35  2026-01-23 17:13:46       0m 26s  ...                1.89         0.05
36  2026-01-23 17:14:12       0m 26s  ...                5.54         0.15
37  2026-01-23 17:14:39       0m 25s  ...                0.46         0.01
38  2026-01-23 17:15:05       0m 25s  ...                1.59         0.04

[39 rows x 24 columns]
[2026-01-23 17:17:11,316] - [root] - [INFO] - Analysis finished: 0m 33s
[2026-01-23 17:17:11,316] - [root] - [INFO] - -------------------------------------------
[2026-01-23 17:17:11,316] - [root] - [INFO] - -------------------------------------------
[2026-01-23 17:17:11,316] - [root] - [INFO] - Processing 1-22-2026 5dpi 101-W2021011-565_R1.png
[2026-01-23 17:17:29,680] - [root] - [INFO] - Finished loading mask: 0m 18s
[2026-01-23 17:17:49,301] - [root] - [INFO] - Finished crop and inference: 0m 37s
[2026-01-23 17:17:51,005] - [root] - [INFO] - Analysis finished: 0m 39s
[2026-01-23 17:17:51,005] - [root] - [INFO] - -------------------------------------------
[2026-01-23 17:17:51,005] - [root] - [INFO] - -------------------------------------------
[2026-01-23 17:17:51,005] - [root] - [INFO] - Processing 1-22-2026 5dpi 105-W2021011-558_R1.png
[2026-01-23 17:18:07,706] - [root] - [INFO] - Finished loading mask: 0m 16s
[2026-01-23 17:18:15,538] - [root] - [INFO] - Finished crop and inference: 0m 24s
              timestamp time_elapsed  ... severity_rate_patch Gradient_sr2
0   2026-01-23 16:56:56       0m 26s  ...                1.74         0.04
1   2026-01-23 16:57:23       0m 26s  ...                4.36         0.11
2   2026-01-23 16:57:49       0m 27s  ...                0.85         0.02
3   2026-01-23 16:58:16       0m 30s  ...               25.47         0.67
4   2026-01-23 16:58:47       0m 31s  ...               37.39         0.99
5   2026-01-23 16:59:18       0m 26s  ...                0.45         0.01
6   2026-01-23 16:59:44       0m 30s  ...               38.62         0.91
7   2026-01-23 17:00:15       0m 30s  ...               19.86         0.56
8   2026-01-23 17:00:45       0m 30s  ...               39.61         1.05
9   2026-01-23 17:01:16       0m 26s  ...                1.79         0.05
10  2026-01-23 17:01:43       0m 26s  ...                2.79         0.07
11  2026-01-23 17:02:09       0m 29s  ...               20.77         0.49
12  2026-01-23 17:02:39       0m 28s  ...               20.60         0.51
13  2026-01-23 17:03:07       0m 27s  ...               15.28         0.35
14  2026-01-23 17:03:34       0m 30s  ...               30.18         0.79
15  2026-01-23 17:04:05       0m 29s  ...               19.25         0.48
16  2026-01-23 17:04:35       0m 39s  ...               85.84         2.58
17  2026-01-23 17:05:15       0m 26s  ...                0.76         0.02
18  2026-01-23 17:05:41       0m 29s  ...               23.22         0.57
19  2026-01-23 17:06:11       0m 35s  ...               62.76         1.72
20  2026-01-23 17:06:46       0m 26s  ...                1.10         0.03
21  2026-01-23 17:07:13       0m 29s  ...               19.31         0.52
22  2026-01-23 17:07:42       0m 31s  ...               42.05         1.16
23  2026-01-23 17:08:13       0m 24s  ...                6.56         0.18
24  2026-01-23 17:08:37       0m 25s  ...                1.51         0.04
25  2026-01-23 17:09:03       0m 27s  ...                8.51         0.22
26  2026-01-23 17:09:30       0m 28s  ...               12.12         0.31
27  2026-01-23 17:09:58       0m 30s  ...               32.69         0.79
28  2026-01-23 17:10:28       0m 26s  ...                2.15         0.06
29  2026-01-23 17:10:55       0m 26s  ...                2.94         0.07
30  2026-01-23 17:11:22       0m 27s  ...               12.91         0.30
31  2026-01-23 17:11:49       0m 28s  ...               42.77         1.19
32  2026-01-23 17:12:18       0m 34s  ...               65.54         1.89
33  2026-01-23 17:12:52       0m 27s  ...               10.11         0.24
34  2026-01-23 17:13:20       0m 26s  ...                4.05         0.11
35  2026-01-23 17:13:46       0m 26s  ...                1.89         0.05
36  2026-01-23 17:14:12       0m 26s  ...                5.54         0.15
37  2026-01-23 17:14:39       0m 25s  ...                0.46         0.01
38  2026-01-23 17:15:05       0m 25s  ...                1.59         0.04
39  2026-01-23 17:15:30       0m 32s  ...               43.85         1.03

[40 rows x 24 columns]
              timestamp time_elapsed  ... severity_rate_patch Gradient_sr2
0   2026-01-23 16:56:56       0m 26s  ...                1.74         0.04
1   2026-01-23 16:57:23       0m 26s  ...                4.36         0.11
2   2026-01-23 16:57:49       0m 27s  ...                0.85         0.02
3   2026-01-23 16:58:16       0m 30s  ...               25.47         0.67
4   2026-01-23 16:58:47       0m 31s  ...               37.39         0.99
5   2026-01-23 16:59:18       0m 26s  ...                0.45         0.01
6   2026-01-23 16:59:44       0m 30s  ...               38.62         0.91
7   2026-01-23 17:00:15       0m 30s  ...               19.86         0.56
8   2026-01-23 17:00:45       0m 30s  ...               39.61         1.05
9   2026-01-23 17:01:16       0m 26s  ...                1.79         0.05
10  2026-01-23 17:01:43       0m 26s  ...                2.79         0.07
11  2026-01-23 17:02:09       0m 29s  ...               20.77         0.49
12  2026-01-23 17:02:39       0m 28s  ...               20.60         0.51
13  2026-01-23 17:03:07       0m 27s  ...               15.28         0.35
14  2026-01-23 17:03:34       0m 30s  ...               30.18         0.79
15  2026-01-23 17:04:05       0m 29s  ...               19.25         0.48
16  2026-01-23 17:04:35       0m 39s  ...               85.84         2.58
17  2026-01-23 17:05:15       0m 26s  ...                0.76         0.02
18  2026-01-23 17:05:41       0m 29s  ...               23.22         0.57
19  2026-01-23 17:06:11       0m 35s  ...               62.76         1.72
20  2026-01-23 17:06:46       0m 26s  ...                1.10         0.03
21  2026-01-23 17:07:13       0m 29s  ...               19.31         0.52
22  2026-01-23 17:07:42       0m 31s  ...               42.05         1.16
23  2026-01-23 17:08:13       0m 24s  ...                6.56         0.18
24  2026-01-23 17:08:37       0m 25s  ...                1.51         0.04
25  2026-01-23 17:09:03       0m 27s  ...                8.51         0.22
26  2026-01-23 17:09:30       0m 28s  ...               12.12         0.31
27  2026-01-23 17:09:58       0m 30s  ...               32.69         0.79
28  2026-01-23 17:10:28       0m 26s  ...                2.15         0.06
29  2026-01-23 17:10:55       0m 26s  ...                2.94         0.07
30  2026-01-23 17:11:22       0m 27s  ...               12.91         0.30
31  2026-01-23 17:11:49       0m 28s  ...               42.77         1.19
32  2026-01-23 17:12:18       0m 34s  ...               65.54         1.89
33  2026-01-23 17:12:52       0m 27s  ...               10.11         0.24
34  2026-01-23 17:13:20       0m 26s  ...                4.05         0.11
35  2026-01-23 17:13:46       0m 26s  ...                1.89         0.05
36  2026-01-23 17:14:12       0m 26s  ...                5.54         0.15
37  2026-01-23 17:14:39       0m 25s  ...                0.46         0.01
38  2026-01-23 17:15:05       0m 25s  ...                1.59         0.04
39  2026-01-23 17:15:30       0m 32s  ...               43.85         1.03
40  2026-01-23 17:16:03       0m 34s  ...               61.84         1.56

[41 rows x 24 columns]
[2026-01-23 17:18:17,171] - [root] - [INFO] - Analysis finished: 0m 26s
[2026-01-23 17:18:17,171] - [root] - [INFO] - -------------------------------------------
[2026-01-23 17:18:17,171] - [root] - [INFO] - -------------------------------------------
[2026-01-23 17:18:17,171] - [root] - [INFO] - Processing 1-22-2026 5dpi 110-W2021011-454_R2.png
[2026-01-23 17:18:34,125] - [root] - [INFO] - Finished loading mask: 0m 16s
[2026-01-23 17:18:44,024] - [root] - [INFO] - Finished crop and inference: 0m 26s
[2026-01-23 17:18:45,624] - [root] - [INFO] - Analysis finished: 0m 28s
[2026-01-23 17:18:45,624] - [root] - [INFO] - -------------------------------------------
[2026-01-23 17:18:45,624] - [root] - [INFO] - -------------------------------------------
[2026-01-23 17:18:45,625] - [root] - [INFO] - Processing 1-22-2026 5dpi 111-W2021011-588_R2.png
[2026-01-23 17:19:02,684] - [root] - [INFO] - Finished loading mask: 0m 17s
[2026-01-23 17:19:11,315] - [root] - [INFO] - Finished crop and inference: 0m 25s
              timestamp time_elapsed  ... severity_rate_patch Gradient_sr2
0   2026-01-23 16:56:56       0m 26s  ...                1.74         0.04
1   2026-01-23 16:57:23       0m 26s  ...                4.36         0.11
2   2026-01-23 16:57:49       0m 27s  ...                0.85         0.02
3   2026-01-23 16:58:16       0m 30s  ...               25.47         0.67
4   2026-01-23 16:58:47       0m 31s  ...               37.39         0.99
5   2026-01-23 16:59:18       0m 26s  ...                0.45         0.01
6   2026-01-23 16:59:44       0m 30s  ...               38.62         0.91
7   2026-01-23 17:00:15       0m 30s  ...               19.86         0.56
8   2026-01-23 17:00:45       0m 30s  ...               39.61         1.05
9   2026-01-23 17:01:16       0m 26s  ...                1.79         0.05
10  2026-01-23 17:01:43       0m 26s  ...                2.79         0.07
11  2026-01-23 17:02:09       0m 29s  ...               20.77         0.49
12  2026-01-23 17:02:39       0m 28s  ...               20.60         0.51
13  2026-01-23 17:03:07       0m 27s  ...               15.28         0.35
14  2026-01-23 17:03:34       0m 30s  ...               30.18         0.79
15  2026-01-23 17:04:05       0m 29s  ...               19.25         0.48
16  2026-01-23 17:04:35       0m 39s  ...               85.84         2.58
17  2026-01-23 17:05:15       0m 26s  ...                0.76         0.02
18  2026-01-23 17:05:41       0m 29s  ...               23.22         0.57
19  2026-01-23 17:06:11       0m 35s  ...               62.76         1.72
20  2026-01-23 17:06:46       0m 26s  ...                1.10         0.03
21  2026-01-23 17:07:13       0m 29s  ...               19.31         0.52
22  2026-01-23 17:07:42       0m 31s  ...               42.05         1.16
23  2026-01-23 17:08:13       0m 24s  ...                6.56         0.18
24  2026-01-23 17:08:37       0m 25s  ...                1.51         0.04
25  2026-01-23 17:09:03       0m 27s  ...                8.51         0.22
26  2026-01-23 17:09:30       0m 28s  ...               12.12         0.31
27  2026-01-23 17:09:58       0m 30s  ...               32.69         0.79
28  2026-01-23 17:10:28       0m 26s  ...                2.15         0.06
29  2026-01-23 17:10:55       0m 26s  ...                2.94         0.07
30  2026-01-23 17:11:22       0m 27s  ...               12.91         0.30
31  2026-01-23 17:11:49       0m 28s  ...               42.77         1.19
32  2026-01-23 17:12:18       0m 34s  ...               65.54         1.89
33  2026-01-23 17:12:52       0m 27s  ...               10.11         0.24
34  2026-01-23 17:13:20       0m 26s  ...                4.05         0.11
35  2026-01-23 17:13:46       0m 26s  ...                1.89         0.05
36  2026-01-23 17:14:12       0m 26s  ...                5.54         0.15
37  2026-01-23 17:14:39       0m 25s  ...                0.46         0.01
38  2026-01-23 17:15:05       0m 25s  ...                1.59         0.04
39  2026-01-23 17:15:30       0m 32s  ...               43.85         1.03
40  2026-01-23 17:16:03       0m 34s  ...               61.84         1.56
41  2026-01-23 17:16:37       0m 33s  ...               46.89         1.19

[42 rows x 24 columns]
              timestamp time_elapsed  ... severity_rate_patch Gradient_sr2
0   2026-01-23 16:56:56       0m 26s  ...                1.74         0.04
1   2026-01-23 16:57:23       0m 26s  ...                4.36         0.11
2   2026-01-23 16:57:49       0m 27s  ...                0.85         0.02
3   2026-01-23 16:58:16       0m 30s  ...               25.47         0.67
4   2026-01-23 16:58:47       0m 31s  ...               37.39         0.99
5   2026-01-23 16:59:18       0m 26s  ...                0.45         0.01
6   2026-01-23 16:59:44       0m 30s  ...               38.62         0.91
7   2026-01-23 17:00:15       0m 30s  ...               19.86         0.56
8   2026-01-23 17:00:45       0m 30s  ...               39.61         1.05
9   2026-01-23 17:01:16       0m 26s  ...                1.79         0.05
10  2026-01-23 17:01:43       0m 26s  ...                2.79         0.07
11  2026-01-23 17:02:09       0m 29s  ...               20.77         0.49
12  2026-01-23 17:02:39       0m 28s  ...               20.60         0.51
13  2026-01-23 17:03:07       0m 27s  ...               15.28         0.35
14  2026-01-23 17:03:34       0m 30s  ...               30.18         0.79
15  2026-01-23 17:04:05       0m 29s  ...               19.25         0.48
16  2026-01-23 17:04:35       0m 39s  ...               85.84         2.58
17  2026-01-23 17:05:15       0m 26s  ...                0.76         0.02
18  2026-01-23 17:05:41       0m 29s  ...               23.22         0.57
19  2026-01-23 17:06:11       0m 35s  ...               62.76         1.72
20  2026-01-23 17:06:46       0m 26s  ...                1.10         0.03
21  2026-01-23 17:07:13       0m 29s  ...               19.31         0.52
22  2026-01-23 17:07:42       0m 31s  ...               42.05         1.16
23  2026-01-23 17:08:13       0m 24s  ...                6.56         0.18
24  2026-01-23 17:08:37       0m 25s  ...                1.51         0.04
25  2026-01-23 17:09:03       0m 27s  ...                8.51         0.22
26  2026-01-23 17:09:30       0m 28s  ...               12.12         0.31
27  2026-01-23 17:09:58       0m 30s  ...               32.69         0.79
28  2026-01-23 17:10:28       0m 26s  ...                2.15         0.06
29  2026-01-23 17:10:55       0m 26s  ...                2.94         0.07
30  2026-01-23 17:11:22       0m 27s  ...               12.91         0.30
31  2026-01-23 17:11:49       0m 28s  ...               42.77         1.19
32  2026-01-23 17:12:18       0m 34s  ...               65.54         1.89
33  2026-01-23 17:12:52       0m 27s  ...               10.11         0.24
34  2026-01-23 17:13:20       0m 26s  ...                4.05         0.11
35  2026-01-23 17:13:46       0m 26s  ...                1.89         0.05
36  2026-01-23 17:14:12       0m 26s  ...                5.54         0.15
37  2026-01-23 17:14:39       0m 25s  ...                0.46         0.01
38  2026-01-23 17:15:05       0m 25s  ...                1.59         0.04
39  2026-01-23 17:15:30       0m 32s  ...               43.85         1.03
40  2026-01-23 17:16:03       0m 34s  ...               61.84         1.56
41  2026-01-23 17:16:37       0m 33s  ...               46.89         1.19
42  2026-01-23 17:17:11       0m 39s  ...               80.70         2.32

[43 rows x 24 columns]
[2026-01-23 17:19:12,936] - [root] - [INFO] - Analysis finished: 0m 27s
[2026-01-23 17:19:12,936] - [root] - [INFO] - -------------------------------------------
[2026-01-23 17:19:12,936] - [root] - [INFO] - -------------------------------------------
[2026-01-23 17:19:12,936] - [root] - [INFO] - Processing 1-22-2026 5dpi 121-W2021009-185_R1.png
[2026-01-23 17:19:29,966] - [root] - [INFO] - Finished loading mask: 0m 17s
[2026-01-23 17:19:38,584] - [root] - [INFO] - Finished crop and inference: 0m 25s
[2026-01-23 17:19:40,190] - [root] - [INFO] - Analysis finished: 0m 27s
[2026-01-23 17:19:40,190] - [root] - [INFO] - -------------------------------------------
[2026-01-23 17:19:40,190] - [root] - [INFO] - -------------------------------------------
[2026-01-23 17:19:40,190] - [root] - [INFO] - Processing 1-22-2026 5dpi 123-W2021009-255_R2.png
[2026-01-23 17:19:56,799] - [root] - [INFO] - Finished loading mask: 0m 16s
[2026-01-23 17:20:06,314] - [root] - [INFO] - Finished crop and inference: 0m 26s
              timestamp time_elapsed  ... severity_rate_patch Gradient_sr2
0   2026-01-23 16:56:56       0m 26s  ...                1.74         0.04
1   2026-01-23 16:57:23       0m 26s  ...                4.36         0.11
2   2026-01-23 16:57:49       0m 27s  ...                0.85         0.02
3   2026-01-23 16:58:16       0m 30s  ...               25.47         0.67
4   2026-01-23 16:58:47       0m 31s  ...               37.39         0.99
5   2026-01-23 16:59:18       0m 26s  ...                0.45         0.01
6   2026-01-23 16:59:44       0m 30s  ...               38.62         0.91
7   2026-01-23 17:00:15       0m 30s  ...               19.86         0.56
8   2026-01-23 17:00:45       0m 30s  ...               39.61         1.05
9   2026-01-23 17:01:16       0m 26s  ...                1.79         0.05
10  2026-01-23 17:01:43       0m 26s  ...                2.79         0.07
11  2026-01-23 17:02:09       0m 29s  ...               20.77         0.49
12  2026-01-23 17:02:39       0m 28s  ...               20.60         0.51
13  2026-01-23 17:03:07       0m 27s  ...               15.28         0.35
14  2026-01-23 17:03:34       0m 30s  ...               30.18         0.79
15  2026-01-23 17:04:05       0m 29s  ...               19.25         0.48
16  2026-01-23 17:04:35       0m 39s  ...               85.84         2.58
17  2026-01-23 17:05:15       0m 26s  ...                0.76         0.02
18  2026-01-23 17:05:41       0m 29s  ...               23.22         0.57
19  2026-01-23 17:06:11       0m 35s  ...               62.76         1.72
20  2026-01-23 17:06:46       0m 26s  ...                1.10         0.03
21  2026-01-23 17:07:13       0m 29s  ...               19.31         0.52
22  2026-01-23 17:07:42       0m 31s  ...               42.05         1.16
23  2026-01-23 17:08:13       0m 24s  ...                6.56         0.18
24  2026-01-23 17:08:37       0m 25s  ...                1.51         0.04
25  2026-01-23 17:09:03       0m 27s  ...                8.51         0.22
26  2026-01-23 17:09:30       0m 28s  ...               12.12         0.31
27  2026-01-23 17:09:58       0m 30s  ...               32.69         0.79
28  2026-01-23 17:10:28       0m 26s  ...                2.15         0.06
29  2026-01-23 17:10:55       0m 26s  ...                2.94         0.07
30  2026-01-23 17:11:22       0m 27s  ...               12.91         0.30
31  2026-01-23 17:11:49       0m 28s  ...               42.77         1.19
32  2026-01-23 17:12:18       0m 34s  ...               65.54         1.89
33  2026-01-23 17:12:52       0m 27s  ...               10.11         0.24
34  2026-01-23 17:13:20       0m 26s  ...                4.05         0.11
35  2026-01-23 17:13:46       0m 26s  ...                1.89         0.05
36  2026-01-23 17:14:12       0m 26s  ...                5.54         0.15
37  2026-01-23 17:14:39       0m 25s  ...                0.46         0.01
38  2026-01-23 17:15:05       0m 25s  ...                1.59         0.04
39  2026-01-23 17:15:30       0m 32s  ...               43.85         1.03
40  2026-01-23 17:16:03       0m 34s  ...               61.84         1.56
41  2026-01-23 17:16:37       0m 33s  ...               46.89         1.19
42  2026-01-23 17:17:11       0m 39s  ...               80.70         2.32
43  2026-01-23 17:17:51       0m 26s  ...                2.90         0.07

[44 rows x 24 columns]
              timestamp time_elapsed  ... severity_rate_patch Gradient_sr2
0   2026-01-23 16:56:56       0m 26s  ...                1.74         0.04
1   2026-01-23 16:57:23       0m 26s  ...                4.36         0.11
2   2026-01-23 16:57:49       0m 27s  ...                0.85         0.02
3   2026-01-23 16:58:16       0m 30s  ...               25.47         0.67
4   2026-01-23 16:58:47       0m 31s  ...               37.39         0.99
5   2026-01-23 16:59:18       0m 26s  ...                0.45         0.01
6   2026-01-23 16:59:44       0m 30s  ...               38.62         0.91
7   2026-01-23 17:00:15       0m 30s  ...               19.86         0.56
8   2026-01-23 17:00:45       0m 30s  ...               39.61         1.05
9   2026-01-23 17:01:16       0m 26s  ...                1.79         0.05
10  2026-01-23 17:01:43       0m 26s  ...                2.79         0.07
11  2026-01-23 17:02:09       0m 29s  ...               20.77         0.49
12  2026-01-23 17:02:39       0m 28s  ...               20.60         0.51
13  2026-01-23 17:03:07       0m 27s  ...               15.28         0.35
14  2026-01-23 17:03:34       0m 30s  ...               30.18         0.79
15  2026-01-23 17:04:05       0m 29s  ...               19.25         0.48
16  2026-01-23 17:04:35       0m 39s  ...               85.84         2.58
17  2026-01-23 17:05:15       0m 26s  ...                0.76         0.02
18  2026-01-23 17:05:41       0m 29s  ...               23.22         0.57
19  2026-01-23 17:06:11       0m 35s  ...               62.76         1.72
20  2026-01-23 17:06:46       0m 26s  ...                1.10         0.03
21  2026-01-23 17:07:13       0m 29s  ...               19.31         0.52
22  2026-01-23 17:07:42       0m 31s  ...               42.05         1.16
23  2026-01-23 17:08:13       0m 24s  ...                6.56         0.18
24  2026-01-23 17:08:37       0m 25s  ...                1.51         0.04
25  2026-01-23 17:09:03       0m 27s  ...                8.51         0.22
26  2026-01-23 17:09:30       0m 28s  ...               12.12         0.31
27  2026-01-23 17:09:58       0m 30s  ...               32.69         0.79
28  2026-01-23 17:10:28       0m 26s  ...                2.15         0.06
29  2026-01-23 17:10:55       0m 26s  ...                2.94         0.07
30  2026-01-23 17:11:22       0m 27s  ...               12.91         0.30
31  2026-01-23 17:11:49       0m 28s  ...               42.77         1.19
32  2026-01-23 17:12:18       0m 34s  ...               65.54         1.89
33  2026-01-23 17:12:52       0m 27s  ...               10.11         0.24
34  2026-01-23 17:13:20       0m 26s  ...                4.05         0.11
35  2026-01-23 17:13:46       0m 26s  ...                1.89         0.05
36  2026-01-23 17:14:12       0m 26s  ...                5.54         0.15
37  2026-01-23 17:14:39       0m 25s  ...                0.46         0.01
38  2026-01-23 17:15:05       0m 25s  ...                1.59         0.04
39  2026-01-23 17:15:30       0m 32s  ...               43.85         1.03
40  2026-01-23 17:16:03       0m 34s  ...               61.84         1.56
41  2026-01-23 17:16:37       0m 33s  ...               46.89         1.19
42  2026-01-23 17:17:11       0m 39s  ...               80.70         2.32
43  2026-01-23 17:17:51       0m 26s  ...                2.90         0.07
44  2026-01-23 17:18:17       0m 28s  ...               11.56         0.29

[45 rows x 24 columns]
[2026-01-23 17:20:07,871] - [root] - [INFO] - Analysis finished: 0m 27s
[2026-01-23 17:20:07,871] - [root] - [INFO] - -------------------------------------------
[2026-01-23 17:20:07,871] - [root] - [INFO] - -------------------------------------------
[2026-01-23 17:20:07,871] - [root] - [INFO] - Processing 1-22-2026 5dpi 123-W2021009-621_R2.png
[2026-01-23 17:20:24,684] - [root] - [INFO] - Finished loading mask: 0m 16s
[2026-01-23 17:20:33,658] - [root] - [INFO] - Finished crop and inference: 0m 25s
[2026-01-23 17:20:35,203] - [root] - [INFO] - Analysis finished: 0m 27s
[2026-01-23 17:20:35,203] - [root] - [INFO] - -------------------------------------------
[2026-01-23 17:20:35,203] - [root] - [INFO] - -------------------------------------------
[2026-01-23 17:20:35,203] - [root] - [INFO] - Processing 1-22-2026 5dpi 127-W2021006-143_R2.png
[2026-01-23 17:20:52,027] - [root] - [INFO] - Finished loading mask: 0m 16s
[2026-01-23 17:20:59,742] - [root] - [INFO] - Finished crop and inference: 0m 24s
              timestamp time_elapsed  ... severity_rate_patch Gradient_sr2
0   2026-01-23 16:56:56       0m 26s  ...                1.74         0.04
1   2026-01-23 16:57:23       0m 26s  ...                4.36         0.11
2   2026-01-23 16:57:49       0m 27s  ...                0.85         0.02
3   2026-01-23 16:58:16       0m 30s  ...               25.47         0.67
4   2026-01-23 16:58:47       0m 31s  ...               37.39         0.99
5   2026-01-23 16:59:18       0m 26s  ...                0.45         0.01
6   2026-01-23 16:59:44       0m 30s  ...               38.62         0.91
7   2026-01-23 17:00:15       0m 30s  ...               19.86         0.56
8   2026-01-23 17:00:45       0m 30s  ...               39.61         1.05
9   2026-01-23 17:01:16       0m 26s  ...                1.79         0.05
10  2026-01-23 17:01:43       0m 26s  ...                2.79         0.07
11  2026-01-23 17:02:09       0m 29s  ...               20.77         0.49
12  2026-01-23 17:02:39       0m 28s  ...               20.60         0.51
13  2026-01-23 17:03:07       0m 27s  ...               15.28         0.35
14  2026-01-23 17:03:34       0m 30s  ...               30.18         0.79
15  2026-01-23 17:04:05       0m 29s  ...               19.25         0.48
16  2026-01-23 17:04:35       0m 39s  ...               85.84         2.58
17  2026-01-23 17:05:15       0m 26s  ...                0.76         0.02
18  2026-01-23 17:05:41       0m 29s  ...               23.22         0.57
19  2026-01-23 17:06:11       0m 35s  ...               62.76         1.72
20  2026-01-23 17:06:46       0m 26s  ...                1.10         0.03
21  2026-01-23 17:07:13       0m 29s  ...               19.31         0.52
22  2026-01-23 17:07:42       0m 31s  ...               42.05         1.16
23  2026-01-23 17:08:13       0m 24s  ...                6.56         0.18
24  2026-01-23 17:08:37       0m 25s  ...                1.51         0.04
25  2026-01-23 17:09:03       0m 27s  ...                8.51         0.22
26  2026-01-23 17:09:30       0m 28s  ...               12.12         0.31
27  2026-01-23 17:09:58       0m 30s  ...               32.69         0.79
28  2026-01-23 17:10:28       0m 26s  ...                2.15         0.06
29  2026-01-23 17:10:55       0m 26s  ...                2.94         0.07
30  2026-01-23 17:11:22       0m 27s  ...               12.91         0.30
31  2026-01-23 17:11:49       0m 28s  ...               42.77         1.19
32  2026-01-23 17:12:18       0m 34s  ...               65.54         1.89
33  2026-01-23 17:12:52       0m 27s  ...               10.11         0.24
34  2026-01-23 17:13:20       0m 26s  ...                4.05         0.11
35  2026-01-23 17:13:46       0m 26s  ...                1.89         0.05
36  2026-01-23 17:14:12       0m 26s  ...                5.54         0.15
37  2026-01-23 17:14:39       0m 25s  ...                0.46         0.01
38  2026-01-23 17:15:05       0m 25s  ...                1.59         0.04
39  2026-01-23 17:15:30       0m 32s  ...               43.85         1.03
40  2026-01-23 17:16:03       0m 34s  ...               61.84         1.56
41  2026-01-23 17:16:37       0m 33s  ...               46.89         1.19
42  2026-01-23 17:17:11       0m 39s  ...               80.70         2.32
43  2026-01-23 17:17:51       0m 26s  ...                2.90         0.07
44  2026-01-23 17:18:17       0m 28s  ...               11.56         0.29
45  2026-01-23 17:18:45       0m 27s  ...                4.11         0.11

[46 rows x 24 columns]
              timestamp time_elapsed  ... severity_rate_patch Gradient_sr2
0   2026-01-23 16:56:56       0m 26s  ...                1.74         0.04
1   2026-01-23 16:57:23       0m 26s  ...                4.36         0.11
2   2026-01-23 16:57:49       0m 27s  ...                0.85         0.02
3   2026-01-23 16:58:16       0m 30s  ...               25.47         0.67
4   2026-01-23 16:58:47       0m 31s  ...               37.39         0.99
5   2026-01-23 16:59:18       0m 26s  ...                0.45         0.01
6   2026-01-23 16:59:44       0m 30s  ...               38.62         0.91
7   2026-01-23 17:00:15       0m 30s  ...               19.86         0.56
8   2026-01-23 17:00:45       0m 30s  ...               39.61         1.05
9   2026-01-23 17:01:16       0m 26s  ...                1.79         0.05
10  2026-01-23 17:01:43       0m 26s  ...                2.79         0.07
11  2026-01-23 17:02:09       0m 29s  ...               20.77         0.49
12  2026-01-23 17:02:39       0m 28s  ...               20.60         0.51
13  2026-01-23 17:03:07       0m 27s  ...               15.28         0.35
14  2026-01-23 17:03:34       0m 30s  ...               30.18         0.79
15  2026-01-23 17:04:05       0m 29s  ...               19.25         0.48
16  2026-01-23 17:04:35       0m 39s  ...               85.84         2.58
17  2026-01-23 17:05:15       0m 26s  ...                0.76         0.02
18  2026-01-23 17:05:41       0m 29s  ...               23.22         0.57
19  2026-01-23 17:06:11       0m 35s  ...               62.76         1.72
20  2026-01-23 17:06:46       0m 26s  ...                1.10         0.03
21  2026-01-23 17:07:13       0m 29s  ...               19.31         0.52
22  2026-01-23 17:07:42       0m 31s  ...               42.05         1.16
23  2026-01-23 17:08:13       0m 24s  ...                6.56         0.18
24  2026-01-23 17:08:37       0m 25s  ...                1.51         0.04
25  2026-01-23 17:09:03       0m 27s  ...                8.51         0.22
26  2026-01-23 17:09:30       0m 28s  ...               12.12         0.31
27  2026-01-23 17:09:58       0m 30s  ...               32.69         0.79
28  2026-01-23 17:10:28       0m 26s  ...                2.15         0.06
29  2026-01-23 17:10:55       0m 26s  ...                2.94         0.07
30  2026-01-23 17:11:22       0m 27s  ...               12.91         0.30
31  2026-01-23 17:11:49       0m 28s  ...               42.77         1.19
32  2026-01-23 17:12:18       0m 34s  ...               65.54         1.89
33  2026-01-23 17:12:52       0m 27s  ...               10.11         0.24
34  2026-01-23 17:13:20       0m 26s  ...                4.05         0.11
35  2026-01-23 17:13:46       0m 26s  ...                1.89         0.05
36  2026-01-23 17:14:12       0m 26s  ...                5.54         0.15
37  2026-01-23 17:14:39       0m 25s  ...                0.46         0.01
38  2026-01-23 17:15:05       0m 25s  ...                1.59         0.04
39  2026-01-23 17:15:30       0m 32s  ...               43.85         1.03
40  2026-01-23 17:16:03       0m 34s  ...               61.84         1.56
41  2026-01-23 17:16:37       0m 33s  ...               46.89         1.19
42  2026-01-23 17:17:11       0m 39s  ...               80.70         2.32
43  2026-01-23 17:17:51       0m 26s  ...                2.90         0.07
44  2026-01-23 17:18:17       0m 28s  ...               11.56         0.29
45  2026-01-23 17:18:45       0m 27s  ...                4.11         0.11
46  2026-01-23 17:19:12       0m 27s  ...               11.45         0.30

[47 rows x 24 columns]
[2026-01-23 17:21:01,320] - [root] - [INFO] - Analysis finished: 0m 26s
[2026-01-23 17:21:01,320] - [root] - [INFO] - -------------------------------------------
[2026-01-23 17:21:01,321] - [root] - [INFO] - -------------------------------------------
[2026-01-23 17:21:01,321] - [root] - [INFO] - Processing 1-22-2026 5dpi 127-W2021009-292_R2.png
[2026-01-23 17:21:19,759] - [root] - [INFO] - Finished loading mask: 0m 18s
[2026-01-23 17:21:38,884] - [root] - [INFO] - Finished crop and inference: 0m 37s
[2026-01-23 17:21:40,530] - [root] - [INFO] - Analysis finished: 0m 39s
[2026-01-23 17:21:40,530] - [root] - [INFO] - -------------------------------------------
[2026-01-23 17:21:40,531] - [root] - [INFO] - -------------------------------------------
[2026-01-23 17:21:40,531] - [root] - [INFO] - Processing 1-22-2026 5dpi 128-W2021006-013_R1.png
[2026-01-23 17:21:58,471] - [root] - [INFO] - Finished loading mask: 0m 17s
[2026-01-23 17:22:14,401] - [root] - [INFO] - Finished crop and inference: 0m 33s
              timestamp time_elapsed  ... severity_rate_patch Gradient_sr2
0   2026-01-23 16:56:56       0m 26s  ...                1.74         0.04
1   2026-01-23 16:57:23       0m 26s  ...                4.36         0.11
2   2026-01-23 16:57:49       0m 27s  ...                0.85         0.02
3   2026-01-23 16:58:16       0m 30s  ...               25.47         0.67
4   2026-01-23 16:58:47       0m 31s  ...               37.39         0.99
5   2026-01-23 16:59:18       0m 26s  ...                0.45         0.01
6   2026-01-23 16:59:44       0m 30s  ...               38.62         0.91
7   2026-01-23 17:00:15       0m 30s  ...               19.86         0.56
8   2026-01-23 17:00:45       0m 30s  ...               39.61         1.05
9   2026-01-23 17:01:16       0m 26s  ...                1.79         0.05
10  2026-01-23 17:01:43       0m 26s  ...                2.79         0.07
11  2026-01-23 17:02:09       0m 29s  ...               20.77         0.49
12  2026-01-23 17:02:39       0m 28s  ...               20.60         0.51
13  2026-01-23 17:03:07       0m 27s  ...               15.28         0.35
14  2026-01-23 17:03:34       0m 30s  ...               30.18         0.79
15  2026-01-23 17:04:05       0m 29s  ...               19.25         0.48
16  2026-01-23 17:04:35       0m 39s  ...               85.84         2.58
17  2026-01-23 17:05:15       0m 26s  ...                0.76         0.02
18  2026-01-23 17:05:41       0m 29s  ...               23.22         0.57
19  2026-01-23 17:06:11       0m 35s  ...               62.76         1.72
20  2026-01-23 17:06:46       0m 26s  ...                1.10         0.03
21  2026-01-23 17:07:13       0m 29s  ...               19.31         0.52
22  2026-01-23 17:07:42       0m 31s  ...               42.05         1.16
23  2026-01-23 17:08:13       0m 24s  ...                6.56         0.18
24  2026-01-23 17:08:37       0m 25s  ...                1.51         0.04
25  2026-01-23 17:09:03       0m 27s  ...                8.51         0.22
26  2026-01-23 17:09:30       0m 28s  ...               12.12         0.31
27  2026-01-23 17:09:58       0m 30s  ...               32.69         0.79
28  2026-01-23 17:10:28       0m 26s  ...                2.15         0.06
29  2026-01-23 17:10:55       0m 26s  ...                2.94         0.07
30  2026-01-23 17:11:22       0m 27s  ...               12.91         0.30
31  2026-01-23 17:11:49       0m 28s  ...               42.77         1.19
32  2026-01-23 17:12:18       0m 34s  ...               65.54         1.89
33  2026-01-23 17:12:52       0m 27s  ...               10.11         0.24
34  2026-01-23 17:13:20       0m 26s  ...                4.05         0.11
35  2026-01-23 17:13:46       0m 26s  ...                1.89         0.05
36  2026-01-23 17:14:12       0m 26s  ...                5.54         0.15
37  2026-01-23 17:14:39       0m 25s  ...                0.46         0.01
38  2026-01-23 17:15:05       0m 25s  ...                1.59         0.04
39  2026-01-23 17:15:30       0m 32s  ...               43.85         1.03
40  2026-01-23 17:16:03       0m 34s  ...               61.84         1.56
41  2026-01-23 17:16:37       0m 33s  ...               46.89         1.19
42  2026-01-23 17:17:11       0m 39s  ...               80.70         2.32
43  2026-01-23 17:17:51       0m 26s  ...                2.90         0.07
44  2026-01-23 17:18:17       0m 28s  ...               11.56         0.29
45  2026-01-23 17:18:45       0m 27s  ...                4.11         0.11
46  2026-01-23 17:19:12       0m 27s  ...               11.45         0.30
47  2026-01-23 17:19:40       0m 27s  ...               11.80         0.25

[48 rows x 24 columns]
              timestamp time_elapsed  ... severity_rate_patch Gradient_sr2
0   2026-01-23 16:56:56       0m 26s  ...                1.74         0.04
1   2026-01-23 16:57:23       0m 26s  ...                4.36         0.11
2   2026-01-23 16:57:49       0m 27s  ...                0.85         0.02
3   2026-01-23 16:58:16       0m 30s  ...               25.47         0.67
4   2026-01-23 16:58:47       0m 31s  ...               37.39         0.99
5   2026-01-23 16:59:18       0m 26s  ...                0.45         0.01
6   2026-01-23 16:59:44       0m 30s  ...               38.62         0.91
7   2026-01-23 17:00:15       0m 30s  ...               19.86         0.56
8   2026-01-23 17:00:45       0m 30s  ...               39.61         1.05
9   2026-01-23 17:01:16       0m 26s  ...                1.79         0.05
10  2026-01-23 17:01:43       0m 26s  ...                2.79         0.07
11  2026-01-23 17:02:09       0m 29s  ...               20.77         0.49
12  2026-01-23 17:02:39       0m 28s  ...               20.60         0.51
13  2026-01-23 17:03:07       0m 27s  ...               15.28         0.35
14  2026-01-23 17:03:34       0m 30s  ...               30.18         0.79
15  2026-01-23 17:04:05       0m 29s  ...               19.25         0.48
16  2026-01-23 17:04:35       0m 39s  ...               85.84         2.58
17  2026-01-23 17:05:15       0m 26s  ...                0.76         0.02
18  2026-01-23 17:05:41       0m 29s  ...               23.22         0.57
19  2026-01-23 17:06:11       0m 35s  ...               62.76         1.72
20  2026-01-23 17:06:46       0m 26s  ...                1.10         0.03
21  2026-01-23 17:07:13       0m 29s  ...               19.31         0.52
22  2026-01-23 17:07:42       0m 31s  ...               42.05         1.16
23  2026-01-23 17:08:13       0m 24s  ...                6.56         0.18
24  2026-01-23 17:08:37       0m 25s  ...                1.51         0.04
25  2026-01-23 17:09:03       0m 27s  ...                8.51         0.22
26  2026-01-23 17:09:30       0m 28s  ...               12.12         0.31
27  2026-01-23 17:09:58       0m 30s  ...               32.69         0.79
28  2026-01-23 17:10:28       0m 26s  ...                2.15         0.06
29  2026-01-23 17:10:55       0m 26s  ...                2.94         0.07
30  2026-01-23 17:11:22       0m 27s  ...               12.91         0.30
31  2026-01-23 17:11:49       0m 28s  ...               42.77         1.19
32  2026-01-23 17:12:18       0m 34s  ...               65.54         1.89
33  2026-01-23 17:12:52       0m 27s  ...               10.11         0.24
34  2026-01-23 17:13:20       0m 26s  ...                4.05         0.11
35  2026-01-23 17:13:46       0m 26s  ...                1.89         0.05
36  2026-01-23 17:14:12       0m 26s  ...                5.54         0.15
37  2026-01-23 17:14:39       0m 25s  ...                0.46         0.01
38  2026-01-23 17:15:05       0m 25s  ...                1.59         0.04
39  2026-01-23 17:15:30       0m 32s  ...               43.85         1.03
40  2026-01-23 17:16:03       0m 34s  ...               61.84         1.56
41  2026-01-23 17:16:37       0m 33s  ...               46.89         1.19
42  2026-01-23 17:17:11       0m 39s  ...               80.70         2.32
43  2026-01-23 17:17:51       0m 26s  ...                2.90         0.07
44  2026-01-23 17:18:17       0m 28s  ...               11.56         0.29
45  2026-01-23 17:18:45       0m 27s  ...                4.11         0.11
46  2026-01-23 17:19:12       0m 27s  ...               11.45         0.30
47  2026-01-23 17:19:40       0m 27s  ...               11.80         0.25
48  2026-01-23 17:20:07       0m 27s  ...                6.42         0.18

[49 rows x 24 columns]
[2026-01-23 17:22:15,997] - [root] - [INFO] - Analysis finished: 0m 35s
[2026-01-23 17:22:15,997] - [root] - [INFO] - -------------------------------------------
[2026-01-23 17:22:15,997] - [root] - [INFO] - -------------------------------------------
[2026-01-23 17:22:15,997] - [root] - [INFO] - Processing 1-22-2026 5dpi 129-W2021006-119_R2.png
[2026-01-23 17:22:33,248] - [root] - [INFO] - Finished loading mask: 0m 17s
[2026-01-23 17:22:42,873] - [root] - [INFO] - Finished crop and inference: 0m 26s
[2026-01-23 17:22:44,427] - [root] - [INFO] - Analysis finished: 0m 28s
[2026-01-23 17:22:44,428] - [root] - [INFO] - -------------------------------------------
[2026-01-23 17:22:44,428] - [root] - [INFO] - -------------------------------------------
[2026-01-23 17:22:44,428] - [root] - [INFO] - Processing 1-22-2026 5dpi 132-W2021010-399_R1.png
[2026-01-23 17:23:01,649] - [root] - [INFO] - Finished loading mask: 0m 17s
[2026-01-23 17:23:10,115] - [root] - [INFO] - Finished crop and inference: 0m 25s
              timestamp time_elapsed  ... severity_rate_patch Gradient_sr2
0   2026-01-23 16:56:56       0m 26s  ...                1.74         0.04
1   2026-01-23 16:57:23       0m 26s  ...                4.36         0.11
2   2026-01-23 16:57:49       0m 27s  ...                0.85         0.02
3   2026-01-23 16:58:16       0m 30s  ...               25.47         0.67
4   2026-01-23 16:58:47       0m 31s  ...               37.39         0.99
5   2026-01-23 16:59:18       0m 26s  ...                0.45         0.01
6   2026-01-23 16:59:44       0m 30s  ...               38.62         0.91
7   2026-01-23 17:00:15       0m 30s  ...               19.86         0.56
8   2026-01-23 17:00:45       0m 30s  ...               39.61         1.05
9   2026-01-23 17:01:16       0m 26s  ...                1.79         0.05
10  2026-01-23 17:01:43       0m 26s  ...                2.79         0.07
11  2026-01-23 17:02:09       0m 29s  ...               20.77         0.49
12  2026-01-23 17:02:39       0m 28s  ...               20.60         0.51
13  2026-01-23 17:03:07       0m 27s  ...               15.28         0.35
14  2026-01-23 17:03:34       0m 30s  ...               30.18         0.79
15  2026-01-23 17:04:05       0m 29s  ...               19.25         0.48
16  2026-01-23 17:04:35       0m 39s  ...               85.84         2.58
17  2026-01-23 17:05:15       0m 26s  ...                0.76         0.02
18  2026-01-23 17:05:41       0m 29s  ...               23.22         0.57
19  2026-01-23 17:06:11       0m 35s  ...               62.76         1.72
20  2026-01-23 17:06:46       0m 26s  ...                1.10         0.03
21  2026-01-23 17:07:13       0m 29s  ...               19.31         0.52
22  2026-01-23 17:07:42       0m 31s  ...               42.05         1.16
23  2026-01-23 17:08:13       0m 24s  ...                6.56         0.18
24  2026-01-23 17:08:37       0m 25s  ...                1.51         0.04
25  2026-01-23 17:09:03       0m 27s  ...                8.51         0.22
26  2026-01-23 17:09:30       0m 28s  ...               12.12         0.31
27  2026-01-23 17:09:58       0m 30s  ...               32.69         0.79
28  2026-01-23 17:10:28       0m 26s  ...                2.15         0.06
29  2026-01-23 17:10:55       0m 26s  ...                2.94         0.07
30  2026-01-23 17:11:22       0m 27s  ...               12.91         0.30
31  2026-01-23 17:11:49       0m 28s  ...               42.77         1.19
32  2026-01-23 17:12:18       0m 34s  ...               65.54         1.89
33  2026-01-23 17:12:52       0m 27s  ...               10.11         0.24
34  2026-01-23 17:13:20       0m 26s  ...                4.05         0.11
35  2026-01-23 17:13:46       0m 26s  ...                1.89         0.05
36  2026-01-23 17:14:12       0m 26s  ...                5.54         0.15
37  2026-01-23 17:14:39       0m 25s  ...                0.46         0.01
38  2026-01-23 17:15:05       0m 25s  ...                1.59         0.04
39  2026-01-23 17:15:30       0m 32s  ...               43.85         1.03
40  2026-01-23 17:16:03       0m 34s  ...               61.84         1.56
41  2026-01-23 17:16:37       0m 33s  ...               46.89         1.19
42  2026-01-23 17:17:11       0m 39s  ...               80.70         2.32
43  2026-01-23 17:17:51       0m 26s  ...                2.90         0.07
44  2026-01-23 17:18:17       0m 28s  ...               11.56         0.29
45  2026-01-23 17:18:45       0m 27s  ...                4.11         0.11
46  2026-01-23 17:19:12       0m 27s  ...               11.45         0.30
47  2026-01-23 17:19:40       0m 27s  ...               11.80         0.25
48  2026-01-23 17:20:07       0m 27s  ...                6.42         0.18
49  2026-01-23 17:20:35       0m 26s  ...                0.78         0.02

[50 rows x 24 columns]
              timestamp time_elapsed  ... severity_rate_patch Gradient_sr2
0   2026-01-23 16:56:56       0m 26s  ...                1.74         0.04
1   2026-01-23 16:57:23       0m 26s  ...                4.36         0.11
2   2026-01-23 16:57:49       0m 27s  ...                0.85         0.02
3   2026-01-23 16:58:16       0m 30s  ...               25.47         0.67
4   2026-01-23 16:58:47       0m 31s  ...               37.39         0.99
5   2026-01-23 16:59:18       0m 26s  ...                0.45         0.01
6   2026-01-23 16:59:44       0m 30s  ...               38.62         0.91
7   2026-01-23 17:00:15       0m 30s  ...               19.86         0.56
8   2026-01-23 17:00:45       0m 30s  ...               39.61         1.05
9   2026-01-23 17:01:16       0m 26s  ...                1.79         0.05
10  2026-01-23 17:01:43       0m 26s  ...                2.79         0.07
11  2026-01-23 17:02:09       0m 29s  ...               20.77         0.49
12  2026-01-23 17:02:39       0m 28s  ...               20.60         0.51
13  2026-01-23 17:03:07       0m 27s  ...               15.28         0.35
14  2026-01-23 17:03:34       0m 30s  ...               30.18         0.79
15  2026-01-23 17:04:05       0m 29s  ...               19.25         0.48
16  2026-01-23 17:04:35       0m 39s  ...               85.84         2.58
17  2026-01-23 17:05:15       0m 26s  ...                0.76         0.02
18  2026-01-23 17:05:41       0m 29s  ...               23.22         0.57
19  2026-01-23 17:06:11       0m 35s  ...               62.76         1.72
20  2026-01-23 17:06:46       0m 26s  ...                1.10         0.03
21  2026-01-23 17:07:13       0m 29s  ...               19.31         0.52
22  2026-01-23 17:07:42       0m 31s  ...               42.05         1.16
23  2026-01-23 17:08:13       0m 24s  ...                6.56         0.18
24  2026-01-23 17:08:37       0m 25s  ...                1.51         0.04
25  2026-01-23 17:09:03       0m 27s  ...                8.51         0.22
26  2026-01-23 17:09:30       0m 28s  ...               12.12         0.31
27  2026-01-23 17:09:58       0m 30s  ...               32.69         0.79
28  2026-01-23 17:10:28       0m 26s  ...                2.15         0.06
29  2026-01-23 17:10:55       0m 26s  ...                2.94         0.07
30  2026-01-23 17:11:22       0m 27s  ...               12.91         0.30
31  2026-01-23 17:11:49       0m 28s  ...               42.77         1.19
32  2026-01-23 17:12:18       0m 34s  ...               65.54         1.89
33  2026-01-23 17:12:52       0m 27s  ...               10.11         0.24
34  2026-01-23 17:13:20       0m 26s  ...                4.05         0.11
35  2026-01-23 17:13:46       0m 26s  ...                1.89         0.05
36  2026-01-23 17:14:12       0m 26s  ...                5.54         0.15
37  2026-01-23 17:14:39       0m 25s  ...                0.46         0.01
38  2026-01-23 17:15:05       0m 25s  ...                1.59         0.04
39  2026-01-23 17:15:30       0m 32s  ...               43.85         1.03
40  2026-01-23 17:16:03       0m 34s  ...               61.84         1.56
41  2026-01-23 17:16:37       0m 33s  ...               46.89         1.19
42  2026-01-23 17:17:11       0m 39s  ...               80.70         2.32
43  2026-01-23 17:17:51       0m 26s  ...                2.90         0.07
44  2026-01-23 17:18:17       0m 28s  ...               11.56         0.29
45  2026-01-23 17:18:45       0m 27s  ...                4.11         0.11
46  2026-01-23 17:19:12       0m 27s  ...               11.45         0.30
47  2026-01-23 17:19:40       0m 27s  ...               11.80         0.25
48  2026-01-23 17:20:07       0m 27s  ...                6.42         0.18
49  2026-01-23 17:20:35       0m 26s  ...                0.78         0.02
50  2026-01-23 17:21:01       0m 39s  ...               83.75         2.58

[51 rows x 24 columns]
[2026-01-23 17:23:11,902] - [root] - [INFO] - Analysis finished: 0m 27s
[2026-01-23 17:23:11,902] - [root] - [INFO] - -------------------------------------------
[2026-01-23 17:23:11,902] - [root] - [INFO] - -------------------------------------------
[2026-01-23 17:23:11,902] - [root] - [INFO] - Processing 1-22-2026 5dpi 132-W2021011-644_R2.png
[2026-01-23 17:23:33,527] - [root] - [INFO] - Finished loading mask: 0m 21s
[2026-01-23 17:23:44,265] - [root] - [INFO] - Finished crop and inference: 0m 32s
              timestamp time_elapsed  ... severity_rate_patch Gradient_sr2
0   2026-01-23 16:56:56       0m 26s  ...                1.74         0.04
1   2026-01-23 16:57:23       0m 26s  ...                4.36         0.11
2   2026-01-23 16:57:49       0m 27s  ...                0.85         0.02
3   2026-01-23 16:58:16       0m 30s  ...               25.47         0.67
4   2026-01-23 16:58:47       0m 31s  ...               37.39         0.99
5   2026-01-23 16:59:18       0m 26s  ...                0.45         0.01
6   2026-01-23 16:59:44       0m 30s  ...               38.62         0.91
7   2026-01-23 17:00:15       0m 30s  ...               19.86         0.56
8   2026-01-23 17:00:45       0m 30s  ...               39.61         1.05
9   2026-01-23 17:01:16       0m 26s  ...                1.79         0.05
10  2026-01-23 17:01:43       0m 26s  ...                2.79         0.07
11  2026-01-23 17:02:09       0m 29s  ...               20.77         0.49
12  2026-01-23 17:02:39       0m 28s  ...               20.60         0.51
13  2026-01-23 17:03:07       0m 27s  ...               15.28         0.35
14  2026-01-23 17:03:34       0m 30s  ...               30.18         0.79
15  2026-01-23 17:04:05       0m 29s  ...               19.25         0.48
16  2026-01-23 17:04:35       0m 39s  ...               85.84         2.58
17  2026-01-23 17:05:15       0m 26s  ...                0.76         0.02
18  2026-01-23 17:05:41       0m 29s  ...               23.22         0.57
19  2026-01-23 17:06:11       0m 35s  ...               62.76         1.72
20  2026-01-23 17:06:46       0m 26s  ...                1.10         0.03
21  2026-01-23 17:07:13       0m 29s  ...               19.31         0.52
22  2026-01-23 17:07:42       0m 31s  ...               42.05         1.16
23  2026-01-23 17:08:13       0m 24s  ...                6.56         0.18
24  2026-01-23 17:08:37       0m 25s  ...                1.51         0.04
25  2026-01-23 17:09:03       0m 27s  ...                8.51         0.22
26  2026-01-23 17:09:30       0m 28s  ...               12.12         0.31
27  2026-01-23 17:09:58       0m 30s  ...               32.69         0.79
28  2026-01-23 17:10:28       0m 26s  ...                2.15         0.06
29  2026-01-23 17:10:55       0m 26s  ...                2.94         0.07
30  2026-01-23 17:11:22       0m 27s  ...               12.91         0.30
31  2026-01-23 17:11:49       0m 28s  ...               42.77         1.19
32  2026-01-23 17:12:18       0m 34s  ...               65.54         1.89
33  2026-01-23 17:12:52       0m 27s  ...               10.11         0.24
34  2026-01-23 17:13:20       0m 26s  ...                4.05         0.11
35  2026-01-23 17:13:46       0m 26s  ...                1.89         0.05
36  2026-01-23 17:14:12       0m 26s  ...                5.54         0.15
37  2026-01-23 17:14:39       0m 25s  ...                0.46         0.01
38  2026-01-23 17:15:05       0m 25s  ...                1.59         0.04
39  2026-01-23 17:15:30       0m 32s  ...               43.85         1.03
40  2026-01-23 17:16:03       0m 34s  ...               61.84         1.56
41  2026-01-23 17:16:37       0m 33s  ...               46.89         1.19
42  2026-01-23 17:17:11       0m 39s  ...               80.70         2.32
43  2026-01-23 17:17:51       0m 26s  ...                2.90         0.07
44  2026-01-23 17:18:17       0m 28s  ...               11.56         0.29
45  2026-01-23 17:18:45       0m 27s  ...                4.11         0.11
46  2026-01-23 17:19:12       0m 27s  ...               11.45         0.30
47  2026-01-23 17:19:40       0m 27s  ...               11.80         0.25
48  2026-01-23 17:20:07       0m 27s  ...                6.42         0.18
49  2026-01-23 17:20:35       0m 26s  ...                0.78         0.02
50  2026-01-23 17:21:01       0m 39s  ...               83.75         2.58
51  2026-01-23 17:21:40       0m 35s  ...               77.72         2.05

[52 rows x 24 columns]
              timestamp time_elapsed  ... severity_rate_patch Gradient_sr2
0   2026-01-23 16:56:56       0m 26s  ...                1.74         0.04
1   2026-01-23 16:57:23       0m 26s  ...                4.36         0.11
2   2026-01-23 16:57:49       0m 27s  ...                0.85         0.02
3   2026-01-23 16:58:16       0m 30s  ...               25.47         0.67
4   2026-01-23 16:58:47       0m 31s  ...               37.39         0.99
5   2026-01-23 16:59:18       0m 26s  ...                0.45         0.01
6   2026-01-23 16:59:44       0m 30s  ...               38.62         0.91
7   2026-01-23 17:00:15       0m 30s  ...               19.86         0.56
8   2026-01-23 17:00:45       0m 30s  ...               39.61         1.05
9   2026-01-23 17:01:16       0m 26s  ...                1.79         0.05
10  2026-01-23 17:01:43       0m 26s  ...                2.79         0.07
11  2026-01-23 17:02:09       0m 29s  ...               20.77         0.49
12  2026-01-23 17:02:39       0m 28s  ...               20.60         0.51
13  2026-01-23 17:03:07       0m 27s  ...               15.28         0.35
14  2026-01-23 17:03:34       0m 30s  ...               30.18         0.79
15  2026-01-23 17:04:05       0m 29s  ...               19.25         0.48
16  2026-01-23 17:04:35       0m 39s  ...               85.84         2.58
17  2026-01-23 17:05:15       0m 26s  ...                0.76         0.02
18  2026-01-23 17:05:41       0m 29s  ...               23.22         0.57
19  2026-01-23 17:06:11       0m 35s  ...               62.76         1.72
20  2026-01-23 17:06:46       0m 26s  ...                1.10         0.03
21  2026-01-23 17:07:13       0m 29s  ...               19.31         0.52
22  2026-01-23 17:07:42       0m 31s  ...               42.05         1.16
23  2026-01-23 17:08:13       0m 24s  ...                6.56         0.18
24  2026-01-23 17:08:37       0m 25s  ...                1.51         0.04
25  2026-01-23 17:09:03       0m 27s  ...                8.51         0.22
26  2026-01-23 17:09:30       0m 28s  ...               12.12         0.31
27  2026-01-23 17:09:58       0m 30s  ...               32.69         0.79
28  2026-01-23 17:10:28       0m 26s  ...                2.15         0.06
29  2026-01-23 17:10:55       0m 26s  ...                2.94         0.07
30  2026-01-23 17:11:22       0m 27s  ...               12.91         0.30
31  2026-01-23 17:11:49       0m 28s  ...               42.77         1.19
32  2026-01-23 17:12:18       0m 34s  ...               65.54         1.89
33  2026-01-23 17:12:52       0m 27s  ...               10.11         0.24
34  2026-01-23 17:13:20       0m 26s  ...                4.05         0.11
35  2026-01-23 17:13:46       0m 26s  ...                1.89         0.05
36  2026-01-23 17:14:12       0m 26s  ...                5.54         0.15
37  2026-01-23 17:14:39       0m 25s  ...                0.46         0.01
38  2026-01-23 17:15:05       0m 25s  ...                1.59         0.04
39  2026-01-23 17:15:30       0m 32s  ...               43.85         1.03
40  2026-01-23 17:16:03       0m 34s  ...               61.84         1.56
41  2026-01-23 17:16:37       0m 33s  ...               46.89         1.19
42  2026-01-23 17:17:11       0m 39s  ...               80.70         2.32
43  2026-01-23 17:17:51       0m 26s  ...                2.90         0.07
44  2026-01-23 17:18:17       0m 28s  ...               11.56         0.29
45  2026-01-23 17:18:45       0m 27s  ...                4.11         0.11
46  2026-01-23 17:19:12       0m 27s  ...               11.45         0.30
47  2026-01-23 17:19:40       0m 27s  ...               11.80         0.25
48  2026-01-23 17:20:07       0m 27s  ...                6.42         0.18
49  2026-01-23 17:20:35       0m 26s  ...                0.78         0.02
50  2026-01-23 17:21:01       0m 39s  ...               83.75         2.58
51  2026-01-23 17:21:40       0m 35s  ...               77.72         2.05
52  2026-01-23 17:22:15       0m 28s  ...                8.96         0.25

[53 rows x 24 columns]
[2026-01-23 17:23:46,089] - [root] - [INFO] - Analysis finished: 0m 34s
[2026-01-23 17:23:46,089] - [root] - [INFO] - -------------------------------------------
[2026-01-23 17:23:46,089] - [root] - [INFO] - -------------------------------------------
[2026-01-23 17:23:46,089] - [root] - [INFO] - Processing 1-22-2026 5dpi 134-W2021006-001_R1.png
[2026-01-23 17:24:06,611] - [root] - [INFO] - Finished loading mask: 0m 20s
[2026-01-23 17:24:20,870] - [root] - [INFO] - Finished crop and inference: 0m 34s
              timestamp time_elapsed  ... severity_rate_patch Gradient_sr2
0   2026-01-23 16:56:56       0m 26s  ...                1.74         0.04
1   2026-01-23 16:57:23       0m 26s  ...                4.36         0.11
2   2026-01-23 16:57:49       0m 27s  ...                0.85         0.02
3   2026-01-23 16:58:16       0m 30s  ...               25.47         0.67
4   2026-01-23 16:58:47       0m 31s  ...               37.39         0.99
5   2026-01-23 16:59:18       0m 26s  ...                0.45         0.01
6   2026-01-23 16:59:44       0m 30s  ...               38.62         0.91
7   2026-01-23 17:00:15       0m 30s  ...               19.86         0.56
8   2026-01-23 17:00:45       0m 30s  ...               39.61         1.05
9   2026-01-23 17:01:16       0m 26s  ...                1.79         0.05
10  2026-01-23 17:01:43       0m 26s  ...                2.79         0.07
11  2026-01-23 17:02:09       0m 29s  ...               20.77         0.49
12  2026-01-23 17:02:39       0m 28s  ...               20.60         0.51
13  2026-01-23 17:03:07       0m 27s  ...               15.28         0.35
14  2026-01-23 17:03:34       0m 30s  ...               30.18         0.79
15  2026-01-23 17:04:05       0m 29s  ...               19.25         0.48
16  2026-01-23 17:04:35       0m 39s  ...               85.84         2.58
17  2026-01-23 17:05:15       0m 26s  ...                0.76         0.02
18  2026-01-23 17:05:41       0m 29s  ...               23.22         0.57
19  2026-01-23 17:06:11       0m 35s  ...               62.76         1.72
20  2026-01-23 17:06:46       0m 26s  ...                1.10         0.03
21  2026-01-23 17:07:13       0m 29s  ...               19.31         0.52
22  2026-01-23 17:07:42       0m 31s  ...               42.05         1.16
23  2026-01-23 17:08:13       0m 24s  ...                6.56         0.18
24  2026-01-23 17:08:37       0m 25s  ...                1.51         0.04
25  2026-01-23 17:09:03       0m 27s  ...                8.51         0.22
26  2026-01-23 17:09:30       0m 28s  ...               12.12         0.31
27  2026-01-23 17:09:58       0m 30s  ...               32.69         0.79
28  2026-01-23 17:10:28       0m 26s  ...                2.15         0.06
29  2026-01-23 17:10:55       0m 26s  ...                2.94         0.07
30  2026-01-23 17:11:22       0m 27s  ...               12.91         0.30
31  2026-01-23 17:11:49       0m 28s  ...               42.77         1.19
32  2026-01-23 17:12:18       0m 34s  ...               65.54         1.89
33  2026-01-23 17:12:52       0m 27s  ...               10.11         0.24
34  2026-01-23 17:13:20       0m 26s  ...                4.05         0.11
35  2026-01-23 17:13:46       0m 26s  ...                1.89         0.05
36  2026-01-23 17:14:12       0m 26s  ...                5.54         0.15
37  2026-01-23 17:14:39       0m 25s  ...                0.46         0.01
38  2026-01-23 17:15:05       0m 25s  ...                1.59         0.04
39  2026-01-23 17:15:30       0m 32s  ...               43.85         1.03
40  2026-01-23 17:16:03       0m 34s  ...               61.84         1.56
41  2026-01-23 17:16:37       0m 33s  ...               46.89         1.19
42  2026-01-23 17:17:11       0m 39s  ...               80.70         2.32
43  2026-01-23 17:17:51       0m 26s  ...                2.90         0.07
44  2026-01-23 17:18:17       0m 28s  ...               11.56         0.29
45  2026-01-23 17:18:45       0m 27s  ...                4.11         0.11
46  2026-01-23 17:19:12       0m 27s  ...               11.45         0.30
47  2026-01-23 17:19:40       0m 27s  ...               11.80         0.25
48  2026-01-23 17:20:07       0m 27s  ...                6.42         0.18
49  2026-01-23 17:20:35       0m 26s  ...                0.78         0.02
50  2026-01-23 17:21:01       0m 39s  ...               83.75         2.58
51  2026-01-23 17:21:40       0m 35s  ...               77.72         2.05
52  2026-01-23 17:22:15       0m 28s  ...                8.96         0.25
53  2026-01-23 17:22:44       0m 27s  ...                1.10         0.03

[54 rows x 24 columns]
[2026-01-23 17:24:22,638] - [root] - [INFO] - Analysis finished: 0m 36s
[2026-01-23 17:24:22,638] - [root] - [INFO] - -------------------------------------------
[2026-01-23 17:24:22,638] - [root] - [INFO] - -------------------------------------------
[2026-01-23 17:24:22,638] - [root] - [INFO] - Processing 1-22-2026 5dpi 134-W2021009-275_R1.png
[2026-01-23 17:24:43,409] - [root] - [INFO] - Finished loading mask: 0m 20s
[2026-01-23 17:24:55,663] - [root] - [INFO] - Finished crop and inference: 0m 33s
              timestamp time_elapsed  ... severity_rate_patch Gradient_sr2
0   2026-01-23 16:56:56       0m 26s  ...                1.74         0.04
1   2026-01-23 16:57:23       0m 26s  ...                4.36         0.11
2   2026-01-23 16:57:49       0m 27s  ...                0.85         0.02
3   2026-01-23 16:58:16       0m 30s  ...               25.47         0.67
4   2026-01-23 16:58:47       0m 31s  ...               37.39         0.99
5   2026-01-23 16:59:18       0m 26s  ...                0.45         0.01
6   2026-01-23 16:59:44       0m 30s  ...               38.62         0.91
7   2026-01-23 17:00:15       0m 30s  ...               19.86         0.56
8   2026-01-23 17:00:45       0m 30s  ...               39.61         1.05
9   2026-01-23 17:01:16       0m 26s  ...                1.79         0.05
10  2026-01-23 17:01:43       0m 26s  ...                2.79         0.07
11  2026-01-23 17:02:09       0m 29s  ...               20.77         0.49
12  2026-01-23 17:02:39       0m 28s  ...               20.60         0.51
13  2026-01-23 17:03:07       0m 27s  ...               15.28         0.35
14  2026-01-23 17:03:34       0m 30s  ...               30.18         0.79
15  2026-01-23 17:04:05       0m 29s  ...               19.25         0.48
16  2026-01-23 17:04:35       0m 39s  ...               85.84         2.58
17  2026-01-23 17:05:15       0m 26s  ...                0.76         0.02
18  2026-01-23 17:05:41       0m 29s  ...               23.22         0.57
19  2026-01-23 17:06:11       0m 35s  ...               62.76         1.72
20  2026-01-23 17:06:46       0m 26s  ...                1.10         0.03
21  2026-01-23 17:07:13       0m 29s  ...               19.31         0.52
22  2026-01-23 17:07:42       0m 31s  ...               42.05         1.16
23  2026-01-23 17:08:13       0m 24s  ...                6.56         0.18
24  2026-01-23 17:08:37       0m 25s  ...                1.51         0.04
25  2026-01-23 17:09:03       0m 27s  ...                8.51         0.22
26  2026-01-23 17:09:30       0m 28s  ...               12.12         0.31
27  2026-01-23 17:09:58       0m 30s  ...               32.69         0.79
28  2026-01-23 17:10:28       0m 26s  ...                2.15         0.06
29  2026-01-23 17:10:55       0m 26s  ...                2.94         0.07
30  2026-01-23 17:11:22       0m 27s  ...               12.91         0.30
31  2026-01-23 17:11:49       0m 28s  ...               42.77         1.19
32  2026-01-23 17:12:18       0m 34s  ...               65.54         1.89
33  2026-01-23 17:12:52       0m 27s  ...               10.11         0.24
34  2026-01-23 17:13:20       0m 26s  ...                4.05         0.11
35  2026-01-23 17:13:46       0m 26s  ...                1.89         0.05
36  2026-01-23 17:14:12       0m 26s  ...                5.54         0.15
37  2026-01-23 17:14:39       0m 25s  ...                0.46         0.01
38  2026-01-23 17:15:05       0m 25s  ...                1.59         0.04
39  2026-01-23 17:15:30       0m 32s  ...               43.85         1.03
40  2026-01-23 17:16:03       0m 34s  ...               61.84         1.56
41  2026-01-23 17:16:37       0m 33s  ...               46.89         1.19
42  2026-01-23 17:17:11       0m 39s  ...               80.70         2.32
43  2026-01-23 17:17:51       0m 26s  ...                2.90         0.07
44  2026-01-23 17:18:17       0m 28s  ...               11.56         0.29
45  2026-01-23 17:18:45       0m 27s  ...                4.11         0.11
46  2026-01-23 17:19:12       0m 27s  ...               11.45         0.30
47  2026-01-23 17:19:40       0m 27s  ...               11.80         0.25
48  2026-01-23 17:20:07       0m 27s  ...                6.42         0.18
49  2026-01-23 17:20:35       0m 26s  ...                0.78         0.02
50  2026-01-23 17:21:01       0m 39s  ...               83.75         2.58
51  2026-01-23 17:21:40       0m 35s  ...               77.72         2.05
52  2026-01-23 17:22:15       0m 28s  ...                8.96         0.25
53  2026-01-23 17:22:44       0m 27s  ...                1.10         0.03
54  2026-01-23 17:23:11       0m 34s  ...               11.49         0.28

[55 rows x 24 columns]
[2026-01-23 17:24:57,375] - [root] - [INFO] - Analysis finished: 0m 34s
[2026-01-23 17:24:57,375] - [root] - [INFO] - -------------------------------------------
[2026-01-23 17:24:57,375] - [root] - [INFO] - -------------------------------------------
[2026-01-23 17:24:57,375] - [root] - [INFO] - Processing 1-22-2026 5dpi 137-W2021010-342_R2.png
[2026-01-23 17:25:18,289] - [root] - [INFO] - Finished loading mask: 0m 20s
[2026-01-23 17:25:27,134] - [root] - [INFO] - Finished crop and inference: 0m 29s
              timestamp time_elapsed  ... severity_rate_patch Gradient_sr2
0   2026-01-23 16:56:56       0m 26s  ...                1.74         0.04
1   2026-01-23 16:57:23       0m 26s  ...                4.36         0.11
2   2026-01-23 16:57:49       0m 27s  ...                0.85         0.02
3   2026-01-23 16:58:16       0m 30s  ...               25.47         0.67
4   2026-01-23 16:58:47       0m 31s  ...               37.39         0.99
5   2026-01-23 16:59:18       0m 26s  ...                0.45         0.01
6   2026-01-23 16:59:44       0m 30s  ...               38.62         0.91
7   2026-01-23 17:00:15       0m 30s  ...               19.86         0.56
8   2026-01-23 17:00:45       0m 30s  ...               39.61         1.05
9   2026-01-23 17:01:16       0m 26s  ...                1.79         0.05
10  2026-01-23 17:01:43       0m 26s  ...                2.79         0.07
11  2026-01-23 17:02:09       0m 29s  ...               20.77         0.49
12  2026-01-23 17:02:39       0m 28s  ...               20.60         0.51
13  2026-01-23 17:03:07       0m 27s  ...               15.28         0.35
14  2026-01-23 17:03:34       0m 30s  ...               30.18         0.79
15  2026-01-23 17:04:05       0m 29s  ...               19.25         0.48
16  2026-01-23 17:04:35       0m 39s  ...               85.84         2.58
17  2026-01-23 17:05:15       0m 26s  ...                0.76         0.02
18  2026-01-23 17:05:41       0m 29s  ...               23.22         0.57
19  2026-01-23 17:06:11       0m 35s  ...               62.76         1.72
20  2026-01-23 17:06:46       0m 26s  ...                1.10         0.03
21  2026-01-23 17:07:13       0m 29s  ...               19.31         0.52
22  2026-01-23 17:07:42       0m 31s  ...               42.05         1.16
23  2026-01-23 17:08:13       0m 24s  ...                6.56         0.18
24  2026-01-23 17:08:37       0m 25s  ...                1.51         0.04
25  2026-01-23 17:09:03       0m 27s  ...                8.51         0.22
26  2026-01-23 17:09:30       0m 28s  ...               12.12         0.31
27  2026-01-23 17:09:58       0m 30s  ...               32.69         0.79
28  2026-01-23 17:10:28       0m 26s  ...                2.15         0.06
29  2026-01-23 17:10:55       0m 26s  ...                2.94         0.07
30  2026-01-23 17:11:22       0m 27s  ...               12.91         0.30
31  2026-01-23 17:11:49       0m 28s  ...               42.77         1.19
32  2026-01-23 17:12:18       0m 34s  ...               65.54         1.89
33  2026-01-23 17:12:52       0m 27s  ...               10.11         0.24
34  2026-01-23 17:13:20       0m 26s  ...                4.05         0.11
35  2026-01-23 17:13:46       0m 26s  ...                1.89         0.05
36  2026-01-23 17:14:12       0m 26s  ...                5.54         0.15
37  2026-01-23 17:14:39       0m 25s  ...                0.46         0.01
38  2026-01-23 17:15:05       0m 25s  ...                1.59         0.04
39  2026-01-23 17:15:30       0m 32s  ...               43.85         1.03
40  2026-01-23 17:16:03       0m 34s  ...               61.84         1.56
41  2026-01-23 17:16:37       0m 33s  ...               46.89         1.19
42  2026-01-23 17:17:11       0m 39s  ...               80.70         2.32
43  2026-01-23 17:17:51       0m 26s  ...                2.90         0.07
44  2026-01-23 17:18:17       0m 28s  ...               11.56         0.29
45  2026-01-23 17:18:45       0m 27s  ...                4.11         0.11
46  2026-01-23 17:19:12       0m 27s  ...               11.45         0.30
47  2026-01-23 17:19:40       0m 27s  ...               11.80         0.25
48  2026-01-23 17:20:07       0m 27s  ...                6.42         0.18
49  2026-01-23 17:20:35       0m 26s  ...                0.78         0.02
50  2026-01-23 17:21:01       0m 39s  ...               83.75         2.58
51  2026-01-23 17:21:40       0m 35s  ...               77.72         2.05
52  2026-01-23 17:22:15       0m 28s  ...                8.96         0.25
53  2026-01-23 17:22:44       0m 27s  ...                1.10         0.03
54  2026-01-23 17:23:11       0m 34s  ...               11.49         0.28
55  2026-01-23 17:23:46       0m 36s  ...               55.20         1.46

[56 rows x 24 columns]
[2026-01-23 17:25:28,762] - [root] - [INFO] - Analysis finished: 0m 31s
[2026-01-23 17:25:28,763] - [root] - [INFO] - -------------------------------------------
[2026-01-23 17:25:28,763] - [root] - [INFO] - -------------------------------------------
[2026-01-23 17:25:28,763] - [root] - [INFO] - Processing 1-22-2026 5dpi 138-W2021010-446_R1.png
[2026-01-23 17:25:49,839] - [root] - [INFO] - Finished loading mask: 0m 21s
[2026-01-23 17:25:59,159] - [root] - [INFO] - Finished crop and inference: 0m 30s
              timestamp time_elapsed  ... severity_rate_patch Gradient_sr2
0   2026-01-23 16:56:56       0m 26s  ...                1.74         0.04
1   2026-01-23 16:57:23       0m 26s  ...                4.36         0.11
2   2026-01-23 16:57:49       0m 27s  ...                0.85         0.02
3   2026-01-23 16:58:16       0m 30s  ...               25.47         0.67
4   2026-01-23 16:58:47       0m 31s  ...               37.39         0.99
5   2026-01-23 16:59:18       0m 26s  ...                0.45         0.01
6   2026-01-23 16:59:44       0m 30s  ...               38.62         0.91
7   2026-01-23 17:00:15       0m 30s  ...               19.86         0.56
8   2026-01-23 17:00:45       0m 30s  ...               39.61         1.05
9   2026-01-23 17:01:16       0m 26s  ...                1.79         0.05
10  2026-01-23 17:01:43       0m 26s  ...                2.79         0.07
11  2026-01-23 17:02:09       0m 29s  ...               20.77         0.49
12  2026-01-23 17:02:39       0m 28s  ...               20.60         0.51
13  2026-01-23 17:03:07       0m 27s  ...               15.28         0.35
14  2026-01-23 17:03:34       0m 30s  ...               30.18         0.79
15  2026-01-23 17:04:05       0m 29s  ...               19.25         0.48
16  2026-01-23 17:04:35       0m 39s  ...               85.84         2.58
17  2026-01-23 17:05:15       0m 26s  ...                0.76         0.02
18  2026-01-23 17:05:41       0m 29s  ...               23.22         0.57
19  2026-01-23 17:06:11       0m 35s  ...               62.76         1.72
20  2026-01-23 17:06:46       0m 26s  ...                1.10         0.03
21  2026-01-23 17:07:13       0m 29s  ...               19.31         0.52
22  2026-01-23 17:07:42       0m 31s  ...               42.05         1.16
23  2026-01-23 17:08:13       0m 24s  ...                6.56         0.18
24  2026-01-23 17:08:37       0m 25s  ...                1.51         0.04
25  2026-01-23 17:09:03       0m 27s  ...                8.51         0.22
26  2026-01-23 17:09:30       0m 28s  ...               12.12         0.31
27  2026-01-23 17:09:58       0m 30s  ...               32.69         0.79
28  2026-01-23 17:10:28       0m 26s  ...                2.15         0.06
29  2026-01-23 17:10:55       0m 26s  ...                2.94         0.07
30  2026-01-23 17:11:22       0m 27s  ...               12.91         0.30
31  2026-01-23 17:11:49       0m 28s  ...               42.77         1.19
32  2026-01-23 17:12:18       0m 34s  ...               65.54         1.89
33  2026-01-23 17:12:52       0m 27s  ...               10.11         0.24
34  2026-01-23 17:13:20       0m 26s  ...                4.05         0.11
35  2026-01-23 17:13:46       0m 26s  ...                1.89         0.05
36  2026-01-23 17:14:12       0m 26s  ...                5.54         0.15
37  2026-01-23 17:14:39       0m 25s  ...                0.46         0.01
38  2026-01-23 17:15:05       0m 25s  ...                1.59         0.04
39  2026-01-23 17:15:30       0m 32s  ...               43.85         1.03
40  2026-01-23 17:16:03       0m 34s  ...               61.84         1.56
41  2026-01-23 17:16:37       0m 33s  ...               46.89         1.19
42  2026-01-23 17:17:11       0m 39s  ...               80.70         2.32
43  2026-01-23 17:17:51       0m 26s  ...                2.90         0.07
44  2026-01-23 17:18:17       0m 28s  ...               11.56         0.29
45  2026-01-23 17:18:45       0m 27s  ...                4.11         0.11
46  2026-01-23 17:19:12       0m 27s  ...               11.45         0.30
47  2026-01-23 17:19:40       0m 27s  ...               11.80         0.25
48  2026-01-23 17:20:07       0m 27s  ...                6.42         0.18
49  2026-01-23 17:20:35       0m 26s  ...                0.78         0.02
50  2026-01-23 17:21:01       0m 39s  ...               83.75         2.58
51  2026-01-23 17:21:40       0m 35s  ...               77.72         2.05
52  2026-01-23 17:22:15       0m 28s  ...                8.96         0.25
53  2026-01-23 17:22:44       0m 27s  ...                1.10         0.03
54  2026-01-23 17:23:11       0m 34s  ...               11.49         0.28
55  2026-01-23 17:23:46       0m 36s  ...               55.20         1.46
56  2026-01-23 17:24:22       0m 34s  ...               34.44         0.83

[57 rows x 24 columns]
[2026-01-23 17:26:00,725] - [root] - [INFO] - Analysis finished: 0m 31s
[2026-01-23 17:26:00,725] - [root] - [INFO] - -------------------------------------------
[2026-01-23 17:26:00,725] - [root] - [INFO] - -------------------------------------------
[2026-01-23 17:26:00,726] - [root] - [INFO] - Processing 1-22-2026 5dpi 141-W2021009-274_R1.png
[2026-01-23 17:26:20,023] - [root] - [INFO] - Finished loading mask: 0m 19s
[2026-01-23 17:26:41,207] - [root] - [INFO] - Finished crop and inference: 0m 40s
              timestamp time_elapsed  ... severity_rate_patch Gradient_sr2
0   2026-01-23 16:56:56       0m 26s  ...                1.74         0.04
1   2026-01-23 16:57:23       0m 26s  ...                4.36         0.11
2   2026-01-23 16:57:49       0m 27s  ...                0.85         0.02
3   2026-01-23 16:58:16       0m 30s  ...               25.47         0.67
4   2026-01-23 16:58:47       0m 31s  ...               37.39         0.99
5   2026-01-23 16:59:18       0m 26s  ...                0.45         0.01
6   2026-01-23 16:59:44       0m 30s  ...               38.62         0.91
7   2026-01-23 17:00:15       0m 30s  ...               19.86         0.56
8   2026-01-23 17:00:45       0m 30s  ...               39.61         1.05
9   2026-01-23 17:01:16       0m 26s  ...                1.79         0.05
10  2026-01-23 17:01:43       0m 26s  ...                2.79         0.07
11  2026-01-23 17:02:09       0m 29s  ...               20.77         0.49
12  2026-01-23 17:02:39       0m 28s  ...               20.60         0.51
13  2026-01-23 17:03:07       0m 27s  ...               15.28         0.35
14  2026-01-23 17:03:34       0m 30s  ...               30.18         0.79
15  2026-01-23 17:04:05       0m 29s  ...               19.25         0.48
16  2026-01-23 17:04:35       0m 39s  ...               85.84         2.58
17  2026-01-23 17:05:15       0m 26s  ...                0.76         0.02
18  2026-01-23 17:05:41       0m 29s  ...               23.22         0.57
19  2026-01-23 17:06:11       0m 35s  ...               62.76         1.72
20  2026-01-23 17:06:46       0m 26s  ...                1.10         0.03
21  2026-01-23 17:07:13       0m 29s  ...               19.31         0.52
22  2026-01-23 17:07:42       0m 31s  ...               42.05         1.16
23  2026-01-23 17:08:13       0m 24s  ...                6.56         0.18
24  2026-01-23 17:08:37       0m 25s  ...                1.51         0.04
25  2026-01-23 17:09:03       0m 27s  ...                8.51         0.22
26  2026-01-23 17:09:30       0m 28s  ...               12.12         0.31
27  2026-01-23 17:09:58       0m 30s  ...               32.69         0.79
28  2026-01-23 17:10:28       0m 26s  ...                2.15         0.06
29  2026-01-23 17:10:55       0m 26s  ...                2.94         0.07
30  2026-01-23 17:11:22       0m 27s  ...               12.91         0.30
31  2026-01-23 17:11:49       0m 28s  ...               42.77         1.19
32  2026-01-23 17:12:18       0m 34s  ...               65.54         1.89
33  2026-01-23 17:12:52       0m 27s  ...               10.11         0.24
34  2026-01-23 17:13:20       0m 26s  ...                4.05         0.11
35  2026-01-23 17:13:46       0m 26s  ...                1.89         0.05
36  2026-01-23 17:14:12       0m 26s  ...                5.54         0.15
37  2026-01-23 17:14:39       0m 25s  ...                0.46         0.01
38  2026-01-23 17:15:05       0m 25s  ...                1.59         0.04
39  2026-01-23 17:15:30       0m 32s  ...               43.85         1.03
40  2026-01-23 17:16:03       0m 34s  ...               61.84         1.56
41  2026-01-23 17:16:37       0m 33s  ...               46.89         1.19
42  2026-01-23 17:17:11       0m 39s  ...               80.70         2.32
43  2026-01-23 17:17:51       0m 26s  ...                2.90         0.07
44  2026-01-23 17:18:17       0m 28s  ...               11.56         0.29
45  2026-01-23 17:18:45       0m 27s  ...                4.11         0.11
46  2026-01-23 17:19:12       0m 27s  ...               11.45         0.30
47  2026-01-23 17:19:40       0m 27s  ...               11.80         0.25
48  2026-01-23 17:20:07       0m 27s  ...                6.42         0.18
49  2026-01-23 17:20:35       0m 26s  ...                0.78         0.02
50  2026-01-23 17:21:01       0m 39s  ...               83.75         2.58
51  2026-01-23 17:21:40       0m 35s  ...               77.72         2.05
52  2026-01-23 17:22:15       0m 28s  ...                8.96         0.25
53  2026-01-23 17:22:44       0m 27s  ...                1.10         0.03
54  2026-01-23 17:23:11       0m 34s  ...               11.49         0.28
55  2026-01-23 17:23:46       0m 36s  ...               55.20         1.46
56  2026-01-23 17:24:22       0m 34s  ...               34.44         0.83
57  2026-01-23 17:24:57       0m 31s  ...                4.27         0.10

[58 rows x 24 columns]
[2026-01-23 17:26:42,764] - [root] - [INFO] - Analysis finished: 0m 42s
[2026-01-23 17:26:42,764] - [root] - [INFO] - -------------------------------------------
[2026-01-23 17:26:42,764] - [root] - [INFO] - -------------------------------------------
[2026-01-23 17:26:42,764] - [root] - [INFO] - Processing 1-22-2026 5dpi 143-W2021010-313_R2.png
[2026-01-23 17:27:03,999] - [root] - [INFO] - Finished loading mask: 0m 21s
[2026-01-23 17:27:12,335] - [root] - [INFO] - Finished crop and inference: 0m 29s
[2026-01-23 17:27:13,880] - [root] - [INFO] - Analysis finished: 0m 31s
[2026-01-23 17:27:13,880] - [root] - [INFO] - -------------------------------------------
[2026-01-23 17:27:13,880] - [root] - [INFO] - -------------------------------------------
[2026-01-23 17:27:13,880] - [root] - [INFO] - Processing 1-22-2026 5dpi 148-W2021011-462_R2.png
[2026-01-23 17:27:34,714] - [root] - [INFO] - Finished loading mask: 0m 20s
[2026-01-23 17:27:46,969] - [root] - [INFO] - Finished crop and inference: 0m 33s
[2026-01-23 17:27:48,500] - [root] - [INFO] - Analysis finished: 0m 34s
[2026-01-23 17:27:48,501] - [root] - [INFO] - -------------------------------------------
[2026-01-23 17:27:48,501] - [root] - [INFO] - -------------------------------------------
[2026-01-23 17:27:48,501] - [root] - [INFO] - Processing 1-22-2026 5dpi 149-W2021010-417_R1.png
[2026-01-23 17:28:09,923] - [root] - [INFO] - Finished loading mask: 0m 21s
[2026-01-23 17:28:19,999] - [root] - [INFO] - Finished crop and inference: 0m 31s
[2026-01-23 17:28:21,550] - [root] - [INFO] - Analysis finished: 0m 33s
[2026-01-23 17:28:21,551] - [root] - [INFO] - -------------------------------------------
[2026-01-23 17:28:21,551] - [root] - [INFO] - -------------------------------------------
[2026-01-23 17:28:21,551] - [root] - [INFO] - Processing 1-22-2026 5dpi 154-W2021010-419_R1.png
[2026-01-23 17:28:42,820] - [root] - [INFO] - Finished loading mask: 0m 21s
[2026-01-23 17:28:51,727] - [root] - [INFO] - Finished crop and inference: 0m 30s
              timestamp time_elapsed  ... severity_rate_patch Gradient_sr2
0   2026-01-23 16:56:56       0m 26s  ...                1.74         0.04
1   2026-01-23 16:57:23       0m 26s  ...                4.36         0.11
2   2026-01-23 16:57:49       0m 27s  ...                0.85         0.02
3   2026-01-23 16:58:16       0m 30s  ...               25.47         0.67
4   2026-01-23 16:58:47       0m 31s  ...               37.39         0.99
5   2026-01-23 16:59:18       0m 26s  ...                0.45         0.01
6   2026-01-23 16:59:44       0m 30s  ...               38.62         0.91
7   2026-01-23 17:00:15       0m 30s  ...               19.86         0.56
8   2026-01-23 17:00:45       0m 30s  ...               39.61         1.05
9   2026-01-23 17:01:16       0m 26s  ...                1.79         0.05
10  2026-01-23 17:01:43       0m 26s  ...                2.79         0.07
11  2026-01-23 17:02:09       0m 29s  ...               20.77         0.49
12  2026-01-23 17:02:39       0m 28s  ...               20.60         0.51
13  2026-01-23 17:03:07       0m 27s  ...               15.28         0.35
14  2026-01-23 17:03:34       0m 30s  ...               30.18         0.79
15  2026-01-23 17:04:05       0m 29s  ...               19.25         0.48
16  2026-01-23 17:04:35       0m 39s  ...               85.84         2.58
17  2026-01-23 17:05:15       0m 26s  ...                0.76         0.02
18  2026-01-23 17:05:41       0m 29s  ...               23.22         0.57
19  2026-01-23 17:06:11       0m 35s  ...               62.76         1.72
20  2026-01-23 17:06:46       0m 26s  ...                1.10         0.03
21  2026-01-23 17:07:13       0m 29s  ...               19.31         0.52
22  2026-01-23 17:07:42       0m 31s  ...               42.05         1.16
23  2026-01-23 17:08:13       0m 24s  ...                6.56         0.18
24  2026-01-23 17:08:37       0m 25s  ...                1.51         0.04
25  2026-01-23 17:09:03       0m 27s  ...                8.51         0.22
26  2026-01-23 17:09:30       0m 28s  ...               12.12         0.31
27  2026-01-23 17:09:58       0m 30s  ...               32.69         0.79
28  2026-01-23 17:10:28       0m 26s  ...                2.15         0.06
29  2026-01-23 17:10:55       0m 26s  ...                2.94         0.07
30  2026-01-23 17:11:22       0m 27s  ...               12.91         0.30
31  2026-01-23 17:11:49       0m 28s  ...               42.77         1.19
32  2026-01-23 17:12:18       0m 34s  ...               65.54         1.89
33  2026-01-23 17:12:52       0m 27s  ...               10.11         0.24
34  2026-01-23 17:13:20       0m 26s  ...                4.05         0.11
35  2026-01-23 17:13:46       0m 26s  ...                1.89         0.05
36  2026-01-23 17:14:12       0m 26s  ...                5.54         0.15
37  2026-01-23 17:14:39       0m 25s  ...                0.46         0.01
38  2026-01-23 17:15:05       0m 25s  ...                1.59         0.04
39  2026-01-23 17:15:30       0m 32s  ...               43.85         1.03
40  2026-01-23 17:16:03       0m 34s  ...               61.84         1.56
41  2026-01-23 17:16:37       0m 33s  ...               46.89         1.19
42  2026-01-23 17:17:11       0m 39s  ...               80.70         2.32
43  2026-01-23 17:17:51       0m 26s  ...                2.90         0.07
44  2026-01-23 17:18:17       0m 28s  ...               11.56         0.29
45  2026-01-23 17:18:45       0m 27s  ...                4.11         0.11
46  2026-01-23 17:19:12       0m 27s  ...               11.45         0.30
47  2026-01-23 17:19:40       0m 27s  ...               11.80         0.25
48  2026-01-23 17:20:07       0m 27s  ...                6.42         0.18
49  2026-01-23 17:20:35       0m 26s  ...                0.78         0.02
50  2026-01-23 17:21:01       0m 39s  ...               83.75         2.58
51  2026-01-23 17:21:40       0m 35s  ...               77.72         2.05
52  2026-01-23 17:22:15       0m 28s  ...                8.96         0.25
53  2026-01-23 17:22:44       0m 27s  ...                1.10         0.03
54  2026-01-23 17:23:11       0m 34s  ...               11.49         0.28
55  2026-01-23 17:23:46       0m 36s  ...               55.20         1.46
56  2026-01-23 17:24:22       0m 34s  ...               34.44         0.83
57  2026-01-23 17:24:57       0m 31s  ...                4.27         0.10
58  2026-01-23 17:25:28       0m 31s  ...                8.15         0.18

[59 rows x 24 columns]
[2026-01-23 17:28:53,245] - [root] - [INFO] - Analysis finished: 0m 31s
[2026-01-23 17:28:53,245] - [root] - [INFO] - -------------------------------------------
[2026-01-23 17:28:53,245] - [root] - [INFO] - -------------------------------------------
[2026-01-23 17:28:53,245] - [root] - [INFO] - Processing 1-22-2026 5dpi 155-W2021011-639_R1.png
[2026-01-23 17:29:14,740] - [root] - [INFO] - Finished loading mask: 0m 21s
[2026-01-23 17:29:24,094] - [root] - [INFO] - Finished crop and inference: 0m 30s
[2026-01-23 17:29:25,615] - [root] - [INFO] - Analysis finished: 0m 32s
[2026-01-23 17:29:25,615] - [root] - [INFO] - -------------------------------------------
[2026-01-23 17:29:25,615] - [root] - [INFO] - -------------------------------------------
[2026-01-23 17:29:25,615] - [root] - [INFO] - Processing 1-22-2026 5dpi 156-W2021009-276_R2.png
[2026-01-23 17:29:46,519] - [root] - [INFO] - Finished loading mask: 0m 20s
[2026-01-23 17:29:56,595] - [root] - [INFO] - Finished crop and inference: 0m 30s
[2026-01-23 17:29:58,143] - [root] - [INFO] - Analysis finished: 0m 32s
[2026-01-23 17:29:58,143] - [root] - [INFO] - -------------------------------------------
[2026-01-23 17:29:58,143] - [root] - [INFO] - -------------------------------------------
[2026-01-23 17:29:58,143] - [root] - [INFO] - Processing 1-22-2026 5dpi 158-W2021006-114_R1.png
[2026-01-23 17:30:19,223] - [root] - [INFO] - Finished loading mask: 0m 21s
[2026-01-23 17:30:34,096] - [root] - [INFO] - Finished crop and inference: 0m 35s
[2026-01-23 17:30:35,735] - [root] - [INFO] - Analysis finished: 0m 37s
[2026-01-23 17:30:35,735] - [root] - [INFO] - -------------------------------------------
[2026-01-23 17:30:35,735] - [root] - [INFO] - -------------------------------------------
[2026-01-23 17:30:35,735] - [root] - [INFO] - Processing 1-22-2026 5dpi 167-W2021006-003_R2.png
[2026-01-23 17:30:56,923] - [root] - [INFO] - Finished loading mask: 0m 21s
              timestamp time_elapsed  ... severity_rate_patch Gradient_sr2
0   2026-01-23 16:56:56       0m 26s  ...                1.74         0.04
1   2026-01-23 16:57:23       0m 26s  ...                4.36         0.11
2   2026-01-23 16:57:49       0m 27s  ...                0.85         0.02
3   2026-01-23 16:58:16       0m 30s  ...               25.47         0.67
4   2026-01-23 16:58:47       0m 31s  ...               37.39         0.99
5   2026-01-23 16:59:18       0m 26s  ...                0.45         0.01
6   2026-01-23 16:59:44       0m 30s  ...               38.62         0.91
7   2026-01-23 17:00:15       0m 30s  ...               19.86         0.56
8   2026-01-23 17:00:45       0m 30s  ...               39.61         1.05
9   2026-01-23 17:01:16       0m 26s  ...                1.79         0.05
10  2026-01-23 17:01:43       0m 26s  ...                2.79         0.07
11  2026-01-23 17:02:09       0m 29s  ...               20.77         0.49
12  2026-01-23 17:02:39       0m 28s  ...               20.60         0.51
13  2026-01-23 17:03:07       0m 27s  ...               15.28         0.35
14  2026-01-23 17:03:34       0m 30s  ...               30.18         0.79
15  2026-01-23 17:04:05       0m 29s  ...               19.25         0.48
16  2026-01-23 17:04:35       0m 39s  ...               85.84         2.58
17  2026-01-23 17:05:15       0m 26s  ...                0.76         0.02
18  2026-01-23 17:05:41       0m 29s  ...               23.22         0.57
19  2026-01-23 17:06:11       0m 35s  ...               62.76         1.72
20  2026-01-23 17:06:46       0m 26s  ...                1.10         0.03
21  2026-01-23 17:07:13       0m 29s  ...               19.31         0.52
22  2026-01-23 17:07:42       0m 31s  ...               42.05         1.16
23  2026-01-23 17:08:13       0m 24s  ...                6.56         0.18
24  2026-01-23 17:08:37       0m 25s  ...                1.51         0.04
25  2026-01-23 17:09:03       0m 27s  ...                8.51         0.22
26  2026-01-23 17:09:30       0m 28s  ...               12.12         0.31
27  2026-01-23 17:09:58       0m 30s  ...               32.69         0.79
28  2026-01-23 17:10:28       0m 26s  ...                2.15         0.06
29  2026-01-23 17:10:55       0m 26s  ...                2.94         0.07
30  2026-01-23 17:11:22       0m 27s  ...               12.91         0.30
31  2026-01-23 17:11:49       0m 28s  ...               42.77         1.19
32  2026-01-23 17:12:18       0m 34s  ...               65.54         1.89
33  2026-01-23 17:12:52       0m 27s  ...               10.11         0.24
34  2026-01-23 17:13:20       0m 26s  ...                4.05         0.11
35  2026-01-23 17:13:46       0m 26s  ...                1.89         0.05
36  2026-01-23 17:14:12       0m 26s  ...                5.54         0.15
37  2026-01-23 17:14:39       0m 25s  ...                0.46         0.01
38  2026-01-23 17:15:05       0m 25s  ...                1.59         0.04
39  2026-01-23 17:15:30       0m 32s  ...               43.85         1.03
40  2026-01-23 17:16:03       0m 34s  ...               61.84         1.56
41  2026-01-23 17:16:37       0m 33s  ...               46.89         1.19
42  2026-01-23 17:17:11       0m 39s  ...               80.70         2.32
43  2026-01-23 17:17:51       0m 26s  ...                2.90         0.07
44  2026-01-23 17:18:17       0m 28s  ...               11.56         0.29
45  2026-01-23 17:18:45       0m 27s  ...                4.11         0.11
46  2026-01-23 17:19:12       0m 27s  ...               11.45         0.30
47  2026-01-23 17:19:40       0m 27s  ...               11.80         0.25
48  2026-01-23 17:20:07       0m 27s  ...                6.42         0.18
49  2026-01-23 17:20:35       0m 26s  ...                0.78         0.02
50  2026-01-23 17:21:01       0m 39s  ...               83.75         2.58
51  2026-01-23 17:21:40       0m 35s  ...               77.72         2.05
52  2026-01-23 17:22:15       0m 28s  ...                8.96         0.25
53  2026-01-23 17:22:44       0m 27s  ...                1.10         0.03
54  2026-01-23 17:23:11       0m 34s  ...               11.49         0.28
55  2026-01-23 17:23:46       0m 36s  ...               55.20         1.46
56  2026-01-23 17:24:22       0m 34s  ...               34.44         0.83
57  2026-01-23 17:24:57       0m 31s  ...                4.27         0.10
58  2026-01-23 17:25:28       0m 31s  ...                8.15         0.18
59  2026-01-23 17:26:00       0m 42s  ...               86.63         2.58

[60 rows x 24 columns]
              timestamp time_elapsed  ... severity_rate_patch Gradient_sr2
0   2026-01-23 16:56:56       0m 26s  ...                1.74         0.04
1   2026-01-23 16:57:23       0m 26s  ...                4.36         0.11
2   2026-01-23 16:57:49       0m 27s  ...                0.85         0.02
3   2026-01-23 16:58:16       0m 30s  ...               25.47         0.67
4   2026-01-23 16:58:47       0m 31s  ...               37.39         0.99
..                  ...          ...  ...                 ...          ...
56  2026-01-23 17:24:22       0m 34s  ...               34.44         0.83
57  2026-01-23 17:24:57       0m 31s  ...                4.27         0.10
58  2026-01-23 17:25:28       0m 31s  ...                8.15         0.18
59  2026-01-23 17:26:00       0m 42s  ...               86.63         2.58
60  2026-01-23 17:26:42       0m 31s  ...                0.61         0.02

[61 rows x 24 columns]
              timestamp time_elapsed  ... severity_rate_patch Gradient_sr2
0   2026-01-23 16:56:56       0m 26s  ...                1.74         0.04
1   2026-01-23 16:57:23       0m 26s  ...                4.36         0.11
2   2026-01-23 16:57:49       0m 27s  ...                0.85         0.02
3   2026-01-23 16:58:16       0m 30s  ...               25.47         0.67
4   2026-01-23 16:58:47       0m 31s  ...               37.39         0.99
..                  ...          ...  ...                 ...          ...
57  2026-01-23 17:24:57       0m 31s  ...                4.27         0.10
58  2026-01-23 17:25:28       0m 31s  ...                8.15         0.18
59  2026-01-23 17:26:00       0m 42s  ...               86.63         2.58
60  2026-01-23 17:26:42       0m 31s  ...                0.61         0.02
61  2026-01-23 17:27:13       0m 34s  ...               28.01         0.73

[62 rows x 24 columns]
              timestamp time_elapsed  ... severity_rate_patch Gradient_sr2
0   2026-01-23 16:56:56       0m 26s  ...                1.74         0.04
1   2026-01-23 16:57:23       0m 26s  ...                4.36         0.11
2   2026-01-23 16:57:49       0m 27s  ...                0.85         0.02
3   2026-01-23 16:58:16       0m 30s  ...               25.47         0.67
4   2026-01-23 16:58:47       0m 31s  ...               37.39         0.99
..                  ...          ...  ...                 ...          ...
58  2026-01-23 17:25:28       0m 31s  ...                8.15         0.18
59  2026-01-23 17:26:00       0m 42s  ...               86.63         2.58
60  2026-01-23 17:26:42       0m 31s  ...                0.61         0.02
61  2026-01-23 17:27:13       0m 34s  ...               28.01         0.73
62  2026-01-23 17:27:48       0m 33s  ...               12.99         0.36

[63 rows x 24 columns]
              timestamp time_elapsed  ... severity_rate_patch Gradient_sr2
0   2026-01-23 16:56:56       0m 26s  ...                1.74         0.04
1   2026-01-23 16:57:23       0m 26s  ...                4.36         0.11
2   2026-01-23 16:57:49       0m 27s  ...                0.85         0.02
3   2026-01-23 16:58:16       0m 30s  ...               25.47         0.67
4   2026-01-23 16:58:47       0m 31s  ...               37.39         0.99
..                  ...          ...  ...                 ...          ...
59  2026-01-23 17:26:00       0m 42s  ...               86.63         2.58
60  2026-01-23 17:26:42       0m 31s  ...                0.61         0.02
61  2026-01-23 17:27:13       0m 34s  ...               28.01         0.73
62  2026-01-23 17:27:48       0m 33s  ...               12.99         0.36
63  2026-01-23 17:28:21       0m 31s  ...                2.62         0.07

[64 rows x 24 columns]
              timestamp time_elapsed  ... severity_rate_patch Gradient_sr2
0   2026-01-23 16:56:56       0m 26s  ...                1.74         0.04
1   2026-01-23 16:57:23       0m 26s  ...                4.36         0.11
2   2026-01-23 16:57:49       0m 27s  ...                0.85         0.02
3   2026-01-23 16:58:16       0m 30s  ...               25.47         0.67
4   2026-01-23 16:58:47       0m 31s  ...               37.39         0.99
..                  ...          ...  ...                 ...          ...
60  2026-01-23 17:26:42       0m 31s  ...                0.61         0.02
61  2026-01-23 17:27:13       0m 34s  ...               28.01         0.73
62  2026-01-23 17:27:48       0m 33s  ...               12.99         0.36
63  2026-01-23 17:28:21       0m 31s  ...                2.62         0.07
64  2026-01-23 17:28:53       0m 32s  ...               10.00         0.27

[65 rows x 24 columns]
              timestamp time_elapsed  ... severity_rate_patch Gradient_sr2
0   2026-01-23 16:56:56       0m 26s  ...                1.74         0.04
1   2026-01-23 16:57:23       0m 26s  ...                4.36         0.11
2   2026-01-23 16:57:49       0m 27s  ...                0.85         0.02
3   2026-01-23 16:58:16       0m 30s  ...               25.47         0.67
4   2026-01-23 16:58:47       0m 31s  ...               37.39         0.99
..                  ...          ...  ...                 ...          ...
61  2026-01-23 17:27:13       0m 34s  ...               28.01         0.73
62  2026-01-23 17:27:48       0m 33s  ...               12.99         0.36
63  2026-01-23 17:28:21       0m 31s  ...                2.62         0.07
64  2026-01-23 17:28:53       0m 32s  ...               10.00         0.27
65  2026-01-23 17:29:25       0m 32s  ...                7.64         0.19

[66 rows x 24 columns]
              timestamp time_elapsed  ... severity_rate_patch Gradient_sr2
0   2026-01-23 16:56:56       0m 26s  ...                1.74         0.04
1   2026-01-23 16:57:23       0m 26s  ...                4.36         0.11
2   2026-01-23 16:57:49       0m 27s  ...                0.85         0.02
3   2026-01-23 16:58:16       0m 30s  ...               25.47         0.67
4   2026-01-23 16:58:47       0m 31s  ...               37.39         0.99
..                  ...          ...  ...                 ...          ...
62  2026-01-23 17:27:48       0m 33s  ...               12.99         0.36
63  2026-01-23 17:28:21       0m 31s  ...                2.62         0.07
64  2026-01-23 17:28:53       0m 32s  ...               10.00         0.27
65  2026-01-23 17:29:25       0m 32s  ...                7.64         0.19
66  2026-01-23 17:29:58       0m 37s  ...               53.88         1.50

[67 rows x 24 columns]
Traceback (most recent call last):
  File "C:\Users\Intel User\Desktop\blackbird_scripts\code\leaf_correlation_mw.py", line 407, in <module>
    output_masks = get_saliency_masks(
  File "C:\Users\Intel User\Desktop\blackbird_scripts\code\sanity_check\utils.py", line 402, in get_saliency_masks
    attr = method.attribute(input_img, target=logits_class)
  File "C:\Users\Intel User\.conda\envs\mildewVision\lib\site-packages\captum\log\__init__.py", line 42, in wrapper
    return func(*args, **kwargs)
  File "C:\Users\Intel User\.conda\envs\mildewVision\lib\site-packages\captum\attr\_core\saliency.py", line 130, in attribute
    gradients = self.gradient_func(
  File "C:\Users\Intel User\.conda\envs\mildewVision\lib\site-packages\captum\_utils\gradient.py", line 112, in compute_gradients
    outputs = _run_forward(forward_fn, inputs, target_ind, additional_forward_args)
  File "C:\Users\Intel User\.conda\envs\mildewVision\lib\site-packages\captum\_utils\common.py", line 531, in _run_forward
    output = forward_func(
  File "C:\Users\Intel User\.conda\envs\mildewVision\lib\site-packages\torch\nn\modules\module.py", line 1736, in _wrapped_call_impl
    return self._call_impl(*args, **kwargs)
  File "C:\Users\Intel User\.conda\envs\mildewVision\lib\site-packages\torch\nn\modules\module.py", line 1747, in _call_impl
    return forward_call(*args, **kwargs)
  File "C:\Users\Intel User\Desktop\blackbird_scripts\code\classification\resnet50.py", line 269, in forward
    return self._forward_impl(x)
  File "C:\Users\Intel User\Desktop\blackbird_scripts\code\classification\resnet50.py", line 257, in _forward_impl
    x = self.layer1(x)
  File "C:\Users\Intel User\.conda\envs\mildewVision\lib\site-packages\torch\nn\modules\module.py", line 1736, in _wrapped_call_impl
    return self._call_impl(*args, **kwargs)
  File "C:\Users\Intel User\.conda\envs\mildewVision\lib\site-packages\torch\nn\modules\module.py", line 1747, in _call_impl
    return forward_call(*args, **kwargs)
  File "C:\Users\Intel User\.conda\envs\mildewVision\lib\site-packages\torch\nn\modules\container.py", line 250, in forward
    input = module(input)
  File "C:\Users\Intel User\.conda\envs\mildewVision\lib\site-packages\torch\nn\modules\module.py", line 1736, in _wrapped_call_impl
    return self._call_impl(*args, **kwargs)
  File "C:\Users\Intel User\.conda\envs\mildewVision\lib\site-packages\torch\nn\modules\module.py", line 1747, in _call_impl
    return forward_call(*args, **kwargs)
  File "C:\Users\Intel User\Desktop\blackbird_scripts\code\classification\resnet50.py", line 156, in forward
    out = self.relu3(out)
  File "C:\Users\Intel User\.conda\envs\mildewVision\lib\site-packages\torch\nn\modules\module.py", line 1918, in __getattr__
    def __getattr__(self, name: str) -> Any:
KeyboardInterrupt
