[2026-01-23 16:07:50,670] - [root] - [INFO] - leaf_correlation_mw.py
[2026-01-23 16:07:50,670] - [root] - [INFO] - model_type       : ResNet
[2026-01-23 16:07:50,670] - [root] - [INFO] - pretrained       : True
[2026-01-23 16:07:50,670] - [root] - [INFO] - loading_epoch    : 65
[2026-01-23 16:07:50,670] - [root] - [INFO] - timestamp        : Jan22_10-21-00_2026
[2026-01-23 16:07:50,670] - [root] - [INFO] - outdim           : 2
[2026-01-23 16:07:50,670] - [root] - [INFO] - dual_head        : True
[2026-01-23 16:07:50,670] - [root] - [INFO] - model_path       : ../..
[2026-01-23 16:07:50,670] - [root] - [INFO] - step_size        : 224
[2026-01-23 16:07:50,671] - [root] - [INFO] - means            : [0.541, 0.6371, 0.4188]
[2026-01-23 16:07:50,671] - [root] - [INFO] - stds             : [0.1764, 0.165, 0.2326]
[2026-01-23 16:07:50,671] - [root] - [INFO] - target_class     : 1
[2026-01-23 16:07:50,671] - [root] - [INFO] - contam_control   : False
[2026-01-23 16:07:50,671] - [root] - [INFO] - spor_th          : 0.9
[2026-01-23 16:07:50,671] - [root] - [INFO] - inf_gate         : 0.3
[2026-01-23 16:07:50,671] - [root] - [INFO] - pm               : HPM-1269
[2026-01-23 16:07:50,671] - [root] - [INFO] - mps              : False
[2026-01-23 16:07:50,671] - [root] - [INFO] - cuda             : True
[2026-01-23 16:07:50,671] - [root] - [INFO] - cuda_id          : 0
[2026-01-23 16:07:50,671] - [root] - [INFO] - sal_threshold    : 0.5
[2026-01-23 16:07:50,671] - [root] - [INFO] - up_threshold     : 0.6
[2026-01-23 16:07:50,671] - [root] - [INFO] - down_threshold   : 0.1
[2026-01-23 16:07:50,671] - [root] - [INFO] - dataset_path     : C:/Users/Intel User/Desktop/blackbird_scripts/data/human_disk_assessments
[2026-01-23 16:07:50,671] - [root] - [INFO] - img_folder       : 1-22-2026
[2026-01-23 16:07:50,671] - [root] - [INFO] - platform         : BlackBird
[2026-01-23 16:07:50,671] - [root] - [INFO] - threshold        : ['0.7']
[2026-01-23 16:07:50,671] - [root] - [INFO] - log              : ../../results/logs/random.log
[2026-01-23 16:07:50,671] - [root] - [INFO] - dpi              : 5
[2026-01-23 16:07:50,671] - [root] - [INFO] - group            : baseline
[2026-01-23 16:07:50,672] - [root] - [INFO] - trays            : ['5dpi']
[2026-01-23 16:07:50,672] - [root] - [INFO] - sal_gradcam      : False
[2026-01-23 16:07:50,672] - [root] - [INFO] - sal_gradient     : True
[2026-01-23 16:07:50,672] - [root] - [INFO] - sal_smoothgrad   : False
[2026-01-23 16:07:50,672] - [root] - [INFO] - sal_deeplift     : False
[2026-01-23 16:07:50,672] - [root] - [INFO] - sal_thresh_method : fixed
[2026-01-23 16:07:50,672] - [root] - [INFO] - sal_thresh_p     : 95.0
[2026-01-23 16:07:51,744] - [root] - [INFO] - -------------------------------------------
[2026-01-23 16:07:51,744] - [root] - [INFO] - Processing 1-22-2026 5dpi 002-W2021006-081_R1.png
[2026-01-23 16:08:07,866] - [root] - [INFO] - Finished loading mask: 0m 16s
[2026-01-23 16:08:15,793] - [root] - [INFO] - Finished crop and inference: 0m 24s
[2026-01-23 16:08:17,089] - [root] - [INFO] - Analysis finished: 0m 25s
[2026-01-23 16:08:17,089] - [root] - [INFO] - -------------------------------------------
[2026-01-23 16:08:17,089] - [root] - [INFO] - -------------------------------------------
[2026-01-23 16:08:17,089] - [root] - [INFO] - Processing 1-22-2026 5dpi 002-W2021010-336_R2.png
[2026-01-23 16:08:33,477] - [root] - [INFO] - Finished loading mask: 0m 16s
[2026-01-23 16:08:41,212] - [root] - [INFO] - Finished crop and inference: 0m 24s
[2026-01-23 16:08:42,758] - [root] - [INFO] - Analysis finished: 0m 25s
[2026-01-23 16:08:42,759] - [root] - [INFO] - -------------------------------------------
[2026-01-23 16:08:42,759] - [root] - [INFO] - -------------------------------------------
[2026-01-23 16:08:42,759] - [root] - [INFO] - Processing 1-22-2026 5dpi 005-W2021011-592_R2.png
[2026-01-23 16:08:59,402] - [root] - [INFO] - Finished loading mask: 0m 16s
[2026-01-23 16:09:07,567] - [root] - [INFO] - Finished crop and inference: 0m 24s
[2026-01-23 16:09:09,096] - [root] - [INFO] - Analysis finished: 0m 26s
[2026-01-23 16:09:09,096] - [root] - [INFO] - -------------------------------------------
[2026-01-23 16:09:09,096] - [root] - [INFO] - -------------------------------------------
[2026-01-23 16:09:09,096] - [root] - [INFO] - Processing 1-22-2026 5dpi 009-W2021010-311_R2.png
[2026-01-23 16:09:26,021] - [root] - [INFO] - Finished loading mask: 0m 16s
[2026-01-23 16:09:37,048] - [root] - [INFO] - Finished crop and inference: 0m 27s
[2026-01-23 16:09:38,561] - [root] - [INFO] - Analysis finished: 0m 29s
[2026-01-23 16:09:38,561] - [root] - [INFO] - -------------------------------------------
[2026-01-23 16:09:38,561] - [root] - [INFO] - -------------------------------------------
[2026-01-23 16:09:38,561] - [root] - [INFO] - Processing 1-22-2026 5dpi 010-W2021010-347_R2.png
[2026-01-23 16:09:55,777] - [root] - [INFO] - Finished loading mask: 0m 17s
[2026-01-23 16:10:07,538] - [root] - [INFO] - Finished crop and inference: 0m 28s
[2026-01-23 16:10:08,991] - [root] - [INFO] - Analysis finished: 0m 30s
[2026-01-23 16:10:08,991] - [root] - [INFO] - -------------------------------------------
[2026-01-23 16:10:08,992] - [root] - [INFO] - -------------------------------------------
[2026-01-23 16:10:08,992] - [root] - [INFO] - Processing 1-22-2026 5dpi 013-W2021009-172_R2.png
[2026-01-23 16:10:25,861] - [root] - [INFO] - Finished loading mask: 0m 16s
[2026-01-23 16:10:33,679] - [root] - [INFO] - Finished crop and inference: 0m 24s
[2026-01-23 16:10:35,181] - [root] - [INFO] - Analysis finished: 0m 26s
[2026-01-23 16:10:35,181] - [root] - [INFO] - -------------------------------------------
[2026-01-23 16:10:35,181] - [root] - [INFO] - -------------------------------------------
[2026-01-23 16:10:35,181] - [root] - [INFO] - Processing 1-22-2026 5dpi 015-W2021009-160_R1.png
[2026-01-23 16:10:51,729] - [root] - [INFO] - Finished loading mask: 0m 16s
[2026-01-23 16:11:03,507] - [root] - [INFO] - Finished crop and inference: 0m 28s
[2026-01-23 16:11:04,996] - [root] - [INFO] - Analysis finished: 0m 29s
[2026-01-23 16:11:04,996] - [root] - [INFO] - -------------------------------------------
[2026-01-23 16:11:04,996] - [root] - [INFO] - -------------------------------------------
[2026-01-23 16:11:04,996] - [root] - [INFO] - Processing 1-22-2026 5dpi 015-W2021011-633_R1.png
[2026-01-23 16:11:22,237] - [root] - [INFO] - Finished loading mask: 0m 17s
[2026-01-23 16:11:33,242] - [root] - [INFO] - Finished crop and inference: 0m 28s
[2026-01-23 16:11:34,736] - [root] - [INFO] - Analysis finished: 0m 29s
[2026-01-23 16:11:34,736] - [root] - [INFO] - -------------------------------------------
[2026-01-23 16:11:34,736] - [root] - [INFO] - -------------------------------------------
[2026-01-23 16:11:34,736] - [root] - [INFO] - Processing 1-22-2026 5dpi 017-W2021006-612_R2.png
[2026-01-23 16:11:51,866] - [root] - [INFO] - Finished loading mask: 0m 17s
[2026-01-23 16:12:02,153] - [root] - [INFO] - Finished crop and inference: 0m 27s
[2026-01-23 16:12:03,619] - [root] - [INFO] - Analysis finished: 0m 28s
[2026-01-23 16:12:03,620] - [root] - [INFO] - -------------------------------------------
[2026-01-23 16:12:03,620] - [root] - [INFO] - -------------------------------------------
[2026-01-23 16:12:03,620] - [root] - [INFO] - Processing 1-22-2026 5dpi 019-W2021010-428_R2.png
[2026-01-23 16:12:20,662] - [root] - [INFO] - Finished loading mask: 0m 17s
[2026-01-23 16:12:28,198] - [root] - [INFO] - Finished crop and inference: 0m 24s
[2026-01-23 16:12:29,722] - [root] - [INFO] - Analysis finished: 0m 26s
[2026-01-23 16:12:29,722] - [root] - [INFO] - -------------------------------------------
[2026-01-23 16:12:29,722] - [root] - [INFO] - -------------------------------------------
[2026-01-23 16:12:29,722] - [root] - [INFO] - Processing 1-22-2026 5dpi 021-W2021009-175_R1.png
[2026-01-23 16:12:45,969] - [root] - [INFO] - Finished loading mask: 0m 16s
[2026-01-23 16:12:54,233] - [root] - [INFO] - Finished crop and inference: 0m 24s
[2026-01-23 16:12:55,685] - [root] - [INFO] - Analysis finished: 0m 25s
[2026-01-23 16:12:55,686] - [root] - [INFO] - -------------------------------------------
[2026-01-23 16:12:55,686] - [root] - [INFO] - -------------------------------------------
[2026-01-23 16:12:55,686] - [root] - [INFO] - Processing 1-22-2026 5dpi 022-W2021009-198_R2.png
[2026-01-23 16:13:12,393] - [root] - [INFO] - Finished loading mask: 0m 16s
[2026-01-23 16:13:22,800] - [root] - [INFO] - Finished crop and inference: 0m 27s
[2026-01-23 16:13:24,295] - [root] - [INFO] - Analysis finished: 0m 28s
[2026-01-23 16:13:24,295] - [root] - [INFO] - -------------------------------------------
[2026-01-23 16:13:24,296] - [root] - [INFO] - -------------------------------------------
[2026-01-23 16:13:24,296] - [root] - [INFO] - Processing 1-22-2026 5dpi 023-W2021006-049_R1.png
[2026-01-23 16:13:41,138] - [root] - [INFO] - Finished loading mask: 0m 16s
[2026-01-23 16:13:50,579] - [root] - [INFO] - Finished crop and inference: 0m 26s
[2026-01-23 16:13:52,056] - [root] - [INFO] - Analysis finished: 0m 27s
[2026-01-23 16:13:52,057] - [root] - [INFO] - -------------------------------------------
[2026-01-23 16:13:52,057] - [root] - [INFO] - -------------------------------------------
[2026-01-23 16:13:52,057] - [root] - [INFO] - Processing 1-22-2026 5dpi 023-W2021010-305_R2.png
[2026-01-23 16:14:08,981] - [root] - [INFO] - Finished loading mask: 0m 16s
[2026-01-23 16:14:18,035] - [root] - [INFO] - Finished crop and inference: 0m 25s
[2026-01-23 16:14:19,557] - [root] - [INFO] - Analysis finished: 0m 27s
[2026-01-23 16:14:19,557] - [root] - [INFO] - -------------------------------------------
[2026-01-23 16:14:19,557] - [root] - [INFO] - -------------------------------------------
[2026-01-23 16:14:19,557] - [root] - [INFO] - Processing 1-22-2026 5dpi 026-W2021009-622_R2.png
[2026-01-23 16:14:36,524] - [root] - [INFO] - Finished loading mask: 0m 16s
[2026-01-23 16:14:48,051] - [root] - [INFO] - Finished crop and inference: 0m 28s
[2026-01-23 16:14:49,528] - [root] - [INFO] - Analysis finished: 0m 29s
[2026-01-23 16:14:49,528] - [root] - [INFO] - -------------------------------------------
[2026-01-23 16:14:49,528] - [root] - [INFO] - -------------------------------------------
[2026-01-23 16:14:49,528] - [root] - [INFO] - Processing 1-22-2026 5dpi 032-W2021006-041_R2.png
[2026-01-23 16:15:06,941] - [root] - [INFO] - Finished loading mask: 0m 17s
[2026-01-23 16:15:17,776] - [root] - [INFO] - Finished crop and inference: 0m 28s
[2026-01-23 16:15:19,256] - [root] - [INFO] - Analysis finished: 0m 29s
[2026-01-23 16:15:19,256] - [root] - [INFO] - -------------------------------------------
[2026-01-23 16:15:19,256] - [root] - [INFO] - -------------------------------------------
[2026-01-23 16:15:19,256] - [root] - [INFO] - Processing 1-22-2026 5dpi 032-W2021009-155_R1.png
[2026-01-23 16:15:36,329] - [root] - [INFO] - Finished loading mask: 0m 17s
[2026-01-23 16:15:56,166] - [root] - [INFO] - Finished crop and inference: 0m 36s
[2026-01-23 16:15:57,686] - [root] - [INFO] - Analysis finished: 0m 38s
[2026-01-23 16:15:57,686] - [root] - [INFO] - -------------------------------------------
[2026-01-23 16:15:57,686] - [root] - [INFO] - -------------------------------------------
[2026-01-23 16:15:57,687] - [root] - [INFO] - Processing 1-22-2026 5dpi 036-W2021006-047_R2.png
[2026-01-23 16:16:15,320] - [root] - [INFO] - Finished loading mask: 0m 17s
[2026-01-23 16:16:23,136] - [root] - [INFO] - Finished crop and inference: 0m 25s
[2026-01-23 16:16:24,631] - [root] - [INFO] - Analysis finished: 0m 26s
[2026-01-23 16:16:24,631] - [root] - [INFO] - -------------------------------------------
[2026-01-23 16:16:24,631] - [root] - [INFO] - -------------------------------------------
[2026-01-23 16:16:24,631] - [root] - [INFO] - Processing 1-22-2026 5dpi 040-W2021009-207_R1.png
[2026-01-23 16:16:41,054] - [root] - [INFO] - Finished loading mask: 0m 16s
[2026-01-23 16:16:51,533] - [root] - [INFO] - Finished crop and inference: 0m 26s
[2026-01-23 16:16:53,002] - [root] - [INFO] - Analysis finished: 0m 28s
[2026-01-23 16:16:53,002] - [root] - [INFO] - -------------------------------------------
[2026-01-23 16:16:53,002] - [root] - [INFO] - -------------------------------------------
[2026-01-23 16:16:53,002] - [root] - [INFO] - Processing 1-22-2026 5dpi 042-W2021010-429_R1.png
[2026-01-23 16:17:10,074] - [root] - [INFO] - Finished loading mask: 0m 17s
[2026-01-23 16:17:25,780] - [root] - [INFO] - Finished crop and inference: 0m 32s
             timestamp time_elapsed  ... severity_rate_patch Gradient_sr2
0  2026-01-23 16:07:51       0m 25s  ...                1.74         0.04

[1 rows x 24 columns]
             timestamp time_elapsed  ... severity_rate_patch Gradient_sr2
0  2026-01-23 16:07:51       0m 25s  ...                1.74         0.04
1  2026-01-23 16:08:17       0m 25s  ...                4.36         0.11

[2 rows x 24 columns]
             timestamp time_elapsed  ... severity_rate_patch Gradient_sr2
0  2026-01-23 16:07:51       0m 25s  ...                1.74         0.04
1  2026-01-23 16:08:17       0m 25s  ...                4.36         0.11
2  2026-01-23 16:08:42       0m 26s  ...                0.85         0.02

[3 rows x 24 columns]
             timestamp time_elapsed  ... severity_rate_patch Gradient_sr2
0  2026-01-23 16:07:51       0m 25s  ...                1.74         0.04
1  2026-01-23 16:08:17       0m 25s  ...                4.36         0.11
2  2026-01-23 16:08:42       0m 26s  ...                0.85         0.02
3  2026-01-23 16:09:09       0m 29s  ...               25.47         0.67

[4 rows x 24 columns]
             timestamp time_elapsed  ... severity_rate_patch Gradient_sr2
0  2026-01-23 16:07:51       0m 25s  ...                1.74         0.04
1  2026-01-23 16:08:17       0m 25s  ...                4.36         0.11
2  2026-01-23 16:08:42       0m 26s  ...                0.85         0.02
3  2026-01-23 16:09:09       0m 29s  ...               25.47         0.67
4  2026-01-23 16:09:38       0m 30s  ...               37.39         0.99

[5 rows x 24 columns]
             timestamp time_elapsed  ... severity_rate_patch Gradient_sr2
0  2026-01-23 16:07:51       0m 25s  ...                1.74         0.04
1  2026-01-23 16:08:17       0m 25s  ...                4.36         0.11
2  2026-01-23 16:08:42       0m 26s  ...                0.85         0.02
3  2026-01-23 16:09:09       0m 29s  ...               25.47         0.67
4  2026-01-23 16:09:38       0m 30s  ...               37.39         0.99
5  2026-01-23 16:10:08       0m 26s  ...                0.45         0.01

[6 rows x 24 columns]
             timestamp time_elapsed  ... severity_rate_patch Gradient_sr2
0  2026-01-23 16:07:51       0m 25s  ...                1.74         0.04
1  2026-01-23 16:08:17       0m 25s  ...                4.36         0.11
2  2026-01-23 16:08:42       0m 26s  ...                0.85         0.02
3  2026-01-23 16:09:09       0m 29s  ...               25.47         0.67
4  2026-01-23 16:09:38       0m 30s  ...               37.39         0.99
5  2026-01-23 16:10:08       0m 26s  ...                0.45         0.01
6  2026-01-23 16:10:35       0m 29s  ...               38.62         0.91

[7 rows x 24 columns]
             timestamp time_elapsed  ... severity_rate_patch Gradient_sr2
0  2026-01-23 16:07:51       0m 25s  ...                1.74         0.04
1  2026-01-23 16:08:17       0m 25s  ...                4.36         0.11
2  2026-01-23 16:08:42       0m 26s  ...                0.85         0.02
3  2026-01-23 16:09:09       0m 29s  ...               25.47         0.67
4  2026-01-23 16:09:38       0m 30s  ...               37.39         0.99
5  2026-01-23 16:10:08       0m 26s  ...                0.45         0.01
6  2026-01-23 16:10:35       0m 29s  ...               38.62         0.91
7  2026-01-23 16:11:04       0m 29s  ...               19.86         0.56

[8 rows x 24 columns]
             timestamp time_elapsed  ... severity_rate_patch Gradient_sr2
0  2026-01-23 16:07:51       0m 25s  ...                1.74         0.04
1  2026-01-23 16:08:17       0m 25s  ...                4.36         0.11
2  2026-01-23 16:08:42       0m 26s  ...                0.85         0.02
3  2026-01-23 16:09:09       0m 29s  ...               25.47         0.67
4  2026-01-23 16:09:38       0m 30s  ...               37.39         0.99
5  2026-01-23 16:10:08       0m 26s  ...                0.45         0.01
6  2026-01-23 16:10:35       0m 29s  ...               38.62         0.91
7  2026-01-23 16:11:04       0m 29s  ...               19.86         0.56
8  2026-01-23 16:11:34       0m 28s  ...               39.61         1.05

[9 rows x 24 columns]
             timestamp time_elapsed  ... severity_rate_patch Gradient_sr2
0  2026-01-23 16:07:51       0m 25s  ...                1.74         0.04
1  2026-01-23 16:08:17       0m 25s  ...                4.36         0.11
2  2026-01-23 16:08:42       0m 26s  ...                0.85         0.02
3  2026-01-23 16:09:09       0m 29s  ...               25.47         0.67
4  2026-01-23 16:09:38       0m 30s  ...               37.39         0.99
5  2026-01-23 16:10:08       0m 26s  ...                0.45         0.01
6  2026-01-23 16:10:35       0m 29s  ...               38.62         0.91
7  2026-01-23 16:11:04       0m 29s  ...               19.86         0.56
8  2026-01-23 16:11:34       0m 28s  ...               39.61         1.05
9  2026-01-23 16:12:03       0m 26s  ...                1.79         0.05

[10 rows x 24 columns]
              timestamp time_elapsed  ... severity_rate_patch Gradient_sr2
0   2026-01-23 16:07:51       0m 25s  ...                1.74         0.04
1   2026-01-23 16:08:17       0m 25s  ...                4.36         0.11
2   2026-01-23 16:08:42       0m 26s  ...                0.85         0.02
3   2026-01-23 16:09:09       0m 29s  ...               25.47         0.67
4   2026-01-23 16:09:38       0m 30s  ...               37.39         0.99
5   2026-01-23 16:10:08       0m 26s  ...                0.45         0.01
6   2026-01-23 16:10:35       0m 29s  ...               38.62         0.91
7   2026-01-23 16:11:04       0m 29s  ...               19.86         0.56
8   2026-01-23 16:11:34       0m 28s  ...               39.61         1.05
9   2026-01-23 16:12:03       0m 26s  ...                1.79         0.05
10  2026-01-23 16:12:29       0m 25s  ...                2.79         0.07

[11 rows x 24 columns]
              timestamp time_elapsed  ... severity_rate_patch Gradient_sr2
0   2026-01-23 16:07:51       0m 25s  ...                1.74         0.04
1   2026-01-23 16:08:17       0m 25s  ...                4.36         0.11
2   2026-01-23 16:08:42       0m 26s  ...                0.85         0.02
3   2026-01-23 16:09:09       0m 29s  ...               25.47         0.67
4   2026-01-23 16:09:38       0m 30s  ...               37.39         0.99
5   2026-01-23 16:10:08       0m 26s  ...                0.45         0.01
6   2026-01-23 16:10:35       0m 29s  ...               38.62         0.91
7   2026-01-23 16:11:04       0m 29s  ...               19.86         0.56
8   2026-01-23 16:11:34       0m 28s  ...               39.61         1.05
9   2026-01-23 16:12:03       0m 26s  ...                1.79         0.05
10  2026-01-23 16:12:29       0m 25s  ...                2.79         0.07
11  2026-01-23 16:12:55       0m 28s  ...               20.77         0.49

[12 rows x 24 columns]
              timestamp time_elapsed  ... severity_rate_patch Gradient_sr2
0   2026-01-23 16:07:51       0m 25s  ...                1.74         0.04
1   2026-01-23 16:08:17       0m 25s  ...                4.36         0.11
2   2026-01-23 16:08:42       0m 26s  ...                0.85         0.02
3   2026-01-23 16:09:09       0m 29s  ...               25.47         0.67
4   2026-01-23 16:09:38       0m 30s  ...               37.39         0.99
5   2026-01-23 16:10:08       0m 26s  ...                0.45         0.01
6   2026-01-23 16:10:35       0m 29s  ...               38.62         0.91
7   2026-01-23 16:11:04       0m 29s  ...               19.86         0.56
8   2026-01-23 16:11:34       0m 28s  ...               39.61         1.05
9   2026-01-23 16:12:03       0m 26s  ...                1.79         0.05
10  2026-01-23 16:12:29       0m 25s  ...                2.79         0.07
11  2026-01-23 16:12:55       0m 28s  ...               20.77         0.49
12  2026-01-23 16:13:24       0m 27s  ...               20.60         0.51

[13 rows x 24 columns]
[2026-01-23 16:17:27,265] - [root] - [INFO] - Analysis finished: 0m 34s
[2026-01-23 16:17:27,265] - [root] - [INFO] - -------------------------------------------
[2026-01-23 16:17:27,265] - [root] - [INFO] - -------------------------------------------
[2026-01-23 16:17:27,265] - [root] - [INFO] - Processing 1-22-2026 5dpi 044-W2021009-169_R2.png
[2026-01-23 16:17:44,692] - [root] - [INFO] - Finished loading mask: 0m 17s
[2026-01-23 16:17:52,621] - [root] - [INFO] - Finished crop and inference: 0m 25s
[2026-01-23 16:17:54,097] - [root] - [INFO] - Analysis finished: 0m 26s
[2026-01-23 16:17:54,097] - [root] - [INFO] - -------------------------------------------
[2026-01-23 16:17:54,097] - [root] - [INFO] - -------------------------------------------
[2026-01-23 16:17:54,097] - [root] - [INFO] - Processing 1-22-2026 5dpi 044-W2021009-618_R1.png
[2026-01-23 16:18:10,698] - [root] - [INFO] - Finished loading mask: 0m 16s
[2026-01-23 16:18:20,918] - [root] - [INFO] - Finished crop and inference: 0m 26s
[2026-01-23 16:18:22,398] - [root] - [INFO] - Analysis finished: 0m 28s
[2026-01-23 16:18:22,398] - [root] - [INFO] - -------------------------------------------
[2026-01-23 16:18:22,399] - [root] - [INFO] - -------------------------------------------
[2026-01-23 16:18:22,399] - [root] - [INFO] - Processing 1-22-2026 5dpi 047-W2021011-482_R1.png
[2026-01-23 16:18:39,534] - [root] - [INFO] - Finished loading mask: 0m 17s
[2026-01-23 16:18:52,146] - [root] - [INFO] - Finished crop and inference: 0m 29s
[2026-01-23 16:18:53,642] - [root] - [INFO] - Analysis finished: 0m 31s
[2026-01-23 16:18:53,642] - [root] - [INFO] - -------------------------------------------
[2026-01-23 16:18:53,642] - [root] - [INFO] - -------------------------------------------
[2026-01-23 16:18:53,642] - [root] - [INFO] - Processing 1-22-2026 5dpi 048-W2021006-147_R1.png
[2026-01-23 16:19:10,712] - [root] - [INFO] - Finished loading mask: 0m 17s
[2026-01-23 16:19:16,791] - [root] - [INFO] - Finished crop and inference: 0m 23s
              timestamp time_elapsed  ... severity_rate_patch Gradient_sr2
0   2026-01-23 16:07:51       0m 25s  ...                1.74         0.04
1   2026-01-23 16:08:17       0m 25s  ...                4.36         0.11
2   2026-01-23 16:08:42       0m 26s  ...                0.85         0.02
3   2026-01-23 16:09:09       0m 29s  ...               25.47         0.67
4   2026-01-23 16:09:38       0m 30s  ...               37.39         0.99
5   2026-01-23 16:10:08       0m 26s  ...                0.45         0.01
6   2026-01-23 16:10:35       0m 29s  ...               38.62         0.91
7   2026-01-23 16:11:04       0m 29s  ...               19.86         0.56
8   2026-01-23 16:11:34       0m 28s  ...               39.61         1.05
9   2026-01-23 16:12:03       0m 26s  ...                1.79         0.05
10  2026-01-23 16:12:29       0m 25s  ...                2.79         0.07
11  2026-01-23 16:12:55       0m 28s  ...               20.77         0.49
12  2026-01-23 16:13:24       0m 27s  ...               20.60         0.51
13  2026-01-23 16:13:52       0m 27s  ...               15.28         0.35

[14 rows x 24 columns]
              timestamp time_elapsed  ... severity_rate_patch Gradient_sr2
0   2026-01-23 16:07:51       0m 25s  ...                1.74         0.04
1   2026-01-23 16:08:17       0m 25s  ...                4.36         0.11
2   2026-01-23 16:08:42       0m 26s  ...                0.85         0.02
3   2026-01-23 16:09:09       0m 29s  ...               25.47         0.67
4   2026-01-23 16:09:38       0m 30s  ...               37.39         0.99
5   2026-01-23 16:10:08       0m 26s  ...                0.45         0.01
6   2026-01-23 16:10:35       0m 29s  ...               38.62         0.91
7   2026-01-23 16:11:04       0m 29s  ...               19.86         0.56
8   2026-01-23 16:11:34       0m 28s  ...               39.61         1.05
9   2026-01-23 16:12:03       0m 26s  ...                1.79         0.05
10  2026-01-23 16:12:29       0m 25s  ...                2.79         0.07
11  2026-01-23 16:12:55       0m 28s  ...               20.77         0.49
12  2026-01-23 16:13:24       0m 27s  ...               20.60         0.51
13  2026-01-23 16:13:52       0m 27s  ...               15.28         0.35
14  2026-01-23 16:14:19       0m 29s  ...               30.18         0.79

[15 rows x 24 columns]
              timestamp time_elapsed  ... severity_rate_patch Gradient_sr2
0   2026-01-23 16:07:51       0m 25s  ...                1.74         0.04
1   2026-01-23 16:08:17       0m 25s  ...                4.36         0.11
2   2026-01-23 16:08:42       0m 26s  ...                0.85         0.02
3   2026-01-23 16:09:09       0m 29s  ...               25.47         0.67
4   2026-01-23 16:09:38       0m 30s  ...               37.39         0.99
5   2026-01-23 16:10:08       0m 26s  ...                0.45         0.01
6   2026-01-23 16:10:35       0m 29s  ...               38.62         0.91
7   2026-01-23 16:11:04       0m 29s  ...               19.86         0.56
8   2026-01-23 16:11:34       0m 28s  ...               39.61         1.05
9   2026-01-23 16:12:03       0m 26s  ...                1.79         0.05
10  2026-01-23 16:12:29       0m 25s  ...                2.79         0.07
11  2026-01-23 16:12:55       0m 28s  ...               20.77         0.49
12  2026-01-23 16:13:24       0m 27s  ...               20.60         0.51
13  2026-01-23 16:13:52       0m 27s  ...               15.28         0.35
14  2026-01-23 16:14:19       0m 29s  ...               30.18         0.79
15  2026-01-23 16:14:49       0m 29s  ...               19.25         0.48

[16 rows x 24 columns]
              timestamp time_elapsed  ... severity_rate_patch Gradient_sr2
0   2026-01-23 16:07:51       0m 25s  ...                1.74         0.04
1   2026-01-23 16:08:17       0m 25s  ...                4.36         0.11
2   2026-01-23 16:08:42       0m 26s  ...                0.85         0.02
3   2026-01-23 16:09:09       0m 29s  ...               25.47         0.67
4   2026-01-23 16:09:38       0m 30s  ...               37.39         0.99
5   2026-01-23 16:10:08       0m 26s  ...                0.45         0.01
6   2026-01-23 16:10:35       0m 29s  ...               38.62         0.91
7   2026-01-23 16:11:04       0m 29s  ...               19.86         0.56
8   2026-01-23 16:11:34       0m 28s  ...               39.61         1.05
9   2026-01-23 16:12:03       0m 26s  ...                1.79         0.05
10  2026-01-23 16:12:29       0m 25s  ...                2.79         0.07
11  2026-01-23 16:12:55       0m 28s  ...               20.77         0.49
12  2026-01-23 16:13:24       0m 27s  ...               20.60         0.51
13  2026-01-23 16:13:52       0m 27s  ...               15.28         0.35
14  2026-01-23 16:14:19       0m 29s  ...               30.18         0.79
15  2026-01-23 16:14:49       0m 29s  ...               19.25         0.48
16  2026-01-23 16:15:19       0m 38s  ...               85.84         2.58

[17 rows x 24 columns]
              timestamp time_elapsed  ... severity_rate_patch Gradient_sr2
0   2026-01-23 16:07:51       0m 25s  ...                1.74         0.04
1   2026-01-23 16:08:17       0m 25s  ...                4.36         0.11
2   2026-01-23 16:08:42       0m 26s  ...                0.85         0.02
3   2026-01-23 16:09:09       0m 29s  ...               25.47         0.67
4   2026-01-23 16:09:38       0m 30s  ...               37.39         0.99
5   2026-01-23 16:10:08       0m 26s  ...                0.45         0.01
6   2026-01-23 16:10:35       0m 29s  ...               38.62         0.91
7   2026-01-23 16:11:04       0m 29s  ...               19.86         0.56
8   2026-01-23 16:11:34       0m 28s  ...               39.61         1.05
9   2026-01-23 16:12:03       0m 26s  ...                1.79         0.05
10  2026-01-23 16:12:29       0m 25s  ...                2.79         0.07
11  2026-01-23 16:12:55       0m 28s  ...               20.77         0.49
12  2026-01-23 16:13:24       0m 27s  ...               20.60         0.51
13  2026-01-23 16:13:52       0m 27s  ...               15.28         0.35
14  2026-01-23 16:14:19       0m 29s  ...               30.18         0.79
15  2026-01-23 16:14:49       0m 29s  ...               19.25         0.48
16  2026-01-23 16:15:19       0m 38s  ...               85.84         2.58
17  2026-01-23 16:15:57       0m 26s  ...                0.76         0.02

[18 rows x 24 columns]
              timestamp time_elapsed  ... severity_rate_patch Gradient_sr2
0   2026-01-23 16:07:51       0m 25s  ...                1.74         0.04
1   2026-01-23 16:08:17       0m 25s  ...                4.36         0.11
2   2026-01-23 16:08:42       0m 26s  ...                0.85         0.02
3   2026-01-23 16:09:09       0m 29s  ...               25.47         0.67
4   2026-01-23 16:09:38       0m 30s  ...               37.39         0.99
5   2026-01-23 16:10:08       0m 26s  ...                0.45         0.01
6   2026-01-23 16:10:35       0m 29s  ...               38.62         0.91
7   2026-01-23 16:11:04       0m 29s  ...               19.86         0.56
8   2026-01-23 16:11:34       0m 28s  ...               39.61         1.05
9   2026-01-23 16:12:03       0m 26s  ...                1.79         0.05
10  2026-01-23 16:12:29       0m 25s  ...                2.79         0.07
11  2026-01-23 16:12:55       0m 28s  ...               20.77         0.49
12  2026-01-23 16:13:24       0m 27s  ...               20.60         0.51
13  2026-01-23 16:13:52       0m 27s  ...               15.28         0.35
14  2026-01-23 16:14:19       0m 29s  ...               30.18         0.79
15  2026-01-23 16:14:49       0m 29s  ...               19.25         0.48
16  2026-01-23 16:15:19       0m 38s  ...               85.84         2.58
17  2026-01-23 16:15:57       0m 26s  ...                0.76         0.02
18  2026-01-23 16:16:24       0m 28s  ...               23.22         0.57

[19 rows x 24 columns]
[2026-01-23 16:19:18,319] - [root] - [INFO] - Analysis finished: 0m 24s
[2026-01-23 16:19:18,319] - [root] - [INFO] - -------------------------------------------
[2026-01-23 16:19:18,319] - [root] - [INFO] - -------------------------------------------
[2026-01-23 16:19:18,319] - [root] - [INFO] - Processing 1-22-2026 5dpi 052-W2021006-004_R2.png
[2026-01-23 16:19:34,795] - [root] - [INFO] - Finished loading mask: 0m 16s
[2026-01-23 16:19:42,329] - [root] - [INFO] - Finished crop and inference: 0m 24s
[2026-01-23 16:19:43,859] - [root] - [INFO] - Analysis finished: 0m 25s
[2026-01-23 16:19:43,859] - [root] - [INFO] - -------------------------------------------
[2026-01-23 16:19:43,859] - [root] - [INFO] - -------------------------------------------
[2026-01-23 16:19:43,859] - [root] - [INFO] - Processing 1-22-2026 5dpi 055-W2021010-341_R2.png
[2026-01-23 16:20:00,589] - [root] - [INFO] - Finished loading mask: 0m 16s
[2026-01-23 16:20:09,335] - [root] - [INFO] - Finished crop and inference: 0m 25s
[2026-01-23 16:20:10,874] - [root] - [INFO] - Analysis finished: 0m 27s
[2026-01-23 16:20:10,874] - [root] - [INFO] - -------------------------------------------
[2026-01-23 16:20:10,874] - [root] - [INFO] - -------------------------------------------
[2026-01-23 16:20:10,875] - [root] - [INFO] - Processing 1-22-2026 5dpi 055-W2021010-397_R2.png
[2026-01-23 16:20:27,989] - [root] - [INFO] - Finished loading mask: 0m 17s
[2026-01-23 16:20:37,481] - [root] - [INFO] - Finished crop and inference: 0m 26s
[2026-01-23 16:20:38,954] - [root] - [INFO] - Analysis finished: 0m 28s
[2026-01-23 16:20:38,954] - [root] - [INFO] - -------------------------------------------
[2026-01-23 16:20:38,954] - [root] - [INFO] - -------------------------------------------
[2026-01-23 16:20:38,954] - [root] - [INFO] - Processing 1-22-2026 5dpi 056-W2021006-609_R1.png
[2026-01-23 16:20:55,669] - [root] - [INFO] - Finished loading mask: 0m 16s
[2026-01-23 16:21:07,117] - [root] - [INFO] - Finished crop and inference: 0m 28s
              timestamp time_elapsed  ... severity_rate_patch Gradient_sr2
0   2026-01-23 16:07:51       0m 25s  ...                1.74         0.04
1   2026-01-23 16:08:17       0m 25s  ...                4.36         0.11
2   2026-01-23 16:08:42       0m 26s  ...                0.85         0.02
3   2026-01-23 16:09:09       0m 29s  ...               25.47         0.67
4   2026-01-23 16:09:38       0m 30s  ...               37.39         0.99
5   2026-01-23 16:10:08       0m 26s  ...                0.45         0.01
6   2026-01-23 16:10:35       0m 29s  ...               38.62         0.91
7   2026-01-23 16:11:04       0m 29s  ...               19.86         0.56
8   2026-01-23 16:11:34       0m 28s  ...               39.61         1.05
9   2026-01-23 16:12:03       0m 26s  ...                1.79         0.05
10  2026-01-23 16:12:29       0m 25s  ...                2.79         0.07
11  2026-01-23 16:12:55       0m 28s  ...               20.77         0.49
12  2026-01-23 16:13:24       0m 27s  ...               20.60         0.51
13  2026-01-23 16:13:52       0m 27s  ...               15.28         0.35
14  2026-01-23 16:14:19       0m 29s  ...               30.18         0.79
15  2026-01-23 16:14:49       0m 29s  ...               19.25         0.48
16  2026-01-23 16:15:19       0m 38s  ...               85.84         2.58
17  2026-01-23 16:15:57       0m 26s  ...                0.76         0.02
18  2026-01-23 16:16:24       0m 28s  ...               23.22         0.57
19  2026-01-23 16:16:53       0m 34s  ...               62.76         1.72

[20 rows x 24 columns]
              timestamp time_elapsed  ... severity_rate_patch Gradient_sr2
0   2026-01-23 16:07:51       0m 25s  ...                1.74         0.04
1   2026-01-23 16:08:17       0m 25s  ...                4.36         0.11
2   2026-01-23 16:08:42       0m 26s  ...                0.85         0.02
3   2026-01-23 16:09:09       0m 29s  ...               25.47         0.67
4   2026-01-23 16:09:38       0m 30s  ...               37.39         0.99
5   2026-01-23 16:10:08       0m 26s  ...                0.45         0.01
6   2026-01-23 16:10:35       0m 29s  ...               38.62         0.91
7   2026-01-23 16:11:04       0m 29s  ...               19.86         0.56
8   2026-01-23 16:11:34       0m 28s  ...               39.61         1.05
9   2026-01-23 16:12:03       0m 26s  ...                1.79         0.05
10  2026-01-23 16:12:29       0m 25s  ...                2.79         0.07
11  2026-01-23 16:12:55       0m 28s  ...               20.77         0.49
12  2026-01-23 16:13:24       0m 27s  ...               20.60         0.51
13  2026-01-23 16:13:52       0m 27s  ...               15.28         0.35
14  2026-01-23 16:14:19       0m 29s  ...               30.18         0.79
15  2026-01-23 16:14:49       0m 29s  ...               19.25         0.48
16  2026-01-23 16:15:19       0m 38s  ...               85.84         2.58
17  2026-01-23 16:15:57       0m 26s  ...                0.76         0.02
18  2026-01-23 16:16:24       0m 28s  ...               23.22         0.57
19  2026-01-23 16:16:53       0m 34s  ...               62.76         1.72
20  2026-01-23 16:17:27       0m 26s  ...                1.10         0.03

[21 rows x 24 columns]
              timestamp time_elapsed  ... severity_rate_patch Gradient_sr2
0   2026-01-23 16:07:51       0m 25s  ...                1.74         0.04
1   2026-01-23 16:08:17       0m 25s  ...                4.36         0.11
2   2026-01-23 16:08:42       0m 26s  ...                0.85         0.02
3   2026-01-23 16:09:09       0m 29s  ...               25.47         0.67
4   2026-01-23 16:09:38       0m 30s  ...               37.39         0.99
5   2026-01-23 16:10:08       0m 26s  ...                0.45         0.01
6   2026-01-23 16:10:35       0m 29s  ...               38.62         0.91
7   2026-01-23 16:11:04       0m 29s  ...               19.86         0.56
8   2026-01-23 16:11:34       0m 28s  ...               39.61         1.05
9   2026-01-23 16:12:03       0m 26s  ...                1.79         0.05
10  2026-01-23 16:12:29       0m 25s  ...                2.79         0.07
11  2026-01-23 16:12:55       0m 28s  ...               20.77         0.49
12  2026-01-23 16:13:24       0m 27s  ...               20.60         0.51
13  2026-01-23 16:13:52       0m 27s  ...               15.28         0.35
14  2026-01-23 16:14:19       0m 29s  ...               30.18         0.79
15  2026-01-23 16:14:49       0m 29s  ...               19.25         0.48
16  2026-01-23 16:15:19       0m 38s  ...               85.84         2.58
17  2026-01-23 16:15:57       0m 26s  ...                0.76         0.02
18  2026-01-23 16:16:24       0m 28s  ...               23.22         0.57
19  2026-01-23 16:16:53       0m 34s  ...               62.76         1.72
20  2026-01-23 16:17:27       0m 26s  ...                1.10         0.03
21  2026-01-23 16:17:54       0m 28s  ...               19.31         0.52

[22 rows x 24 columns]
              timestamp time_elapsed  ... severity_rate_patch Gradient_sr2
0   2026-01-23 16:07:51       0m 25s  ...                1.74         0.04
1   2026-01-23 16:08:17       0m 25s  ...                4.36         0.11
2   2026-01-23 16:08:42       0m 26s  ...                0.85         0.02
3   2026-01-23 16:09:09       0m 29s  ...               25.47         0.67
4   2026-01-23 16:09:38       0m 30s  ...               37.39         0.99
5   2026-01-23 16:10:08       0m 26s  ...                0.45         0.01
6   2026-01-23 16:10:35       0m 29s  ...               38.62         0.91
7   2026-01-23 16:11:04       0m 29s  ...               19.86         0.56
8   2026-01-23 16:11:34       0m 28s  ...               39.61         1.05
9   2026-01-23 16:12:03       0m 26s  ...                1.79         0.05
10  2026-01-23 16:12:29       0m 25s  ...                2.79         0.07
11  2026-01-23 16:12:55       0m 28s  ...               20.77         0.49
12  2026-01-23 16:13:24       0m 27s  ...               20.60         0.51
13  2026-01-23 16:13:52       0m 27s  ...               15.28         0.35
14  2026-01-23 16:14:19       0m 29s  ...               30.18         0.79
15  2026-01-23 16:14:49       0m 29s  ...               19.25         0.48
16  2026-01-23 16:15:19       0m 38s  ...               85.84         2.58
17  2026-01-23 16:15:57       0m 26s  ...                0.76         0.02
18  2026-01-23 16:16:24       0m 28s  ...               23.22         0.57
19  2026-01-23 16:16:53       0m 34s  ...               62.76         1.72
20  2026-01-23 16:17:27       0m 26s  ...                1.10         0.03
21  2026-01-23 16:17:54       0m 28s  ...               19.31         0.52
22  2026-01-23 16:18:22       0m 31s  ...               42.05         1.16

[23 rows x 24 columns]
[2026-01-23 16:21:08,577] - [root] - [INFO] - Analysis finished: 0m 29s
[2026-01-23 16:21:08,577] - [root] - [INFO] - -------------------------------------------
[2026-01-23 16:21:08,577] - [root] - [INFO] - -------------------------------------------
[2026-01-23 16:21:08,577] - [root] - [INFO] - Processing 1-22-2026 5dpi 059-W2021010-434_R1.png
[2026-01-23 16:21:25,459] - [root] - [INFO] - Finished loading mask: 0m 16s
[2026-01-23 16:21:34,113] - [root] - [INFO] - Finished crop and inference: 0m 25s
[2026-01-23 16:21:35,638] - [root] - [INFO] - Analysis finished: 0m 27s
[2026-01-23 16:21:35,638] - [root] - [INFO] - -------------------------------------------
[2026-01-23 16:21:35,638] - [root] - [INFO] - -------------------------------------------
[2026-01-23 16:21:35,638] - [root] - [INFO] - Processing 1-22-2026 5dpi 060-W2021010-324_R2.png
[2026-01-23 16:21:52,408] - [root] - [INFO] - Finished loading mask: 0m 16s
[2026-01-23 16:22:00,520] - [root] - [INFO] - Finished crop and inference: 0m 24s
[2026-01-23 16:22:01,993] - [root] - [INFO] - Analysis finished: 0m 26s
[2026-01-23 16:22:01,994] - [root] - [INFO] - -------------------------------------------
[2026-01-23 16:22:01,994] - [root] - [INFO] - -------------------------------------------
[2026-01-23 16:22:01,994] - [root] - [INFO] - Processing 1-22-2026 5dpi 061-W2021011-483_R1.png
[2026-01-23 16:22:18,465] - [root] - [INFO] - Finished loading mask: 0m 16s
[2026-01-23 16:22:27,743] - [root] - [INFO] - Finished crop and inference: 0m 25s
              timestamp time_elapsed  ... severity_rate_patch Gradient_sr2
0   2026-01-23 16:07:51       0m 25s  ...                1.74         0.04
1   2026-01-23 16:08:17       0m 25s  ...                4.36         0.11
2   2026-01-23 16:08:42       0m 26s  ...                0.85         0.02
3   2026-01-23 16:09:09       0m 29s  ...               25.47         0.67
4   2026-01-23 16:09:38       0m 30s  ...               37.39         0.99
5   2026-01-23 16:10:08       0m 26s  ...                0.45         0.01
6   2026-01-23 16:10:35       0m 29s  ...               38.62         0.91
7   2026-01-23 16:11:04       0m 29s  ...               19.86         0.56
8   2026-01-23 16:11:34       0m 28s  ...               39.61         1.05
9   2026-01-23 16:12:03       0m 26s  ...                1.79         0.05
10  2026-01-23 16:12:29       0m 25s  ...                2.79         0.07
11  2026-01-23 16:12:55       0m 28s  ...               20.77         0.49
12  2026-01-23 16:13:24       0m 27s  ...               20.60         0.51
13  2026-01-23 16:13:52       0m 27s  ...               15.28         0.35
14  2026-01-23 16:14:19       0m 29s  ...               30.18         0.79
15  2026-01-23 16:14:49       0m 29s  ...               19.25         0.48
16  2026-01-23 16:15:19       0m 38s  ...               85.84         2.58
17  2026-01-23 16:15:57       0m 26s  ...                0.76         0.02
18  2026-01-23 16:16:24       0m 28s  ...               23.22         0.57
19  2026-01-23 16:16:53       0m 34s  ...               62.76         1.72
20  2026-01-23 16:17:27       0m 26s  ...                1.10         0.03
21  2026-01-23 16:17:54       0m 28s  ...               19.31         0.52
22  2026-01-23 16:18:22       0m 31s  ...               42.05         1.16
23  2026-01-23 16:18:53       0m 24s  ...                6.56         0.18

[24 rows x 24 columns]
              timestamp time_elapsed  ... severity_rate_patch Gradient_sr2
0   2026-01-23 16:07:51       0m 25s  ...                1.74         0.04
1   2026-01-23 16:08:17       0m 25s  ...                4.36         0.11
2   2026-01-23 16:08:42       0m 26s  ...                0.85         0.02
3   2026-01-23 16:09:09       0m 29s  ...               25.47         0.67
4   2026-01-23 16:09:38       0m 30s  ...               37.39         0.99
5   2026-01-23 16:10:08       0m 26s  ...                0.45         0.01
6   2026-01-23 16:10:35       0m 29s  ...               38.62         0.91
7   2026-01-23 16:11:04       0m 29s  ...               19.86         0.56
8   2026-01-23 16:11:34       0m 28s  ...               39.61         1.05
9   2026-01-23 16:12:03       0m 26s  ...                1.79         0.05
10  2026-01-23 16:12:29       0m 25s  ...                2.79         0.07
11  2026-01-23 16:12:55       0m 28s  ...               20.77         0.49
12  2026-01-23 16:13:24       0m 27s  ...               20.60         0.51
13  2026-01-23 16:13:52       0m 27s  ...               15.28         0.35
14  2026-01-23 16:14:19       0m 29s  ...               30.18         0.79
15  2026-01-23 16:14:49       0m 29s  ...               19.25         0.48
16  2026-01-23 16:15:19       0m 38s  ...               85.84         2.58
17  2026-01-23 16:15:57       0m 26s  ...                0.76         0.02
18  2026-01-23 16:16:24       0m 28s  ...               23.22         0.57
19  2026-01-23 16:16:53       0m 34s  ...               62.76         1.72
20  2026-01-23 16:17:27       0m 26s  ...                1.10         0.03
21  2026-01-23 16:17:54       0m 28s  ...               19.31         0.52
22  2026-01-23 16:18:22       0m 31s  ...               42.05         1.16
23  2026-01-23 16:18:53       0m 24s  ...                6.56         0.18
24  2026-01-23 16:19:18       0m 25s  ...                1.51         0.04

[25 rows x 24 columns]
              timestamp time_elapsed  ... severity_rate_patch Gradient_sr2
0   2026-01-23 16:07:51       0m 25s  ...                1.74         0.04
1   2026-01-23 16:08:17       0m 25s  ...                4.36         0.11
2   2026-01-23 16:08:42       0m 26s  ...                0.85         0.02
3   2026-01-23 16:09:09       0m 29s  ...               25.47         0.67
4   2026-01-23 16:09:38       0m 30s  ...               37.39         0.99
5   2026-01-23 16:10:08       0m 26s  ...                0.45         0.01
6   2026-01-23 16:10:35       0m 29s  ...               38.62         0.91
7   2026-01-23 16:11:04       0m 29s  ...               19.86         0.56
8   2026-01-23 16:11:34       0m 28s  ...               39.61         1.05
9   2026-01-23 16:12:03       0m 26s  ...                1.79         0.05
10  2026-01-23 16:12:29       0m 25s  ...                2.79         0.07
11  2026-01-23 16:12:55       0m 28s  ...               20.77         0.49
12  2026-01-23 16:13:24       0m 27s  ...               20.60         0.51
13  2026-01-23 16:13:52       0m 27s  ...               15.28         0.35
14  2026-01-23 16:14:19       0m 29s  ...               30.18         0.79
15  2026-01-23 16:14:49       0m 29s  ...               19.25         0.48
16  2026-01-23 16:15:19       0m 38s  ...               85.84         2.58
17  2026-01-23 16:15:57       0m 26s  ...                0.76         0.02
18  2026-01-23 16:16:24       0m 28s  ...               23.22         0.57
19  2026-01-23 16:16:53       0m 34s  ...               62.76         1.72
20  2026-01-23 16:17:27       0m 26s  ...                1.10         0.03
21  2026-01-23 16:17:54       0m 28s  ...               19.31         0.52
22  2026-01-23 16:18:22       0m 31s  ...               42.05         1.16
23  2026-01-23 16:18:53       0m 24s  ...                6.56         0.18
24  2026-01-23 16:19:18       0m 25s  ...                1.51         0.04
25  2026-01-23 16:19:43       0m 26s  ...                8.51         0.22

[26 rows x 24 columns]
              timestamp time_elapsed  ... severity_rate_patch Gradient_sr2
0   2026-01-23 16:07:51       0m 25s  ...                1.74         0.04
1   2026-01-23 16:08:17       0m 25s  ...                4.36         0.11
2   2026-01-23 16:08:42       0m 26s  ...                0.85         0.02
3   2026-01-23 16:09:09       0m 29s  ...               25.47         0.67
4   2026-01-23 16:09:38       0m 30s  ...               37.39         0.99
5   2026-01-23 16:10:08       0m 26s  ...                0.45         0.01
6   2026-01-23 16:10:35       0m 29s  ...               38.62         0.91
7   2026-01-23 16:11:04       0m 29s  ...               19.86         0.56
8   2026-01-23 16:11:34       0m 28s  ...               39.61         1.05
9   2026-01-23 16:12:03       0m 26s  ...                1.79         0.05
10  2026-01-23 16:12:29       0m 25s  ...                2.79         0.07
11  2026-01-23 16:12:55       0m 28s  ...               20.77         0.49
12  2026-01-23 16:13:24       0m 27s  ...               20.60         0.51
13  2026-01-23 16:13:52       0m 27s  ...               15.28         0.35
14  2026-01-23 16:14:19       0m 29s  ...               30.18         0.79
15  2026-01-23 16:14:49       0m 29s  ...               19.25         0.48
16  2026-01-23 16:15:19       0m 38s  ...               85.84         2.58
17  2026-01-23 16:15:57       0m 26s  ...                0.76         0.02
18  2026-01-23 16:16:24       0m 28s  ...               23.22         0.57
19  2026-01-23 16:16:53       0m 34s  ...               62.76         1.72
20  2026-01-23 16:17:27       0m 26s  ...                1.10         0.03
21  2026-01-23 16:17:54       0m 28s  ...               19.31         0.52
22  2026-01-23 16:18:22       0m 31s  ...               42.05         1.16
23  2026-01-23 16:18:53       0m 24s  ...                6.56         0.18
24  2026-01-23 16:19:18       0m 25s  ...                1.51         0.04
25  2026-01-23 16:19:43       0m 26s  ...                8.51         0.22
26  2026-01-23 16:20:10       0m 28s  ...               12.12         0.31

[27 rows x 24 columns]
[2026-01-23 16:22:29,226] - [root] - [INFO] - Analysis finished: 0m 27s
[2026-01-23 16:22:29,226] - [root] - [INFO] - -------------------------------------------
[2026-01-23 16:22:29,226] - [root] - [INFO] - -------------------------------------------
[2026-01-23 16:22:29,226] - [root] - [INFO] - Processing 1-22-2026 5dpi 070-W2021011-486_R2.png
[2026-01-23 16:22:45,936] - [root] - [INFO] - Finished loading mask: 0m 16s
[2026-01-23 16:22:55,856] - [root] - [INFO] - Finished crop and inference: 0m 26s
[2026-01-23 16:22:57,368] - [root] - [INFO] - Analysis finished: 0m 28s
[2026-01-23 16:22:57,368] - [root] - [INFO] - -------------------------------------------
[2026-01-23 16:22:57,369] - [root] - [INFO] - -------------------------------------------
[2026-01-23 16:22:57,369] - [root] - [INFO] - Processing 1-22-2026 5dpi 071-W2021010-323_R1.png
[2026-01-23 16:23:14,023] - [root] - [INFO] - Finished loading mask: 0m 16s
[2026-01-23 16:23:29,209] - [root] - [INFO] - Finished crop and inference: 0m 31s
[2026-01-23 16:23:30,771] - [root] - [INFO] - Analysis finished: 0m 33s
[2026-01-23 16:23:30,772] - [root] - [INFO] - -------------------------------------------
[2026-01-23 16:23:30,772] - [root] - [INFO] - -------------------------------------------
[2026-01-23 16:23:30,772] - [root] - [INFO] - Processing 1-22-2026 5dpi 077-W2021010-351_R2.png
[2026-01-23 16:23:48,241] - [root] - [INFO] - Finished loading mask: 0m 17s
[2026-01-23 16:23:56,829] - [root] - [INFO] - Finished crop and inference: 0m 26s
              timestamp time_elapsed  ... severity_rate_patch Gradient_sr2
0   2026-01-23 16:07:51       0m 25s  ...                1.74         0.04
1   2026-01-23 16:08:17       0m 25s  ...                4.36         0.11
2   2026-01-23 16:08:42       0m 26s  ...                0.85         0.02
3   2026-01-23 16:09:09       0m 29s  ...               25.47         0.67
4   2026-01-23 16:09:38       0m 30s  ...               37.39         0.99
5   2026-01-23 16:10:08       0m 26s  ...                0.45         0.01
6   2026-01-23 16:10:35       0m 29s  ...               38.62         0.91
7   2026-01-23 16:11:04       0m 29s  ...               19.86         0.56
8   2026-01-23 16:11:34       0m 28s  ...               39.61         1.05
9   2026-01-23 16:12:03       0m 26s  ...                1.79         0.05
10  2026-01-23 16:12:29       0m 25s  ...                2.79         0.07
11  2026-01-23 16:12:55       0m 28s  ...               20.77         0.49
12  2026-01-23 16:13:24       0m 27s  ...               20.60         0.51
13  2026-01-23 16:13:52       0m 27s  ...               15.28         0.35
14  2026-01-23 16:14:19       0m 29s  ...               30.18         0.79
15  2026-01-23 16:14:49       0m 29s  ...               19.25         0.48
16  2026-01-23 16:15:19       0m 38s  ...               85.84         2.58
17  2026-01-23 16:15:57       0m 26s  ...                0.76         0.02
18  2026-01-23 16:16:24       0m 28s  ...               23.22         0.57
19  2026-01-23 16:16:53       0m 34s  ...               62.76         1.72
20  2026-01-23 16:17:27       0m 26s  ...                1.10         0.03
21  2026-01-23 16:17:54       0m 28s  ...               19.31         0.52
22  2026-01-23 16:18:22       0m 31s  ...               42.05         1.16
23  2026-01-23 16:18:53       0m 24s  ...                6.56         0.18
24  2026-01-23 16:19:18       0m 25s  ...                1.51         0.04
25  2026-01-23 16:19:43       0m 26s  ...                8.51         0.22
26  2026-01-23 16:20:10       0m 28s  ...               12.12         0.31
27  2026-01-23 16:20:38       0m 29s  ...               32.69         0.79

[28 rows x 24 columns]
              timestamp time_elapsed  ... severity_rate_patch Gradient_sr2
0   2026-01-23 16:07:51       0m 25s  ...                1.74         0.04
1   2026-01-23 16:08:17       0m 25s  ...                4.36         0.11
2   2026-01-23 16:08:42       0m 26s  ...                0.85         0.02
3   2026-01-23 16:09:09       0m 29s  ...               25.47         0.67
4   2026-01-23 16:09:38       0m 30s  ...               37.39         0.99
5   2026-01-23 16:10:08       0m 26s  ...                0.45         0.01
6   2026-01-23 16:10:35       0m 29s  ...               38.62         0.91
7   2026-01-23 16:11:04       0m 29s  ...               19.86         0.56
8   2026-01-23 16:11:34       0m 28s  ...               39.61         1.05
9   2026-01-23 16:12:03       0m 26s  ...                1.79         0.05
10  2026-01-23 16:12:29       0m 25s  ...                2.79         0.07
11  2026-01-23 16:12:55       0m 28s  ...               20.77         0.49
12  2026-01-23 16:13:24       0m 27s  ...               20.60         0.51
13  2026-01-23 16:13:52       0m 27s  ...               15.28         0.35
14  2026-01-23 16:14:19       0m 29s  ...               30.18         0.79
15  2026-01-23 16:14:49       0m 29s  ...               19.25         0.48
16  2026-01-23 16:15:19       0m 38s  ...               85.84         2.58
17  2026-01-23 16:15:57       0m 26s  ...                0.76         0.02
18  2026-01-23 16:16:24       0m 28s  ...               23.22         0.57
19  2026-01-23 16:16:53       0m 34s  ...               62.76         1.72
20  2026-01-23 16:17:27       0m 26s  ...                1.10         0.03
21  2026-01-23 16:17:54       0m 28s  ...               19.31         0.52
22  2026-01-23 16:18:22       0m 31s  ...               42.05         1.16
23  2026-01-23 16:18:53       0m 24s  ...                6.56         0.18
24  2026-01-23 16:19:18       0m 25s  ...                1.51         0.04
25  2026-01-23 16:19:43       0m 26s  ...                8.51         0.22
26  2026-01-23 16:20:10       0m 28s  ...               12.12         0.31
27  2026-01-23 16:20:38       0m 29s  ...               32.69         0.79
28  2026-01-23 16:21:08       0m 27s  ...                2.15         0.06

[29 rows x 24 columns]
              timestamp time_elapsed  ... severity_rate_patch Gradient_sr2
0   2026-01-23 16:07:51       0m 25s  ...                1.74         0.04
1   2026-01-23 16:08:17       0m 25s  ...                4.36         0.11
2   2026-01-23 16:08:42       0m 26s  ...                0.85         0.02
3   2026-01-23 16:09:09       0m 29s  ...               25.47         0.67
4   2026-01-23 16:09:38       0m 30s  ...               37.39         0.99
5   2026-01-23 16:10:08       0m 26s  ...                0.45         0.01
6   2026-01-23 16:10:35       0m 29s  ...               38.62         0.91
7   2026-01-23 16:11:04       0m 29s  ...               19.86         0.56
8   2026-01-23 16:11:34       0m 28s  ...               39.61         1.05
9   2026-01-23 16:12:03       0m 26s  ...                1.79         0.05
10  2026-01-23 16:12:29       0m 25s  ...                2.79         0.07
11  2026-01-23 16:12:55       0m 28s  ...               20.77         0.49
12  2026-01-23 16:13:24       0m 27s  ...               20.60         0.51
13  2026-01-23 16:13:52       0m 27s  ...               15.28         0.35
14  2026-01-23 16:14:19       0m 29s  ...               30.18         0.79
15  2026-01-23 16:14:49       0m 29s  ...               19.25         0.48
16  2026-01-23 16:15:19       0m 38s  ...               85.84         2.58
17  2026-01-23 16:15:57       0m 26s  ...                0.76         0.02
18  2026-01-23 16:16:24       0m 28s  ...               23.22         0.57
19  2026-01-23 16:16:53       0m 34s  ...               62.76         1.72
20  2026-01-23 16:17:27       0m 26s  ...                1.10         0.03
21  2026-01-23 16:17:54       0m 28s  ...               19.31         0.52
22  2026-01-23 16:18:22       0m 31s  ...               42.05         1.16
23  2026-01-23 16:18:53       0m 24s  ...                6.56         0.18
24  2026-01-23 16:19:18       0m 25s  ...                1.51         0.04
25  2026-01-23 16:19:43       0m 26s  ...                8.51         0.22
26  2026-01-23 16:20:10       0m 28s  ...               12.12         0.31
27  2026-01-23 16:20:38       0m 29s  ...               32.69         0.79
28  2026-01-23 16:21:08       0m 27s  ...                2.15         0.06
29  2026-01-23 16:21:35       0m 26s  ...                2.94         0.07

[30 rows x 24 columns]
[2026-01-23 16:23:58,303] - [root] - [INFO] - Analysis finished: 0m 27s
[2026-01-23 16:23:58,304] - [root] - [INFO] - -------------------------------------------
[2026-01-23 16:23:58,304] - [root] - [INFO] - -------------------------------------------
[2026-01-23 16:23:58,304] - [root] - [INFO] - Processing 1-22-2026 5dpi 084-W2021010-319_R1.png
[2026-01-23 16:24:14,790] - [root] - [INFO] - Finished loading mask: 0m 16s
[2026-01-23 16:24:22,741] - [root] - [INFO] - Finished crop and inference: 0m 24s
[2026-01-23 16:24:24,193] - [root] - [INFO] - Analysis finished: 0m 25s
[2026-01-23 16:24:24,193] - [root] - [INFO] - -------------------------------------------
[2026-01-23 16:24:24,193] - [root] - [INFO] - -------------------------------------------
[2026-01-23 16:24:24,193] - [root] - [INFO] - Processing 1-22-2026 5dpi 085-W2021010-630_R1.png
[2026-01-23 16:24:40,864] - [root] - [INFO] - Finished loading mask: 0m 16s
[2026-01-23 16:24:48,825] - [root] - [INFO] - Finished crop and inference: 0m 24s
              timestamp time_elapsed  ... severity_rate_patch Gradient_sr2
0   2026-01-23 16:07:51       0m 25s  ...                1.74         0.04
1   2026-01-23 16:08:17       0m 25s  ...                4.36         0.11
2   2026-01-23 16:08:42       0m 26s  ...                0.85         0.02
3   2026-01-23 16:09:09       0m 29s  ...               25.47         0.67
4   2026-01-23 16:09:38       0m 30s  ...               37.39         0.99
5   2026-01-23 16:10:08       0m 26s  ...                0.45         0.01
6   2026-01-23 16:10:35       0m 29s  ...               38.62         0.91
7   2026-01-23 16:11:04       0m 29s  ...               19.86         0.56
8   2026-01-23 16:11:34       0m 28s  ...               39.61         1.05
9   2026-01-23 16:12:03       0m 26s  ...                1.79         0.05
10  2026-01-23 16:12:29       0m 25s  ...                2.79         0.07
11  2026-01-23 16:12:55       0m 28s  ...               20.77         0.49
12  2026-01-23 16:13:24       0m 27s  ...               20.60         0.51
13  2026-01-23 16:13:52       0m 27s  ...               15.28         0.35
14  2026-01-23 16:14:19       0m 29s  ...               30.18         0.79
15  2026-01-23 16:14:49       0m 29s  ...               19.25         0.48
16  2026-01-23 16:15:19       0m 38s  ...               85.84         2.58
17  2026-01-23 16:15:57       0m 26s  ...                0.76         0.02
18  2026-01-23 16:16:24       0m 28s  ...               23.22         0.57
19  2026-01-23 16:16:53       0m 34s  ...               62.76         1.72
20  2026-01-23 16:17:27       0m 26s  ...                1.10         0.03
21  2026-01-23 16:17:54       0m 28s  ...               19.31         0.52
22  2026-01-23 16:18:22       0m 31s  ...               42.05         1.16
23  2026-01-23 16:18:53       0m 24s  ...                6.56         0.18
24  2026-01-23 16:19:18       0m 25s  ...                1.51         0.04
25  2026-01-23 16:19:43       0m 26s  ...                8.51         0.22
26  2026-01-23 16:20:10       0m 28s  ...               12.12         0.31
27  2026-01-23 16:20:38       0m 29s  ...               32.69         0.79
28  2026-01-23 16:21:08       0m 27s  ...                2.15         0.06
29  2026-01-23 16:21:35       0m 26s  ...                2.94         0.07
30  2026-01-23 16:22:01       0m 27s  ...               12.91         0.30

[31 rows x 24 columns]
              timestamp time_elapsed  ... severity_rate_patch Gradient_sr2
0   2026-01-23 16:07:51       0m 25s  ...                1.74         0.04
1   2026-01-23 16:08:17       0m 25s  ...                4.36         0.11
2   2026-01-23 16:08:42       0m 26s  ...                0.85         0.02
3   2026-01-23 16:09:09       0m 29s  ...               25.47         0.67
4   2026-01-23 16:09:38       0m 30s  ...               37.39         0.99
5   2026-01-23 16:10:08       0m 26s  ...                0.45         0.01
6   2026-01-23 16:10:35       0m 29s  ...               38.62         0.91
7   2026-01-23 16:11:04       0m 29s  ...               19.86         0.56
8   2026-01-23 16:11:34       0m 28s  ...               39.61         1.05
9   2026-01-23 16:12:03       0m 26s  ...                1.79         0.05
10  2026-01-23 16:12:29       0m 25s  ...                2.79         0.07
11  2026-01-23 16:12:55       0m 28s  ...               20.77         0.49
12  2026-01-23 16:13:24       0m 27s  ...               20.60         0.51
13  2026-01-23 16:13:52       0m 27s  ...               15.28         0.35
14  2026-01-23 16:14:19       0m 29s  ...               30.18         0.79
15  2026-01-23 16:14:49       0m 29s  ...               19.25         0.48
16  2026-01-23 16:15:19       0m 38s  ...               85.84         2.58
17  2026-01-23 16:15:57       0m 26s  ...                0.76         0.02
18  2026-01-23 16:16:24       0m 28s  ...               23.22         0.57
19  2026-01-23 16:16:53       0m 34s  ...               62.76         1.72
20  2026-01-23 16:17:27       0m 26s  ...                1.10         0.03
21  2026-01-23 16:17:54       0m 28s  ...               19.31         0.52
22  2026-01-23 16:18:22       0m 31s  ...               42.05         1.16
23  2026-01-23 16:18:53       0m 24s  ...                6.56         0.18
24  2026-01-23 16:19:18       0m 25s  ...                1.51         0.04
25  2026-01-23 16:19:43       0m 26s  ...                8.51         0.22
26  2026-01-23 16:20:10       0m 28s  ...               12.12         0.31
27  2026-01-23 16:20:38       0m 29s  ...               32.69         0.79
28  2026-01-23 16:21:08       0m 27s  ...                2.15         0.06
29  2026-01-23 16:21:35       0m 26s  ...                2.94         0.07
30  2026-01-23 16:22:01       0m 27s  ...               12.91         0.30
31  2026-01-23 16:22:29       0m 28s  ...               42.77         1.19

[32 rows x 24 columns]
              timestamp time_elapsed  ... severity_rate_patch Gradient_sr2
0   2026-01-23 16:07:51       0m 25s  ...                1.74         0.04
1   2026-01-23 16:08:17       0m 25s  ...                4.36         0.11
2   2026-01-23 16:08:42       0m 26s  ...                0.85         0.02
3   2026-01-23 16:09:09       0m 29s  ...               25.47         0.67
4   2026-01-23 16:09:38       0m 30s  ...               37.39         0.99
5   2026-01-23 16:10:08       0m 26s  ...                0.45         0.01
6   2026-01-23 16:10:35       0m 29s  ...               38.62         0.91
7   2026-01-23 16:11:04       0m 29s  ...               19.86         0.56
8   2026-01-23 16:11:34       0m 28s  ...               39.61         1.05
9   2026-01-23 16:12:03       0m 26s  ...                1.79         0.05
10  2026-01-23 16:12:29       0m 25s  ...                2.79         0.07
11  2026-01-23 16:12:55       0m 28s  ...               20.77         0.49
12  2026-01-23 16:13:24       0m 27s  ...               20.60         0.51
13  2026-01-23 16:13:52       0m 27s  ...               15.28         0.35
14  2026-01-23 16:14:19       0m 29s  ...               30.18         0.79
15  2026-01-23 16:14:49       0m 29s  ...               19.25         0.48
16  2026-01-23 16:15:19       0m 38s  ...               85.84         2.58
17  2026-01-23 16:15:57       0m 26s  ...                0.76         0.02
18  2026-01-23 16:16:24       0m 28s  ...               23.22         0.57
19  2026-01-23 16:16:53       0m 34s  ...               62.76         1.72
20  2026-01-23 16:17:27       0m 26s  ...                1.10         0.03
21  2026-01-23 16:17:54       0m 28s  ...               19.31         0.52
22  2026-01-23 16:18:22       0m 31s  ...               42.05         1.16
23  2026-01-23 16:18:53       0m 24s  ...                6.56         0.18
24  2026-01-23 16:19:18       0m 25s  ...                1.51         0.04
25  2026-01-23 16:19:43       0m 26s  ...                8.51         0.22
26  2026-01-23 16:20:10       0m 28s  ...               12.12         0.31
27  2026-01-23 16:20:38       0m 29s  ...               32.69         0.79
28  2026-01-23 16:21:08       0m 27s  ...                2.15         0.06
29  2026-01-23 16:21:35       0m 26s  ...                2.94         0.07
30  2026-01-23 16:22:01       0m 27s  ...               12.91         0.30
31  2026-01-23 16:22:29       0m 28s  ...               42.77         1.19
32  2026-01-23 16:22:57       0m 33s  ...               65.54         1.89

[33 rows x 24 columns]
[2026-01-23 16:24:50,295] - [root] - [INFO] - Analysis finished: 0m 26s
[2026-01-23 16:24:50,295] - [root] - [INFO] - -------------------------------------------
[2026-01-23 16:24:50,295] - [root] - [INFO] - -------------------------------------------
[2026-01-23 16:24:50,295] - [root] - [INFO] - Processing 1-22-2026 5dpi 091-W2021006-056_R2.png
[2026-01-23 16:25:06,971] - [root] - [INFO] - Finished loading mask: 0m 16s
[2026-01-23 16:25:14,984] - [root] - [INFO] - Finished crop and inference: 0m 24s
[2026-01-23 16:25:16,457] - [root] - [INFO] - Analysis finished: 0m 26s
[2026-01-23 16:25:16,457] - [root] - [INFO] - -------------------------------------------
[2026-01-23 16:25:16,457] - [root] - [INFO] - -------------------------------------------
[2026-01-23 16:25:16,458] - [root] - [INFO] - Processing 1-22-2026 5dpi 094-W2021010-315_R2.png
[2026-01-23 16:25:32,940] - [root] - [INFO] - Finished loading mask: 0m 16s
[2026-01-23 16:25:40,782] - [root] - [INFO] - Finished crop and inference: 0m 24s
              timestamp time_elapsed  ... severity_rate_patch Gradient_sr2
0   2026-01-23 16:07:51       0m 25s  ...                1.74         0.04
1   2026-01-23 16:08:17       0m 25s  ...                4.36         0.11
2   2026-01-23 16:08:42       0m 26s  ...                0.85         0.02
3   2026-01-23 16:09:09       0m 29s  ...               25.47         0.67
4   2026-01-23 16:09:38       0m 30s  ...               37.39         0.99
5   2026-01-23 16:10:08       0m 26s  ...                0.45         0.01
6   2026-01-23 16:10:35       0m 29s  ...               38.62         0.91
7   2026-01-23 16:11:04       0m 29s  ...               19.86         0.56
8   2026-01-23 16:11:34       0m 28s  ...               39.61         1.05
9   2026-01-23 16:12:03       0m 26s  ...                1.79         0.05
10  2026-01-23 16:12:29       0m 25s  ...                2.79         0.07
11  2026-01-23 16:12:55       0m 28s  ...               20.77         0.49
12  2026-01-23 16:13:24       0m 27s  ...               20.60         0.51
13  2026-01-23 16:13:52       0m 27s  ...               15.28         0.35
14  2026-01-23 16:14:19       0m 29s  ...               30.18         0.79
15  2026-01-23 16:14:49       0m 29s  ...               19.25         0.48
16  2026-01-23 16:15:19       0m 38s  ...               85.84         2.58
17  2026-01-23 16:15:57       0m 26s  ...                0.76         0.02
18  2026-01-23 16:16:24       0m 28s  ...               23.22         0.57
19  2026-01-23 16:16:53       0m 34s  ...               62.76         1.72
20  2026-01-23 16:17:27       0m 26s  ...                1.10         0.03
21  2026-01-23 16:17:54       0m 28s  ...               19.31         0.52
22  2026-01-23 16:18:22       0m 31s  ...               42.05         1.16
23  2026-01-23 16:18:53       0m 24s  ...                6.56         0.18
24  2026-01-23 16:19:18       0m 25s  ...                1.51         0.04
25  2026-01-23 16:19:43       0m 26s  ...                8.51         0.22
26  2026-01-23 16:20:10       0m 28s  ...               12.12         0.31
27  2026-01-23 16:20:38       0m 29s  ...               32.69         0.79
28  2026-01-23 16:21:08       0m 27s  ...                2.15         0.06
29  2026-01-23 16:21:35       0m 26s  ...                2.94         0.07
30  2026-01-23 16:22:01       0m 27s  ...               12.91         0.30
31  2026-01-23 16:22:29       0m 28s  ...               42.77         1.19
32  2026-01-23 16:22:57       0m 33s  ...               65.54         1.89
33  2026-01-23 16:23:30       0m 27s  ...               10.11         0.24

[34 rows x 24 columns]
              timestamp time_elapsed  ... severity_rate_patch Gradient_sr2
0   2026-01-23 16:07:51       0m 25s  ...                1.74         0.04
1   2026-01-23 16:08:17       0m 25s  ...                4.36         0.11
2   2026-01-23 16:08:42       0m 26s  ...                0.85         0.02
3   2026-01-23 16:09:09       0m 29s  ...               25.47         0.67
4   2026-01-23 16:09:38       0m 30s  ...               37.39         0.99
5   2026-01-23 16:10:08       0m 26s  ...                0.45         0.01
6   2026-01-23 16:10:35       0m 29s  ...               38.62         0.91
7   2026-01-23 16:11:04       0m 29s  ...               19.86         0.56
8   2026-01-23 16:11:34       0m 28s  ...               39.61         1.05
9   2026-01-23 16:12:03       0m 26s  ...                1.79         0.05
10  2026-01-23 16:12:29       0m 25s  ...                2.79         0.07
11  2026-01-23 16:12:55       0m 28s  ...               20.77         0.49
12  2026-01-23 16:13:24       0m 27s  ...               20.60         0.51
13  2026-01-23 16:13:52       0m 27s  ...               15.28         0.35
14  2026-01-23 16:14:19       0m 29s  ...               30.18         0.79
15  2026-01-23 16:14:49       0m 29s  ...               19.25         0.48
16  2026-01-23 16:15:19       0m 38s  ...               85.84         2.58
17  2026-01-23 16:15:57       0m 26s  ...                0.76         0.02
18  2026-01-23 16:16:24       0m 28s  ...               23.22         0.57
19  2026-01-23 16:16:53       0m 34s  ...               62.76         1.72
20  2026-01-23 16:17:27       0m 26s  ...                1.10         0.03
21  2026-01-23 16:17:54       0m 28s  ...               19.31         0.52
22  2026-01-23 16:18:22       0m 31s  ...               42.05         1.16
23  2026-01-23 16:18:53       0m 24s  ...                6.56         0.18
24  2026-01-23 16:19:18       0m 25s  ...                1.51         0.04
25  2026-01-23 16:19:43       0m 26s  ...                8.51         0.22
26  2026-01-23 16:20:10       0m 28s  ...               12.12         0.31
27  2026-01-23 16:20:38       0m 29s  ...               32.69         0.79
28  2026-01-23 16:21:08       0m 27s  ...                2.15         0.06
29  2026-01-23 16:21:35       0m 26s  ...                2.94         0.07
30  2026-01-23 16:22:01       0m 27s  ...               12.91         0.30
31  2026-01-23 16:22:29       0m 28s  ...               42.77         1.19
32  2026-01-23 16:22:57       0m 33s  ...               65.54         1.89
33  2026-01-23 16:23:30       0m 27s  ...               10.11         0.24
34  2026-01-23 16:23:58       0m 25s  ...                4.05         0.11

[35 rows x 24 columns]
[2026-01-23 16:25:42,298] - [root] - [INFO] - Analysis finished: 0m 25s
[2026-01-23 16:25:42,298] - [root] - [INFO] - -------------------------------------------
[2026-01-23 16:25:42,298] - [root] - [INFO] - -------------------------------------------
[2026-01-23 16:25:42,298] - [root] - [INFO] - Processing 1-22-2026 5dpi 095-W2021011-553_R2.png
[2026-01-23 16:25:58,606] - [root] - [INFO] - Finished loading mask: 0m 16s
[2026-01-23 16:26:05,771] - [root] - [INFO] - Finished crop and inference: 0m 23s
[2026-01-23 16:26:07,264] - [root] - [INFO] - Analysis finished: 0m 24s
[2026-01-23 16:26:07,264] - [root] - [INFO] - -------------------------------------------
[2026-01-23 16:26:07,264] - [root] - [INFO] - -------------------------------------------
[2026-01-23 16:26:07,264] - [root] - [INFO] - Processing 1-22-2026 5dpi 097-W2021006-617_R2.png
[2026-01-23 16:26:23,912] - [root] - [INFO] - Finished loading mask: 0m 16s
[2026-01-23 16:26:36,647] - [root] - [INFO] - Finished crop and inference: 0m 29s
              timestamp time_elapsed  ... severity_rate_patch Gradient_sr2
0   2026-01-23 16:07:51       0m 25s  ...                1.74         0.04
1   2026-01-23 16:08:17       0m 25s  ...                4.36         0.11
2   2026-01-23 16:08:42       0m 26s  ...                0.85         0.02
3   2026-01-23 16:09:09       0m 29s  ...               25.47         0.67
4   2026-01-23 16:09:38       0m 30s  ...               37.39         0.99
5   2026-01-23 16:10:08       0m 26s  ...                0.45         0.01
6   2026-01-23 16:10:35       0m 29s  ...               38.62         0.91
7   2026-01-23 16:11:04       0m 29s  ...               19.86         0.56
8   2026-01-23 16:11:34       0m 28s  ...               39.61         1.05
9   2026-01-23 16:12:03       0m 26s  ...                1.79         0.05
10  2026-01-23 16:12:29       0m 25s  ...                2.79         0.07
11  2026-01-23 16:12:55       0m 28s  ...               20.77         0.49
12  2026-01-23 16:13:24       0m 27s  ...               20.60         0.51
13  2026-01-23 16:13:52       0m 27s  ...               15.28         0.35
14  2026-01-23 16:14:19       0m 29s  ...               30.18         0.79
15  2026-01-23 16:14:49       0m 29s  ...               19.25         0.48
16  2026-01-23 16:15:19       0m 38s  ...               85.84         2.58
17  2026-01-23 16:15:57       0m 26s  ...                0.76         0.02
18  2026-01-23 16:16:24       0m 28s  ...               23.22         0.57
19  2026-01-23 16:16:53       0m 34s  ...               62.76         1.72
20  2026-01-23 16:17:27       0m 26s  ...                1.10         0.03
21  2026-01-23 16:17:54       0m 28s  ...               19.31         0.52
22  2026-01-23 16:18:22       0m 31s  ...               42.05         1.16
23  2026-01-23 16:18:53       0m 24s  ...                6.56         0.18
24  2026-01-23 16:19:18       0m 25s  ...                1.51         0.04
25  2026-01-23 16:19:43       0m 26s  ...                8.51         0.22
26  2026-01-23 16:20:10       0m 28s  ...               12.12         0.31
27  2026-01-23 16:20:38       0m 29s  ...               32.69         0.79
28  2026-01-23 16:21:08       0m 27s  ...                2.15         0.06
29  2026-01-23 16:21:35       0m 26s  ...                2.94         0.07
30  2026-01-23 16:22:01       0m 27s  ...               12.91         0.30
31  2026-01-23 16:22:29       0m 28s  ...               42.77         1.19
32  2026-01-23 16:22:57       0m 33s  ...               65.54         1.89
33  2026-01-23 16:23:30       0m 27s  ...               10.11         0.24
34  2026-01-23 16:23:58       0m 25s  ...                4.05         0.11
35  2026-01-23 16:24:24       0m 26s  ...                1.89         0.05

[36 rows x 24 columns]
              timestamp time_elapsed  ... severity_rate_patch Gradient_sr2
0   2026-01-23 16:07:51       0m 25s  ...                1.74         0.04
1   2026-01-23 16:08:17       0m 25s  ...                4.36         0.11
2   2026-01-23 16:08:42       0m 26s  ...                0.85         0.02
3   2026-01-23 16:09:09       0m 29s  ...               25.47         0.67
4   2026-01-23 16:09:38       0m 30s  ...               37.39         0.99
5   2026-01-23 16:10:08       0m 26s  ...                0.45         0.01
6   2026-01-23 16:10:35       0m 29s  ...               38.62         0.91
7   2026-01-23 16:11:04       0m 29s  ...               19.86         0.56
8   2026-01-23 16:11:34       0m 28s  ...               39.61         1.05
9   2026-01-23 16:12:03       0m 26s  ...                1.79         0.05
10  2026-01-23 16:12:29       0m 25s  ...                2.79         0.07
11  2026-01-23 16:12:55       0m 28s  ...               20.77         0.49
12  2026-01-23 16:13:24       0m 27s  ...               20.60         0.51
13  2026-01-23 16:13:52       0m 27s  ...               15.28         0.35
14  2026-01-23 16:14:19       0m 29s  ...               30.18         0.79
15  2026-01-23 16:14:49       0m 29s  ...               19.25         0.48
16  2026-01-23 16:15:19       0m 38s  ...               85.84         2.58
17  2026-01-23 16:15:57       0m 26s  ...                0.76         0.02
18  2026-01-23 16:16:24       0m 28s  ...               23.22         0.57
19  2026-01-23 16:16:53       0m 34s  ...               62.76         1.72
20  2026-01-23 16:17:27       0m 26s  ...                1.10         0.03
21  2026-01-23 16:17:54       0m 28s  ...               19.31         0.52
22  2026-01-23 16:18:22       0m 31s  ...               42.05         1.16
23  2026-01-23 16:18:53       0m 24s  ...                6.56         0.18
24  2026-01-23 16:19:18       0m 25s  ...                1.51         0.04
25  2026-01-23 16:19:43       0m 26s  ...                8.51         0.22
26  2026-01-23 16:20:10       0m 28s  ...               12.12         0.31
27  2026-01-23 16:20:38       0m 29s  ...               32.69         0.79
28  2026-01-23 16:21:08       0m 27s  ...                2.15         0.06
29  2026-01-23 16:21:35       0m 26s  ...                2.94         0.07
30  2026-01-23 16:22:01       0m 27s  ...               12.91         0.30
31  2026-01-23 16:22:29       0m 28s  ...               42.77         1.19
32  2026-01-23 16:22:57       0m 33s  ...               65.54         1.89
33  2026-01-23 16:23:30       0m 27s  ...               10.11         0.24
34  2026-01-23 16:23:58       0m 25s  ...                4.05         0.11
35  2026-01-23 16:24:24       0m 26s  ...                1.89         0.05
36  2026-01-23 16:24:50       0m 26s  ...                5.54         0.15

[37 rows x 24 columns]
[2026-01-23 16:26:38,110] - [root] - [INFO] - Analysis finished: 0m 30s
[2026-01-23 16:26:38,110] - [root] - [INFO] - -------------------------------------------
[2026-01-23 16:26:38,110] - [root] - [INFO] - -------------------------------------------
[2026-01-23 16:26:38,110] - [root] - [INFO] - Processing 1-22-2026 5dpi 097-W2021009-163_R1.png
[2026-01-23 16:26:55,118] - [root] - [INFO] - Finished loading mask: 0m 17s
[2026-01-23 16:27:10,411] - [root] - [INFO] - Finished crop and inference: 0m 32s
[2026-01-23 16:27:11,935] - [root] - [INFO] - Analysis finished: 0m 33s
[2026-01-23 16:27:11,935] - [root] - [INFO] - -------------------------------------------
[2026-01-23 16:27:11,935] - [root] - [INFO] - -------------------------------------------
[2026-01-23 16:27:11,935] - [root] - [INFO] - Processing 1-22-2026 5dpi 099-W2021006-611_R2.png
[2026-01-23 16:27:29,728] - [root] - [INFO] - Finished loading mask: 0m 17s
[2026-01-23 16:27:43,435] - [root] - [INFO] - Finished crop and inference: 0m 31s
              timestamp time_elapsed  ... severity_rate_patch Gradient_sr2
0   2026-01-23 16:07:51       0m 25s  ...                1.74         0.04
1   2026-01-23 16:08:17       0m 25s  ...                4.36         0.11
2   2026-01-23 16:08:42       0m 26s  ...                0.85         0.02
3   2026-01-23 16:09:09       0m 29s  ...               25.47         0.67
4   2026-01-23 16:09:38       0m 30s  ...               37.39         0.99
5   2026-01-23 16:10:08       0m 26s  ...                0.45         0.01
6   2026-01-23 16:10:35       0m 29s  ...               38.62         0.91
7   2026-01-23 16:11:04       0m 29s  ...               19.86         0.56
8   2026-01-23 16:11:34       0m 28s  ...               39.61         1.05
9   2026-01-23 16:12:03       0m 26s  ...                1.79         0.05
10  2026-01-23 16:12:29       0m 25s  ...                2.79         0.07
11  2026-01-23 16:12:55       0m 28s  ...               20.77         0.49
12  2026-01-23 16:13:24       0m 27s  ...               20.60         0.51
13  2026-01-23 16:13:52       0m 27s  ...               15.28         0.35
14  2026-01-23 16:14:19       0m 29s  ...               30.18         0.79
15  2026-01-23 16:14:49       0m 29s  ...               19.25         0.48
16  2026-01-23 16:15:19       0m 38s  ...               85.84         2.58
17  2026-01-23 16:15:57       0m 26s  ...                0.76         0.02
18  2026-01-23 16:16:24       0m 28s  ...               23.22         0.57
19  2026-01-23 16:16:53       0m 34s  ...               62.76         1.72
20  2026-01-23 16:17:27       0m 26s  ...                1.10         0.03
21  2026-01-23 16:17:54       0m 28s  ...               19.31         0.52
22  2026-01-23 16:18:22       0m 31s  ...               42.05         1.16
23  2026-01-23 16:18:53       0m 24s  ...                6.56         0.18
24  2026-01-23 16:19:18       0m 25s  ...                1.51         0.04
25  2026-01-23 16:19:43       0m 26s  ...                8.51         0.22
26  2026-01-23 16:20:10       0m 28s  ...               12.12         0.31
27  2026-01-23 16:20:38       0m 29s  ...               32.69         0.79
28  2026-01-23 16:21:08       0m 27s  ...                2.15         0.06
29  2026-01-23 16:21:35       0m 26s  ...                2.94         0.07
30  2026-01-23 16:22:01       0m 27s  ...               12.91         0.30
31  2026-01-23 16:22:29       0m 28s  ...               42.77         1.19
32  2026-01-23 16:22:57       0m 33s  ...               65.54         1.89
33  2026-01-23 16:23:30       0m 27s  ...               10.11         0.24
34  2026-01-23 16:23:58       0m 25s  ...                4.05         0.11
35  2026-01-23 16:24:24       0m 26s  ...                1.89         0.05
36  2026-01-23 16:24:50       0m 26s  ...                5.54         0.15
37  2026-01-23 16:25:16       0m 25s  ...                0.46         0.01

[38 rows x 24 columns]
              timestamp time_elapsed  ... severity_rate_patch Gradient_sr2
0   2026-01-23 16:07:51       0m 25s  ...                1.74         0.04
1   2026-01-23 16:08:17       0m 25s  ...                4.36         0.11
2   2026-01-23 16:08:42       0m 26s  ...                0.85         0.02
3   2026-01-23 16:09:09       0m 29s  ...               25.47         0.67
4   2026-01-23 16:09:38       0m 30s  ...               37.39         0.99
5   2026-01-23 16:10:08       0m 26s  ...                0.45         0.01
6   2026-01-23 16:10:35       0m 29s  ...               38.62         0.91
7   2026-01-23 16:11:04       0m 29s  ...               19.86         0.56
8   2026-01-23 16:11:34       0m 28s  ...               39.61         1.05
9   2026-01-23 16:12:03       0m 26s  ...                1.79         0.05
10  2026-01-23 16:12:29       0m 25s  ...                2.79         0.07
11  2026-01-23 16:12:55       0m 28s  ...               20.77         0.49
12  2026-01-23 16:13:24       0m 27s  ...               20.60         0.51
13  2026-01-23 16:13:52       0m 27s  ...               15.28         0.35
14  2026-01-23 16:14:19       0m 29s  ...               30.18         0.79
15  2026-01-23 16:14:49       0m 29s  ...               19.25         0.48
16  2026-01-23 16:15:19       0m 38s  ...               85.84         2.58
17  2026-01-23 16:15:57       0m 26s  ...                0.76         0.02
18  2026-01-23 16:16:24       0m 28s  ...               23.22         0.57
19  2026-01-23 16:16:53       0m 34s  ...               62.76         1.72
20  2026-01-23 16:17:27       0m 26s  ...                1.10         0.03
21  2026-01-23 16:17:54       0m 28s  ...               19.31         0.52
22  2026-01-23 16:18:22       0m 31s  ...               42.05         1.16
23  2026-01-23 16:18:53       0m 24s  ...                6.56         0.18
24  2026-01-23 16:19:18       0m 25s  ...                1.51         0.04
25  2026-01-23 16:19:43       0m 26s  ...                8.51         0.22
26  2026-01-23 16:20:10       0m 28s  ...               12.12         0.31
27  2026-01-23 16:20:38       0m 29s  ...               32.69         0.79
28  2026-01-23 16:21:08       0m 27s  ...                2.15         0.06
29  2026-01-23 16:21:35       0m 26s  ...                2.94         0.07
30  2026-01-23 16:22:01       0m 27s  ...               12.91         0.30
31  2026-01-23 16:22:29       0m 28s  ...               42.77         1.19
32  2026-01-23 16:22:57       0m 33s  ...               65.54         1.89
33  2026-01-23 16:23:30       0m 27s  ...               10.11         0.24
34  2026-01-23 16:23:58       0m 25s  ...                4.05         0.11
35  2026-01-23 16:24:24       0m 26s  ...                1.89         0.05
36  2026-01-23 16:24:50       0m 26s  ...                5.54         0.15
37  2026-01-23 16:25:16       0m 25s  ...                0.46         0.01
38  2026-01-23 16:25:42       0m 24s  ...                1.59         0.04

[39 rows x 24 columns]
[2026-01-23 16:27:44,898] - [root] - [INFO] - Analysis finished: 0m 32s
[2026-01-23 16:27:44,898] - [root] - [INFO] - -------------------------------------------
[2026-01-23 16:27:44,898] - [root] - [INFO] - -------------------------------------------
[2026-01-23 16:27:44,898] - [root] - [INFO] - Processing 1-22-2026 5dpi 101-W2021011-565_R1.png
[2026-01-23 16:28:02,378] - [root] - [INFO] - Finished loading mask: 0m 17s
[2026-01-23 16:28:21,684] - [root] - [INFO] - Finished crop and inference: 0m 36s
[2026-01-23 16:28:23,188] - [root] - [INFO] - Analysis finished: 0m 38s
[2026-01-23 16:28:23,188] - [root] - [INFO] - -------------------------------------------
[2026-01-23 16:28:23,188] - [root] - [INFO] - -------------------------------------------
[2026-01-23 16:28:23,188] - [root] - [INFO] - Processing 1-22-2026 5dpi 105-W2021011-558_R1.png
[2026-01-23 16:28:40,589] - [root] - [INFO] - Finished loading mask: 0m 17s
[2026-01-23 16:28:48,221] - [root] - [INFO] - Finished crop and inference: 0m 25s
              timestamp time_elapsed  ... severity_rate_patch Gradient_sr2
0   2026-01-23 16:07:51       0m 25s  ...                1.74         0.04
1   2026-01-23 16:08:17       0m 25s  ...                4.36         0.11
2   2026-01-23 16:08:42       0m 26s  ...                0.85         0.02
3   2026-01-23 16:09:09       0m 29s  ...               25.47         0.67
4   2026-01-23 16:09:38       0m 30s  ...               37.39         0.99
5   2026-01-23 16:10:08       0m 26s  ...                0.45         0.01
6   2026-01-23 16:10:35       0m 29s  ...               38.62         0.91
7   2026-01-23 16:11:04       0m 29s  ...               19.86         0.56
8   2026-01-23 16:11:34       0m 28s  ...               39.61         1.05
9   2026-01-23 16:12:03       0m 26s  ...                1.79         0.05
10  2026-01-23 16:12:29       0m 25s  ...                2.79         0.07
11  2026-01-23 16:12:55       0m 28s  ...               20.77         0.49
12  2026-01-23 16:13:24       0m 27s  ...               20.60         0.51
13  2026-01-23 16:13:52       0m 27s  ...               15.28         0.35
14  2026-01-23 16:14:19       0m 29s  ...               30.18         0.79
15  2026-01-23 16:14:49       0m 29s  ...               19.25         0.48
16  2026-01-23 16:15:19       0m 38s  ...               85.84         2.58
17  2026-01-23 16:15:57       0m 26s  ...                0.76         0.02
18  2026-01-23 16:16:24       0m 28s  ...               23.22         0.57
19  2026-01-23 16:16:53       0m 34s  ...               62.76         1.72
20  2026-01-23 16:17:27       0m 26s  ...                1.10         0.03
21  2026-01-23 16:17:54       0m 28s  ...               19.31         0.52
22  2026-01-23 16:18:22       0m 31s  ...               42.05         1.16
23  2026-01-23 16:18:53       0m 24s  ...                6.56         0.18
24  2026-01-23 16:19:18       0m 25s  ...                1.51         0.04
25  2026-01-23 16:19:43       0m 26s  ...                8.51         0.22
26  2026-01-23 16:20:10       0m 28s  ...               12.12         0.31
27  2026-01-23 16:20:38       0m 29s  ...               32.69         0.79
28  2026-01-23 16:21:08       0m 27s  ...                2.15         0.06
29  2026-01-23 16:21:35       0m 26s  ...                2.94         0.07
30  2026-01-23 16:22:01       0m 27s  ...               12.91         0.30
31  2026-01-23 16:22:29       0m 28s  ...               42.77         1.19
32  2026-01-23 16:22:57       0m 33s  ...               65.54         1.89
33  2026-01-23 16:23:30       0m 27s  ...               10.11         0.24
34  2026-01-23 16:23:58       0m 25s  ...                4.05         0.11
35  2026-01-23 16:24:24       0m 26s  ...                1.89         0.05
36  2026-01-23 16:24:50       0m 26s  ...                5.54         0.15
37  2026-01-23 16:25:16       0m 25s  ...                0.46         0.01
38  2026-01-23 16:25:42       0m 24s  ...                1.59         0.04
39  2026-01-23 16:26:07       0m 30s  ...               43.85         1.03

[40 rows x 24 columns]
              timestamp time_elapsed  ... severity_rate_patch Gradient_sr2
0   2026-01-23 16:07:51       0m 25s  ...                1.74         0.04
1   2026-01-23 16:08:17       0m 25s  ...                4.36         0.11
2   2026-01-23 16:08:42       0m 26s  ...                0.85         0.02
3   2026-01-23 16:09:09       0m 29s  ...               25.47         0.67
4   2026-01-23 16:09:38       0m 30s  ...               37.39         0.99
5   2026-01-23 16:10:08       0m 26s  ...                0.45         0.01
6   2026-01-23 16:10:35       0m 29s  ...               38.62         0.91
7   2026-01-23 16:11:04       0m 29s  ...               19.86         0.56
8   2026-01-23 16:11:34       0m 28s  ...               39.61         1.05
9   2026-01-23 16:12:03       0m 26s  ...                1.79         0.05
10  2026-01-23 16:12:29       0m 25s  ...                2.79         0.07
11  2026-01-23 16:12:55       0m 28s  ...               20.77         0.49
12  2026-01-23 16:13:24       0m 27s  ...               20.60         0.51
13  2026-01-23 16:13:52       0m 27s  ...               15.28         0.35
14  2026-01-23 16:14:19       0m 29s  ...               30.18         0.79
15  2026-01-23 16:14:49       0m 29s  ...               19.25         0.48
16  2026-01-23 16:15:19       0m 38s  ...               85.84         2.58
17  2026-01-23 16:15:57       0m 26s  ...                0.76         0.02
18  2026-01-23 16:16:24       0m 28s  ...               23.22         0.57
19  2026-01-23 16:16:53       0m 34s  ...               62.76         1.72
20  2026-01-23 16:17:27       0m 26s  ...                1.10         0.03
21  2026-01-23 16:17:54       0m 28s  ...               19.31         0.52
22  2026-01-23 16:18:22       0m 31s  ...               42.05         1.16
23  2026-01-23 16:18:53       0m 24s  ...                6.56         0.18
24  2026-01-23 16:19:18       0m 25s  ...                1.51         0.04
25  2026-01-23 16:19:43       0m 26s  ...                8.51         0.22
26  2026-01-23 16:20:10       0m 28s  ...               12.12         0.31
27  2026-01-23 16:20:38       0m 29s  ...               32.69         0.79
28  2026-01-23 16:21:08       0m 27s  ...                2.15         0.06
29  2026-01-23 16:21:35       0m 26s  ...                2.94         0.07
30  2026-01-23 16:22:01       0m 27s  ...               12.91         0.30
31  2026-01-23 16:22:29       0m 28s  ...               42.77         1.19
32  2026-01-23 16:22:57       0m 33s  ...               65.54         1.89
33  2026-01-23 16:23:30       0m 27s  ...               10.11         0.24
34  2026-01-23 16:23:58       0m 25s  ...                4.05         0.11
35  2026-01-23 16:24:24       0m 26s  ...                1.89         0.05
36  2026-01-23 16:24:50       0m 26s  ...                5.54         0.15
37  2026-01-23 16:25:16       0m 25s  ...                0.46         0.01
38  2026-01-23 16:25:42       0m 24s  ...                1.59         0.04
39  2026-01-23 16:26:07       0m 30s  ...               43.85         1.03
40  2026-01-23 16:26:38       0m 33s  ...               61.84         1.56

[41 rows x 24 columns]
[2026-01-23 16:28:49,679] - [root] - [INFO] - Analysis finished: 0m 26s
[2026-01-23 16:28:49,679] - [root] - [INFO] - -------------------------------------------
[2026-01-23 16:28:49,679] - [root] - [INFO] - -------------------------------------------
[2026-01-23 16:28:49,679] - [root] - [INFO] - Processing 1-22-2026 5dpi 110-W2021011-454_R2.png
[2026-01-23 16:29:06,282] - [root] - [INFO] - Finished loading mask: 0m 16s
[2026-01-23 16:29:15,979] - [root] - [INFO] - Finished crop and inference: 0m 26s
[2026-01-23 16:29:17,454] - [root] - [INFO] - Analysis finished: 0m 27s
[2026-01-23 16:29:17,454] - [root] - [INFO] - -------------------------------------------
[2026-01-23 16:29:17,454] - [root] - [INFO] - -------------------------------------------
[2026-01-23 16:29:17,454] - [root] - [INFO] - Processing 1-22-2026 5dpi 111-W2021011-588_R2.png
[2026-01-23 16:29:34,488] - [root] - [INFO] - Finished loading mask: 0m 17s
[2026-01-23 16:29:42,936] - [root] - [INFO] - Finished crop and inference: 0m 25s
              timestamp time_elapsed  ... severity_rate_patch Gradient_sr2
0   2026-01-23 16:07:51       0m 25s  ...                1.74         0.04
1   2026-01-23 16:08:17       0m 25s  ...                4.36         0.11
2   2026-01-23 16:08:42       0m 26s  ...                0.85         0.02
3   2026-01-23 16:09:09       0m 29s  ...               25.47         0.67
4   2026-01-23 16:09:38       0m 30s  ...               37.39         0.99
5   2026-01-23 16:10:08       0m 26s  ...                0.45         0.01
6   2026-01-23 16:10:35       0m 29s  ...               38.62         0.91
7   2026-01-23 16:11:04       0m 29s  ...               19.86         0.56
8   2026-01-23 16:11:34       0m 28s  ...               39.61         1.05
9   2026-01-23 16:12:03       0m 26s  ...                1.79         0.05
10  2026-01-23 16:12:29       0m 25s  ...                2.79         0.07
11  2026-01-23 16:12:55       0m 28s  ...               20.77         0.49
12  2026-01-23 16:13:24       0m 27s  ...               20.60         0.51
13  2026-01-23 16:13:52       0m 27s  ...               15.28         0.35
14  2026-01-23 16:14:19       0m 29s  ...               30.18         0.79
15  2026-01-23 16:14:49       0m 29s  ...               19.25         0.48
16  2026-01-23 16:15:19       0m 38s  ...               85.84         2.58
17  2026-01-23 16:15:57       0m 26s  ...                0.76         0.02
18  2026-01-23 16:16:24       0m 28s  ...               23.22         0.57
19  2026-01-23 16:16:53       0m 34s  ...               62.76         1.72
20  2026-01-23 16:17:27       0m 26s  ...                1.10         0.03
21  2026-01-23 16:17:54       0m 28s  ...               19.31         0.52
22  2026-01-23 16:18:22       0m 31s  ...               42.05         1.16
23  2026-01-23 16:18:53       0m 24s  ...                6.56         0.18
24  2026-01-23 16:19:18       0m 25s  ...                1.51         0.04
25  2026-01-23 16:19:43       0m 26s  ...                8.51         0.22
26  2026-01-23 16:20:10       0m 28s  ...               12.12         0.31
27  2026-01-23 16:20:38       0m 29s  ...               32.69         0.79
28  2026-01-23 16:21:08       0m 27s  ...                2.15         0.06
29  2026-01-23 16:21:35       0m 26s  ...                2.94         0.07
30  2026-01-23 16:22:01       0m 27s  ...               12.91         0.30
31  2026-01-23 16:22:29       0m 28s  ...               42.77         1.19
32  2026-01-23 16:22:57       0m 33s  ...               65.54         1.89
33  2026-01-23 16:23:30       0m 27s  ...               10.11         0.24
34  2026-01-23 16:23:58       0m 25s  ...                4.05         0.11
35  2026-01-23 16:24:24       0m 26s  ...                1.89         0.05
36  2026-01-23 16:24:50       0m 26s  ...                5.54         0.15
37  2026-01-23 16:25:16       0m 25s  ...                0.46         0.01
38  2026-01-23 16:25:42       0m 24s  ...                1.59         0.04
39  2026-01-23 16:26:07       0m 30s  ...               43.85         1.03
40  2026-01-23 16:26:38       0m 33s  ...               61.84         1.56
41  2026-01-23 16:27:11       0m 32s  ...               46.89         1.19

[42 rows x 24 columns]
              timestamp time_elapsed  ... severity_rate_patch Gradient_sr2
0   2026-01-23 16:07:51       0m 25s  ...                1.74         0.04
1   2026-01-23 16:08:17       0m 25s  ...                4.36         0.11
2   2026-01-23 16:08:42       0m 26s  ...                0.85         0.02
3   2026-01-23 16:09:09       0m 29s  ...               25.47         0.67
4   2026-01-23 16:09:38       0m 30s  ...               37.39         0.99
5   2026-01-23 16:10:08       0m 26s  ...                0.45         0.01
6   2026-01-23 16:10:35       0m 29s  ...               38.62         0.91
7   2026-01-23 16:11:04       0m 29s  ...               19.86         0.56
8   2026-01-23 16:11:34       0m 28s  ...               39.61         1.05
9   2026-01-23 16:12:03       0m 26s  ...                1.79         0.05
10  2026-01-23 16:12:29       0m 25s  ...                2.79         0.07
11  2026-01-23 16:12:55       0m 28s  ...               20.77         0.49
12  2026-01-23 16:13:24       0m 27s  ...               20.60         0.51
13  2026-01-23 16:13:52       0m 27s  ...               15.28         0.35
14  2026-01-23 16:14:19       0m 29s  ...               30.18         0.79
15  2026-01-23 16:14:49       0m 29s  ...               19.25         0.48
16  2026-01-23 16:15:19       0m 38s  ...               85.84         2.58
17  2026-01-23 16:15:57       0m 26s  ...                0.76         0.02
18  2026-01-23 16:16:24       0m 28s  ...               23.22         0.57
19  2026-01-23 16:16:53       0m 34s  ...               62.76         1.72
20  2026-01-23 16:17:27       0m 26s  ...                1.10         0.03
21  2026-01-23 16:17:54       0m 28s  ...               19.31         0.52
22  2026-01-23 16:18:22       0m 31s  ...               42.05         1.16
23  2026-01-23 16:18:53       0m 24s  ...                6.56         0.18
24  2026-01-23 16:19:18       0m 25s  ...                1.51         0.04
25  2026-01-23 16:19:43       0m 26s  ...                8.51         0.22
26  2026-01-23 16:20:10       0m 28s  ...               12.12         0.31
27  2026-01-23 16:20:38       0m 29s  ...               32.69         0.79
28  2026-01-23 16:21:08       0m 27s  ...                2.15         0.06
29  2026-01-23 16:21:35       0m 26s  ...                2.94         0.07
30  2026-01-23 16:22:01       0m 27s  ...               12.91         0.30
31  2026-01-23 16:22:29       0m 28s  ...               42.77         1.19
32  2026-01-23 16:22:57       0m 33s  ...               65.54         1.89
33  2026-01-23 16:23:30       0m 27s  ...               10.11         0.24
34  2026-01-23 16:23:58       0m 25s  ...                4.05         0.11
35  2026-01-23 16:24:24       0m 26s  ...                1.89         0.05
36  2026-01-23 16:24:50       0m 26s  ...                5.54         0.15
37  2026-01-23 16:25:16       0m 25s  ...                0.46         0.01
38  2026-01-23 16:25:42       0m 24s  ...                1.59         0.04
39  2026-01-23 16:26:07       0m 30s  ...               43.85         1.03
40  2026-01-23 16:26:38       0m 33s  ...               61.84         1.56
41  2026-01-23 16:27:11       0m 32s  ...               46.89         1.19
42  2026-01-23 16:27:44       0m 38s  ...               80.70         2.32

[43 rows x 24 columns]
[2026-01-23 16:29:44,421] - [root] - [INFO] - Analysis finished: 0m 26s
[2026-01-23 16:29:44,421] - [root] - [INFO] - -------------------------------------------
[2026-01-23 16:29:44,421] - [root] - [INFO] - -------------------------------------------
[2026-01-23 16:29:44,421] - [root] - [INFO] - Processing 1-22-2026 5dpi 121-W2021009-185_R1.png
[2026-01-23 16:30:01,359] - [root] - [INFO] - Finished loading mask: 0m 16s
[2026-01-23 16:30:09,791] - [root] - [INFO] - Finished crop and inference: 0m 25s
[2026-01-23 16:30:11,273] - [root] - [INFO] - Analysis finished: 0m 26s
[2026-01-23 16:30:11,273] - [root] - [INFO] - -------------------------------------------
[2026-01-23 16:30:11,273] - [root] - [INFO] - -------------------------------------------
[2026-01-23 16:30:11,273] - [root] - [INFO] - Processing 1-22-2026 5dpi 123-W2021009-255_R2.png
[2026-01-23 16:30:27,914] - [root] - [INFO] - Finished loading mask: 0m 16s
[2026-01-23 16:30:37,269] - [root] - [INFO] - Finished crop and inference: 0m 25s
              timestamp time_elapsed  ... severity_rate_patch Gradient_sr2
0   2026-01-23 16:07:51       0m 25s  ...                1.74         0.04
1   2026-01-23 16:08:17       0m 25s  ...                4.36         0.11
2   2026-01-23 16:08:42       0m 26s  ...                0.85         0.02
3   2026-01-23 16:09:09       0m 29s  ...               25.47         0.67
4   2026-01-23 16:09:38       0m 30s  ...               37.39         0.99
5   2026-01-23 16:10:08       0m 26s  ...                0.45         0.01
6   2026-01-23 16:10:35       0m 29s  ...               38.62         0.91
7   2026-01-23 16:11:04       0m 29s  ...               19.86         0.56
8   2026-01-23 16:11:34       0m 28s  ...               39.61         1.05
9   2026-01-23 16:12:03       0m 26s  ...                1.79         0.05
10  2026-01-23 16:12:29       0m 25s  ...                2.79         0.07
11  2026-01-23 16:12:55       0m 28s  ...               20.77         0.49
12  2026-01-23 16:13:24       0m 27s  ...               20.60         0.51
13  2026-01-23 16:13:52       0m 27s  ...               15.28         0.35
14  2026-01-23 16:14:19       0m 29s  ...               30.18         0.79
15  2026-01-23 16:14:49       0m 29s  ...               19.25         0.48
16  2026-01-23 16:15:19       0m 38s  ...               85.84         2.58
17  2026-01-23 16:15:57       0m 26s  ...                0.76         0.02
18  2026-01-23 16:16:24       0m 28s  ...               23.22         0.57
19  2026-01-23 16:16:53       0m 34s  ...               62.76         1.72
20  2026-01-23 16:17:27       0m 26s  ...                1.10         0.03
21  2026-01-23 16:17:54       0m 28s  ...               19.31         0.52
22  2026-01-23 16:18:22       0m 31s  ...               42.05         1.16
23  2026-01-23 16:18:53       0m 24s  ...                6.56         0.18
24  2026-01-23 16:19:18       0m 25s  ...                1.51         0.04
25  2026-01-23 16:19:43       0m 26s  ...                8.51         0.22
26  2026-01-23 16:20:10       0m 28s  ...               12.12         0.31
27  2026-01-23 16:20:38       0m 29s  ...               32.69         0.79
28  2026-01-23 16:21:08       0m 27s  ...                2.15         0.06
29  2026-01-23 16:21:35       0m 26s  ...                2.94         0.07
30  2026-01-23 16:22:01       0m 27s  ...               12.91         0.30
31  2026-01-23 16:22:29       0m 28s  ...               42.77         1.19
32  2026-01-23 16:22:57       0m 33s  ...               65.54         1.89
33  2026-01-23 16:23:30       0m 27s  ...               10.11         0.24
34  2026-01-23 16:23:58       0m 25s  ...                4.05         0.11
35  2026-01-23 16:24:24       0m 26s  ...                1.89         0.05
36  2026-01-23 16:24:50       0m 26s  ...                5.54         0.15
37  2026-01-23 16:25:16       0m 25s  ...                0.46         0.01
38  2026-01-23 16:25:42       0m 24s  ...                1.59         0.04
39  2026-01-23 16:26:07       0m 30s  ...               43.85         1.03
40  2026-01-23 16:26:38       0m 33s  ...               61.84         1.56
41  2026-01-23 16:27:11       0m 32s  ...               46.89         1.19
42  2026-01-23 16:27:44       0m 38s  ...               80.70         2.32
43  2026-01-23 16:28:23       0m 26s  ...                2.90         0.07

[44 rows x 24 columns]
              timestamp time_elapsed  ... severity_rate_patch Gradient_sr2
0   2026-01-23 16:07:51       0m 25s  ...                1.74         0.04
1   2026-01-23 16:08:17       0m 25s  ...                4.36         0.11
2   2026-01-23 16:08:42       0m 26s  ...                0.85         0.02
3   2026-01-23 16:09:09       0m 29s  ...               25.47         0.67
4   2026-01-23 16:09:38       0m 30s  ...               37.39         0.99
5   2026-01-23 16:10:08       0m 26s  ...                0.45         0.01
6   2026-01-23 16:10:35       0m 29s  ...               38.62         0.91
7   2026-01-23 16:11:04       0m 29s  ...               19.86         0.56
8   2026-01-23 16:11:34       0m 28s  ...               39.61         1.05
9   2026-01-23 16:12:03       0m 26s  ...                1.79         0.05
10  2026-01-23 16:12:29       0m 25s  ...                2.79         0.07
11  2026-01-23 16:12:55       0m 28s  ...               20.77         0.49
12  2026-01-23 16:13:24       0m 27s  ...               20.60         0.51
13  2026-01-23 16:13:52       0m 27s  ...               15.28         0.35
14  2026-01-23 16:14:19       0m 29s  ...               30.18         0.79
15  2026-01-23 16:14:49       0m 29s  ...               19.25         0.48
16  2026-01-23 16:15:19       0m 38s  ...               85.84         2.58
17  2026-01-23 16:15:57       0m 26s  ...                0.76         0.02
18  2026-01-23 16:16:24       0m 28s  ...               23.22         0.57
19  2026-01-23 16:16:53       0m 34s  ...               62.76         1.72
20  2026-01-23 16:17:27       0m 26s  ...                1.10         0.03
21  2026-01-23 16:17:54       0m 28s  ...               19.31         0.52
22  2026-01-23 16:18:22       0m 31s  ...               42.05         1.16
23  2026-01-23 16:18:53       0m 24s  ...                6.56         0.18
24  2026-01-23 16:19:18       0m 25s  ...                1.51         0.04
25  2026-01-23 16:19:43       0m 26s  ...                8.51         0.22
26  2026-01-23 16:20:10       0m 28s  ...               12.12         0.31
27  2026-01-23 16:20:38       0m 29s  ...               32.69         0.79
28  2026-01-23 16:21:08       0m 27s  ...                2.15         0.06
29  2026-01-23 16:21:35       0m 26s  ...                2.94         0.07
30  2026-01-23 16:22:01       0m 27s  ...               12.91         0.30
31  2026-01-23 16:22:29       0m 28s  ...               42.77         1.19
32  2026-01-23 16:22:57       0m 33s  ...               65.54         1.89
33  2026-01-23 16:23:30       0m 27s  ...               10.11         0.24
34  2026-01-23 16:23:58       0m 25s  ...                4.05         0.11
35  2026-01-23 16:24:24       0m 26s  ...                1.89         0.05
36  2026-01-23 16:24:50       0m 26s  ...                5.54         0.15
37  2026-01-23 16:25:16       0m 25s  ...                0.46         0.01
38  2026-01-23 16:25:42       0m 24s  ...                1.59         0.04
39  2026-01-23 16:26:07       0m 30s  ...               43.85         1.03
40  2026-01-23 16:26:38       0m 33s  ...               61.84         1.56
41  2026-01-23 16:27:11       0m 32s  ...               46.89         1.19
42  2026-01-23 16:27:44       0m 38s  ...               80.70         2.32
43  2026-01-23 16:28:23       0m 26s  ...                2.90         0.07
44  2026-01-23 16:28:49       0m 27s  ...               11.56         0.29

[45 rows x 24 columns]
[2026-01-23 16:30:38,744] - [root] - [INFO] - Analysis finished: 0m 27s
[2026-01-23 16:30:38,744] - [root] - [INFO] - -------------------------------------------
[2026-01-23 16:30:38,744] - [root] - [INFO] - -------------------------------------------
[2026-01-23 16:30:38,745] - [root] - [INFO] - Processing 1-22-2026 5dpi 123-W2021009-621_R2.png
[2026-01-23 16:30:55,687] - [root] - [INFO] - Finished loading mask: 0m 16s
[2026-01-23 16:31:04,373] - [root] - [INFO] - Finished crop and inference: 0m 25s
[2026-01-23 16:31:05,854] - [root] - [INFO] - Analysis finished: 0m 27s
[2026-01-23 16:31:05,854] - [root] - [INFO] - -------------------------------------------
[2026-01-23 16:31:05,854] - [root] - [INFO] - -------------------------------------------
[2026-01-23 16:31:05,854] - [root] - [INFO] - Processing 1-22-2026 5dpi 127-W2021006-143_R2.png
[2026-01-23 16:31:22,705] - [root] - [INFO] - Finished loading mask: 0m 16s
[2026-01-23 16:31:30,337] - [root] - [INFO] - Finished crop and inference: 0m 24s
              timestamp time_elapsed  ... severity_rate_patch Gradient_sr2
0   2026-01-23 16:07:51       0m 25s  ...                1.74         0.04
1   2026-01-23 16:08:17       0m 25s  ...                4.36         0.11
2   2026-01-23 16:08:42       0m 26s  ...                0.85         0.02
3   2026-01-23 16:09:09       0m 29s  ...               25.47         0.67
4   2026-01-23 16:09:38       0m 30s  ...               37.39         0.99
5   2026-01-23 16:10:08       0m 26s  ...                0.45         0.01
6   2026-01-23 16:10:35       0m 29s  ...               38.62         0.91
7   2026-01-23 16:11:04       0m 29s  ...               19.86         0.56
8   2026-01-23 16:11:34       0m 28s  ...               39.61         1.05
9   2026-01-23 16:12:03       0m 26s  ...                1.79         0.05
10  2026-01-23 16:12:29       0m 25s  ...                2.79         0.07
11  2026-01-23 16:12:55       0m 28s  ...               20.77         0.49
12  2026-01-23 16:13:24       0m 27s  ...               20.60         0.51
13  2026-01-23 16:13:52       0m 27s  ...               15.28         0.35
14  2026-01-23 16:14:19       0m 29s  ...               30.18         0.79
15  2026-01-23 16:14:49       0m 29s  ...               19.25         0.48
16  2026-01-23 16:15:19       0m 38s  ...               85.84         2.58
17  2026-01-23 16:15:57       0m 26s  ...                0.76         0.02
18  2026-01-23 16:16:24       0m 28s  ...               23.22         0.57
19  2026-01-23 16:16:53       0m 34s  ...               62.76         1.72
20  2026-01-23 16:17:27       0m 26s  ...                1.10         0.03
21  2026-01-23 16:17:54       0m 28s  ...               19.31         0.52
22  2026-01-23 16:18:22       0m 31s  ...               42.05         1.16
23  2026-01-23 16:18:53       0m 24s  ...                6.56         0.18
24  2026-01-23 16:19:18       0m 25s  ...                1.51         0.04
25  2026-01-23 16:19:43       0m 26s  ...                8.51         0.22
26  2026-01-23 16:20:10       0m 28s  ...               12.12         0.31
27  2026-01-23 16:20:38       0m 29s  ...               32.69         0.79
28  2026-01-23 16:21:08       0m 27s  ...                2.15         0.06
29  2026-01-23 16:21:35       0m 26s  ...                2.94         0.07
30  2026-01-23 16:22:01       0m 27s  ...               12.91         0.30
31  2026-01-23 16:22:29       0m 28s  ...               42.77         1.19
32  2026-01-23 16:22:57       0m 33s  ...               65.54         1.89
33  2026-01-23 16:23:30       0m 27s  ...               10.11         0.24
34  2026-01-23 16:23:58       0m 25s  ...                4.05         0.11
35  2026-01-23 16:24:24       0m 26s  ...                1.89         0.05
36  2026-01-23 16:24:50       0m 26s  ...                5.54         0.15
37  2026-01-23 16:25:16       0m 25s  ...                0.46         0.01
38  2026-01-23 16:25:42       0m 24s  ...                1.59         0.04
39  2026-01-23 16:26:07       0m 30s  ...               43.85         1.03
40  2026-01-23 16:26:38       0m 33s  ...               61.84         1.56
41  2026-01-23 16:27:11       0m 32s  ...               46.89         1.19
42  2026-01-23 16:27:44       0m 38s  ...               80.70         2.32
43  2026-01-23 16:28:23       0m 26s  ...                2.90         0.07
44  2026-01-23 16:28:49       0m 27s  ...               11.56         0.29
45  2026-01-23 16:29:17       0m 26s  ...                4.11         0.11

[46 rows x 24 columns]
              timestamp time_elapsed  ... severity_rate_patch Gradient_sr2
0   2026-01-23 16:07:51       0m 25s  ...                1.74         0.04
1   2026-01-23 16:08:17       0m 25s  ...                4.36         0.11
2   2026-01-23 16:08:42       0m 26s  ...                0.85         0.02
3   2026-01-23 16:09:09       0m 29s  ...               25.47         0.67
4   2026-01-23 16:09:38       0m 30s  ...               37.39         0.99
5   2026-01-23 16:10:08       0m 26s  ...                0.45         0.01
6   2026-01-23 16:10:35       0m 29s  ...               38.62         0.91
7   2026-01-23 16:11:04       0m 29s  ...               19.86         0.56
8   2026-01-23 16:11:34       0m 28s  ...               39.61         1.05
9   2026-01-23 16:12:03       0m 26s  ...                1.79         0.05
10  2026-01-23 16:12:29       0m 25s  ...                2.79         0.07
11  2026-01-23 16:12:55       0m 28s  ...               20.77         0.49
12  2026-01-23 16:13:24       0m 27s  ...               20.60         0.51
13  2026-01-23 16:13:52       0m 27s  ...               15.28         0.35
14  2026-01-23 16:14:19       0m 29s  ...               30.18         0.79
15  2026-01-23 16:14:49       0m 29s  ...               19.25         0.48
16  2026-01-23 16:15:19       0m 38s  ...               85.84         2.58
17  2026-01-23 16:15:57       0m 26s  ...                0.76         0.02
18  2026-01-23 16:16:24       0m 28s  ...               23.22         0.57
19  2026-01-23 16:16:53       0m 34s  ...               62.76         1.72
20  2026-01-23 16:17:27       0m 26s  ...                1.10         0.03
21  2026-01-23 16:17:54       0m 28s  ...               19.31         0.52
22  2026-01-23 16:18:22       0m 31s  ...               42.05         1.16
23  2026-01-23 16:18:53       0m 24s  ...                6.56         0.18
24  2026-01-23 16:19:18       0m 25s  ...                1.51         0.04
25  2026-01-23 16:19:43       0m 26s  ...                8.51         0.22
26  2026-01-23 16:20:10       0m 28s  ...               12.12         0.31
27  2026-01-23 16:20:38       0m 29s  ...               32.69         0.79
28  2026-01-23 16:21:08       0m 27s  ...                2.15         0.06
29  2026-01-23 16:21:35       0m 26s  ...                2.94         0.07
30  2026-01-23 16:22:01       0m 27s  ...               12.91         0.30
31  2026-01-23 16:22:29       0m 28s  ...               42.77         1.19
32  2026-01-23 16:22:57       0m 33s  ...               65.54         1.89
33  2026-01-23 16:23:30       0m 27s  ...               10.11         0.24
34  2026-01-23 16:23:58       0m 25s  ...                4.05         0.11
35  2026-01-23 16:24:24       0m 26s  ...                1.89         0.05
36  2026-01-23 16:24:50       0m 26s  ...                5.54         0.15
37  2026-01-23 16:25:16       0m 25s  ...                0.46         0.01
38  2026-01-23 16:25:42       0m 24s  ...                1.59         0.04
39  2026-01-23 16:26:07       0m 30s  ...               43.85         1.03
40  2026-01-23 16:26:38       0m 33s  ...               61.84         1.56
41  2026-01-23 16:27:11       0m 32s  ...               46.89         1.19
42  2026-01-23 16:27:44       0m 38s  ...               80.70         2.32
43  2026-01-23 16:28:23       0m 26s  ...                2.90         0.07
44  2026-01-23 16:28:49       0m 27s  ...               11.56         0.29
45  2026-01-23 16:29:17       0m 26s  ...                4.11         0.11
46  2026-01-23 16:29:44       0m 26s  ...               11.45         0.30

[47 rows x 24 columns]
[2026-01-23 16:31:31,830] - [root] - [INFO] - Analysis finished: 0m 25s
[2026-01-23 16:31:31,830] - [root] - [INFO] - -------------------------------------------
[2026-01-23 16:31:31,830] - [root] - [INFO] - -------------------------------------------
[2026-01-23 16:31:31,830] - [root] - [INFO] - Processing 1-22-2026 5dpi 127-W2021009-292_R2.png
[2026-01-23 16:31:48,563] - [root] - [INFO] - Finished loading mask: 0m 16s
[2026-01-23 16:32:07,932] - [root] - [INFO] - Finished crop and inference: 0m 36s
[2026-01-23 16:32:09,485] - [root] - [INFO] - Analysis finished: 0m 37s
[2026-01-23 16:32:09,485] - [root] - [INFO] - -------------------------------------------
[2026-01-23 16:32:09,485] - [root] - [INFO] - -------------------------------------------
[2026-01-23 16:32:09,485] - [root] - [INFO] - Processing 1-22-2026 5dpi 128-W2021006-013_R1.png
[2026-01-23 16:32:27,346] - [root] - [INFO] - Finished loading mask: 0m 17s
[2026-01-23 16:32:43,581] - [root] - [INFO] - Finished crop and inference: 0m 34s
              timestamp time_elapsed  ... severity_rate_patch Gradient_sr2
0   2026-01-23 16:07:51       0m 25s  ...                1.74         0.04
1   2026-01-23 16:08:17       0m 25s  ...                4.36         0.11
2   2026-01-23 16:08:42       0m 26s  ...                0.85         0.02
3   2026-01-23 16:09:09       0m 29s  ...               25.47         0.67
4   2026-01-23 16:09:38       0m 30s  ...               37.39         0.99
5   2026-01-23 16:10:08       0m 26s  ...                0.45         0.01
6   2026-01-23 16:10:35       0m 29s  ...               38.62         0.91
7   2026-01-23 16:11:04       0m 29s  ...               19.86         0.56
8   2026-01-23 16:11:34       0m 28s  ...               39.61         1.05
9   2026-01-23 16:12:03       0m 26s  ...                1.79         0.05
10  2026-01-23 16:12:29       0m 25s  ...                2.79         0.07
11  2026-01-23 16:12:55       0m 28s  ...               20.77         0.49
12  2026-01-23 16:13:24       0m 27s  ...               20.60         0.51
13  2026-01-23 16:13:52       0m 27s  ...               15.28         0.35
14  2026-01-23 16:14:19       0m 29s  ...               30.18         0.79
15  2026-01-23 16:14:49       0m 29s  ...               19.25         0.48
16  2026-01-23 16:15:19       0m 38s  ...               85.84         2.58
17  2026-01-23 16:15:57       0m 26s  ...                0.76         0.02
18  2026-01-23 16:16:24       0m 28s  ...               23.22         0.57
19  2026-01-23 16:16:53       0m 34s  ...               62.76         1.72
20  2026-01-23 16:17:27       0m 26s  ...                1.10         0.03
21  2026-01-23 16:17:54       0m 28s  ...               19.31         0.52
22  2026-01-23 16:18:22       0m 31s  ...               42.05         1.16
23  2026-01-23 16:18:53       0m 24s  ...                6.56         0.18
24  2026-01-23 16:19:18       0m 25s  ...                1.51         0.04
25  2026-01-23 16:19:43       0m 26s  ...                8.51         0.22
26  2026-01-23 16:20:10       0m 28s  ...               12.12         0.31
27  2026-01-23 16:20:38       0m 29s  ...               32.69         0.79
28  2026-01-23 16:21:08       0m 27s  ...                2.15         0.06
29  2026-01-23 16:21:35       0m 26s  ...                2.94         0.07
30  2026-01-23 16:22:01       0m 27s  ...               12.91         0.30
31  2026-01-23 16:22:29       0m 28s  ...               42.77         1.19
32  2026-01-23 16:22:57       0m 33s  ...               65.54         1.89
33  2026-01-23 16:23:30       0m 27s  ...               10.11         0.24
34  2026-01-23 16:23:58       0m 25s  ...                4.05         0.11
35  2026-01-23 16:24:24       0m 26s  ...                1.89         0.05
36  2026-01-23 16:24:50       0m 26s  ...                5.54         0.15
37  2026-01-23 16:25:16       0m 25s  ...                0.46         0.01
38  2026-01-23 16:25:42       0m 24s  ...                1.59         0.04
39  2026-01-23 16:26:07       0m 30s  ...               43.85         1.03
40  2026-01-23 16:26:38       0m 33s  ...               61.84         1.56
41  2026-01-23 16:27:11       0m 32s  ...               46.89         1.19
42  2026-01-23 16:27:44       0m 38s  ...               80.70         2.32
43  2026-01-23 16:28:23       0m 26s  ...                2.90         0.07
44  2026-01-23 16:28:49       0m 27s  ...               11.56         0.29
45  2026-01-23 16:29:17       0m 26s  ...                4.11         0.11
46  2026-01-23 16:29:44       0m 26s  ...               11.45         0.30
47  2026-01-23 16:30:11       0m 27s  ...               11.80         0.25

[48 rows x 24 columns]
              timestamp time_elapsed  ... severity_rate_patch Gradient_sr2
0   2026-01-23 16:07:51       0m 25s  ...                1.74         0.04
1   2026-01-23 16:08:17       0m 25s  ...                4.36         0.11
2   2026-01-23 16:08:42       0m 26s  ...                0.85         0.02
3   2026-01-23 16:09:09       0m 29s  ...               25.47         0.67
4   2026-01-23 16:09:38       0m 30s  ...               37.39         0.99
5   2026-01-23 16:10:08       0m 26s  ...                0.45         0.01
6   2026-01-23 16:10:35       0m 29s  ...               38.62         0.91
7   2026-01-23 16:11:04       0m 29s  ...               19.86         0.56
8   2026-01-23 16:11:34       0m 28s  ...               39.61         1.05
9   2026-01-23 16:12:03       0m 26s  ...                1.79         0.05
10  2026-01-23 16:12:29       0m 25s  ...                2.79         0.07
11  2026-01-23 16:12:55       0m 28s  ...               20.77         0.49
12  2026-01-23 16:13:24       0m 27s  ...               20.60         0.51
13  2026-01-23 16:13:52       0m 27s  ...               15.28         0.35
14  2026-01-23 16:14:19       0m 29s  ...               30.18         0.79
15  2026-01-23 16:14:49       0m 29s  ...               19.25         0.48
16  2026-01-23 16:15:19       0m 38s  ...               85.84         2.58
17  2026-01-23 16:15:57       0m 26s  ...                0.76         0.02
18  2026-01-23 16:16:24       0m 28s  ...               23.22         0.57
19  2026-01-23 16:16:53       0m 34s  ...               62.76         1.72
20  2026-01-23 16:17:27       0m 26s  ...                1.10         0.03
21  2026-01-23 16:17:54       0m 28s  ...               19.31         0.52
22  2026-01-23 16:18:22       0m 31s  ...               42.05         1.16
23  2026-01-23 16:18:53       0m 24s  ...                6.56         0.18
24  2026-01-23 16:19:18       0m 25s  ...                1.51         0.04
25  2026-01-23 16:19:43       0m 26s  ...                8.51         0.22
26  2026-01-23 16:20:10       0m 28s  ...               12.12         0.31
27  2026-01-23 16:20:38       0m 29s  ...               32.69         0.79
28  2026-01-23 16:21:08       0m 27s  ...                2.15         0.06
29  2026-01-23 16:21:35       0m 26s  ...                2.94         0.07
30  2026-01-23 16:22:01       0m 27s  ...               12.91         0.30
31  2026-01-23 16:22:29       0m 28s  ...               42.77         1.19
32  2026-01-23 16:22:57       0m 33s  ...               65.54         1.89
33  2026-01-23 16:23:30       0m 27s  ...               10.11         0.24
34  2026-01-23 16:23:58       0m 25s  ...                4.05         0.11
35  2026-01-23 16:24:24       0m 26s  ...                1.89         0.05
36  2026-01-23 16:24:50       0m 26s  ...                5.54         0.15
37  2026-01-23 16:25:16       0m 25s  ...                0.46         0.01
38  2026-01-23 16:25:42       0m 24s  ...                1.59         0.04
39  2026-01-23 16:26:07       0m 30s  ...               43.85         1.03
40  2026-01-23 16:26:38       0m 33s  ...               61.84         1.56
41  2026-01-23 16:27:11       0m 32s  ...               46.89         1.19
42  2026-01-23 16:27:44       0m 38s  ...               80.70         2.32
43  2026-01-23 16:28:23       0m 26s  ...                2.90         0.07
44  2026-01-23 16:28:49       0m 27s  ...               11.56         0.29
45  2026-01-23 16:29:17       0m 26s  ...                4.11         0.11
46  2026-01-23 16:29:44       0m 26s  ...               11.45         0.30
47  2026-01-23 16:30:11       0m 27s  ...               11.80         0.25
48  2026-01-23 16:30:38       0m 27s  ...                6.42         0.18

[49 rows x 24 columns]
[2026-01-23 16:32:45,063] - [root] - [INFO] - Analysis finished: 0m 35s
[2026-01-23 16:32:45,063] - [root] - [INFO] - -------------------------------------------
[2026-01-23 16:32:45,063] - [root] - [INFO] - -------------------------------------------
[2026-01-23 16:32:45,064] - [root] - [INFO] - Processing 1-22-2026 5dpi 129-W2021006-119_R2.png
[2026-01-23 16:33:02,661] - [root] - [INFO] - Finished loading mask: 0m 17s
[2026-01-23 16:33:11,979] - [root] - [INFO] - Finished crop and inference: 0m 26s
[2026-01-23 16:33:13,414] - [root] - [INFO] - Analysis finished: 0m 28s
[2026-01-23 16:33:13,415] - [root] - [INFO] - -------------------------------------------
[2026-01-23 16:33:13,415] - [root] - [INFO] - -------------------------------------------
[2026-01-23 16:33:13,415] - [root] - [INFO] - Processing 1-22-2026 5dpi 132-W2021010-399_R1.png
[2026-01-23 16:33:30,043] - [root] - [INFO] - Finished loading mask: 0m 16s
[2026-01-23 16:33:37,875] - [root] - [INFO] - Finished crop and inference: 0m 24s
              timestamp time_elapsed  ... severity_rate_patch Gradient_sr2
0   2026-01-23 16:07:51       0m 25s  ...                1.74         0.04
1   2026-01-23 16:08:17       0m 25s  ...                4.36         0.11
2   2026-01-23 16:08:42       0m 26s  ...                0.85         0.02
3   2026-01-23 16:09:09       0m 29s  ...               25.47         0.67
4   2026-01-23 16:09:38       0m 30s  ...               37.39         0.99
5   2026-01-23 16:10:08       0m 26s  ...                0.45         0.01
6   2026-01-23 16:10:35       0m 29s  ...               38.62         0.91
7   2026-01-23 16:11:04       0m 29s  ...               19.86         0.56
8   2026-01-23 16:11:34       0m 28s  ...               39.61         1.05
9   2026-01-23 16:12:03       0m 26s  ...                1.79         0.05
10  2026-01-23 16:12:29       0m 25s  ...                2.79         0.07
11  2026-01-23 16:12:55       0m 28s  ...               20.77         0.49
12  2026-01-23 16:13:24       0m 27s  ...               20.60         0.51
13  2026-01-23 16:13:52       0m 27s  ...               15.28         0.35
14  2026-01-23 16:14:19       0m 29s  ...               30.18         0.79
15  2026-01-23 16:14:49       0m 29s  ...               19.25         0.48
16  2026-01-23 16:15:19       0m 38s  ...               85.84         2.58
17  2026-01-23 16:15:57       0m 26s  ...                0.76         0.02
18  2026-01-23 16:16:24       0m 28s  ...               23.22         0.57
19  2026-01-23 16:16:53       0m 34s  ...               62.76         1.72
20  2026-01-23 16:17:27       0m 26s  ...                1.10         0.03
21  2026-01-23 16:17:54       0m 28s  ...               19.31         0.52
22  2026-01-23 16:18:22       0m 31s  ...               42.05         1.16
23  2026-01-23 16:18:53       0m 24s  ...                6.56         0.18
24  2026-01-23 16:19:18       0m 25s  ...                1.51         0.04
25  2026-01-23 16:19:43       0m 26s  ...                8.51         0.22
26  2026-01-23 16:20:10       0m 28s  ...               12.12         0.31
27  2026-01-23 16:20:38       0m 29s  ...               32.69         0.79
28  2026-01-23 16:21:08       0m 27s  ...                2.15         0.06
29  2026-01-23 16:21:35       0m 26s  ...                2.94         0.07
30  2026-01-23 16:22:01       0m 27s  ...               12.91         0.30
31  2026-01-23 16:22:29       0m 28s  ...               42.77         1.19
32  2026-01-23 16:22:57       0m 33s  ...               65.54         1.89
33  2026-01-23 16:23:30       0m 27s  ...               10.11         0.24
34  2026-01-23 16:23:58       0m 25s  ...                4.05         0.11
35  2026-01-23 16:24:24       0m 26s  ...                1.89         0.05
36  2026-01-23 16:24:50       0m 26s  ...                5.54         0.15
37  2026-01-23 16:25:16       0m 25s  ...                0.46         0.01
38  2026-01-23 16:25:42       0m 24s  ...                1.59         0.04
39  2026-01-23 16:26:07       0m 30s  ...               43.85         1.03
40  2026-01-23 16:26:38       0m 33s  ...               61.84         1.56
41  2026-01-23 16:27:11       0m 32s  ...               46.89         1.19
42  2026-01-23 16:27:44       0m 38s  ...               80.70         2.32
43  2026-01-23 16:28:23       0m 26s  ...                2.90         0.07
44  2026-01-23 16:28:49       0m 27s  ...               11.56         0.29
45  2026-01-23 16:29:17       0m 26s  ...                4.11         0.11
46  2026-01-23 16:29:44       0m 26s  ...               11.45         0.30
47  2026-01-23 16:30:11       0m 27s  ...               11.80         0.25
48  2026-01-23 16:30:38       0m 27s  ...                6.42         0.18
49  2026-01-23 16:31:05       0m 25s  ...                0.78         0.02

[50 rows x 24 columns]
              timestamp time_elapsed  ... severity_rate_patch Gradient_sr2
0   2026-01-23 16:07:51       0m 25s  ...                1.74         0.04
1   2026-01-23 16:08:17       0m 25s  ...                4.36         0.11
2   2026-01-23 16:08:42       0m 26s  ...                0.85         0.02
3   2026-01-23 16:09:09       0m 29s  ...               25.47         0.67
4   2026-01-23 16:09:38       0m 30s  ...               37.39         0.99
5   2026-01-23 16:10:08       0m 26s  ...                0.45         0.01
6   2026-01-23 16:10:35       0m 29s  ...               38.62         0.91
7   2026-01-23 16:11:04       0m 29s  ...               19.86         0.56
8   2026-01-23 16:11:34       0m 28s  ...               39.61         1.05
9   2026-01-23 16:12:03       0m 26s  ...                1.79         0.05
10  2026-01-23 16:12:29       0m 25s  ...                2.79         0.07
11  2026-01-23 16:12:55       0m 28s  ...               20.77         0.49
12  2026-01-23 16:13:24       0m 27s  ...               20.60         0.51
13  2026-01-23 16:13:52       0m 27s  ...               15.28         0.35
14  2026-01-23 16:14:19       0m 29s  ...               30.18         0.79
15  2026-01-23 16:14:49       0m 29s  ...               19.25         0.48
16  2026-01-23 16:15:19       0m 38s  ...               85.84         2.58
17  2026-01-23 16:15:57       0m 26s  ...                0.76         0.02
18  2026-01-23 16:16:24       0m 28s  ...               23.22         0.57
19  2026-01-23 16:16:53       0m 34s  ...               62.76         1.72
20  2026-01-23 16:17:27       0m 26s  ...                1.10         0.03
21  2026-01-23 16:17:54       0m 28s  ...               19.31         0.52
22  2026-01-23 16:18:22       0m 31s  ...               42.05         1.16
23  2026-01-23 16:18:53       0m 24s  ...                6.56         0.18
24  2026-01-23 16:19:18       0m 25s  ...                1.51         0.04
25  2026-01-23 16:19:43       0m 26s  ...                8.51         0.22
26  2026-01-23 16:20:10       0m 28s  ...               12.12         0.31
27  2026-01-23 16:20:38       0m 29s  ...               32.69         0.79
28  2026-01-23 16:21:08       0m 27s  ...                2.15         0.06
29  2026-01-23 16:21:35       0m 26s  ...                2.94         0.07
30  2026-01-23 16:22:01       0m 27s  ...               12.91         0.30
31  2026-01-23 16:22:29       0m 28s  ...               42.77         1.19
32  2026-01-23 16:22:57       0m 33s  ...               65.54         1.89
33  2026-01-23 16:23:30       0m 27s  ...               10.11         0.24
34  2026-01-23 16:23:58       0m 25s  ...                4.05         0.11
35  2026-01-23 16:24:24       0m 26s  ...                1.89         0.05
36  2026-01-23 16:24:50       0m 26s  ...                5.54         0.15
37  2026-01-23 16:25:16       0m 25s  ...                0.46         0.01
38  2026-01-23 16:25:42       0m 24s  ...                1.59         0.04
39  2026-01-23 16:26:07       0m 30s  ...               43.85         1.03
40  2026-01-23 16:26:38       0m 33s  ...               61.84         1.56
41  2026-01-23 16:27:11       0m 32s  ...               46.89         1.19
42  2026-01-23 16:27:44       0m 38s  ...               80.70         2.32
43  2026-01-23 16:28:23       0m 26s  ...                2.90         0.07
44  2026-01-23 16:28:49       0m 27s  ...               11.56         0.29
45  2026-01-23 16:29:17       0m 26s  ...                4.11         0.11
46  2026-01-23 16:29:44       0m 26s  ...               11.45         0.30
47  2026-01-23 16:30:11       0m 27s  ...               11.80         0.25
48  2026-01-23 16:30:38       0m 27s  ...                6.42         0.18
49  2026-01-23 16:31:05       0m 25s  ...                0.78         0.02
50  2026-01-23 16:31:31       0m 37s  ...               83.75         2.58

[51 rows x 24 columns]
[2026-01-23 16:33:39,351] - [root] - [INFO] - Analysis finished: 0m 25s
[2026-01-23 16:33:39,351] - [root] - [INFO] - -------------------------------------------
[2026-01-23 16:33:39,352] - [root] - [INFO] - -------------------------------------------
[2026-01-23 16:33:39,352] - [root] - [INFO] - Processing 1-22-2026 5dpi 132-W2021011-644_R2.png
[2026-01-23 16:33:56,029] - [root] - [INFO] - Finished loading mask: 0m 16s
[2026-01-23 16:34:05,919] - [root] - [INFO] - Finished crop and inference: 0m 26s
              timestamp time_elapsed  ... severity_rate_patch Gradient_sr2
0   2026-01-23 16:07:51       0m 25s  ...                1.74         0.04
1   2026-01-23 16:08:17       0m 25s  ...                4.36         0.11
2   2026-01-23 16:08:42       0m 26s  ...                0.85         0.02
3   2026-01-23 16:09:09       0m 29s  ...               25.47         0.67
4   2026-01-23 16:09:38       0m 30s  ...               37.39         0.99
5   2026-01-23 16:10:08       0m 26s  ...                0.45         0.01
6   2026-01-23 16:10:35       0m 29s  ...               38.62         0.91
7   2026-01-23 16:11:04       0m 29s  ...               19.86         0.56
8   2026-01-23 16:11:34       0m 28s  ...               39.61         1.05
9   2026-01-23 16:12:03       0m 26s  ...                1.79         0.05
10  2026-01-23 16:12:29       0m 25s  ...                2.79         0.07
11  2026-01-23 16:12:55       0m 28s  ...               20.77         0.49
12  2026-01-23 16:13:24       0m 27s  ...               20.60         0.51
13  2026-01-23 16:13:52       0m 27s  ...               15.28         0.35
14  2026-01-23 16:14:19       0m 29s  ...               30.18         0.79
15  2026-01-23 16:14:49       0m 29s  ...               19.25         0.48
16  2026-01-23 16:15:19       0m 38s  ...               85.84         2.58
17  2026-01-23 16:15:57       0m 26s  ...                0.76         0.02
18  2026-01-23 16:16:24       0m 28s  ...               23.22         0.57
19  2026-01-23 16:16:53       0m 34s  ...               62.76         1.72
20  2026-01-23 16:17:27       0m 26s  ...                1.10         0.03
21  2026-01-23 16:17:54       0m 28s  ...               19.31         0.52
22  2026-01-23 16:18:22       0m 31s  ...               42.05         1.16
23  2026-01-23 16:18:53       0m 24s  ...                6.56         0.18
24  2026-01-23 16:19:18       0m 25s  ...                1.51         0.04
25  2026-01-23 16:19:43       0m 26s  ...                8.51         0.22
26  2026-01-23 16:20:10       0m 28s  ...               12.12         0.31
27  2026-01-23 16:20:38       0m 29s  ...               32.69         0.79
28  2026-01-23 16:21:08       0m 27s  ...                2.15         0.06
29  2026-01-23 16:21:35       0m 26s  ...                2.94         0.07
30  2026-01-23 16:22:01       0m 27s  ...               12.91         0.30
31  2026-01-23 16:22:29       0m 28s  ...               42.77         1.19
32  2026-01-23 16:22:57       0m 33s  ...               65.54         1.89
33  2026-01-23 16:23:30       0m 27s  ...               10.11         0.24
34  2026-01-23 16:23:58       0m 25s  ...                4.05         0.11
35  2026-01-23 16:24:24       0m 26s  ...                1.89         0.05
36  2026-01-23 16:24:50       0m 26s  ...                5.54         0.15
37  2026-01-23 16:25:16       0m 25s  ...                0.46         0.01
38  2026-01-23 16:25:42       0m 24s  ...                1.59         0.04
39  2026-01-23 16:26:07       0m 30s  ...               43.85         1.03
40  2026-01-23 16:26:38       0m 33s  ...               61.84         1.56
41  2026-01-23 16:27:11       0m 32s  ...               46.89         1.19
42  2026-01-23 16:27:44       0m 38s  ...               80.70         2.32
43  2026-01-23 16:28:23       0m 26s  ...                2.90         0.07
44  2026-01-23 16:28:49       0m 27s  ...               11.56         0.29
45  2026-01-23 16:29:17       0m 26s  ...                4.11         0.11
46  2026-01-23 16:29:44       0m 26s  ...               11.45         0.30
47  2026-01-23 16:30:11       0m 27s  ...               11.80         0.25
48  2026-01-23 16:30:38       0m 27s  ...                6.42         0.18
49  2026-01-23 16:31:05       0m 25s  ...                0.78         0.02
50  2026-01-23 16:31:31       0m 37s  ...               83.75         2.58
51  2026-01-23 16:32:09       0m 35s  ...               77.72         2.05

[52 rows x 24 columns]
              timestamp time_elapsed  ... severity_rate_patch Gradient_sr2
0   2026-01-23 16:07:51       0m 25s  ...                1.74         0.04
1   2026-01-23 16:08:17       0m 25s  ...                4.36         0.11
2   2026-01-23 16:08:42       0m 26s  ...                0.85         0.02
3   2026-01-23 16:09:09       0m 29s  ...               25.47         0.67
4   2026-01-23 16:09:38       0m 30s  ...               37.39         0.99
5   2026-01-23 16:10:08       0m 26s  ...                0.45         0.01
6   2026-01-23 16:10:35       0m 29s  ...               38.62         0.91
7   2026-01-23 16:11:04       0m 29s  ...               19.86         0.56
8   2026-01-23 16:11:34       0m 28s  ...               39.61         1.05
9   2026-01-23 16:12:03       0m 26s  ...                1.79         0.05
10  2026-01-23 16:12:29       0m 25s  ...                2.79         0.07
11  2026-01-23 16:12:55       0m 28s  ...               20.77         0.49
12  2026-01-23 16:13:24       0m 27s  ...               20.60         0.51
13  2026-01-23 16:13:52       0m 27s  ...               15.28         0.35
14  2026-01-23 16:14:19       0m 29s  ...               30.18         0.79
15  2026-01-23 16:14:49       0m 29s  ...               19.25         0.48
16  2026-01-23 16:15:19       0m 38s  ...               85.84         2.58
17  2026-01-23 16:15:57       0m 26s  ...                0.76         0.02
18  2026-01-23 16:16:24       0m 28s  ...               23.22         0.57
19  2026-01-23 16:16:53       0m 34s  ...               62.76         1.72
20  2026-01-23 16:17:27       0m 26s  ...                1.10         0.03
21  2026-01-23 16:17:54       0m 28s  ...               19.31         0.52
22  2026-01-23 16:18:22       0m 31s  ...               42.05         1.16
23  2026-01-23 16:18:53       0m 24s  ...                6.56         0.18
24  2026-01-23 16:19:18       0m 25s  ...                1.51         0.04
25  2026-01-23 16:19:43       0m 26s  ...                8.51         0.22
26  2026-01-23 16:20:10       0m 28s  ...               12.12         0.31
27  2026-01-23 16:20:38       0m 29s  ...               32.69         0.79
28  2026-01-23 16:21:08       0m 27s  ...                2.15         0.06
29  2026-01-23 16:21:35       0m 26s  ...                2.94         0.07
30  2026-01-23 16:22:01       0m 27s  ...               12.91         0.30
31  2026-01-23 16:22:29       0m 28s  ...               42.77         1.19
32  2026-01-23 16:22:57       0m 33s  ...               65.54         1.89
33  2026-01-23 16:23:30       0m 27s  ...               10.11         0.24
34  2026-01-23 16:23:58       0m 25s  ...                4.05         0.11
35  2026-01-23 16:24:24       0m 26s  ...                1.89         0.05
36  2026-01-23 16:24:50       0m 26s  ...                5.54         0.15
37  2026-01-23 16:25:16       0m 25s  ...                0.46         0.01
38  2026-01-23 16:25:42       0m 24s  ...                1.59         0.04
39  2026-01-23 16:26:07       0m 30s  ...               43.85         1.03
40  2026-01-23 16:26:38       0m 33s  ...               61.84         1.56
41  2026-01-23 16:27:11       0m 32s  ...               46.89         1.19
42  2026-01-23 16:27:44       0m 38s  ...               80.70         2.32
43  2026-01-23 16:28:23       0m 26s  ...                2.90         0.07
44  2026-01-23 16:28:49       0m 27s  ...               11.56         0.29
45  2026-01-23 16:29:17       0m 26s  ...                4.11         0.11
46  2026-01-23 16:29:44       0m 26s  ...               11.45         0.30
47  2026-01-23 16:30:11       0m 27s  ...               11.80         0.25
48  2026-01-23 16:30:38       0m 27s  ...                6.42         0.18
49  2026-01-23 16:31:05       0m 25s  ...                0.78         0.02
50  2026-01-23 16:31:31       0m 37s  ...               83.75         2.58
51  2026-01-23 16:32:09       0m 35s  ...               77.72         2.05
52  2026-01-23 16:32:45       0m 28s  ...                8.96         0.25

[53 rows x 24 columns]
[2026-01-23 16:34:07,429] - [root] - [INFO] - Analysis finished: 0m 28s
[2026-01-23 16:34:07,429] - [root] - [INFO] - -------------------------------------------
[2026-01-23 16:34:07,429] - [root] - [INFO] - -------------------------------------------
[2026-01-23 16:34:07,429] - [root] - [INFO] - Processing 1-22-2026 5dpi 134-W2021006-001_R1.png
[2026-01-23 16:34:24,720] - [root] - [INFO] - Finished loading mask: 0m 17s
[2026-01-23 16:34:38,767] - [root] - [INFO] - Finished crop and inference: 0m 31s
              timestamp time_elapsed  ... severity_rate_patch Gradient_sr2
0   2026-01-23 16:07:51       0m 25s  ...                1.74         0.04
1   2026-01-23 16:08:17       0m 25s  ...                4.36         0.11
2   2026-01-23 16:08:42       0m 26s  ...                0.85         0.02
3   2026-01-23 16:09:09       0m 29s  ...               25.47         0.67
4   2026-01-23 16:09:38       0m 30s  ...               37.39         0.99
5   2026-01-23 16:10:08       0m 26s  ...                0.45         0.01
6   2026-01-23 16:10:35       0m 29s  ...               38.62         0.91
7   2026-01-23 16:11:04       0m 29s  ...               19.86         0.56
8   2026-01-23 16:11:34       0m 28s  ...               39.61         1.05
9   2026-01-23 16:12:03       0m 26s  ...                1.79         0.05
10  2026-01-23 16:12:29       0m 25s  ...                2.79         0.07
11  2026-01-23 16:12:55       0m 28s  ...               20.77         0.49
12  2026-01-23 16:13:24       0m 27s  ...               20.60         0.51
13  2026-01-23 16:13:52       0m 27s  ...               15.28         0.35
14  2026-01-23 16:14:19       0m 29s  ...               30.18         0.79
15  2026-01-23 16:14:49       0m 29s  ...               19.25         0.48
16  2026-01-23 16:15:19       0m 38s  ...               85.84         2.58
17  2026-01-23 16:15:57       0m 26s  ...                0.76         0.02
18  2026-01-23 16:16:24       0m 28s  ...               23.22         0.57
19  2026-01-23 16:16:53       0m 34s  ...               62.76         1.72
20  2026-01-23 16:17:27       0m 26s  ...                1.10         0.03
21  2026-01-23 16:17:54       0m 28s  ...               19.31         0.52
22  2026-01-23 16:18:22       0m 31s  ...               42.05         1.16
23  2026-01-23 16:18:53       0m 24s  ...                6.56         0.18
24  2026-01-23 16:19:18       0m 25s  ...                1.51         0.04
25  2026-01-23 16:19:43       0m 26s  ...                8.51         0.22
26  2026-01-23 16:20:10       0m 28s  ...               12.12         0.31
27  2026-01-23 16:20:38       0m 29s  ...               32.69         0.79
28  2026-01-23 16:21:08       0m 27s  ...                2.15         0.06
29  2026-01-23 16:21:35       0m 26s  ...                2.94         0.07
30  2026-01-23 16:22:01       0m 27s  ...               12.91         0.30
31  2026-01-23 16:22:29       0m 28s  ...               42.77         1.19
32  2026-01-23 16:22:57       0m 33s  ...               65.54         1.89
33  2026-01-23 16:23:30       0m 27s  ...               10.11         0.24
34  2026-01-23 16:23:58       0m 25s  ...                4.05         0.11
35  2026-01-23 16:24:24       0m 26s  ...                1.89         0.05
36  2026-01-23 16:24:50       0m 26s  ...                5.54         0.15
37  2026-01-23 16:25:16       0m 25s  ...                0.46         0.01
38  2026-01-23 16:25:42       0m 24s  ...                1.59         0.04
39  2026-01-23 16:26:07       0m 30s  ...               43.85         1.03
40  2026-01-23 16:26:38       0m 33s  ...               61.84         1.56
41  2026-01-23 16:27:11       0m 32s  ...               46.89         1.19
42  2026-01-23 16:27:44       0m 38s  ...               80.70         2.32
43  2026-01-23 16:28:23       0m 26s  ...                2.90         0.07
44  2026-01-23 16:28:49       0m 27s  ...               11.56         0.29
45  2026-01-23 16:29:17       0m 26s  ...                4.11         0.11
46  2026-01-23 16:29:44       0m 26s  ...               11.45         0.30
47  2026-01-23 16:30:11       0m 27s  ...               11.80         0.25
48  2026-01-23 16:30:38       0m 27s  ...                6.42         0.18
49  2026-01-23 16:31:05       0m 25s  ...                0.78         0.02
50  2026-01-23 16:31:31       0m 37s  ...               83.75         2.58
51  2026-01-23 16:32:09       0m 35s  ...               77.72         2.05
52  2026-01-23 16:32:45       0m 28s  ...                8.96         0.25
53  2026-01-23 16:33:13       0m 25s  ...                1.10         0.03

[54 rows x 24 columns]
[2026-01-23 16:34:40,229] - [root] - [INFO] - Analysis finished: 0m 32s
[2026-01-23 16:34:40,229] - [root] - [INFO] - -------------------------------------------
[2026-01-23 16:34:40,229] - [root] - [INFO] - -------------------------------------------
[2026-01-23 16:34:40,229] - [root] - [INFO] - Processing 1-22-2026 5dpi 134-W2021009-275_R1.png
[2026-01-23 16:34:58,036] - [root] - [INFO] - Finished loading mask: 0m 17s
[2026-01-23 16:35:09,753] - [root] - [INFO] - Finished crop and inference: 0m 29s
              timestamp time_elapsed  ... severity_rate_patch Gradient_sr2
0   2026-01-23 16:07:51       0m 25s  ...                1.74         0.04
1   2026-01-23 16:08:17       0m 25s  ...                4.36         0.11
2   2026-01-23 16:08:42       0m 26s  ...                0.85         0.02
3   2026-01-23 16:09:09       0m 29s  ...               25.47         0.67
4   2026-01-23 16:09:38       0m 30s  ...               37.39         0.99
5   2026-01-23 16:10:08       0m 26s  ...                0.45         0.01
6   2026-01-23 16:10:35       0m 29s  ...               38.62         0.91
7   2026-01-23 16:11:04       0m 29s  ...               19.86         0.56
8   2026-01-23 16:11:34       0m 28s  ...               39.61         1.05
9   2026-01-23 16:12:03       0m 26s  ...                1.79         0.05
10  2026-01-23 16:12:29       0m 25s  ...                2.79         0.07
11  2026-01-23 16:12:55       0m 28s  ...               20.77         0.49
12  2026-01-23 16:13:24       0m 27s  ...               20.60         0.51
13  2026-01-23 16:13:52       0m 27s  ...               15.28         0.35
14  2026-01-23 16:14:19       0m 29s  ...               30.18         0.79
15  2026-01-23 16:14:49       0m 29s  ...               19.25         0.48
16  2026-01-23 16:15:19       0m 38s  ...               85.84         2.58
17  2026-01-23 16:15:57       0m 26s  ...                0.76         0.02
18  2026-01-23 16:16:24       0m 28s  ...               23.22         0.57
19  2026-01-23 16:16:53       0m 34s  ...               62.76         1.72
20  2026-01-23 16:17:27       0m 26s  ...                1.10         0.03
21  2026-01-23 16:17:54       0m 28s  ...               19.31         0.52
22  2026-01-23 16:18:22       0m 31s  ...               42.05         1.16
23  2026-01-23 16:18:53       0m 24s  ...                6.56         0.18
24  2026-01-23 16:19:18       0m 25s  ...                1.51         0.04
25  2026-01-23 16:19:43       0m 26s  ...                8.51         0.22
26  2026-01-23 16:20:10       0m 28s  ...               12.12         0.31
27  2026-01-23 16:20:38       0m 29s  ...               32.69         0.79
28  2026-01-23 16:21:08       0m 27s  ...                2.15         0.06
29  2026-01-23 16:21:35       0m 26s  ...                2.94         0.07
30  2026-01-23 16:22:01       0m 27s  ...               12.91         0.30
31  2026-01-23 16:22:29       0m 28s  ...               42.77         1.19
32  2026-01-23 16:22:57       0m 33s  ...               65.54         1.89
33  2026-01-23 16:23:30       0m 27s  ...               10.11         0.24
34  2026-01-23 16:23:58       0m 25s  ...                4.05         0.11
35  2026-01-23 16:24:24       0m 26s  ...                1.89         0.05
36  2026-01-23 16:24:50       0m 26s  ...                5.54         0.15
37  2026-01-23 16:25:16       0m 25s  ...                0.46         0.01
38  2026-01-23 16:25:42       0m 24s  ...                1.59         0.04
39  2026-01-23 16:26:07       0m 30s  ...               43.85         1.03
40  2026-01-23 16:26:38       0m 33s  ...               61.84         1.56
41  2026-01-23 16:27:11       0m 32s  ...               46.89         1.19
42  2026-01-23 16:27:44       0m 38s  ...               80.70         2.32
43  2026-01-23 16:28:23       0m 26s  ...                2.90         0.07
44  2026-01-23 16:28:49       0m 27s  ...               11.56         0.29
45  2026-01-23 16:29:17       0m 26s  ...                4.11         0.11
46  2026-01-23 16:29:44       0m 26s  ...               11.45         0.30
47  2026-01-23 16:30:11       0m 27s  ...               11.80         0.25
48  2026-01-23 16:30:38       0m 27s  ...                6.42         0.18
49  2026-01-23 16:31:05       0m 25s  ...                0.78         0.02
50  2026-01-23 16:31:31       0m 37s  ...               83.75         2.58
51  2026-01-23 16:32:09       0m 35s  ...               77.72         2.05
52  2026-01-23 16:32:45       0m 28s  ...                8.96         0.25
53  2026-01-23 16:33:13       0m 25s  ...                1.10         0.03
54  2026-01-23 16:33:39       0m 28s  ...               11.62         0.29

[55 rows x 24 columns]
[2026-01-23 16:35:11,233] - [root] - [INFO] - Analysis finished: 0m 31s
[2026-01-23 16:35:11,233] - [root] - [INFO] - -------------------------------------------
[2026-01-23 16:35:11,233] - [root] - [INFO] - -------------------------------------------
[2026-01-23 16:35:11,233] - [root] - [INFO] - Processing 1-22-2026 5dpi 137-W2021010-342_R2.png
[2026-01-23 16:35:28,449] - [root] - [INFO] - Finished loading mask: 0m 17s
[2026-01-23 16:35:36,939] - [root] - [INFO] - Finished crop and inference: 0m 25s
              timestamp time_elapsed  ... severity_rate_patch Gradient_sr2
0   2026-01-23 16:07:51       0m 25s  ...                1.74         0.04
1   2026-01-23 16:08:17       0m 25s  ...                4.36         0.11
2   2026-01-23 16:08:42       0m 26s  ...                0.85         0.02
3   2026-01-23 16:09:09       0m 29s  ...               25.47         0.67
4   2026-01-23 16:09:38       0m 30s  ...               37.39         0.99
5   2026-01-23 16:10:08       0m 26s  ...                0.45         0.01
6   2026-01-23 16:10:35       0m 29s  ...               38.62         0.91
7   2026-01-23 16:11:04       0m 29s  ...               19.86         0.56
8   2026-01-23 16:11:34       0m 28s  ...               39.61         1.05
9   2026-01-23 16:12:03       0m 26s  ...                1.79         0.05
10  2026-01-23 16:12:29       0m 25s  ...                2.79         0.07
11  2026-01-23 16:12:55       0m 28s  ...               20.77         0.49
12  2026-01-23 16:13:24       0m 27s  ...               20.60         0.51
13  2026-01-23 16:13:52       0m 27s  ...               15.28         0.35
14  2026-01-23 16:14:19       0m 29s  ...               30.18         0.79
15  2026-01-23 16:14:49       0m 29s  ...               19.25         0.48
16  2026-01-23 16:15:19       0m 38s  ...               85.84         2.58
17  2026-01-23 16:15:57       0m 26s  ...                0.76         0.02
18  2026-01-23 16:16:24       0m 28s  ...               23.22         0.57
19  2026-01-23 16:16:53       0m 34s  ...               62.76         1.72
20  2026-01-23 16:17:27       0m 26s  ...                1.10         0.03
21  2026-01-23 16:17:54       0m 28s  ...               19.31         0.52
22  2026-01-23 16:18:22       0m 31s  ...               42.05         1.16
23  2026-01-23 16:18:53       0m 24s  ...                6.56         0.18
24  2026-01-23 16:19:18       0m 25s  ...                1.51         0.04
25  2026-01-23 16:19:43       0m 26s  ...                8.51         0.22
26  2026-01-23 16:20:10       0m 28s  ...               12.12         0.31
27  2026-01-23 16:20:38       0m 29s  ...               32.69         0.79
28  2026-01-23 16:21:08       0m 27s  ...                2.15         0.06
29  2026-01-23 16:21:35       0m 26s  ...                2.94         0.07
30  2026-01-23 16:22:01       0m 27s  ...               12.91         0.30
31  2026-01-23 16:22:29       0m 28s  ...               42.77         1.19
32  2026-01-23 16:22:57       0m 33s  ...               65.54         1.89
33  2026-01-23 16:23:30       0m 27s  ...               10.11         0.24
34  2026-01-23 16:23:58       0m 25s  ...                4.05         0.11
35  2026-01-23 16:24:24       0m 26s  ...                1.89         0.05
36  2026-01-23 16:24:50       0m 26s  ...                5.54         0.15
37  2026-01-23 16:25:16       0m 25s  ...                0.46         0.01
38  2026-01-23 16:25:42       0m 24s  ...                1.59         0.04
39  2026-01-23 16:26:07       0m 30s  ...               43.85         1.03
40  2026-01-23 16:26:38       0m 33s  ...               61.84         1.56
41  2026-01-23 16:27:11       0m 32s  ...               46.89         1.19
42  2026-01-23 16:27:44       0m 38s  ...               80.70         2.32
43  2026-01-23 16:28:23       0m 26s  ...                2.90         0.07
44  2026-01-23 16:28:49       0m 27s  ...               11.56         0.29
45  2026-01-23 16:29:17       0m 26s  ...                4.11         0.11
46  2026-01-23 16:29:44       0m 26s  ...               11.45         0.30
47  2026-01-23 16:30:11       0m 27s  ...               11.80         0.25
48  2026-01-23 16:30:38       0m 27s  ...                6.42         0.18
49  2026-01-23 16:31:05       0m 25s  ...                0.78         0.02
50  2026-01-23 16:31:31       0m 37s  ...               83.75         2.58
51  2026-01-23 16:32:09       0m 35s  ...               77.72         2.05
52  2026-01-23 16:32:45       0m 28s  ...                8.96         0.25
53  2026-01-23 16:33:13       0m 25s  ...                1.10         0.03
54  2026-01-23 16:33:39       0m 28s  ...               11.62         0.29
55  2026-01-23 16:34:07       0m 32s  ...               55.20         1.46

[56 rows x 24 columns]
[2026-01-23 16:35:38,465] - [root] - [INFO] - Analysis finished: 0m 27s
[2026-01-23 16:35:38,465] - [root] - [INFO] - -------------------------------------------
[2026-01-23 16:35:38,465] - [root] - [INFO] - -------------------------------------------
[2026-01-23 16:35:38,465] - [root] - [INFO] - Processing 1-22-2026 5dpi 138-W2021010-446_R1.png
[2026-01-23 16:35:55,359] - [root] - [INFO] - Finished loading mask: 0m 16s
[2026-01-23 16:36:04,502] - [root] - [INFO] - Finished crop and inference: 0m 26s
              timestamp time_elapsed  ... severity_rate_patch Gradient_sr2
0   2026-01-23 16:07:51       0m 25s  ...                1.74         0.04
1   2026-01-23 16:08:17       0m 25s  ...                4.36         0.11
2   2026-01-23 16:08:42       0m 26s  ...                0.85         0.02
3   2026-01-23 16:09:09       0m 29s  ...               25.47         0.67
4   2026-01-23 16:09:38       0m 30s  ...               37.39         0.99
5   2026-01-23 16:10:08       0m 26s  ...                0.45         0.01
6   2026-01-23 16:10:35       0m 29s  ...               38.62         0.91
7   2026-01-23 16:11:04       0m 29s  ...               19.86         0.56
8   2026-01-23 16:11:34       0m 28s  ...               39.61         1.05
9   2026-01-23 16:12:03       0m 26s  ...                1.79         0.05
10  2026-01-23 16:12:29       0m 25s  ...                2.79         0.07
11  2026-01-23 16:12:55       0m 28s  ...               20.77         0.49
12  2026-01-23 16:13:24       0m 27s  ...               20.60         0.51
13  2026-01-23 16:13:52       0m 27s  ...               15.28         0.35
14  2026-01-23 16:14:19       0m 29s  ...               30.18         0.79
15  2026-01-23 16:14:49       0m 29s  ...               19.25         0.48
16  2026-01-23 16:15:19       0m 38s  ...               85.84         2.58
17  2026-01-23 16:15:57       0m 26s  ...                0.76         0.02
18  2026-01-23 16:16:24       0m 28s  ...               23.22         0.57
19  2026-01-23 16:16:53       0m 34s  ...               62.76         1.72
20  2026-01-23 16:17:27       0m 26s  ...                1.10         0.03
21  2026-01-23 16:17:54       0m 28s  ...               19.31         0.52
22  2026-01-23 16:18:22       0m 31s  ...               42.05         1.16
23  2026-01-23 16:18:53       0m 24s  ...                6.56         0.18
24  2026-01-23 16:19:18       0m 25s  ...                1.51         0.04
25  2026-01-23 16:19:43       0m 26s  ...                8.51         0.22
26  2026-01-23 16:20:10       0m 28s  ...               12.12         0.31
27  2026-01-23 16:20:38       0m 29s  ...               32.69         0.79
28  2026-01-23 16:21:08       0m 27s  ...                2.15         0.06
29  2026-01-23 16:21:35       0m 26s  ...                2.94         0.07
30  2026-01-23 16:22:01       0m 27s  ...               12.91         0.30
31  2026-01-23 16:22:29       0m 28s  ...               42.77         1.19
32  2026-01-23 16:22:57       0m 33s  ...               65.54         1.89
33  2026-01-23 16:23:30       0m 27s  ...               10.11         0.24
34  2026-01-23 16:23:58       0m 25s  ...                4.05         0.11
35  2026-01-23 16:24:24       0m 26s  ...                1.89         0.05
36  2026-01-23 16:24:50       0m 26s  ...                5.54         0.15
37  2026-01-23 16:25:16       0m 25s  ...                0.46         0.01
38  2026-01-23 16:25:42       0m 24s  ...                1.59         0.04
39  2026-01-23 16:26:07       0m 30s  ...               43.85         1.03
40  2026-01-23 16:26:38       0m 33s  ...               61.84         1.56
41  2026-01-23 16:27:11       0m 32s  ...               46.89         1.19
42  2026-01-23 16:27:44       0m 38s  ...               80.70         2.32
43  2026-01-23 16:28:23       0m 26s  ...                2.90         0.07
44  2026-01-23 16:28:49       0m 27s  ...               11.56         0.29
45  2026-01-23 16:29:17       0m 26s  ...                4.11         0.11
46  2026-01-23 16:29:44       0m 26s  ...               11.45         0.30
47  2026-01-23 16:30:11       0m 27s  ...               11.80         0.25
48  2026-01-23 16:30:38       0m 27s  ...                6.42         0.18
49  2026-01-23 16:31:05       0m 25s  ...                0.78         0.02
50  2026-01-23 16:31:31       0m 37s  ...               83.75         2.58
51  2026-01-23 16:32:09       0m 35s  ...               77.72         2.05
52  2026-01-23 16:32:45       0m 28s  ...                8.96         0.25
53  2026-01-23 16:33:13       0m 25s  ...                1.10         0.03
54  2026-01-23 16:33:39       0m 28s  ...               11.62         0.29
55  2026-01-23 16:34:07       0m 32s  ...               55.20         1.46
56  2026-01-23 16:34:40       0m 30s  ...               34.44         0.83

[57 rows x 24 columns]
[2026-01-23 16:36:05,998] - [root] - [INFO] - Analysis finished: 0m 27s
[2026-01-23 16:36:05,998] - [root] - [INFO] - -------------------------------------------
[2026-01-23 16:36:05,998] - [root] - [INFO] - -------------------------------------------
[2026-01-23 16:36:05,998] - [root] - [INFO] - Processing 1-22-2026 5dpi 141-W2021009-274_R1.png
[2026-01-23 16:36:23,137] - [root] - [INFO] - Finished loading mask: 0m 17s
[2026-01-23 16:36:44,784] - [root] - [INFO] - Finished crop and inference: 0m 38s
              timestamp time_elapsed  ... severity_rate_patch Gradient_sr2
0   2026-01-23 16:07:51       0m 25s  ...                1.74         0.04
1   2026-01-23 16:08:17       0m 25s  ...                4.36         0.11
2   2026-01-23 16:08:42       0m 26s  ...                0.85         0.02
3   2026-01-23 16:09:09       0m 29s  ...               25.47         0.67
4   2026-01-23 16:09:38       0m 30s  ...               37.39         0.99
5   2026-01-23 16:10:08       0m 26s  ...                0.45         0.01
6   2026-01-23 16:10:35       0m 29s  ...               38.62         0.91
7   2026-01-23 16:11:04       0m 29s  ...               19.86         0.56
8   2026-01-23 16:11:34       0m 28s  ...               39.61         1.05
9   2026-01-23 16:12:03       0m 26s  ...                1.79         0.05
10  2026-01-23 16:12:29       0m 25s  ...                2.79         0.07
11  2026-01-23 16:12:55       0m 28s  ...               20.77         0.49
12  2026-01-23 16:13:24       0m 27s  ...               20.60         0.51
13  2026-01-23 16:13:52       0m 27s  ...               15.28         0.35
14  2026-01-23 16:14:19       0m 29s  ...               30.18         0.79
15  2026-01-23 16:14:49       0m 29s  ...               19.25         0.48
16  2026-01-23 16:15:19       0m 38s  ...               85.84         2.58
17  2026-01-23 16:15:57       0m 26s  ...                0.76         0.02
18  2026-01-23 16:16:24       0m 28s  ...               23.22         0.57
19  2026-01-23 16:16:53       0m 34s  ...               62.76         1.72
20  2026-01-23 16:17:27       0m 26s  ...                1.10         0.03
21  2026-01-23 16:17:54       0m 28s  ...               19.31         0.52
22  2026-01-23 16:18:22       0m 31s  ...               42.05         1.16
23  2026-01-23 16:18:53       0m 24s  ...                6.56         0.18
24  2026-01-23 16:19:18       0m 25s  ...                1.51         0.04
25  2026-01-23 16:19:43       0m 26s  ...                8.51         0.22
26  2026-01-23 16:20:10       0m 28s  ...               12.12         0.31
27  2026-01-23 16:20:38       0m 29s  ...               32.69         0.79
28  2026-01-23 16:21:08       0m 27s  ...                2.15         0.06
29  2026-01-23 16:21:35       0m 26s  ...                2.94         0.07
30  2026-01-23 16:22:01       0m 27s  ...               12.91         0.30
31  2026-01-23 16:22:29       0m 28s  ...               42.77         1.19
32  2026-01-23 16:22:57       0m 33s  ...               65.54         1.89
33  2026-01-23 16:23:30       0m 27s  ...               10.11         0.24
34  2026-01-23 16:23:58       0m 25s  ...                4.05         0.11
35  2026-01-23 16:24:24       0m 26s  ...                1.89         0.05
36  2026-01-23 16:24:50       0m 26s  ...                5.54         0.15
37  2026-01-23 16:25:16       0m 25s  ...                0.46         0.01
38  2026-01-23 16:25:42       0m 24s  ...                1.59         0.04
39  2026-01-23 16:26:07       0m 30s  ...               43.85         1.03
40  2026-01-23 16:26:38       0m 33s  ...               61.84         1.56
41  2026-01-23 16:27:11       0m 32s  ...               46.89         1.19
42  2026-01-23 16:27:44       0m 38s  ...               80.70         2.32
43  2026-01-23 16:28:23       0m 26s  ...                2.90         0.07
44  2026-01-23 16:28:49       0m 27s  ...               11.56         0.29
45  2026-01-23 16:29:17       0m 26s  ...                4.11         0.11
46  2026-01-23 16:29:44       0m 26s  ...               11.45         0.30
47  2026-01-23 16:30:11       0m 27s  ...               11.80         0.25
48  2026-01-23 16:30:38       0m 27s  ...                6.42         0.18
49  2026-01-23 16:31:05       0m 25s  ...                0.78         0.02
50  2026-01-23 16:31:31       0m 37s  ...               83.75         2.58
51  2026-01-23 16:32:09       0m 35s  ...               77.72         2.05
52  2026-01-23 16:32:45       0m 28s  ...                8.96         0.25
53  2026-01-23 16:33:13       0m 25s  ...                1.10         0.03
54  2026-01-23 16:33:39       0m 28s  ...               11.62         0.29
55  2026-01-23 16:34:07       0m 32s  ...               55.20         1.46
56  2026-01-23 16:34:40       0m 30s  ...               34.44         0.83
57  2026-01-23 16:35:11       0m 27s  ...                4.27         0.10

[58 rows x 24 columns]
[2026-01-23 16:36:46,330] - [root] - [INFO] - Analysis finished: 0m 40s
[2026-01-23 16:36:46,330] - [root] - [INFO] - -------------------------------------------
[2026-01-23 16:36:46,330] - [root] - [INFO] - -------------------------------------------
[2026-01-23 16:36:46,330] - [root] - [INFO] - Processing 1-22-2026 5dpi 143-W2021010-313_R2.png
[2026-01-23 16:37:04,150] - [root] - [INFO] - Finished loading mask: 0m 17s
[2026-01-23 16:37:12,059] - [root] - [INFO] - Finished crop and inference: 0m 25s
[2026-01-23 16:37:13,533] - [root] - [INFO] - Analysis finished: 0m 27s
[2026-01-23 16:37:13,533] - [root] - [INFO] - -------------------------------------------
[2026-01-23 16:37:13,533] - [root] - [INFO] - -------------------------------------------
[2026-01-23 16:37:13,533] - [root] - [INFO] - Processing 1-22-2026 5dpi 148-W2021011-462_R2.png
[2026-01-23 16:37:30,723] - [root] - [INFO] - Finished loading mask: 0m 17s
[2026-01-23 16:37:42,631] - [root] - [INFO] - Finished crop and inference: 0m 29s
[2026-01-23 16:37:44,115] - [root] - [INFO] - Analysis finished: 0m 30s
[2026-01-23 16:37:44,115] - [root] - [INFO] - -------------------------------------------
[2026-01-23 16:37:44,115] - [root] - [INFO] - -------------------------------------------
[2026-01-23 16:37:44,115] - [root] - [INFO] - Processing 1-22-2026 5dpi 149-W2021010-417_R1.png
[2026-01-23 16:38:01,718] - [root] - [INFO] - Finished loading mask: 0m 17s
[2026-01-23 16:38:11,350] - [root] - [INFO] - Finished crop and inference: 0m 27s
[2026-01-23 16:38:12,861] - [root] - [INFO] - Analysis finished: 0m 28s
[2026-01-23 16:38:12,861] - [root] - [INFO] - -------------------------------------------
[2026-01-23 16:38:12,861] - [root] - [INFO] - -------------------------------------------
[2026-01-23 16:38:12,861] - [root] - [INFO] - Processing 1-22-2026 5dpi 154-W2021010-419_R1.png
[2026-01-23 16:38:29,435] - [root] - [INFO] - Finished loading mask: 0m 16s
[2026-01-23 16:38:37,876] - [root] - [INFO] - Finished crop and inference: 0m 25s
              timestamp time_elapsed  ... severity_rate_patch Gradient_sr2
0   2026-01-23 16:07:51       0m 25s  ...                1.74         0.04
1   2026-01-23 16:08:17       0m 25s  ...                4.36         0.11
2   2026-01-23 16:08:42       0m 26s  ...                0.85         0.02
3   2026-01-23 16:09:09       0m 29s  ...               25.47         0.67
4   2026-01-23 16:09:38       0m 30s  ...               37.39         0.99
5   2026-01-23 16:10:08       0m 26s  ...                0.45         0.01
6   2026-01-23 16:10:35       0m 29s  ...               38.62         0.91
7   2026-01-23 16:11:04       0m 29s  ...               19.86         0.56
8   2026-01-23 16:11:34       0m 28s  ...               39.61         1.05
9   2026-01-23 16:12:03       0m 26s  ...                1.79         0.05
10  2026-01-23 16:12:29       0m 25s  ...                2.79         0.07
11  2026-01-23 16:12:55       0m 28s  ...               20.77         0.49
12  2026-01-23 16:13:24       0m 27s  ...               20.60         0.51
13  2026-01-23 16:13:52       0m 27s  ...               15.28         0.35
14  2026-01-23 16:14:19       0m 29s  ...               30.18         0.79
15  2026-01-23 16:14:49       0m 29s  ...               19.25         0.48
16  2026-01-23 16:15:19       0m 38s  ...               85.84         2.58
17  2026-01-23 16:15:57       0m 26s  ...                0.76         0.02
18  2026-01-23 16:16:24       0m 28s  ...               23.22         0.57
19  2026-01-23 16:16:53       0m 34s  ...               62.76         1.72
20  2026-01-23 16:17:27       0m 26s  ...                1.10         0.03
21  2026-01-23 16:17:54       0m 28s  ...               19.31         0.52
22  2026-01-23 16:18:22       0m 31s  ...               42.05         1.16
23  2026-01-23 16:18:53       0m 24s  ...                6.56         0.18
24  2026-01-23 16:19:18       0m 25s  ...                1.51         0.04
25  2026-01-23 16:19:43       0m 26s  ...                8.51         0.22
26  2026-01-23 16:20:10       0m 28s  ...               12.12         0.31
27  2026-01-23 16:20:38       0m 29s  ...               32.69         0.79
28  2026-01-23 16:21:08       0m 27s  ...                2.15         0.06
29  2026-01-23 16:21:35       0m 26s  ...                2.94         0.07
30  2026-01-23 16:22:01       0m 27s  ...               12.91         0.30
31  2026-01-23 16:22:29       0m 28s  ...               42.77         1.19
32  2026-01-23 16:22:57       0m 33s  ...               65.54         1.89
33  2026-01-23 16:23:30       0m 27s  ...               10.11         0.24
34  2026-01-23 16:23:58       0m 25s  ...                4.05         0.11
35  2026-01-23 16:24:24       0m 26s  ...                1.89         0.05
36  2026-01-23 16:24:50       0m 26s  ...                5.54         0.15
37  2026-01-23 16:25:16       0m 25s  ...                0.46         0.01
38  2026-01-23 16:25:42       0m 24s  ...                1.59         0.04
39  2026-01-23 16:26:07       0m 30s  ...               43.85         1.03
40  2026-01-23 16:26:38       0m 33s  ...               61.84         1.56
41  2026-01-23 16:27:11       0m 32s  ...               46.89         1.19
42  2026-01-23 16:27:44       0m 38s  ...               80.70         2.32
43  2026-01-23 16:28:23       0m 26s  ...                2.90         0.07
44  2026-01-23 16:28:49       0m 27s  ...               11.56         0.29
45  2026-01-23 16:29:17       0m 26s  ...                4.11         0.11
46  2026-01-23 16:29:44       0m 26s  ...               11.45         0.30
47  2026-01-23 16:30:11       0m 27s  ...               11.80         0.25
48  2026-01-23 16:30:38       0m 27s  ...                6.42         0.18
49  2026-01-23 16:31:05       0m 25s  ...                0.78         0.02
50  2026-01-23 16:31:31       0m 37s  ...               83.75         2.58
51  2026-01-23 16:32:09       0m 35s  ...               77.72         2.05
52  2026-01-23 16:32:45       0m 28s  ...                8.96         0.25
53  2026-01-23 16:33:13       0m 25s  ...                1.10         0.03
54  2026-01-23 16:33:39       0m 28s  ...               11.62         0.29
55  2026-01-23 16:34:07       0m 32s  ...               55.20         1.46
56  2026-01-23 16:34:40       0m 30s  ...               34.44         0.83
57  2026-01-23 16:35:11       0m 27s  ...                4.27         0.10
58  2026-01-23 16:35:38       0m 27s  ...                8.31         0.19

[59 rows x 24 columns]
[2026-01-23 16:38:39,363] - [root] - [INFO] - Analysis finished: 0m 26s
[2026-01-23 16:38:39,363] - [root] - [INFO] - -------------------------------------------
[2026-01-23 16:38:39,363] - [root] - [INFO] - -------------------------------------------
[2026-01-23 16:38:39,363] - [root] - [INFO] - Processing 1-22-2026 5dpi 155-W2021011-639_R1.png
[2026-01-23 16:38:56,425] - [root] - [INFO] - Finished loading mask: 0m 17s
[2026-01-23 16:39:05,318] - [root] - [INFO] - Finished crop and inference: 0m 25s
[2026-01-23 16:39:06,793] - [root] - [INFO] - Analysis finished: 0m 27s
[2026-01-23 16:39:06,793] - [root] - [INFO] - -------------------------------------------
[2026-01-23 16:39:06,793] - [root] - [INFO] - -------------------------------------------
[2026-01-23 16:39:06,793] - [root] - [INFO] - Processing 1-22-2026 5dpi 156-W2021009-276_R2.png
[2026-01-23 16:39:23,745] - [root] - [INFO] - Finished loading mask: 0m 16s
[2026-01-23 16:39:33,387] - [root] - [INFO] - Finished crop and inference: 0m 26s
[2026-01-23 16:39:34,877] - [root] - [INFO] - Analysis finished: 0m 28s
[2026-01-23 16:39:34,877] - [root] - [INFO] - -------------------------------------------
[2026-01-23 16:39:34,877] - [root] - [INFO] - -------------------------------------------
[2026-01-23 16:39:34,877] - [root] - [INFO] - Processing 1-22-2026 5dpi 158-W2021006-114_R1.png
[2026-01-23 16:39:52,152] - [root] - [INFO] - Finished loading mask: 0m 17s
[2026-01-23 16:40:06,295] - [root] - [INFO] - Finished crop and inference: 0m 31s
[2026-01-23 16:40:07,887] - [root] - [INFO] - Analysis finished: 0m 33s
[2026-01-23 16:40:07,887] - [root] - [INFO] - -------------------------------------------
[2026-01-23 16:40:07,887] - [root] - [INFO] - -------------------------------------------
[2026-01-23 16:40:07,887] - [root] - [INFO] - Processing 1-22-2026 5dpi 167-W2021006-003_R2.png
[2026-01-23 16:40:25,503] - [root] - [INFO] - Finished loading mask: 0m 17s
[2026-01-23 16:40:32,939] - [root] - [INFO] - Finished crop and inference: 0m 25s
[2026-01-23 16:40:34,453] - [root] - [INFO] - Analysis finished: 0m 26s
[2026-01-23 16:40:34,453] - [root] - [INFO] - -------------------------------------------
[2026-01-23 16:40:34,453] - [root] - [INFO] - -------------------------------------------
[2026-01-23 16:40:34,453] - [root] - [INFO] - Processing 1-22-2026 5dpi 169-W2021009-623_R2.png
[2026-01-23 16:40:51,463] - [root] - [INFO] - Finished loading mask: 0m 17s
[2026-01-23 16:41:12,285] - [root] - [INFO] - Finished crop and inference: 0m 37s
[2026-01-23 16:41:13,775] - [root] - [INFO] - Analysis finished: 0m 39s
[2026-01-23 16:41:13,775] - [root] - [INFO] - -------------------------------------------
[2026-01-23 16:41:13,776] - [root] - [INFO] - -------------------------------------------
[2026-01-23 16:41:13,776] - [root] - [INFO] - Processing 1-22-2026 5dpi 169-W2021011-477_R1.png
[2026-01-23 16:41:31,425] - [root] - [INFO] - Finished loading mask: 0m 17s
[2026-01-23 16:41:46,001] - [root] - [INFO] - Finished crop and inference: 0m 32s
[2026-01-23 16:41:47,491] - [root] - [INFO] - Analysis finished: 0m 33s
[2026-01-23 16:41:47,491] - [root] - [INFO] - -------------------------------------------
[2026-01-23 16:41:47,491] - [root] - [INFO] - -------------------------------------------
[2026-01-23 16:41:47,491] - [root] - [INFO] - Processing 1-22-2026 5dpi 172-W2021011-557_R2.png
[2026-01-23 16:42:05,030] - [root] - [INFO] - Finished loading mask: 0m 17s
[2026-01-23 16:42:14,934] - [root] - [INFO] - Finished crop and inference: 0m 27s
[2026-01-23 16:42:16,354] - [root] - [INFO] - Analysis finished: 0m 28s
[2026-01-23 16:42:16,354] - [root] - [INFO] - -------------------------------------------
[2026-01-23 16:42:16,354] - [root] - [INFO] - -------------------------------------------
[2026-01-23 16:42:16,354] - [root] - [INFO] - Processing 1-22-2026 5dpi 173-W2021006-127_R2.png
[2026-01-23 16:42:33,590] - [root] - [INFO] - Finished loading mask: 0m 17s
[2026-01-23 16:42:42,003] - [root] - [INFO] - Finished crop and inference: 0m 25s
              timestamp time_elapsed  ... severity_rate_patch Gradient_sr2
0   2026-01-23 16:07:51       0m 25s  ...                1.74         0.04
1   2026-01-23 16:08:17       0m 25s  ...                4.36         0.11
2   2026-01-23 16:08:42       0m 26s  ...                0.85         0.02
3   2026-01-23 16:09:09       0m 29s  ...               25.47         0.67
4   2026-01-23 16:09:38       0m 30s  ...               37.39         0.99
5   2026-01-23 16:10:08       0m 26s  ...                0.45         0.01
6   2026-01-23 16:10:35       0m 29s  ...               38.62         0.91
7   2026-01-23 16:11:04       0m 29s  ...               19.86         0.56
8   2026-01-23 16:11:34       0m 28s  ...               39.61         1.05
9   2026-01-23 16:12:03       0m 26s  ...                1.79         0.05
10  2026-01-23 16:12:29       0m 25s  ...                2.79         0.07
11  2026-01-23 16:12:55       0m 28s  ...               20.77         0.49
12  2026-01-23 16:13:24       0m 27s  ...               20.60         0.51
13  2026-01-23 16:13:52       0m 27s  ...               15.28         0.35
14  2026-01-23 16:14:19       0m 29s  ...               30.18         0.79
15  2026-01-23 16:14:49       0m 29s  ...               19.25         0.48
16  2026-01-23 16:15:19       0m 38s  ...               85.84         2.58
17  2026-01-23 16:15:57       0m 26s  ...                0.76         0.02
18  2026-01-23 16:16:24       0m 28s  ...               23.22         0.57
19  2026-01-23 16:16:53       0m 34s  ...               62.76         1.72
20  2026-01-23 16:17:27       0m 26s  ...                1.10         0.03
21  2026-01-23 16:17:54       0m 28s  ...               19.31         0.52
22  2026-01-23 16:18:22       0m 31s  ...               42.05         1.16
23  2026-01-23 16:18:53       0m 24s  ...                6.56         0.18
24  2026-01-23 16:19:18       0m 25s  ...                1.51         0.04
25  2026-01-23 16:19:43       0m 26s  ...                8.51         0.22
26  2026-01-23 16:20:10       0m 28s  ...               12.12         0.31
27  2026-01-23 16:20:38       0m 29s  ...               32.69         0.79
28  2026-01-23 16:21:08       0m 27s  ...                2.15         0.06
29  2026-01-23 16:21:35       0m 26s  ...                2.94         0.07
30  2026-01-23 16:22:01       0m 27s  ...               12.91         0.30
31  2026-01-23 16:22:29       0m 28s  ...               42.77         1.19
32  2026-01-23 16:22:57       0m 33s  ...               65.54         1.89
33  2026-01-23 16:23:30       0m 27s  ...               10.11         0.24
34  2026-01-23 16:23:58       0m 25s  ...                4.05         0.11
35  2026-01-23 16:24:24       0m 26s  ...                1.89         0.05
36  2026-01-23 16:24:50       0m 26s  ...                5.54         0.15
37  2026-01-23 16:25:16       0m 25s  ...                0.46         0.01
38  2026-01-23 16:25:42       0m 24s  ...                1.59         0.04
39  2026-01-23 16:26:07       0m 30s  ...               43.85         1.03
40  2026-01-23 16:26:38       0m 33s  ...               61.84         1.56
41  2026-01-23 16:27:11       0m 32s  ...               46.89         1.19
42  2026-01-23 16:27:44       0m 38s  ...               80.70         2.32
43  2026-01-23 16:28:23       0m 26s  ...                2.90         0.07
44  2026-01-23 16:28:49       0m 27s  ...               11.56         0.29
45  2026-01-23 16:29:17       0m 26s  ...                4.11         0.11
46  2026-01-23 16:29:44       0m 26s  ...               11.45         0.30
47  2026-01-23 16:30:11       0m 27s  ...               11.80         0.25
48  2026-01-23 16:30:38       0m 27s  ...                6.42         0.18
49  2026-01-23 16:31:05       0m 25s  ...                0.78         0.02
50  2026-01-23 16:31:31       0m 37s  ...               83.75         2.58
51  2026-01-23 16:32:09       0m 35s  ...               77.72         2.05
52  2026-01-23 16:32:45       0m 28s  ...                8.96         0.25
53  2026-01-23 16:33:13       0m 25s  ...                1.10         0.03
54  2026-01-23 16:33:39       0m 28s  ...               11.62         0.29
55  2026-01-23 16:34:07       0m 32s  ...               55.20         1.46
56  2026-01-23 16:34:40       0m 30s  ...               34.44         0.83
57  2026-01-23 16:35:11       0m 27s  ...                4.27         0.10
58  2026-01-23 16:35:38       0m 27s  ...                8.31         0.19
59  2026-01-23 16:36:05       0m 40s  ...               86.63         2.58

[60 rows x 24 columns]
              timestamp time_elapsed  ... severity_rate_patch Gradient_sr2
0   2026-01-23 16:07:51       0m 25s  ...                1.74         0.04
1   2026-01-23 16:08:17       0m 25s  ...                4.36         0.11
2   2026-01-23 16:08:42       0m 26s  ...                0.85         0.02
3   2026-01-23 16:09:09       0m 29s  ...               25.47         0.67
4   2026-01-23 16:09:38       0m 30s  ...               37.39         0.99
..                  ...          ...  ...                 ...          ...
56  2026-01-23 16:34:40       0m 30s  ...               34.44         0.83
57  2026-01-23 16:35:11       0m 27s  ...                4.27         0.10
58  2026-01-23 16:35:38       0m 27s  ...                8.31         0.19
59  2026-01-23 16:36:05       0m 40s  ...               86.63         2.58
60  2026-01-23 16:36:46       0m 27s  ...                0.61         0.02

[61 rows x 24 columns]
              timestamp time_elapsed  ... severity_rate_patch Gradient_sr2
0   2026-01-23 16:07:51       0m 25s  ...                1.74         0.04
1   2026-01-23 16:08:17       0m 25s  ...                4.36         0.11
2   2026-01-23 16:08:42       0m 26s  ...                0.85         0.02
3   2026-01-23 16:09:09       0m 29s  ...               25.47         0.67
4   2026-01-23 16:09:38       0m 30s  ...               37.39         0.99
..                  ...          ...  ...                 ...          ...
57  2026-01-23 16:35:11       0m 27s  ...                4.27         0.10
58  2026-01-23 16:35:38       0m 27s  ...                8.31         0.19
59  2026-01-23 16:36:05       0m 40s  ...               86.63         2.58
60  2026-01-23 16:36:46       0m 27s  ...                0.61         0.02
61  2026-01-23 16:37:13       0m 30s  ...               28.01         0.73

[62 rows x 24 columns]
              timestamp time_elapsed  ... severity_rate_patch Gradient_sr2
0   2026-01-23 16:07:51       0m 25s  ...                1.74         0.04
1   2026-01-23 16:08:17       0m 25s  ...                4.36         0.11
2   2026-01-23 16:08:42       0m 26s  ...                0.85         0.02
3   2026-01-23 16:09:09       0m 29s  ...               25.47         0.67
4   2026-01-23 16:09:38       0m 30s  ...               37.39         0.99
..                  ...          ...  ...                 ...          ...
58  2026-01-23 16:35:38       0m 27s  ...                8.31         0.19
59  2026-01-23 16:36:05       0m 40s  ...               86.63         2.58
60  2026-01-23 16:36:46       0m 27s  ...                0.61         0.02
61  2026-01-23 16:37:13       0m 30s  ...               28.01         0.73
62  2026-01-23 16:37:44       0m 28s  ...               13.12         0.36

[63 rows x 24 columns]
[2026-01-23 16:42:43,460] - [root] - [INFO] - Analysis finished: 0m 27s
[2026-01-23 16:42:43,460] - [root] - [INFO] - -------------------------------------------
[2026-01-23 16:42:43,461] - [root] - [INFO] - -------------------------------------------
[2026-01-23 16:42:43,461] - [root] - [INFO] - Processing 1-22-2026 5dpi 174-W2021009-156_R2.png
[2026-01-23 16:42:59,982] - [root] - [INFO] - Finished loading mask: 0m 16s
[2026-01-23 16:43:08,690] - [root] - [INFO] - Finished crop and inference: 0m 25s
[2026-01-23 16:43:10,172] - [root] - [INFO] - Analysis finished: 0m 26s
[2026-01-23 16:43:10,172] - [root] - [INFO] - -------------------------------------------
[2026-01-23 16:43:10,172] - [root] - [INFO] - -------------------------------------------
[2026-01-23 16:43:10,172] - [root] - [INFO] - Processing 1-22-2026 5dpi 176-W2021009-256_R2.png
[2026-01-23 16:43:26,848] - [root] - [INFO] - Finished loading mask: 0m 16s
[2026-01-23 16:43:32,995] - [root] - [INFO] - Finished crop and inference: 0m 22s
[2026-01-23 16:43:34,498] - [root] - [INFO] - Analysis finished: 0m 24s
[2026-01-23 16:43:34,498] - [root] - [INFO] - -------------------------------------------
[2026-01-23 16:43:34,498] - [root] - [INFO] - -------------------------------------------
[2026-01-23 16:43:34,498] - [root] - [INFO] - Processing 1-22-2026 5dpi 177-W2021009-194_R1.png
[2026-01-23 16:43:51,483] - [root] - [INFO] - Finished loading mask: 0m 16s
[2026-01-23 16:44:00,585] - [root] - [INFO] - Finished crop and inference: 0m 26s
[2026-01-23 16:44:02,073] - [root] - [INFO] - Analysis finished: 0m 27s
[2026-01-23 16:44:02,073] - [root] - [INFO] - -------------------------------------------
[2026-01-23 16:44:02,073] - [root] - [INFO] - -------------------------------------------
[2026-01-23 16:44:02,073] - [root] - [INFO] - Processing 1-22-2026 5dpi 180-W2021009-152_R1.png
[2026-01-23 16:44:18,856] - [root] - [INFO] - Finished loading mask: 0m 16s
[2026-01-23 16:44:28,394] - [root] - [INFO] - Finished crop and inference: 0m 26s
[2026-01-23 16:44:29,867] - [root] - [INFO] - Analysis finished: 0m 27s
[2026-01-23 16:44:29,867] - [root] - [INFO] - -------------------------------------------
[2026-01-23 16:44:29,867] - [root] - [INFO] - -------------------------------------------
[2026-01-23 16:44:29,867] - [root] - [INFO] - Processing 1-22-2026 5dpi 180-W2021011-476_R2.png
[2026-01-23 16:44:47,159] - [root] - [INFO] - Finished loading mask: 0m 17s
[2026-01-23 16:45:04,034] - [root] - [INFO] - Finished crop and inference: 0m 34s
[2026-01-23 16:45:05,562] - [root] - [INFO] - Analysis finished: 0m 35s
[2026-01-23 16:45:05,562] - [root] - [INFO] - -------------------------------------------
[2026-01-23 16:45:05,562] - [root] - [INFO] - -------------------------------------------
[2026-01-23 16:45:05,562] - [root] - [INFO] - Processing 1-22-2026 5dpi 182-W2021009-251_R1.png
[2026-01-23 16:45:23,361] - [root] - [INFO] - Finished loading mask: 0m 17s
[2026-01-23 16:45:32,791] - [root] - [INFO] - Finished crop and inference: 0m 27s
[2026-01-23 16:45:34,201] - [root] - [INFO] - Analysis finished: 0m 28s
[2026-01-23 16:45:34,201] - [root] - [INFO] - -------------------------------------------
[2026-01-23 16:45:34,201] - [root] - [INFO] - -------------------------------------------
[2026-01-23 16:45:34,201] - [root] - [INFO] - Processing 1-22-2026 5dpi 183-W2021009-295_R1.png
[2026-01-23 16:45:51,399] - [root] - [INFO] - Finished loading mask: 0m 17s
[2026-01-23 16:45:59,429] - [root] - [INFO] - Finished crop and inference: 0m 25s
[2026-01-23 16:46:00,934] - [root] - [INFO] - Analysis finished: 0m 26s
[2026-01-23 16:46:00,934] - [root] - [INFO] - -------------------------------------------
[2026-01-23 16:46:00,934] - [root] - [INFO] - -------------------------------------------
[2026-01-23 16:46:00,934] - [root] - [INFO] - Processing 1-22-2026 5dpi 185-W2021009-199_R1.png
[2026-01-23 16:46:17,739] - [root] - [INFO] - Finished loading mask: 0m 16s
[2026-01-23 16:46:26,960] - [root] - [INFO] - Finished crop and inference: 0m 26s
              timestamp time_elapsed  ... severity_rate_patch Gradient_sr2
0   2026-01-23 16:07:51       0m 25s  ...                1.74         0.04
1   2026-01-23 16:08:17       0m 25s  ...                4.36         0.11
2   2026-01-23 16:08:42       0m 26s  ...                0.85         0.02
3   2026-01-23 16:09:09       0m 29s  ...               25.47         0.67
4   2026-01-23 16:09:38       0m 30s  ...               37.39         0.99
..                  ...          ...  ...                 ...          ...
59  2026-01-23 16:36:05       0m 40s  ...               86.63         2.58
60  2026-01-23 16:36:46       0m 27s  ...                0.61         0.02
61  2026-01-23 16:37:13       0m 30s  ...               28.01         0.73
62  2026-01-23 16:37:44       0m 28s  ...               13.12         0.36
63  2026-01-23 16:38:12       0m 26s  ...                2.62         0.07

[64 rows x 24 columns]
              timestamp time_elapsed  ... severity_rate_patch Gradient_sr2
0   2026-01-23 16:07:51       0m 25s  ...                1.74         0.04
1   2026-01-23 16:08:17       0m 25s  ...                4.36         0.11
2   2026-01-23 16:08:42       0m 26s  ...                0.85         0.02
3   2026-01-23 16:09:09       0m 29s  ...               25.47         0.67
4   2026-01-23 16:09:38       0m 30s  ...               37.39         0.99
..                  ...          ...  ...                 ...          ...
60  2026-01-23 16:36:46       0m 27s  ...                0.61         0.02
61  2026-01-23 16:37:13       0m 30s  ...               28.01         0.73
62  2026-01-23 16:37:44       0m 28s  ...               13.12         0.36
63  2026-01-23 16:38:12       0m 26s  ...                2.62         0.07
64  2026-01-23 16:38:39       0m 27s  ...               10.00         0.27

[65 rows x 24 columns]
              timestamp time_elapsed  ... severity_rate_patch Gradient_sr2
0   2026-01-23 16:07:51       0m 25s  ...                1.74         0.04
1   2026-01-23 16:08:17       0m 25s  ...                4.36         0.11
2   2026-01-23 16:08:42       0m 26s  ...                0.85         0.02
3   2026-01-23 16:09:09       0m 29s  ...               25.47         0.67
4   2026-01-23 16:09:38       0m 30s  ...               37.39         0.99
..                  ...          ...  ...                 ...          ...
61  2026-01-23 16:37:13       0m 30s  ...               28.01         0.73
62  2026-01-23 16:37:44       0m 28s  ...               13.12         0.36
63  2026-01-23 16:38:12       0m 26s  ...                2.62         0.07
64  2026-01-23 16:38:39       0m 27s  ...               10.00         0.27
65  2026-01-23 16:39:06       0m 28s  ...                7.64         0.19

[66 rows x 24 columns]
              timestamp time_elapsed  ... severity_rate_patch Gradient_sr2
0   2026-01-23 16:07:51       0m 25s  ...                1.74         0.04
1   2026-01-23 16:08:17       0m 25s  ...                4.36         0.11
2   2026-01-23 16:08:42       0m 26s  ...                0.85         0.02
3   2026-01-23 16:09:09       0m 29s  ...               25.47         0.67
4   2026-01-23 16:09:38       0m 30s  ...               37.39         0.99
..                  ...          ...  ...                 ...          ...
62  2026-01-23 16:37:44       0m 28s  ...               13.12         0.36
63  2026-01-23 16:38:12       0m 26s  ...                2.62         0.07
64  2026-01-23 16:38:39       0m 27s  ...               10.00         0.27
65  2026-01-23 16:39:06       0m 28s  ...                7.64         0.19
66  2026-01-23 16:39:34       0m 32s  ...               53.88         1.50

[67 rows x 24 columns]
              timestamp time_elapsed  ... severity_rate_patch Gradient_sr2
0   2026-01-23 16:07:51       0m 25s  ...                1.74         0.04
1   2026-01-23 16:08:17       0m 25s  ...                4.36         0.11
2   2026-01-23 16:08:42       0m 26s  ...                0.85         0.02
3   2026-01-23 16:09:09       0m 29s  ...               25.47         0.67
4   2026-01-23 16:09:38       0m 30s  ...               37.39         0.99
..                  ...          ...  ...                 ...          ...
63  2026-01-23 16:38:12       0m 26s  ...                2.62         0.07
64  2026-01-23 16:38:39       0m 27s  ...               10.00         0.27
65  2026-01-23 16:39:06       0m 28s  ...                7.64         0.19
66  2026-01-23 16:39:34       0m 32s  ...               53.88         1.50
67  2026-01-23 16:40:07       0m 26s  ...                2.18         0.06

[68 rows x 24 columns]
              timestamp time_elapsed  ... severity_rate_patch Gradient_sr2
0   2026-01-23 16:07:51       0m 25s  ...                1.74         0.04
1   2026-01-23 16:08:17       0m 25s  ...                4.36         0.11
2   2026-01-23 16:08:42       0m 26s  ...                0.85         0.02
3   2026-01-23 16:09:09       0m 29s  ...               25.47         0.67
4   2026-01-23 16:09:38       0m 30s  ...               37.39         0.99
..                  ...          ...  ...                 ...          ...
64  2026-01-23 16:38:39       0m 27s  ...               10.00         0.27
65  2026-01-23 16:39:06       0m 28s  ...                7.64         0.19
66  2026-01-23 16:39:34       0m 32s  ...               53.88         1.50
67  2026-01-23 16:40:07       0m 26s  ...                2.18         0.06
68  2026-01-23 16:40:34       0m 39s  ...               84.74         2.55

[69 rows x 24 columns]
              timestamp time_elapsed  ... severity_rate_patch Gradient_sr2
0   2026-01-23 16:07:51       0m 25s  ...                1.74         0.04
1   2026-01-23 16:08:17       0m 25s  ...                4.36         0.11
2   2026-01-23 16:08:42       0m 26s  ...                0.85         0.02
3   2026-01-23 16:09:09       0m 29s  ...               25.47         0.67
4   2026-01-23 16:09:38       0m 30s  ...               37.39         0.99
..                  ...          ...  ...                 ...          ...
65  2026-01-23 16:39:06       0m 28s  ...                7.64         0.19
66  2026-01-23 16:39:34       0m 32s  ...               53.88         1.50
67  2026-01-23 16:40:07       0m 26s  ...                2.18         0.06
68  2026-01-23 16:40:34       0m 39s  ...               84.74         2.55
69  2026-01-23 16:41:13       0m 33s  ...               57.21         1.60

[70 rows x 24 columns]
              timestamp time_elapsed  ... severity_rate_patch Gradient_sr2
0   2026-01-23 16:07:51       0m 25s  ...                1.74         0.04
1   2026-01-23 16:08:17       0m 25s  ...                4.36         0.11
2   2026-01-23 16:08:42       0m 26s  ...                0.85         0.02
3   2026-01-23 16:09:09       0m 29s  ...               25.47         0.67
4   2026-01-23 16:09:38       0m 30s  ...               37.39         0.99
..                  ...          ...  ...                 ...          ...
66  2026-01-23 16:39:34       0m 32s  ...               53.88         1.50
67  2026-01-23 16:40:07       0m 26s  ...                2.18         0.06
68  2026-01-23 16:40:34       0m 39s  ...               84.74         2.55
69  2026-01-23 16:41:13       0m 33s  ...               57.21         1.60
70  2026-01-23 16:41:47       0m 28s  ...                8.76         0.24

[71 rows x 24 columns]
[2026-01-23 16:46:28,443] - [root] - [INFO] - Analysis finished: 0m 27s
[2026-01-23 16:46:28,443] - [root] - [INFO] - -------------------------------------------
[2026-01-23 16:46:28,443] - [root] - [INFO] - -------------------------------------------
[2026-01-23 16:46:28,443] - [root] - [INFO] - Processing 1-22-2026 5dpi 185-W2021009-291_R2.png
[2026-01-23 16:46:45,577] - [root] - [INFO] - Finished loading mask: 0m 17s
[2026-01-23 16:46:54,990] - [root] - [INFO] - Finished crop and inference: 0m 26s
[2026-01-23 16:46:56,459] - [root] - [INFO] - Analysis finished: 0m 28s
[2026-01-23 16:46:56,459] - [root] - [INFO] - -------------------------------------------
[2026-01-23 16:46:56,459] - [root] - [INFO] - -------------------------------------------
[2026-01-23 16:46:56,459] - [root] - [INFO] - Processing 1-22-2026 5dpi 187-W2021010-348_R2.png
[2026-01-23 16:47:13,700] - [root] - [INFO] - Finished loading mask: 0m 17s
[2026-01-23 16:47:31,659] - [root] - [INFO] - Finished crop and inference: 0m 35s
[2026-01-23 16:47:33,192] - [root] - [INFO] - Analysis finished: 0m 36s
[2026-01-23 16:47:33,192] - [root] - [INFO] - -------------------------------------------
[2026-01-23 16:47:33,193] - [root] - [INFO] - -------------------------------------------
[2026-01-23 16:47:33,193] - [root] - [INFO] - Processing 1-22-2026 5dpi 191-W2021010-426_R2.png
[2026-01-23 16:47:50,912] - [root] - [INFO] - Finished loading mask: 0m 17s
[2026-01-23 16:48:00,928] - [root] - [INFO] - Finished crop and inference: 0m 27s
[2026-01-23 16:48:02,333] - [root] - [INFO] - Analysis finished: 0m 29s
[2026-01-23 16:48:02,333] - [root] - [INFO] - -------------------------------------------
[2026-01-23 16:48:02,333] - [root] - [INFO] - -------------------------------------------
[2026-01-23 16:48:02,333] - [root] - [INFO] - Processing 1-22-2026 5dpi 191-W2021010-449_R1.png
[2026-01-23 16:48:19,833] - [root] - [INFO] - Finished loading mask: 0m 17s
[2026-01-23 16:48:31,259] - [root] - [INFO] - Finished crop and inference: 0m 28s
[2026-01-23 16:48:32,718] - [root] - [INFO] - Analysis finished: 0m 30s
[2026-01-23 16:48:32,718] - [root] - [INFO] - -------------------------------------------
[2026-01-23 16:48:32,718] - [root] - [INFO] - -------------------------------------------
[2026-01-23 16:48:32,718] - [root] - [INFO] - Processing 1-22-2026 5dpi 192-W2021006-005_R1.png
[2026-01-23 16:48:50,110] - [root] - [INFO] - Finished loading mask: 0m 17s
[2026-01-23 16:48:58,421] - [root] - [INFO] - Finished crop and inference: 0m 25s
[2026-01-23 16:48:59,894] - [root] - [INFO] - Analysis finished: 0m 27s
[2026-01-23 16:48:59,894] - [root] - [INFO] - -------------------------------------------
[2026-01-23 16:48:59,894] - [root] - [INFO] - -------------------------------------------
[2026-01-23 16:48:59,894] - [root] - [INFO] - Processing 1-22-2026 5dpi 206-W2021010-344_R1.png
[2026-01-23 16:49:16,993] - [root] - [INFO] - Finished loading mask: 0m 17s
[2026-01-23 16:49:25,251] - [root] - [INFO] - Finished crop and inference: 0m 25s
[2026-01-23 16:49:26,719] - [root] - [INFO] - Analysis finished: 0m 26s
[2026-01-23 16:49:26,719] - [root] - [INFO] - -------------------------------------------
[2026-01-23 16:49:26,719] - [root] - [INFO] - -------------------------------------------
[2026-01-23 16:49:26,719] - [root] - [INFO] - Processing 1-22-2026 5dpi 207-W2021009-287_R2.png
[2026-01-23 16:49:43,596] - [root] - [INFO] - Finished loading mask: 0m 16s
[2026-01-23 16:49:52,062] - [root] - [INFO] - Finished crop and inference: 0m 25s
[2026-01-23 16:49:53,561] - [root] - [INFO] - Analysis finished: 0m 26s
[2026-01-23 16:49:53,562] - [root] - [INFO] - -------------------------------------------
[2026-01-23 16:49:53,562] - [root] - [INFO] - -------------------------------------------
[2026-01-23 16:49:53,562] - [root] - [INFO] - Processing 1-22-2026 5dpi 208-W2021009-268_R2.png
[2026-01-23 16:50:10,356] - [root] - [INFO] - Finished loading mask: 0m 16s
[2026-01-23 16:50:22,454] - [root] - [INFO] - Finished crop and inference: 0m 28s
              timestamp time_elapsed  ... severity_rate_patch Gradient_sr2
0   2026-01-23 16:07:51       0m 25s  ...                1.74         0.04
1   2026-01-23 16:08:17       0m 25s  ...                4.36         0.11
2   2026-01-23 16:08:42       0m 26s  ...                0.85         0.02
3   2026-01-23 16:09:09       0m 29s  ...               25.47         0.67
4   2026-01-23 16:09:38       0m 30s  ...               37.39         0.99
..                  ...          ...  ...                 ...          ...
67  2026-01-23 16:40:07       0m 26s  ...                2.18         0.06
68  2026-01-23 16:40:34       0m 39s  ...               84.74         2.55
69  2026-01-23 16:41:13       0m 33s  ...               57.21         1.60
70  2026-01-23 16:41:47       0m 28s  ...                8.76         0.24
71  2026-01-23 16:42:16       0m 27s  ...                1.64         0.04

[72 rows x 24 columns]
              timestamp time_elapsed  ... severity_rate_patch Gradient_sr2
0   2026-01-23 16:07:51       0m 25s  ...                1.74         0.04
1   2026-01-23 16:08:17       0m 25s  ...                4.36         0.11
2   2026-01-23 16:08:42       0m 26s  ...                0.85         0.02
3   2026-01-23 16:09:09       0m 29s  ...               25.47         0.67
4   2026-01-23 16:09:38       0m 30s  ...               37.39         0.99
..                  ...          ...  ...                 ...          ...
68  2026-01-23 16:40:34       0m 39s  ...               84.74         2.55
69  2026-01-23 16:41:13       0m 33s  ...               57.21         1.60
70  2026-01-23 16:41:47       0m 28s  ...                8.76         0.24
71  2026-01-23 16:42:16       0m 27s  ...                1.64         0.04
72  2026-01-23 16:42:43       0m 26s  ...               15.38         0.37

[73 rows x 24 columns]
              timestamp time_elapsed  ... severity_rate_patch Gradient_sr2
0   2026-01-23 16:07:51       0m 25s  ...                1.74         0.04
1   2026-01-23 16:08:17       0m 25s  ...                4.36         0.11
2   2026-01-23 16:08:42       0m 26s  ...                0.85         0.02
3   2026-01-23 16:09:09       0m 29s  ...               25.47         0.67
4   2026-01-23 16:09:38       0m 30s  ...               37.39         0.99
..                  ...          ...  ...                 ...          ...
69  2026-01-23 16:41:13       0m 33s  ...               57.21         1.60
70  2026-01-23 16:41:47       0m 28s  ...                8.76         0.24
71  2026-01-23 16:42:16       0m 27s  ...                1.64         0.04
72  2026-01-23 16:42:43       0m 26s  ...               15.38         0.37
73  2026-01-23 16:43:10       0m 24s  ...                3.06         0.08

[74 rows x 24 columns]
              timestamp time_elapsed  ... severity_rate_patch Gradient_sr2
0   2026-01-23 16:07:51       0m 25s  ...                1.74         0.04
1   2026-01-23 16:08:17       0m 25s  ...                4.36         0.11
2   2026-01-23 16:08:42       0m 26s  ...                0.85         0.02
3   2026-01-23 16:09:09       0m 29s  ...               25.47         0.67
4   2026-01-23 16:09:38       0m 30s  ...               37.39         0.99
..                  ...          ...  ...                 ...          ...
70  2026-01-23 16:41:47       0m 28s  ...                8.76         0.24
71  2026-01-23 16:42:16       0m 27s  ...                1.64         0.04
72  2026-01-23 16:42:43       0m 26s  ...               15.38         0.37
73  2026-01-23 16:43:10       0m 24s  ...                3.06         0.08
74  2026-01-23 16:43:34       0m 27s  ...               13.43         0.36

[75 rows x 24 columns]
              timestamp time_elapsed  ... severity_rate_patch Gradient_sr2
0   2026-01-23 16:07:51       0m 25s  ...                1.74         0.04
1   2026-01-23 16:08:17       0m 25s  ...                4.36         0.11
2   2026-01-23 16:08:42       0m 26s  ...                0.85         0.02
3   2026-01-23 16:09:09       0m 29s  ...               25.47         0.67
4   2026-01-23 16:09:38       0m 30s  ...               37.39         0.99
..                  ...          ...  ...                 ...          ...
71  2026-01-23 16:42:16       0m 27s  ...                1.64         0.04
72  2026-01-23 16:42:43       0m 26s  ...               15.38         0.37
73  2026-01-23 16:43:10       0m 24s  ...                3.06         0.08
74  2026-01-23 16:43:34       0m 27s  ...               13.43         0.36
75  2026-01-23 16:44:02       0m 27s  ...               24.95         0.55

[76 rows x 24 columns]
              timestamp time_elapsed  ... severity_rate_patch Gradient_sr2
0   2026-01-23 16:07:51       0m 25s  ...                1.74         0.04
1   2026-01-23 16:08:17       0m 25s  ...                4.36         0.11
2   2026-01-23 16:08:42       0m 26s  ...                0.85         0.02
3   2026-01-23 16:09:09       0m 29s  ...               25.47         0.67
4   2026-01-23 16:09:38       0m 30s  ...               37.39         0.99
..                  ...          ...  ...                 ...          ...
72  2026-01-23 16:42:43       0m 26s  ...               15.38         0.37
73  2026-01-23 16:43:10       0m 24s  ...                3.06         0.08
74  2026-01-23 16:43:34       0m 27s  ...               13.43         0.36
75  2026-01-23 16:44:02       0m 27s  ...               24.95         0.55
76  2026-01-23 16:44:29       0m 35s  ...               79.18         2.12

[77 rows x 24 columns]
              timestamp time_elapsed  ... severity_rate_patch Gradient_sr2
0   2026-01-23 16:07:51       0m 25s  ...                1.74         0.04
1   2026-01-23 16:08:17       0m 25s  ...                4.36         0.11
2   2026-01-23 16:08:42       0m 26s  ...                0.85         0.02
3   2026-01-23 16:09:09       0m 29s  ...               25.47         0.67
4   2026-01-23 16:09:38       0m 30s  ...               37.39         0.99
..                  ...          ...  ...                 ...          ...
73  2026-01-23 16:43:10       0m 24s  ...                3.06         0.08
74  2026-01-23 16:43:34       0m 27s  ...               13.43         0.36
75  2026-01-23 16:44:02       0m 27s  ...               24.95         0.55
76  2026-01-23 16:44:29       0m 35s  ...               79.18         2.12
77  2026-01-23 16:45:05       0m 28s  ...                4.96         0.12

[78 rows x 24 columns]
              timestamp time_elapsed  ... severity_rate_patch Gradient_sr2
0   2026-01-23 16:07:51       0m 25s  ...                1.74         0.04
1   2026-01-23 16:08:17       0m 25s  ...                4.36         0.11
2   2026-01-23 16:08:42       0m 26s  ...                0.85         0.02
3   2026-01-23 16:09:09       0m 29s  ...               25.47         0.67
4   2026-01-23 16:09:38       0m 30s  ...               37.39         0.99
..                  ...          ...  ...                 ...          ...
74  2026-01-23 16:43:34       0m 27s  ...               13.43         0.36
75  2026-01-23 16:44:02       0m 27s  ...               24.95         0.55
76  2026-01-23 16:44:29       0m 35s  ...               79.18         2.12
77  2026-01-23 16:45:05       0m 28s  ...                4.96         0.12
78  2026-01-23 16:45:34       0m 26s  ...                6.35         0.16

[79 rows x 24 columns]
[2026-01-23 16:50:23,945] - [root] - [INFO] - Analysis finished: 0m 30s
[2026-01-23 16:50:23,945] - [root] - [INFO] - -------------------------------------------
[2026-01-23 16:50:23,945] - [root] - [INFO] - -------------------------------------------
[2026-01-23 16:50:23,945] - [root] - [INFO] - Processing 1-22-2026 5dpi 209-W2021010-439_R2.png
[2026-01-23 16:50:41,601] - [root] - [INFO] - Finished loading mask: 0m 17s
[2026-01-23 16:50:55,068] - [root] - [INFO] - Finished crop and inference: 0m 31s
[2026-01-23 16:50:56,578] - [root] - [INFO] - Analysis finished: 0m 32s
[2026-01-23 16:50:56,579] - [root] - [INFO] - -------------------------------------------
[2026-01-23 16:50:56,579] - [root] - [INFO] - -------------------------------------------
[2026-01-23 16:50:56,579] - [root] - [INFO] - Processing 1-22-2026 5dpi 211-W2021011-598_R2.png
[2026-01-23 16:51:14,172] - [root] - [INFO] - Finished loading mask: 0m 17s
[2026-01-23 16:51:24,643] - [root] - [INFO] - Finished crop and inference: 0m 28s
[2026-01-23 16:51:26,093] - [root] - [INFO] - Analysis finished: 0m 29s
[2026-01-23 16:51:26,093] - [root] - [INFO] - -------------------------------------------
[2026-01-23 16:51:26,093] - [root] - [INFO] - -------------------------------------------
[2026-01-23 16:51:26,093] - [root] - [INFO] - Processing 1-22-2026 5dpi 215-W2021006-045_R2.png
[2026-01-23 16:51:43,628] - [root] - [INFO] - Finished loading mask: 0m 17s
[2026-01-23 16:51:52,577] - [root] - [INFO] - Finished crop and inference: 0m 26s
[2026-01-23 16:51:54,022] - [root] - [INFO] - Analysis finished: 0m 27s
[2026-01-23 16:51:54,022] - [root] - [INFO] - -------------------------------------------
[2026-01-23 16:51:54,022] - [root] - [INFO] - -------------------------------------------
[2026-01-23 16:51:54,022] - [root] - [INFO] - Processing 1-22-2026 5dpi 223-W2021010-442_R2.png
[2026-01-23 16:52:11,330] - [root] - [INFO] - Finished loading mask: 0m 17s
[2026-01-23 16:52:24,261] - [root] - [INFO] - Finished crop and inference: 0m 30s
[2026-01-23 16:52:25,859] - [root] - [INFO] - Analysis finished: 0m 31s
[2026-01-23 16:52:25,859] - [root] - [INFO] - -------------------------------------------
[2026-01-23 16:52:25,859] - [root] - [INFO] - -------------------------------------------
[2026-01-23 16:52:25,859] - [root] - [INFO] - Processing 1-22-2026 5dpi 226-W2021010-435_R1.png
[2026-01-23 16:52:43,524] - [root] - [INFO] - Finished loading mask: 0m 17s
[2026-01-23 16:52:52,891] - [root] - [INFO] - Finished crop and inference: 0m 27s
[2026-01-23 16:52:54,408] - [root] - [INFO] - Analysis finished: 0m 28s
[2026-01-23 16:52:54,409] - [root] - [INFO] - -------------------------------------------
[2026-01-23 16:52:54,409] - [root] - [INFO] - -------------------------------------------
[2026-01-23 16:52:54,409] - [root] - [INFO] - Processing 1-22-2026 5dpi 230-W2021010-373_R2.png
[2026-01-23 16:53:11,817] - [root] - [INFO] - Finished loading mask: 0m 17s
[2026-01-23 16:53:34,571] - [root] - [INFO] - Finished crop and inference: 0m 40s
[2026-01-23 16:53:36,105] - [root] - [INFO] - Analysis finished: 0m 41s
[2026-01-23 16:53:36,105] - [root] - [INFO] - -------------------------------------------
[2026-01-23 16:53:36,105] - [root] - [INFO] - -------------------------------------------
[2026-01-23 16:53:36,105] - [root] - [INFO] - Processing 1-22-2026 5dpi 233-W2021009-215_R2.png
[2026-01-23 16:53:53,492] - [root] - [INFO] - Finished loading mask: 0m 17s
[2026-01-23 16:54:03,894] - [root] - [INFO] - Finished crop and inference: 0m 27s
[2026-01-23 16:54:05,367] - [root] - [INFO] - Analysis finished: 0m 29s
[2026-01-23 16:54:05,367] - [root] - [INFO] - -------------------------------------------
[2026-01-23 16:54:05,367] - [root] - [INFO] - -------------------------------------------
[2026-01-23 16:54:05,367] - [root] - [INFO] - Processing 1-22-2026 5dpi 240-Symphony_R2.png
[2026-01-23 16:54:22,801] - [root] - [INFO] - Finished loading mask: 0m 17s
[2026-01-23 16:54:43,071] - [root] - [INFO] - Finished crop and inference: 0m 37s
              timestamp time_elapsed  ... severity_rate_patch Gradient_sr2
0   2026-01-23 16:07:51       0m 25s  ...                1.74         0.04
1   2026-01-23 16:08:17       0m 25s  ...                4.36         0.11
2   2026-01-23 16:08:42       0m 26s  ...                0.85         0.02
3   2026-01-23 16:09:09       0m 29s  ...               25.47         0.67
4   2026-01-23 16:09:38       0m 30s  ...               37.39         0.99
..                  ...          ...  ...                 ...          ...
75  2026-01-23 16:44:02       0m 27s  ...               24.95         0.55
76  2026-01-23 16:44:29       0m 35s  ...               79.18         2.12
77  2026-01-23 16:45:05       0m 28s  ...                4.96         0.12
78  2026-01-23 16:45:34       0m 26s  ...                6.35         0.16
79  2026-01-23 16:46:00       0m 27s  ...               13.16         0.28

[80 rows x 24 columns]
              timestamp time_elapsed  ... severity_rate_patch Gradient_sr2
0   2026-01-23 16:07:51       0m 25s  ...                1.74         0.04
1   2026-01-23 16:08:17       0m 25s  ...                4.36         0.11
2   2026-01-23 16:08:42       0m 26s  ...                0.85         0.02
3   2026-01-23 16:09:09       0m 29s  ...               25.47         0.67
4   2026-01-23 16:09:38       0m 30s  ...               37.39         0.99
..                  ...          ...  ...                 ...          ...
76  2026-01-23 16:44:29       0m 35s  ...               79.18         2.12
77  2026-01-23 16:45:05       0m 28s  ...                4.96         0.12
78  2026-01-23 16:45:34       0m 26s  ...                6.35         0.16
79  2026-01-23 16:46:00       0m 27s  ...               13.16         0.28
80  2026-01-23 16:46:28       0m 27s  ...                5.94         0.15

[81 rows x 24 columns]
              timestamp time_elapsed  ... severity_rate_patch Gradient_sr2
0   2026-01-23 16:07:51       0m 25s  ...                1.74         0.04
1   2026-01-23 16:08:17       0m 25s  ...                4.36         0.11
2   2026-01-23 16:08:42       0m 26s  ...                0.85         0.02
3   2026-01-23 16:09:09       0m 29s  ...               25.47         0.67
4   2026-01-23 16:09:38       0m 30s  ...               37.39         0.99
..                  ...          ...  ...                 ...          ...
77  2026-01-23 16:45:05       0m 28s  ...                4.96         0.12
78  2026-01-23 16:45:34       0m 26s  ...                6.35         0.16
79  2026-01-23 16:46:00       0m 27s  ...               13.16         0.28
80  2026-01-23 16:46:28       0m 27s  ...                5.94         0.15
81  2026-01-23 16:46:56       0m 36s  ...               85.45         2.50

[82 rows x 24 columns]
              timestamp time_elapsed  ... severity_rate_patch Gradient_sr2
0   2026-01-23 16:07:51       0m 25s  ...                1.74         0.04
1   2026-01-23 16:08:17       0m 25s  ...                4.36         0.11
2   2026-01-23 16:08:42       0m 26s  ...                0.85         0.02
3   2026-01-23 16:09:09       0m 29s  ...               25.47         0.67
4   2026-01-23 16:09:38       0m 30s  ...               37.39         0.99
..                  ...          ...  ...                 ...          ...
78  2026-01-23 16:45:34       0m 26s  ...                6.35         0.16
79  2026-01-23 16:46:00       0m 27s  ...               13.16         0.28
80  2026-01-23 16:46:28       0m 27s  ...                5.94         0.15
81  2026-01-23 16:46:56       0m 36s  ...               85.45         2.50
82  2026-01-23 16:47:33       0m 29s  ...                9.54         0.25

[83 rows x 24 columns]
              timestamp time_elapsed  ... severity_rate_patch Gradient_sr2
0   2026-01-23 16:07:51       0m 25s  ...                1.74         0.04
1   2026-01-23 16:08:17       0m 25s  ...                4.36         0.11
2   2026-01-23 16:08:42       0m 26s  ...                0.85         0.02
3   2026-01-23 16:09:09       0m 29s  ...               25.47         0.67
4   2026-01-23 16:09:38       0m 30s  ...               37.39         0.99
..                  ...          ...  ...                 ...          ...
79  2026-01-23 16:46:00       0m 27s  ...               13.16         0.28
80  2026-01-23 16:46:28       0m 27s  ...                5.94         0.15
81  2026-01-23 16:46:56       0m 36s  ...               85.45         2.50
82  2026-01-23 16:47:33       0m 29s  ...                9.54         0.25
83  2026-01-23 16:48:02       0m 30s  ...               23.32         0.63

[84 rows x 24 columns]
              timestamp time_elapsed  ... severity_rate_patch Gradient_sr2
0   2026-01-23 16:07:51       0m 25s  ...                1.74         0.04
1   2026-01-23 16:08:17       0m 25s  ...                4.36         0.11
2   2026-01-23 16:08:42       0m 26s  ...                0.85         0.02
3   2026-01-23 16:09:09       0m 29s  ...               25.47         0.67
4   2026-01-23 16:09:38       0m 30s  ...               37.39         0.99
..                  ...          ...  ...                 ...          ...
80  2026-01-23 16:46:28       0m 27s  ...                5.94         0.15
81  2026-01-23 16:46:56       0m 36s  ...               85.45         2.50
82  2026-01-23 16:47:33       0m 29s  ...                9.54         0.25
83  2026-01-23 16:48:02       0m 30s  ...               23.32         0.63
84  2026-01-23 16:48:32       0m 27s  ...                7.13         0.16

[85 rows x 24 columns]
              timestamp time_elapsed  ... severity_rate_patch Gradient_sr2
0   2026-01-23 16:07:51       0m 25s  ...                1.74         0.04
1   2026-01-23 16:08:17       0m 25s  ...                4.36         0.11
2   2026-01-23 16:08:42       0m 26s  ...                0.85         0.02
3   2026-01-23 16:09:09       0m 29s  ...               25.47         0.67
4   2026-01-23 16:09:38       0m 30s  ...               37.39         0.99
..                  ...          ...  ...                 ...          ...
81  2026-01-23 16:46:56       0m 36s  ...               85.45         2.50
82  2026-01-23 16:47:33       0m 29s  ...                9.54         0.25
83  2026-01-23 16:48:02       0m 30s  ...               23.32         0.63
84  2026-01-23 16:48:32       0m 27s  ...                7.13         0.16
85  2026-01-23 16:48:59       0m 26s  ...                6.06         0.16

[86 rows x 24 columns]
              timestamp time_elapsed  ... severity_rate_patch Gradient_sr2
0   2026-01-23 16:07:51       0m 25s  ...                1.74         0.04
1   2026-01-23 16:08:17       0m 25s  ...                4.36         0.11
2   2026-01-23 16:08:42       0m 26s  ...                0.85         0.02
3   2026-01-23 16:09:09       0m 29s  ...               25.47         0.67
4   2026-01-23 16:09:38       0m 30s  ...               37.39         0.99
..                  ...          ...  ...                 ...          ...
82  2026-01-23 16:47:33       0m 29s  ...                9.54         0.25
83  2026-01-23 16:48:02       0m 30s  ...               23.32         0.63
84  2026-01-23 16:48:32       0m 27s  ...                7.13         0.16
85  2026-01-23 16:48:59       0m 26s  ...                6.06         0.16
86  2026-01-23 16:49:26       0m 26s  ...                1.20         0.03

[87 rows x 24 columns]
[2026-01-23 16:54:44,606] - [root] - [INFO] - Analysis finished: 0m 39s
[2026-01-23 16:54:44,606] - [root] - [INFO] - -------------------------------------------
[2026-01-23 16:54:44,606] - [root] - [INFO] - -------------------------------------------
[2026-01-23 16:54:44,607] - [root] - [INFO] - Processing 1-22-2026 5dpi 254-W2021010-352_R2.png
[2026-01-23 16:55:01,841] - [root] - [INFO] - Finished loading mask: 0m 17s
[2026-01-23 16:55:08,752] - [root] - [INFO] - Finished crop and inference: 0m 24s
[2026-01-23 16:55:10,264] - [root] - [INFO] - Analysis finished: 0m 25s
[2026-01-23 16:55:10,264] - [root] - [INFO] - -------------------------------------------
[2026-01-23 16:55:10,264] - [root] - [INFO] - -------------------------------------------
[2026-01-23 16:55:10,264] - [root] - [INFO] - Processing 1-22-2026 5dpi 266-W2021009-193_R1.png
[2026-01-23 16:55:27,310] - [root] - [INFO] - Finished loading mask: 0m 17s
[2026-01-23 16:55:35,935] - [root] - [INFO] - Finished crop and inference: 0m 25s
[2026-01-23 16:55:37,408] - [root] - [INFO] - Analysis finished: 0m 27s
[2026-01-23 16:55:37,408] - [root] - [INFO] - -------------------------------------------
[2026-01-23 16:55:37,408] - [root] - [INFO] - -------------------------------------------
[2026-01-23 16:55:37,408] - [root] - [INFO] - Processing 1-22-2026 5dpi 313-W2021010-343_R1.png
[2026-01-23 16:55:54,242] - [root] - [INFO] - Finished loading mask: 0m 16s
[2026-01-23 16:56:02,144] - [root] - [INFO] - Finished crop and inference: 0m 24s
[2026-01-23 16:56:03,633] - [root] - [INFO] - Analysis finished: 0m 26s
[2026-01-23 16:56:03,633] - [root] - [INFO] - -------------------------------------------
[2026-01-23 16:56:03,633] - [root] - [INFO] - -------------------------------------------
[2026-01-23 16:56:03,633] - [root] - [INFO] - Processing 1-22-2026 5dpi 336-W2021011-506_R2.png
[2026-01-23 16:56:20,443] - [root] - [INFO] - Finished loading mask: 0m 16s
[2026-01-23 16:56:34,323] - [root] - [INFO] - Finished crop and inference: 0m 30s
[2026-01-23 16:56:35,852] - [root] - [INFO] - Analysis finished: 0m 32s
[2026-01-23 16:56:35,852] - [root] - [INFO] - -------------------------------------------
[2026-01-23 16:56:35,876] - [root] - [INFO] - Saved C:\Users\Intel User\Desktop\blackbird_scripts\data\Results\ResNet_upth0.6_downth0.1_Jan22_10-21-00_2026\1-22-2026\th_0.7\severity_rate_tray_5dpi.csv
              timestamp time_elapsed  ... severity_rate_patch Gradient_sr2
0   2026-01-23 16:07:51       0m 25s  ...                1.74         0.04
1   2026-01-23 16:08:17       0m 25s  ...                4.36         0.11
2   2026-01-23 16:08:42       0m 26s  ...                0.85         0.02
3   2026-01-23 16:09:09       0m 29s  ...               25.47         0.67
4   2026-01-23 16:09:38       0m 30s  ...               37.39         0.99
..                  ...          ...  ...                 ...          ...
83  2026-01-23 16:48:02       0m 30s  ...               23.32         0.63
84  2026-01-23 16:48:32       0m 27s  ...                7.13         0.16
85  2026-01-23 16:48:59       0m 26s  ...                6.06         0.16
86  2026-01-23 16:49:26       0m 26s  ...                1.20         0.03
87  2026-01-23 16:49:53       0m 30s  ...               31.65         0.76

[88 rows x 24 columns]
              timestamp time_elapsed  ... severity_rate_patch Gradient_sr2
0   2026-01-23 16:07:51       0m 25s  ...                1.74         0.04
1   2026-01-23 16:08:17       0m 25s  ...                4.36         0.11
2   2026-01-23 16:08:42       0m 26s  ...                0.85         0.02
3   2026-01-23 16:09:09       0m 29s  ...               25.47         0.67
4   2026-01-23 16:09:38       0m 30s  ...               37.39         0.99
..                  ...          ...  ...                 ...          ...
84  2026-01-23 16:48:32       0m 27s  ...                7.13         0.16
85  2026-01-23 16:48:59       0m 26s  ...                6.06         0.16
86  2026-01-23 16:49:26       0m 26s  ...                1.20         0.03
87  2026-01-23 16:49:53       0m 30s  ...               31.65         0.76
88  2026-01-23 16:50:23       0m 32s  ...               42.68         1.19

[89 rows x 24 columns]
              timestamp time_elapsed  ... severity_rate_patch Gradient_sr2
0   2026-01-23 16:07:51       0m 25s  ...                1.74         0.04
1   2026-01-23 16:08:17       0m 25s  ...                4.36         0.11
2   2026-01-23 16:08:42       0m 26s  ...                0.85         0.02
3   2026-01-23 16:09:09       0m 29s  ...               25.47         0.67
4   2026-01-23 16:09:38       0m 30s  ...               37.39         0.99
..                  ...          ...  ...                 ...          ...
85  2026-01-23 16:48:59       0m 26s  ...                6.06         0.16
86  2026-01-23 16:49:26       0m 26s  ...                1.20         0.03
87  2026-01-23 16:49:53       0m 30s  ...               31.65         0.76
88  2026-01-23 16:50:23       0m 32s  ...               42.68         1.19
89  2026-01-23 16:50:56       0m 29s  ...               14.13         0.40

[90 rows x 24 columns]
              timestamp time_elapsed  ... severity_rate_patch Gradient_sr2
0   2026-01-23 16:07:51       0m 25s  ...                1.74         0.04
1   2026-01-23 16:08:17       0m 25s  ...                4.36         0.11
2   2026-01-23 16:08:42       0m 26s  ...                0.85         0.02
3   2026-01-23 16:09:09       0m 29s  ...               25.47         0.67
4   2026-01-23 16:09:38       0m 30s  ...               37.39         0.99
..                  ...          ...  ...                 ...          ...
86  2026-01-23 16:49:26       0m 26s  ...                1.20         0.03
87  2026-01-23 16:49:53       0m 30s  ...               31.65         0.76
88  2026-01-23 16:50:23       0m 32s  ...               42.68         1.19
89  2026-01-23 16:50:56       0m 29s  ...               14.13         0.40
90  2026-01-23 16:51:26       0m 27s  ...               11.52         0.30

[91 rows x 24 columns]
              timestamp time_elapsed  ... severity_rate_patch Gradient_sr2
0   2026-01-23 16:07:51       0m 25s  ...                1.74         0.04
1   2026-01-23 16:08:17       0m 25s  ...                4.36         0.11
2   2026-01-23 16:08:42       0m 26s  ...                0.85         0.02
3   2026-01-23 16:09:09       0m 29s  ...               25.47         0.67
4   2026-01-23 16:09:38       0m 30s  ...               37.39         0.99
..                  ...          ...  ...                 ...          ...
87  2026-01-23 16:49:53       0m 30s  ...               31.65         0.76
88  2026-01-23 16:50:23       0m 32s  ...               42.68         1.19
89  2026-01-23 16:50:56       0m 29s  ...               14.13         0.40
90  2026-01-23 16:51:26       0m 27s  ...               11.52         0.30
91  2026-01-23 16:51:54       0m 31s  ...               45.04         1.15

[92 rows x 24 columns]
              timestamp time_elapsed  ... severity_rate_patch Gradient_sr2
0   2026-01-23 16:07:51       0m 25s  ...                1.74         0.04
1   2026-01-23 16:08:17       0m 25s  ...                4.36         0.11
2   2026-01-23 16:08:42       0m 26s  ...                0.85         0.02
3   2026-01-23 16:09:09       0m 29s  ...               25.47         0.67
4   2026-01-23 16:09:38       0m 30s  ...               37.39         0.99
..                  ...          ...  ...                 ...          ...
88  2026-01-23 16:50:23       0m 32s  ...               42.68         1.19
89  2026-01-23 16:50:56       0m 29s  ...               14.13         0.40
90  2026-01-23 16:51:26       0m 27s  ...               11.52         0.30
91  2026-01-23 16:51:54       0m 31s  ...               45.04         1.15
92  2026-01-23 16:52:25       0m 28s  ...               13.53         0.35

[93 rows x 24 columns]
              timestamp time_elapsed  ... severity_rate_patch Gradient_sr2
0   2026-01-23 16:07:51       0m 25s  ...                1.74         0.04
1   2026-01-23 16:08:17       0m 25s  ...                4.36         0.11
2   2026-01-23 16:08:42       0m 26s  ...                0.85         0.02
3   2026-01-23 16:09:09       0m 29s  ...               25.47         0.67
4   2026-01-23 16:09:38       0m 30s  ...               37.39         0.99
..                  ...          ...  ...                 ...          ...
89  2026-01-23 16:50:56       0m 29s  ...               14.13         0.40
90  2026-01-23 16:51:26       0m 27s  ...               11.52         0.30
91  2026-01-23 16:51:54       0m 31s  ...               45.04         1.15
92  2026-01-23 16:52:25       0m 28s  ...               13.53         0.35
93  2026-01-23 16:52:54       0m 41s  ...               98.85         3.20

[94 rows x 24 columns]
              timestamp time_elapsed  ... severity_rate_patch Gradient_sr2
0   2026-01-23 16:07:51       0m 25s  ...                1.74         0.04
1   2026-01-23 16:08:17       0m 25s  ...                4.36         0.11
2   2026-01-23 16:08:42       0m 26s  ...                0.85         0.02
3   2026-01-23 16:09:09       0m 29s  ...               25.47         0.67
4   2026-01-23 16:09:38       0m 30s  ...               37.39         0.99
..                  ...          ...  ...                 ...          ...
90  2026-01-23 16:51:26       0m 27s  ...               11.52         0.30
91  2026-01-23 16:51:54       0m 31s  ...               45.04         1.15
92  2026-01-23 16:52:25       0m 28s  ...               13.53         0.35
93  2026-01-23 16:52:54       0m 41s  ...               98.85         3.20
94  2026-01-23 16:53:36       0m 29s  ...               17.16         0.48

[95 rows x 24 columns]
              timestamp time_elapsed  ... severity_rate_patch Gradient_sr2
0   2026-01-23 16:07:51       0m 25s  ...                1.74         0.04
1   2026-01-23 16:08:17       0m 25s  ...                4.36         0.11
2   2026-01-23 16:08:42       0m 26s  ...                0.85         0.02
3   2026-01-23 16:09:09       0m 29s  ...               25.47         0.67
4   2026-01-23 16:09:38       0m 30s  ...               37.39         0.99
..                  ...          ...  ...                 ...          ...
91  2026-01-23 16:51:54       0m 31s  ...               45.04         1.15
92  2026-01-23 16:52:25       0m 28s  ...               13.53         0.35
93  2026-01-23 16:52:54       0m 41s  ...               98.85         3.20
94  2026-01-23 16:53:36       0m 29s  ...               17.16         0.48
95  2026-01-23 16:54:05       0m 39s  ...               83.68         2.54

[96 rows x 24 columns]
              timestamp time_elapsed  ... severity_rate_patch Gradient_sr2
0   2026-01-23 16:07:51       0m 25s  ...                1.74         0.04
1   2026-01-23 16:08:17       0m 25s  ...                4.36         0.11
2   2026-01-23 16:08:42       0m 26s  ...                0.85         0.02
3   2026-01-23 16:09:09       0m 29s  ...               25.47         0.67
4   2026-01-23 16:09:38       0m 30s  ...               37.39         0.99
..                  ...          ...  ...                 ...          ...
92  2026-01-23 16:52:25       0m 28s  ...               13.53         0.35
93  2026-01-23 16:52:54       0m 41s  ...               98.85         3.20
94  2026-01-23 16:53:36       0m 29s  ...               17.16         0.48
95  2026-01-23 16:54:05       0m 39s  ...               83.68         2.54
96  2026-01-23 16:54:44       0m 25s  ...                2.20         0.06

[97 rows x 24 columns]
              timestamp time_elapsed  ... severity_rate_patch Gradient_sr2
0   2026-01-23 16:07:51       0m 25s  ...                1.74         0.04
1   2026-01-23 16:08:17       0m 25s  ...                4.36         0.11
2   2026-01-23 16:08:42       0m 26s  ...                0.85         0.02
3   2026-01-23 16:09:09       0m 29s  ...               25.47         0.67
4   2026-01-23 16:09:38       0m 30s  ...               37.39         0.99
..                  ...          ...  ...                 ...          ...
93  2026-01-23 16:52:54       0m 41s  ...               98.85         3.20
94  2026-01-23 16:53:36       0m 29s  ...               17.16         0.48
95  2026-01-23 16:54:05       0m 39s  ...               83.68         2.54
96  2026-01-23 16:54:44       0m 25s  ...                2.20         0.06
97  2026-01-23 16:55:10       0m 27s  ...               10.16         0.27

[98 rows x 24 columns]
              timestamp time_elapsed  ... severity_rate_patch Gradient_sr2
0   2026-01-23 16:07:51       0m 25s  ...                1.74         0.04
1   2026-01-23 16:08:17       0m 25s  ...                4.36         0.11
2   2026-01-23 16:08:42       0m 26s  ...                0.85         0.02
3   2026-01-23 16:09:09       0m 29s  ...               25.47         0.67
4   2026-01-23 16:09:38       0m 30s  ...               37.39         0.99
..                  ...          ...  ...                 ...          ...
94  2026-01-23 16:53:36       0m 29s  ...               17.16         0.48
95  2026-01-23 16:54:05       0m 39s  ...               83.68         2.54
96  2026-01-23 16:54:44       0m 25s  ...                2.20         0.06
97  2026-01-23 16:55:10       0m 27s  ...               10.16         0.27
98  2026-01-23 16:55:37       0m 26s  ...                4.23         0.11

[99 rows x 24 columns]
              timestamp time_elapsed  ... severity_rate_patch Gradient_sr2
0   2026-01-23 16:07:51       0m 25s  ...                1.74         0.04
1   2026-01-23 16:08:17       0m 25s  ...                4.36         0.11
2   2026-01-23 16:08:42       0m 26s  ...                0.85         0.02
3   2026-01-23 16:09:09       0m 29s  ...               25.47         0.67
4   2026-01-23 16:09:38       0m 30s  ...               37.39         0.99
..                  ...          ...  ...                 ...          ...
95  2026-01-23 16:54:05       0m 39s  ...               83.68         2.54
96  2026-01-23 16:54:44       0m 25s  ...                2.20         0.06
97  2026-01-23 16:55:10       0m 27s  ...               10.16         0.27
98  2026-01-23 16:55:37       0m 26s  ...                4.23         0.11
99  2026-01-23 16:56:03       0m 32s  ...               47.28         1.25

[100 rows x 24 columns]

real	48m52.283s
user	0m0.015s
sys	0m0.000s
