[2026-01-23 16:08:06,980] - [root] - [INFO] - leaf_correlation_mw.py
[2026-01-23 16:08:06,980] - [root] - [INFO] - model_type       : ResNet
[2026-01-23 16:08:06,980] - [root] - [INFO] - pretrained       : True
[2026-01-23 16:08:06,980] - [root] - [INFO] - loading_epoch    : 65
[2026-01-23 16:08:06,980] - [root] - [INFO] - timestamp        : Jan22_10-21-00_2026
[2026-01-23 16:08:06,980] - [root] - [INFO] - outdim           : 2
[2026-01-23 16:08:06,980] - [root] - [INFO] - dual_head        : True
[2026-01-23 16:08:06,982] - [root] - [INFO] - model_path       : ../..
[2026-01-23 16:08:06,982] - [root] - [INFO] - step_size        : 224
[2026-01-23 16:08:06,982] - [root] - [INFO] - means            : [0.541, 0.6371, 0.4188]
[2026-01-23 16:08:06,982] - [root] - [INFO] - stds             : [0.1764, 0.165, 0.2326]
[2026-01-23 16:08:06,982] - [root] - [INFO] - target_class     : 1
[2026-01-23 16:08:06,982] - [root] - [INFO] - contam_control   : False
[2026-01-23 16:08:06,982] - [root] - [INFO] - spor_th          : 0.9
[2026-01-23 16:08:06,982] - [root] - [INFO] - inf_gate         : 0.4
[2026-01-23 16:08:06,982] - [root] - [INFO] - pm               : HPM-1269
[2026-01-23 16:08:06,982] - [root] - [INFO] - mps              : False
[2026-01-23 16:08:06,982] - [root] - [INFO] - cuda             : True
[2026-01-23 16:08:06,982] - [root] - [INFO] - cuda_id          : 0
[2026-01-23 16:08:06,982] - [root] - [INFO] - sal_threshold    : 0.5
[2026-01-23 16:08:06,982] - [root] - [INFO] - up_threshold     : 0.6
[2026-01-23 16:08:06,982] - [root] - [INFO] - down_threshold   : 0.1
[2026-01-23 16:08:06,982] - [root] - [INFO] - dataset_path     : C:/Users/Intel User/Desktop/blackbird_scripts/data/human_disk_assessments
[2026-01-23 16:08:06,982] - [root] - [INFO] - img_folder       : 1-22-2026
[2026-01-23 16:08:06,982] - [root] - [INFO] - platform         : BlackBird
[2026-01-23 16:08:06,982] - [root] - [INFO] - threshold        : ['0.7']
[2026-01-23 16:08:06,983] - [root] - [INFO] - log              : ../../results/logs/random.log
[2026-01-23 16:08:06,983] - [root] - [INFO] - dpi              : 5
[2026-01-23 16:08:06,983] - [root] - [INFO] - group            : baseline
[2026-01-23 16:08:06,983] - [root] - [INFO] - trays            : ['5dpi']
[2026-01-23 16:08:06,983] - [root] - [INFO] - sal_gradcam      : False
[2026-01-23 16:08:06,983] - [root] - [INFO] - sal_gradient     : True
[2026-01-23 16:08:06,983] - [root] - [INFO] - sal_smoothgrad   : False
[2026-01-23 16:08:06,983] - [root] - [INFO] - sal_deeplift     : False
[2026-01-23 16:08:06,983] - [root] - [INFO] - sal_thresh_method : fixed
[2026-01-23 16:08:06,983] - [root] - [INFO] - sal_thresh_p     : 95.0
[2026-01-23 16:08:07,807] - [root] - [INFO] - -------------------------------------------
[2026-01-23 16:08:07,807] - [root] - [INFO] - Processing 1-22-2026 5dpi 002-W2021006-081_R1.png
[2026-01-23 16:08:23,989] - [root] - [INFO] - Finished loading mask: 0m 16s
[2026-01-23 16:08:31,996] - [root] - [INFO] - Finished crop and inference: 0m 24s
[2026-01-23 16:08:33,564] - [root] - [INFO] - Analysis finished: 0m 25s
[2026-01-23 16:08:33,564] - [root] - [INFO] - -------------------------------------------
[2026-01-23 16:08:33,564] - [root] - [INFO] - -------------------------------------------
[2026-01-23 16:08:33,564] - [root] - [INFO] - Processing 1-22-2026 5dpi 002-W2021010-336_R2.png
[2026-01-23 16:08:49,753] - [root] - [INFO] - Finished loading mask: 0m 16s
[2026-01-23 16:08:57,417] - [root] - [INFO] - Finished crop and inference: 0m 23s
[2026-01-23 16:08:58,890] - [root] - [INFO] - Analysis finished: 0m 25s
[2026-01-23 16:08:58,890] - [root] - [INFO] - -------------------------------------------
[2026-01-23 16:08:58,891] - [root] - [INFO] - -------------------------------------------
[2026-01-23 16:08:58,891] - [root] - [INFO] - Processing 1-22-2026 5dpi 005-W2021011-592_R2.png
[2026-01-23 16:09:15,618] - [root] - [INFO] - Finished loading mask: 0m 16s
[2026-01-23 16:09:23,844] - [root] - [INFO] - Finished crop and inference: 0m 24s
[2026-01-23 16:09:25,323] - [root] - [INFO] - Analysis finished: 0m 26s
[2026-01-23 16:09:25,323] - [root] - [INFO] - -------------------------------------------
[2026-01-23 16:09:25,323] - [root] - [INFO] - -------------------------------------------
[2026-01-23 16:09:25,323] - [root] - [INFO] - Processing 1-22-2026 5dpi 009-W2021010-311_R2.png
[2026-01-23 16:09:42,463] - [root] - [INFO] - Finished loading mask: 0m 17s
[2026-01-23 16:09:53,537] - [root] - [INFO] - Finished crop and inference: 0m 28s
[2026-01-23 16:09:54,982] - [root] - [INFO] - Analysis finished: 0m 29s
[2026-01-23 16:09:54,982] - [root] - [INFO] - -------------------------------------------
[2026-01-23 16:09:54,982] - [root] - [INFO] - -------------------------------------------
[2026-01-23 16:09:54,982] - [root] - [INFO] - Processing 1-22-2026 5dpi 010-W2021010-347_R2.png
[2026-01-23 16:10:12,168] - [root] - [INFO] - Finished loading mask: 0m 17s
[2026-01-23 16:10:23,983] - [root] - [INFO] - Finished crop and inference: 0m 29s
[2026-01-23 16:10:25,495] - [root] - [INFO] - Analysis finished: 0m 30s
[2026-01-23 16:10:25,495] - [root] - [INFO] - -------------------------------------------
[2026-01-23 16:10:25,495] - [root] - [INFO] - -------------------------------------------
[2026-01-23 16:10:25,495] - [root] - [INFO] - Processing 1-22-2026 5dpi 013-W2021009-172_R2.png
[2026-01-23 16:10:41,713] - [root] - [INFO] - Finished loading mask: 0m 16s
[2026-01-23 16:10:49,528] - [root] - [INFO] - Finished crop and inference: 0m 24s
[2026-01-23 16:10:51,021] - [root] - [INFO] - Analysis finished: 0m 25s
[2026-01-23 16:10:51,021] - [root] - [INFO] - -------------------------------------------
[2026-01-23 16:10:51,021] - [root] - [INFO] - -------------------------------------------
[2026-01-23 16:10:51,021] - [root] - [INFO] - Processing 1-22-2026 5dpi 015-W2021009-160_R1.png
[2026-01-23 16:11:08,080] - [root] - [INFO] - Finished loading mask: 0m 17s
[2026-01-23 16:11:19,751] - [root] - [INFO] - Finished crop and inference: 0m 28s
[2026-01-23 16:11:21,190] - [root] - [INFO] - Analysis finished: 0m 30s
[2026-01-23 16:11:21,190] - [root] - [INFO] - -------------------------------------------
[2026-01-23 16:11:21,190] - [root] - [INFO] - -------------------------------------------
[2026-01-23 16:11:21,190] - [root] - [INFO] - Processing 1-22-2026 5dpi 015-W2021011-633_R1.png
[2026-01-23 16:11:38,257] - [root] - [INFO] - Finished loading mask: 0m 17s
[2026-01-23 16:11:49,013] - [root] - [INFO] - Finished crop and inference: 0m 27s
[2026-01-23 16:11:50,486] - [root] - [INFO] - Analysis finished: 0m 29s
[2026-01-23 16:11:50,486] - [root] - [INFO] - -------------------------------------------
[2026-01-23 16:11:50,486] - [root] - [INFO] - -------------------------------------------
[2026-01-23 16:11:50,486] - [root] - [INFO] - Processing 1-22-2026 5dpi 017-W2021006-612_R2.png
[2026-01-23 16:12:07,485] - [root] - [INFO] - Finished loading mask: 0m 16s
[2026-01-23 16:12:17,948] - [root] - [INFO] - Finished crop and inference: 0m 27s
[2026-01-23 16:12:19,405] - [root] - [INFO] - Analysis finished: 0m 28s
[2026-01-23 16:12:19,405] - [root] - [INFO] - -------------------------------------------
[2026-01-23 16:12:19,406] - [root] - [INFO] - -------------------------------------------
[2026-01-23 16:12:19,406] - [root] - [INFO] - Processing 1-22-2026 5dpi 019-W2021010-428_R2.png
[2026-01-23 16:12:36,067] - [root] - [INFO] - Finished loading mask: 0m 16s
[2026-01-23 16:12:43,616] - [root] - [INFO] - Finished crop and inference: 0m 24s
[2026-01-23 16:12:45,129] - [root] - [INFO] - Analysis finished: 0m 25s
[2026-01-23 16:12:45,129] - [root] - [INFO] - -------------------------------------------
[2026-01-23 16:12:45,130] - [root] - [INFO] - -------------------------------------------
[2026-01-23 16:12:45,130] - [root] - [INFO] - Processing 1-22-2026 5dpi 021-W2021009-175_R1.png
[2026-01-23 16:13:01,329] - [root] - [INFO] - Finished loading mask: 0m 16s
[2026-01-23 16:13:09,661] - [root] - [INFO] - Finished crop and inference: 0m 24s
[2026-01-23 16:13:11,144] - [root] - [INFO] - Analysis finished: 0m 26s
[2026-01-23 16:13:11,144] - [root] - [INFO] - -------------------------------------------
[2026-01-23 16:13:11,144] - [root] - [INFO] - -------------------------------------------
[2026-01-23 16:13:11,144] - [root] - [INFO] - Processing 1-22-2026 5dpi 022-W2021009-198_R2.png
[2026-01-23 16:13:28,212] - [root] - [INFO] - Finished loading mask: 0m 17s
[2026-01-23 16:13:38,674] - [root] - [INFO] - Finished crop and inference: 0m 27s
[2026-01-23 16:13:40,129] - [root] - [INFO] - Analysis finished: 0m 28s
[2026-01-23 16:13:40,129] - [root] - [INFO] - -------------------------------------------
[2026-01-23 16:13:40,129] - [root] - [INFO] - -------------------------------------------
[2026-01-23 16:13:40,129] - [root] - [INFO] - Processing 1-22-2026 5dpi 023-W2021006-049_R1.png
[2026-01-23 16:13:56,645] - [root] - [INFO] - Finished loading mask: 0m 16s
[2026-01-23 16:14:06,186] - [root] - [INFO] - Finished crop and inference: 0m 26s
[2026-01-23 16:14:07,680] - [root] - [INFO] - Analysis finished: 0m 27s
[2026-01-23 16:14:07,681] - [root] - [INFO] - -------------------------------------------
[2026-01-23 16:14:07,681] - [root] - [INFO] - -------------------------------------------
[2026-01-23 16:14:07,681] - [root] - [INFO] - Processing 1-22-2026 5dpi 023-W2021010-305_R2.png
[2026-01-23 16:14:24,429] - [root] - [INFO] - Finished loading mask: 0m 16s
[2026-01-23 16:14:33,391] - [root] - [INFO] - Finished crop and inference: 0m 25s
[2026-01-23 16:14:34,906] - [root] - [INFO] - Analysis finished: 0m 27s
[2026-01-23 16:14:34,906] - [root] - [INFO] - -------------------------------------------
[2026-01-23 16:14:34,906] - [root] - [INFO] - -------------------------------------------
[2026-01-23 16:14:34,906] - [root] - [INFO] - Processing 1-22-2026 5dpi 026-W2021009-622_R2.png
[2026-01-23 16:14:52,196] - [root] - [INFO] - Finished loading mask: 0m 17s
[2026-01-23 16:15:03,696] - [root] - [INFO] - Finished crop and inference: 0m 28s
[2026-01-23 16:15:05,147] - [root] - [INFO] - Analysis finished: 0m 30s
[2026-01-23 16:15:05,147] - [root] - [INFO] - -------------------------------------------
[2026-01-23 16:15:05,147] - [root] - [INFO] - -------------------------------------------
[2026-01-23 16:15:05,147] - [root] - [INFO] - Processing 1-22-2026 5dpi 032-W2021006-041_R2.png
[2026-01-23 16:15:22,232] - [root] - [INFO] - Finished loading mask: 0m 17s
[2026-01-23 16:15:33,049] - [root] - [INFO] - Finished crop and inference: 0m 27s
[2026-01-23 16:15:34,532] - [root] - [INFO] - Analysis finished: 0m 29s
[2026-01-23 16:15:34,532] - [root] - [INFO] - -------------------------------------------
[2026-01-23 16:15:34,532] - [root] - [INFO] - -------------------------------------------
[2026-01-23 16:15:34,532] - [root] - [INFO] - Processing 1-22-2026 5dpi 032-W2021009-155_R1.png
[2026-01-23 16:15:52,245] - [root] - [INFO] - Finished loading mask: 0m 17s
[2026-01-23 16:16:12,139] - [root] - [INFO] - Finished crop and inference: 0m 37s
[2026-01-23 16:16:13,670] - [root] - [INFO] - Analysis finished: 0m 39s
[2026-01-23 16:16:13,670] - [root] - [INFO] - -------------------------------------------
[2026-01-23 16:16:13,670] - [root] - [INFO] - -------------------------------------------
[2026-01-23 16:16:13,670] - [root] - [INFO] - Processing 1-22-2026 5dpi 036-W2021006-047_R2.png
[2026-01-23 16:16:30,389] - [root] - [INFO] - Finished loading mask: 0m 16s
[2026-01-23 16:16:38,183] - [root] - [INFO] - Finished crop and inference: 0m 24s
[2026-01-23 16:16:39,622] - [root] - [INFO] - Analysis finished: 0m 25s
[2026-01-23 16:16:39,622] - [root] - [INFO] - -------------------------------------------
[2026-01-23 16:16:39,622] - [root] - [INFO] - -------------------------------------------
[2026-01-23 16:16:39,622] - [root] - [INFO] - Processing 1-22-2026 5dpi 040-W2021009-207_R1.png
[2026-01-23 16:16:56,388] - [root] - [INFO] - Finished loading mask: 0m 16s
[2026-01-23 16:17:06,926] - [root] - [INFO] - Finished crop and inference: 0m 27s
[2026-01-23 16:17:08,397] - [root] - [INFO] - Analysis finished: 0m 28s
[2026-01-23 16:17:08,397] - [root] - [INFO] - -------------------------------------------
[2026-01-23 16:17:08,397] - [root] - [INFO] - -------------------------------------------
[2026-01-23 16:17:08,397] - [root] - [INFO] - Processing 1-22-2026 5dpi 042-W2021010-429_R1.png
[2026-01-23 16:17:26,128] - [root] - [INFO] - Finished loading mask: 0m 17s
[2026-01-23 16:17:41,729] - [root] - [INFO] - Finished crop and inference: 0m 33s
             timestamp time_elapsed  ... severity_rate_patch Gradient_sr2
0  2026-01-23 16:08:07       0m 25s  ...                1.74         0.04

[1 rows x 24 columns]
             timestamp time_elapsed  ... severity_rate_patch Gradient_sr2
0  2026-01-23 16:08:07       0m 25s  ...                1.74         0.04
1  2026-01-23 16:08:33       0m 25s  ...                4.36         0.11

[2 rows x 24 columns]
             timestamp time_elapsed  ... severity_rate_patch Gradient_sr2
0  2026-01-23 16:08:07       0m 25s  ...                1.74         0.04
1  2026-01-23 16:08:33       0m 25s  ...                4.36         0.11
2  2026-01-23 16:08:58       0m 26s  ...                0.85         0.02

[3 rows x 24 columns]
             timestamp time_elapsed  ... severity_rate_patch Gradient_sr2
0  2026-01-23 16:08:07       0m 25s  ...                1.74         0.04
1  2026-01-23 16:08:33       0m 25s  ...                4.36         0.11
2  2026-01-23 16:08:58       0m 26s  ...                0.85         0.02
3  2026-01-23 16:09:25       0m 29s  ...               25.47         0.67

[4 rows x 24 columns]
             timestamp time_elapsed  ... severity_rate_patch Gradient_sr2
0  2026-01-23 16:08:07       0m 25s  ...                1.74         0.04
1  2026-01-23 16:08:33       0m 25s  ...                4.36         0.11
2  2026-01-23 16:08:58       0m 26s  ...                0.85         0.02
3  2026-01-23 16:09:25       0m 29s  ...               25.47         0.67
4  2026-01-23 16:09:54       0m 30s  ...               37.39         0.99

[5 rows x 24 columns]
             timestamp time_elapsed  ... severity_rate_patch Gradient_sr2
0  2026-01-23 16:08:07       0m 25s  ...                1.74         0.04
1  2026-01-23 16:08:33       0m 25s  ...                4.36         0.11
2  2026-01-23 16:08:58       0m 26s  ...                0.85         0.02
3  2026-01-23 16:09:25       0m 29s  ...               25.47         0.67
4  2026-01-23 16:09:54       0m 30s  ...               37.39         0.99
5  2026-01-23 16:10:25       0m 25s  ...                0.45         0.01

[6 rows x 24 columns]
             timestamp time_elapsed  ... severity_rate_patch Gradient_sr2
0  2026-01-23 16:08:07       0m 25s  ...                1.74         0.04
1  2026-01-23 16:08:33       0m 25s  ...                4.36         0.11
2  2026-01-23 16:08:58       0m 26s  ...                0.85         0.02
3  2026-01-23 16:09:25       0m 29s  ...               25.47         0.67
4  2026-01-23 16:09:54       0m 30s  ...               37.39         0.99
5  2026-01-23 16:10:25       0m 25s  ...                0.45         0.01
6  2026-01-23 16:10:51       0m 30s  ...               38.62         0.91

[7 rows x 24 columns]
             timestamp time_elapsed  ... severity_rate_patch Gradient_sr2
0  2026-01-23 16:08:07       0m 25s  ...                1.74         0.04
1  2026-01-23 16:08:33       0m 25s  ...                4.36         0.11
2  2026-01-23 16:08:58       0m 26s  ...                0.85         0.02
3  2026-01-23 16:09:25       0m 29s  ...               25.47         0.67
4  2026-01-23 16:09:54       0m 30s  ...               37.39         0.99
5  2026-01-23 16:10:25       0m 25s  ...                0.45         0.01
6  2026-01-23 16:10:51       0m 30s  ...               38.62         0.91
7  2026-01-23 16:11:21       0m 29s  ...               19.86         0.56

[8 rows x 24 columns]
             timestamp time_elapsed  ... severity_rate_patch Gradient_sr2
0  2026-01-23 16:08:07       0m 25s  ...                1.74         0.04
1  2026-01-23 16:08:33       0m 25s  ...                4.36         0.11
2  2026-01-23 16:08:58       0m 26s  ...                0.85         0.02
3  2026-01-23 16:09:25       0m 29s  ...               25.47         0.67
4  2026-01-23 16:09:54       0m 30s  ...               37.39         0.99
5  2026-01-23 16:10:25       0m 25s  ...                0.45         0.01
6  2026-01-23 16:10:51       0m 30s  ...               38.62         0.91
7  2026-01-23 16:11:21       0m 29s  ...               19.86         0.56
8  2026-01-23 16:11:50       0m 28s  ...               39.61         1.05

[9 rows x 24 columns]
             timestamp time_elapsed  ... severity_rate_patch Gradient_sr2
0  2026-01-23 16:08:07       0m 25s  ...                1.74         0.04
1  2026-01-23 16:08:33       0m 25s  ...                4.36         0.11
2  2026-01-23 16:08:58       0m 26s  ...                0.85         0.02
3  2026-01-23 16:09:25       0m 29s  ...               25.47         0.67
4  2026-01-23 16:09:54       0m 30s  ...               37.39         0.99
5  2026-01-23 16:10:25       0m 25s  ...                0.45         0.01
6  2026-01-23 16:10:51       0m 30s  ...               38.62         0.91
7  2026-01-23 16:11:21       0m 29s  ...               19.86         0.56
8  2026-01-23 16:11:50       0m 28s  ...               39.61         1.05
9  2026-01-23 16:12:19       0m 25s  ...                1.79         0.05

[10 rows x 24 columns]
              timestamp time_elapsed  ... severity_rate_patch Gradient_sr2
0   2026-01-23 16:08:07       0m 25s  ...                1.74         0.04
1   2026-01-23 16:08:33       0m 25s  ...                4.36         0.11
2   2026-01-23 16:08:58       0m 26s  ...                0.85         0.02
3   2026-01-23 16:09:25       0m 29s  ...               25.47         0.67
4   2026-01-23 16:09:54       0m 30s  ...               37.39         0.99
5   2026-01-23 16:10:25       0m 25s  ...                0.45         0.01
6   2026-01-23 16:10:51       0m 30s  ...               38.62         0.91
7   2026-01-23 16:11:21       0m 29s  ...               19.86         0.56
8   2026-01-23 16:11:50       0m 28s  ...               39.61         1.05
9   2026-01-23 16:12:19       0m 25s  ...                1.79         0.05
10  2026-01-23 16:12:45       0m 25s  ...                2.79         0.07

[11 rows x 24 columns]
              timestamp time_elapsed  ... severity_rate_patch Gradient_sr2
0   2026-01-23 16:08:07       0m 25s  ...                1.74         0.04
1   2026-01-23 16:08:33       0m 25s  ...                4.36         0.11
2   2026-01-23 16:08:58       0m 26s  ...                0.85         0.02
3   2026-01-23 16:09:25       0m 29s  ...               25.47         0.67
4   2026-01-23 16:09:54       0m 30s  ...               37.39         0.99
5   2026-01-23 16:10:25       0m 25s  ...                0.45         0.01
6   2026-01-23 16:10:51       0m 30s  ...               38.62         0.91
7   2026-01-23 16:11:21       0m 29s  ...               19.86         0.56
8   2026-01-23 16:11:50       0m 28s  ...               39.61         1.05
9   2026-01-23 16:12:19       0m 25s  ...                1.79         0.05
10  2026-01-23 16:12:45       0m 25s  ...                2.79         0.07
11  2026-01-23 16:13:11       0m 28s  ...               20.77         0.49

[12 rows x 24 columns]
              timestamp time_elapsed  ... severity_rate_patch Gradient_sr2
0   2026-01-23 16:08:07       0m 25s  ...                1.74         0.04
1   2026-01-23 16:08:33       0m 25s  ...                4.36         0.11
2   2026-01-23 16:08:58       0m 26s  ...                0.85         0.02
3   2026-01-23 16:09:25       0m 29s  ...               25.47         0.67
4   2026-01-23 16:09:54       0m 30s  ...               37.39         0.99
5   2026-01-23 16:10:25       0m 25s  ...                0.45         0.01
6   2026-01-23 16:10:51       0m 30s  ...               38.62         0.91
7   2026-01-23 16:11:21       0m 29s  ...               19.86         0.56
8   2026-01-23 16:11:50       0m 28s  ...               39.61         1.05
9   2026-01-23 16:12:19       0m 25s  ...                1.79         0.05
10  2026-01-23 16:12:45       0m 25s  ...                2.79         0.07
11  2026-01-23 16:13:11       0m 28s  ...               20.77         0.49
12  2026-01-23 16:13:40       0m 27s  ...               20.60         0.51

[13 rows x 24 columns]
[2026-01-23 16:17:43,256] - [root] - [INFO] - Analysis finished: 0m 34s
[2026-01-23 16:17:43,256] - [root] - [INFO] - -------------------------------------------
[2026-01-23 16:17:43,256] - [root] - [INFO] - -------------------------------------------
[2026-01-23 16:17:43,256] - [root] - [INFO] - Processing 1-22-2026 5dpi 044-W2021009-169_R2.png
[2026-01-23 16:17:59,741] - [root] - [INFO] - Finished loading mask: 0m 16s
[2026-01-23 16:18:07,507] - [root] - [INFO] - Finished crop and inference: 0m 24s
[2026-01-23 16:18:09,037] - [root] - [INFO] - Analysis finished: 0m 25s
[2026-01-23 16:18:09,037] - [root] - [INFO] - -------------------------------------------
[2026-01-23 16:18:09,037] - [root] - [INFO] - -------------------------------------------
[2026-01-23 16:18:09,037] - [root] - [INFO] - Processing 1-22-2026 5dpi 044-W2021009-618_R1.png
[2026-01-23 16:18:25,984] - [root] - [INFO] - Finished loading mask: 0m 16s
[2026-01-23 16:18:36,005] - [root] - [INFO] - Finished crop and inference: 0m 26s
[2026-01-23 16:18:37,493] - [root] - [INFO] - Analysis finished: 0m 28s
[2026-01-23 16:18:37,494] - [root] - [INFO] - -------------------------------------------
[2026-01-23 16:18:37,494] - [root] - [INFO] - -------------------------------------------
[2026-01-23 16:18:37,494] - [root] - [INFO] - Processing 1-22-2026 5dpi 047-W2021011-482_R1.png
[2026-01-23 16:18:55,125] - [root] - [INFO] - Finished loading mask: 0m 17s
[2026-01-23 16:19:07,365] - [root] - [INFO] - Finished crop and inference: 0m 29s
[2026-01-23 16:19:08,816] - [root] - [INFO] - Analysis finished: 0m 31s
[2026-01-23 16:19:08,816] - [root] - [INFO] - -------------------------------------------
[2026-01-23 16:19:08,816] - [root] - [INFO] - -------------------------------------------
[2026-01-23 16:19:08,816] - [root] - [INFO] - Processing 1-22-2026 5dpi 048-W2021006-147_R1.png
[2026-01-23 16:19:24,779] - [root] - [INFO] - Finished loading mask: 0m 15s
[2026-01-23 16:19:31,085] - [root] - [INFO] - Finished crop and inference: 0m 22s
              timestamp time_elapsed  ... severity_rate_patch Gradient_sr2
0   2026-01-23 16:08:07       0m 25s  ...                1.74         0.04
1   2026-01-23 16:08:33       0m 25s  ...                4.36         0.11
2   2026-01-23 16:08:58       0m 26s  ...                0.85         0.02
3   2026-01-23 16:09:25       0m 29s  ...               25.47         0.67
4   2026-01-23 16:09:54       0m 30s  ...               37.39         0.99
5   2026-01-23 16:10:25       0m 25s  ...                0.45         0.01
6   2026-01-23 16:10:51       0m 30s  ...               38.62         0.91
7   2026-01-23 16:11:21       0m 29s  ...               19.86         0.56
8   2026-01-23 16:11:50       0m 28s  ...               39.61         1.05
9   2026-01-23 16:12:19       0m 25s  ...                1.79         0.05
10  2026-01-23 16:12:45       0m 25s  ...                2.79         0.07
11  2026-01-23 16:13:11       0m 28s  ...               20.77         0.49
12  2026-01-23 16:13:40       0m 27s  ...               20.60         0.51
13  2026-01-23 16:14:07       0m 27s  ...               15.28         0.35

[14 rows x 24 columns]
              timestamp time_elapsed  ... severity_rate_patch Gradient_sr2
0   2026-01-23 16:08:07       0m 25s  ...                1.74         0.04
1   2026-01-23 16:08:33       0m 25s  ...                4.36         0.11
2   2026-01-23 16:08:58       0m 26s  ...                0.85         0.02
3   2026-01-23 16:09:25       0m 29s  ...               25.47         0.67
4   2026-01-23 16:09:54       0m 30s  ...               37.39         0.99
5   2026-01-23 16:10:25       0m 25s  ...                0.45         0.01
6   2026-01-23 16:10:51       0m 30s  ...               38.62         0.91
7   2026-01-23 16:11:21       0m 29s  ...               19.86         0.56
8   2026-01-23 16:11:50       0m 28s  ...               39.61         1.05
9   2026-01-23 16:12:19       0m 25s  ...                1.79         0.05
10  2026-01-23 16:12:45       0m 25s  ...                2.79         0.07
11  2026-01-23 16:13:11       0m 28s  ...               20.77         0.49
12  2026-01-23 16:13:40       0m 27s  ...               20.60         0.51
13  2026-01-23 16:14:07       0m 27s  ...               15.28         0.35
14  2026-01-23 16:14:34       0m 30s  ...               30.18         0.79

[15 rows x 24 columns]
              timestamp time_elapsed  ... severity_rate_patch Gradient_sr2
0   2026-01-23 16:08:07       0m 25s  ...                1.74         0.04
1   2026-01-23 16:08:33       0m 25s  ...                4.36         0.11
2   2026-01-23 16:08:58       0m 26s  ...                0.85         0.02
3   2026-01-23 16:09:25       0m 29s  ...               25.47         0.67
4   2026-01-23 16:09:54       0m 30s  ...               37.39         0.99
5   2026-01-23 16:10:25       0m 25s  ...                0.45         0.01
6   2026-01-23 16:10:51       0m 30s  ...               38.62         0.91
7   2026-01-23 16:11:21       0m 29s  ...               19.86         0.56
8   2026-01-23 16:11:50       0m 28s  ...               39.61         1.05
9   2026-01-23 16:12:19       0m 25s  ...                1.79         0.05
10  2026-01-23 16:12:45       0m 25s  ...                2.79         0.07
11  2026-01-23 16:13:11       0m 28s  ...               20.77         0.49
12  2026-01-23 16:13:40       0m 27s  ...               20.60         0.51
13  2026-01-23 16:14:07       0m 27s  ...               15.28         0.35
14  2026-01-23 16:14:34       0m 30s  ...               30.18         0.79
15  2026-01-23 16:15:05       0m 29s  ...               19.25         0.48

[16 rows x 24 columns]
              timestamp time_elapsed  ... severity_rate_patch Gradient_sr2
0   2026-01-23 16:08:07       0m 25s  ...                1.74         0.04
1   2026-01-23 16:08:33       0m 25s  ...                4.36         0.11
2   2026-01-23 16:08:58       0m 26s  ...                0.85         0.02
3   2026-01-23 16:09:25       0m 29s  ...               25.47         0.67
4   2026-01-23 16:09:54       0m 30s  ...               37.39         0.99
5   2026-01-23 16:10:25       0m 25s  ...                0.45         0.01
6   2026-01-23 16:10:51       0m 30s  ...               38.62         0.91
7   2026-01-23 16:11:21       0m 29s  ...               19.86         0.56
8   2026-01-23 16:11:50       0m 28s  ...               39.61         1.05
9   2026-01-23 16:12:19       0m 25s  ...                1.79         0.05
10  2026-01-23 16:12:45       0m 25s  ...                2.79         0.07
11  2026-01-23 16:13:11       0m 28s  ...               20.77         0.49
12  2026-01-23 16:13:40       0m 27s  ...               20.60         0.51
13  2026-01-23 16:14:07       0m 27s  ...               15.28         0.35
14  2026-01-23 16:14:34       0m 30s  ...               30.18         0.79
15  2026-01-23 16:15:05       0m 29s  ...               19.25         0.48
16  2026-01-23 16:15:34       0m 39s  ...               85.84         2.58

[17 rows x 24 columns]
              timestamp time_elapsed  ... severity_rate_patch Gradient_sr2
0   2026-01-23 16:08:07       0m 25s  ...                1.74         0.04
1   2026-01-23 16:08:33       0m 25s  ...                4.36         0.11
2   2026-01-23 16:08:58       0m 26s  ...                0.85         0.02
3   2026-01-23 16:09:25       0m 29s  ...               25.47         0.67
4   2026-01-23 16:09:54       0m 30s  ...               37.39         0.99
5   2026-01-23 16:10:25       0m 25s  ...                0.45         0.01
6   2026-01-23 16:10:51       0m 30s  ...               38.62         0.91
7   2026-01-23 16:11:21       0m 29s  ...               19.86         0.56
8   2026-01-23 16:11:50       0m 28s  ...               39.61         1.05
9   2026-01-23 16:12:19       0m 25s  ...                1.79         0.05
10  2026-01-23 16:12:45       0m 25s  ...                2.79         0.07
11  2026-01-23 16:13:11       0m 28s  ...               20.77         0.49
12  2026-01-23 16:13:40       0m 27s  ...               20.60         0.51
13  2026-01-23 16:14:07       0m 27s  ...               15.28         0.35
14  2026-01-23 16:14:34       0m 30s  ...               30.18         0.79
15  2026-01-23 16:15:05       0m 29s  ...               19.25         0.48
16  2026-01-23 16:15:34       0m 39s  ...               85.84         2.58
17  2026-01-23 16:16:13       0m 25s  ...                0.76         0.02

[18 rows x 24 columns]
              timestamp time_elapsed  ... severity_rate_patch Gradient_sr2
0   2026-01-23 16:08:07       0m 25s  ...                1.74         0.04
1   2026-01-23 16:08:33       0m 25s  ...                4.36         0.11
2   2026-01-23 16:08:58       0m 26s  ...                0.85         0.02
3   2026-01-23 16:09:25       0m 29s  ...               25.47         0.67
4   2026-01-23 16:09:54       0m 30s  ...               37.39         0.99
5   2026-01-23 16:10:25       0m 25s  ...                0.45         0.01
6   2026-01-23 16:10:51       0m 30s  ...               38.62         0.91
7   2026-01-23 16:11:21       0m 29s  ...               19.86         0.56
8   2026-01-23 16:11:50       0m 28s  ...               39.61         1.05
9   2026-01-23 16:12:19       0m 25s  ...                1.79         0.05
10  2026-01-23 16:12:45       0m 25s  ...                2.79         0.07
11  2026-01-23 16:13:11       0m 28s  ...               20.77         0.49
12  2026-01-23 16:13:40       0m 27s  ...               20.60         0.51
13  2026-01-23 16:14:07       0m 27s  ...               15.28         0.35
14  2026-01-23 16:14:34       0m 30s  ...               30.18         0.79
15  2026-01-23 16:15:05       0m 29s  ...               19.25         0.48
16  2026-01-23 16:15:34       0m 39s  ...               85.84         2.58
17  2026-01-23 16:16:13       0m 25s  ...                0.76         0.02
18  2026-01-23 16:16:39       0m 28s  ...               23.22         0.57

[19 rows x 24 columns]
[2026-01-23 16:19:32,847] - [root] - [INFO] - Analysis finished: 0m 24s
[2026-01-23 16:19:32,847] - [root] - [INFO] - -------------------------------------------
[2026-01-23 16:19:32,847] - [root] - [INFO] - -------------------------------------------
[2026-01-23 16:19:32,848] - [root] - [INFO] - Processing 1-22-2026 5dpi 052-W2021006-004_R2.png
[2026-01-23 16:19:49,487] - [root] - [INFO] - Finished loading mask: 0m 16s
[2026-01-23 16:19:56,680] - [root] - [INFO] - Finished crop and inference: 0m 23s
[2026-01-23 16:19:58,179] - [root] - [INFO] - Analysis finished: 0m 25s
[2026-01-23 16:19:58,179] - [root] - [INFO] - -------------------------------------------
[2026-01-23 16:19:58,179] - [root] - [INFO] - -------------------------------------------
[2026-01-23 16:19:58,179] - [root] - [INFO] - Processing 1-22-2026 5dpi 055-W2021010-341_R2.png
[2026-01-23 16:20:15,207] - [root] - [INFO] - Finished loading mask: 0m 17s
[2026-01-23 16:20:23,769] - [root] - [INFO] - Finished crop and inference: 0m 25s
[2026-01-23 16:20:25,295] - [root] - [INFO] - Analysis finished: 0m 27s
[2026-01-23 16:20:25,295] - [root] - [INFO] - -------------------------------------------
[2026-01-23 16:20:25,295] - [root] - [INFO] - -------------------------------------------
[2026-01-23 16:20:25,295] - [root] - [INFO] - Processing 1-22-2026 5dpi 055-W2021010-397_R2.png
[2026-01-23 16:20:42,421] - [root] - [INFO] - Finished loading mask: 0m 17s
[2026-01-23 16:20:51,762] - [root] - [INFO] - Finished crop and inference: 0m 26s
[2026-01-23 16:20:53,195] - [root] - [INFO] - Analysis finished: 0m 27s
[2026-01-23 16:20:53,195] - [root] - [INFO] - -------------------------------------------
[2026-01-23 16:20:53,195] - [root] - [INFO] - -------------------------------------------
[2026-01-23 16:20:53,195] - [root] - [INFO] - Processing 1-22-2026 5dpi 056-W2021006-609_R1.png
[2026-01-23 16:21:10,120] - [root] - [INFO] - Finished loading mask: 0m 16s
[2026-01-23 16:21:21,622] - [root] - [INFO] - Finished crop and inference: 0m 28s
              timestamp time_elapsed  ... severity_rate_patch Gradient_sr2
0   2026-01-23 16:08:07       0m 25s  ...                1.74         0.04
1   2026-01-23 16:08:33       0m 25s  ...                4.36         0.11
2   2026-01-23 16:08:58       0m 26s  ...                0.85         0.02
3   2026-01-23 16:09:25       0m 29s  ...               25.47         0.67
4   2026-01-23 16:09:54       0m 30s  ...               37.39         0.99
5   2026-01-23 16:10:25       0m 25s  ...                0.45         0.01
6   2026-01-23 16:10:51       0m 30s  ...               38.62         0.91
7   2026-01-23 16:11:21       0m 29s  ...               19.86         0.56
8   2026-01-23 16:11:50       0m 28s  ...               39.61         1.05
9   2026-01-23 16:12:19       0m 25s  ...                1.79         0.05
10  2026-01-23 16:12:45       0m 25s  ...                2.79         0.07
11  2026-01-23 16:13:11       0m 28s  ...               20.77         0.49
12  2026-01-23 16:13:40       0m 27s  ...               20.60         0.51
13  2026-01-23 16:14:07       0m 27s  ...               15.28         0.35
14  2026-01-23 16:14:34       0m 30s  ...               30.18         0.79
15  2026-01-23 16:15:05       0m 29s  ...               19.25         0.48
16  2026-01-23 16:15:34       0m 39s  ...               85.84         2.58
17  2026-01-23 16:16:13       0m 25s  ...                0.76         0.02
18  2026-01-23 16:16:39       0m 28s  ...               23.22         0.57
19  2026-01-23 16:17:08       0m 34s  ...               62.76         1.72

[20 rows x 24 columns]
              timestamp time_elapsed  ... severity_rate_patch Gradient_sr2
0   2026-01-23 16:08:07       0m 25s  ...                1.74         0.04
1   2026-01-23 16:08:33       0m 25s  ...                4.36         0.11
2   2026-01-23 16:08:58       0m 26s  ...                0.85         0.02
3   2026-01-23 16:09:25       0m 29s  ...               25.47         0.67
4   2026-01-23 16:09:54       0m 30s  ...               37.39         0.99
5   2026-01-23 16:10:25       0m 25s  ...                0.45         0.01
6   2026-01-23 16:10:51       0m 30s  ...               38.62         0.91
7   2026-01-23 16:11:21       0m 29s  ...               19.86         0.56
8   2026-01-23 16:11:50       0m 28s  ...               39.61         1.05
9   2026-01-23 16:12:19       0m 25s  ...                1.79         0.05
10  2026-01-23 16:12:45       0m 25s  ...                2.79         0.07
11  2026-01-23 16:13:11       0m 28s  ...               20.77         0.49
12  2026-01-23 16:13:40       0m 27s  ...               20.60         0.51
13  2026-01-23 16:14:07       0m 27s  ...               15.28         0.35
14  2026-01-23 16:14:34       0m 30s  ...               30.18         0.79
15  2026-01-23 16:15:05       0m 29s  ...               19.25         0.48
16  2026-01-23 16:15:34       0m 39s  ...               85.84         2.58
17  2026-01-23 16:16:13       0m 25s  ...                0.76         0.02
18  2026-01-23 16:16:39       0m 28s  ...               23.22         0.57
19  2026-01-23 16:17:08       0m 34s  ...               62.76         1.72
20  2026-01-23 16:17:43       0m 25s  ...                1.10         0.03

[21 rows x 24 columns]
              timestamp time_elapsed  ... severity_rate_patch Gradient_sr2
0   2026-01-23 16:08:07       0m 25s  ...                1.74         0.04
1   2026-01-23 16:08:33       0m 25s  ...                4.36         0.11
2   2026-01-23 16:08:58       0m 26s  ...                0.85         0.02
3   2026-01-23 16:09:25       0m 29s  ...               25.47         0.67
4   2026-01-23 16:09:54       0m 30s  ...               37.39         0.99
5   2026-01-23 16:10:25       0m 25s  ...                0.45         0.01
6   2026-01-23 16:10:51       0m 30s  ...               38.62         0.91
7   2026-01-23 16:11:21       0m 29s  ...               19.86         0.56
8   2026-01-23 16:11:50       0m 28s  ...               39.61         1.05
9   2026-01-23 16:12:19       0m 25s  ...                1.79         0.05
10  2026-01-23 16:12:45       0m 25s  ...                2.79         0.07
11  2026-01-23 16:13:11       0m 28s  ...               20.77         0.49
12  2026-01-23 16:13:40       0m 27s  ...               20.60         0.51
13  2026-01-23 16:14:07       0m 27s  ...               15.28         0.35
14  2026-01-23 16:14:34       0m 30s  ...               30.18         0.79
15  2026-01-23 16:15:05       0m 29s  ...               19.25         0.48
16  2026-01-23 16:15:34       0m 39s  ...               85.84         2.58
17  2026-01-23 16:16:13       0m 25s  ...                0.76         0.02
18  2026-01-23 16:16:39       0m 28s  ...               23.22         0.57
19  2026-01-23 16:17:08       0m 34s  ...               62.76         1.72
20  2026-01-23 16:17:43       0m 25s  ...                1.10         0.03
21  2026-01-23 16:18:09       0m 28s  ...               19.31         0.52

[22 rows x 24 columns]
              timestamp time_elapsed  ... severity_rate_patch Gradient_sr2
0   2026-01-23 16:08:07       0m 25s  ...                1.74         0.04
1   2026-01-23 16:08:33       0m 25s  ...                4.36         0.11
2   2026-01-23 16:08:58       0m 26s  ...                0.85         0.02
3   2026-01-23 16:09:25       0m 29s  ...               25.47         0.67
4   2026-01-23 16:09:54       0m 30s  ...               37.39         0.99
5   2026-01-23 16:10:25       0m 25s  ...                0.45         0.01
6   2026-01-23 16:10:51       0m 30s  ...               38.62         0.91
7   2026-01-23 16:11:21       0m 29s  ...               19.86         0.56
8   2026-01-23 16:11:50       0m 28s  ...               39.61         1.05
9   2026-01-23 16:12:19       0m 25s  ...                1.79         0.05
10  2026-01-23 16:12:45       0m 25s  ...                2.79         0.07
11  2026-01-23 16:13:11       0m 28s  ...               20.77         0.49
12  2026-01-23 16:13:40       0m 27s  ...               20.60         0.51
13  2026-01-23 16:14:07       0m 27s  ...               15.28         0.35
14  2026-01-23 16:14:34       0m 30s  ...               30.18         0.79
15  2026-01-23 16:15:05       0m 29s  ...               19.25         0.48
16  2026-01-23 16:15:34       0m 39s  ...               85.84         2.58
17  2026-01-23 16:16:13       0m 25s  ...                0.76         0.02
18  2026-01-23 16:16:39       0m 28s  ...               23.22         0.57
19  2026-01-23 16:17:08       0m 34s  ...               62.76         1.72
20  2026-01-23 16:17:43       0m 25s  ...                1.10         0.03
21  2026-01-23 16:18:09       0m 28s  ...               19.31         0.52
22  2026-01-23 16:18:37       0m 31s  ...               42.05         1.16

[23 rows x 24 columns]
[2026-01-23 16:21:23,071] - [root] - [INFO] - Analysis finished: 0m 29s
[2026-01-23 16:21:23,071] - [root] - [INFO] - -------------------------------------------
[2026-01-23 16:21:23,072] - [root] - [INFO] - -------------------------------------------
[2026-01-23 16:21:23,072] - [root] - [INFO] - Processing 1-22-2026 5dpi 059-W2021010-434_R1.png
[2026-01-23 16:21:39,506] - [root] - [INFO] - Finished loading mask: 0m 16s
[2026-01-23 16:21:48,128] - [root] - [INFO] - Finished crop and inference: 0m 25s
[2026-01-23 16:21:49,614] - [root] - [INFO] - Analysis finished: 0m 26s
[2026-01-23 16:21:49,614] - [root] - [INFO] - -------------------------------------------
[2026-01-23 16:21:49,614] - [root] - [INFO] - -------------------------------------------
[2026-01-23 16:21:49,615] - [root] - [INFO] - Processing 1-22-2026 5dpi 060-W2021010-324_R2.png
[2026-01-23 16:22:06,114] - [root] - [INFO] - Finished loading mask: 0m 16s
[2026-01-23 16:22:14,177] - [root] - [INFO] - Finished crop and inference: 0m 24s
[2026-01-23 16:22:15,676] - [root] - [INFO] - Analysis finished: 0m 26s
[2026-01-23 16:22:15,676] - [root] - [INFO] - -------------------------------------------
[2026-01-23 16:22:15,676] - [root] - [INFO] - -------------------------------------------
[2026-01-23 16:22:15,676] - [root] - [INFO] - Processing 1-22-2026 5dpi 061-W2021011-483_R1.png
[2026-01-23 16:22:32,345] - [root] - [INFO] - Finished loading mask: 0m 16s
[2026-01-23 16:22:41,823] - [root] - [INFO] - Finished crop and inference: 0m 26s
              timestamp time_elapsed  ... severity_rate_patch Gradient_sr2
0   2026-01-23 16:08:07       0m 25s  ...                1.74         0.04
1   2026-01-23 16:08:33       0m 25s  ...                4.36         0.11
2   2026-01-23 16:08:58       0m 26s  ...                0.85         0.02
3   2026-01-23 16:09:25       0m 29s  ...               25.47         0.67
4   2026-01-23 16:09:54       0m 30s  ...               37.39         0.99
5   2026-01-23 16:10:25       0m 25s  ...                0.45         0.01
6   2026-01-23 16:10:51       0m 30s  ...               38.62         0.91
7   2026-01-23 16:11:21       0m 29s  ...               19.86         0.56
8   2026-01-23 16:11:50       0m 28s  ...               39.61         1.05
9   2026-01-23 16:12:19       0m 25s  ...                1.79         0.05
10  2026-01-23 16:12:45       0m 25s  ...                2.79         0.07
11  2026-01-23 16:13:11       0m 28s  ...               20.77         0.49
12  2026-01-23 16:13:40       0m 27s  ...               20.60         0.51
13  2026-01-23 16:14:07       0m 27s  ...               15.28         0.35
14  2026-01-23 16:14:34       0m 30s  ...               30.18         0.79
15  2026-01-23 16:15:05       0m 29s  ...               19.25         0.48
16  2026-01-23 16:15:34       0m 39s  ...               85.84         2.58
17  2026-01-23 16:16:13       0m 25s  ...                0.76         0.02
18  2026-01-23 16:16:39       0m 28s  ...               23.22         0.57
19  2026-01-23 16:17:08       0m 34s  ...               62.76         1.72
20  2026-01-23 16:17:43       0m 25s  ...                1.10         0.03
21  2026-01-23 16:18:09       0m 28s  ...               19.31         0.52
22  2026-01-23 16:18:37       0m 31s  ...               42.05         1.16
23  2026-01-23 16:19:08       0m 24s  ...                6.56         0.18

[24 rows x 24 columns]
              timestamp time_elapsed  ... severity_rate_patch Gradient_sr2
0   2026-01-23 16:08:07       0m 25s  ...                1.74         0.04
1   2026-01-23 16:08:33       0m 25s  ...                4.36         0.11
2   2026-01-23 16:08:58       0m 26s  ...                0.85         0.02
3   2026-01-23 16:09:25       0m 29s  ...               25.47         0.67
4   2026-01-23 16:09:54       0m 30s  ...               37.39         0.99
5   2026-01-23 16:10:25       0m 25s  ...                0.45         0.01
6   2026-01-23 16:10:51       0m 30s  ...               38.62         0.91
7   2026-01-23 16:11:21       0m 29s  ...               19.86         0.56
8   2026-01-23 16:11:50       0m 28s  ...               39.61         1.05
9   2026-01-23 16:12:19       0m 25s  ...                1.79         0.05
10  2026-01-23 16:12:45       0m 25s  ...                2.79         0.07
11  2026-01-23 16:13:11       0m 28s  ...               20.77         0.49
12  2026-01-23 16:13:40       0m 27s  ...               20.60         0.51
13  2026-01-23 16:14:07       0m 27s  ...               15.28         0.35
14  2026-01-23 16:14:34       0m 30s  ...               30.18         0.79
15  2026-01-23 16:15:05       0m 29s  ...               19.25         0.48
16  2026-01-23 16:15:34       0m 39s  ...               85.84         2.58
17  2026-01-23 16:16:13       0m 25s  ...                0.76         0.02
18  2026-01-23 16:16:39       0m 28s  ...               23.22         0.57
19  2026-01-23 16:17:08       0m 34s  ...               62.76         1.72
20  2026-01-23 16:17:43       0m 25s  ...                1.10         0.03
21  2026-01-23 16:18:09       0m 28s  ...               19.31         0.52
22  2026-01-23 16:18:37       0m 31s  ...               42.05         1.16
23  2026-01-23 16:19:08       0m 24s  ...                6.56         0.18
24  2026-01-23 16:19:32       0m 25s  ...                1.51         0.04

[25 rows x 24 columns]
              timestamp time_elapsed  ... severity_rate_patch Gradient_sr2
0   2026-01-23 16:08:07       0m 25s  ...                1.74         0.04
1   2026-01-23 16:08:33       0m 25s  ...                4.36         0.11
2   2026-01-23 16:08:58       0m 26s  ...                0.85         0.02
3   2026-01-23 16:09:25       0m 29s  ...               25.47         0.67
4   2026-01-23 16:09:54       0m 30s  ...               37.39         0.99
5   2026-01-23 16:10:25       0m 25s  ...                0.45         0.01
6   2026-01-23 16:10:51       0m 30s  ...               38.62         0.91
7   2026-01-23 16:11:21       0m 29s  ...               19.86         0.56
8   2026-01-23 16:11:50       0m 28s  ...               39.61         1.05
9   2026-01-23 16:12:19       0m 25s  ...                1.79         0.05
10  2026-01-23 16:12:45       0m 25s  ...                2.79         0.07
11  2026-01-23 16:13:11       0m 28s  ...               20.77         0.49
12  2026-01-23 16:13:40       0m 27s  ...               20.60         0.51
13  2026-01-23 16:14:07       0m 27s  ...               15.28         0.35
14  2026-01-23 16:14:34       0m 30s  ...               30.18         0.79
15  2026-01-23 16:15:05       0m 29s  ...               19.25         0.48
16  2026-01-23 16:15:34       0m 39s  ...               85.84         2.58
17  2026-01-23 16:16:13       0m 25s  ...                0.76         0.02
18  2026-01-23 16:16:39       0m 28s  ...               23.22         0.57
19  2026-01-23 16:17:08       0m 34s  ...               62.76         1.72
20  2026-01-23 16:17:43       0m 25s  ...                1.10         0.03
21  2026-01-23 16:18:09       0m 28s  ...               19.31         0.52
22  2026-01-23 16:18:37       0m 31s  ...               42.05         1.16
23  2026-01-23 16:19:08       0m 24s  ...                6.56         0.18
24  2026-01-23 16:19:32       0m 25s  ...                1.51         0.04
25  2026-01-23 16:19:58       0m 27s  ...                8.51         0.22

[26 rows x 24 columns]
              timestamp time_elapsed  ... severity_rate_patch Gradient_sr2
0   2026-01-23 16:08:07       0m 25s  ...                1.74         0.04
1   2026-01-23 16:08:33       0m 25s  ...                4.36         0.11
2   2026-01-23 16:08:58       0m 26s  ...                0.85         0.02
3   2026-01-23 16:09:25       0m 29s  ...               25.47         0.67
4   2026-01-23 16:09:54       0m 30s  ...               37.39         0.99
5   2026-01-23 16:10:25       0m 25s  ...                0.45         0.01
6   2026-01-23 16:10:51       0m 30s  ...               38.62         0.91
7   2026-01-23 16:11:21       0m 29s  ...               19.86         0.56
8   2026-01-23 16:11:50       0m 28s  ...               39.61         1.05
9   2026-01-23 16:12:19       0m 25s  ...                1.79         0.05
10  2026-01-23 16:12:45       0m 25s  ...                2.79         0.07
11  2026-01-23 16:13:11       0m 28s  ...               20.77         0.49
12  2026-01-23 16:13:40       0m 27s  ...               20.60         0.51
13  2026-01-23 16:14:07       0m 27s  ...               15.28         0.35
14  2026-01-23 16:14:34       0m 30s  ...               30.18         0.79
15  2026-01-23 16:15:05       0m 29s  ...               19.25         0.48
16  2026-01-23 16:15:34       0m 39s  ...               85.84         2.58
17  2026-01-23 16:16:13       0m 25s  ...                0.76         0.02
18  2026-01-23 16:16:39       0m 28s  ...               23.22         0.57
19  2026-01-23 16:17:08       0m 34s  ...               62.76         1.72
20  2026-01-23 16:17:43       0m 25s  ...                1.10         0.03
21  2026-01-23 16:18:09       0m 28s  ...               19.31         0.52
22  2026-01-23 16:18:37       0m 31s  ...               42.05         1.16
23  2026-01-23 16:19:08       0m 24s  ...                6.56         0.18
24  2026-01-23 16:19:32       0m 25s  ...                1.51         0.04
25  2026-01-23 16:19:58       0m 27s  ...                8.51         0.22
26  2026-01-23 16:20:25       0m 27s  ...               12.12         0.31

[27 rows x 24 columns]
[2026-01-23 16:22:43,359] - [root] - [INFO] - Analysis finished: 0m 27s
[2026-01-23 16:22:43,359] - [root] - [INFO] - -------------------------------------------
[2026-01-23 16:22:43,359] - [root] - [INFO] - -------------------------------------------
[2026-01-23 16:22:43,359] - [root] - [INFO] - Processing 1-22-2026 5dpi 070-W2021011-486_R2.png
[2026-01-23 16:23:00,068] - [root] - [INFO] - Finished loading mask: 0m 16s
[2026-01-23 16:23:10,099] - [root] - [INFO] - Finished crop and inference: 0m 26s
[2026-01-23 16:23:11,607] - [root] - [INFO] - Analysis finished: 0m 28s
[2026-01-23 16:23:11,607] - [root] - [INFO] - -------------------------------------------
[2026-01-23 16:23:11,608] - [root] - [INFO] - -------------------------------------------
[2026-01-23 16:23:11,608] - [root] - [INFO] - Processing 1-22-2026 5dpi 071-W2021010-323_R1.png
[2026-01-23 16:23:28,913] - [root] - [INFO] - Finished loading mask: 0m 17s
[2026-01-23 16:23:44,248] - [root] - [INFO] - Finished crop and inference: 0m 32s
[2026-01-23 16:23:45,821] - [root] - [INFO] - Analysis finished: 0m 34s
[2026-01-23 16:23:45,821] - [root] - [INFO] - -------------------------------------------
[2026-01-23 16:23:45,821] - [root] - [INFO] - -------------------------------------------
[2026-01-23 16:23:45,821] - [root] - [INFO] - Processing 1-22-2026 5dpi 077-W2021010-351_R2.png
[2026-01-23 16:24:02,609] - [root] - [INFO] - Finished loading mask: 0m 16s
[2026-01-23 16:24:11,234] - [root] - [INFO] - Finished crop and inference: 0m 25s
              timestamp time_elapsed  ... severity_rate_patch Gradient_sr2
0   2026-01-23 16:08:07       0m 25s  ...                1.74         0.04
1   2026-01-23 16:08:33       0m 25s  ...                4.36         0.11
2   2026-01-23 16:08:58       0m 26s  ...                0.85         0.02
3   2026-01-23 16:09:25       0m 29s  ...               25.47         0.67
4   2026-01-23 16:09:54       0m 30s  ...               37.39         0.99
5   2026-01-23 16:10:25       0m 25s  ...                0.45         0.01
6   2026-01-23 16:10:51       0m 30s  ...               38.62         0.91
7   2026-01-23 16:11:21       0m 29s  ...               19.86         0.56
8   2026-01-23 16:11:50       0m 28s  ...               39.61         1.05
9   2026-01-23 16:12:19       0m 25s  ...                1.79         0.05
10  2026-01-23 16:12:45       0m 25s  ...                2.79         0.07
11  2026-01-23 16:13:11       0m 28s  ...               20.77         0.49
12  2026-01-23 16:13:40       0m 27s  ...               20.60         0.51
13  2026-01-23 16:14:07       0m 27s  ...               15.28         0.35
14  2026-01-23 16:14:34       0m 30s  ...               30.18         0.79
15  2026-01-23 16:15:05       0m 29s  ...               19.25         0.48
16  2026-01-23 16:15:34       0m 39s  ...               85.84         2.58
17  2026-01-23 16:16:13       0m 25s  ...                0.76         0.02
18  2026-01-23 16:16:39       0m 28s  ...               23.22         0.57
19  2026-01-23 16:17:08       0m 34s  ...               62.76         1.72
20  2026-01-23 16:17:43       0m 25s  ...                1.10         0.03
21  2026-01-23 16:18:09       0m 28s  ...               19.31         0.52
22  2026-01-23 16:18:37       0m 31s  ...               42.05         1.16
23  2026-01-23 16:19:08       0m 24s  ...                6.56         0.18
24  2026-01-23 16:19:32       0m 25s  ...                1.51         0.04
25  2026-01-23 16:19:58       0m 27s  ...                8.51         0.22
26  2026-01-23 16:20:25       0m 27s  ...               12.12         0.31
27  2026-01-23 16:20:53       0m 29s  ...               32.69         0.79

[28 rows x 24 columns]
              timestamp time_elapsed  ... severity_rate_patch Gradient_sr2
0   2026-01-23 16:08:07       0m 25s  ...                1.74         0.04
1   2026-01-23 16:08:33       0m 25s  ...                4.36         0.11
2   2026-01-23 16:08:58       0m 26s  ...                0.85         0.02
3   2026-01-23 16:09:25       0m 29s  ...               25.47         0.67
4   2026-01-23 16:09:54       0m 30s  ...               37.39         0.99
5   2026-01-23 16:10:25       0m 25s  ...                0.45         0.01
6   2026-01-23 16:10:51       0m 30s  ...               38.62         0.91
7   2026-01-23 16:11:21       0m 29s  ...               19.86         0.56
8   2026-01-23 16:11:50       0m 28s  ...               39.61         1.05
9   2026-01-23 16:12:19       0m 25s  ...                1.79         0.05
10  2026-01-23 16:12:45       0m 25s  ...                2.79         0.07
11  2026-01-23 16:13:11       0m 28s  ...               20.77         0.49
12  2026-01-23 16:13:40       0m 27s  ...               20.60         0.51
13  2026-01-23 16:14:07       0m 27s  ...               15.28         0.35
14  2026-01-23 16:14:34       0m 30s  ...               30.18         0.79
15  2026-01-23 16:15:05       0m 29s  ...               19.25         0.48
16  2026-01-23 16:15:34       0m 39s  ...               85.84         2.58
17  2026-01-23 16:16:13       0m 25s  ...                0.76         0.02
18  2026-01-23 16:16:39       0m 28s  ...               23.22         0.57
19  2026-01-23 16:17:08       0m 34s  ...               62.76         1.72
20  2026-01-23 16:17:43       0m 25s  ...                1.10         0.03
21  2026-01-23 16:18:09       0m 28s  ...               19.31         0.52
22  2026-01-23 16:18:37       0m 31s  ...               42.05         1.16
23  2026-01-23 16:19:08       0m 24s  ...                6.56         0.18
24  2026-01-23 16:19:32       0m 25s  ...                1.51         0.04
25  2026-01-23 16:19:58       0m 27s  ...                8.51         0.22
26  2026-01-23 16:20:25       0m 27s  ...               12.12         0.31
27  2026-01-23 16:20:53       0m 29s  ...               32.69         0.79
28  2026-01-23 16:21:23       0m 26s  ...                2.15         0.06

[29 rows x 24 columns]
              timestamp time_elapsed  ... severity_rate_patch Gradient_sr2
0   2026-01-23 16:08:07       0m 25s  ...                1.74         0.04
1   2026-01-23 16:08:33       0m 25s  ...                4.36         0.11
2   2026-01-23 16:08:58       0m 26s  ...                0.85         0.02
3   2026-01-23 16:09:25       0m 29s  ...               25.47         0.67
4   2026-01-23 16:09:54       0m 30s  ...               37.39         0.99
5   2026-01-23 16:10:25       0m 25s  ...                0.45         0.01
6   2026-01-23 16:10:51       0m 30s  ...               38.62         0.91
7   2026-01-23 16:11:21       0m 29s  ...               19.86         0.56
8   2026-01-23 16:11:50       0m 28s  ...               39.61         1.05
9   2026-01-23 16:12:19       0m 25s  ...                1.79         0.05
10  2026-01-23 16:12:45       0m 25s  ...                2.79         0.07
11  2026-01-23 16:13:11       0m 28s  ...               20.77         0.49
12  2026-01-23 16:13:40       0m 27s  ...               20.60         0.51
13  2026-01-23 16:14:07       0m 27s  ...               15.28         0.35
14  2026-01-23 16:14:34       0m 30s  ...               30.18         0.79
15  2026-01-23 16:15:05       0m 29s  ...               19.25         0.48
16  2026-01-23 16:15:34       0m 39s  ...               85.84         2.58
17  2026-01-23 16:16:13       0m 25s  ...                0.76         0.02
18  2026-01-23 16:16:39       0m 28s  ...               23.22         0.57
19  2026-01-23 16:17:08       0m 34s  ...               62.76         1.72
20  2026-01-23 16:17:43       0m 25s  ...                1.10         0.03
21  2026-01-23 16:18:09       0m 28s  ...               19.31         0.52
22  2026-01-23 16:18:37       0m 31s  ...               42.05         1.16
23  2026-01-23 16:19:08       0m 24s  ...                6.56         0.18
24  2026-01-23 16:19:32       0m 25s  ...                1.51         0.04
25  2026-01-23 16:19:58       0m 27s  ...                8.51         0.22
26  2026-01-23 16:20:25       0m 27s  ...               12.12         0.31
27  2026-01-23 16:20:53       0m 29s  ...               32.69         0.79
28  2026-01-23 16:21:23       0m 26s  ...                2.15         0.06
29  2026-01-23 16:21:49       0m 26s  ...                2.94         0.07

[30 rows x 24 columns]
[2026-01-23 16:24:12,703] - [root] - [INFO] - Analysis finished: 0m 26s
[2026-01-23 16:24:12,703] - [root] - [INFO] - -------------------------------------------
[2026-01-23 16:24:12,703] - [root] - [INFO] - -------------------------------------------
[2026-01-23 16:24:12,704] - [root] - [INFO] - Processing 1-22-2026 5dpi 084-W2021010-319_R1.png
[2026-01-23 16:24:29,164] - [root] - [INFO] - Finished loading mask: 0m 16s
[2026-01-23 16:24:37,251] - [root] - [INFO] - Finished crop and inference: 0m 24s
[2026-01-23 16:24:38,736] - [root] - [INFO] - Analysis finished: 0m 26s
[2026-01-23 16:24:38,736] - [root] - [INFO] - -------------------------------------------
[2026-01-23 16:24:38,736] - [root] - [INFO] - -------------------------------------------
[2026-01-23 16:24:38,736] - [root] - [INFO] - Processing 1-22-2026 5dpi 085-W2021010-630_R1.png
[2026-01-23 16:24:55,209] - [root] - [INFO] - Finished loading mask: 0m 16s
[2026-01-23 16:25:03,171] - [root] - [INFO] - Finished crop and inference: 0m 24s
              timestamp time_elapsed  ... severity_rate_patch Gradient_sr2
0   2026-01-23 16:08:07       0m 25s  ...                1.74         0.04
1   2026-01-23 16:08:33       0m 25s  ...                4.36         0.11
2   2026-01-23 16:08:58       0m 26s  ...                0.85         0.02
3   2026-01-23 16:09:25       0m 29s  ...               25.47         0.67
4   2026-01-23 16:09:54       0m 30s  ...               37.39         0.99
5   2026-01-23 16:10:25       0m 25s  ...                0.45         0.01
6   2026-01-23 16:10:51       0m 30s  ...               38.62         0.91
7   2026-01-23 16:11:21       0m 29s  ...               19.86         0.56
8   2026-01-23 16:11:50       0m 28s  ...               39.61         1.05
9   2026-01-23 16:12:19       0m 25s  ...                1.79         0.05
10  2026-01-23 16:12:45       0m 25s  ...                2.79         0.07
11  2026-01-23 16:13:11       0m 28s  ...               20.77         0.49
12  2026-01-23 16:13:40       0m 27s  ...               20.60         0.51
13  2026-01-23 16:14:07       0m 27s  ...               15.28         0.35
14  2026-01-23 16:14:34       0m 30s  ...               30.18         0.79
15  2026-01-23 16:15:05       0m 29s  ...               19.25         0.48
16  2026-01-23 16:15:34       0m 39s  ...               85.84         2.58
17  2026-01-23 16:16:13       0m 25s  ...                0.76         0.02
18  2026-01-23 16:16:39       0m 28s  ...               23.22         0.57
19  2026-01-23 16:17:08       0m 34s  ...               62.76         1.72
20  2026-01-23 16:17:43       0m 25s  ...                1.10         0.03
21  2026-01-23 16:18:09       0m 28s  ...               19.31         0.52
22  2026-01-23 16:18:37       0m 31s  ...               42.05         1.16
23  2026-01-23 16:19:08       0m 24s  ...                6.56         0.18
24  2026-01-23 16:19:32       0m 25s  ...                1.51         0.04
25  2026-01-23 16:19:58       0m 27s  ...                8.51         0.22
26  2026-01-23 16:20:25       0m 27s  ...               12.12         0.31
27  2026-01-23 16:20:53       0m 29s  ...               32.69         0.79
28  2026-01-23 16:21:23       0m 26s  ...                2.15         0.06
29  2026-01-23 16:21:49       0m 26s  ...                2.94         0.07
30  2026-01-23 16:22:15       0m 27s  ...               12.91         0.30

[31 rows x 24 columns]
              timestamp time_elapsed  ... severity_rate_patch Gradient_sr2
0   2026-01-23 16:08:07       0m 25s  ...                1.74         0.04
1   2026-01-23 16:08:33       0m 25s  ...                4.36         0.11
2   2026-01-23 16:08:58       0m 26s  ...                0.85         0.02
3   2026-01-23 16:09:25       0m 29s  ...               25.47         0.67
4   2026-01-23 16:09:54       0m 30s  ...               37.39         0.99
5   2026-01-23 16:10:25       0m 25s  ...                0.45         0.01
6   2026-01-23 16:10:51       0m 30s  ...               38.62         0.91
7   2026-01-23 16:11:21       0m 29s  ...               19.86         0.56
8   2026-01-23 16:11:50       0m 28s  ...               39.61         1.05
9   2026-01-23 16:12:19       0m 25s  ...                1.79         0.05
10  2026-01-23 16:12:45       0m 25s  ...                2.79         0.07
11  2026-01-23 16:13:11       0m 28s  ...               20.77         0.49
12  2026-01-23 16:13:40       0m 27s  ...               20.60         0.51
13  2026-01-23 16:14:07       0m 27s  ...               15.28         0.35
14  2026-01-23 16:14:34       0m 30s  ...               30.18         0.79
15  2026-01-23 16:15:05       0m 29s  ...               19.25         0.48
16  2026-01-23 16:15:34       0m 39s  ...               85.84         2.58
17  2026-01-23 16:16:13       0m 25s  ...                0.76         0.02
18  2026-01-23 16:16:39       0m 28s  ...               23.22         0.57
19  2026-01-23 16:17:08       0m 34s  ...               62.76         1.72
20  2026-01-23 16:17:43       0m 25s  ...                1.10         0.03
21  2026-01-23 16:18:09       0m 28s  ...               19.31         0.52
22  2026-01-23 16:18:37       0m 31s  ...               42.05         1.16
23  2026-01-23 16:19:08       0m 24s  ...                6.56         0.18
24  2026-01-23 16:19:32       0m 25s  ...                1.51         0.04
25  2026-01-23 16:19:58       0m 27s  ...                8.51         0.22
26  2026-01-23 16:20:25       0m 27s  ...               12.12         0.31
27  2026-01-23 16:20:53       0m 29s  ...               32.69         0.79
28  2026-01-23 16:21:23       0m 26s  ...                2.15         0.06
29  2026-01-23 16:21:49       0m 26s  ...                2.94         0.07
30  2026-01-23 16:22:15       0m 27s  ...               12.91         0.30
31  2026-01-23 16:22:43       0m 28s  ...               42.77         1.19

[32 rows x 24 columns]
              timestamp time_elapsed  ... severity_rate_patch Gradient_sr2
0   2026-01-23 16:08:07       0m 25s  ...                1.74         0.04
1   2026-01-23 16:08:33       0m 25s  ...                4.36         0.11
2   2026-01-23 16:08:58       0m 26s  ...                0.85         0.02
3   2026-01-23 16:09:25       0m 29s  ...               25.47         0.67
4   2026-01-23 16:09:54       0m 30s  ...               37.39         0.99
5   2026-01-23 16:10:25       0m 25s  ...                0.45         0.01
6   2026-01-23 16:10:51       0m 30s  ...               38.62         0.91
7   2026-01-23 16:11:21       0m 29s  ...               19.86         0.56
8   2026-01-23 16:11:50       0m 28s  ...               39.61         1.05
9   2026-01-23 16:12:19       0m 25s  ...                1.79         0.05
10  2026-01-23 16:12:45       0m 25s  ...                2.79         0.07
11  2026-01-23 16:13:11       0m 28s  ...               20.77         0.49
12  2026-01-23 16:13:40       0m 27s  ...               20.60         0.51
13  2026-01-23 16:14:07       0m 27s  ...               15.28         0.35
14  2026-01-23 16:14:34       0m 30s  ...               30.18         0.79
15  2026-01-23 16:15:05       0m 29s  ...               19.25         0.48
16  2026-01-23 16:15:34       0m 39s  ...               85.84         2.58
17  2026-01-23 16:16:13       0m 25s  ...                0.76         0.02
18  2026-01-23 16:16:39       0m 28s  ...               23.22         0.57
19  2026-01-23 16:17:08       0m 34s  ...               62.76         1.72
20  2026-01-23 16:17:43       0m 25s  ...                1.10         0.03
21  2026-01-23 16:18:09       0m 28s  ...               19.31         0.52
22  2026-01-23 16:18:37       0m 31s  ...               42.05         1.16
23  2026-01-23 16:19:08       0m 24s  ...                6.56         0.18
24  2026-01-23 16:19:32       0m 25s  ...                1.51         0.04
25  2026-01-23 16:19:58       0m 27s  ...                8.51         0.22
26  2026-01-23 16:20:25       0m 27s  ...               12.12         0.31
27  2026-01-23 16:20:53       0m 29s  ...               32.69         0.79
28  2026-01-23 16:21:23       0m 26s  ...                2.15         0.06
29  2026-01-23 16:21:49       0m 26s  ...                2.94         0.07
30  2026-01-23 16:22:15       0m 27s  ...               12.91         0.30
31  2026-01-23 16:22:43       0m 28s  ...               42.77         1.19
32  2026-01-23 16:23:11       0m 34s  ...               65.54         1.89

[33 rows x 24 columns]
[2026-01-23 16:25:04,647] - [root] - [INFO] - Analysis finished: 0m 25s
[2026-01-23 16:25:04,647] - [root] - [INFO] - -------------------------------------------
[2026-01-23 16:25:04,647] - [root] - [INFO] - -------------------------------------------
[2026-01-23 16:25:04,647] - [root] - [INFO] - Processing 1-22-2026 5dpi 091-W2021006-056_R2.png
[2026-01-23 16:25:21,498] - [root] - [INFO] - Finished loading mask: 0m 16s
[2026-01-23 16:25:29,593] - [root] - [INFO] - Finished crop and inference: 0m 24s
[2026-01-23 16:25:31,104] - [root] - [INFO] - Analysis finished: 0m 26s
[2026-01-23 16:25:31,104] - [root] - [INFO] - -------------------------------------------
[2026-01-23 16:25:31,105] - [root] - [INFO] - -------------------------------------------
[2026-01-23 16:25:31,105] - [root] - [INFO] - Processing 1-22-2026 5dpi 094-W2021010-315_R2.png
[2026-01-23 16:25:47,514] - [root] - [INFO] - Finished loading mask: 0m 16s
[2026-01-23 16:25:55,316] - [root] - [INFO] - Finished crop and inference: 0m 24s
              timestamp time_elapsed  ... severity_rate_patch Gradient_sr2
0   2026-01-23 16:08:07       0m 25s  ...                1.74         0.04
1   2026-01-23 16:08:33       0m 25s  ...                4.36         0.11
2   2026-01-23 16:08:58       0m 26s  ...                0.85         0.02
3   2026-01-23 16:09:25       0m 29s  ...               25.47         0.67
4   2026-01-23 16:09:54       0m 30s  ...               37.39         0.99
5   2026-01-23 16:10:25       0m 25s  ...                0.45         0.01
6   2026-01-23 16:10:51       0m 30s  ...               38.62         0.91
7   2026-01-23 16:11:21       0m 29s  ...               19.86         0.56
8   2026-01-23 16:11:50       0m 28s  ...               39.61         1.05
9   2026-01-23 16:12:19       0m 25s  ...                1.79         0.05
10  2026-01-23 16:12:45       0m 25s  ...                2.79         0.07
11  2026-01-23 16:13:11       0m 28s  ...               20.77         0.49
12  2026-01-23 16:13:40       0m 27s  ...               20.60         0.51
13  2026-01-23 16:14:07       0m 27s  ...               15.28         0.35
14  2026-01-23 16:14:34       0m 30s  ...               30.18         0.79
15  2026-01-23 16:15:05       0m 29s  ...               19.25         0.48
16  2026-01-23 16:15:34       0m 39s  ...               85.84         2.58
17  2026-01-23 16:16:13       0m 25s  ...                0.76         0.02
18  2026-01-23 16:16:39       0m 28s  ...               23.22         0.57
19  2026-01-23 16:17:08       0m 34s  ...               62.76         1.72
20  2026-01-23 16:17:43       0m 25s  ...                1.10         0.03
21  2026-01-23 16:18:09       0m 28s  ...               19.31         0.52
22  2026-01-23 16:18:37       0m 31s  ...               42.05         1.16
23  2026-01-23 16:19:08       0m 24s  ...                6.56         0.18
24  2026-01-23 16:19:32       0m 25s  ...                1.51         0.04
25  2026-01-23 16:19:58       0m 27s  ...                8.51         0.22
26  2026-01-23 16:20:25       0m 27s  ...               12.12         0.31
27  2026-01-23 16:20:53       0m 29s  ...               32.69         0.79
28  2026-01-23 16:21:23       0m 26s  ...                2.15         0.06
29  2026-01-23 16:21:49       0m 26s  ...                2.94         0.07
30  2026-01-23 16:22:15       0m 27s  ...               12.91         0.30
31  2026-01-23 16:22:43       0m 28s  ...               42.77         1.19
32  2026-01-23 16:23:11       0m 34s  ...               65.54         1.89
33  2026-01-23 16:23:45       0m 26s  ...               10.11         0.24

[34 rows x 24 columns]
              timestamp time_elapsed  ... severity_rate_patch Gradient_sr2
0   2026-01-23 16:08:07       0m 25s  ...                1.74         0.04
1   2026-01-23 16:08:33       0m 25s  ...                4.36         0.11
2   2026-01-23 16:08:58       0m 26s  ...                0.85         0.02
3   2026-01-23 16:09:25       0m 29s  ...               25.47         0.67
4   2026-01-23 16:09:54       0m 30s  ...               37.39         0.99
5   2026-01-23 16:10:25       0m 25s  ...                0.45         0.01
6   2026-01-23 16:10:51       0m 30s  ...               38.62         0.91
7   2026-01-23 16:11:21       0m 29s  ...               19.86         0.56
8   2026-01-23 16:11:50       0m 28s  ...               39.61         1.05
9   2026-01-23 16:12:19       0m 25s  ...                1.79         0.05
10  2026-01-23 16:12:45       0m 25s  ...                2.79         0.07
11  2026-01-23 16:13:11       0m 28s  ...               20.77         0.49
12  2026-01-23 16:13:40       0m 27s  ...               20.60         0.51
13  2026-01-23 16:14:07       0m 27s  ...               15.28         0.35
14  2026-01-23 16:14:34       0m 30s  ...               30.18         0.79
15  2026-01-23 16:15:05       0m 29s  ...               19.25         0.48
16  2026-01-23 16:15:34       0m 39s  ...               85.84         2.58
17  2026-01-23 16:16:13       0m 25s  ...                0.76         0.02
18  2026-01-23 16:16:39       0m 28s  ...               23.22         0.57
19  2026-01-23 16:17:08       0m 34s  ...               62.76         1.72
20  2026-01-23 16:17:43       0m 25s  ...                1.10         0.03
21  2026-01-23 16:18:09       0m 28s  ...               19.31         0.52
22  2026-01-23 16:18:37       0m 31s  ...               42.05         1.16
23  2026-01-23 16:19:08       0m 24s  ...                6.56         0.18
24  2026-01-23 16:19:32       0m 25s  ...                1.51         0.04
25  2026-01-23 16:19:58       0m 27s  ...                8.51         0.22
26  2026-01-23 16:20:25       0m 27s  ...               12.12         0.31
27  2026-01-23 16:20:53       0m 29s  ...               32.69         0.79
28  2026-01-23 16:21:23       0m 26s  ...                2.15         0.06
29  2026-01-23 16:21:49       0m 26s  ...                2.94         0.07
30  2026-01-23 16:22:15       0m 27s  ...               12.91         0.30
31  2026-01-23 16:22:43       0m 28s  ...               42.77         1.19
32  2026-01-23 16:23:11       0m 34s  ...               65.54         1.89
33  2026-01-23 16:23:45       0m 26s  ...               10.11         0.24
34  2026-01-23 16:24:12       0m 26s  ...                4.05         0.11

[35 rows x 24 columns]
[2026-01-23 16:25:56,800] - [root] - [INFO] - Analysis finished: 0m 25s
[2026-01-23 16:25:56,800] - [root] - [INFO] - -------------------------------------------
[2026-01-23 16:25:56,800] - [root] - [INFO] - -------------------------------------------
[2026-01-23 16:25:56,800] - [root] - [INFO] - Processing 1-22-2026 5dpi 095-W2021011-553_R2.png
[2026-01-23 16:26:12,981] - [root] - [INFO] - Finished loading mask: 0m 16s
[2026-01-23 16:26:20,093] - [root] - [INFO] - Finished crop and inference: 0m 23s
[2026-01-23 16:26:21,542] - [root] - [INFO] - Analysis finished: 0m 24s
[2026-01-23 16:26:21,543] - [root] - [INFO] - -------------------------------------------
[2026-01-23 16:26:21,543] - [root] - [INFO] - -------------------------------------------
[2026-01-23 16:26:21,543] - [root] - [INFO] - Processing 1-22-2026 5dpi 097-W2021006-617_R2.png
[2026-01-23 16:26:38,942] - [root] - [INFO] - Finished loading mask: 0m 17s
[2026-01-23 16:26:51,696] - [root] - [INFO] - Finished crop and inference: 0m 30s
              timestamp time_elapsed  ... severity_rate_patch Gradient_sr2
0   2026-01-23 16:08:07       0m 25s  ...                1.74         0.04
1   2026-01-23 16:08:33       0m 25s  ...                4.36         0.11
2   2026-01-23 16:08:58       0m 26s  ...                0.85         0.02
3   2026-01-23 16:09:25       0m 29s  ...               25.47         0.67
4   2026-01-23 16:09:54       0m 30s  ...               37.39         0.99
5   2026-01-23 16:10:25       0m 25s  ...                0.45         0.01
6   2026-01-23 16:10:51       0m 30s  ...               38.62         0.91
7   2026-01-23 16:11:21       0m 29s  ...               19.86         0.56
8   2026-01-23 16:11:50       0m 28s  ...               39.61         1.05
9   2026-01-23 16:12:19       0m 25s  ...                1.79         0.05
10  2026-01-23 16:12:45       0m 25s  ...                2.79         0.07
11  2026-01-23 16:13:11       0m 28s  ...               20.77         0.49
12  2026-01-23 16:13:40       0m 27s  ...               20.60         0.51
13  2026-01-23 16:14:07       0m 27s  ...               15.28         0.35
14  2026-01-23 16:14:34       0m 30s  ...               30.18         0.79
15  2026-01-23 16:15:05       0m 29s  ...               19.25         0.48
16  2026-01-23 16:15:34       0m 39s  ...               85.84         2.58
17  2026-01-23 16:16:13       0m 25s  ...                0.76         0.02
18  2026-01-23 16:16:39       0m 28s  ...               23.22         0.57
19  2026-01-23 16:17:08       0m 34s  ...               62.76         1.72
20  2026-01-23 16:17:43       0m 25s  ...                1.10         0.03
21  2026-01-23 16:18:09       0m 28s  ...               19.31         0.52
22  2026-01-23 16:18:37       0m 31s  ...               42.05         1.16
23  2026-01-23 16:19:08       0m 24s  ...                6.56         0.18
24  2026-01-23 16:19:32       0m 25s  ...                1.51         0.04
25  2026-01-23 16:19:58       0m 27s  ...                8.51         0.22
26  2026-01-23 16:20:25       0m 27s  ...               12.12         0.31
27  2026-01-23 16:20:53       0m 29s  ...               32.69         0.79
28  2026-01-23 16:21:23       0m 26s  ...                2.15         0.06
29  2026-01-23 16:21:49       0m 26s  ...                2.94         0.07
30  2026-01-23 16:22:15       0m 27s  ...               12.91         0.30
31  2026-01-23 16:22:43       0m 28s  ...               42.77         1.19
32  2026-01-23 16:23:11       0m 34s  ...               65.54         1.89
33  2026-01-23 16:23:45       0m 26s  ...               10.11         0.24
34  2026-01-23 16:24:12       0m 26s  ...                4.05         0.11
35  2026-01-23 16:24:38       0m 25s  ...                1.89         0.05

[36 rows x 24 columns]
              timestamp time_elapsed  ... severity_rate_patch Gradient_sr2
0   2026-01-23 16:08:07       0m 25s  ...                1.74         0.04
1   2026-01-23 16:08:33       0m 25s  ...                4.36         0.11
2   2026-01-23 16:08:58       0m 26s  ...                0.85         0.02
3   2026-01-23 16:09:25       0m 29s  ...               25.47         0.67
4   2026-01-23 16:09:54       0m 30s  ...               37.39         0.99
5   2026-01-23 16:10:25       0m 25s  ...                0.45         0.01
6   2026-01-23 16:10:51       0m 30s  ...               38.62         0.91
7   2026-01-23 16:11:21       0m 29s  ...               19.86         0.56
8   2026-01-23 16:11:50       0m 28s  ...               39.61         1.05
9   2026-01-23 16:12:19       0m 25s  ...                1.79         0.05
10  2026-01-23 16:12:45       0m 25s  ...                2.79         0.07
11  2026-01-23 16:13:11       0m 28s  ...               20.77         0.49
12  2026-01-23 16:13:40       0m 27s  ...               20.60         0.51
13  2026-01-23 16:14:07       0m 27s  ...               15.28         0.35
14  2026-01-23 16:14:34       0m 30s  ...               30.18         0.79
15  2026-01-23 16:15:05       0m 29s  ...               19.25         0.48
16  2026-01-23 16:15:34       0m 39s  ...               85.84         2.58
17  2026-01-23 16:16:13       0m 25s  ...                0.76         0.02
18  2026-01-23 16:16:39       0m 28s  ...               23.22         0.57
19  2026-01-23 16:17:08       0m 34s  ...               62.76         1.72
20  2026-01-23 16:17:43       0m 25s  ...                1.10         0.03
21  2026-01-23 16:18:09       0m 28s  ...               19.31         0.52
22  2026-01-23 16:18:37       0m 31s  ...               42.05         1.16
23  2026-01-23 16:19:08       0m 24s  ...                6.56         0.18
24  2026-01-23 16:19:32       0m 25s  ...                1.51         0.04
25  2026-01-23 16:19:58       0m 27s  ...                8.51         0.22
26  2026-01-23 16:20:25       0m 27s  ...               12.12         0.31
27  2026-01-23 16:20:53       0m 29s  ...               32.69         0.79
28  2026-01-23 16:21:23       0m 26s  ...                2.15         0.06
29  2026-01-23 16:21:49       0m 26s  ...                2.94         0.07
30  2026-01-23 16:22:15       0m 27s  ...               12.91         0.30
31  2026-01-23 16:22:43       0m 28s  ...               42.77         1.19
32  2026-01-23 16:23:11       0m 34s  ...               65.54         1.89
33  2026-01-23 16:23:45       0m 26s  ...               10.11         0.24
34  2026-01-23 16:24:12       0m 26s  ...                4.05         0.11
35  2026-01-23 16:24:38       0m 25s  ...                1.89         0.05
36  2026-01-23 16:25:04       0m 26s  ...                5.54         0.15

[37 rows x 24 columns]
[2026-01-23 16:26:53,143] - [root] - [INFO] - Analysis finished: 0m 31s
[2026-01-23 16:26:53,143] - [root] - [INFO] - -------------------------------------------
[2026-01-23 16:26:53,143] - [root] - [INFO] - -------------------------------------------
[2026-01-23 16:26:53,143] - [root] - [INFO] - Processing 1-22-2026 5dpi 097-W2021009-163_R1.png
[2026-01-23 16:27:10,568] - [root] - [INFO] - Finished loading mask: 0m 17s
[2026-01-23 16:27:25,947] - [root] - [INFO] - Finished crop and inference: 0m 32s
[2026-01-23 16:27:27,448] - [root] - [INFO] - Analysis finished: 0m 34s
[2026-01-23 16:27:27,448] - [root] - [INFO] - -------------------------------------------
[2026-01-23 16:27:27,448] - [root] - [INFO] - -------------------------------------------
[2026-01-23 16:27:27,448] - [root] - [INFO] - Processing 1-22-2026 5dpi 099-W2021006-611_R2.png
[2026-01-23 16:27:45,047] - [root] - [INFO] - Finished loading mask: 0m 17s
[2026-01-23 16:27:58,518] - [root] - [INFO] - Finished crop and inference: 0m 31s
              timestamp time_elapsed  ... severity_rate_patch Gradient_sr2
0   2026-01-23 16:08:07       0m 25s  ...                1.74         0.04
1   2026-01-23 16:08:33       0m 25s  ...                4.36         0.11
2   2026-01-23 16:08:58       0m 26s  ...                0.85         0.02
3   2026-01-23 16:09:25       0m 29s  ...               25.47         0.67
4   2026-01-23 16:09:54       0m 30s  ...               37.39         0.99
5   2026-01-23 16:10:25       0m 25s  ...                0.45         0.01
6   2026-01-23 16:10:51       0m 30s  ...               38.62         0.91
7   2026-01-23 16:11:21       0m 29s  ...               19.86         0.56
8   2026-01-23 16:11:50       0m 28s  ...               39.61         1.05
9   2026-01-23 16:12:19       0m 25s  ...                1.79         0.05
10  2026-01-23 16:12:45       0m 25s  ...                2.79         0.07
11  2026-01-23 16:13:11       0m 28s  ...               20.77         0.49
12  2026-01-23 16:13:40       0m 27s  ...               20.60         0.51
13  2026-01-23 16:14:07       0m 27s  ...               15.28         0.35
14  2026-01-23 16:14:34       0m 30s  ...               30.18         0.79
15  2026-01-23 16:15:05       0m 29s  ...               19.25         0.48
16  2026-01-23 16:15:34       0m 39s  ...               85.84         2.58
17  2026-01-23 16:16:13       0m 25s  ...                0.76         0.02
18  2026-01-23 16:16:39       0m 28s  ...               23.22         0.57
19  2026-01-23 16:17:08       0m 34s  ...               62.76         1.72
20  2026-01-23 16:17:43       0m 25s  ...                1.10         0.03
21  2026-01-23 16:18:09       0m 28s  ...               19.31         0.52
22  2026-01-23 16:18:37       0m 31s  ...               42.05         1.16
23  2026-01-23 16:19:08       0m 24s  ...                6.56         0.18
24  2026-01-23 16:19:32       0m 25s  ...                1.51         0.04
25  2026-01-23 16:19:58       0m 27s  ...                8.51         0.22
26  2026-01-23 16:20:25       0m 27s  ...               12.12         0.31
27  2026-01-23 16:20:53       0m 29s  ...               32.69         0.79
28  2026-01-23 16:21:23       0m 26s  ...                2.15         0.06
29  2026-01-23 16:21:49       0m 26s  ...                2.94         0.07
30  2026-01-23 16:22:15       0m 27s  ...               12.91         0.30
31  2026-01-23 16:22:43       0m 28s  ...               42.77         1.19
32  2026-01-23 16:23:11       0m 34s  ...               65.54         1.89
33  2026-01-23 16:23:45       0m 26s  ...               10.11         0.24
34  2026-01-23 16:24:12       0m 26s  ...                4.05         0.11
35  2026-01-23 16:24:38       0m 25s  ...                1.89         0.05
36  2026-01-23 16:25:04       0m 26s  ...                5.54         0.15
37  2026-01-23 16:25:31       0m 25s  ...                0.46         0.01

[38 rows x 24 columns]
              timestamp time_elapsed  ... severity_rate_patch Gradient_sr2
0   2026-01-23 16:08:07       0m 25s  ...                1.74         0.04
1   2026-01-23 16:08:33       0m 25s  ...                4.36         0.11
2   2026-01-23 16:08:58       0m 26s  ...                0.85         0.02
3   2026-01-23 16:09:25       0m 29s  ...               25.47         0.67
4   2026-01-23 16:09:54       0m 30s  ...               37.39         0.99
5   2026-01-23 16:10:25       0m 25s  ...                0.45         0.01
6   2026-01-23 16:10:51       0m 30s  ...               38.62         0.91
7   2026-01-23 16:11:21       0m 29s  ...               19.86         0.56
8   2026-01-23 16:11:50       0m 28s  ...               39.61         1.05
9   2026-01-23 16:12:19       0m 25s  ...                1.79         0.05
10  2026-01-23 16:12:45       0m 25s  ...                2.79         0.07
11  2026-01-23 16:13:11       0m 28s  ...               20.77         0.49
12  2026-01-23 16:13:40       0m 27s  ...               20.60         0.51
13  2026-01-23 16:14:07       0m 27s  ...               15.28         0.35
14  2026-01-23 16:14:34       0m 30s  ...               30.18         0.79
15  2026-01-23 16:15:05       0m 29s  ...               19.25         0.48
16  2026-01-23 16:15:34       0m 39s  ...               85.84         2.58
17  2026-01-23 16:16:13       0m 25s  ...                0.76         0.02
18  2026-01-23 16:16:39       0m 28s  ...               23.22         0.57
19  2026-01-23 16:17:08       0m 34s  ...               62.76         1.72
20  2026-01-23 16:17:43       0m 25s  ...                1.10         0.03
21  2026-01-23 16:18:09       0m 28s  ...               19.31         0.52
22  2026-01-23 16:18:37       0m 31s  ...               42.05         1.16
23  2026-01-23 16:19:08       0m 24s  ...                6.56         0.18
24  2026-01-23 16:19:32       0m 25s  ...                1.51         0.04
25  2026-01-23 16:19:58       0m 27s  ...                8.51         0.22
26  2026-01-23 16:20:25       0m 27s  ...               12.12         0.31
27  2026-01-23 16:20:53       0m 29s  ...               32.69         0.79
28  2026-01-23 16:21:23       0m 26s  ...                2.15         0.06
29  2026-01-23 16:21:49       0m 26s  ...                2.94         0.07
30  2026-01-23 16:22:15       0m 27s  ...               12.91         0.30
31  2026-01-23 16:22:43       0m 28s  ...               42.77         1.19
32  2026-01-23 16:23:11       0m 34s  ...               65.54         1.89
33  2026-01-23 16:23:45       0m 26s  ...               10.11         0.24
34  2026-01-23 16:24:12       0m 26s  ...                4.05         0.11
35  2026-01-23 16:24:38       0m 25s  ...                1.89         0.05
36  2026-01-23 16:25:04       0m 26s  ...                5.54         0.15
37  2026-01-23 16:25:31       0m 25s  ...                0.46         0.01
38  2026-01-23 16:25:56       0m 24s  ...                1.59         0.04

[39 rows x 24 columns]
[2026-01-23 16:27:59,948] - [root] - [INFO] - Analysis finished: 0m 32s
[2026-01-23 16:27:59,948] - [root] - [INFO] - -------------------------------------------
[2026-01-23 16:27:59,948] - [root] - [INFO] - -------------------------------------------
[2026-01-23 16:27:59,948] - [root] - [INFO] - Processing 1-22-2026 5dpi 101-W2021011-565_R1.png
[2026-01-23 16:28:17,654] - [root] - [INFO] - Finished loading mask: 0m 17s
[2026-01-23 16:28:37,076] - [root] - [INFO] - Finished crop and inference: 0m 37s
[2026-01-23 16:28:38,559] - [root] - [INFO] - Analysis finished: 0m 38s
[2026-01-23 16:28:38,559] - [root] - [INFO] - -------------------------------------------
[2026-01-23 16:28:38,559] - [root] - [INFO] - -------------------------------------------
[2026-01-23 16:28:38,559] - [root] - [INFO] - Processing 1-22-2026 5dpi 105-W2021011-558_R1.png
[2026-01-23 16:28:54,996] - [root] - [INFO] - Finished loading mask: 0m 16s
[2026-01-23 16:29:02,623] - [root] - [INFO] - Finished crop and inference: 0m 24s
              timestamp time_elapsed  ... severity_rate_patch Gradient_sr2
0   2026-01-23 16:08:07       0m 25s  ...                1.74         0.04
1   2026-01-23 16:08:33       0m 25s  ...                4.36         0.11
2   2026-01-23 16:08:58       0m 26s  ...                0.85         0.02
3   2026-01-23 16:09:25       0m 29s  ...               25.47         0.67
4   2026-01-23 16:09:54       0m 30s  ...               37.39         0.99
5   2026-01-23 16:10:25       0m 25s  ...                0.45         0.01
6   2026-01-23 16:10:51       0m 30s  ...               38.62         0.91
7   2026-01-23 16:11:21       0m 29s  ...               19.86         0.56
8   2026-01-23 16:11:50       0m 28s  ...               39.61         1.05
9   2026-01-23 16:12:19       0m 25s  ...                1.79         0.05
10  2026-01-23 16:12:45       0m 25s  ...                2.79         0.07
11  2026-01-23 16:13:11       0m 28s  ...               20.77         0.49
12  2026-01-23 16:13:40       0m 27s  ...               20.60         0.51
13  2026-01-23 16:14:07       0m 27s  ...               15.28         0.35
14  2026-01-23 16:14:34       0m 30s  ...               30.18         0.79
15  2026-01-23 16:15:05       0m 29s  ...               19.25         0.48
16  2026-01-23 16:15:34       0m 39s  ...               85.84         2.58
17  2026-01-23 16:16:13       0m 25s  ...                0.76         0.02
18  2026-01-23 16:16:39       0m 28s  ...               23.22         0.57
19  2026-01-23 16:17:08       0m 34s  ...               62.76         1.72
20  2026-01-23 16:17:43       0m 25s  ...                1.10         0.03
21  2026-01-23 16:18:09       0m 28s  ...               19.31         0.52
22  2026-01-23 16:18:37       0m 31s  ...               42.05         1.16
23  2026-01-23 16:19:08       0m 24s  ...                6.56         0.18
24  2026-01-23 16:19:32       0m 25s  ...                1.51         0.04
25  2026-01-23 16:19:58       0m 27s  ...                8.51         0.22
26  2026-01-23 16:20:25       0m 27s  ...               12.12         0.31
27  2026-01-23 16:20:53       0m 29s  ...               32.69         0.79
28  2026-01-23 16:21:23       0m 26s  ...                2.15         0.06
29  2026-01-23 16:21:49       0m 26s  ...                2.94         0.07
30  2026-01-23 16:22:15       0m 27s  ...               12.91         0.30
31  2026-01-23 16:22:43       0m 28s  ...               42.77         1.19
32  2026-01-23 16:23:11       0m 34s  ...               65.54         1.89
33  2026-01-23 16:23:45       0m 26s  ...               10.11         0.24
34  2026-01-23 16:24:12       0m 26s  ...                4.05         0.11
35  2026-01-23 16:24:38       0m 25s  ...                1.89         0.05
36  2026-01-23 16:25:04       0m 26s  ...                5.54         0.15
37  2026-01-23 16:25:31       0m 25s  ...                0.46         0.01
38  2026-01-23 16:25:56       0m 24s  ...                1.59         0.04
39  2026-01-23 16:26:21       0m 31s  ...               43.85         1.03

[40 rows x 24 columns]
              timestamp time_elapsed  ... severity_rate_patch Gradient_sr2
0   2026-01-23 16:08:07       0m 25s  ...                1.74         0.04
1   2026-01-23 16:08:33       0m 25s  ...                4.36         0.11
2   2026-01-23 16:08:58       0m 26s  ...                0.85         0.02
3   2026-01-23 16:09:25       0m 29s  ...               25.47         0.67
4   2026-01-23 16:09:54       0m 30s  ...               37.39         0.99
5   2026-01-23 16:10:25       0m 25s  ...                0.45         0.01
6   2026-01-23 16:10:51       0m 30s  ...               38.62         0.91
7   2026-01-23 16:11:21       0m 29s  ...               19.86         0.56
8   2026-01-23 16:11:50       0m 28s  ...               39.61         1.05
9   2026-01-23 16:12:19       0m 25s  ...                1.79         0.05
10  2026-01-23 16:12:45       0m 25s  ...                2.79         0.07
11  2026-01-23 16:13:11       0m 28s  ...               20.77         0.49
12  2026-01-23 16:13:40       0m 27s  ...               20.60         0.51
13  2026-01-23 16:14:07       0m 27s  ...               15.28         0.35
14  2026-01-23 16:14:34       0m 30s  ...               30.18         0.79
15  2026-01-23 16:15:05       0m 29s  ...               19.25         0.48
16  2026-01-23 16:15:34       0m 39s  ...               85.84         2.58
17  2026-01-23 16:16:13       0m 25s  ...                0.76         0.02
18  2026-01-23 16:16:39       0m 28s  ...               23.22         0.57
19  2026-01-23 16:17:08       0m 34s  ...               62.76         1.72
20  2026-01-23 16:17:43       0m 25s  ...                1.10         0.03
21  2026-01-23 16:18:09       0m 28s  ...               19.31         0.52
22  2026-01-23 16:18:37       0m 31s  ...               42.05         1.16
23  2026-01-23 16:19:08       0m 24s  ...                6.56         0.18
24  2026-01-23 16:19:32       0m 25s  ...                1.51         0.04
25  2026-01-23 16:19:58       0m 27s  ...                8.51         0.22
26  2026-01-23 16:20:25       0m 27s  ...               12.12         0.31
27  2026-01-23 16:20:53       0m 29s  ...               32.69         0.79
28  2026-01-23 16:21:23       0m 26s  ...                2.15         0.06
29  2026-01-23 16:21:49       0m 26s  ...                2.94         0.07
30  2026-01-23 16:22:15       0m 27s  ...               12.91         0.30
31  2026-01-23 16:22:43       0m 28s  ...               42.77         1.19
32  2026-01-23 16:23:11       0m 34s  ...               65.54         1.89
33  2026-01-23 16:23:45       0m 26s  ...               10.11         0.24
34  2026-01-23 16:24:12       0m 26s  ...                4.05         0.11
35  2026-01-23 16:24:38       0m 25s  ...                1.89         0.05
36  2026-01-23 16:25:04       0m 26s  ...                5.54         0.15
37  2026-01-23 16:25:31       0m 25s  ...                0.46         0.01
38  2026-01-23 16:25:56       0m 24s  ...                1.59         0.04
39  2026-01-23 16:26:21       0m 31s  ...               43.85         1.03
40  2026-01-23 16:26:53       0m 34s  ...               61.84         1.56

[41 rows x 24 columns]
[2026-01-23 16:29:04,196] - [root] - [INFO] - Analysis finished: 0m 25s
[2026-01-23 16:29:04,196] - [root] - [INFO] - -------------------------------------------
[2026-01-23 16:29:04,196] - [root] - [INFO] - -------------------------------------------
[2026-01-23 16:29:04,197] - [root] - [INFO] - Processing 1-22-2026 5dpi 110-W2021011-454_R2.png
[2026-01-23 16:29:21,052] - [root] - [INFO] - Finished loading mask: 0m 16s
[2026-01-23 16:29:30,777] - [root] - [INFO] - Finished crop and inference: 0m 26s
[2026-01-23 16:29:32,247] - [root] - [INFO] - Analysis finished: 0m 28s
[2026-01-23 16:29:32,247] - [root] - [INFO] - -------------------------------------------
[2026-01-23 16:29:32,247] - [root] - [INFO] - -------------------------------------------
[2026-01-23 16:29:32,247] - [root] - [INFO] - Processing 1-22-2026 5dpi 111-W2021011-588_R2.png
[2026-01-23 16:29:49,191] - [root] - [INFO] - Finished loading mask: 0m 16s
[2026-01-23 16:29:57,703] - [root] - [INFO] - Finished crop and inference: 0m 25s
              timestamp time_elapsed  ... severity_rate_patch Gradient_sr2
0   2026-01-23 16:08:07       0m 25s  ...                1.74         0.04
1   2026-01-23 16:08:33       0m 25s  ...                4.36         0.11
2   2026-01-23 16:08:58       0m 26s  ...                0.85         0.02
3   2026-01-23 16:09:25       0m 29s  ...               25.47         0.67
4   2026-01-23 16:09:54       0m 30s  ...               37.39         0.99
5   2026-01-23 16:10:25       0m 25s  ...                0.45         0.01
6   2026-01-23 16:10:51       0m 30s  ...               38.62         0.91
7   2026-01-23 16:11:21       0m 29s  ...               19.86         0.56
8   2026-01-23 16:11:50       0m 28s  ...               39.61         1.05
9   2026-01-23 16:12:19       0m 25s  ...                1.79         0.05
10  2026-01-23 16:12:45       0m 25s  ...                2.79         0.07
11  2026-01-23 16:13:11       0m 28s  ...               20.77         0.49
12  2026-01-23 16:13:40       0m 27s  ...               20.60         0.51
13  2026-01-23 16:14:07       0m 27s  ...               15.28         0.35
14  2026-01-23 16:14:34       0m 30s  ...               30.18         0.79
15  2026-01-23 16:15:05       0m 29s  ...               19.25         0.48
16  2026-01-23 16:15:34       0m 39s  ...               85.84         2.58
17  2026-01-23 16:16:13       0m 25s  ...                0.76         0.02
18  2026-01-23 16:16:39       0m 28s  ...               23.22         0.57
19  2026-01-23 16:17:08       0m 34s  ...               62.76         1.72
20  2026-01-23 16:17:43       0m 25s  ...                1.10         0.03
21  2026-01-23 16:18:09       0m 28s  ...               19.31         0.52
22  2026-01-23 16:18:37       0m 31s  ...               42.05         1.16
23  2026-01-23 16:19:08       0m 24s  ...                6.56         0.18
24  2026-01-23 16:19:32       0m 25s  ...                1.51         0.04
25  2026-01-23 16:19:58       0m 27s  ...                8.51         0.22
26  2026-01-23 16:20:25       0m 27s  ...               12.12         0.31
27  2026-01-23 16:20:53       0m 29s  ...               32.69         0.79
28  2026-01-23 16:21:23       0m 26s  ...                2.15         0.06
29  2026-01-23 16:21:49       0m 26s  ...                2.94         0.07
30  2026-01-23 16:22:15       0m 27s  ...               12.91         0.30
31  2026-01-23 16:22:43       0m 28s  ...               42.77         1.19
32  2026-01-23 16:23:11       0m 34s  ...               65.54         1.89
33  2026-01-23 16:23:45       0m 26s  ...               10.11         0.24
34  2026-01-23 16:24:12       0m 26s  ...                4.05         0.11
35  2026-01-23 16:24:38       0m 25s  ...                1.89         0.05
36  2026-01-23 16:25:04       0m 26s  ...                5.54         0.15
37  2026-01-23 16:25:31       0m 25s  ...                0.46         0.01
38  2026-01-23 16:25:56       0m 24s  ...                1.59         0.04
39  2026-01-23 16:26:21       0m 31s  ...               43.85         1.03
40  2026-01-23 16:26:53       0m 34s  ...               61.84         1.56
41  2026-01-23 16:27:27       0m 32s  ...               46.89         1.19

[42 rows x 24 columns]
              timestamp time_elapsed  ... severity_rate_patch Gradient_sr2
0   2026-01-23 16:08:07       0m 25s  ...                1.74         0.04
1   2026-01-23 16:08:33       0m 25s  ...                4.36         0.11
2   2026-01-23 16:08:58       0m 26s  ...                0.85         0.02
3   2026-01-23 16:09:25       0m 29s  ...               25.47         0.67
4   2026-01-23 16:09:54       0m 30s  ...               37.39         0.99
5   2026-01-23 16:10:25       0m 25s  ...                0.45         0.01
6   2026-01-23 16:10:51       0m 30s  ...               38.62         0.91
7   2026-01-23 16:11:21       0m 29s  ...               19.86         0.56
8   2026-01-23 16:11:50       0m 28s  ...               39.61         1.05
9   2026-01-23 16:12:19       0m 25s  ...                1.79         0.05
10  2026-01-23 16:12:45       0m 25s  ...                2.79         0.07
11  2026-01-23 16:13:11       0m 28s  ...               20.77         0.49
12  2026-01-23 16:13:40       0m 27s  ...               20.60         0.51
13  2026-01-23 16:14:07       0m 27s  ...               15.28         0.35
14  2026-01-23 16:14:34       0m 30s  ...               30.18         0.79
15  2026-01-23 16:15:05       0m 29s  ...               19.25         0.48
16  2026-01-23 16:15:34       0m 39s  ...               85.84         2.58
17  2026-01-23 16:16:13       0m 25s  ...                0.76         0.02
18  2026-01-23 16:16:39       0m 28s  ...               23.22         0.57
19  2026-01-23 16:17:08       0m 34s  ...               62.76         1.72
20  2026-01-23 16:17:43       0m 25s  ...                1.10         0.03
21  2026-01-23 16:18:09       0m 28s  ...               19.31         0.52
22  2026-01-23 16:18:37       0m 31s  ...               42.05         1.16
23  2026-01-23 16:19:08       0m 24s  ...                6.56         0.18
24  2026-01-23 16:19:32       0m 25s  ...                1.51         0.04
25  2026-01-23 16:19:58       0m 27s  ...                8.51         0.22
26  2026-01-23 16:20:25       0m 27s  ...               12.12         0.31
27  2026-01-23 16:20:53       0m 29s  ...               32.69         0.79
28  2026-01-23 16:21:23       0m 26s  ...                2.15         0.06
29  2026-01-23 16:21:49       0m 26s  ...                2.94         0.07
30  2026-01-23 16:22:15       0m 27s  ...               12.91         0.30
31  2026-01-23 16:22:43       0m 28s  ...               42.77         1.19
32  2026-01-23 16:23:11       0m 34s  ...               65.54         1.89
33  2026-01-23 16:23:45       0m 26s  ...               10.11         0.24
34  2026-01-23 16:24:12       0m 26s  ...                4.05         0.11
35  2026-01-23 16:24:38       0m 25s  ...                1.89         0.05
36  2026-01-23 16:25:04       0m 26s  ...                5.54         0.15
37  2026-01-23 16:25:31       0m 25s  ...                0.46         0.01
38  2026-01-23 16:25:56       0m 24s  ...                1.59         0.04
39  2026-01-23 16:26:21       0m 31s  ...               43.85         1.03
40  2026-01-23 16:26:53       0m 34s  ...               61.84         1.56
41  2026-01-23 16:27:27       0m 32s  ...               46.89         1.19
42  2026-01-23 16:27:59       0m 38s  ...               80.70         2.32

[43 rows x 24 columns]
[2026-01-23 16:29:59,167] - [root] - [INFO] - Analysis finished: 0m 26s
[2026-01-23 16:29:59,167] - [root] - [INFO] - -------------------------------------------
[2026-01-23 16:29:59,167] - [root] - [INFO] - -------------------------------------------
[2026-01-23 16:29:59,167] - [root] - [INFO] - Processing 1-22-2026 5dpi 121-W2021009-185_R1.png
[2026-01-23 16:30:16,065] - [root] - [INFO] - Finished loading mask: 0m 16s
[2026-01-23 16:30:24,478] - [root] - [INFO] - Finished crop and inference: 0m 25s
[2026-01-23 16:30:26,020] - [root] - [INFO] - Analysis finished: 0m 26s
[2026-01-23 16:30:26,021] - [root] - [INFO] - -------------------------------------------
[2026-01-23 16:30:26,021] - [root] - [INFO] - -------------------------------------------
[2026-01-23 16:30:26,021] - [root] - [INFO] - Processing 1-22-2026 5dpi 123-W2021009-255_R2.png
[2026-01-23 16:30:42,642] - [root] - [INFO] - Finished loading mask: 0m 16s
[2026-01-23 16:30:52,031] - [root] - [INFO] - Finished crop and inference: 0m 26s
              timestamp time_elapsed  ... severity_rate_patch Gradient_sr2
0   2026-01-23 16:08:07       0m 25s  ...                1.74         0.04
1   2026-01-23 16:08:33       0m 25s  ...                4.36         0.11
2   2026-01-23 16:08:58       0m 26s  ...                0.85         0.02
3   2026-01-23 16:09:25       0m 29s  ...               25.47         0.67
4   2026-01-23 16:09:54       0m 30s  ...               37.39         0.99
5   2026-01-23 16:10:25       0m 25s  ...                0.45         0.01
6   2026-01-23 16:10:51       0m 30s  ...               38.62         0.91
7   2026-01-23 16:11:21       0m 29s  ...               19.86         0.56
8   2026-01-23 16:11:50       0m 28s  ...               39.61         1.05
9   2026-01-23 16:12:19       0m 25s  ...                1.79         0.05
10  2026-01-23 16:12:45       0m 25s  ...                2.79         0.07
11  2026-01-23 16:13:11       0m 28s  ...               20.77         0.49
12  2026-01-23 16:13:40       0m 27s  ...               20.60         0.51
13  2026-01-23 16:14:07       0m 27s  ...               15.28         0.35
14  2026-01-23 16:14:34       0m 30s  ...               30.18         0.79
15  2026-01-23 16:15:05       0m 29s  ...               19.25         0.48
16  2026-01-23 16:15:34       0m 39s  ...               85.84         2.58
17  2026-01-23 16:16:13       0m 25s  ...                0.76         0.02
18  2026-01-23 16:16:39       0m 28s  ...               23.22         0.57
19  2026-01-23 16:17:08       0m 34s  ...               62.76         1.72
20  2026-01-23 16:17:43       0m 25s  ...                1.10         0.03
21  2026-01-23 16:18:09       0m 28s  ...               19.31         0.52
22  2026-01-23 16:18:37       0m 31s  ...               42.05         1.16
23  2026-01-23 16:19:08       0m 24s  ...                6.56         0.18
24  2026-01-23 16:19:32       0m 25s  ...                1.51         0.04
25  2026-01-23 16:19:58       0m 27s  ...                8.51         0.22
26  2026-01-23 16:20:25       0m 27s  ...               12.12         0.31
27  2026-01-23 16:20:53       0m 29s  ...               32.69         0.79
28  2026-01-23 16:21:23       0m 26s  ...                2.15         0.06
29  2026-01-23 16:21:49       0m 26s  ...                2.94         0.07
30  2026-01-23 16:22:15       0m 27s  ...               12.91         0.30
31  2026-01-23 16:22:43       0m 28s  ...               42.77         1.19
32  2026-01-23 16:23:11       0m 34s  ...               65.54         1.89
33  2026-01-23 16:23:45       0m 26s  ...               10.11         0.24
34  2026-01-23 16:24:12       0m 26s  ...                4.05         0.11
35  2026-01-23 16:24:38       0m 25s  ...                1.89         0.05
36  2026-01-23 16:25:04       0m 26s  ...                5.54         0.15
37  2026-01-23 16:25:31       0m 25s  ...                0.46         0.01
38  2026-01-23 16:25:56       0m 24s  ...                1.59         0.04
39  2026-01-23 16:26:21       0m 31s  ...               43.85         1.03
40  2026-01-23 16:26:53       0m 34s  ...               61.84         1.56
41  2026-01-23 16:27:27       0m 32s  ...               46.89         1.19
42  2026-01-23 16:27:59       0m 38s  ...               80.70         2.32
43  2026-01-23 16:28:38       0m 25s  ...                2.90         0.07

[44 rows x 24 columns]
              timestamp time_elapsed  ... severity_rate_patch Gradient_sr2
0   2026-01-23 16:08:07       0m 25s  ...                1.74         0.04
1   2026-01-23 16:08:33       0m 25s  ...                4.36         0.11
2   2026-01-23 16:08:58       0m 26s  ...                0.85         0.02
3   2026-01-23 16:09:25       0m 29s  ...               25.47         0.67
4   2026-01-23 16:09:54       0m 30s  ...               37.39         0.99
5   2026-01-23 16:10:25       0m 25s  ...                0.45         0.01
6   2026-01-23 16:10:51       0m 30s  ...               38.62         0.91
7   2026-01-23 16:11:21       0m 29s  ...               19.86         0.56
8   2026-01-23 16:11:50       0m 28s  ...               39.61         1.05
9   2026-01-23 16:12:19       0m 25s  ...                1.79         0.05
10  2026-01-23 16:12:45       0m 25s  ...                2.79         0.07
11  2026-01-23 16:13:11       0m 28s  ...               20.77         0.49
12  2026-01-23 16:13:40       0m 27s  ...               20.60         0.51
13  2026-01-23 16:14:07       0m 27s  ...               15.28         0.35
14  2026-01-23 16:14:34       0m 30s  ...               30.18         0.79
15  2026-01-23 16:15:05       0m 29s  ...               19.25         0.48
16  2026-01-23 16:15:34       0m 39s  ...               85.84         2.58
17  2026-01-23 16:16:13       0m 25s  ...                0.76         0.02
18  2026-01-23 16:16:39       0m 28s  ...               23.22         0.57
19  2026-01-23 16:17:08       0m 34s  ...               62.76         1.72
20  2026-01-23 16:17:43       0m 25s  ...                1.10         0.03
21  2026-01-23 16:18:09       0m 28s  ...               19.31         0.52
22  2026-01-23 16:18:37       0m 31s  ...               42.05         1.16
23  2026-01-23 16:19:08       0m 24s  ...                6.56         0.18
24  2026-01-23 16:19:32       0m 25s  ...                1.51         0.04
25  2026-01-23 16:19:58       0m 27s  ...                8.51         0.22
26  2026-01-23 16:20:25       0m 27s  ...               12.12         0.31
27  2026-01-23 16:20:53       0m 29s  ...               32.69         0.79
28  2026-01-23 16:21:23       0m 26s  ...                2.15         0.06
29  2026-01-23 16:21:49       0m 26s  ...                2.94         0.07
30  2026-01-23 16:22:15       0m 27s  ...               12.91         0.30
31  2026-01-23 16:22:43       0m 28s  ...               42.77         1.19
32  2026-01-23 16:23:11       0m 34s  ...               65.54         1.89
33  2026-01-23 16:23:45       0m 26s  ...               10.11         0.24
34  2026-01-23 16:24:12       0m 26s  ...                4.05         0.11
35  2026-01-23 16:24:38       0m 25s  ...                1.89         0.05
36  2026-01-23 16:25:04       0m 26s  ...                5.54         0.15
37  2026-01-23 16:25:31       0m 25s  ...                0.46         0.01
38  2026-01-23 16:25:56       0m 24s  ...                1.59         0.04
39  2026-01-23 16:26:21       0m 31s  ...               43.85         1.03
40  2026-01-23 16:26:53       0m 34s  ...               61.84         1.56
41  2026-01-23 16:27:27       0m 32s  ...               46.89         1.19
42  2026-01-23 16:27:59       0m 38s  ...               80.70         2.32
43  2026-01-23 16:28:38       0m 25s  ...                2.90         0.07
44  2026-01-23 16:29:04       0m 28s  ...               11.56         0.29

[45 rows x 24 columns]
[2026-01-23 16:30:53,521] - [root] - [INFO] - Analysis finished: 0m 27s
[2026-01-23 16:30:53,522] - [root] - [INFO] - -------------------------------------------
[2026-01-23 16:30:53,522] - [root] - [INFO] - -------------------------------------------
[2026-01-23 16:30:53,522] - [root] - [INFO] - Processing 1-22-2026 5dpi 123-W2021009-621_R2.png
[2026-01-23 16:31:10,283] - [root] - [INFO] - Finished loading mask: 0m 16s
[2026-01-23 16:31:18,990] - [root] - [INFO] - Finished crop and inference: 0m 25s
[2026-01-23 16:31:20,488] - [root] - [INFO] - Analysis finished: 0m 26s
[2026-01-23 16:31:20,488] - [root] - [INFO] - -------------------------------------------
[2026-01-23 16:31:20,488] - [root] - [INFO] - -------------------------------------------
[2026-01-23 16:31:20,488] - [root] - [INFO] - Processing 1-22-2026 5dpi 127-W2021006-143_R2.png
[2026-01-23 16:31:37,224] - [root] - [INFO] - Finished loading mask: 0m 16s
[2026-01-23 16:31:44,889] - [root] - [INFO] - Finished crop and inference: 0m 24s
              timestamp time_elapsed  ... severity_rate_patch Gradient_sr2
0   2026-01-23 16:08:07       0m 25s  ...                1.74         0.04
1   2026-01-23 16:08:33       0m 25s  ...                4.36         0.11
2   2026-01-23 16:08:58       0m 26s  ...                0.85         0.02
3   2026-01-23 16:09:25       0m 29s  ...               25.47         0.67
4   2026-01-23 16:09:54       0m 30s  ...               37.39         0.99
5   2026-01-23 16:10:25       0m 25s  ...                0.45         0.01
6   2026-01-23 16:10:51       0m 30s  ...               38.62         0.91
7   2026-01-23 16:11:21       0m 29s  ...               19.86         0.56
8   2026-01-23 16:11:50       0m 28s  ...               39.61         1.05
9   2026-01-23 16:12:19       0m 25s  ...                1.79         0.05
10  2026-01-23 16:12:45       0m 25s  ...                2.79         0.07
11  2026-01-23 16:13:11       0m 28s  ...               20.77         0.49
12  2026-01-23 16:13:40       0m 27s  ...               20.60         0.51
13  2026-01-23 16:14:07       0m 27s  ...               15.28         0.35
14  2026-01-23 16:14:34       0m 30s  ...               30.18         0.79
15  2026-01-23 16:15:05       0m 29s  ...               19.25         0.48
16  2026-01-23 16:15:34       0m 39s  ...               85.84         2.58
17  2026-01-23 16:16:13       0m 25s  ...                0.76         0.02
18  2026-01-23 16:16:39       0m 28s  ...               23.22         0.57
19  2026-01-23 16:17:08       0m 34s  ...               62.76         1.72
20  2026-01-23 16:17:43       0m 25s  ...                1.10         0.03
21  2026-01-23 16:18:09       0m 28s  ...               19.31         0.52
22  2026-01-23 16:18:37       0m 31s  ...               42.05         1.16
23  2026-01-23 16:19:08       0m 24s  ...                6.56         0.18
24  2026-01-23 16:19:32       0m 25s  ...                1.51         0.04
25  2026-01-23 16:19:58       0m 27s  ...                8.51         0.22
26  2026-01-23 16:20:25       0m 27s  ...               12.12         0.31
27  2026-01-23 16:20:53       0m 29s  ...               32.69         0.79
28  2026-01-23 16:21:23       0m 26s  ...                2.15         0.06
29  2026-01-23 16:21:49       0m 26s  ...                2.94         0.07
30  2026-01-23 16:22:15       0m 27s  ...               12.91         0.30
31  2026-01-23 16:22:43       0m 28s  ...               42.77         1.19
32  2026-01-23 16:23:11       0m 34s  ...               65.54         1.89
33  2026-01-23 16:23:45       0m 26s  ...               10.11         0.24
34  2026-01-23 16:24:12       0m 26s  ...                4.05         0.11
35  2026-01-23 16:24:38       0m 25s  ...                1.89         0.05
36  2026-01-23 16:25:04       0m 26s  ...                5.54         0.15
37  2026-01-23 16:25:31       0m 25s  ...                0.46         0.01
38  2026-01-23 16:25:56       0m 24s  ...                1.59         0.04
39  2026-01-23 16:26:21       0m 31s  ...               43.85         1.03
40  2026-01-23 16:26:53       0m 34s  ...               61.84         1.56
41  2026-01-23 16:27:27       0m 32s  ...               46.89         1.19
42  2026-01-23 16:27:59       0m 38s  ...               80.70         2.32
43  2026-01-23 16:28:38       0m 25s  ...                2.90         0.07
44  2026-01-23 16:29:04       0m 28s  ...               11.56         0.29
45  2026-01-23 16:29:32       0m 26s  ...                4.11         0.11

[46 rows x 24 columns]
              timestamp time_elapsed  ... severity_rate_patch Gradient_sr2
0   2026-01-23 16:08:07       0m 25s  ...                1.74         0.04
1   2026-01-23 16:08:33       0m 25s  ...                4.36         0.11
2   2026-01-23 16:08:58       0m 26s  ...                0.85         0.02
3   2026-01-23 16:09:25       0m 29s  ...               25.47         0.67
4   2026-01-23 16:09:54       0m 30s  ...               37.39         0.99
5   2026-01-23 16:10:25       0m 25s  ...                0.45         0.01
6   2026-01-23 16:10:51       0m 30s  ...               38.62         0.91
7   2026-01-23 16:11:21       0m 29s  ...               19.86         0.56
8   2026-01-23 16:11:50       0m 28s  ...               39.61         1.05
9   2026-01-23 16:12:19       0m 25s  ...                1.79         0.05
10  2026-01-23 16:12:45       0m 25s  ...                2.79         0.07
11  2026-01-23 16:13:11       0m 28s  ...               20.77         0.49
12  2026-01-23 16:13:40       0m 27s  ...               20.60         0.51
13  2026-01-23 16:14:07       0m 27s  ...               15.28         0.35
14  2026-01-23 16:14:34       0m 30s  ...               30.18         0.79
15  2026-01-23 16:15:05       0m 29s  ...               19.25         0.48
16  2026-01-23 16:15:34       0m 39s  ...               85.84         2.58
17  2026-01-23 16:16:13       0m 25s  ...                0.76         0.02
18  2026-01-23 16:16:39       0m 28s  ...               23.22         0.57
19  2026-01-23 16:17:08       0m 34s  ...               62.76         1.72
20  2026-01-23 16:17:43       0m 25s  ...                1.10         0.03
21  2026-01-23 16:18:09       0m 28s  ...               19.31         0.52
22  2026-01-23 16:18:37       0m 31s  ...               42.05         1.16
23  2026-01-23 16:19:08       0m 24s  ...                6.56         0.18
24  2026-01-23 16:19:32       0m 25s  ...                1.51         0.04
25  2026-01-23 16:19:58       0m 27s  ...                8.51         0.22
26  2026-01-23 16:20:25       0m 27s  ...               12.12         0.31
27  2026-01-23 16:20:53       0m 29s  ...               32.69         0.79
28  2026-01-23 16:21:23       0m 26s  ...                2.15         0.06
29  2026-01-23 16:21:49       0m 26s  ...                2.94         0.07
30  2026-01-23 16:22:15       0m 27s  ...               12.91         0.30
31  2026-01-23 16:22:43       0m 28s  ...               42.77         1.19
32  2026-01-23 16:23:11       0m 34s  ...               65.54         1.89
33  2026-01-23 16:23:45       0m 26s  ...               10.11         0.24
34  2026-01-23 16:24:12       0m 26s  ...                4.05         0.11
35  2026-01-23 16:24:38       0m 25s  ...                1.89         0.05
36  2026-01-23 16:25:04       0m 26s  ...                5.54         0.15
37  2026-01-23 16:25:31       0m 25s  ...                0.46         0.01
38  2026-01-23 16:25:56       0m 24s  ...                1.59         0.04
39  2026-01-23 16:26:21       0m 31s  ...               43.85         1.03
40  2026-01-23 16:26:53       0m 34s  ...               61.84         1.56
41  2026-01-23 16:27:27       0m 32s  ...               46.89         1.19
42  2026-01-23 16:27:59       0m 38s  ...               80.70         2.32
43  2026-01-23 16:28:38       0m 25s  ...                2.90         0.07
44  2026-01-23 16:29:04       0m 28s  ...               11.56         0.29
45  2026-01-23 16:29:32       0m 26s  ...                4.11         0.11
46  2026-01-23 16:29:59       0m 26s  ...               11.45         0.30

[47 rows x 24 columns]
[2026-01-23 16:31:46,363] - [root] - [INFO] - Analysis finished: 0m 25s
[2026-01-23 16:31:46,363] - [root] - [INFO] - -------------------------------------------
[2026-01-23 16:31:46,363] - [root] - [INFO] - -------------------------------------------
[2026-01-23 16:31:46,363] - [root] - [INFO] - Processing 1-22-2026 5dpi 127-W2021009-292_R2.png
[2026-01-23 16:32:04,360] - [root] - [INFO] - Finished loading mask: 0m 17s
[2026-01-23 16:32:24,174] - [root] - [INFO] - Finished crop and inference: 0m 37s
[2026-01-23 16:32:25,640] - [root] - [INFO] - Analysis finished: 0m 39s
[2026-01-23 16:32:25,640] - [root] - [INFO] - -------------------------------------------
[2026-01-23 16:32:25,640] - [root] - [INFO] - -------------------------------------------
[2026-01-23 16:32:25,640] - [root] - [INFO] - Processing 1-22-2026 5dpi 128-W2021006-013_R1.png
[2026-01-23 16:32:43,660] - [root] - [INFO] - Finished loading mask: 0m 18s
[2026-01-23 16:32:59,616] - [root] - [INFO] - Finished crop and inference: 0m 33s
              timestamp time_elapsed  ... severity_rate_patch Gradient_sr2
0   2026-01-23 16:08:07       0m 25s  ...                1.74         0.04
1   2026-01-23 16:08:33       0m 25s  ...                4.36         0.11
2   2026-01-23 16:08:58       0m 26s  ...                0.85         0.02
3   2026-01-23 16:09:25       0m 29s  ...               25.47         0.67
4   2026-01-23 16:09:54       0m 30s  ...               37.39         0.99
5   2026-01-23 16:10:25       0m 25s  ...                0.45         0.01
6   2026-01-23 16:10:51       0m 30s  ...               38.62         0.91
7   2026-01-23 16:11:21       0m 29s  ...               19.86         0.56
8   2026-01-23 16:11:50       0m 28s  ...               39.61         1.05
9   2026-01-23 16:12:19       0m 25s  ...                1.79         0.05
10  2026-01-23 16:12:45       0m 25s  ...                2.79         0.07
11  2026-01-23 16:13:11       0m 28s  ...               20.77         0.49
12  2026-01-23 16:13:40       0m 27s  ...               20.60         0.51
13  2026-01-23 16:14:07       0m 27s  ...               15.28         0.35
14  2026-01-23 16:14:34       0m 30s  ...               30.18         0.79
15  2026-01-23 16:15:05       0m 29s  ...               19.25         0.48
16  2026-01-23 16:15:34       0m 39s  ...               85.84         2.58
17  2026-01-23 16:16:13       0m 25s  ...                0.76         0.02
18  2026-01-23 16:16:39       0m 28s  ...               23.22         0.57
19  2026-01-23 16:17:08       0m 34s  ...               62.76         1.72
20  2026-01-23 16:17:43       0m 25s  ...                1.10         0.03
21  2026-01-23 16:18:09       0m 28s  ...               19.31         0.52
22  2026-01-23 16:18:37       0m 31s  ...               42.05         1.16
23  2026-01-23 16:19:08       0m 24s  ...                6.56         0.18
24  2026-01-23 16:19:32       0m 25s  ...                1.51         0.04
25  2026-01-23 16:19:58       0m 27s  ...                8.51         0.22
26  2026-01-23 16:20:25       0m 27s  ...               12.12         0.31
27  2026-01-23 16:20:53       0m 29s  ...               32.69         0.79
28  2026-01-23 16:21:23       0m 26s  ...                2.15         0.06
29  2026-01-23 16:21:49       0m 26s  ...                2.94         0.07
30  2026-01-23 16:22:15       0m 27s  ...               12.91         0.30
31  2026-01-23 16:22:43       0m 28s  ...               42.77         1.19
32  2026-01-23 16:23:11       0m 34s  ...               65.54         1.89
33  2026-01-23 16:23:45       0m 26s  ...               10.11         0.24
34  2026-01-23 16:24:12       0m 26s  ...                4.05         0.11
35  2026-01-23 16:24:38       0m 25s  ...                1.89         0.05
36  2026-01-23 16:25:04       0m 26s  ...                5.54         0.15
37  2026-01-23 16:25:31       0m 25s  ...                0.46         0.01
38  2026-01-23 16:25:56       0m 24s  ...                1.59         0.04
39  2026-01-23 16:26:21       0m 31s  ...               43.85         1.03
40  2026-01-23 16:26:53       0m 34s  ...               61.84         1.56
41  2026-01-23 16:27:27       0m 32s  ...               46.89         1.19
42  2026-01-23 16:27:59       0m 38s  ...               80.70         2.32
43  2026-01-23 16:28:38       0m 25s  ...                2.90         0.07
44  2026-01-23 16:29:04       0m 28s  ...               11.56         0.29
45  2026-01-23 16:29:32       0m 26s  ...                4.11         0.11
46  2026-01-23 16:29:59       0m 26s  ...               11.45         0.30
47  2026-01-23 16:30:26       0m 27s  ...               11.80         0.25

[48 rows x 24 columns]
              timestamp time_elapsed  ... severity_rate_patch Gradient_sr2
0   2026-01-23 16:08:07       0m 25s  ...                1.74         0.04
1   2026-01-23 16:08:33       0m 25s  ...                4.36         0.11
2   2026-01-23 16:08:58       0m 26s  ...                0.85         0.02
3   2026-01-23 16:09:25       0m 29s  ...               25.47         0.67
4   2026-01-23 16:09:54       0m 30s  ...               37.39         0.99
5   2026-01-23 16:10:25       0m 25s  ...                0.45         0.01
6   2026-01-23 16:10:51       0m 30s  ...               38.62         0.91
7   2026-01-23 16:11:21       0m 29s  ...               19.86         0.56
8   2026-01-23 16:11:50       0m 28s  ...               39.61         1.05
9   2026-01-23 16:12:19       0m 25s  ...                1.79         0.05
10  2026-01-23 16:12:45       0m 25s  ...                2.79         0.07
11  2026-01-23 16:13:11       0m 28s  ...               20.77         0.49
12  2026-01-23 16:13:40       0m 27s  ...               20.60         0.51
13  2026-01-23 16:14:07       0m 27s  ...               15.28         0.35
14  2026-01-23 16:14:34       0m 30s  ...               30.18         0.79
15  2026-01-23 16:15:05       0m 29s  ...               19.25         0.48
16  2026-01-23 16:15:34       0m 39s  ...               85.84         2.58
17  2026-01-23 16:16:13       0m 25s  ...                0.76         0.02
18  2026-01-23 16:16:39       0m 28s  ...               23.22         0.57
19  2026-01-23 16:17:08       0m 34s  ...               62.76         1.72
20  2026-01-23 16:17:43       0m 25s  ...                1.10         0.03
21  2026-01-23 16:18:09       0m 28s  ...               19.31         0.52
22  2026-01-23 16:18:37       0m 31s  ...               42.05         1.16
23  2026-01-23 16:19:08       0m 24s  ...                6.56         0.18
24  2026-01-23 16:19:32       0m 25s  ...                1.51         0.04
25  2026-01-23 16:19:58       0m 27s  ...                8.51         0.22
26  2026-01-23 16:20:25       0m 27s  ...               12.12         0.31
27  2026-01-23 16:20:53       0m 29s  ...               32.69         0.79
28  2026-01-23 16:21:23       0m 26s  ...                2.15         0.06
29  2026-01-23 16:21:49       0m 26s  ...                2.94         0.07
30  2026-01-23 16:22:15       0m 27s  ...               12.91         0.30
31  2026-01-23 16:22:43       0m 28s  ...               42.77         1.19
32  2026-01-23 16:23:11       0m 34s  ...               65.54         1.89
33  2026-01-23 16:23:45       0m 26s  ...               10.11         0.24
34  2026-01-23 16:24:12       0m 26s  ...                4.05         0.11
35  2026-01-23 16:24:38       0m 25s  ...                1.89         0.05
36  2026-01-23 16:25:04       0m 26s  ...                5.54         0.15
37  2026-01-23 16:25:31       0m 25s  ...                0.46         0.01
38  2026-01-23 16:25:56       0m 24s  ...                1.59         0.04
39  2026-01-23 16:26:21       0m 31s  ...               43.85         1.03
40  2026-01-23 16:26:53       0m 34s  ...               61.84         1.56
41  2026-01-23 16:27:27       0m 32s  ...               46.89         1.19
42  2026-01-23 16:27:59       0m 38s  ...               80.70         2.32
43  2026-01-23 16:28:38       0m 25s  ...                2.90         0.07
44  2026-01-23 16:29:04       0m 28s  ...               11.56         0.29
45  2026-01-23 16:29:32       0m 26s  ...                4.11         0.11
46  2026-01-23 16:29:59       0m 26s  ...               11.45         0.30
47  2026-01-23 16:30:26       0m 27s  ...               11.80         0.25
48  2026-01-23 16:30:53       0m 26s  ...                6.42         0.18

[49 rows x 24 columns]
[2026-01-23 16:33:01,143] - [root] - [INFO] - Analysis finished: 0m 35s
[2026-01-23 16:33:01,143] - [root] - [INFO] - -------------------------------------------
[2026-01-23 16:33:01,143] - [root] - [INFO] - -------------------------------------------
[2026-01-23 16:33:01,143] - [root] - [INFO] - Processing 1-22-2026 5dpi 129-W2021006-119_R2.png
[2026-01-23 16:33:17,945] - [root] - [INFO] - Finished loading mask: 0m 16s
[2026-01-23 16:33:27,327] - [root] - [INFO] - Finished crop and inference: 0m 26s
[2026-01-23 16:33:28,803] - [root] - [INFO] - Analysis finished: 0m 27s
[2026-01-23 16:33:28,803] - [root] - [INFO] - -------------------------------------------
[2026-01-23 16:33:28,803] - [root] - [INFO] - -------------------------------------------
[2026-01-23 16:33:28,803] - [root] - [INFO] - Processing 1-22-2026 5dpi 132-W2021010-399_R1.png
[2026-01-23 16:33:45,212] - [root] - [INFO] - Finished loading mask: 0m 16s
[2026-01-23 16:33:52,994] - [root] - [INFO] - Finished crop and inference: 0m 24s
              timestamp time_elapsed  ... severity_rate_patch Gradient_sr2
0   2026-01-23 16:08:07       0m 25s  ...                1.74         0.04
1   2026-01-23 16:08:33       0m 25s  ...                4.36         0.11
2   2026-01-23 16:08:58       0m 26s  ...                0.85         0.02
3   2026-01-23 16:09:25       0m 29s  ...               25.47         0.67
4   2026-01-23 16:09:54       0m 30s  ...               37.39         0.99
5   2026-01-23 16:10:25       0m 25s  ...                0.45         0.01
6   2026-01-23 16:10:51       0m 30s  ...               38.62         0.91
7   2026-01-23 16:11:21       0m 29s  ...               19.86         0.56
8   2026-01-23 16:11:50       0m 28s  ...               39.61         1.05
9   2026-01-23 16:12:19       0m 25s  ...                1.79         0.05
10  2026-01-23 16:12:45       0m 25s  ...                2.79         0.07
11  2026-01-23 16:13:11       0m 28s  ...               20.77         0.49
12  2026-01-23 16:13:40       0m 27s  ...               20.60         0.51
13  2026-01-23 16:14:07       0m 27s  ...               15.28         0.35
14  2026-01-23 16:14:34       0m 30s  ...               30.18         0.79
15  2026-01-23 16:15:05       0m 29s  ...               19.25         0.48
16  2026-01-23 16:15:34       0m 39s  ...               85.84         2.58
17  2026-01-23 16:16:13       0m 25s  ...                0.76         0.02
18  2026-01-23 16:16:39       0m 28s  ...               23.22         0.57
19  2026-01-23 16:17:08       0m 34s  ...               62.76         1.72
20  2026-01-23 16:17:43       0m 25s  ...                1.10         0.03
21  2026-01-23 16:18:09       0m 28s  ...               19.31         0.52
22  2026-01-23 16:18:37       0m 31s  ...               42.05         1.16
23  2026-01-23 16:19:08       0m 24s  ...                6.56         0.18
24  2026-01-23 16:19:32       0m 25s  ...                1.51         0.04
25  2026-01-23 16:19:58       0m 27s  ...                8.51         0.22
26  2026-01-23 16:20:25       0m 27s  ...               12.12         0.31
27  2026-01-23 16:20:53       0m 29s  ...               32.69         0.79
28  2026-01-23 16:21:23       0m 26s  ...                2.15         0.06
29  2026-01-23 16:21:49       0m 26s  ...                2.94         0.07
30  2026-01-23 16:22:15       0m 27s  ...               12.91         0.30
31  2026-01-23 16:22:43       0m 28s  ...               42.77         1.19
32  2026-01-23 16:23:11       0m 34s  ...               65.54         1.89
33  2026-01-23 16:23:45       0m 26s  ...               10.11         0.24
34  2026-01-23 16:24:12       0m 26s  ...                4.05         0.11
35  2026-01-23 16:24:38       0m 25s  ...                1.89         0.05
36  2026-01-23 16:25:04       0m 26s  ...                5.54         0.15
37  2026-01-23 16:25:31       0m 25s  ...                0.46         0.01
38  2026-01-23 16:25:56       0m 24s  ...                1.59         0.04
39  2026-01-23 16:26:21       0m 31s  ...               43.85         1.03
40  2026-01-23 16:26:53       0m 34s  ...               61.84         1.56
41  2026-01-23 16:27:27       0m 32s  ...               46.89         1.19
42  2026-01-23 16:27:59       0m 38s  ...               80.70         2.32
43  2026-01-23 16:28:38       0m 25s  ...                2.90         0.07
44  2026-01-23 16:29:04       0m 28s  ...               11.56         0.29
45  2026-01-23 16:29:32       0m 26s  ...                4.11         0.11
46  2026-01-23 16:29:59       0m 26s  ...               11.45         0.30
47  2026-01-23 16:30:26       0m 27s  ...               11.80         0.25
48  2026-01-23 16:30:53       0m 26s  ...                6.42         0.18
49  2026-01-23 16:31:20       0m 25s  ...                0.78         0.02

[50 rows x 24 columns]
              timestamp time_elapsed  ... severity_rate_patch Gradient_sr2
0   2026-01-23 16:08:07       0m 25s  ...                1.74         0.04
1   2026-01-23 16:08:33       0m 25s  ...                4.36         0.11
2   2026-01-23 16:08:58       0m 26s  ...                0.85         0.02
3   2026-01-23 16:09:25       0m 29s  ...               25.47         0.67
4   2026-01-23 16:09:54       0m 30s  ...               37.39         0.99
5   2026-01-23 16:10:25       0m 25s  ...                0.45         0.01
6   2026-01-23 16:10:51       0m 30s  ...               38.62         0.91
7   2026-01-23 16:11:21       0m 29s  ...               19.86         0.56
8   2026-01-23 16:11:50       0m 28s  ...               39.61         1.05
9   2026-01-23 16:12:19       0m 25s  ...                1.79         0.05
10  2026-01-23 16:12:45       0m 25s  ...                2.79         0.07
11  2026-01-23 16:13:11       0m 28s  ...               20.77         0.49
12  2026-01-23 16:13:40       0m 27s  ...               20.60         0.51
13  2026-01-23 16:14:07       0m 27s  ...               15.28         0.35
14  2026-01-23 16:14:34       0m 30s  ...               30.18         0.79
15  2026-01-23 16:15:05       0m 29s  ...               19.25         0.48
16  2026-01-23 16:15:34       0m 39s  ...               85.84         2.58
17  2026-01-23 16:16:13       0m 25s  ...                0.76         0.02
18  2026-01-23 16:16:39       0m 28s  ...               23.22         0.57
19  2026-01-23 16:17:08       0m 34s  ...               62.76         1.72
20  2026-01-23 16:17:43       0m 25s  ...                1.10         0.03
21  2026-01-23 16:18:09       0m 28s  ...               19.31         0.52
22  2026-01-23 16:18:37       0m 31s  ...               42.05         1.16
23  2026-01-23 16:19:08       0m 24s  ...                6.56         0.18
24  2026-01-23 16:19:32       0m 25s  ...                1.51         0.04
25  2026-01-23 16:19:58       0m 27s  ...                8.51         0.22
26  2026-01-23 16:20:25       0m 27s  ...               12.12         0.31
27  2026-01-23 16:20:53       0m 29s  ...               32.69         0.79
28  2026-01-23 16:21:23       0m 26s  ...                2.15         0.06
29  2026-01-23 16:21:49       0m 26s  ...                2.94         0.07
30  2026-01-23 16:22:15       0m 27s  ...               12.91         0.30
31  2026-01-23 16:22:43       0m 28s  ...               42.77         1.19
32  2026-01-23 16:23:11       0m 34s  ...               65.54         1.89
33  2026-01-23 16:23:45       0m 26s  ...               10.11         0.24
34  2026-01-23 16:24:12       0m 26s  ...                4.05         0.11
35  2026-01-23 16:24:38       0m 25s  ...                1.89         0.05
36  2026-01-23 16:25:04       0m 26s  ...                5.54         0.15
37  2026-01-23 16:25:31       0m 25s  ...                0.46         0.01
38  2026-01-23 16:25:56       0m 24s  ...                1.59         0.04
39  2026-01-23 16:26:21       0m 31s  ...               43.85         1.03
40  2026-01-23 16:26:53       0m 34s  ...               61.84         1.56
41  2026-01-23 16:27:27       0m 32s  ...               46.89         1.19
42  2026-01-23 16:27:59       0m 38s  ...               80.70         2.32
43  2026-01-23 16:28:38       0m 25s  ...                2.90         0.07
44  2026-01-23 16:29:04       0m 28s  ...               11.56         0.29
45  2026-01-23 16:29:32       0m 26s  ...                4.11         0.11
46  2026-01-23 16:29:59       0m 26s  ...               11.45         0.30
47  2026-01-23 16:30:26       0m 27s  ...               11.80         0.25
48  2026-01-23 16:30:53       0m 26s  ...                6.42         0.18
49  2026-01-23 16:31:20       0m 25s  ...                0.78         0.02
50  2026-01-23 16:31:46       0m 39s  ...               83.75         2.58

[51 rows x 24 columns]
[2026-01-23 16:33:54,479] - [root] - [INFO] - Analysis finished: 0m 25s
[2026-01-23 16:33:54,480] - [root] - [INFO] - -------------------------------------------
[2026-01-23 16:33:54,480] - [root] - [INFO] - -------------------------------------------
[2026-01-23 16:33:54,480] - [root] - [INFO] - Processing 1-22-2026 5dpi 132-W2021011-644_R2.png
[2026-01-23 16:34:11,469] - [root] - [INFO] - Finished loading mask: 0m 16s
[2026-01-23 16:34:21,133] - [root] - [INFO] - Finished crop and inference: 0m 26s
              timestamp time_elapsed  ... severity_rate_patch Gradient_sr2
0   2026-01-23 16:08:07       0m 25s  ...                1.74         0.04
1   2026-01-23 16:08:33       0m 25s  ...                4.36         0.11
2   2026-01-23 16:08:58       0m 26s  ...                0.85         0.02
3   2026-01-23 16:09:25       0m 29s  ...               25.47         0.67
4   2026-01-23 16:09:54       0m 30s  ...               37.39         0.99
5   2026-01-23 16:10:25       0m 25s  ...                0.45         0.01
6   2026-01-23 16:10:51       0m 30s  ...               38.62         0.91
7   2026-01-23 16:11:21       0m 29s  ...               19.86         0.56
8   2026-01-23 16:11:50       0m 28s  ...               39.61         1.05
9   2026-01-23 16:12:19       0m 25s  ...                1.79         0.05
10  2026-01-23 16:12:45       0m 25s  ...                2.79         0.07
11  2026-01-23 16:13:11       0m 28s  ...               20.77         0.49
12  2026-01-23 16:13:40       0m 27s  ...               20.60         0.51
13  2026-01-23 16:14:07       0m 27s  ...               15.28         0.35
14  2026-01-23 16:14:34       0m 30s  ...               30.18         0.79
15  2026-01-23 16:15:05       0m 29s  ...               19.25         0.48
16  2026-01-23 16:15:34       0m 39s  ...               85.84         2.58
17  2026-01-23 16:16:13       0m 25s  ...                0.76         0.02
18  2026-01-23 16:16:39       0m 28s  ...               23.22         0.57
19  2026-01-23 16:17:08       0m 34s  ...               62.76         1.72
20  2026-01-23 16:17:43       0m 25s  ...                1.10         0.03
21  2026-01-23 16:18:09       0m 28s  ...               19.31         0.52
22  2026-01-23 16:18:37       0m 31s  ...               42.05         1.16
23  2026-01-23 16:19:08       0m 24s  ...                6.56         0.18
24  2026-01-23 16:19:32       0m 25s  ...                1.51         0.04
25  2026-01-23 16:19:58       0m 27s  ...                8.51         0.22
26  2026-01-23 16:20:25       0m 27s  ...               12.12         0.31
27  2026-01-23 16:20:53       0m 29s  ...               32.69         0.79
28  2026-01-23 16:21:23       0m 26s  ...                2.15         0.06
29  2026-01-23 16:21:49       0m 26s  ...                2.94         0.07
30  2026-01-23 16:22:15       0m 27s  ...               12.91         0.30
31  2026-01-23 16:22:43       0m 28s  ...               42.77         1.19
32  2026-01-23 16:23:11       0m 34s  ...               65.54         1.89
33  2026-01-23 16:23:45       0m 26s  ...               10.11         0.24
34  2026-01-23 16:24:12       0m 26s  ...                4.05         0.11
35  2026-01-23 16:24:38       0m 25s  ...                1.89         0.05
36  2026-01-23 16:25:04       0m 26s  ...                5.54         0.15
37  2026-01-23 16:25:31       0m 25s  ...                0.46         0.01
38  2026-01-23 16:25:56       0m 24s  ...                1.59         0.04
39  2026-01-23 16:26:21       0m 31s  ...               43.85         1.03
40  2026-01-23 16:26:53       0m 34s  ...               61.84         1.56
41  2026-01-23 16:27:27       0m 32s  ...               46.89         1.19
42  2026-01-23 16:27:59       0m 38s  ...               80.70         2.32
43  2026-01-23 16:28:38       0m 25s  ...                2.90         0.07
44  2026-01-23 16:29:04       0m 28s  ...               11.56         0.29
45  2026-01-23 16:29:32       0m 26s  ...                4.11         0.11
46  2026-01-23 16:29:59       0m 26s  ...               11.45         0.30
47  2026-01-23 16:30:26       0m 27s  ...               11.80         0.25
48  2026-01-23 16:30:53       0m 26s  ...                6.42         0.18
49  2026-01-23 16:31:20       0m 25s  ...                0.78         0.02
50  2026-01-23 16:31:46       0m 39s  ...               83.75         2.58
51  2026-01-23 16:32:25       0m 35s  ...               77.72         2.05

[52 rows x 24 columns]
              timestamp time_elapsed  ... severity_rate_patch Gradient_sr2
0   2026-01-23 16:08:07       0m 25s  ...                1.74         0.04
1   2026-01-23 16:08:33       0m 25s  ...                4.36         0.11
2   2026-01-23 16:08:58       0m 26s  ...                0.85         0.02
3   2026-01-23 16:09:25       0m 29s  ...               25.47         0.67
4   2026-01-23 16:09:54       0m 30s  ...               37.39         0.99
5   2026-01-23 16:10:25       0m 25s  ...                0.45         0.01
6   2026-01-23 16:10:51       0m 30s  ...               38.62         0.91
7   2026-01-23 16:11:21       0m 29s  ...               19.86         0.56
8   2026-01-23 16:11:50       0m 28s  ...               39.61         1.05
9   2026-01-23 16:12:19       0m 25s  ...                1.79         0.05
10  2026-01-23 16:12:45       0m 25s  ...                2.79         0.07
11  2026-01-23 16:13:11       0m 28s  ...               20.77         0.49
12  2026-01-23 16:13:40       0m 27s  ...               20.60         0.51
13  2026-01-23 16:14:07       0m 27s  ...               15.28         0.35
14  2026-01-23 16:14:34       0m 30s  ...               30.18         0.79
15  2026-01-23 16:15:05       0m 29s  ...               19.25         0.48
16  2026-01-23 16:15:34       0m 39s  ...               85.84         2.58
17  2026-01-23 16:16:13       0m 25s  ...                0.76         0.02
18  2026-01-23 16:16:39       0m 28s  ...               23.22         0.57
19  2026-01-23 16:17:08       0m 34s  ...               62.76         1.72
20  2026-01-23 16:17:43       0m 25s  ...                1.10         0.03
21  2026-01-23 16:18:09       0m 28s  ...               19.31         0.52
22  2026-01-23 16:18:37       0m 31s  ...               42.05         1.16
23  2026-01-23 16:19:08       0m 24s  ...                6.56         0.18
24  2026-01-23 16:19:32       0m 25s  ...                1.51         0.04
25  2026-01-23 16:19:58       0m 27s  ...                8.51         0.22
26  2026-01-23 16:20:25       0m 27s  ...               12.12         0.31
27  2026-01-23 16:20:53       0m 29s  ...               32.69         0.79
28  2026-01-23 16:21:23       0m 26s  ...                2.15         0.06
29  2026-01-23 16:21:49       0m 26s  ...                2.94         0.07
30  2026-01-23 16:22:15       0m 27s  ...               12.91         0.30
31  2026-01-23 16:22:43       0m 28s  ...               42.77         1.19
32  2026-01-23 16:23:11       0m 34s  ...               65.54         1.89
33  2026-01-23 16:23:45       0m 26s  ...               10.11         0.24
34  2026-01-23 16:24:12       0m 26s  ...                4.05         0.11
35  2026-01-23 16:24:38       0m 25s  ...                1.89         0.05
36  2026-01-23 16:25:04       0m 26s  ...                5.54         0.15
37  2026-01-23 16:25:31       0m 25s  ...                0.46         0.01
38  2026-01-23 16:25:56       0m 24s  ...                1.59         0.04
39  2026-01-23 16:26:21       0m 31s  ...               43.85         1.03
40  2026-01-23 16:26:53       0m 34s  ...               61.84         1.56
41  2026-01-23 16:27:27       0m 32s  ...               46.89         1.19
42  2026-01-23 16:27:59       0m 38s  ...               80.70         2.32
43  2026-01-23 16:28:38       0m 25s  ...                2.90         0.07
44  2026-01-23 16:29:04       0m 28s  ...               11.56         0.29
45  2026-01-23 16:29:32       0m 26s  ...                4.11         0.11
46  2026-01-23 16:29:59       0m 26s  ...               11.45         0.30
47  2026-01-23 16:30:26       0m 27s  ...               11.80         0.25
48  2026-01-23 16:30:53       0m 26s  ...                6.42         0.18
49  2026-01-23 16:31:20       0m 25s  ...                0.78         0.02
50  2026-01-23 16:31:46       0m 39s  ...               83.75         2.58
51  2026-01-23 16:32:25       0m 35s  ...               77.72         2.05
52  2026-01-23 16:33:01       0m 27s  ...                8.96         0.25

[53 rows x 24 columns]
[2026-01-23 16:34:22,633] - [root] - [INFO] - Analysis finished: 0m 28s
[2026-01-23 16:34:22,633] - [root] - [INFO] - -------------------------------------------
[2026-01-23 16:34:22,633] - [root] - [INFO] - -------------------------------------------
[2026-01-23 16:34:22,633] - [root] - [INFO] - Processing 1-22-2026 5dpi 134-W2021006-001_R1.png
[2026-01-23 16:34:40,290] - [root] - [INFO] - Finished loading mask: 0m 17s
[2026-01-23 16:34:54,242] - [root] - [INFO] - Finished crop and inference: 0m 31s
              timestamp time_elapsed  ... severity_rate_patch Gradient_sr2
0   2026-01-23 16:08:07       0m 25s  ...                1.74         0.04
1   2026-01-23 16:08:33       0m 25s  ...                4.36         0.11
2   2026-01-23 16:08:58       0m 26s  ...                0.85         0.02
3   2026-01-23 16:09:25       0m 29s  ...               25.47         0.67
4   2026-01-23 16:09:54       0m 30s  ...               37.39         0.99
5   2026-01-23 16:10:25       0m 25s  ...                0.45         0.01
6   2026-01-23 16:10:51       0m 30s  ...               38.62         0.91
7   2026-01-23 16:11:21       0m 29s  ...               19.86         0.56
8   2026-01-23 16:11:50       0m 28s  ...               39.61         1.05
9   2026-01-23 16:12:19       0m 25s  ...                1.79         0.05
10  2026-01-23 16:12:45       0m 25s  ...                2.79         0.07
11  2026-01-23 16:13:11       0m 28s  ...               20.77         0.49
12  2026-01-23 16:13:40       0m 27s  ...               20.60         0.51
13  2026-01-23 16:14:07       0m 27s  ...               15.28         0.35
14  2026-01-23 16:14:34       0m 30s  ...               30.18         0.79
15  2026-01-23 16:15:05       0m 29s  ...               19.25         0.48
16  2026-01-23 16:15:34       0m 39s  ...               85.84         2.58
17  2026-01-23 16:16:13       0m 25s  ...                0.76         0.02
18  2026-01-23 16:16:39       0m 28s  ...               23.22         0.57
19  2026-01-23 16:17:08       0m 34s  ...               62.76         1.72
20  2026-01-23 16:17:43       0m 25s  ...                1.10         0.03
21  2026-01-23 16:18:09       0m 28s  ...               19.31         0.52
22  2026-01-23 16:18:37       0m 31s  ...               42.05         1.16
23  2026-01-23 16:19:08       0m 24s  ...                6.56         0.18
24  2026-01-23 16:19:32       0m 25s  ...                1.51         0.04
25  2026-01-23 16:19:58       0m 27s  ...                8.51         0.22
26  2026-01-23 16:20:25       0m 27s  ...               12.12         0.31
27  2026-01-23 16:20:53       0m 29s  ...               32.69         0.79
28  2026-01-23 16:21:23       0m 26s  ...                2.15         0.06
29  2026-01-23 16:21:49       0m 26s  ...                2.94         0.07
30  2026-01-23 16:22:15       0m 27s  ...               12.91         0.30
31  2026-01-23 16:22:43       0m 28s  ...               42.77         1.19
32  2026-01-23 16:23:11       0m 34s  ...               65.54         1.89
33  2026-01-23 16:23:45       0m 26s  ...               10.11         0.24
34  2026-01-23 16:24:12       0m 26s  ...                4.05         0.11
35  2026-01-23 16:24:38       0m 25s  ...                1.89         0.05
36  2026-01-23 16:25:04       0m 26s  ...                5.54         0.15
37  2026-01-23 16:25:31       0m 25s  ...                0.46         0.01
38  2026-01-23 16:25:56       0m 24s  ...                1.59         0.04
39  2026-01-23 16:26:21       0m 31s  ...               43.85         1.03
40  2026-01-23 16:26:53       0m 34s  ...               61.84         1.56
41  2026-01-23 16:27:27       0m 32s  ...               46.89         1.19
42  2026-01-23 16:27:59       0m 38s  ...               80.70         2.32
43  2026-01-23 16:28:38       0m 25s  ...                2.90         0.07
44  2026-01-23 16:29:04       0m 28s  ...               11.56         0.29
45  2026-01-23 16:29:32       0m 26s  ...                4.11         0.11
46  2026-01-23 16:29:59       0m 26s  ...               11.45         0.30
47  2026-01-23 16:30:26       0m 27s  ...               11.80         0.25
48  2026-01-23 16:30:53       0m 26s  ...                6.42         0.18
49  2026-01-23 16:31:20       0m 25s  ...                0.78         0.02
50  2026-01-23 16:31:46       0m 39s  ...               83.75         2.58
51  2026-01-23 16:32:25       0m 35s  ...               77.72         2.05
52  2026-01-23 16:33:01       0m 27s  ...                8.96         0.25
53  2026-01-23 16:33:28       0m 25s  ...                1.10         0.03

[54 rows x 24 columns]
[2026-01-23 16:34:55,726] - [root] - [INFO] - Analysis finished: 0m 33s
[2026-01-23 16:34:55,726] - [root] - [INFO] - -------------------------------------------
[2026-01-23 16:34:55,726] - [root] - [INFO] - -------------------------------------------
[2026-01-23 16:34:55,726] - [root] - [INFO] - Processing 1-22-2026 5dpi 134-W2021009-275_R1.png
[2026-01-23 16:35:13,099] - [root] - [INFO] - Finished loading mask: 0m 17s
[2026-01-23 16:35:24,782] - [root] - [INFO] - Finished crop and inference: 0m 29s
              timestamp time_elapsed  ... severity_rate_patch Gradient_sr2
0   2026-01-23 16:08:07       0m 25s  ...                1.74         0.04
1   2026-01-23 16:08:33       0m 25s  ...                4.36         0.11
2   2026-01-23 16:08:58       0m 26s  ...                0.85         0.02
3   2026-01-23 16:09:25       0m 29s  ...               25.47         0.67
4   2026-01-23 16:09:54       0m 30s  ...               37.39         0.99
5   2026-01-23 16:10:25       0m 25s  ...                0.45         0.01
6   2026-01-23 16:10:51       0m 30s  ...               38.62         0.91
7   2026-01-23 16:11:21       0m 29s  ...               19.86         0.56
8   2026-01-23 16:11:50       0m 28s  ...               39.61         1.05
9   2026-01-23 16:12:19       0m 25s  ...                1.79         0.05
10  2026-01-23 16:12:45       0m 25s  ...                2.79         0.07
11  2026-01-23 16:13:11       0m 28s  ...               20.77         0.49
12  2026-01-23 16:13:40       0m 27s  ...               20.60         0.51
13  2026-01-23 16:14:07       0m 27s  ...               15.28         0.35
14  2026-01-23 16:14:34       0m 30s  ...               30.18         0.79
15  2026-01-23 16:15:05       0m 29s  ...               19.25         0.48
16  2026-01-23 16:15:34       0m 39s  ...               85.84         2.58
17  2026-01-23 16:16:13       0m 25s  ...                0.76         0.02
18  2026-01-23 16:16:39       0m 28s  ...               23.22         0.57
19  2026-01-23 16:17:08       0m 34s  ...               62.76         1.72
20  2026-01-23 16:17:43       0m 25s  ...                1.10         0.03
21  2026-01-23 16:18:09       0m 28s  ...               19.31         0.52
22  2026-01-23 16:18:37       0m 31s  ...               42.05         1.16
23  2026-01-23 16:19:08       0m 24s  ...                6.56         0.18
24  2026-01-23 16:19:32       0m 25s  ...                1.51         0.04
25  2026-01-23 16:19:58       0m 27s  ...                8.51         0.22
26  2026-01-23 16:20:25       0m 27s  ...               12.12         0.31
27  2026-01-23 16:20:53       0m 29s  ...               32.69         0.79
28  2026-01-23 16:21:23       0m 26s  ...                2.15         0.06
29  2026-01-23 16:21:49       0m 26s  ...                2.94         0.07
30  2026-01-23 16:22:15       0m 27s  ...               12.91         0.30
31  2026-01-23 16:22:43       0m 28s  ...               42.77         1.19
32  2026-01-23 16:23:11       0m 34s  ...               65.54         1.89
33  2026-01-23 16:23:45       0m 26s  ...               10.11         0.24
34  2026-01-23 16:24:12       0m 26s  ...                4.05         0.11
35  2026-01-23 16:24:38       0m 25s  ...                1.89         0.05
36  2026-01-23 16:25:04       0m 26s  ...                5.54         0.15
37  2026-01-23 16:25:31       0m 25s  ...                0.46         0.01
38  2026-01-23 16:25:56       0m 24s  ...                1.59         0.04
39  2026-01-23 16:26:21       0m 31s  ...               43.85         1.03
40  2026-01-23 16:26:53       0m 34s  ...               61.84         1.56
41  2026-01-23 16:27:27       0m 32s  ...               46.89         1.19
42  2026-01-23 16:27:59       0m 38s  ...               80.70         2.32
43  2026-01-23 16:28:38       0m 25s  ...                2.90         0.07
44  2026-01-23 16:29:04       0m 28s  ...               11.56         0.29
45  2026-01-23 16:29:32       0m 26s  ...                4.11         0.11
46  2026-01-23 16:29:59       0m 26s  ...               11.45         0.30
47  2026-01-23 16:30:26       0m 27s  ...               11.80         0.25
48  2026-01-23 16:30:53       0m 26s  ...                6.42         0.18
49  2026-01-23 16:31:20       0m 25s  ...                0.78         0.02
50  2026-01-23 16:31:46       0m 39s  ...               83.75         2.58
51  2026-01-23 16:32:25       0m 35s  ...               77.72         2.05
52  2026-01-23 16:33:01       0m 27s  ...                8.96         0.25
53  2026-01-23 16:33:28       0m 25s  ...                1.10         0.03
54  2026-01-23 16:33:54       0m 28s  ...               11.49         0.28

[55 rows x 24 columns]
[2026-01-23 16:35:26,269] - [root] - [INFO] - Analysis finished: 0m 30s
[2026-01-23 16:35:26,269] - [root] - [INFO] - -------------------------------------------
[2026-01-23 16:35:26,269] - [root] - [INFO] - -------------------------------------------
[2026-01-23 16:35:26,269] - [root] - [INFO] - Processing 1-22-2026 5dpi 137-W2021010-342_R2.png
[2026-01-23 16:35:43,249] - [root] - [INFO] - Finished loading mask: 0m 16s
[2026-01-23 16:35:51,702] - [root] - [INFO] - Finished crop and inference: 0m 25s
              timestamp time_elapsed  ... severity_rate_patch Gradient_sr2
0   2026-01-23 16:08:07       0m 25s  ...                1.74         0.04
1   2026-01-23 16:08:33       0m 25s  ...                4.36         0.11
2   2026-01-23 16:08:58       0m 26s  ...                0.85         0.02
3   2026-01-23 16:09:25       0m 29s  ...               25.47         0.67
4   2026-01-23 16:09:54       0m 30s  ...               37.39         0.99
5   2026-01-23 16:10:25       0m 25s  ...                0.45         0.01
6   2026-01-23 16:10:51       0m 30s  ...               38.62         0.91
7   2026-01-23 16:11:21       0m 29s  ...               19.86         0.56
8   2026-01-23 16:11:50       0m 28s  ...               39.61         1.05
9   2026-01-23 16:12:19       0m 25s  ...                1.79         0.05
10  2026-01-23 16:12:45       0m 25s  ...                2.79         0.07
11  2026-01-23 16:13:11       0m 28s  ...               20.77         0.49
12  2026-01-23 16:13:40       0m 27s  ...               20.60         0.51
13  2026-01-23 16:14:07       0m 27s  ...               15.28         0.35
14  2026-01-23 16:14:34       0m 30s  ...               30.18         0.79
15  2026-01-23 16:15:05       0m 29s  ...               19.25         0.48
16  2026-01-23 16:15:34       0m 39s  ...               85.84         2.58
17  2026-01-23 16:16:13       0m 25s  ...                0.76         0.02
18  2026-01-23 16:16:39       0m 28s  ...               23.22         0.57
19  2026-01-23 16:17:08       0m 34s  ...               62.76         1.72
20  2026-01-23 16:17:43       0m 25s  ...                1.10         0.03
21  2026-01-23 16:18:09       0m 28s  ...               19.31         0.52
22  2026-01-23 16:18:37       0m 31s  ...               42.05         1.16
23  2026-01-23 16:19:08       0m 24s  ...                6.56         0.18
24  2026-01-23 16:19:32       0m 25s  ...                1.51         0.04
25  2026-01-23 16:19:58       0m 27s  ...                8.51         0.22
26  2026-01-23 16:20:25       0m 27s  ...               12.12         0.31
27  2026-01-23 16:20:53       0m 29s  ...               32.69         0.79
28  2026-01-23 16:21:23       0m 26s  ...                2.15         0.06
29  2026-01-23 16:21:49       0m 26s  ...                2.94         0.07
30  2026-01-23 16:22:15       0m 27s  ...               12.91         0.30
31  2026-01-23 16:22:43       0m 28s  ...               42.77         1.19
32  2026-01-23 16:23:11       0m 34s  ...               65.54         1.89
33  2026-01-23 16:23:45       0m 26s  ...               10.11         0.24
34  2026-01-23 16:24:12       0m 26s  ...                4.05         0.11
35  2026-01-23 16:24:38       0m 25s  ...                1.89         0.05
36  2026-01-23 16:25:04       0m 26s  ...                5.54         0.15
37  2026-01-23 16:25:31       0m 25s  ...                0.46         0.01
38  2026-01-23 16:25:56       0m 24s  ...                1.59         0.04
39  2026-01-23 16:26:21       0m 31s  ...               43.85         1.03
40  2026-01-23 16:26:53       0m 34s  ...               61.84         1.56
41  2026-01-23 16:27:27       0m 32s  ...               46.89         1.19
42  2026-01-23 16:27:59       0m 38s  ...               80.70         2.32
43  2026-01-23 16:28:38       0m 25s  ...                2.90         0.07
44  2026-01-23 16:29:04       0m 28s  ...               11.56         0.29
45  2026-01-23 16:29:32       0m 26s  ...                4.11         0.11
46  2026-01-23 16:29:59       0m 26s  ...               11.45         0.30
47  2026-01-23 16:30:26       0m 27s  ...               11.80         0.25
48  2026-01-23 16:30:53       0m 26s  ...                6.42         0.18
49  2026-01-23 16:31:20       0m 25s  ...                0.78         0.02
50  2026-01-23 16:31:46       0m 39s  ...               83.75         2.58
51  2026-01-23 16:32:25       0m 35s  ...               77.72         2.05
52  2026-01-23 16:33:01       0m 27s  ...                8.96         0.25
53  2026-01-23 16:33:28       0m 25s  ...                1.10         0.03
54  2026-01-23 16:33:54       0m 28s  ...               11.49         0.28
55  2026-01-23 16:34:22       0m 33s  ...               55.20         1.46

[56 rows x 24 columns]
[2026-01-23 16:35:53,219] - [root] - [INFO] - Analysis finished: 0m 26s
[2026-01-23 16:35:53,219] - [root] - [INFO] - -------------------------------------------
[2026-01-23 16:35:53,220] - [root] - [INFO] - -------------------------------------------
[2026-01-23 16:35:53,220] - [root] - [INFO] - Processing 1-22-2026 5dpi 138-W2021010-446_R1.png
[2026-01-23 16:36:10,231] - [root] - [INFO] - Finished loading mask: 0m 17s
[2026-01-23 16:36:19,214] - [root] - [INFO] - Finished crop and inference: 0m 25s
              timestamp time_elapsed  ... severity_rate_patch Gradient_sr2
0   2026-01-23 16:08:07       0m 25s  ...                1.74         0.04
1   2026-01-23 16:08:33       0m 25s  ...                4.36         0.11
2   2026-01-23 16:08:58       0m 26s  ...                0.85         0.02
3   2026-01-23 16:09:25       0m 29s  ...               25.47         0.67
4   2026-01-23 16:09:54       0m 30s  ...               37.39         0.99
5   2026-01-23 16:10:25       0m 25s  ...                0.45         0.01
6   2026-01-23 16:10:51       0m 30s  ...               38.62         0.91
7   2026-01-23 16:11:21       0m 29s  ...               19.86         0.56
8   2026-01-23 16:11:50       0m 28s  ...               39.61         1.05
9   2026-01-23 16:12:19       0m 25s  ...                1.79         0.05
10  2026-01-23 16:12:45       0m 25s  ...                2.79         0.07
11  2026-01-23 16:13:11       0m 28s  ...               20.77         0.49
12  2026-01-23 16:13:40       0m 27s  ...               20.60         0.51
13  2026-01-23 16:14:07       0m 27s  ...               15.28         0.35
14  2026-01-23 16:14:34       0m 30s  ...               30.18         0.79
15  2026-01-23 16:15:05       0m 29s  ...               19.25         0.48
16  2026-01-23 16:15:34       0m 39s  ...               85.84         2.58
17  2026-01-23 16:16:13       0m 25s  ...                0.76         0.02
18  2026-01-23 16:16:39       0m 28s  ...               23.22         0.57
19  2026-01-23 16:17:08       0m 34s  ...               62.76         1.72
20  2026-01-23 16:17:43       0m 25s  ...                1.10         0.03
21  2026-01-23 16:18:09       0m 28s  ...               19.31         0.52
22  2026-01-23 16:18:37       0m 31s  ...               42.05         1.16
23  2026-01-23 16:19:08       0m 24s  ...                6.56         0.18
24  2026-01-23 16:19:32       0m 25s  ...                1.51         0.04
25  2026-01-23 16:19:58       0m 27s  ...                8.51         0.22
26  2026-01-23 16:20:25       0m 27s  ...               12.12         0.31
27  2026-01-23 16:20:53       0m 29s  ...               32.69         0.79
28  2026-01-23 16:21:23       0m 26s  ...                2.15         0.06
29  2026-01-23 16:21:49       0m 26s  ...                2.94         0.07
30  2026-01-23 16:22:15       0m 27s  ...               12.91         0.30
31  2026-01-23 16:22:43       0m 28s  ...               42.77         1.19
32  2026-01-23 16:23:11       0m 34s  ...               65.54         1.89
33  2026-01-23 16:23:45       0m 26s  ...               10.11         0.24
34  2026-01-23 16:24:12       0m 26s  ...                4.05         0.11
35  2026-01-23 16:24:38       0m 25s  ...                1.89         0.05
36  2026-01-23 16:25:04       0m 26s  ...                5.54         0.15
37  2026-01-23 16:25:31       0m 25s  ...                0.46         0.01
38  2026-01-23 16:25:56       0m 24s  ...                1.59         0.04
39  2026-01-23 16:26:21       0m 31s  ...               43.85         1.03
40  2026-01-23 16:26:53       0m 34s  ...               61.84         1.56
41  2026-01-23 16:27:27       0m 32s  ...               46.89         1.19
42  2026-01-23 16:27:59       0m 38s  ...               80.70         2.32
43  2026-01-23 16:28:38       0m 25s  ...                2.90         0.07
44  2026-01-23 16:29:04       0m 28s  ...               11.56         0.29
45  2026-01-23 16:29:32       0m 26s  ...                4.11         0.11
46  2026-01-23 16:29:59       0m 26s  ...               11.45         0.30
47  2026-01-23 16:30:26       0m 27s  ...               11.80         0.25
48  2026-01-23 16:30:53       0m 26s  ...                6.42         0.18
49  2026-01-23 16:31:20       0m 25s  ...                0.78         0.02
50  2026-01-23 16:31:46       0m 39s  ...               83.75         2.58
51  2026-01-23 16:32:25       0m 35s  ...               77.72         2.05
52  2026-01-23 16:33:01       0m 27s  ...                8.96         0.25
53  2026-01-23 16:33:28       0m 25s  ...                1.10         0.03
54  2026-01-23 16:33:54       0m 28s  ...               11.49         0.28
55  2026-01-23 16:34:22       0m 33s  ...               55.20         1.46
56  2026-01-23 16:34:55       0m 30s  ...               34.44         0.83

[57 rows x 24 columns]
[2026-01-23 16:36:20,674] - [root] - [INFO] - Analysis finished: 0m 27s
[2026-01-23 16:36:20,674] - [root] - [INFO] - -------------------------------------------
[2026-01-23 16:36:20,674] - [root] - [INFO] - -------------------------------------------
[2026-01-23 16:36:20,674] - [root] - [INFO] - Processing 1-22-2026 5dpi 141-W2021009-274_R1.png
[2026-01-23 16:36:38,683] - [root] - [INFO] - Finished loading mask: 0m 18s
[2026-01-23 16:37:00,120] - [root] - [INFO] - Finished crop and inference: 0m 39s
              timestamp time_elapsed  ... severity_rate_patch Gradient_sr2
0   2026-01-23 16:08:07       0m 25s  ...                1.74         0.04
1   2026-01-23 16:08:33       0m 25s  ...                4.36         0.11
2   2026-01-23 16:08:58       0m 26s  ...                0.85         0.02
3   2026-01-23 16:09:25       0m 29s  ...               25.47         0.67
4   2026-01-23 16:09:54       0m 30s  ...               37.39         0.99
5   2026-01-23 16:10:25       0m 25s  ...                0.45         0.01
6   2026-01-23 16:10:51       0m 30s  ...               38.62         0.91
7   2026-01-23 16:11:21       0m 29s  ...               19.86         0.56
8   2026-01-23 16:11:50       0m 28s  ...               39.61         1.05
9   2026-01-23 16:12:19       0m 25s  ...                1.79         0.05
10  2026-01-23 16:12:45       0m 25s  ...                2.79         0.07
11  2026-01-23 16:13:11       0m 28s  ...               20.77         0.49
12  2026-01-23 16:13:40       0m 27s  ...               20.60         0.51
13  2026-01-23 16:14:07       0m 27s  ...               15.28         0.35
14  2026-01-23 16:14:34       0m 30s  ...               30.18         0.79
15  2026-01-23 16:15:05       0m 29s  ...               19.25         0.48
16  2026-01-23 16:15:34       0m 39s  ...               85.84         2.58
17  2026-01-23 16:16:13       0m 25s  ...                0.76         0.02
18  2026-01-23 16:16:39       0m 28s  ...               23.22         0.57
19  2026-01-23 16:17:08       0m 34s  ...               62.76         1.72
20  2026-01-23 16:17:43       0m 25s  ...                1.10         0.03
21  2026-01-23 16:18:09       0m 28s  ...               19.31         0.52
22  2026-01-23 16:18:37       0m 31s  ...               42.05         1.16
23  2026-01-23 16:19:08       0m 24s  ...                6.56         0.18
24  2026-01-23 16:19:32       0m 25s  ...                1.51         0.04
25  2026-01-23 16:19:58       0m 27s  ...                8.51         0.22
26  2026-01-23 16:20:25       0m 27s  ...               12.12         0.31
27  2026-01-23 16:20:53       0m 29s  ...               32.69         0.79
28  2026-01-23 16:21:23       0m 26s  ...                2.15         0.06
29  2026-01-23 16:21:49       0m 26s  ...                2.94         0.07
30  2026-01-23 16:22:15       0m 27s  ...               12.91         0.30
31  2026-01-23 16:22:43       0m 28s  ...               42.77         1.19
32  2026-01-23 16:23:11       0m 34s  ...               65.54         1.89
33  2026-01-23 16:23:45       0m 26s  ...               10.11         0.24
34  2026-01-23 16:24:12       0m 26s  ...                4.05         0.11
35  2026-01-23 16:24:38       0m 25s  ...                1.89         0.05
36  2026-01-23 16:25:04       0m 26s  ...                5.54         0.15
37  2026-01-23 16:25:31       0m 25s  ...                0.46         0.01
38  2026-01-23 16:25:56       0m 24s  ...                1.59         0.04
39  2026-01-23 16:26:21       0m 31s  ...               43.85         1.03
40  2026-01-23 16:26:53       0m 34s  ...               61.84         1.56
41  2026-01-23 16:27:27       0m 32s  ...               46.89         1.19
42  2026-01-23 16:27:59       0m 38s  ...               80.70         2.32
43  2026-01-23 16:28:38       0m 25s  ...                2.90         0.07
44  2026-01-23 16:29:04       0m 28s  ...               11.56         0.29
45  2026-01-23 16:29:32       0m 26s  ...                4.11         0.11
46  2026-01-23 16:29:59       0m 26s  ...               11.45         0.30
47  2026-01-23 16:30:26       0m 27s  ...               11.80         0.25
48  2026-01-23 16:30:53       0m 26s  ...                6.42         0.18
49  2026-01-23 16:31:20       0m 25s  ...                0.78         0.02
50  2026-01-23 16:31:46       0m 39s  ...               83.75         2.58
51  2026-01-23 16:32:25       0m 35s  ...               77.72         2.05
52  2026-01-23 16:33:01       0m 27s  ...                8.96         0.25
53  2026-01-23 16:33:28       0m 25s  ...                1.10         0.03
54  2026-01-23 16:33:54       0m 28s  ...               11.49         0.28
55  2026-01-23 16:34:22       0m 33s  ...               55.20         1.46
56  2026-01-23 16:34:55       0m 30s  ...               34.44         0.83
57  2026-01-23 16:35:26       0m 26s  ...                4.27         0.10

[58 rows x 24 columns]
[2026-01-23 16:37:01,689] - [root] - [INFO] - Analysis finished: 0m 41s
[2026-01-23 16:37:01,689] - [root] - [INFO] - -------------------------------------------
[2026-01-23 16:37:01,689] - [root] - [INFO] - -------------------------------------------
[2026-01-23 16:37:01,689] - [root] - [INFO] - Processing 1-22-2026 5dpi 143-W2021010-313_R2.png
[2026-01-23 16:37:18,596] - [root] - [INFO] - Finished loading mask: 0m 16s
[2026-01-23 16:37:26,497] - [root] - [INFO] - Finished crop and inference: 0m 24s
[2026-01-23 16:37:28,051] - [root] - [INFO] - Analysis finished: 0m 26s
[2026-01-23 16:37:28,051] - [root] - [INFO] - -------------------------------------------
[2026-01-23 16:37:28,052] - [root] - [INFO] - -------------------------------------------
[2026-01-23 16:37:28,052] - [root] - [INFO] - Processing 1-22-2026 5dpi 148-W2021011-462_R2.png
[2026-01-23 16:37:45,735] - [root] - [INFO] - Finished loading mask: 0m 17s
[2026-01-23 16:37:57,372] - [root] - [INFO] - Finished crop and inference: 0m 29s
[2026-01-23 16:37:58,845] - [root] - [INFO] - Analysis finished: 0m 30s
[2026-01-23 16:37:58,845] - [root] - [INFO] - -------------------------------------------
[2026-01-23 16:37:58,845] - [root] - [INFO] - -------------------------------------------
[2026-01-23 16:37:58,845] - [root] - [INFO] - Processing 1-22-2026 5dpi 149-W2021010-417_R1.png
[2026-01-23 16:38:16,035] - [root] - [INFO] - Finished loading mask: 0m 17s
[2026-01-23 16:38:25,636] - [root] - [INFO] - Finished crop and inference: 0m 26s
[2026-01-23 16:38:27,116] - [root] - [INFO] - Analysis finished: 0m 28s
[2026-01-23 16:38:27,117] - [root] - [INFO] - -------------------------------------------
[2026-01-23 16:38:27,117] - [root] - [INFO] - -------------------------------------------
[2026-01-23 16:38:27,117] - [root] - [INFO] - Processing 1-22-2026 5dpi 154-W2021010-419_R1.png
[2026-01-23 16:38:43,817] - [root] - [INFO] - Finished loading mask: 0m 16s
[2026-01-23 16:38:52,272] - [root] - [INFO] - Finished crop and inference: 0m 25s
              timestamp time_elapsed  ... severity_rate_patch Gradient_sr2
0   2026-01-23 16:08:07       0m 25s  ...                1.74         0.04
1   2026-01-23 16:08:33       0m 25s  ...                4.36         0.11
2   2026-01-23 16:08:58       0m 26s  ...                0.85         0.02
3   2026-01-23 16:09:25       0m 29s  ...               25.47         0.67
4   2026-01-23 16:09:54       0m 30s  ...               37.39         0.99
5   2026-01-23 16:10:25       0m 25s  ...                0.45         0.01
6   2026-01-23 16:10:51       0m 30s  ...               38.62         0.91
7   2026-01-23 16:11:21       0m 29s  ...               19.86         0.56
8   2026-01-23 16:11:50       0m 28s  ...               39.61         1.05
9   2026-01-23 16:12:19       0m 25s  ...                1.79         0.05
10  2026-01-23 16:12:45       0m 25s  ...                2.79         0.07
11  2026-01-23 16:13:11       0m 28s  ...               20.77         0.49
12  2026-01-23 16:13:40       0m 27s  ...               20.60         0.51
13  2026-01-23 16:14:07       0m 27s  ...               15.28         0.35
14  2026-01-23 16:14:34       0m 30s  ...               30.18         0.79
15  2026-01-23 16:15:05       0m 29s  ...               19.25         0.48
16  2026-01-23 16:15:34       0m 39s  ...               85.84         2.58
17  2026-01-23 16:16:13       0m 25s  ...                0.76         0.02
18  2026-01-23 16:16:39       0m 28s  ...               23.22         0.57
19  2026-01-23 16:17:08       0m 34s  ...               62.76         1.72
20  2026-01-23 16:17:43       0m 25s  ...                1.10         0.03
21  2026-01-23 16:18:09       0m 28s  ...               19.31         0.52
22  2026-01-23 16:18:37       0m 31s  ...               42.05         1.16
23  2026-01-23 16:19:08       0m 24s  ...                6.56         0.18
24  2026-01-23 16:19:32       0m 25s  ...                1.51         0.04
25  2026-01-23 16:19:58       0m 27s  ...                8.51         0.22
26  2026-01-23 16:20:25       0m 27s  ...               12.12         0.31
27  2026-01-23 16:20:53       0m 29s  ...               32.69         0.79
28  2026-01-23 16:21:23       0m 26s  ...                2.15         0.06
29  2026-01-23 16:21:49       0m 26s  ...                2.94         0.07
30  2026-01-23 16:22:15       0m 27s  ...               12.91         0.30
31  2026-01-23 16:22:43       0m 28s  ...               42.77         1.19
32  2026-01-23 16:23:11       0m 34s  ...               65.54         1.89
33  2026-01-23 16:23:45       0m 26s  ...               10.11         0.24
34  2026-01-23 16:24:12       0m 26s  ...                4.05         0.11
35  2026-01-23 16:24:38       0m 25s  ...                1.89         0.05
36  2026-01-23 16:25:04       0m 26s  ...                5.54         0.15
37  2026-01-23 16:25:31       0m 25s  ...                0.46         0.01
38  2026-01-23 16:25:56       0m 24s  ...                1.59         0.04
39  2026-01-23 16:26:21       0m 31s  ...               43.85         1.03
40  2026-01-23 16:26:53       0m 34s  ...               61.84         1.56
41  2026-01-23 16:27:27       0m 32s  ...               46.89         1.19
42  2026-01-23 16:27:59       0m 38s  ...               80.70         2.32
43  2026-01-23 16:28:38       0m 25s  ...                2.90         0.07
44  2026-01-23 16:29:04       0m 28s  ...               11.56         0.29
45  2026-01-23 16:29:32       0m 26s  ...                4.11         0.11
46  2026-01-23 16:29:59       0m 26s  ...               11.45         0.30
47  2026-01-23 16:30:26       0m 27s  ...               11.80         0.25
48  2026-01-23 16:30:53       0m 26s  ...                6.42         0.18
49  2026-01-23 16:31:20       0m 25s  ...                0.78         0.02
50  2026-01-23 16:31:46       0m 39s  ...               83.75         2.58
51  2026-01-23 16:32:25       0m 35s  ...               77.72         2.05
52  2026-01-23 16:33:01       0m 27s  ...                8.96         0.25
53  2026-01-23 16:33:28       0m 25s  ...                1.10         0.03
54  2026-01-23 16:33:54       0m 28s  ...               11.49         0.28
55  2026-01-23 16:34:22       0m 33s  ...               55.20         1.46
56  2026-01-23 16:34:55       0m 30s  ...               34.44         0.83
57  2026-01-23 16:35:26       0m 26s  ...                4.27         0.10
58  2026-01-23 16:35:53       0m 27s  ...                8.31         0.19

[59 rows x 24 columns]
[2026-01-23 16:38:53,732] - [root] - [INFO] - Analysis finished: 0m 26s
[2026-01-23 16:38:53,732] - [root] - [INFO] - -------------------------------------------
[2026-01-23 16:38:53,733] - [root] - [INFO] - -------------------------------------------
[2026-01-23 16:38:53,733] - [root] - [INFO] - Processing 1-22-2026 5dpi 155-W2021011-639_R1.png
[2026-01-23 16:39:10,701] - [root] - [INFO] - Finished loading mask: 0m 16s
[2026-01-23 16:39:19,617] - [root] - [INFO] - Finished crop and inference: 0m 25s
[2026-01-23 16:39:21,094] - [root] - [INFO] - Analysis finished: 0m 27s
[2026-01-23 16:39:21,094] - [root] - [INFO] - -------------------------------------------
[2026-01-23 16:39:21,094] - [root] - [INFO] - -------------------------------------------
[2026-01-23 16:39:21,094] - [root] - [INFO] - Processing 1-22-2026 5dpi 156-W2021009-276_R2.png
[2026-01-23 16:39:38,151] - [root] - [INFO] - Finished loading mask: 0m 17s
[2026-01-23 16:39:47,695] - [root] - [INFO] - Finished crop and inference: 0m 26s
[2026-01-23 16:39:49,195] - [root] - [INFO] - Analysis finished: 0m 28s
[2026-01-23 16:39:49,195] - [root] - [INFO] - -------------------------------------------
[2026-01-23 16:39:49,195] - [root] - [INFO] - -------------------------------------------
[2026-01-23 16:39:49,195] - [root] - [INFO] - Processing 1-22-2026 5dpi 158-W2021006-114_R1.png
[2026-01-23 16:40:07,012] - [root] - [INFO] - Finished loading mask: 0m 17s
[2026-01-23 16:40:21,232] - [root] - [INFO] - Finished crop and inference: 0m 32s
[2026-01-23 16:40:22,723] - [root] - [INFO] - Analysis finished: 0m 33s
[2026-01-23 16:40:22,723] - [root] - [INFO] - -------------------------------------------
[2026-01-23 16:40:22,724] - [root] - [INFO] - -------------------------------------------
[2026-01-23 16:40:22,724] - [root] - [INFO] - Processing 1-22-2026 5dpi 167-W2021006-003_R2.png
[2026-01-23 16:40:39,616] - [root] - [INFO] - Finished loading mask: 0m 16s
[2026-01-23 16:40:47,123] - [root] - [INFO] - Finished crop and inference: 0m 24s
[2026-01-23 16:40:48,612] - [root] - [INFO] - Analysis finished: 0m 25s
[2026-01-23 16:40:48,612] - [root] - [INFO] - -------------------------------------------
[2026-01-23 16:40:48,612] - [root] - [INFO] - -------------------------------------------
[2026-01-23 16:40:48,612] - [root] - [INFO] - Processing 1-22-2026 5dpi 169-W2021009-623_R2.png
[2026-01-23 16:41:06,316] - [root] - [INFO] - Finished loading mask: 0m 17s
[2026-01-23 16:41:26,995] - [root] - [INFO] - Finished crop and inference: 0m 38s
[2026-01-23 16:41:28,498] - [root] - [INFO] - Analysis finished: 0m 39s
[2026-01-23 16:41:28,498] - [root] - [INFO] - -------------------------------------------
[2026-01-23 16:41:28,498] - [root] - [INFO] - -------------------------------------------
[2026-01-23 16:41:28,498] - [root] - [INFO] - Processing 1-22-2026 5dpi 169-W2021011-477_R1.png
[2026-01-23 16:41:46,300] - [root] - [INFO] - Finished loading mask: 0m 17s
[2026-01-23 16:42:00,647] - [root] - [INFO] - Finished crop and inference: 0m 32s
[2026-01-23 16:42:02,217] - [root] - [INFO] - Analysis finished: 0m 33s
[2026-01-23 16:42:02,217] - [root] - [INFO] - -------------------------------------------
[2026-01-23 16:42:02,217] - [root] - [INFO] - -------------------------------------------
[2026-01-23 16:42:02,217] - [root] - [INFO] - Processing 1-22-2026 5dpi 172-W2021011-557_R2.png
[2026-01-23 16:42:19,432] - [root] - [INFO] - Finished loading mask: 0m 17s
[2026-01-23 16:42:29,261] - [root] - [INFO] - Finished crop and inference: 0m 27s
[2026-01-23 16:42:30,698] - [root] - [INFO] - Analysis finished: 0m 28s
[2026-01-23 16:42:30,698] - [root] - [INFO] - -------------------------------------------
[2026-01-23 16:42:30,698] - [root] - [INFO] - -------------------------------------------
[2026-01-23 16:42:30,698] - [root] - [INFO] - Processing 1-22-2026 5dpi 173-W2021006-127_R2.png
[2026-01-23 16:42:47,872] - [root] - [INFO] - Finished loading mask: 0m 17s
[2026-01-23 16:42:55,996] - [root] - [INFO] - Finished crop and inference: 0m 25s
              timestamp time_elapsed  ... severity_rate_patch Gradient_sr2
0   2026-01-23 16:08:07       0m 25s  ...                1.74         0.04
1   2026-01-23 16:08:33       0m 25s  ...                4.36         0.11
2   2026-01-23 16:08:58       0m 26s  ...                0.85         0.02
3   2026-01-23 16:09:25       0m 29s  ...               25.47         0.67
4   2026-01-23 16:09:54       0m 30s  ...               37.39         0.99
5   2026-01-23 16:10:25       0m 25s  ...                0.45         0.01
6   2026-01-23 16:10:51       0m 30s  ...               38.62         0.91
7   2026-01-23 16:11:21       0m 29s  ...               19.86         0.56
8   2026-01-23 16:11:50       0m 28s  ...               39.61         1.05
9   2026-01-23 16:12:19       0m 25s  ...                1.79         0.05
10  2026-01-23 16:12:45       0m 25s  ...                2.79         0.07
11  2026-01-23 16:13:11       0m 28s  ...               20.77         0.49
12  2026-01-23 16:13:40       0m 27s  ...               20.60         0.51
13  2026-01-23 16:14:07       0m 27s  ...               15.28         0.35
14  2026-01-23 16:14:34       0m 30s  ...               30.18         0.79
15  2026-01-23 16:15:05       0m 29s  ...               19.25         0.48
16  2026-01-23 16:15:34       0m 39s  ...               85.84         2.58
17  2026-01-23 16:16:13       0m 25s  ...                0.76         0.02
18  2026-01-23 16:16:39       0m 28s  ...               23.22         0.57
19  2026-01-23 16:17:08       0m 34s  ...               62.76         1.72
20  2026-01-23 16:17:43       0m 25s  ...                1.10         0.03
21  2026-01-23 16:18:09       0m 28s  ...               19.31         0.52
22  2026-01-23 16:18:37       0m 31s  ...               42.05         1.16
23  2026-01-23 16:19:08       0m 24s  ...                6.56         0.18
24  2026-01-23 16:19:32       0m 25s  ...                1.51         0.04
25  2026-01-23 16:19:58       0m 27s  ...                8.51         0.22
26  2026-01-23 16:20:25       0m 27s  ...               12.12         0.31
27  2026-01-23 16:20:53       0m 29s  ...               32.69         0.79
28  2026-01-23 16:21:23       0m 26s  ...                2.15         0.06
29  2026-01-23 16:21:49       0m 26s  ...                2.94         0.07
30  2026-01-23 16:22:15       0m 27s  ...               12.91         0.30
31  2026-01-23 16:22:43       0m 28s  ...               42.77         1.19
32  2026-01-23 16:23:11       0m 34s  ...               65.54         1.89
33  2026-01-23 16:23:45       0m 26s  ...               10.11         0.24
34  2026-01-23 16:24:12       0m 26s  ...                4.05         0.11
35  2026-01-23 16:24:38       0m 25s  ...                1.89         0.05
36  2026-01-23 16:25:04       0m 26s  ...                5.54         0.15
37  2026-01-23 16:25:31       0m 25s  ...                0.46         0.01
38  2026-01-23 16:25:56       0m 24s  ...                1.59         0.04
39  2026-01-23 16:26:21       0m 31s  ...               43.85         1.03
40  2026-01-23 16:26:53       0m 34s  ...               61.84         1.56
41  2026-01-23 16:27:27       0m 32s  ...               46.89         1.19
42  2026-01-23 16:27:59       0m 38s  ...               80.70         2.32
43  2026-01-23 16:28:38       0m 25s  ...                2.90         0.07
44  2026-01-23 16:29:04       0m 28s  ...               11.56         0.29
45  2026-01-23 16:29:32       0m 26s  ...                4.11         0.11
46  2026-01-23 16:29:59       0m 26s  ...               11.45         0.30
47  2026-01-23 16:30:26       0m 27s  ...               11.80         0.25
48  2026-01-23 16:30:53       0m 26s  ...                6.42         0.18
49  2026-01-23 16:31:20       0m 25s  ...                0.78         0.02
50  2026-01-23 16:31:46       0m 39s  ...               83.75         2.58
51  2026-01-23 16:32:25       0m 35s  ...               77.72         2.05
52  2026-01-23 16:33:01       0m 27s  ...                8.96         0.25
53  2026-01-23 16:33:28       0m 25s  ...                1.10         0.03
54  2026-01-23 16:33:54       0m 28s  ...               11.49         0.28
55  2026-01-23 16:34:22       0m 33s  ...               55.20         1.46
56  2026-01-23 16:34:55       0m 30s  ...               34.44         0.83
57  2026-01-23 16:35:26       0m 26s  ...                4.27         0.10
58  2026-01-23 16:35:53       0m 27s  ...                8.31         0.19
59  2026-01-23 16:36:20       0m 40s  ...               86.63         2.58

[60 rows x 24 columns]
              timestamp time_elapsed  ... severity_rate_patch Gradient_sr2
0   2026-01-23 16:08:07       0m 25s  ...                1.74         0.04
1   2026-01-23 16:08:33       0m 25s  ...                4.36         0.11
2   2026-01-23 16:08:58       0m 26s  ...                0.85         0.02
3   2026-01-23 16:09:25       0m 29s  ...               25.47         0.67
4   2026-01-23 16:09:54       0m 30s  ...               37.39         0.99
..                  ...          ...  ...                 ...          ...
56  2026-01-23 16:34:55       0m 30s  ...               34.44         0.83
57  2026-01-23 16:35:26       0m 26s  ...                4.27         0.10
58  2026-01-23 16:35:53       0m 27s  ...                8.31         0.19
59  2026-01-23 16:36:20       0m 40s  ...               86.63         2.58
60  2026-01-23 16:37:01       0m 26s  ...                0.61         0.02

[61 rows x 24 columns]
              timestamp time_elapsed  ... severity_rate_patch Gradient_sr2
0   2026-01-23 16:08:07       0m 25s  ...                1.74         0.04
1   2026-01-23 16:08:33       0m 25s  ...                4.36         0.11
2   2026-01-23 16:08:58       0m 26s  ...                0.85         0.02
3   2026-01-23 16:09:25       0m 29s  ...               25.47         0.67
4   2026-01-23 16:09:54       0m 30s  ...               37.39         0.99
..                  ...          ...  ...                 ...          ...
57  2026-01-23 16:35:26       0m 26s  ...                4.27         0.10
58  2026-01-23 16:35:53       0m 27s  ...                8.31         0.19
59  2026-01-23 16:36:20       0m 40s  ...               86.63         2.58
60  2026-01-23 16:37:01       0m 26s  ...                0.61         0.02
61  2026-01-23 16:37:28       0m 30s  ...               28.01         0.73

[62 rows x 24 columns]
              timestamp time_elapsed  ... severity_rate_patch Gradient_sr2
0   2026-01-23 16:08:07       0m 25s  ...                1.74         0.04
1   2026-01-23 16:08:33       0m 25s  ...                4.36         0.11
2   2026-01-23 16:08:58       0m 26s  ...                0.85         0.02
3   2026-01-23 16:09:25       0m 29s  ...               25.47         0.67
4   2026-01-23 16:09:54       0m 30s  ...               37.39         0.99
..                  ...          ...  ...                 ...          ...
58  2026-01-23 16:35:53       0m 27s  ...                8.31         0.19
59  2026-01-23 16:36:20       0m 40s  ...               86.63         2.58
60  2026-01-23 16:37:01       0m 26s  ...                0.61         0.02
61  2026-01-23 16:37:28       0m 30s  ...               28.01         0.73
62  2026-01-23 16:37:58       0m 28s  ...               13.12         0.36

[63 rows x 24 columns]
[2026-01-23 16:42:57,456] - [root] - [INFO] - Analysis finished: 0m 26s
[2026-01-23 16:42:57,456] - [root] - [INFO] - -------------------------------------------
[2026-01-23 16:42:57,456] - [root] - [INFO] - -------------------------------------------
[2026-01-23 16:42:57,456] - [root] - [INFO] - Processing 1-22-2026 5dpi 174-W2021009-156_R2.png
[2026-01-23 16:43:14,012] - [root] - [INFO] - Finished loading mask: 0m 16s
[2026-01-23 16:43:22,708] - [root] - [INFO] - Finished crop and inference: 0m 25s
[2026-01-23 16:43:24,195] - [root] - [INFO] - Analysis finished: 0m 26s
[2026-01-23 16:43:24,195] - [root] - [INFO] - -------------------------------------------
[2026-01-23 16:43:24,195] - [root] - [INFO] - -------------------------------------------
[2026-01-23 16:43:24,195] - [root] - [INFO] - Processing 1-22-2026 5dpi 176-W2021009-256_R2.png
[2026-01-23 16:43:40,676] - [root] - [INFO] - Finished loading mask: 0m 16s
[2026-01-23 16:43:46,701] - [root] - [INFO] - Finished crop and inference: 0m 22s
[2026-01-23 16:43:48,219] - [root] - [INFO] - Analysis finished: 0m 24s
[2026-01-23 16:43:48,219] - [root] - [INFO] - -------------------------------------------
[2026-01-23 16:43:48,219] - [root] - [INFO] - -------------------------------------------
[2026-01-23 16:43:48,219] - [root] - [INFO] - Processing 1-22-2026 5dpi 177-W2021009-194_R1.png
[2026-01-23 16:44:05,301] - [root] - [INFO] - Finished loading mask: 0m 17s
[2026-01-23 16:44:14,489] - [root] - [INFO] - Finished crop and inference: 0m 26s
[2026-01-23 16:44:15,980] - [root] - [INFO] - Analysis finished: 0m 27s
[2026-01-23 16:44:15,980] - [root] - [INFO] - -------------------------------------------
[2026-01-23 16:44:15,980] - [root] - [INFO] - -------------------------------------------
[2026-01-23 16:44:15,980] - [root] - [INFO] - Processing 1-22-2026 5dpi 180-W2021009-152_R1.png
[2026-01-23 16:44:32,841] - [root] - [INFO] - Finished loading mask: 0m 16s
[2026-01-23 16:44:42,433] - [root] - [INFO] - Finished crop and inference: 0m 26s
[2026-01-23 16:44:43,937] - [root] - [INFO] - Analysis finished: 0m 27s
[2026-01-23 16:44:43,937] - [root] - [INFO] - -------------------------------------------
[2026-01-23 16:44:43,937] - [root] - [INFO] - -------------------------------------------
[2026-01-23 16:44:43,937] - [root] - [INFO] - Processing 1-22-2026 5dpi 180-W2021011-476_R2.png
[2026-01-23 16:45:01,722] - [root] - [INFO] - Finished loading mask: 0m 17s
[2026-01-23 16:45:18,238] - [root] - [INFO] - Finished crop and inference: 0m 34s
[2026-01-23 16:45:19,814] - [root] - [INFO] - Analysis finished: 0m 35s
[2026-01-23 16:45:19,814] - [root] - [INFO] - -------------------------------------------
[2026-01-23 16:45:19,814] - [root] - [INFO] - -------------------------------------------
[2026-01-23 16:45:19,814] - [root] - [INFO] - Processing 1-22-2026 5dpi 182-W2021009-251_R1.png
[2026-01-23 16:45:37,122] - [root] - [INFO] - Finished loading mask: 0m 17s
[2026-01-23 16:45:46,497] - [root] - [INFO] - Finished crop and inference: 0m 26s
[2026-01-23 16:45:48,033] - [root] - [INFO] - Analysis finished: 0m 28s
[2026-01-23 16:45:48,033] - [root] - [INFO] - -------------------------------------------
[2026-01-23 16:45:48,034] - [root] - [INFO] - -------------------------------------------
[2026-01-23 16:45:48,034] - [root] - [INFO] - Processing 1-22-2026 5dpi 183-W2021009-295_R1.png
[2026-01-23 16:46:04,952] - [root] - [INFO] - Finished loading mask: 0m 16s
[2026-01-23 16:46:12,743] - [root] - [INFO] - Finished crop and inference: 0m 24s
[2026-01-23 16:46:14,225] - [root] - [INFO] - Analysis finished: 0m 26s
[2026-01-23 16:46:14,225] - [root] - [INFO] - -------------------------------------------
[2026-01-23 16:46:14,225] - [root] - [INFO] - -------------------------------------------
[2026-01-23 16:46:14,225] - [root] - [INFO] - Processing 1-22-2026 5dpi 185-W2021009-199_R1.png
[2026-01-23 16:46:31,254] - [root] - [INFO] - Finished loading mask: 0m 17s
[2026-01-23 16:46:40,234] - [root] - [INFO] - Finished crop and inference: 0m 26s
              timestamp time_elapsed  ... severity_rate_patch Gradient_sr2
0   2026-01-23 16:08:07       0m 25s  ...                1.74         0.04
1   2026-01-23 16:08:33       0m 25s  ...                4.36         0.11
2   2026-01-23 16:08:58       0m 26s  ...                0.85         0.02
3   2026-01-23 16:09:25       0m 29s  ...               25.47         0.67
4   2026-01-23 16:09:54       0m 30s  ...               37.39         0.99
..                  ...          ...  ...                 ...          ...
59  2026-01-23 16:36:20       0m 40s  ...               86.63         2.58
60  2026-01-23 16:37:01       0m 26s  ...                0.61         0.02
61  2026-01-23 16:37:28       0m 30s  ...               28.01         0.73
62  2026-01-23 16:37:58       0m 28s  ...               13.12         0.36
63  2026-01-23 16:38:27       0m 26s  ...                2.62         0.07

[64 rows x 24 columns]
              timestamp time_elapsed  ... severity_rate_patch Gradient_sr2
0   2026-01-23 16:08:07       0m 25s  ...                1.74         0.04
1   2026-01-23 16:08:33       0m 25s  ...                4.36         0.11
2   2026-01-23 16:08:58       0m 26s  ...                0.85         0.02
3   2026-01-23 16:09:25       0m 29s  ...               25.47         0.67
4   2026-01-23 16:09:54       0m 30s  ...               37.39         0.99
..                  ...          ...  ...                 ...          ...
60  2026-01-23 16:37:01       0m 26s  ...                0.61         0.02
61  2026-01-23 16:37:28       0m 30s  ...               28.01         0.73
62  2026-01-23 16:37:58       0m 28s  ...               13.12         0.36
63  2026-01-23 16:38:27       0m 26s  ...                2.62         0.07
64  2026-01-23 16:38:53       0m 27s  ...               10.00         0.27

[65 rows x 24 columns]
              timestamp time_elapsed  ... severity_rate_patch Gradient_sr2
0   2026-01-23 16:08:07       0m 25s  ...                1.74         0.04
1   2026-01-23 16:08:33       0m 25s  ...                4.36         0.11
2   2026-01-23 16:08:58       0m 26s  ...                0.85         0.02
3   2026-01-23 16:09:25       0m 29s  ...               25.47         0.67
4   2026-01-23 16:09:54       0m 30s  ...               37.39         0.99
..                  ...          ...  ...                 ...          ...
61  2026-01-23 16:37:28       0m 30s  ...               28.01         0.73
62  2026-01-23 16:37:58       0m 28s  ...               13.12         0.36
63  2026-01-23 16:38:27       0m 26s  ...                2.62         0.07
64  2026-01-23 16:38:53       0m 27s  ...               10.00         0.27
65  2026-01-23 16:39:21       0m 28s  ...                7.64         0.19

[66 rows x 24 columns]
              timestamp time_elapsed  ... severity_rate_patch Gradient_sr2
0   2026-01-23 16:08:07       0m 25s  ...                1.74         0.04
1   2026-01-23 16:08:33       0m 25s  ...                4.36         0.11
2   2026-01-23 16:08:58       0m 26s  ...                0.85         0.02
3   2026-01-23 16:09:25       0m 29s  ...               25.47         0.67
4   2026-01-23 16:09:54       0m 30s  ...               37.39         0.99
..                  ...          ...  ...                 ...          ...
62  2026-01-23 16:37:58       0m 28s  ...               13.12         0.36
63  2026-01-23 16:38:27       0m 26s  ...                2.62         0.07
64  2026-01-23 16:38:53       0m 27s  ...               10.00         0.27
65  2026-01-23 16:39:21       0m 28s  ...                7.64         0.19
66  2026-01-23 16:39:49       0m 33s  ...               53.88         1.50

[67 rows x 24 columns]
              timestamp time_elapsed  ... severity_rate_patch Gradient_sr2
0   2026-01-23 16:08:07       0m 25s  ...                1.74         0.04
1   2026-01-23 16:08:33       0m 25s  ...                4.36         0.11
2   2026-01-23 16:08:58       0m 26s  ...                0.85         0.02
3   2026-01-23 16:09:25       0m 29s  ...               25.47         0.67
4   2026-01-23 16:09:54       0m 30s  ...               37.39         0.99
..                  ...          ...  ...                 ...          ...
63  2026-01-23 16:38:27       0m 26s  ...                2.62         0.07
64  2026-01-23 16:38:53       0m 27s  ...               10.00         0.27
65  2026-01-23 16:39:21       0m 28s  ...                7.64         0.19
66  2026-01-23 16:39:49       0m 33s  ...               53.88         1.50
67  2026-01-23 16:40:22       0m 25s  ...                2.18         0.06

[68 rows x 24 columns]
              timestamp time_elapsed  ... severity_rate_patch Gradient_sr2
0   2026-01-23 16:08:07       0m 25s  ...                1.74         0.04
1   2026-01-23 16:08:33       0m 25s  ...                4.36         0.11
2   2026-01-23 16:08:58       0m 26s  ...                0.85         0.02
3   2026-01-23 16:09:25       0m 29s  ...               25.47         0.67
4   2026-01-23 16:09:54       0m 30s  ...               37.39         0.99
..                  ...          ...  ...                 ...          ...
64  2026-01-23 16:38:53       0m 27s  ...               10.00         0.27
65  2026-01-23 16:39:21       0m 28s  ...                7.64         0.19
66  2026-01-23 16:39:49       0m 33s  ...               53.88         1.50
67  2026-01-23 16:40:22       0m 25s  ...                2.18         0.06
68  2026-01-23 16:40:48       0m 39s  ...               84.74         2.55

[69 rows x 24 columns]
              timestamp time_elapsed  ... severity_rate_patch Gradient_sr2
0   2026-01-23 16:08:07       0m 25s  ...                1.74         0.04
1   2026-01-23 16:08:33       0m 25s  ...                4.36         0.11
2   2026-01-23 16:08:58       0m 26s  ...                0.85         0.02
3   2026-01-23 16:09:25       0m 29s  ...               25.47         0.67
4   2026-01-23 16:09:54       0m 30s  ...               37.39         0.99
..                  ...          ...  ...                 ...          ...
65  2026-01-23 16:39:21       0m 28s  ...                7.64         0.19
66  2026-01-23 16:39:49       0m 33s  ...               53.88         1.50
67  2026-01-23 16:40:22       0m 25s  ...                2.18         0.06
68  2026-01-23 16:40:48       0m 39s  ...               84.74         2.55
69  2026-01-23 16:41:28       0m 33s  ...               57.21         1.60

[70 rows x 24 columns]
              timestamp time_elapsed  ... severity_rate_patch Gradient_sr2
0   2026-01-23 16:08:07       0m 25s  ...                1.74         0.04
1   2026-01-23 16:08:33       0m 25s  ...                4.36         0.11
2   2026-01-23 16:08:58       0m 26s  ...                0.85         0.02
3   2026-01-23 16:09:25       0m 29s  ...               25.47         0.67
4   2026-01-23 16:09:54       0m 30s  ...               37.39         0.99
..                  ...          ...  ...                 ...          ...
66  2026-01-23 16:39:49       0m 33s  ...               53.88         1.50
67  2026-01-23 16:40:22       0m 25s  ...                2.18         0.06
68  2026-01-23 16:40:48       0m 39s  ...               84.74         2.55
69  2026-01-23 16:41:28       0m 33s  ...               57.21         1.60
70  2026-01-23 16:42:02       0m 28s  ...                8.76         0.24

[71 rows x 24 columns]
[2026-01-23 16:46:41,734] - [root] - [INFO] - Analysis finished: 0m 27s
[2026-01-23 16:46:41,735] - [root] - [INFO] - -------------------------------------------
[2026-01-23 16:46:41,735] - [root] - [INFO] - -------------------------------------------
[2026-01-23 16:46:41,735] - [root] - [INFO] - Processing 1-22-2026 5dpi 185-W2021009-291_R2.png
[2026-01-23 16:46:58,929] - [root] - [INFO] - Finished loading mask: 0m 17s
[2026-01-23 16:47:08,418] - [root] - [INFO] - Finished crop and inference: 0m 26s
[2026-01-23 16:47:09,908] - [root] - [INFO] - Analysis finished: 0m 28s
[2026-01-23 16:47:09,908] - [root] - [INFO] - -------------------------------------------
[2026-01-23 16:47:09,908] - [root] - [INFO] - -------------------------------------------
[2026-01-23 16:47:09,908] - [root] - [INFO] - Processing 1-22-2026 5dpi 187-W2021010-348_R2.png
[2026-01-23 16:47:27,650] - [root] - [INFO] - Finished loading mask: 0m 17s
[2026-01-23 16:47:45,460] - [root] - [INFO] - Finished crop and inference: 0m 35s
[2026-01-23 16:47:47,118] - [root] - [INFO] - Analysis finished: 0m 37s
[2026-01-23 16:47:47,118] - [root] - [INFO] - -------------------------------------------
[2026-01-23 16:47:47,118] - [root] - [INFO] - -------------------------------------------
[2026-01-23 16:47:47,118] - [root] - [INFO] - Processing 1-22-2026 5dpi 191-W2021010-426_R2.png
[2026-01-23 16:48:04,533] - [root] - [INFO] - Finished loading mask: 0m 17s
[2026-01-23 16:48:14,522] - [root] - [INFO] - Finished crop and inference: 0m 27s
[2026-01-23 16:48:16,065] - [root] - [INFO] - Analysis finished: 0m 28s
[2026-01-23 16:48:16,066] - [root] - [INFO] - -------------------------------------------
[2026-01-23 16:48:16,066] - [root] - [INFO] - -------------------------------------------
[2026-01-23 16:48:16,066] - [root] - [INFO] - Processing 1-22-2026 5dpi 191-W2021010-449_R1.png
[2026-01-23 16:48:33,697] - [root] - [INFO] - Finished loading mask: 0m 17s
[2026-01-23 16:48:45,053] - [root] - [INFO] - Finished crop and inference: 0m 28s
[2026-01-23 16:48:46,520] - [root] - [INFO] - Analysis finished: 0m 30s
[2026-01-23 16:48:46,520] - [root] - [INFO] - -------------------------------------------
[2026-01-23 16:48:46,520] - [root] - [INFO] - -------------------------------------------
[2026-01-23 16:48:46,520] - [root] - [INFO] - Processing 1-22-2026 5dpi 192-W2021006-005_R1.png
[2026-01-23 16:49:03,319] - [root] - [INFO] - Finished loading mask: 0m 16s
[2026-01-23 16:49:11,618] - [root] - [INFO] - Finished crop and inference: 0m 25s
[2026-01-23 16:49:13,095] - [root] - [INFO] - Analysis finished: 0m 26s
[2026-01-23 16:49:13,095] - [root] - [INFO] - -------------------------------------------
[2026-01-23 16:49:13,095] - [root] - [INFO] - -------------------------------------------
[2026-01-23 16:49:13,095] - [root] - [INFO] - Processing 1-22-2026 5dpi 206-W2021010-344_R1.png
[2026-01-23 16:49:30,257] - [root] - [INFO] - Finished loading mask: 0m 17s
[2026-01-23 16:49:38,529] - [root] - [INFO] - Finished crop and inference: 0m 25s
[2026-01-23 16:49:40,012] - [root] - [INFO] - Analysis finished: 0m 26s
[2026-01-23 16:49:40,012] - [root] - [INFO] - -------------------------------------------
[2026-01-23 16:49:40,012] - [root] - [INFO] - -------------------------------------------
[2026-01-23 16:49:40,012] - [root] - [INFO] - Processing 1-22-2026 5dpi 207-W2021009-287_R2.png
[2026-01-23 16:49:57,161] - [root] - [INFO] - Finished loading mask: 0m 17s
[2026-01-23 16:50:05,318] - [root] - [INFO] - Finished crop and inference: 0m 25s
[2026-01-23 16:50:06,834] - [root] - [INFO] - Analysis finished: 0m 26s
[2026-01-23 16:50:06,835] - [root] - [INFO] - -------------------------------------------
[2026-01-23 16:50:06,835] - [root] - [INFO] - -------------------------------------------
[2026-01-23 16:50:06,835] - [root] - [INFO] - Processing 1-22-2026 5dpi 208-W2021009-268_R2.png
[2026-01-23 16:50:24,021] - [root] - [INFO] - Finished loading mask: 0m 17s
[2026-01-23 16:50:35,983] - [root] - [INFO] - Finished crop and inference: 0m 29s
              timestamp time_elapsed  ... severity_rate_patch Gradient_sr2
0   2026-01-23 16:08:07       0m 25s  ...                1.74         0.04
1   2026-01-23 16:08:33       0m 25s  ...                4.36         0.11
2   2026-01-23 16:08:58       0m 26s  ...                0.85         0.02
3   2026-01-23 16:09:25       0m 29s  ...               25.47         0.67
4   2026-01-23 16:09:54       0m 30s  ...               37.39         0.99
..                  ...          ...  ...                 ...          ...
67  2026-01-23 16:40:22       0m 25s  ...                2.18         0.06
68  2026-01-23 16:40:48       0m 39s  ...               84.74         2.55
69  2026-01-23 16:41:28       0m 33s  ...               57.21         1.60
70  2026-01-23 16:42:02       0m 28s  ...                8.76         0.24
71  2026-01-23 16:42:30       0m 26s  ...                1.64         0.04

[72 rows x 24 columns]
              timestamp time_elapsed  ... severity_rate_patch Gradient_sr2
0   2026-01-23 16:08:07       0m 25s  ...                1.74         0.04
1   2026-01-23 16:08:33       0m 25s  ...                4.36         0.11
2   2026-01-23 16:08:58       0m 26s  ...                0.85         0.02
3   2026-01-23 16:09:25       0m 29s  ...               25.47         0.67
4   2026-01-23 16:09:54       0m 30s  ...               37.39         0.99
..                  ...          ...  ...                 ...          ...
68  2026-01-23 16:40:48       0m 39s  ...               84.74         2.55
69  2026-01-23 16:41:28       0m 33s  ...               57.21         1.60
70  2026-01-23 16:42:02       0m 28s  ...                8.76         0.24
71  2026-01-23 16:42:30       0m 26s  ...                1.64         0.04
72  2026-01-23 16:42:57       0m 26s  ...               15.38         0.37

[73 rows x 24 columns]
              timestamp time_elapsed  ... severity_rate_patch Gradient_sr2
0   2026-01-23 16:08:07       0m 25s  ...                1.74         0.04
1   2026-01-23 16:08:33       0m 25s  ...                4.36         0.11
2   2026-01-23 16:08:58       0m 26s  ...                0.85         0.02
3   2026-01-23 16:09:25       0m 29s  ...               25.47         0.67
4   2026-01-23 16:09:54       0m 30s  ...               37.39         0.99
..                  ...          ...  ...                 ...          ...
69  2026-01-23 16:41:28       0m 33s  ...               57.21         1.60
70  2026-01-23 16:42:02       0m 28s  ...                8.76         0.24
71  2026-01-23 16:42:30       0m 26s  ...                1.64         0.04
72  2026-01-23 16:42:57       0m 26s  ...               15.38         0.37
73  2026-01-23 16:43:24       0m 24s  ...                3.06         0.08

[74 rows x 24 columns]
              timestamp time_elapsed  ... severity_rate_patch Gradient_sr2
0   2026-01-23 16:08:07       0m 25s  ...                1.74         0.04
1   2026-01-23 16:08:33       0m 25s  ...                4.36         0.11
2   2026-01-23 16:08:58       0m 26s  ...                0.85         0.02
3   2026-01-23 16:09:25       0m 29s  ...               25.47         0.67
4   2026-01-23 16:09:54       0m 30s  ...               37.39         0.99
..                  ...          ...  ...                 ...          ...
70  2026-01-23 16:42:02       0m 28s  ...                8.76         0.24
71  2026-01-23 16:42:30       0m 26s  ...                1.64         0.04
72  2026-01-23 16:42:57       0m 26s  ...               15.38         0.37
73  2026-01-23 16:43:24       0m 24s  ...                3.06         0.08
74  2026-01-23 16:43:48       0m 27s  ...               13.43         0.36

[75 rows x 24 columns]
              timestamp time_elapsed  ... severity_rate_patch Gradient_sr2
0   2026-01-23 16:08:07       0m 25s  ...                1.74         0.04
1   2026-01-23 16:08:33       0m 25s  ...                4.36         0.11
2   2026-01-23 16:08:58       0m 26s  ...                0.85         0.02
3   2026-01-23 16:09:25       0m 29s  ...               25.47         0.67
4   2026-01-23 16:09:54       0m 30s  ...               37.39         0.99
..                  ...          ...  ...                 ...          ...
71  2026-01-23 16:42:30       0m 26s  ...                1.64         0.04
72  2026-01-23 16:42:57       0m 26s  ...               15.38         0.37
73  2026-01-23 16:43:24       0m 24s  ...                3.06         0.08
74  2026-01-23 16:43:48       0m 27s  ...               13.43         0.36
75  2026-01-23 16:44:15       0m 27s  ...               24.95         0.55

[76 rows x 24 columns]
              timestamp time_elapsed  ... severity_rate_patch Gradient_sr2
0   2026-01-23 16:08:07       0m 25s  ...                1.74         0.04
1   2026-01-23 16:08:33       0m 25s  ...                4.36         0.11
2   2026-01-23 16:08:58       0m 26s  ...                0.85         0.02
3   2026-01-23 16:09:25       0m 29s  ...               25.47         0.67
4   2026-01-23 16:09:54       0m 30s  ...               37.39         0.99
..                  ...          ...  ...                 ...          ...
72  2026-01-23 16:42:57       0m 26s  ...               15.38         0.37
73  2026-01-23 16:43:24       0m 24s  ...                3.06         0.08
74  2026-01-23 16:43:48       0m 27s  ...               13.43         0.36
75  2026-01-23 16:44:15       0m 27s  ...               24.95         0.55
76  2026-01-23 16:44:43       0m 35s  ...               79.18         2.12

[77 rows x 24 columns]
              timestamp time_elapsed  ... severity_rate_patch Gradient_sr2
0   2026-01-23 16:08:07       0m 25s  ...                1.74         0.04
1   2026-01-23 16:08:33       0m 25s  ...                4.36         0.11
2   2026-01-23 16:08:58       0m 26s  ...                0.85         0.02
3   2026-01-23 16:09:25       0m 29s  ...               25.47         0.67
4   2026-01-23 16:09:54       0m 30s  ...               37.39         0.99
..                  ...          ...  ...                 ...          ...
73  2026-01-23 16:43:24       0m 24s  ...                3.06         0.08
74  2026-01-23 16:43:48       0m 27s  ...               13.43         0.36
75  2026-01-23 16:44:15       0m 27s  ...               24.95         0.55
76  2026-01-23 16:44:43       0m 35s  ...               79.18         2.12
77  2026-01-23 16:45:19       0m 28s  ...                4.96         0.12

[78 rows x 24 columns]
              timestamp time_elapsed  ... severity_rate_patch Gradient_sr2
0   2026-01-23 16:08:07       0m 25s  ...                1.74         0.04
1   2026-01-23 16:08:33       0m 25s  ...                4.36         0.11
2   2026-01-23 16:08:58       0m 26s  ...                0.85         0.02
3   2026-01-23 16:09:25       0m 29s  ...               25.47         0.67
4   2026-01-23 16:09:54       0m 30s  ...               37.39         0.99
..                  ...          ...  ...                 ...          ...
74  2026-01-23 16:43:48       0m 27s  ...               13.43         0.36
75  2026-01-23 16:44:15       0m 27s  ...               24.95         0.55
76  2026-01-23 16:44:43       0m 35s  ...               79.18         2.12
77  2026-01-23 16:45:19       0m 28s  ...                4.96         0.12
78  2026-01-23 16:45:48       0m 26s  ...                6.35         0.16

[79 rows x 24 columns]
[2026-01-23 16:50:37,489] - [root] - [INFO] - Analysis finished: 0m 30s
[2026-01-23 16:50:37,489] - [root] - [INFO] - -------------------------------------------
[2026-01-23 16:50:37,489] - [root] - [INFO] - -------------------------------------------
[2026-01-23 16:50:37,489] - [root] - [INFO] - Processing 1-22-2026 5dpi 209-W2021010-439_R2.png
[2026-01-23 16:50:55,161] - [root] - [INFO] - Finished loading mask: 0m 17s
[2026-01-23 16:51:08,404] - [root] - [INFO] - Finished crop and inference: 0m 30s
[2026-01-23 16:51:09,933] - [root] - [INFO] - Analysis finished: 0m 32s
[2026-01-23 16:51:09,933] - [root] - [INFO] - -------------------------------------------
[2026-01-23 16:51:09,933] - [root] - [INFO] - -------------------------------------------
[2026-01-23 16:51:09,934] - [root] - [INFO] - Processing 1-22-2026 5dpi 211-W2021011-598_R2.png
[2026-01-23 16:51:27,225] - [root] - [INFO] - Finished loading mask: 0m 17s
[2026-01-23 16:51:37,806] - [root] - [INFO] - Finished crop and inference: 0m 27s
[2026-01-23 16:51:39,379] - [root] - [INFO] - Analysis finished: 0m 29s
[2026-01-23 16:51:39,379] - [root] - [INFO] - -------------------------------------------
[2026-01-23 16:51:39,379] - [root] - [INFO] - -------------------------------------------
[2026-01-23 16:51:39,379] - [root] - [INFO] - Processing 1-22-2026 5dpi 215-W2021006-045_R2.png
[2026-01-23 16:51:56,687] - [root] - [INFO] - Finished loading mask: 0m 17s
[2026-01-23 16:52:05,531] - [root] - [INFO] - Finished crop and inference: 0m 26s
[2026-01-23 16:52:07,034] - [root] - [INFO] - Analysis finished: 0m 27s
[2026-01-23 16:52:07,035] - [root] - [INFO] - -------------------------------------------
[2026-01-23 16:52:07,035] - [root] - [INFO] - -------------------------------------------
[2026-01-23 16:52:07,035] - [root] - [INFO] - Processing 1-22-2026 5dpi 223-W2021010-442_R2.png
[2026-01-23 16:52:25,068] - [root] - [INFO] - Finished loading mask: 0m 18s
[2026-01-23 16:52:37,765] - [root] - [INFO] - Finished crop and inference: 0m 30s
[2026-01-23 16:52:39,261] - [root] - [INFO] - Analysis finished: 0m 32s
[2026-01-23 16:52:39,261] - [root] - [INFO] - -------------------------------------------
[2026-01-23 16:52:39,261] - [root] - [INFO] - -------------------------------------------
[2026-01-23 16:52:39,261] - [root] - [INFO] - Processing 1-22-2026 5dpi 226-W2021010-435_R1.png
[2026-01-23 16:52:56,770] - [root] - [INFO] - Finished loading mask: 0m 17s
[2026-01-23 16:53:06,190] - [root] - [INFO] - Finished crop and inference: 0m 26s
[2026-01-23 16:53:07,686] - [root] - [INFO] - Analysis finished: 0m 28s
[2026-01-23 16:53:07,686] - [root] - [INFO] - -------------------------------------------
[2026-01-23 16:53:07,686] - [root] - [INFO] - -------------------------------------------
[2026-01-23 16:53:07,686] - [root] - [INFO] - Processing 1-22-2026 5dpi 230-W2021010-373_R2.png
[2026-01-23 16:53:25,445] - [root] - [INFO] - Finished loading mask: 0m 17s
[2026-01-23 16:53:48,247] - [root] - [INFO] - Finished crop and inference: 0m 40s
[2026-01-23 16:53:49,819] - [root] - [INFO] - Analysis finished: 0m 42s
[2026-01-23 16:53:49,819] - [root] - [INFO] - -------------------------------------------
[2026-01-23 16:53:49,819] - [root] - [INFO] - -------------------------------------------
[2026-01-23 16:53:49,819] - [root] - [INFO] - Processing 1-22-2026 5dpi 233-W2021009-215_R2.png
[2026-01-23 16:54:07,079] - [root] - [INFO] - Finished loading mask: 0m 17s
[2026-01-23 16:54:17,363] - [root] - [INFO] - Finished crop and inference: 0m 27s
[2026-01-23 16:54:18,862] - [root] - [INFO] - Analysis finished: 0m 29s
[2026-01-23 16:54:18,862] - [root] - [INFO] - -------------------------------------------
[2026-01-23 16:54:18,862] - [root] - [INFO] - -------------------------------------------
[2026-01-23 16:54:18,862] - [root] - [INFO] - Processing 1-22-2026 5dpi 240-Symphony_R2.png
[2026-01-23 16:54:36,767] - [root] - [INFO] - Finished loading mask: 0m 17s
[2026-01-23 16:54:56,980] - [root] - [INFO] - Finished crop and inference: 0m 38s
              timestamp time_elapsed  ... severity_rate_patch Gradient_sr2
0   2026-01-23 16:08:07       0m 25s  ...                1.74         0.04
1   2026-01-23 16:08:33       0m 25s  ...                4.36         0.11
2   2026-01-23 16:08:58       0m 26s  ...                0.85         0.02
3   2026-01-23 16:09:25       0m 29s  ...               25.47         0.67
4   2026-01-23 16:09:54       0m 30s  ...               37.39         0.99
..                  ...          ...  ...                 ...          ...
75  2026-01-23 16:44:15       0m 27s  ...               24.95         0.55
76  2026-01-23 16:44:43       0m 35s  ...               79.18         2.12
77  2026-01-23 16:45:19       0m 28s  ...                4.96         0.12
78  2026-01-23 16:45:48       0m 26s  ...                6.35         0.16
79  2026-01-23 16:46:14       0m 27s  ...               13.00         0.28

[80 rows x 24 columns]
              timestamp time_elapsed  ... severity_rate_patch Gradient_sr2
0   2026-01-23 16:08:07       0m 25s  ...                1.74         0.04
1   2026-01-23 16:08:33       0m 25s  ...                4.36         0.11
2   2026-01-23 16:08:58       0m 26s  ...                0.85         0.02
3   2026-01-23 16:09:25       0m 29s  ...               25.47         0.67
4   2026-01-23 16:09:54       0m 30s  ...               37.39         0.99
..                  ...          ...  ...                 ...          ...
76  2026-01-23 16:44:43       0m 35s  ...               79.18         2.12
77  2026-01-23 16:45:19       0m 28s  ...                4.96         0.12
78  2026-01-23 16:45:48       0m 26s  ...                6.35         0.16
79  2026-01-23 16:46:14       0m 27s  ...               13.00         0.28
80  2026-01-23 16:46:41       0m 28s  ...                5.94         0.15

[81 rows x 24 columns]
              timestamp time_elapsed  ... severity_rate_patch Gradient_sr2
0   2026-01-23 16:08:07       0m 25s  ...                1.74         0.04
1   2026-01-23 16:08:33       0m 25s  ...                4.36         0.11
2   2026-01-23 16:08:58       0m 26s  ...                0.85         0.02
3   2026-01-23 16:09:25       0m 29s  ...               25.47         0.67
4   2026-01-23 16:09:54       0m 30s  ...               37.39         0.99
..                  ...          ...  ...                 ...          ...
77  2026-01-23 16:45:19       0m 28s  ...                4.96         0.12
78  2026-01-23 16:45:48       0m 26s  ...                6.35         0.16
79  2026-01-23 16:46:14       0m 27s  ...               13.00         0.28
80  2026-01-23 16:46:41       0m 28s  ...                5.94         0.15
81  2026-01-23 16:47:09       0m 37s  ...               85.45         2.50

[82 rows x 24 columns]
              timestamp time_elapsed  ... severity_rate_patch Gradient_sr2
0   2026-01-23 16:08:07       0m 25s  ...                1.74         0.04
1   2026-01-23 16:08:33       0m 25s  ...                4.36         0.11
2   2026-01-23 16:08:58       0m 26s  ...                0.85         0.02
3   2026-01-23 16:09:25       0m 29s  ...               25.47         0.67
4   2026-01-23 16:09:54       0m 30s  ...               37.39         0.99
..                  ...          ...  ...                 ...          ...
78  2026-01-23 16:45:48       0m 26s  ...                6.35         0.16
79  2026-01-23 16:46:14       0m 27s  ...               13.00         0.28
80  2026-01-23 16:46:41       0m 28s  ...                5.94         0.15
81  2026-01-23 16:47:09       0m 37s  ...               85.45         2.50
82  2026-01-23 16:47:47       0m 28s  ...                9.54         0.25

[83 rows x 24 columns]
              timestamp time_elapsed  ... severity_rate_patch Gradient_sr2
0   2026-01-23 16:08:07       0m 25s  ...                1.74         0.04
1   2026-01-23 16:08:33       0m 25s  ...                4.36         0.11
2   2026-01-23 16:08:58       0m 26s  ...                0.85         0.02
3   2026-01-23 16:09:25       0m 29s  ...               25.47         0.67
4   2026-01-23 16:09:54       0m 30s  ...               37.39         0.99
..                  ...          ...  ...                 ...          ...
79  2026-01-23 16:46:14       0m 27s  ...               13.00         0.28
80  2026-01-23 16:46:41       0m 28s  ...                5.94         0.15
81  2026-01-23 16:47:09       0m 37s  ...               85.45         2.50
82  2026-01-23 16:47:47       0m 28s  ...                9.54         0.25
83  2026-01-23 16:48:16       0m 30s  ...               23.32         0.63

[84 rows x 24 columns]
              timestamp time_elapsed  ... severity_rate_patch Gradient_sr2
0   2026-01-23 16:08:07       0m 25s  ...                1.74         0.04
1   2026-01-23 16:08:33       0m 25s  ...                4.36         0.11
2   2026-01-23 16:08:58       0m 26s  ...                0.85         0.02
3   2026-01-23 16:09:25       0m 29s  ...               25.47         0.67
4   2026-01-23 16:09:54       0m 30s  ...               37.39         0.99
..                  ...          ...  ...                 ...          ...
80  2026-01-23 16:46:41       0m 28s  ...                5.94         0.15
81  2026-01-23 16:47:09       0m 37s  ...               85.45         2.50
82  2026-01-23 16:47:47       0m 28s  ...                9.54         0.25
83  2026-01-23 16:48:16       0m 30s  ...               23.32         0.63
84  2026-01-23 16:48:46       0m 26s  ...                7.13         0.16

[85 rows x 24 columns]
              timestamp time_elapsed  ... severity_rate_patch Gradient_sr2
0   2026-01-23 16:08:07       0m 25s  ...                1.74         0.04
1   2026-01-23 16:08:33       0m 25s  ...                4.36         0.11
2   2026-01-23 16:08:58       0m 26s  ...                0.85         0.02
3   2026-01-23 16:09:25       0m 29s  ...               25.47         0.67
4   2026-01-23 16:09:54       0m 30s  ...               37.39         0.99
..                  ...          ...  ...                 ...          ...
81  2026-01-23 16:47:09       0m 37s  ...               85.45         2.50
82  2026-01-23 16:47:47       0m 28s  ...                9.54         0.25
83  2026-01-23 16:48:16       0m 30s  ...               23.32         0.63
84  2026-01-23 16:48:46       0m 26s  ...                7.13         0.16
85  2026-01-23 16:49:13       0m 26s  ...                6.06         0.16

[86 rows x 24 columns]
              timestamp time_elapsed  ... severity_rate_patch Gradient_sr2
0   2026-01-23 16:08:07       0m 25s  ...                1.74         0.04
1   2026-01-23 16:08:33       0m 25s  ...                4.36         0.11
2   2026-01-23 16:08:58       0m 26s  ...                0.85         0.02
3   2026-01-23 16:09:25       0m 29s  ...               25.47         0.67
4   2026-01-23 16:09:54       0m 30s  ...               37.39         0.99
..                  ...          ...  ...                 ...          ...
82  2026-01-23 16:47:47       0m 28s  ...                9.54         0.25
83  2026-01-23 16:48:16       0m 30s  ...               23.32         0.63
84  2026-01-23 16:48:46       0m 26s  ...                7.13         0.16
85  2026-01-23 16:49:13       0m 26s  ...                6.06         0.16
86  2026-01-23 16:49:40       0m 26s  ...                1.20         0.03

[87 rows x 24 columns]
[2026-01-23 16:54:58,512] - [root] - [INFO] - Analysis finished: 0m 39s
[2026-01-23 16:54:58,512] - [root] - [INFO] - -------------------------------------------
[2026-01-23 16:54:58,512] - [root] - [INFO] - -------------------------------------------
[2026-01-23 16:54:58,513] - [root] - [INFO] - Processing 1-22-2026 5dpi 254-W2021010-352_R2.png
[2026-01-23 16:55:15,136] - [root] - [INFO] - Finished loading mask: 0m 16s
[2026-01-23 16:55:22,041] - [root] - [INFO] - Finished crop and inference: 0m 23s
[2026-01-23 16:55:23,569] - [root] - [INFO] - Analysis finished: 0m 25s
[2026-01-23 16:55:23,569] - [root] - [INFO] - -------------------------------------------
[2026-01-23 16:55:23,569] - [root] - [INFO] - -------------------------------------------
[2026-01-23 16:55:23,569] - [root] - [INFO] - Processing 1-22-2026 5dpi 266-W2021009-193_R1.png
[2026-01-23 16:55:40,765] - [root] - [INFO] - Finished loading mask: 0m 17s
[2026-01-23 16:55:49,367] - [root] - [INFO] - Finished crop and inference: 0m 25s
[2026-01-23 16:55:50,856] - [root] - [INFO] - Analysis finished: 0m 27s
[2026-01-23 16:55:50,856] - [root] - [INFO] - -------------------------------------------
[2026-01-23 16:55:50,856] - [root] - [INFO] - -------------------------------------------
[2026-01-23 16:55:50,856] - [root] - [INFO] - Processing 1-22-2026 5dpi 313-W2021010-343_R1.png
[2026-01-23 16:56:07,537] - [root] - [INFO] - Finished loading mask: 0m 16s
[2026-01-23 16:56:15,441] - [root] - [INFO] - Finished crop and inference: 0m 24s
[2026-01-23 16:56:16,942] - [root] - [INFO] - Analysis finished: 0m 26s
[2026-01-23 16:56:16,942] - [root] - [INFO] - -------------------------------------------
[2026-01-23 16:56:16,942] - [root] - [INFO] - -------------------------------------------
[2026-01-23 16:56:16,942] - [root] - [INFO] - Processing 1-22-2026 5dpi 336-W2021011-506_R2.png
[2026-01-23 16:56:34,305] - [root] - [INFO] - Finished loading mask: 0m 17s
[2026-01-23 16:56:48,628] - [root] - [INFO] - Finished crop and inference: 0m 31s
[2026-01-23 16:56:50,016] - [root] - [INFO] - Analysis finished: 0m 33s
[2026-01-23 16:56:50,016] - [root] - [INFO] - -------------------------------------------
[2026-01-23 16:56:50,029] - [root] - [INFO] - Saved C:\Users\Intel User\Desktop\blackbird_scripts\data\Results\ResNet_upth0.6_downth0.1_Jan22_10-21-00_2026\1-22-2026\th_0.7\severity_rate_tray_5dpi.csv
              timestamp time_elapsed  ... severity_rate_patch Gradient_sr2
0   2026-01-23 16:08:07       0m 25s  ...                1.74         0.04
1   2026-01-23 16:08:33       0m 25s  ...                4.36         0.11
2   2026-01-23 16:08:58       0m 26s  ...                0.85         0.02
3   2026-01-23 16:09:25       0m 29s  ...               25.47         0.67
4   2026-01-23 16:09:54       0m 30s  ...               37.39         0.99
..                  ...          ...  ...                 ...          ...
83  2026-01-23 16:48:16       0m 30s  ...               23.32         0.63
84  2026-01-23 16:48:46       0m 26s  ...                7.13         0.16
85  2026-01-23 16:49:13       0m 26s  ...                6.06         0.16
86  2026-01-23 16:49:40       0m 26s  ...                1.20         0.03
87  2026-01-23 16:50:06       0m 30s  ...               31.65         0.76

[88 rows x 24 columns]
              timestamp time_elapsed  ... severity_rate_patch Gradient_sr2
0   2026-01-23 16:08:07       0m 25s  ...                1.74         0.04
1   2026-01-23 16:08:33       0m 25s  ...                4.36         0.11
2   2026-01-23 16:08:58       0m 26s  ...                0.85         0.02
3   2026-01-23 16:09:25       0m 29s  ...               25.47         0.67
4   2026-01-23 16:09:54       0m 30s  ...               37.39         0.99
..                  ...          ...  ...                 ...          ...
84  2026-01-23 16:48:46       0m 26s  ...                7.13         0.16
85  2026-01-23 16:49:13       0m 26s  ...                6.06         0.16
86  2026-01-23 16:49:40       0m 26s  ...                1.20         0.03
87  2026-01-23 16:50:06       0m 30s  ...               31.65         0.76
88  2026-01-23 16:50:37       0m 32s  ...               42.68         1.19

[89 rows x 24 columns]
              timestamp time_elapsed  ... severity_rate_patch Gradient_sr2
0   2026-01-23 16:08:07       0m 25s  ...                1.74         0.04
1   2026-01-23 16:08:33       0m 25s  ...                4.36         0.11
2   2026-01-23 16:08:58       0m 26s  ...                0.85         0.02
3   2026-01-23 16:09:25       0m 29s  ...               25.47         0.67
4   2026-01-23 16:09:54       0m 30s  ...               37.39         0.99
..                  ...          ...  ...                 ...          ...
85  2026-01-23 16:49:13       0m 26s  ...                6.06         0.16
86  2026-01-23 16:49:40       0m 26s  ...                1.20         0.03
87  2026-01-23 16:50:06       0m 30s  ...               31.65         0.76
88  2026-01-23 16:50:37       0m 32s  ...               42.68         1.19
89  2026-01-23 16:51:09       0m 29s  ...               14.13         0.40

[90 rows x 24 columns]
              timestamp time_elapsed  ... severity_rate_patch Gradient_sr2
0   2026-01-23 16:08:07       0m 25s  ...                1.74         0.04
1   2026-01-23 16:08:33       0m 25s  ...                4.36         0.11
2   2026-01-23 16:08:58       0m 26s  ...                0.85         0.02
3   2026-01-23 16:09:25       0m 29s  ...               25.47         0.67
4   2026-01-23 16:09:54       0m 30s  ...               37.39         0.99
..                  ...          ...  ...                 ...          ...
86  2026-01-23 16:49:40       0m 26s  ...                1.20         0.03
87  2026-01-23 16:50:06       0m 30s  ...               31.65         0.76
88  2026-01-23 16:50:37       0m 32s  ...               42.68         1.19
89  2026-01-23 16:51:09       0m 29s  ...               14.13         0.40
90  2026-01-23 16:51:39       0m 27s  ...               11.52         0.30

[91 rows x 24 columns]
              timestamp time_elapsed  ... severity_rate_patch Gradient_sr2
0   2026-01-23 16:08:07       0m 25s  ...                1.74         0.04
1   2026-01-23 16:08:33       0m 25s  ...                4.36         0.11
2   2026-01-23 16:08:58       0m 26s  ...                0.85         0.02
3   2026-01-23 16:09:25       0m 29s  ...               25.47         0.67
4   2026-01-23 16:09:54       0m 30s  ...               37.39         0.99
..                  ...          ...  ...                 ...          ...
87  2026-01-23 16:50:06       0m 30s  ...               31.65         0.76
88  2026-01-23 16:50:37       0m 32s  ...               42.68         1.19
89  2026-01-23 16:51:09       0m 29s  ...               14.13         0.40
90  2026-01-23 16:51:39       0m 27s  ...               11.52         0.30
91  2026-01-23 16:52:07       0m 32s  ...               45.04         1.15

[92 rows x 24 columns]
              timestamp time_elapsed  ... severity_rate_patch Gradient_sr2
0   2026-01-23 16:08:07       0m 25s  ...                1.74         0.04
1   2026-01-23 16:08:33       0m 25s  ...                4.36         0.11
2   2026-01-23 16:08:58       0m 26s  ...                0.85         0.02
3   2026-01-23 16:09:25       0m 29s  ...               25.47         0.67
4   2026-01-23 16:09:54       0m 30s  ...               37.39         0.99
..                  ...          ...  ...                 ...          ...
88  2026-01-23 16:50:37       0m 32s  ...               42.68         1.19
89  2026-01-23 16:51:09       0m 29s  ...               14.13         0.40
90  2026-01-23 16:51:39       0m 27s  ...               11.52         0.30
91  2026-01-23 16:52:07       0m 32s  ...               45.04         1.15
92  2026-01-23 16:52:39       0m 28s  ...               13.53         0.35

[93 rows x 24 columns]
              timestamp time_elapsed  ... severity_rate_patch Gradient_sr2
0   2026-01-23 16:08:07       0m 25s  ...                1.74         0.04
1   2026-01-23 16:08:33       0m 25s  ...                4.36         0.11
2   2026-01-23 16:08:58       0m 26s  ...                0.85         0.02
3   2026-01-23 16:09:25       0m 29s  ...               25.47         0.67
4   2026-01-23 16:09:54       0m 30s  ...               37.39         0.99
..                  ...          ...  ...                 ...          ...
89  2026-01-23 16:51:09       0m 29s  ...               14.13         0.40
90  2026-01-23 16:51:39       0m 27s  ...               11.52         0.30
91  2026-01-23 16:52:07       0m 32s  ...               45.04         1.15
92  2026-01-23 16:52:39       0m 28s  ...               13.53         0.35
93  2026-01-23 16:53:07       0m 42s  ...               98.85         3.20

[94 rows x 24 columns]
              timestamp time_elapsed  ... severity_rate_patch Gradient_sr2
0   2026-01-23 16:08:07       0m 25s  ...                1.74         0.04
1   2026-01-23 16:08:33       0m 25s  ...                4.36         0.11
2   2026-01-23 16:08:58       0m 26s  ...                0.85         0.02
3   2026-01-23 16:09:25       0m 29s  ...               25.47         0.67
4   2026-01-23 16:09:54       0m 30s  ...               37.39         0.99
..                  ...          ...  ...                 ...          ...
90  2026-01-23 16:51:39       0m 27s  ...               11.52         0.30
91  2026-01-23 16:52:07       0m 32s  ...               45.04         1.15
92  2026-01-23 16:52:39       0m 28s  ...               13.53         0.35
93  2026-01-23 16:53:07       0m 42s  ...               98.85         3.20
94  2026-01-23 16:53:49       0m 29s  ...               17.16         0.48

[95 rows x 24 columns]
              timestamp time_elapsed  ... severity_rate_patch Gradient_sr2
0   2026-01-23 16:08:07       0m 25s  ...                1.74         0.04
1   2026-01-23 16:08:33       0m 25s  ...                4.36         0.11
2   2026-01-23 16:08:58       0m 26s  ...                0.85         0.02
3   2026-01-23 16:09:25       0m 29s  ...               25.47         0.67
4   2026-01-23 16:09:54       0m 30s  ...               37.39         0.99
..                  ...          ...  ...                 ...          ...
91  2026-01-23 16:52:07       0m 32s  ...               45.04         1.15
92  2026-01-23 16:52:39       0m 28s  ...               13.53         0.35
93  2026-01-23 16:53:07       0m 42s  ...               98.85         3.20
94  2026-01-23 16:53:49       0m 29s  ...               17.16         0.48
95  2026-01-23 16:54:18       0m 39s  ...               83.68         2.54

[96 rows x 24 columns]
              timestamp time_elapsed  ... severity_rate_patch Gradient_sr2
0   2026-01-23 16:08:07       0m 25s  ...                1.74         0.04
1   2026-01-23 16:08:33       0m 25s  ...                4.36         0.11
2   2026-01-23 16:08:58       0m 26s  ...                0.85         0.02
3   2026-01-23 16:09:25       0m 29s  ...               25.47         0.67
4   2026-01-23 16:09:54       0m 30s  ...               37.39         0.99
..                  ...          ...  ...                 ...          ...
92  2026-01-23 16:52:39       0m 28s  ...               13.53         0.35
93  2026-01-23 16:53:07       0m 42s  ...               98.85         3.20
94  2026-01-23 16:53:49       0m 29s  ...               17.16         0.48
95  2026-01-23 16:54:18       0m 39s  ...               83.68         2.54
96  2026-01-23 16:54:58       0m 25s  ...                2.20         0.06

[97 rows x 24 columns]
              timestamp time_elapsed  ... severity_rate_patch Gradient_sr2
0   2026-01-23 16:08:07       0m 25s  ...                1.74         0.04
1   2026-01-23 16:08:33       0m 25s  ...                4.36         0.11
2   2026-01-23 16:08:58       0m 26s  ...                0.85         0.02
3   2026-01-23 16:09:25       0m 29s  ...               25.47         0.67
4   2026-01-23 16:09:54       0m 30s  ...               37.39         0.99
..                  ...          ...  ...                 ...          ...
93  2026-01-23 16:53:07       0m 42s  ...               98.85         3.20
94  2026-01-23 16:53:49       0m 29s  ...               17.16         0.48
95  2026-01-23 16:54:18       0m 39s  ...               83.68         2.54
96  2026-01-23 16:54:58       0m 25s  ...                2.20         0.06
97  2026-01-23 16:55:23       0m 27s  ...               10.16         0.27

[98 rows x 24 columns]
              timestamp time_elapsed  ... severity_rate_patch Gradient_sr2
0   2026-01-23 16:08:07       0m 25s  ...                1.74         0.04
1   2026-01-23 16:08:33       0m 25s  ...                4.36         0.11
2   2026-01-23 16:08:58       0m 26s  ...                0.85         0.02
3   2026-01-23 16:09:25       0m 29s  ...               25.47         0.67
4   2026-01-23 16:09:54       0m 30s  ...               37.39         0.99
..                  ...          ...  ...                 ...          ...
94  2026-01-23 16:53:49       0m 29s  ...               17.16         0.48
95  2026-01-23 16:54:18       0m 39s  ...               83.68         2.54
96  2026-01-23 16:54:58       0m 25s  ...                2.20         0.06
97  2026-01-23 16:55:23       0m 27s  ...               10.16         0.27
98  2026-01-23 16:55:50       0m 26s  ...                4.23         0.11

[99 rows x 24 columns]
              timestamp time_elapsed  ... severity_rate_patch Gradient_sr2
0   2026-01-23 16:08:07       0m 25s  ...                1.74         0.04
1   2026-01-23 16:08:33       0m 25s  ...                4.36         0.11
2   2026-01-23 16:08:58       0m 26s  ...                0.85         0.02
3   2026-01-23 16:09:25       0m 29s  ...               25.47         0.67
4   2026-01-23 16:09:54       0m 30s  ...               37.39         0.99
..                  ...          ...  ...                 ...          ...
95  2026-01-23 16:54:18       0m 39s  ...               83.68         2.54
96  2026-01-23 16:54:58       0m 25s  ...                2.20         0.06
97  2026-01-23 16:55:23       0m 27s  ...               10.16         0.27
98  2026-01-23 16:55:50       0m 26s  ...                4.23         0.11
99  2026-01-23 16:56:16       0m 33s  ...               47.28         1.25

[100 rows x 24 columns]

real	48m48.668s
user	0m0.000s
sys	0m0.000s
