[2026-01-23 12:45:30,633] - [root] - [INFO] - leaf_correlation_mw.py
[2026-01-23 12:45:30,633] - [root] - [INFO] - model_type       : ResNet
[2026-01-23 12:45:30,633] - [root] - [INFO] - pretrained       : True
[2026-01-23 12:45:30,633] - [root] - [INFO] - loading_epoch    : 65
[2026-01-23 12:45:30,633] - [root] - [INFO] - timestamp        : Jan22_10-21-00_2026
[2026-01-23 12:45:30,633] - [root] - [INFO] - outdim           : 2
[2026-01-23 12:45:30,633] - [root] - [INFO] - dual_head        : True
[2026-01-23 12:45:30,633] - [root] - [INFO] - model_path       : ../..
[2026-01-23 12:45:30,633] - [root] - [INFO] - step_size        : 224
[2026-01-23 12:45:30,633] - [root] - [INFO] - means            : [0.541, 0.6371, 0.4188]
[2026-01-23 12:45:30,633] - [root] - [INFO] - stds             : [0.1764, 0.165, 0.2326]
[2026-01-23 12:45:30,633] - [root] - [INFO] - target_class     : 1
[2026-01-23 12:45:30,633] - [root] - [INFO] - contam_control   : False
[2026-01-23 12:45:30,633] - [root] - [INFO] - spor_th          : 0.7
[2026-01-23 12:45:30,633] - [root] - [INFO] - inf_gate         : 0.4
[2026-01-23 12:45:30,633] - [root] - [INFO] - pm               : HPM-1269
[2026-01-23 12:45:30,633] - [root] - [INFO] - mps              : False
[2026-01-23 12:45:30,633] - [root] - [INFO] - cuda             : True
[2026-01-23 12:45:30,633] - [root] - [INFO] - cuda_id          : 0
[2026-01-23 12:45:30,633] - [root] - [INFO] - sal_threshold    : 0.5
[2026-01-23 12:45:30,633] - [root] - [INFO] - up_threshold     : 0.6
[2026-01-23 12:45:30,633] - [root] - [INFO] - down_threshold   : 0.1
[2026-01-23 12:45:30,633] - [root] - [INFO] - dataset_path     : C:/Users/Intel User/Desktop/blackbird_scripts/data/human_disk_assessments
[2026-01-23 12:45:30,633] - [root] - [INFO] - img_folder       : 1-22-2026
[2026-01-23 12:45:30,633] - [root] - [INFO] - platform         : BlackBird
[2026-01-23 12:45:30,633] - [root] - [INFO] - threshold        : ['0.7']
[2026-01-23 12:45:30,633] - [root] - [INFO] - log              : ../../results/logs/random.log
[2026-01-23 12:45:30,633] - [root] - [INFO] - dpi              : 5
[2026-01-23 12:45:30,633] - [root] - [INFO] - group            : baseline
[2026-01-23 12:45:30,633] - [root] - [INFO] - trays            : ['5dpi']
[2026-01-23 12:45:30,633] - [root] - [INFO] - sal_gradcam      : False
[2026-01-23 12:45:30,633] - [root] - [INFO] - sal_gradient     : True
[2026-01-23 12:45:30,633] - [root] - [INFO] - sal_smoothgrad   : False
[2026-01-23 12:45:30,633] - [root] - [INFO] - sal_deeplift     : False
[2026-01-23 12:45:30,633] - [root] - [INFO] - sal_thresh_method : fixed
[2026-01-23 12:45:30,633] - [root] - [INFO] - sal_thresh_p     : 95.0
[2026-01-23 12:45:31,636] - [root] - [INFO] - -------------------------------------------
[2026-01-23 12:45:31,636] - [root] - [INFO] - Processing 1-22-2026 5dpi 002-W2021006-081_R1.png
[2026-01-23 12:45:52,221] - [root] - [INFO] - Finished loading mask: 0m 20s
[2026-01-23 12:46:01,519] - [root] - [INFO] - Finished crop and inference: 0m 29s
[2026-01-23 12:46:03,370] - [root] - [INFO] - Analysis finished: 0m 31s
[2026-01-23 12:46:03,370] - [root] - [INFO] - -------------------------------------------
[2026-01-23 12:46:03,370] - [root] - [INFO] - -------------------------------------------
[2026-01-23 12:46:03,370] - [root] - [INFO] - Processing 1-22-2026 5dpi 002-W2021010-336_R2.png
[2026-01-23 12:46:22,653] - [root] - [INFO] - Finished loading mask: 0m 19s
[2026-01-23 12:46:31,584] - [root] - [INFO] - Finished crop and inference: 0m 28s
[2026-01-23 12:46:33,292] - [root] - [INFO] - Analysis finished: 0m 29s
[2026-01-23 12:46:33,293] - [root] - [INFO] - -------------------------------------------
[2026-01-23 12:46:33,293] - [root] - [INFO] - -------------------------------------------
[2026-01-23 12:46:33,293] - [root] - [INFO] - Processing 1-22-2026 5dpi 005-W2021011-592_R2.png
[2026-01-23 12:46:53,891] - [root] - [INFO] - Finished loading mask: 0m 20s
[2026-01-23 12:47:03,492] - [root] - [INFO] - Finished crop and inference: 0m 30s
[2026-01-23 12:47:05,146] - [root] - [INFO] - Analysis finished: 0m 31s
[2026-01-23 12:47:05,146] - [root] - [INFO] - -------------------------------------------
[2026-01-23 12:47:05,146] - [root] - [INFO] - -------------------------------------------
[2026-01-23 12:47:05,146] - [root] - [INFO] - Processing 1-22-2026 5dpi 009-W2021010-311_R2.png
[2026-01-23 12:47:25,802] - [root] - [INFO] - Finished loading mask: 0m 20s
[2026-01-23 12:47:38,446] - [root] - [INFO] - Finished crop and inference: 0m 33s
[2026-01-23 12:47:40,281] - [root] - [INFO] - Analysis finished: 0m 35s
[2026-01-23 12:47:40,281] - [root] - [INFO] - -------------------------------------------
[2026-01-23 12:47:40,281] - [root] - [INFO] - -------------------------------------------
[2026-01-23 12:47:40,281] - [root] - [INFO] - Processing 1-22-2026 5dpi 010-W2021010-347_R2.png
[2026-01-23 12:48:00,644] - [root] - [INFO] - Finished loading mask: 0m 20s
[2026-01-23 12:48:14,205] - [root] - [INFO] - Finished crop and inference: 0m 33s
[2026-01-23 12:48:15,999] - [root] - [INFO] - Analysis finished: 0m 35s
[2026-01-23 12:48:15,999] - [root] - [INFO] - -------------------------------------------
[2026-01-23 12:48:15,999] - [root] - [INFO] - -------------------------------------------
[2026-01-23 12:48:15,999] - [root] - [INFO] - Processing 1-22-2026 5dpi 013-W2021009-172_R2.png
[2026-01-23 12:48:36,366] - [root] - [INFO] - Finished loading mask: 0m 20s
[2026-01-23 12:48:45,683] - [root] - [INFO] - Finished crop and inference: 0m 29s
[2026-01-23 12:48:47,395] - [root] - [INFO] - Analysis finished: 0m 31s
[2026-01-23 12:48:47,395] - [root] - [INFO] - -------------------------------------------
[2026-01-23 12:48:47,395] - [root] - [INFO] - -------------------------------------------
[2026-01-23 12:48:47,395] - [root] - [INFO] - Processing 1-22-2026 5dpi 015-W2021009-160_R1.png
[2026-01-23 12:49:07,687] - [root] - [INFO] - Finished loading mask: 0m 20s
[2026-01-23 12:49:21,261] - [root] - [INFO] - Finished crop and inference: 0m 33s
[2026-01-23 12:49:23,160] - [root] - [INFO] - Analysis finished: 0m 35s
[2026-01-23 12:49:23,160] - [root] - [INFO] - -------------------------------------------
[2026-01-23 12:49:23,160] - [root] - [INFO] - -------------------------------------------
[2026-01-23 12:49:23,160] - [root] - [INFO] - Processing 1-22-2026 5dpi 015-W2021011-633_R1.png
[2026-01-23 12:49:43,119] - [root] - [INFO] - Finished loading mask: 0m 19s
[2026-01-23 12:49:56,268] - [root] - [INFO] - Finished crop and inference: 0m 33s
[2026-01-23 12:49:58,020] - [root] - [INFO] - Analysis finished: 0m 34s
[2026-01-23 12:49:58,020] - [root] - [INFO] - -------------------------------------------
[2026-01-23 12:49:58,020] - [root] - [INFO] - -------------------------------------------
[2026-01-23 12:49:58,020] - [root] - [INFO] - Processing 1-22-2026 5dpi 017-W2021006-612_R2.png
[2026-01-23 12:50:18,411] - [root] - [INFO] - Finished loading mask: 0m 20s
[2026-01-23 12:50:30,384] - [root] - [INFO] - Finished crop and inference: 0m 32s
[2026-01-23 12:50:32,199] - [root] - [INFO] - Analysis finished: 0m 34s
[2026-01-23 12:50:32,199] - [root] - [INFO] - -------------------------------------------
[2026-01-23 12:50:32,199] - [root] - [INFO] - -------------------------------------------
[2026-01-23 12:50:32,199] - [root] - [INFO] - Processing 1-22-2026 5dpi 019-W2021010-428_R2.png
[2026-01-23 12:50:52,272] - [root] - [INFO] - Finished loading mask: 0m 20s
[2026-01-23 12:51:00,793] - [root] - [INFO] - Finished crop and inference: 0m 28s
[2026-01-23 12:51:02,506] - [root] - [INFO] - Analysis finished: 0m 30s
[2026-01-23 12:51:02,506] - [root] - [INFO] - -------------------------------------------
[2026-01-23 12:51:02,506] - [root] - [INFO] - -------------------------------------------
[2026-01-23 12:51:02,506] - [root] - [INFO] - Processing 1-22-2026 5dpi 021-W2021009-175_R1.png
[2026-01-23 12:51:21,950] - [root] - [INFO] - Finished loading mask: 0m 19s
[2026-01-23 12:51:31,563] - [root] - [INFO] - Finished crop and inference: 0m 29s
[2026-01-23 12:51:33,135] - [root] - [INFO] - Analysis finished: 0m 30s
[2026-01-23 12:51:33,135] - [root] - [INFO] - -------------------------------------------
[2026-01-23 12:51:33,135] - [root] - [INFO] - -------------------------------------------
[2026-01-23 12:51:33,135] - [root] - [INFO] - Processing 1-22-2026 5dpi 022-W2021009-198_R2.png
[2026-01-23 12:51:53,194] - [root] - [INFO] - Finished loading mask: 0m 20s
[2026-01-23 12:52:04,941] - [root] - [INFO] - Finished crop and inference: 0m 31s
[2026-01-23 12:52:06,693] - [root] - [INFO] - Analysis finished: 0m 33s
[2026-01-23 12:52:06,693] - [root] - [INFO] - -------------------------------------------
[2026-01-23 12:52:06,693] - [root] - [INFO] - -------------------------------------------
[2026-01-23 12:52:06,694] - [root] - [INFO] - Processing 1-22-2026 5dpi 023-W2021006-049_R1.png
[2026-01-23 12:52:26,498] - [root] - [INFO] - Finished loading mask: 0m 19s
[2026-01-23 12:52:37,668] - [root] - [INFO] - Finished crop and inference: 0m 30s
[2026-01-23 12:52:39,491] - [root] - [INFO] - Analysis finished: 0m 32s
[2026-01-23 12:52:39,491] - [root] - [INFO] - -------------------------------------------
[2026-01-23 12:52:39,492] - [root] - [INFO] - -------------------------------------------
[2026-01-23 12:52:39,492] - [root] - [INFO] - Processing 1-22-2026 5dpi 023-W2021010-305_R2.png
[2026-01-23 12:53:00,013] - [root] - [INFO] - Finished loading mask: 0m 20s
[2026-01-23 12:53:10,255] - [root] - [INFO] - Finished crop and inference: 0m 30s
[2026-01-23 12:53:11,938] - [root] - [INFO] - Analysis finished: 0m 32s
[2026-01-23 12:53:11,938] - [root] - [INFO] - -------------------------------------------
[2026-01-23 12:53:11,938] - [root] - [INFO] - -------------------------------------------
[2026-01-23 12:53:11,938] - [root] - [INFO] - Processing 1-22-2026 5dpi 026-W2021009-622_R2.png
[2026-01-23 12:53:32,543] - [root] - [INFO] - Finished loading mask: 0m 20s
[2026-01-23 12:53:46,329] - [root] - [INFO] - Finished crop and inference: 0m 34s
[2026-01-23 12:53:47,939] - [root] - [INFO] - Analysis finished: 0m 36s
[2026-01-23 12:53:47,939] - [root] - [INFO] - -------------------------------------------
[2026-01-23 12:53:47,939] - [root] - [INFO] - -------------------------------------------
[2026-01-23 12:53:47,939] - [root] - [INFO] - Processing 1-22-2026 5dpi 032-W2021006-041_R2.png
[2026-01-23 12:54:08,288] - [root] - [INFO] - Finished loading mask: 0m 20s
[2026-01-23 12:54:20,570] - [root] - [INFO] - Finished crop and inference: 0m 32s
[2026-01-23 12:54:22,223] - [root] - [INFO] - Analysis finished: 0m 34s
[2026-01-23 12:54:22,223] - [root] - [INFO] - -------------------------------------------
[2026-01-23 12:54:22,223] - [root] - [INFO] - -------------------------------------------
[2026-01-23 12:54:22,223] - [root] - [INFO] - Processing 1-22-2026 5dpi 032-W2021009-155_R1.png
[2026-01-23 12:54:42,003] - [root] - [INFO] - Finished loading mask: 0m 19s
[2026-01-23 12:55:04,386] - [root] - [INFO] - Finished crop and inference: 0m 42s
[2026-01-23 12:55:06,045] - [root] - [INFO] - Analysis finished: 0m 43s
[2026-01-23 12:55:06,045] - [root] - [INFO] - -------------------------------------------
[2026-01-23 12:55:06,045] - [root] - [INFO] - -------------------------------------------
[2026-01-23 12:55:06,045] - [root] - [INFO] - Processing 1-22-2026 5dpi 036-W2021006-047_R2.png
[2026-01-23 12:55:25,834] - [root] - [INFO] - Finished loading mask: 0m 19s
[2026-01-23 12:55:34,973] - [root] - [INFO] - Finished crop and inference: 0m 28s
[2026-01-23 12:55:36,547] - [root] - [INFO] - Analysis finished: 0m 30s
[2026-01-23 12:55:36,547] - [root] - [INFO] - -------------------------------------------
[2026-01-23 12:55:36,547] - [root] - [INFO] - -------------------------------------------
[2026-01-23 12:55:36,547] - [root] - [INFO] - Processing 1-22-2026 5dpi 040-W2021009-207_R1.png
[2026-01-23 12:55:56,258] - [root] - [INFO] - Finished loading mask: 0m 19s
[2026-01-23 12:56:08,382] - [root] - [INFO] - Finished crop and inference: 0m 31s
[2026-01-23 12:56:10,116] - [root] - [INFO] - Analysis finished: 0m 33s
[2026-01-23 12:56:10,116] - [root] - [INFO] - -------------------------------------------
[2026-01-23 12:56:10,116] - [root] - [INFO] - -------------------------------------------
[2026-01-23 12:56:10,116] - [root] - [INFO] - Processing 1-22-2026 5dpi 042-W2021010-429_R1.png
[2026-01-23 12:56:30,113] - [root] - [INFO] - Finished loading mask: 0m 19s
[2026-01-23 12:56:48,184] - [root] - [INFO] - Finished crop and inference: 0m 38s
             timestamp time_elapsed  ... severity_rate_patch Gradient_sr2
0  2026-01-23 12:45:31       0m 31s  ...                1.74         0.04

[1 rows x 24 columns]
             timestamp time_elapsed  ... severity_rate_patch Gradient_sr2
0  2026-01-23 12:45:31       0m 31s  ...                1.74         0.04
1  2026-01-23 12:46:03       0m 29s  ...                4.36         0.11

[2 rows x 24 columns]
             timestamp time_elapsed  ... severity_rate_patch Gradient_sr2
0  2026-01-23 12:45:31       0m 31s  ...                1.74         0.04
1  2026-01-23 12:46:03       0m 29s  ...                4.36         0.11
2  2026-01-23 12:46:33       0m 31s  ...                0.85         0.02

[3 rows x 24 columns]
             timestamp time_elapsed  ... severity_rate_patch Gradient_sr2
0  2026-01-23 12:45:31       0m 31s  ...                1.74         0.04
1  2026-01-23 12:46:03       0m 29s  ...                4.36         0.11
2  2026-01-23 12:46:33       0m 31s  ...                0.85         0.02
3  2026-01-23 12:47:05       0m 35s  ...               25.47         0.67

[4 rows x 24 columns]
             timestamp time_elapsed  ... severity_rate_patch Gradient_sr2
0  2026-01-23 12:45:31       0m 31s  ...                1.74         0.04
1  2026-01-23 12:46:03       0m 29s  ...                4.36         0.11
2  2026-01-23 12:46:33       0m 31s  ...                0.85         0.02
3  2026-01-23 12:47:05       0m 35s  ...               25.47         0.67
4  2026-01-23 12:47:40       0m 35s  ...               37.39         0.99

[5 rows x 24 columns]
             timestamp time_elapsed  ... severity_rate_patch Gradient_sr2
0  2026-01-23 12:45:31       0m 31s  ...                1.74         0.04
1  2026-01-23 12:46:03       0m 29s  ...                4.36         0.11
2  2026-01-23 12:46:33       0m 31s  ...                0.85         0.02
3  2026-01-23 12:47:05       0m 35s  ...               25.47         0.67
4  2026-01-23 12:47:40       0m 35s  ...               37.39         0.99
5  2026-01-23 12:48:15       0m 31s  ...                0.45         0.01

[6 rows x 24 columns]
             timestamp time_elapsed  ... severity_rate_patch Gradient_sr2
0  2026-01-23 12:45:31       0m 31s  ...                1.74         0.04
1  2026-01-23 12:46:03       0m 29s  ...                4.36         0.11
2  2026-01-23 12:46:33       0m 31s  ...                0.85         0.02
3  2026-01-23 12:47:05       0m 35s  ...               25.47         0.67
4  2026-01-23 12:47:40       0m 35s  ...               37.39         0.99
5  2026-01-23 12:48:15       0m 31s  ...                0.45         0.01
6  2026-01-23 12:48:47       0m 35s  ...               38.62         0.91

[7 rows x 24 columns]
             timestamp time_elapsed  ... severity_rate_patch Gradient_sr2
0  2026-01-23 12:45:31       0m 31s  ...                1.74         0.04
1  2026-01-23 12:46:03       0m 29s  ...                4.36         0.11
2  2026-01-23 12:46:33       0m 31s  ...                0.85         0.02
3  2026-01-23 12:47:05       0m 35s  ...               25.47         0.67
4  2026-01-23 12:47:40       0m 35s  ...               37.39         0.99
5  2026-01-23 12:48:15       0m 31s  ...                0.45         0.01
6  2026-01-23 12:48:47       0m 35s  ...               38.62         0.91
7  2026-01-23 12:49:23       0m 34s  ...               19.86         0.56

[8 rows x 24 columns]
             timestamp time_elapsed  ... severity_rate_patch Gradient_sr2
0  2026-01-23 12:45:31       0m 31s  ...                1.74         0.04
1  2026-01-23 12:46:03       0m 29s  ...                4.36         0.11
2  2026-01-23 12:46:33       0m 31s  ...                0.85         0.02
3  2026-01-23 12:47:05       0m 35s  ...               25.47         0.67
4  2026-01-23 12:47:40       0m 35s  ...               37.39         0.99
5  2026-01-23 12:48:15       0m 31s  ...                0.45         0.01
6  2026-01-23 12:48:47       0m 35s  ...               38.62         0.91
7  2026-01-23 12:49:23       0m 34s  ...               19.86         0.56
8  2026-01-23 12:49:58       0m 34s  ...               39.61         1.05

[9 rows x 24 columns]
             timestamp time_elapsed  ... severity_rate_patch Gradient_sr2
0  2026-01-23 12:45:31       0m 31s  ...                1.74         0.04
1  2026-01-23 12:46:03       0m 29s  ...                4.36         0.11
2  2026-01-23 12:46:33       0m 31s  ...                0.85         0.02
3  2026-01-23 12:47:05       0m 35s  ...               25.47         0.67
4  2026-01-23 12:47:40       0m 35s  ...               37.39         0.99
5  2026-01-23 12:48:15       0m 31s  ...                0.45         0.01
6  2026-01-23 12:48:47       0m 35s  ...               38.62         0.91
7  2026-01-23 12:49:23       0m 34s  ...               19.86         0.56
8  2026-01-23 12:49:58       0m 34s  ...               39.61         1.05
9  2026-01-23 12:50:32       0m 30s  ...                1.79         0.05

[10 rows x 24 columns]
              timestamp time_elapsed  ... severity_rate_patch Gradient_sr2
0   2026-01-23 12:45:31       0m 31s  ...                1.74         0.04
1   2026-01-23 12:46:03       0m 29s  ...                4.36         0.11
2   2026-01-23 12:46:33       0m 31s  ...                0.85         0.02
3   2026-01-23 12:47:05       0m 35s  ...               25.47         0.67
4   2026-01-23 12:47:40       0m 35s  ...               37.39         0.99
5   2026-01-23 12:48:15       0m 31s  ...                0.45         0.01
6   2026-01-23 12:48:47       0m 35s  ...               38.62         0.91
7   2026-01-23 12:49:23       0m 34s  ...               19.86         0.56
8   2026-01-23 12:49:58       0m 34s  ...               39.61         1.05
9   2026-01-23 12:50:32       0m 30s  ...                1.79         0.05
10  2026-01-23 12:51:02       0m 30s  ...                2.79         0.07

[11 rows x 24 columns]
              timestamp time_elapsed  ... severity_rate_patch Gradient_sr2
0   2026-01-23 12:45:31       0m 31s  ...                1.74         0.04
1   2026-01-23 12:46:03       0m 29s  ...                4.36         0.11
2   2026-01-23 12:46:33       0m 31s  ...                0.85         0.02
3   2026-01-23 12:47:05       0m 35s  ...               25.47         0.67
4   2026-01-23 12:47:40       0m 35s  ...               37.39         0.99
5   2026-01-23 12:48:15       0m 31s  ...                0.45         0.01
6   2026-01-23 12:48:47       0m 35s  ...               38.62         0.91
7   2026-01-23 12:49:23       0m 34s  ...               19.86         0.56
8   2026-01-23 12:49:58       0m 34s  ...               39.61         1.05
9   2026-01-23 12:50:32       0m 30s  ...                1.79         0.05
10  2026-01-23 12:51:02       0m 30s  ...                2.79         0.07
11  2026-01-23 12:51:33       0m 33s  ...               20.77         0.49

[12 rows x 24 columns]
              timestamp time_elapsed  ... severity_rate_patch Gradient_sr2
0   2026-01-23 12:45:31       0m 31s  ...                1.74         0.04
1   2026-01-23 12:46:03       0m 29s  ...                4.36         0.11
2   2026-01-23 12:46:33       0m 31s  ...                0.85         0.02
3   2026-01-23 12:47:05       0m 35s  ...               25.47         0.67
4   2026-01-23 12:47:40       0m 35s  ...               37.39         0.99
5   2026-01-23 12:48:15       0m 31s  ...                0.45         0.01
6   2026-01-23 12:48:47       0m 35s  ...               38.62         0.91
7   2026-01-23 12:49:23       0m 34s  ...               19.86         0.56
8   2026-01-23 12:49:58       0m 34s  ...               39.61         1.05
9   2026-01-23 12:50:32       0m 30s  ...                1.79         0.05
10  2026-01-23 12:51:02       0m 30s  ...                2.79         0.07
11  2026-01-23 12:51:33       0m 33s  ...               20.77         0.49
12  2026-01-23 12:52:06       0m 32s  ...               20.60         0.51

[13 rows x 24 columns]
[2026-01-23 12:56:49,876] - [root] - [INFO] - Analysis finished: 0m 39s
[2026-01-23 12:56:49,892] - [root] - [INFO] - -------------------------------------------
[2026-01-23 12:56:49,892] - [root] - [INFO] - -------------------------------------------
[2026-01-23 12:56:49,892] - [root] - [INFO] - Processing 1-22-2026 5dpi 044-W2021009-169_R2.png
[2026-01-23 12:57:10,019] - [root] - [INFO] - Finished loading mask: 0m 20s
[2026-01-23 12:57:19,210] - [root] - [INFO] - Finished crop and inference: 0m 29s
[2026-01-23 12:57:20,907] - [root] - [INFO] - Analysis finished: 0m 31s
[2026-01-23 12:57:20,907] - [root] - [INFO] - -------------------------------------------
[2026-01-23 12:57:20,907] - [root] - [INFO] - -------------------------------------------
[2026-01-23 12:57:20,907] - [root] - [INFO] - Processing 1-22-2026 5dpi 044-W2021009-618_R1.png
[2026-01-23 12:57:41,144] - [root] - [INFO] - Finished loading mask: 0m 20s
[2026-01-23 12:57:52,787] - [root] - [INFO] - Finished crop and inference: 0m 31s
[2026-01-23 12:57:54,481] - [root] - [INFO] - Analysis finished: 0m 33s
[2026-01-23 12:57:54,481] - [root] - [INFO] - -------------------------------------------
[2026-01-23 12:57:54,481] - [root] - [INFO] - -------------------------------------------
[2026-01-23 12:57:54,481] - [root] - [INFO] - Processing 1-22-2026 5dpi 047-W2021011-482_R1.png
[2026-01-23 12:58:14,390] - [root] - [INFO] - Finished loading mask: 0m 19s
[2026-01-23 12:58:28,629] - [root] - [INFO] - Finished crop and inference: 0m 34s
[2026-01-23 12:58:30,555] - [root] - [INFO] - Analysis finished: 0m 36s
[2026-01-23 12:58:30,555] - [root] - [INFO] - -------------------------------------------
[2026-01-23 12:58:30,555] - [root] - [INFO] - -------------------------------------------
[2026-01-23 12:58:30,555] - [root] - [INFO] - Processing 1-22-2026 5dpi 048-W2021006-147_R1.png
[2026-01-23 12:58:50,507] - [root] - [INFO] - Finished loading mask: 0m 19s
[2026-01-23 12:58:57,432] - [root] - [INFO] - Finished crop and inference: 0m 26s
              timestamp time_elapsed  ... severity_rate_patch Gradient_sr2
0   2026-01-23 12:45:31       0m 31s  ...                1.74         0.04
1   2026-01-23 12:46:03       0m 29s  ...                4.36         0.11
2   2026-01-23 12:46:33       0m 31s  ...                0.85         0.02
3   2026-01-23 12:47:05       0m 35s  ...               25.47         0.67
4   2026-01-23 12:47:40       0m 35s  ...               37.39         0.99
5   2026-01-23 12:48:15       0m 31s  ...                0.45         0.01
6   2026-01-23 12:48:47       0m 35s  ...               38.62         0.91
7   2026-01-23 12:49:23       0m 34s  ...               19.86         0.56
8   2026-01-23 12:49:58       0m 34s  ...               39.61         1.05
9   2026-01-23 12:50:32       0m 30s  ...                1.79         0.05
10  2026-01-23 12:51:02       0m 30s  ...                2.79         0.07
11  2026-01-23 12:51:33       0m 33s  ...               20.77         0.49
12  2026-01-23 12:52:06       0m 32s  ...               20.60         0.51
13  2026-01-23 12:52:39       0m 32s  ...               15.28         0.35

[14 rows x 24 columns]
              timestamp time_elapsed  ... severity_rate_patch Gradient_sr2
0   2026-01-23 12:45:31       0m 31s  ...                1.74         0.04
1   2026-01-23 12:46:03       0m 29s  ...                4.36         0.11
2   2026-01-23 12:46:33       0m 31s  ...                0.85         0.02
3   2026-01-23 12:47:05       0m 35s  ...               25.47         0.67
4   2026-01-23 12:47:40       0m 35s  ...               37.39         0.99
5   2026-01-23 12:48:15       0m 31s  ...                0.45         0.01
6   2026-01-23 12:48:47       0m 35s  ...               38.62         0.91
7   2026-01-23 12:49:23       0m 34s  ...               19.86         0.56
8   2026-01-23 12:49:58       0m 34s  ...               39.61         1.05
9   2026-01-23 12:50:32       0m 30s  ...                1.79         0.05
10  2026-01-23 12:51:02       0m 30s  ...                2.79         0.07
11  2026-01-23 12:51:33       0m 33s  ...               20.77         0.49
12  2026-01-23 12:52:06       0m 32s  ...               20.60         0.51
13  2026-01-23 12:52:39       0m 32s  ...               15.28         0.35
14  2026-01-23 12:53:11       0m 35s  ...               30.18         0.79

[15 rows x 24 columns]
              timestamp time_elapsed  ... severity_rate_patch Gradient_sr2
0   2026-01-23 12:45:31       0m 31s  ...                1.74         0.04
1   2026-01-23 12:46:03       0m 29s  ...                4.36         0.11
2   2026-01-23 12:46:33       0m 31s  ...                0.85         0.02
3   2026-01-23 12:47:05       0m 35s  ...               25.47         0.67
4   2026-01-23 12:47:40       0m 35s  ...               37.39         0.99
5   2026-01-23 12:48:15       0m 31s  ...                0.45         0.01
6   2026-01-23 12:48:47       0m 35s  ...               38.62         0.91
7   2026-01-23 12:49:23       0m 34s  ...               19.86         0.56
8   2026-01-23 12:49:58       0m 34s  ...               39.61         1.05
9   2026-01-23 12:50:32       0m 30s  ...                1.79         0.05
10  2026-01-23 12:51:02       0m 30s  ...                2.79         0.07
11  2026-01-23 12:51:33       0m 33s  ...               20.77         0.49
12  2026-01-23 12:52:06       0m 32s  ...               20.60         0.51
13  2026-01-23 12:52:39       0m 32s  ...               15.28         0.35
14  2026-01-23 12:53:11       0m 35s  ...               30.18         0.79
15  2026-01-23 12:53:47       0m 34s  ...               19.25         0.48

[16 rows x 24 columns]
              timestamp time_elapsed  ... severity_rate_patch Gradient_sr2
0   2026-01-23 12:45:31       0m 31s  ...                1.74         0.04
1   2026-01-23 12:46:03       0m 29s  ...                4.36         0.11
2   2026-01-23 12:46:33       0m 31s  ...                0.85         0.02
3   2026-01-23 12:47:05       0m 35s  ...               25.47         0.67
4   2026-01-23 12:47:40       0m 35s  ...               37.39         0.99
5   2026-01-23 12:48:15       0m 31s  ...                0.45         0.01
6   2026-01-23 12:48:47       0m 35s  ...               38.62         0.91
7   2026-01-23 12:49:23       0m 34s  ...               19.86         0.56
8   2026-01-23 12:49:58       0m 34s  ...               39.61         1.05
9   2026-01-23 12:50:32       0m 30s  ...                1.79         0.05
10  2026-01-23 12:51:02       0m 30s  ...                2.79         0.07
11  2026-01-23 12:51:33       0m 33s  ...               20.77         0.49
12  2026-01-23 12:52:06       0m 32s  ...               20.60         0.51
13  2026-01-23 12:52:39       0m 32s  ...               15.28         0.35
14  2026-01-23 12:53:11       0m 35s  ...               30.18         0.79
15  2026-01-23 12:53:47       0m 34s  ...               19.25         0.48
16  2026-01-23 12:54:22       0m 43s  ...               85.84         2.58

[17 rows x 24 columns]
              timestamp time_elapsed  ... severity_rate_patch Gradient_sr2
0   2026-01-23 12:45:31       0m 31s  ...                1.74         0.04
1   2026-01-23 12:46:03       0m 29s  ...                4.36         0.11
2   2026-01-23 12:46:33       0m 31s  ...                0.85         0.02
3   2026-01-23 12:47:05       0m 35s  ...               25.47         0.67
4   2026-01-23 12:47:40       0m 35s  ...               37.39         0.99
5   2026-01-23 12:48:15       0m 31s  ...                0.45         0.01
6   2026-01-23 12:48:47       0m 35s  ...               38.62         0.91
7   2026-01-23 12:49:23       0m 34s  ...               19.86         0.56
8   2026-01-23 12:49:58       0m 34s  ...               39.61         1.05
9   2026-01-23 12:50:32       0m 30s  ...                1.79         0.05
10  2026-01-23 12:51:02       0m 30s  ...                2.79         0.07
11  2026-01-23 12:51:33       0m 33s  ...               20.77         0.49
12  2026-01-23 12:52:06       0m 32s  ...               20.60         0.51
13  2026-01-23 12:52:39       0m 32s  ...               15.28         0.35
14  2026-01-23 12:53:11       0m 35s  ...               30.18         0.79
15  2026-01-23 12:53:47       0m 34s  ...               19.25         0.48
16  2026-01-23 12:54:22       0m 43s  ...               85.84         2.58
17  2026-01-23 12:55:06       0m 30s  ...                0.76         0.02

[18 rows x 24 columns]
              timestamp time_elapsed  ... severity_rate_patch Gradient_sr2
0   2026-01-23 12:45:31       0m 31s  ...                1.74         0.04
1   2026-01-23 12:46:03       0m 29s  ...                4.36         0.11
2   2026-01-23 12:46:33       0m 31s  ...                0.85         0.02
3   2026-01-23 12:47:05       0m 35s  ...               25.47         0.67
4   2026-01-23 12:47:40       0m 35s  ...               37.39         0.99
5   2026-01-23 12:48:15       0m 31s  ...                0.45         0.01
6   2026-01-23 12:48:47       0m 35s  ...               38.62         0.91
7   2026-01-23 12:49:23       0m 34s  ...               19.86         0.56
8   2026-01-23 12:49:58       0m 34s  ...               39.61         1.05
9   2026-01-23 12:50:32       0m 30s  ...                1.79         0.05
10  2026-01-23 12:51:02       0m 30s  ...                2.79         0.07
11  2026-01-23 12:51:33       0m 33s  ...               20.77         0.49
12  2026-01-23 12:52:06       0m 32s  ...               20.60         0.51
13  2026-01-23 12:52:39       0m 32s  ...               15.28         0.35
14  2026-01-23 12:53:11       0m 35s  ...               30.18         0.79
15  2026-01-23 12:53:47       0m 34s  ...               19.25         0.48
16  2026-01-23 12:54:22       0m 43s  ...               85.84         2.58
17  2026-01-23 12:55:06       0m 30s  ...                0.76         0.02
18  2026-01-23 12:55:36       0m 33s  ...               23.22         0.57

[19 rows x 24 columns]
[2026-01-23 12:58:59,176] - [root] - [INFO] - Analysis finished: 0m 28s
[2026-01-23 12:58:59,176] - [root] - [INFO] - -------------------------------------------
[2026-01-23 12:58:59,176] - [root] - [INFO] - -------------------------------------------
[2026-01-23 12:58:59,176] - [root] - [INFO] - Processing 1-22-2026 5dpi 052-W2021006-004_R2.png
[2026-01-23 12:59:19,047] - [root] - [INFO] - Finished loading mask: 0m 19s
[2026-01-23 12:59:27,292] - [root] - [INFO] - Finished crop and inference: 0m 28s
[2026-01-23 12:59:28,902] - [root] - [INFO] - Analysis finished: 0m 29s
[2026-01-23 12:59:28,902] - [root] - [INFO] - -------------------------------------------
[2026-01-23 12:59:28,902] - [root] - [INFO] - -------------------------------------------
[2026-01-23 12:59:28,902] - [root] - [INFO] - Processing 1-22-2026 5dpi 055-W2021010-341_R2.png
[2026-01-23 12:59:49,032] - [root] - [INFO] - Finished loading mask: 0m 20s
[2026-01-23 12:59:58,693] - [root] - [INFO] - Finished crop and inference: 0m 29s
[2026-01-23 13:00:00,384] - [root] - [INFO] - Analysis finished: 0m 31s
[2026-01-23 13:00:00,384] - [root] - [INFO] - -------------------------------------------
[2026-01-23 13:00:00,384] - [root] - [INFO] - -------------------------------------------
[2026-01-23 13:00:00,384] - [root] - [INFO] - Processing 1-22-2026 5dpi 055-W2021010-397_R2.png
[2026-01-23 13:00:21,018] - [root] - [INFO] - Finished loading mask: 0m 20s
[2026-01-23 13:00:31,849] - [root] - [INFO] - Finished crop and inference: 0m 31s
[2026-01-23 13:00:33,500] - [root] - [INFO] - Analysis finished: 0m 33s
[2026-01-23 13:00:33,500] - [root] - [INFO] - -------------------------------------------
[2026-01-23 13:00:33,501] - [root] - [INFO] - -------------------------------------------
[2026-01-23 13:00:33,501] - [root] - [INFO] - Processing 1-22-2026 5dpi 056-W2021006-609_R1.png
[2026-01-23 13:00:53,909] - [root] - [INFO] - Finished loading mask: 0m 20s
[2026-01-23 13:01:06,736] - [root] - [INFO] - Finished crop and inference: 0m 33s
              timestamp time_elapsed  ... severity_rate_patch Gradient_sr2
0   2026-01-23 12:45:31       0m 31s  ...                1.74         0.04
1   2026-01-23 12:46:03       0m 29s  ...                4.36         0.11
2   2026-01-23 12:46:33       0m 31s  ...                0.85         0.02
3   2026-01-23 12:47:05       0m 35s  ...               25.47         0.67
4   2026-01-23 12:47:40       0m 35s  ...               37.39         0.99
5   2026-01-23 12:48:15       0m 31s  ...                0.45         0.01
6   2026-01-23 12:48:47       0m 35s  ...               38.62         0.91
7   2026-01-23 12:49:23       0m 34s  ...               19.86         0.56
8   2026-01-23 12:49:58       0m 34s  ...               39.61         1.05
9   2026-01-23 12:50:32       0m 30s  ...                1.79         0.05
10  2026-01-23 12:51:02       0m 30s  ...                2.79         0.07
11  2026-01-23 12:51:33       0m 33s  ...               20.77         0.49
12  2026-01-23 12:52:06       0m 32s  ...               20.60         0.51
13  2026-01-23 12:52:39       0m 32s  ...               15.28         0.35
14  2026-01-23 12:53:11       0m 35s  ...               30.18         0.79
15  2026-01-23 12:53:47       0m 34s  ...               19.25         0.48
16  2026-01-23 12:54:22       0m 43s  ...               85.84         2.58
17  2026-01-23 12:55:06       0m 30s  ...                0.76         0.02
18  2026-01-23 12:55:36       0m 33s  ...               23.22         0.57
19  2026-01-23 12:56:10       0m 39s  ...               62.76         1.72

[20 rows x 24 columns]
              timestamp time_elapsed  ... severity_rate_patch Gradient_sr2
0   2026-01-23 12:45:31       0m 31s  ...                1.74         0.04
1   2026-01-23 12:46:03       0m 29s  ...                4.36         0.11
2   2026-01-23 12:46:33       0m 31s  ...                0.85         0.02
3   2026-01-23 12:47:05       0m 35s  ...               25.47         0.67
4   2026-01-23 12:47:40       0m 35s  ...               37.39         0.99
5   2026-01-23 12:48:15       0m 31s  ...                0.45         0.01
6   2026-01-23 12:48:47       0m 35s  ...               38.62         0.91
7   2026-01-23 12:49:23       0m 34s  ...               19.86         0.56
8   2026-01-23 12:49:58       0m 34s  ...               39.61         1.05
9   2026-01-23 12:50:32       0m 30s  ...                1.79         0.05
10  2026-01-23 12:51:02       0m 30s  ...                2.79         0.07
11  2026-01-23 12:51:33       0m 33s  ...               20.77         0.49
12  2026-01-23 12:52:06       0m 32s  ...               20.60         0.51
13  2026-01-23 12:52:39       0m 32s  ...               15.28         0.35
14  2026-01-23 12:53:11       0m 35s  ...               30.18         0.79
15  2026-01-23 12:53:47       0m 34s  ...               19.25         0.48
16  2026-01-23 12:54:22       0m 43s  ...               85.84         2.58
17  2026-01-23 12:55:06       0m 30s  ...                0.76         0.02
18  2026-01-23 12:55:36       0m 33s  ...               23.22         0.57
19  2026-01-23 12:56:10       0m 39s  ...               62.76         1.72
20  2026-01-23 12:56:49       0m 30s  ...                1.10         0.03

[21 rows x 24 columns]
              timestamp time_elapsed  ... severity_rate_patch Gradient_sr2
0   2026-01-23 12:45:31       0m 31s  ...                1.74         0.04
1   2026-01-23 12:46:03       0m 29s  ...                4.36         0.11
2   2026-01-23 12:46:33       0m 31s  ...                0.85         0.02
3   2026-01-23 12:47:05       0m 35s  ...               25.47         0.67
4   2026-01-23 12:47:40       0m 35s  ...               37.39         0.99
5   2026-01-23 12:48:15       0m 31s  ...                0.45         0.01
6   2026-01-23 12:48:47       0m 35s  ...               38.62         0.91
7   2026-01-23 12:49:23       0m 34s  ...               19.86         0.56
8   2026-01-23 12:49:58       0m 34s  ...               39.61         1.05
9   2026-01-23 12:50:32       0m 30s  ...                1.79         0.05
10  2026-01-23 12:51:02       0m 30s  ...                2.79         0.07
11  2026-01-23 12:51:33       0m 33s  ...               20.77         0.49
12  2026-01-23 12:52:06       0m 32s  ...               20.60         0.51
13  2026-01-23 12:52:39       0m 32s  ...               15.28         0.35
14  2026-01-23 12:53:11       0m 35s  ...               30.18         0.79
15  2026-01-23 12:53:47       0m 34s  ...               19.25         0.48
16  2026-01-23 12:54:22       0m 43s  ...               85.84         2.58
17  2026-01-23 12:55:06       0m 30s  ...                0.76         0.02
18  2026-01-23 12:55:36       0m 33s  ...               23.22         0.57
19  2026-01-23 12:56:10       0m 39s  ...               62.76         1.72
20  2026-01-23 12:56:49       0m 30s  ...                1.10         0.03
21  2026-01-23 12:57:20       0m 33s  ...               19.31         0.52

[22 rows x 24 columns]
              timestamp time_elapsed  ... severity_rate_patch Gradient_sr2
0   2026-01-23 12:45:31       0m 31s  ...                1.74         0.04
1   2026-01-23 12:46:03       0m 29s  ...                4.36         0.11
2   2026-01-23 12:46:33       0m 31s  ...                0.85         0.02
3   2026-01-23 12:47:05       0m 35s  ...               25.47         0.67
4   2026-01-23 12:47:40       0m 35s  ...               37.39         0.99
5   2026-01-23 12:48:15       0m 31s  ...                0.45         0.01
6   2026-01-23 12:48:47       0m 35s  ...               38.62         0.91
7   2026-01-23 12:49:23       0m 34s  ...               19.86         0.56
8   2026-01-23 12:49:58       0m 34s  ...               39.61         1.05
9   2026-01-23 12:50:32       0m 30s  ...                1.79         0.05
10  2026-01-23 12:51:02       0m 30s  ...                2.79         0.07
11  2026-01-23 12:51:33       0m 33s  ...               20.77         0.49
12  2026-01-23 12:52:06       0m 32s  ...               20.60         0.51
13  2026-01-23 12:52:39       0m 32s  ...               15.28         0.35
14  2026-01-23 12:53:11       0m 35s  ...               30.18         0.79
15  2026-01-23 12:53:47       0m 34s  ...               19.25         0.48
16  2026-01-23 12:54:22       0m 43s  ...               85.84         2.58
17  2026-01-23 12:55:06       0m 30s  ...                0.76         0.02
18  2026-01-23 12:55:36       0m 33s  ...               23.22         0.57
19  2026-01-23 12:56:10       0m 39s  ...               62.76         1.72
20  2026-01-23 12:56:49       0m 30s  ...                1.10         0.03
21  2026-01-23 12:57:20       0m 33s  ...               19.31         0.52
22  2026-01-23 12:57:54       0m 36s  ...               42.05         1.16

[23 rows x 24 columns]
[2026-01-23 13:01:08,507] - [root] - [INFO] - Analysis finished: 0m 35s
[2026-01-23 13:01:08,507] - [root] - [INFO] - -------------------------------------------
[2026-01-23 13:01:08,507] - [root] - [INFO] - -------------------------------------------
[2026-01-23 13:01:08,507] - [root] - [INFO] - Processing 1-22-2026 5dpi 059-W2021010-434_R1.png
[2026-01-23 13:01:28,097] - [root] - [INFO] - Finished loading mask: 0m 19s
[2026-01-23 13:01:38,032] - [root] - [INFO] - Finished crop and inference: 0m 29s
[2026-01-23 13:01:39,898] - [root] - [INFO] - Analysis finished: 0m 31s
[2026-01-23 13:01:39,898] - [root] - [INFO] - -------------------------------------------
[2026-01-23 13:01:39,898] - [root] - [INFO] - -------------------------------------------
[2026-01-23 13:01:39,898] - [root] - [INFO] - Processing 1-22-2026 5dpi 060-W2021010-324_R2.png
[2026-01-23 13:02:00,516] - [root] - [INFO] - Finished loading mask: 0m 20s
[2026-01-23 13:02:09,991] - [root] - [INFO] - Finished crop and inference: 0m 30s
[2026-01-23 13:02:11,593] - [root] - [INFO] - Analysis finished: 0m 31s
[2026-01-23 13:02:11,593] - [root] - [INFO] - -------------------------------------------
[2026-01-23 13:02:11,593] - [root] - [INFO] - -------------------------------------------
[2026-01-23 13:02:11,593] - [root] - [INFO] - Processing 1-22-2026 5dpi 061-W2021011-483_R1.png
[2026-01-23 13:02:31,158] - [root] - [INFO] - Finished loading mask: 0m 19s
[2026-01-23 13:02:41,982] - [root] - [INFO] - Finished crop and inference: 0m 30s
              timestamp time_elapsed  ... severity_rate_patch Gradient_sr2
0   2026-01-23 12:45:31       0m 31s  ...                1.74         0.04
1   2026-01-23 12:46:03       0m 29s  ...                4.36         0.11
2   2026-01-23 12:46:33       0m 31s  ...                0.85         0.02
3   2026-01-23 12:47:05       0m 35s  ...               25.47         0.67
4   2026-01-23 12:47:40       0m 35s  ...               37.39         0.99
5   2026-01-23 12:48:15       0m 31s  ...                0.45         0.01
6   2026-01-23 12:48:47       0m 35s  ...               38.62         0.91
7   2026-01-23 12:49:23       0m 34s  ...               19.86         0.56
8   2026-01-23 12:49:58       0m 34s  ...               39.61         1.05
9   2026-01-23 12:50:32       0m 30s  ...                1.79         0.05
10  2026-01-23 12:51:02       0m 30s  ...                2.79         0.07
11  2026-01-23 12:51:33       0m 33s  ...               20.77         0.49
12  2026-01-23 12:52:06       0m 32s  ...               20.60         0.51
13  2026-01-23 12:52:39       0m 32s  ...               15.28         0.35
14  2026-01-23 12:53:11       0m 35s  ...               30.18         0.79
15  2026-01-23 12:53:47       0m 34s  ...               19.25         0.48
16  2026-01-23 12:54:22       0m 43s  ...               85.84         2.58
17  2026-01-23 12:55:06       0m 30s  ...                0.76         0.02
18  2026-01-23 12:55:36       0m 33s  ...               23.22         0.57
19  2026-01-23 12:56:10       0m 39s  ...               62.76         1.72
20  2026-01-23 12:56:49       0m 30s  ...                1.10         0.03
21  2026-01-23 12:57:20       0m 33s  ...               19.31         0.52
22  2026-01-23 12:57:54       0m 36s  ...               42.05         1.16
23  2026-01-23 12:58:30       0m 28s  ...                6.56         0.18

[24 rows x 24 columns]
              timestamp time_elapsed  ... severity_rate_patch Gradient_sr2
0   2026-01-23 12:45:31       0m 31s  ...                1.74         0.04
1   2026-01-23 12:46:03       0m 29s  ...                4.36         0.11
2   2026-01-23 12:46:33       0m 31s  ...                0.85         0.02
3   2026-01-23 12:47:05       0m 35s  ...               25.47         0.67
4   2026-01-23 12:47:40       0m 35s  ...               37.39         0.99
5   2026-01-23 12:48:15       0m 31s  ...                0.45         0.01
6   2026-01-23 12:48:47       0m 35s  ...               38.62         0.91
7   2026-01-23 12:49:23       0m 34s  ...               19.86         0.56
8   2026-01-23 12:49:58       0m 34s  ...               39.61         1.05
9   2026-01-23 12:50:32       0m 30s  ...                1.79         0.05
10  2026-01-23 12:51:02       0m 30s  ...                2.79         0.07
11  2026-01-23 12:51:33       0m 33s  ...               20.77         0.49
12  2026-01-23 12:52:06       0m 32s  ...               20.60         0.51
13  2026-01-23 12:52:39       0m 32s  ...               15.28         0.35
14  2026-01-23 12:53:11       0m 35s  ...               30.18         0.79
15  2026-01-23 12:53:47       0m 34s  ...               19.25         0.48
16  2026-01-23 12:54:22       0m 43s  ...               85.84         2.58
17  2026-01-23 12:55:06       0m 30s  ...                0.76         0.02
18  2026-01-23 12:55:36       0m 33s  ...               23.22         0.57
19  2026-01-23 12:56:10       0m 39s  ...               62.76         1.72
20  2026-01-23 12:56:49       0m 30s  ...                1.10         0.03
21  2026-01-23 12:57:20       0m 33s  ...               19.31         0.52
22  2026-01-23 12:57:54       0m 36s  ...               42.05         1.16
23  2026-01-23 12:58:30       0m 28s  ...                6.56         0.18
24  2026-01-23 12:58:59       0m 29s  ...                1.51         0.04

[25 rows x 24 columns]
              timestamp time_elapsed  ... severity_rate_patch Gradient_sr2
0   2026-01-23 12:45:31       0m 31s  ...                1.74         0.04
1   2026-01-23 12:46:03       0m 29s  ...                4.36         0.11
2   2026-01-23 12:46:33       0m 31s  ...                0.85         0.02
3   2026-01-23 12:47:05       0m 35s  ...               25.47         0.67
4   2026-01-23 12:47:40       0m 35s  ...               37.39         0.99
5   2026-01-23 12:48:15       0m 31s  ...                0.45         0.01
6   2026-01-23 12:48:47       0m 35s  ...               38.62         0.91
7   2026-01-23 12:49:23       0m 34s  ...               19.86         0.56
8   2026-01-23 12:49:58       0m 34s  ...               39.61         1.05
9   2026-01-23 12:50:32       0m 30s  ...                1.79         0.05
10  2026-01-23 12:51:02       0m 30s  ...                2.79         0.07
11  2026-01-23 12:51:33       0m 33s  ...               20.77         0.49
12  2026-01-23 12:52:06       0m 32s  ...               20.60         0.51
13  2026-01-23 12:52:39       0m 32s  ...               15.28         0.35
14  2026-01-23 12:53:11       0m 35s  ...               30.18         0.79
15  2026-01-23 12:53:47       0m 34s  ...               19.25         0.48
16  2026-01-23 12:54:22       0m 43s  ...               85.84         2.58
17  2026-01-23 12:55:06       0m 30s  ...                0.76         0.02
18  2026-01-23 12:55:36       0m 33s  ...               23.22         0.57
19  2026-01-23 12:56:10       0m 39s  ...               62.76         1.72
20  2026-01-23 12:56:49       0m 30s  ...                1.10         0.03
21  2026-01-23 12:57:20       0m 33s  ...               19.31         0.52
22  2026-01-23 12:57:54       0m 36s  ...               42.05         1.16
23  2026-01-23 12:58:30       0m 28s  ...                6.56         0.18
24  2026-01-23 12:58:59       0m 29s  ...                1.51         0.04
25  2026-01-23 12:59:28       0m 31s  ...                8.51         0.22

[26 rows x 24 columns]
              timestamp time_elapsed  ... severity_rate_patch Gradient_sr2
0   2026-01-23 12:45:31       0m 31s  ...                1.74         0.04
1   2026-01-23 12:46:03       0m 29s  ...                4.36         0.11
2   2026-01-23 12:46:33       0m 31s  ...                0.85         0.02
3   2026-01-23 12:47:05       0m 35s  ...               25.47         0.67
4   2026-01-23 12:47:40       0m 35s  ...               37.39         0.99
5   2026-01-23 12:48:15       0m 31s  ...                0.45         0.01
6   2026-01-23 12:48:47       0m 35s  ...               38.62         0.91
7   2026-01-23 12:49:23       0m 34s  ...               19.86         0.56
8   2026-01-23 12:49:58       0m 34s  ...               39.61         1.05
9   2026-01-23 12:50:32       0m 30s  ...                1.79         0.05
10  2026-01-23 12:51:02       0m 30s  ...                2.79         0.07
11  2026-01-23 12:51:33       0m 33s  ...               20.77         0.49
12  2026-01-23 12:52:06       0m 32s  ...               20.60         0.51
13  2026-01-23 12:52:39       0m 32s  ...               15.28         0.35
14  2026-01-23 12:53:11       0m 35s  ...               30.18         0.79
15  2026-01-23 12:53:47       0m 34s  ...               19.25         0.48
16  2026-01-23 12:54:22       0m 43s  ...               85.84         2.58
17  2026-01-23 12:55:06       0m 30s  ...                0.76         0.02
18  2026-01-23 12:55:36       0m 33s  ...               23.22         0.57
19  2026-01-23 12:56:10       0m 39s  ...               62.76         1.72
20  2026-01-23 12:56:49       0m 30s  ...                1.10         0.03
21  2026-01-23 12:57:20       0m 33s  ...               19.31         0.52
22  2026-01-23 12:57:54       0m 36s  ...               42.05         1.16
23  2026-01-23 12:58:30       0m 28s  ...                6.56         0.18
24  2026-01-23 12:58:59       0m 29s  ...                1.51         0.04
25  2026-01-23 12:59:28       0m 31s  ...                8.51         0.22
26  2026-01-23 13:00:00       0m 33s  ...               12.12         0.31

[27 rows x 24 columns]
[2026-01-23 13:02:43,643] - [root] - [INFO] - Analysis finished: 0m 32s
[2026-01-23 13:02:43,643] - [root] - [INFO] - -------------------------------------------
[2026-01-23 13:02:43,643] - [root] - [INFO] - -------------------------------------------
[2026-01-23 13:02:43,643] - [root] - [INFO] - Processing 1-22-2026 5dpi 070-W2021011-486_R2.png
[2026-01-23 13:03:02,803] - [root] - [INFO] - Finished loading mask: 0m 19s
[2026-01-23 13:03:13,906] - [root] - [INFO] - Finished crop and inference: 0m 30s
[2026-01-23 13:03:15,590] - [root] - [INFO] - Analysis finished: 0m 31s
[2026-01-23 13:03:15,590] - [root] - [INFO] - -------------------------------------------
[2026-01-23 13:03:15,590] - [root] - [INFO] - -------------------------------------------
[2026-01-23 13:03:15,590] - [root] - [INFO] - Processing 1-22-2026 5dpi 071-W2021010-323_R1.png
[2026-01-23 13:03:34,972] - [root] - [INFO] - Finished loading mask: 0m 19s
[2026-01-23 13:03:52,295] - [root] - [INFO] - Finished crop and inference: 0m 36s
[2026-01-23 13:03:53,979] - [root] - [INFO] - Analysis finished: 0m 38s
[2026-01-23 13:03:53,979] - [root] - [INFO] - -------------------------------------------
[2026-01-23 13:03:53,979] - [root] - [INFO] - -------------------------------------------
[2026-01-23 13:03:53,979] - [root] - [INFO] - Processing 1-22-2026 5dpi 077-W2021010-351_R2.png
[2026-01-23 13:04:14,025] - [root] - [INFO] - Finished loading mask: 0m 20s
[2026-01-23 13:04:23,887] - [root] - [INFO] - Finished crop and inference: 0m 29s
              timestamp time_elapsed  ... severity_rate_patch Gradient_sr2
0   2026-01-23 12:45:31       0m 31s  ...                1.74         0.04
1   2026-01-23 12:46:03       0m 29s  ...                4.36         0.11
2   2026-01-23 12:46:33       0m 31s  ...                0.85         0.02
3   2026-01-23 12:47:05       0m 35s  ...               25.47         0.67
4   2026-01-23 12:47:40       0m 35s  ...               37.39         0.99
5   2026-01-23 12:48:15       0m 31s  ...                0.45         0.01
6   2026-01-23 12:48:47       0m 35s  ...               38.62         0.91
7   2026-01-23 12:49:23       0m 34s  ...               19.86         0.56
8   2026-01-23 12:49:58       0m 34s  ...               39.61         1.05
9   2026-01-23 12:50:32       0m 30s  ...                1.79         0.05
10  2026-01-23 12:51:02       0m 30s  ...                2.79         0.07
11  2026-01-23 12:51:33       0m 33s  ...               20.77         0.49
12  2026-01-23 12:52:06       0m 32s  ...               20.60         0.51
13  2026-01-23 12:52:39       0m 32s  ...               15.28         0.35
14  2026-01-23 12:53:11       0m 35s  ...               30.18         0.79
15  2026-01-23 12:53:47       0m 34s  ...               19.25         0.48
16  2026-01-23 12:54:22       0m 43s  ...               85.84         2.58
17  2026-01-23 12:55:06       0m 30s  ...                0.76         0.02
18  2026-01-23 12:55:36       0m 33s  ...               23.22         0.57
19  2026-01-23 12:56:10       0m 39s  ...               62.76         1.72
20  2026-01-23 12:56:49       0m 30s  ...                1.10         0.03
21  2026-01-23 12:57:20       0m 33s  ...               19.31         0.52
22  2026-01-23 12:57:54       0m 36s  ...               42.05         1.16
23  2026-01-23 12:58:30       0m 28s  ...                6.56         0.18
24  2026-01-23 12:58:59       0m 29s  ...                1.51         0.04
25  2026-01-23 12:59:28       0m 31s  ...                8.51         0.22
26  2026-01-23 13:00:00       0m 33s  ...               12.12         0.31
27  2026-01-23 13:00:33       0m 34s  ...               32.69         0.79

[28 rows x 24 columns]
              timestamp time_elapsed  ... severity_rate_patch Gradient_sr2
0   2026-01-23 12:45:31       0m 31s  ...                1.74         0.04
1   2026-01-23 12:46:03       0m 29s  ...                4.36         0.11
2   2026-01-23 12:46:33       0m 31s  ...                0.85         0.02
3   2026-01-23 12:47:05       0m 35s  ...               25.47         0.67
4   2026-01-23 12:47:40       0m 35s  ...               37.39         0.99
5   2026-01-23 12:48:15       0m 31s  ...                0.45         0.01
6   2026-01-23 12:48:47       0m 35s  ...               38.62         0.91
7   2026-01-23 12:49:23       0m 34s  ...               19.86         0.56
8   2026-01-23 12:49:58       0m 34s  ...               39.61         1.05
9   2026-01-23 12:50:32       0m 30s  ...                1.79         0.05
10  2026-01-23 12:51:02       0m 30s  ...                2.79         0.07
11  2026-01-23 12:51:33       0m 33s  ...               20.77         0.49
12  2026-01-23 12:52:06       0m 32s  ...               20.60         0.51
13  2026-01-23 12:52:39       0m 32s  ...               15.28         0.35
14  2026-01-23 12:53:11       0m 35s  ...               30.18         0.79
15  2026-01-23 12:53:47       0m 34s  ...               19.25         0.48
16  2026-01-23 12:54:22       0m 43s  ...               85.84         2.58
17  2026-01-23 12:55:06       0m 30s  ...                0.76         0.02
18  2026-01-23 12:55:36       0m 33s  ...               23.22         0.57
19  2026-01-23 12:56:10       0m 39s  ...               62.76         1.72
20  2026-01-23 12:56:49       0m 30s  ...                1.10         0.03
21  2026-01-23 12:57:20       0m 33s  ...               19.31         0.52
22  2026-01-23 12:57:54       0m 36s  ...               42.05         1.16
23  2026-01-23 12:58:30       0m 28s  ...                6.56         0.18
24  2026-01-23 12:58:59       0m 29s  ...                1.51         0.04
25  2026-01-23 12:59:28       0m 31s  ...                8.51         0.22
26  2026-01-23 13:00:00       0m 33s  ...               12.12         0.31
27  2026-01-23 13:00:33       0m 34s  ...               32.69         0.79
28  2026-01-23 13:01:08       0m 31s  ...                2.15         0.06

[29 rows x 24 columns]
              timestamp time_elapsed  ... severity_rate_patch Gradient_sr2
0   2026-01-23 12:45:31       0m 31s  ...                1.74         0.04
1   2026-01-23 12:46:03       0m 29s  ...                4.36         0.11
2   2026-01-23 12:46:33       0m 31s  ...                0.85         0.02
3   2026-01-23 12:47:05       0m 35s  ...               25.47         0.67
4   2026-01-23 12:47:40       0m 35s  ...               37.39         0.99
5   2026-01-23 12:48:15       0m 31s  ...                0.45         0.01
6   2026-01-23 12:48:47       0m 35s  ...               38.62         0.91
7   2026-01-23 12:49:23       0m 34s  ...               19.86         0.56
8   2026-01-23 12:49:58       0m 34s  ...               39.61         1.05
9   2026-01-23 12:50:32       0m 30s  ...                1.79         0.05
10  2026-01-23 12:51:02       0m 30s  ...                2.79         0.07
11  2026-01-23 12:51:33       0m 33s  ...               20.77         0.49
12  2026-01-23 12:52:06       0m 32s  ...               20.60         0.51
13  2026-01-23 12:52:39       0m 32s  ...               15.28         0.35
14  2026-01-23 12:53:11       0m 35s  ...               30.18         0.79
15  2026-01-23 12:53:47       0m 34s  ...               19.25         0.48
16  2026-01-23 12:54:22       0m 43s  ...               85.84         2.58
17  2026-01-23 12:55:06       0m 30s  ...                0.76         0.02
18  2026-01-23 12:55:36       0m 33s  ...               23.22         0.57
19  2026-01-23 12:56:10       0m 39s  ...               62.76         1.72
20  2026-01-23 12:56:49       0m 30s  ...                1.10         0.03
21  2026-01-23 12:57:20       0m 33s  ...               19.31         0.52
22  2026-01-23 12:57:54       0m 36s  ...               42.05         1.16
23  2026-01-23 12:58:30       0m 28s  ...                6.56         0.18
24  2026-01-23 12:58:59       0m 29s  ...                1.51         0.04
25  2026-01-23 12:59:28       0m 31s  ...                8.51         0.22
26  2026-01-23 13:00:00       0m 33s  ...               12.12         0.31
27  2026-01-23 13:00:33       0m 34s  ...               32.69         0.79
28  2026-01-23 13:01:08       0m 31s  ...                2.15         0.06
29  2026-01-23 13:01:39       0m 31s  ...                2.94         0.07

[30 rows x 24 columns]
[2026-01-23 13:04:25,664] - [root] - [INFO] - Analysis finished: 0m 31s
[2026-01-23 13:04:25,664] - [root] - [INFO] - -------------------------------------------
[2026-01-23 13:04:25,664] - [root] - [INFO] - -------------------------------------------
[2026-01-23 13:04:25,664] - [root] - [INFO] - Processing 1-22-2026 5dpi 084-W2021010-319_R1.png
[2026-01-23 13:04:45,823] - [root] - [INFO] - Finished loading mask: 0m 20s
[2026-01-23 13:04:55,141] - [root] - [INFO] - Finished crop and inference: 0m 29s
[2026-01-23 13:04:56,826] - [root] - [INFO] - Analysis finished: 0m 31s
[2026-01-23 13:04:56,826] - [root] - [INFO] - -------------------------------------------
[2026-01-23 13:04:56,826] - [root] - [INFO] - -------------------------------------------
[2026-01-23 13:04:56,826] - [root] - [INFO] - Processing 1-22-2026 5dpi 085-W2021010-630_R1.png
[2026-01-23 13:05:16,976] - [root] - [INFO] - Finished loading mask: 0m 20s
[2026-01-23 13:05:26,404] - [root] - [INFO] - Finished crop and inference: 0m 29s
              timestamp time_elapsed  ... severity_rate_patch Gradient_sr2
0   2026-01-23 12:45:31       0m 31s  ...                1.74         0.04
1   2026-01-23 12:46:03       0m 29s  ...                4.36         0.11
2   2026-01-23 12:46:33       0m 31s  ...                0.85         0.02
3   2026-01-23 12:47:05       0m 35s  ...               25.47         0.67
4   2026-01-23 12:47:40       0m 35s  ...               37.39         0.99
5   2026-01-23 12:48:15       0m 31s  ...                0.45         0.01
6   2026-01-23 12:48:47       0m 35s  ...               38.62         0.91
7   2026-01-23 12:49:23       0m 34s  ...               19.86         0.56
8   2026-01-23 12:49:58       0m 34s  ...               39.61         1.05
9   2026-01-23 12:50:32       0m 30s  ...                1.79         0.05
10  2026-01-23 12:51:02       0m 30s  ...                2.79         0.07
11  2026-01-23 12:51:33       0m 33s  ...               20.77         0.49
12  2026-01-23 12:52:06       0m 32s  ...               20.60         0.51
13  2026-01-23 12:52:39       0m 32s  ...               15.28         0.35
14  2026-01-23 12:53:11       0m 35s  ...               30.18         0.79
15  2026-01-23 12:53:47       0m 34s  ...               19.25         0.48
16  2026-01-23 12:54:22       0m 43s  ...               85.84         2.58
17  2026-01-23 12:55:06       0m 30s  ...                0.76         0.02
18  2026-01-23 12:55:36       0m 33s  ...               23.22         0.57
19  2026-01-23 12:56:10       0m 39s  ...               62.76         1.72
20  2026-01-23 12:56:49       0m 30s  ...                1.10         0.03
21  2026-01-23 12:57:20       0m 33s  ...               19.31         0.52
22  2026-01-23 12:57:54       0m 36s  ...               42.05         1.16
23  2026-01-23 12:58:30       0m 28s  ...                6.56         0.18
24  2026-01-23 12:58:59       0m 29s  ...                1.51         0.04
25  2026-01-23 12:59:28       0m 31s  ...                8.51         0.22
26  2026-01-23 13:00:00       0m 33s  ...               12.12         0.31
27  2026-01-23 13:00:33       0m 34s  ...               32.69         0.79
28  2026-01-23 13:01:08       0m 31s  ...                2.15         0.06
29  2026-01-23 13:01:39       0m 31s  ...                2.94         0.07
30  2026-01-23 13:02:11       0m 32s  ...               12.91         0.30

[31 rows x 24 columns]
              timestamp time_elapsed  ... severity_rate_patch Gradient_sr2
0   2026-01-23 12:45:31       0m 31s  ...                1.74         0.04
1   2026-01-23 12:46:03       0m 29s  ...                4.36         0.11
2   2026-01-23 12:46:33       0m 31s  ...                0.85         0.02
3   2026-01-23 12:47:05       0m 35s  ...               25.47         0.67
4   2026-01-23 12:47:40       0m 35s  ...               37.39         0.99
5   2026-01-23 12:48:15       0m 31s  ...                0.45         0.01
6   2026-01-23 12:48:47       0m 35s  ...               38.62         0.91
7   2026-01-23 12:49:23       0m 34s  ...               19.86         0.56
8   2026-01-23 12:49:58       0m 34s  ...               39.61         1.05
9   2026-01-23 12:50:32       0m 30s  ...                1.79         0.05
10  2026-01-23 12:51:02       0m 30s  ...                2.79         0.07
11  2026-01-23 12:51:33       0m 33s  ...               20.77         0.49
12  2026-01-23 12:52:06       0m 32s  ...               20.60         0.51
13  2026-01-23 12:52:39       0m 32s  ...               15.28         0.35
14  2026-01-23 12:53:11       0m 35s  ...               30.18         0.79
15  2026-01-23 12:53:47       0m 34s  ...               19.25         0.48
16  2026-01-23 12:54:22       0m 43s  ...               85.84         2.58
17  2026-01-23 12:55:06       0m 30s  ...                0.76         0.02
18  2026-01-23 12:55:36       0m 33s  ...               23.22         0.57
19  2026-01-23 12:56:10       0m 39s  ...               62.76         1.72
20  2026-01-23 12:56:49       0m 30s  ...                1.10         0.03
21  2026-01-23 12:57:20       0m 33s  ...               19.31         0.52
22  2026-01-23 12:57:54       0m 36s  ...               42.05         1.16
23  2026-01-23 12:58:30       0m 28s  ...                6.56         0.18
24  2026-01-23 12:58:59       0m 29s  ...                1.51         0.04
25  2026-01-23 12:59:28       0m 31s  ...                8.51         0.22
26  2026-01-23 13:00:00       0m 33s  ...               12.12         0.31
27  2026-01-23 13:00:33       0m 34s  ...               32.69         0.79
28  2026-01-23 13:01:08       0m 31s  ...                2.15         0.06
29  2026-01-23 13:01:39       0m 31s  ...                2.94         0.07
30  2026-01-23 13:02:11       0m 32s  ...               12.91         0.30
31  2026-01-23 13:02:43       0m 31s  ...               42.77         1.19

[32 rows x 24 columns]
              timestamp time_elapsed  ... severity_rate_patch Gradient_sr2
0   2026-01-23 12:45:31       0m 31s  ...                1.74         0.04
1   2026-01-23 12:46:03       0m 29s  ...                4.36         0.11
2   2026-01-23 12:46:33       0m 31s  ...                0.85         0.02
3   2026-01-23 12:47:05       0m 35s  ...               25.47         0.67
4   2026-01-23 12:47:40       0m 35s  ...               37.39         0.99
5   2026-01-23 12:48:15       0m 31s  ...                0.45         0.01
6   2026-01-23 12:48:47       0m 35s  ...               38.62         0.91
7   2026-01-23 12:49:23       0m 34s  ...               19.86         0.56
8   2026-01-23 12:49:58       0m 34s  ...               39.61         1.05
9   2026-01-23 12:50:32       0m 30s  ...                1.79         0.05
10  2026-01-23 12:51:02       0m 30s  ...                2.79         0.07
11  2026-01-23 12:51:33       0m 33s  ...               20.77         0.49
12  2026-01-23 12:52:06       0m 32s  ...               20.60         0.51
13  2026-01-23 12:52:39       0m 32s  ...               15.28         0.35
14  2026-01-23 12:53:11       0m 35s  ...               30.18         0.79
15  2026-01-23 12:53:47       0m 34s  ...               19.25         0.48
16  2026-01-23 12:54:22       0m 43s  ...               85.84         2.58
17  2026-01-23 12:55:06       0m 30s  ...                0.76         0.02
18  2026-01-23 12:55:36       0m 33s  ...               23.22         0.57
19  2026-01-23 12:56:10       0m 39s  ...               62.76         1.72
20  2026-01-23 12:56:49       0m 30s  ...                1.10         0.03
21  2026-01-23 12:57:20       0m 33s  ...               19.31         0.52
22  2026-01-23 12:57:54       0m 36s  ...               42.05         1.16
23  2026-01-23 12:58:30       0m 28s  ...                6.56         0.18
24  2026-01-23 12:58:59       0m 29s  ...                1.51         0.04
25  2026-01-23 12:59:28       0m 31s  ...                8.51         0.22
26  2026-01-23 13:00:00       0m 33s  ...               12.12         0.31
27  2026-01-23 13:00:33       0m 34s  ...               32.69         0.79
28  2026-01-23 13:01:08       0m 31s  ...                2.15         0.06
29  2026-01-23 13:01:39       0m 31s  ...                2.94         0.07
30  2026-01-23 13:02:11       0m 32s  ...               12.91         0.30
31  2026-01-23 13:02:43       0m 31s  ...               42.77         1.19
32  2026-01-23 13:03:15       0m 38s  ...               65.54         1.89

[33 rows x 24 columns]
[2026-01-23 13:05:28,092] - [root] - [INFO] - Analysis finished: 0m 31s
[2026-01-23 13:05:28,092] - [root] - [INFO] - -------------------------------------------
[2026-01-23 13:05:28,092] - [root] - [INFO] - -------------------------------------------
[2026-01-23 13:05:28,092] - [root] - [INFO] - Processing 1-22-2026 5dpi 091-W2021006-056_R2.png
[2026-01-23 13:05:48,451] - [root] - [INFO] - Finished loading mask: 0m 20s
[2026-01-23 13:05:57,668] - [root] - [INFO] - Finished crop and inference: 0m 29s
[2026-01-23 13:05:59,346] - [root] - [INFO] - Analysis finished: 0m 31s
[2026-01-23 13:05:59,346] - [root] - [INFO] - -------------------------------------------
[2026-01-23 13:05:59,346] - [root] - [INFO] - -------------------------------------------
[2026-01-23 13:05:59,346] - [root] - [INFO] - Processing 1-22-2026 5dpi 094-W2021010-315_R2.png
[2026-01-23 13:06:19,316] - [root] - [INFO] - Finished loading mask: 0m 19s
[2026-01-23 13:06:28,523] - [root] - [INFO] - Finished crop and inference: 0m 29s
              timestamp time_elapsed  ... severity_rate_patch Gradient_sr2
0   2026-01-23 12:45:31       0m 31s  ...                1.74         0.04
1   2026-01-23 12:46:03       0m 29s  ...                4.36         0.11
2   2026-01-23 12:46:33       0m 31s  ...                0.85         0.02
3   2026-01-23 12:47:05       0m 35s  ...               25.47         0.67
4   2026-01-23 12:47:40       0m 35s  ...               37.39         0.99
5   2026-01-23 12:48:15       0m 31s  ...                0.45         0.01
6   2026-01-23 12:48:47       0m 35s  ...               38.62         0.91
7   2026-01-23 12:49:23       0m 34s  ...               19.86         0.56
8   2026-01-23 12:49:58       0m 34s  ...               39.61         1.05
9   2026-01-23 12:50:32       0m 30s  ...                1.79         0.05
10  2026-01-23 12:51:02       0m 30s  ...                2.79         0.07
11  2026-01-23 12:51:33       0m 33s  ...               20.77         0.49
12  2026-01-23 12:52:06       0m 32s  ...               20.60         0.51
13  2026-01-23 12:52:39       0m 32s  ...               15.28         0.35
14  2026-01-23 12:53:11       0m 35s  ...               30.18         0.79
15  2026-01-23 12:53:47       0m 34s  ...               19.25         0.48
16  2026-01-23 12:54:22       0m 43s  ...               85.84         2.58
17  2026-01-23 12:55:06       0m 30s  ...                0.76         0.02
18  2026-01-23 12:55:36       0m 33s  ...               23.22         0.57
19  2026-01-23 12:56:10       0m 39s  ...               62.76         1.72
20  2026-01-23 12:56:49       0m 30s  ...                1.10         0.03
21  2026-01-23 12:57:20       0m 33s  ...               19.31         0.52
22  2026-01-23 12:57:54       0m 36s  ...               42.05         1.16
23  2026-01-23 12:58:30       0m 28s  ...                6.56         0.18
24  2026-01-23 12:58:59       0m 29s  ...                1.51         0.04
25  2026-01-23 12:59:28       0m 31s  ...                8.51         0.22
26  2026-01-23 13:00:00       0m 33s  ...               12.12         0.31
27  2026-01-23 13:00:33       0m 34s  ...               32.69         0.79
28  2026-01-23 13:01:08       0m 31s  ...                2.15         0.06
29  2026-01-23 13:01:39       0m 31s  ...                2.94         0.07
30  2026-01-23 13:02:11       0m 32s  ...               12.91         0.30
31  2026-01-23 13:02:43       0m 31s  ...               42.77         1.19
32  2026-01-23 13:03:15       0m 38s  ...               65.54         1.89
33  2026-01-23 13:03:53       0m 31s  ...               10.11         0.24

[34 rows x 24 columns]
              timestamp time_elapsed  ... severity_rate_patch Gradient_sr2
0   2026-01-23 12:45:31       0m 31s  ...                1.74         0.04
1   2026-01-23 12:46:03       0m 29s  ...                4.36         0.11
2   2026-01-23 12:46:33       0m 31s  ...                0.85         0.02
3   2026-01-23 12:47:05       0m 35s  ...               25.47         0.67
4   2026-01-23 12:47:40       0m 35s  ...               37.39         0.99
5   2026-01-23 12:48:15       0m 31s  ...                0.45         0.01
6   2026-01-23 12:48:47       0m 35s  ...               38.62         0.91
7   2026-01-23 12:49:23       0m 34s  ...               19.86         0.56
8   2026-01-23 12:49:58       0m 34s  ...               39.61         1.05
9   2026-01-23 12:50:32       0m 30s  ...                1.79         0.05
10  2026-01-23 12:51:02       0m 30s  ...                2.79         0.07
11  2026-01-23 12:51:33       0m 33s  ...               20.77         0.49
12  2026-01-23 12:52:06       0m 32s  ...               20.60         0.51
13  2026-01-23 12:52:39       0m 32s  ...               15.28         0.35
14  2026-01-23 12:53:11       0m 35s  ...               30.18         0.79
15  2026-01-23 12:53:47       0m 34s  ...               19.25         0.48
16  2026-01-23 12:54:22       0m 43s  ...               85.84         2.58
17  2026-01-23 12:55:06       0m 30s  ...                0.76         0.02
18  2026-01-23 12:55:36       0m 33s  ...               23.22         0.57
19  2026-01-23 12:56:10       0m 39s  ...               62.76         1.72
20  2026-01-23 12:56:49       0m 30s  ...                1.10         0.03
21  2026-01-23 12:57:20       0m 33s  ...               19.31         0.52
22  2026-01-23 12:57:54       0m 36s  ...               42.05         1.16
23  2026-01-23 12:58:30       0m 28s  ...                6.56         0.18
24  2026-01-23 12:58:59       0m 29s  ...                1.51         0.04
25  2026-01-23 12:59:28       0m 31s  ...                8.51         0.22
26  2026-01-23 13:00:00       0m 33s  ...               12.12         0.31
27  2026-01-23 13:00:33       0m 34s  ...               32.69         0.79
28  2026-01-23 13:01:08       0m 31s  ...                2.15         0.06
29  2026-01-23 13:01:39       0m 31s  ...                2.94         0.07
30  2026-01-23 13:02:11       0m 32s  ...               12.91         0.30
31  2026-01-23 13:02:43       0m 31s  ...               42.77         1.19
32  2026-01-23 13:03:15       0m 38s  ...               65.54         1.89
33  2026-01-23 13:03:53       0m 31s  ...               10.11         0.24
34  2026-01-23 13:04:25       0m 31s  ...                4.05         0.11

[35 rows x 24 columns]
[2026-01-23 13:06:30,220] - [root] - [INFO] - Analysis finished: 0m 30s
[2026-01-23 13:06:30,220] - [root] - [INFO] - -------------------------------------------
[2026-01-23 13:06:30,220] - [root] - [INFO] - -------------------------------------------
[2026-01-23 13:06:30,220] - [root] - [INFO] - Processing 1-22-2026 5dpi 095-W2021011-553_R2.png
[2026-01-23 13:06:49,680] - [root] - [INFO] - Finished loading mask: 0m 19s
[2026-01-23 13:06:58,067] - [root] - [INFO] - Finished crop and inference: 0m 27s
[2026-01-23 13:06:59,768] - [root] - [INFO] - Analysis finished: 0m 29s
[2026-01-23 13:06:59,768] - [root] - [INFO] - -------------------------------------------
[2026-01-23 13:06:59,768] - [root] - [INFO] - -------------------------------------------
[2026-01-23 13:06:59,768] - [root] - [INFO] - Processing 1-22-2026 5dpi 097-W2021006-617_R2.png
[2026-01-23 13:07:19,728] - [root] - [INFO] - Finished loading mask: 0m 19s
[2026-01-23 13:07:34,368] - [root] - [INFO] - Finished crop and inference: 0m 34s
              timestamp time_elapsed  ... severity_rate_patch Gradient_sr2
0   2026-01-23 12:45:31       0m 31s  ...                1.74         0.04
1   2026-01-23 12:46:03       0m 29s  ...                4.36         0.11
2   2026-01-23 12:46:33       0m 31s  ...                0.85         0.02
3   2026-01-23 12:47:05       0m 35s  ...               25.47         0.67
4   2026-01-23 12:47:40       0m 35s  ...               37.39         0.99
5   2026-01-23 12:48:15       0m 31s  ...                0.45         0.01
6   2026-01-23 12:48:47       0m 35s  ...               38.62         0.91
7   2026-01-23 12:49:23       0m 34s  ...               19.86         0.56
8   2026-01-23 12:49:58       0m 34s  ...               39.61         1.05
9   2026-01-23 12:50:32       0m 30s  ...                1.79         0.05
10  2026-01-23 12:51:02       0m 30s  ...                2.79         0.07
11  2026-01-23 12:51:33       0m 33s  ...               20.77         0.49
12  2026-01-23 12:52:06       0m 32s  ...               20.60         0.51
13  2026-01-23 12:52:39       0m 32s  ...               15.28         0.35
14  2026-01-23 12:53:11       0m 35s  ...               30.18         0.79
15  2026-01-23 12:53:47       0m 34s  ...               19.25         0.48
16  2026-01-23 12:54:22       0m 43s  ...               85.84         2.58
17  2026-01-23 12:55:06       0m 30s  ...                0.76         0.02
18  2026-01-23 12:55:36       0m 33s  ...               23.22         0.57
19  2026-01-23 12:56:10       0m 39s  ...               62.76         1.72
20  2026-01-23 12:56:49       0m 30s  ...                1.10         0.03
21  2026-01-23 12:57:20       0m 33s  ...               19.31         0.52
22  2026-01-23 12:57:54       0m 36s  ...               42.05         1.16
23  2026-01-23 12:58:30       0m 28s  ...                6.56         0.18
24  2026-01-23 12:58:59       0m 29s  ...                1.51         0.04
25  2026-01-23 12:59:28       0m 31s  ...                8.51         0.22
26  2026-01-23 13:00:00       0m 33s  ...               12.12         0.31
27  2026-01-23 13:00:33       0m 34s  ...               32.69         0.79
28  2026-01-23 13:01:08       0m 31s  ...                2.15         0.06
29  2026-01-23 13:01:39       0m 31s  ...                2.94         0.07
30  2026-01-23 13:02:11       0m 32s  ...               12.91         0.30
31  2026-01-23 13:02:43       0m 31s  ...               42.77         1.19
32  2026-01-23 13:03:15       0m 38s  ...               65.54         1.89
33  2026-01-23 13:03:53       0m 31s  ...               10.11         0.24
34  2026-01-23 13:04:25       0m 31s  ...                4.05         0.11
35  2026-01-23 13:04:56       0m 31s  ...                1.89         0.05

[36 rows x 24 columns]
              timestamp time_elapsed  ... severity_rate_patch Gradient_sr2
0   2026-01-23 12:45:31       0m 31s  ...                1.74         0.04
1   2026-01-23 12:46:03       0m 29s  ...                4.36         0.11
2   2026-01-23 12:46:33       0m 31s  ...                0.85         0.02
3   2026-01-23 12:47:05       0m 35s  ...               25.47         0.67
4   2026-01-23 12:47:40       0m 35s  ...               37.39         0.99
5   2026-01-23 12:48:15       0m 31s  ...                0.45         0.01
6   2026-01-23 12:48:47       0m 35s  ...               38.62         0.91
7   2026-01-23 12:49:23       0m 34s  ...               19.86         0.56
8   2026-01-23 12:49:58       0m 34s  ...               39.61         1.05
9   2026-01-23 12:50:32       0m 30s  ...                1.79         0.05
10  2026-01-23 12:51:02       0m 30s  ...                2.79         0.07
11  2026-01-23 12:51:33       0m 33s  ...               20.77         0.49
12  2026-01-23 12:52:06       0m 32s  ...               20.60         0.51
13  2026-01-23 12:52:39       0m 32s  ...               15.28         0.35
14  2026-01-23 12:53:11       0m 35s  ...               30.18         0.79
15  2026-01-23 12:53:47       0m 34s  ...               19.25         0.48
16  2026-01-23 12:54:22       0m 43s  ...               85.84         2.58
17  2026-01-23 12:55:06       0m 30s  ...                0.76         0.02
18  2026-01-23 12:55:36       0m 33s  ...               23.22         0.57
19  2026-01-23 12:56:10       0m 39s  ...               62.76         1.72
20  2026-01-23 12:56:49       0m 30s  ...                1.10         0.03
21  2026-01-23 12:57:20       0m 33s  ...               19.31         0.52
22  2026-01-23 12:57:54       0m 36s  ...               42.05         1.16
23  2026-01-23 12:58:30       0m 28s  ...                6.56         0.18
24  2026-01-23 12:58:59       0m 29s  ...                1.51         0.04
25  2026-01-23 12:59:28       0m 31s  ...                8.51         0.22
26  2026-01-23 13:00:00       0m 33s  ...               12.12         0.31
27  2026-01-23 13:00:33       0m 34s  ...               32.69         0.79
28  2026-01-23 13:01:08       0m 31s  ...                2.15         0.06
29  2026-01-23 13:01:39       0m 31s  ...                2.94         0.07
30  2026-01-23 13:02:11       0m 32s  ...               12.91         0.30
31  2026-01-23 13:02:43       0m 31s  ...               42.77         1.19
32  2026-01-23 13:03:15       0m 38s  ...               65.54         1.89
33  2026-01-23 13:03:53       0m 31s  ...               10.11         0.24
34  2026-01-23 13:04:25       0m 31s  ...                4.05         0.11
35  2026-01-23 13:04:56       0m 31s  ...                1.89         0.05
36  2026-01-23 13:05:28       0m 31s  ...                5.54         0.15

[37 rows x 24 columns]
[2026-01-23 13:07:36,191] - [root] - [INFO] - Analysis finished: 0m 36s
[2026-01-23 13:07:36,191] - [root] - [INFO] - -------------------------------------------
[2026-01-23 13:07:36,191] - [root] - [INFO] - -------------------------------------------
[2026-01-23 13:07:36,191] - [root] - [INFO] - Processing 1-22-2026 5dpi 097-W2021009-163_R1.png
[2026-01-23 13:07:55,905] - [root] - [INFO] - Finished loading mask: 0m 19s
[2026-01-23 13:08:13,360] - [root] - [INFO] - Finished crop and inference: 0m 37s
[2026-01-23 13:08:15,093] - [root] - [INFO] - Analysis finished: 0m 38s
[2026-01-23 13:08:15,093] - [root] - [INFO] - -------------------------------------------
[2026-01-23 13:08:15,093] - [root] - [INFO] - -------------------------------------------
[2026-01-23 13:08:15,093] - [root] - [INFO] - Processing 1-22-2026 5dpi 099-W2021006-611_R2.png
[2026-01-23 13:08:36,083] - [root] - [INFO] - Finished loading mask: 0m 20s
[2026-01-23 13:08:51,903] - [root] - [INFO] - Finished crop and inference: 0m 36s
              timestamp time_elapsed  ... severity_rate_patch Gradient_sr2
0   2026-01-23 12:45:31       0m 31s  ...                1.74         0.04
1   2026-01-23 12:46:03       0m 29s  ...                4.36         0.11
2   2026-01-23 12:46:33       0m 31s  ...                0.85         0.02
3   2026-01-23 12:47:05       0m 35s  ...               25.47         0.67
4   2026-01-23 12:47:40       0m 35s  ...               37.39         0.99
5   2026-01-23 12:48:15       0m 31s  ...                0.45         0.01
6   2026-01-23 12:48:47       0m 35s  ...               38.62         0.91
7   2026-01-23 12:49:23       0m 34s  ...               19.86         0.56
8   2026-01-23 12:49:58       0m 34s  ...               39.61         1.05
9   2026-01-23 12:50:32       0m 30s  ...                1.79         0.05
10  2026-01-23 12:51:02       0m 30s  ...                2.79         0.07
11  2026-01-23 12:51:33       0m 33s  ...               20.77         0.49
12  2026-01-23 12:52:06       0m 32s  ...               20.60         0.51
13  2026-01-23 12:52:39       0m 32s  ...               15.28         0.35
14  2026-01-23 12:53:11       0m 35s  ...               30.18         0.79
15  2026-01-23 12:53:47       0m 34s  ...               19.25         0.48
16  2026-01-23 12:54:22       0m 43s  ...               85.84         2.58
17  2026-01-23 12:55:06       0m 30s  ...                0.76         0.02
18  2026-01-23 12:55:36       0m 33s  ...               23.22         0.57
19  2026-01-23 12:56:10       0m 39s  ...               62.76         1.72
20  2026-01-23 12:56:49       0m 30s  ...                1.10         0.03
21  2026-01-23 12:57:20       0m 33s  ...               19.31         0.52
22  2026-01-23 12:57:54       0m 36s  ...               42.05         1.16
23  2026-01-23 12:58:30       0m 28s  ...                6.56         0.18
24  2026-01-23 12:58:59       0m 29s  ...                1.51         0.04
25  2026-01-23 12:59:28       0m 31s  ...                8.51         0.22
26  2026-01-23 13:00:00       0m 33s  ...               12.12         0.31
27  2026-01-23 13:00:33       0m 34s  ...               32.69         0.79
28  2026-01-23 13:01:08       0m 31s  ...                2.15         0.06
29  2026-01-23 13:01:39       0m 31s  ...                2.94         0.07
30  2026-01-23 13:02:11       0m 32s  ...               12.91         0.30
31  2026-01-23 13:02:43       0m 31s  ...               42.77         1.19
32  2026-01-23 13:03:15       0m 38s  ...               65.54         1.89
33  2026-01-23 13:03:53       0m 31s  ...               10.11         0.24
34  2026-01-23 13:04:25       0m 31s  ...                4.05         0.11
35  2026-01-23 13:04:56       0m 31s  ...                1.89         0.05
36  2026-01-23 13:05:28       0m 31s  ...                5.54         0.15
37  2026-01-23 13:05:59       0m 30s  ...                0.46         0.01

[38 rows x 24 columns]
              timestamp time_elapsed  ... severity_rate_patch Gradient_sr2
0   2026-01-23 12:45:31       0m 31s  ...                1.74         0.04
1   2026-01-23 12:46:03       0m 29s  ...                4.36         0.11
2   2026-01-23 12:46:33       0m 31s  ...                0.85         0.02
3   2026-01-23 12:47:05       0m 35s  ...               25.47         0.67
4   2026-01-23 12:47:40       0m 35s  ...               37.39         0.99
5   2026-01-23 12:48:15       0m 31s  ...                0.45         0.01
6   2026-01-23 12:48:47       0m 35s  ...               38.62         0.91
7   2026-01-23 12:49:23       0m 34s  ...               19.86         0.56
8   2026-01-23 12:49:58       0m 34s  ...               39.61         1.05
9   2026-01-23 12:50:32       0m 30s  ...                1.79         0.05
10  2026-01-23 12:51:02       0m 30s  ...                2.79         0.07
11  2026-01-23 12:51:33       0m 33s  ...               20.77         0.49
12  2026-01-23 12:52:06       0m 32s  ...               20.60         0.51
13  2026-01-23 12:52:39       0m 32s  ...               15.28         0.35
14  2026-01-23 12:53:11       0m 35s  ...               30.18         0.79
15  2026-01-23 12:53:47       0m 34s  ...               19.25         0.48
16  2026-01-23 12:54:22       0m 43s  ...               85.84         2.58
17  2026-01-23 12:55:06       0m 30s  ...                0.76         0.02
18  2026-01-23 12:55:36       0m 33s  ...               23.22         0.57
19  2026-01-23 12:56:10       0m 39s  ...               62.76         1.72
20  2026-01-23 12:56:49       0m 30s  ...                1.10         0.03
21  2026-01-23 12:57:20       0m 33s  ...               19.31         0.52
22  2026-01-23 12:57:54       0m 36s  ...               42.05         1.16
23  2026-01-23 12:58:30       0m 28s  ...                6.56         0.18
24  2026-01-23 12:58:59       0m 29s  ...                1.51         0.04
25  2026-01-23 12:59:28       0m 31s  ...                8.51         0.22
26  2026-01-23 13:00:00       0m 33s  ...               12.12         0.31
27  2026-01-23 13:00:33       0m 34s  ...               32.69         0.79
28  2026-01-23 13:01:08       0m 31s  ...                2.15         0.06
29  2026-01-23 13:01:39       0m 31s  ...                2.94         0.07
30  2026-01-23 13:02:11       0m 32s  ...               12.91         0.30
31  2026-01-23 13:02:43       0m 31s  ...               42.77         1.19
32  2026-01-23 13:03:15       0m 38s  ...               65.54         1.89
33  2026-01-23 13:03:53       0m 31s  ...               10.11         0.24
34  2026-01-23 13:04:25       0m 31s  ...                4.05         0.11
35  2026-01-23 13:04:56       0m 31s  ...                1.89         0.05
36  2026-01-23 13:05:28       0m 31s  ...                5.54         0.15
37  2026-01-23 13:05:59       0m 30s  ...                0.46         0.01
38  2026-01-23 13:06:30       0m 29s  ...                1.59         0.04

[39 rows x 24 columns]
[2026-01-23 13:08:53,648] - [root] - [INFO] - Analysis finished: 0m 38s
[2026-01-23 13:08:53,648] - [root] - [INFO] - -------------------------------------------
[2026-01-23 13:08:53,648] - [root] - [INFO] - -------------------------------------------
[2026-01-23 13:08:53,648] - [root] - [INFO] - Processing 1-22-2026 5dpi 101-W2021011-565_R1.png
[2026-01-23 13:09:14,254] - [root] - [INFO] - Finished loading mask: 0m 20s
[2026-01-23 13:09:35,521] - [root] - [INFO] - Finished crop and inference: 0m 41s
[2026-01-23 13:09:37,377] - [root] - [INFO] - Analysis finished: 0m 43s
[2026-01-23 13:09:37,377] - [root] - [INFO] - -------------------------------------------
[2026-01-23 13:09:37,377] - [root] - [INFO] - -------------------------------------------
[2026-01-23 13:09:37,377] - [root] - [INFO] - Processing 1-22-2026 5dpi 105-W2021011-558_R1.png
[2026-01-23 13:09:57,670] - [root] - [INFO] - Finished loading mask: 0m 20s
[2026-01-23 13:10:06,700] - [root] - [INFO] - Finished crop and inference: 0m 29s
              timestamp time_elapsed  ... severity_rate_patch Gradient_sr2
0   2026-01-23 12:45:31       0m 31s  ...                1.74         0.04
1   2026-01-23 12:46:03       0m 29s  ...                4.36         0.11
2   2026-01-23 12:46:33       0m 31s  ...                0.85         0.02
3   2026-01-23 12:47:05       0m 35s  ...               25.47         0.67
4   2026-01-23 12:47:40       0m 35s  ...               37.39         0.99
5   2026-01-23 12:48:15       0m 31s  ...                0.45         0.01
6   2026-01-23 12:48:47       0m 35s  ...               38.62         0.91
7   2026-01-23 12:49:23       0m 34s  ...               19.86         0.56
8   2026-01-23 12:49:58       0m 34s  ...               39.61         1.05
9   2026-01-23 12:50:32       0m 30s  ...                1.79         0.05
10  2026-01-23 12:51:02       0m 30s  ...                2.79         0.07
11  2026-01-23 12:51:33       0m 33s  ...               20.77         0.49
12  2026-01-23 12:52:06       0m 32s  ...               20.60         0.51
13  2026-01-23 12:52:39       0m 32s  ...               15.28         0.35
14  2026-01-23 12:53:11       0m 35s  ...               30.18         0.79
15  2026-01-23 12:53:47       0m 34s  ...               19.25         0.48
16  2026-01-23 12:54:22       0m 43s  ...               85.84         2.58
17  2026-01-23 12:55:06       0m 30s  ...                0.76         0.02
18  2026-01-23 12:55:36       0m 33s  ...               23.22         0.57
19  2026-01-23 12:56:10       0m 39s  ...               62.76         1.72
20  2026-01-23 12:56:49       0m 30s  ...                1.10         0.03
21  2026-01-23 12:57:20       0m 33s  ...               19.31         0.52
22  2026-01-23 12:57:54       0m 36s  ...               42.05         1.16
23  2026-01-23 12:58:30       0m 28s  ...                6.56         0.18
24  2026-01-23 12:58:59       0m 29s  ...                1.51         0.04
25  2026-01-23 12:59:28       0m 31s  ...                8.51         0.22
26  2026-01-23 13:00:00       0m 33s  ...               12.12         0.31
27  2026-01-23 13:00:33       0m 34s  ...               32.69         0.79
28  2026-01-23 13:01:08       0m 31s  ...                2.15         0.06
29  2026-01-23 13:01:39       0m 31s  ...                2.94         0.07
30  2026-01-23 13:02:11       0m 32s  ...               12.91         0.30
31  2026-01-23 13:02:43       0m 31s  ...               42.77         1.19
32  2026-01-23 13:03:15       0m 38s  ...               65.54         1.89
33  2026-01-23 13:03:53       0m 31s  ...               10.11         0.24
34  2026-01-23 13:04:25       0m 31s  ...                4.05         0.11
35  2026-01-23 13:04:56       0m 31s  ...                1.89         0.05
36  2026-01-23 13:05:28       0m 31s  ...                5.54         0.15
37  2026-01-23 13:05:59       0m 30s  ...                0.46         0.01
38  2026-01-23 13:06:30       0m 29s  ...                1.59         0.04
39  2026-01-23 13:06:59       0m 36s  ...               43.85         1.03

[40 rows x 24 columns]
              timestamp time_elapsed  ... severity_rate_patch Gradient_sr2
0   2026-01-23 12:45:31       0m 31s  ...                1.74         0.04
1   2026-01-23 12:46:03       0m 29s  ...                4.36         0.11
2   2026-01-23 12:46:33       0m 31s  ...                0.85         0.02
3   2026-01-23 12:47:05       0m 35s  ...               25.47         0.67
4   2026-01-23 12:47:40       0m 35s  ...               37.39         0.99
5   2026-01-23 12:48:15       0m 31s  ...                0.45         0.01
6   2026-01-23 12:48:47       0m 35s  ...               38.62         0.91
7   2026-01-23 12:49:23       0m 34s  ...               19.86         0.56
8   2026-01-23 12:49:58       0m 34s  ...               39.61         1.05
9   2026-01-23 12:50:32       0m 30s  ...                1.79         0.05
10  2026-01-23 12:51:02       0m 30s  ...                2.79         0.07
11  2026-01-23 12:51:33       0m 33s  ...               20.77         0.49
12  2026-01-23 12:52:06       0m 32s  ...               20.60         0.51
13  2026-01-23 12:52:39       0m 32s  ...               15.28         0.35
14  2026-01-23 12:53:11       0m 35s  ...               30.18         0.79
15  2026-01-23 12:53:47       0m 34s  ...               19.25         0.48
16  2026-01-23 12:54:22       0m 43s  ...               85.84         2.58
17  2026-01-23 12:55:06       0m 30s  ...                0.76         0.02
18  2026-01-23 12:55:36       0m 33s  ...               23.22         0.57
19  2026-01-23 12:56:10       0m 39s  ...               62.76         1.72
20  2026-01-23 12:56:49       0m 30s  ...                1.10         0.03
21  2026-01-23 12:57:20       0m 33s  ...               19.31         0.52
22  2026-01-23 12:57:54       0m 36s  ...               42.05         1.16
23  2026-01-23 12:58:30       0m 28s  ...                6.56         0.18
24  2026-01-23 12:58:59       0m 29s  ...                1.51         0.04
25  2026-01-23 12:59:28       0m 31s  ...                8.51         0.22
26  2026-01-23 13:00:00       0m 33s  ...               12.12         0.31
27  2026-01-23 13:00:33       0m 34s  ...               32.69         0.79
28  2026-01-23 13:01:08       0m 31s  ...                2.15         0.06
29  2026-01-23 13:01:39       0m 31s  ...                2.94         0.07
30  2026-01-23 13:02:11       0m 32s  ...               12.91         0.30
31  2026-01-23 13:02:43       0m 31s  ...               42.77         1.19
32  2026-01-23 13:03:15       0m 38s  ...               65.54         1.89
33  2026-01-23 13:03:53       0m 31s  ...               10.11         0.24
34  2026-01-23 13:04:25       0m 31s  ...                4.05         0.11
35  2026-01-23 13:04:56       0m 31s  ...                1.89         0.05
36  2026-01-23 13:05:28       0m 31s  ...                5.54         0.15
37  2026-01-23 13:05:59       0m 30s  ...                0.46         0.01
38  2026-01-23 13:06:30       0m 29s  ...                1.59         0.04
39  2026-01-23 13:06:59       0m 36s  ...               43.85         1.03
40  2026-01-23 13:07:36       0m 38s  ...               61.84         1.56

[41 rows x 24 columns]
[2026-01-23 13:10:08,354] - [root] - [INFO] - Analysis finished: 0m 30s
[2026-01-23 13:10:08,355] - [root] - [INFO] - -------------------------------------------
[2026-01-23 13:10:08,355] - [root] - [INFO] - -------------------------------------------
[2026-01-23 13:10:08,355] - [root] - [INFO] - Processing 1-22-2026 5dpi 110-W2021011-454_R2.png
[2026-01-23 13:10:28,434] - [root] - [INFO] - Finished loading mask: 0m 20s
[2026-01-23 13:10:39,595] - [root] - [INFO] - Finished crop and inference: 0m 31s
[2026-01-23 13:10:41,230] - [root] - [INFO] - Analysis finished: 0m 32s
[2026-01-23 13:10:41,230] - [root] - [INFO] - -------------------------------------------
[2026-01-23 13:10:41,230] - [root] - [INFO] - -------------------------------------------
[2026-01-23 13:10:41,230] - [root] - [INFO] - Processing 1-22-2026 5dpi 111-W2021011-588_R2.png
[2026-01-23 13:11:01,644] - [root] - [INFO] - Finished loading mask: 0m 20s
[2026-01-23 13:11:11,473] - [root] - [INFO] - Finished crop and inference: 0m 30s
              timestamp time_elapsed  ... severity_rate_patch Gradient_sr2
0   2026-01-23 12:45:31       0m 31s  ...                1.74         0.04
1   2026-01-23 12:46:03       0m 29s  ...                4.36         0.11
2   2026-01-23 12:46:33       0m 31s  ...                0.85         0.02
3   2026-01-23 12:47:05       0m 35s  ...               25.47         0.67
4   2026-01-23 12:47:40       0m 35s  ...               37.39         0.99
5   2026-01-23 12:48:15       0m 31s  ...                0.45         0.01
6   2026-01-23 12:48:47       0m 35s  ...               38.62         0.91
7   2026-01-23 12:49:23       0m 34s  ...               19.86         0.56
8   2026-01-23 12:49:58       0m 34s  ...               39.61         1.05
9   2026-01-23 12:50:32       0m 30s  ...                1.79         0.05
10  2026-01-23 12:51:02       0m 30s  ...                2.79         0.07
11  2026-01-23 12:51:33       0m 33s  ...               20.77         0.49
12  2026-01-23 12:52:06       0m 32s  ...               20.60         0.51
13  2026-01-23 12:52:39       0m 32s  ...               15.28         0.35
14  2026-01-23 12:53:11       0m 35s  ...               30.18         0.79
15  2026-01-23 12:53:47       0m 34s  ...               19.25         0.48
16  2026-01-23 12:54:22       0m 43s  ...               85.84         2.58
17  2026-01-23 12:55:06       0m 30s  ...                0.76         0.02
18  2026-01-23 12:55:36       0m 33s  ...               23.22         0.57
19  2026-01-23 12:56:10       0m 39s  ...               62.76         1.72
20  2026-01-23 12:56:49       0m 30s  ...                1.10         0.03
21  2026-01-23 12:57:20       0m 33s  ...               19.31         0.52
22  2026-01-23 12:57:54       0m 36s  ...               42.05         1.16
23  2026-01-23 12:58:30       0m 28s  ...                6.56         0.18
24  2026-01-23 12:58:59       0m 29s  ...                1.51         0.04
25  2026-01-23 12:59:28       0m 31s  ...                8.51         0.22
26  2026-01-23 13:00:00       0m 33s  ...               12.12         0.31
27  2026-01-23 13:00:33       0m 34s  ...               32.69         0.79
28  2026-01-23 13:01:08       0m 31s  ...                2.15         0.06
29  2026-01-23 13:01:39       0m 31s  ...                2.94         0.07
30  2026-01-23 13:02:11       0m 32s  ...               12.91         0.30
31  2026-01-23 13:02:43       0m 31s  ...               42.77         1.19
32  2026-01-23 13:03:15       0m 38s  ...               65.54         1.89
33  2026-01-23 13:03:53       0m 31s  ...               10.11         0.24
34  2026-01-23 13:04:25       0m 31s  ...                4.05         0.11
35  2026-01-23 13:04:56       0m 31s  ...                1.89         0.05
36  2026-01-23 13:05:28       0m 31s  ...                5.54         0.15
37  2026-01-23 13:05:59       0m 30s  ...                0.46         0.01
38  2026-01-23 13:06:30       0m 29s  ...                1.59         0.04
39  2026-01-23 13:06:59       0m 36s  ...               43.85         1.03
40  2026-01-23 13:07:36       0m 38s  ...               61.84         1.56
41  2026-01-23 13:08:15       0m 38s  ...               46.89         1.19

[42 rows x 24 columns]
              timestamp time_elapsed  ... severity_rate_patch Gradient_sr2
0   2026-01-23 12:45:31       0m 31s  ...                1.74         0.04
1   2026-01-23 12:46:03       0m 29s  ...                4.36         0.11
2   2026-01-23 12:46:33       0m 31s  ...                0.85         0.02
3   2026-01-23 12:47:05       0m 35s  ...               25.47         0.67
4   2026-01-23 12:47:40       0m 35s  ...               37.39         0.99
5   2026-01-23 12:48:15       0m 31s  ...                0.45         0.01
6   2026-01-23 12:48:47       0m 35s  ...               38.62         0.91
7   2026-01-23 12:49:23       0m 34s  ...               19.86         0.56
8   2026-01-23 12:49:58       0m 34s  ...               39.61         1.05
9   2026-01-23 12:50:32       0m 30s  ...                1.79         0.05
10  2026-01-23 12:51:02       0m 30s  ...                2.79         0.07
11  2026-01-23 12:51:33       0m 33s  ...               20.77         0.49
12  2026-01-23 12:52:06       0m 32s  ...               20.60         0.51
13  2026-01-23 12:52:39       0m 32s  ...               15.28         0.35
14  2026-01-23 12:53:11       0m 35s  ...               30.18         0.79
15  2026-01-23 12:53:47       0m 34s  ...               19.25         0.48
16  2026-01-23 12:54:22       0m 43s  ...               85.84         2.58
17  2026-01-23 12:55:06       0m 30s  ...                0.76         0.02
18  2026-01-23 12:55:36       0m 33s  ...               23.22         0.57
19  2026-01-23 12:56:10       0m 39s  ...               62.76         1.72
20  2026-01-23 12:56:49       0m 30s  ...                1.10         0.03
21  2026-01-23 12:57:20       0m 33s  ...               19.31         0.52
22  2026-01-23 12:57:54       0m 36s  ...               42.05         1.16
23  2026-01-23 12:58:30       0m 28s  ...                6.56         0.18
24  2026-01-23 12:58:59       0m 29s  ...                1.51         0.04
25  2026-01-23 12:59:28       0m 31s  ...                8.51         0.22
26  2026-01-23 13:00:00       0m 33s  ...               12.12         0.31
27  2026-01-23 13:00:33       0m 34s  ...               32.69         0.79
28  2026-01-23 13:01:08       0m 31s  ...                2.15         0.06
29  2026-01-23 13:01:39       0m 31s  ...                2.94         0.07
30  2026-01-23 13:02:11       0m 32s  ...               12.91         0.30
31  2026-01-23 13:02:43       0m 31s  ...               42.77         1.19
32  2026-01-23 13:03:15       0m 38s  ...               65.54         1.89
33  2026-01-23 13:03:53       0m 31s  ...               10.11         0.24
34  2026-01-23 13:04:25       0m 31s  ...                4.05         0.11
35  2026-01-23 13:04:56       0m 31s  ...                1.89         0.05
36  2026-01-23 13:05:28       0m 31s  ...                5.54         0.15
37  2026-01-23 13:05:59       0m 30s  ...                0.46         0.01
38  2026-01-23 13:06:30       0m 29s  ...                1.59         0.04
39  2026-01-23 13:06:59       0m 36s  ...               43.85         1.03
40  2026-01-23 13:07:36       0m 38s  ...               61.84         1.56
41  2026-01-23 13:08:15       0m 38s  ...               46.89         1.19
42  2026-01-23 13:08:53       0m 43s  ...               80.70         2.32

[43 rows x 24 columns]
[2026-01-23 13:11:13,089] - [root] - [INFO] - Analysis finished: 0m 31s
[2026-01-23 13:11:13,089] - [root] - [INFO] - -------------------------------------------
[2026-01-23 13:11:13,089] - [root] - [INFO] - -------------------------------------------
[2026-01-23 13:11:13,089] - [root] - [INFO] - Processing 1-22-2026 5dpi 121-W2021009-185_R1.png
[2026-01-23 13:11:33,131] - [root] - [INFO] - Finished loading mask: 0m 20s
[2026-01-23 13:11:42,570] - [root] - [INFO] - Finished crop and inference: 0m 29s
[2026-01-23 13:11:44,237] - [root] - [INFO] - Analysis finished: 0m 31s
[2026-01-23 13:11:44,237] - [root] - [INFO] - -------------------------------------------
[2026-01-23 13:11:44,237] - [root] - [INFO] - -------------------------------------------
[2026-01-23 13:11:44,237] - [root] - [INFO] - Processing 1-22-2026 5dpi 123-W2021009-255_R2.png
[2026-01-23 13:12:04,180] - [root] - [INFO] - Finished loading mask: 0m 19s
[2026-01-23 13:12:15,097] - [root] - [INFO] - Finished crop and inference: 0m 30s
              timestamp time_elapsed  ... severity_rate_patch Gradient_sr2
0   2026-01-23 12:45:31       0m 31s  ...                1.74         0.04
1   2026-01-23 12:46:03       0m 29s  ...                4.36         0.11
2   2026-01-23 12:46:33       0m 31s  ...                0.85         0.02
3   2026-01-23 12:47:05       0m 35s  ...               25.47         0.67
4   2026-01-23 12:47:40       0m 35s  ...               37.39         0.99
5   2026-01-23 12:48:15       0m 31s  ...                0.45         0.01
6   2026-01-23 12:48:47       0m 35s  ...               38.62         0.91
7   2026-01-23 12:49:23       0m 34s  ...               19.86         0.56
8   2026-01-23 12:49:58       0m 34s  ...               39.61         1.05
9   2026-01-23 12:50:32       0m 30s  ...                1.79         0.05
10  2026-01-23 12:51:02       0m 30s  ...                2.79         0.07
11  2026-01-23 12:51:33       0m 33s  ...               20.77         0.49
12  2026-01-23 12:52:06       0m 32s  ...               20.60         0.51
13  2026-01-23 12:52:39       0m 32s  ...               15.28         0.35
14  2026-01-23 12:53:11       0m 35s  ...               30.18         0.79
15  2026-01-23 12:53:47       0m 34s  ...               19.25         0.48
16  2026-01-23 12:54:22       0m 43s  ...               85.84         2.58
17  2026-01-23 12:55:06       0m 30s  ...                0.76         0.02
18  2026-01-23 12:55:36       0m 33s  ...               23.22         0.57
19  2026-01-23 12:56:10       0m 39s  ...               62.76         1.72
20  2026-01-23 12:56:49       0m 30s  ...                1.10         0.03
21  2026-01-23 12:57:20       0m 33s  ...               19.31         0.52
22  2026-01-23 12:57:54       0m 36s  ...               42.05         1.16
23  2026-01-23 12:58:30       0m 28s  ...                6.56         0.18
24  2026-01-23 12:58:59       0m 29s  ...                1.51         0.04
25  2026-01-23 12:59:28       0m 31s  ...                8.51         0.22
26  2026-01-23 13:00:00       0m 33s  ...               12.12         0.31
27  2026-01-23 13:00:33       0m 34s  ...               32.69         0.79
28  2026-01-23 13:01:08       0m 31s  ...                2.15         0.06
29  2026-01-23 13:01:39       0m 31s  ...                2.94         0.07
30  2026-01-23 13:02:11       0m 32s  ...               12.91         0.30
31  2026-01-23 13:02:43       0m 31s  ...               42.77         1.19
32  2026-01-23 13:03:15       0m 38s  ...               65.54         1.89
33  2026-01-23 13:03:53       0m 31s  ...               10.11         0.24
34  2026-01-23 13:04:25       0m 31s  ...                4.05         0.11
35  2026-01-23 13:04:56       0m 31s  ...                1.89         0.05
36  2026-01-23 13:05:28       0m 31s  ...                5.54         0.15
37  2026-01-23 13:05:59       0m 30s  ...                0.46         0.01
38  2026-01-23 13:06:30       0m 29s  ...                1.59         0.04
39  2026-01-23 13:06:59       0m 36s  ...               43.85         1.03
40  2026-01-23 13:07:36       0m 38s  ...               61.84         1.56
41  2026-01-23 13:08:15       0m 38s  ...               46.89         1.19
42  2026-01-23 13:08:53       0m 43s  ...               80.70         2.32
43  2026-01-23 13:09:37       0m 30s  ...                2.90         0.07

[44 rows x 24 columns]
              timestamp time_elapsed  ... severity_rate_patch Gradient_sr2
0   2026-01-23 12:45:31       0m 31s  ...                1.74         0.04
1   2026-01-23 12:46:03       0m 29s  ...                4.36         0.11
2   2026-01-23 12:46:33       0m 31s  ...                0.85         0.02
3   2026-01-23 12:47:05       0m 35s  ...               25.47         0.67
4   2026-01-23 12:47:40       0m 35s  ...               37.39         0.99
5   2026-01-23 12:48:15       0m 31s  ...                0.45         0.01
6   2026-01-23 12:48:47       0m 35s  ...               38.62         0.91
7   2026-01-23 12:49:23       0m 34s  ...               19.86         0.56
8   2026-01-23 12:49:58       0m 34s  ...               39.61         1.05
9   2026-01-23 12:50:32       0m 30s  ...                1.79         0.05
10  2026-01-23 12:51:02       0m 30s  ...                2.79         0.07
11  2026-01-23 12:51:33       0m 33s  ...               20.77         0.49
12  2026-01-23 12:52:06       0m 32s  ...               20.60         0.51
13  2026-01-23 12:52:39       0m 32s  ...               15.28         0.35
14  2026-01-23 12:53:11       0m 35s  ...               30.18         0.79
15  2026-01-23 12:53:47       0m 34s  ...               19.25         0.48
16  2026-01-23 12:54:22       0m 43s  ...               85.84         2.58
17  2026-01-23 12:55:06       0m 30s  ...                0.76         0.02
18  2026-01-23 12:55:36       0m 33s  ...               23.22         0.57
19  2026-01-23 12:56:10       0m 39s  ...               62.76         1.72
20  2026-01-23 12:56:49       0m 30s  ...                1.10         0.03
21  2026-01-23 12:57:20       0m 33s  ...               19.31         0.52
22  2026-01-23 12:57:54       0m 36s  ...               42.05         1.16
23  2026-01-23 12:58:30       0m 28s  ...                6.56         0.18
24  2026-01-23 12:58:59       0m 29s  ...                1.51         0.04
25  2026-01-23 12:59:28       0m 31s  ...                8.51         0.22
26  2026-01-23 13:00:00       0m 33s  ...               12.12         0.31
27  2026-01-23 13:00:33       0m 34s  ...               32.69         0.79
28  2026-01-23 13:01:08       0m 31s  ...                2.15         0.06
29  2026-01-23 13:01:39       0m 31s  ...                2.94         0.07
30  2026-01-23 13:02:11       0m 32s  ...               12.91         0.30
31  2026-01-23 13:02:43       0m 31s  ...               42.77         1.19
32  2026-01-23 13:03:15       0m 38s  ...               65.54         1.89
33  2026-01-23 13:03:53       0m 31s  ...               10.11         0.24
34  2026-01-23 13:04:25       0m 31s  ...                4.05         0.11
35  2026-01-23 13:04:56       0m 31s  ...                1.89         0.05
36  2026-01-23 13:05:28       0m 31s  ...                5.54         0.15
37  2026-01-23 13:05:59       0m 30s  ...                0.46         0.01
38  2026-01-23 13:06:30       0m 29s  ...                1.59         0.04
39  2026-01-23 13:06:59       0m 36s  ...               43.85         1.03
40  2026-01-23 13:07:36       0m 38s  ...               61.84         1.56
41  2026-01-23 13:08:15       0m 38s  ...               46.89         1.19
42  2026-01-23 13:08:53       0m 43s  ...               80.70         2.32
43  2026-01-23 13:09:37       0m 30s  ...                2.90         0.07
44  2026-01-23 13:10:08       0m 32s  ...               11.56         0.29

[45 rows x 24 columns]
[2026-01-23 13:12:16,751] - [root] - [INFO] - Analysis finished: 0m 32s
[2026-01-23 13:12:16,751] - [root] - [INFO] - -------------------------------------------
[2026-01-23 13:12:16,751] - [root] - [INFO] - -------------------------------------------
[2026-01-23 13:12:16,751] - [root] - [INFO] - Processing 1-22-2026 5dpi 123-W2021009-621_R2.png
[2026-01-23 13:12:36,627] - [root] - [INFO] - Finished loading mask: 0m 19s
[2026-01-23 13:12:46,481] - [root] - [INFO] - Finished crop and inference: 0m 29s
[2026-01-23 13:12:48,200] - [root] - [INFO] - Analysis finished: 0m 31s
[2026-01-23 13:12:48,200] - [root] - [INFO] - -------------------------------------------
[2026-01-23 13:12:48,200] - [root] - [INFO] - -------------------------------------------
[2026-01-23 13:12:48,200] - [root] - [INFO] - Processing 1-22-2026 5dpi 127-W2021006-143_R2.png
[2026-01-23 13:13:08,446] - [root] - [INFO] - Finished loading mask: 0m 20s
[2026-01-23 13:13:17,292] - [root] - [INFO] - Finished crop and inference: 0m 29s
              timestamp time_elapsed  ... severity_rate_patch Gradient_sr2
0   2026-01-23 12:45:31       0m 31s  ...                1.74         0.04
1   2026-01-23 12:46:03       0m 29s  ...                4.36         0.11
2   2026-01-23 12:46:33       0m 31s  ...                0.85         0.02
3   2026-01-23 12:47:05       0m 35s  ...               25.47         0.67
4   2026-01-23 12:47:40       0m 35s  ...               37.39         0.99
5   2026-01-23 12:48:15       0m 31s  ...                0.45         0.01
6   2026-01-23 12:48:47       0m 35s  ...               38.62         0.91
7   2026-01-23 12:49:23       0m 34s  ...               19.86         0.56
8   2026-01-23 12:49:58       0m 34s  ...               39.61         1.05
9   2026-01-23 12:50:32       0m 30s  ...                1.79         0.05
10  2026-01-23 12:51:02       0m 30s  ...                2.79         0.07
11  2026-01-23 12:51:33       0m 33s  ...               20.77         0.49
12  2026-01-23 12:52:06       0m 32s  ...               20.60         0.51
13  2026-01-23 12:52:39       0m 32s  ...               15.28         0.35
14  2026-01-23 12:53:11       0m 35s  ...               30.18         0.79
15  2026-01-23 12:53:47       0m 34s  ...               19.25         0.48
16  2026-01-23 12:54:22       0m 43s  ...               85.84         2.58
17  2026-01-23 12:55:06       0m 30s  ...                0.76         0.02
18  2026-01-23 12:55:36       0m 33s  ...               23.22         0.57
19  2026-01-23 12:56:10       0m 39s  ...               62.76         1.72
20  2026-01-23 12:56:49       0m 30s  ...                1.10         0.03
21  2026-01-23 12:57:20       0m 33s  ...               19.31         0.52
22  2026-01-23 12:57:54       0m 36s  ...               42.05         1.16
23  2026-01-23 12:58:30       0m 28s  ...                6.56         0.18
24  2026-01-23 12:58:59       0m 29s  ...                1.51         0.04
25  2026-01-23 12:59:28       0m 31s  ...                8.51         0.22
26  2026-01-23 13:00:00       0m 33s  ...               12.12         0.31
27  2026-01-23 13:00:33       0m 34s  ...               32.69         0.79
28  2026-01-23 13:01:08       0m 31s  ...                2.15         0.06
29  2026-01-23 13:01:39       0m 31s  ...                2.94         0.07
30  2026-01-23 13:02:11       0m 32s  ...               12.91         0.30
31  2026-01-23 13:02:43       0m 31s  ...               42.77         1.19
32  2026-01-23 13:03:15       0m 38s  ...               65.54         1.89
33  2026-01-23 13:03:53       0m 31s  ...               10.11         0.24
34  2026-01-23 13:04:25       0m 31s  ...                4.05         0.11
35  2026-01-23 13:04:56       0m 31s  ...                1.89         0.05
36  2026-01-23 13:05:28       0m 31s  ...                5.54         0.15
37  2026-01-23 13:05:59       0m 30s  ...                0.46         0.01
38  2026-01-23 13:06:30       0m 29s  ...                1.59         0.04
39  2026-01-23 13:06:59       0m 36s  ...               43.85         1.03
40  2026-01-23 13:07:36       0m 38s  ...               61.84         1.56
41  2026-01-23 13:08:15       0m 38s  ...               46.89         1.19
42  2026-01-23 13:08:53       0m 43s  ...               80.70         2.32
43  2026-01-23 13:09:37       0m 30s  ...                2.90         0.07
44  2026-01-23 13:10:08       0m 32s  ...               11.56         0.29
45  2026-01-23 13:10:41       0m 31s  ...                4.11         0.11

[46 rows x 24 columns]
              timestamp time_elapsed  ... severity_rate_patch Gradient_sr2
0   2026-01-23 12:45:31       0m 31s  ...                1.74         0.04
1   2026-01-23 12:46:03       0m 29s  ...                4.36         0.11
2   2026-01-23 12:46:33       0m 31s  ...                0.85         0.02
3   2026-01-23 12:47:05       0m 35s  ...               25.47         0.67
4   2026-01-23 12:47:40       0m 35s  ...               37.39         0.99
5   2026-01-23 12:48:15       0m 31s  ...                0.45         0.01
6   2026-01-23 12:48:47       0m 35s  ...               38.62         0.91
7   2026-01-23 12:49:23       0m 34s  ...               19.86         0.56
8   2026-01-23 12:49:58       0m 34s  ...               39.61         1.05
9   2026-01-23 12:50:32       0m 30s  ...                1.79         0.05
10  2026-01-23 12:51:02       0m 30s  ...                2.79         0.07
11  2026-01-23 12:51:33       0m 33s  ...               20.77         0.49
12  2026-01-23 12:52:06       0m 32s  ...               20.60         0.51
13  2026-01-23 12:52:39       0m 32s  ...               15.28         0.35
14  2026-01-23 12:53:11       0m 35s  ...               30.18         0.79
15  2026-01-23 12:53:47       0m 34s  ...               19.25         0.48
16  2026-01-23 12:54:22       0m 43s  ...               85.84         2.58
17  2026-01-23 12:55:06       0m 30s  ...                0.76         0.02
18  2026-01-23 12:55:36       0m 33s  ...               23.22         0.57
19  2026-01-23 12:56:10       0m 39s  ...               62.76         1.72
20  2026-01-23 12:56:49       0m 30s  ...                1.10         0.03
21  2026-01-23 12:57:20       0m 33s  ...               19.31         0.52
22  2026-01-23 12:57:54       0m 36s  ...               42.05         1.16
23  2026-01-23 12:58:30       0m 28s  ...                6.56         0.18
24  2026-01-23 12:58:59       0m 29s  ...                1.51         0.04
25  2026-01-23 12:59:28       0m 31s  ...                8.51         0.22
26  2026-01-23 13:00:00       0m 33s  ...               12.12         0.31
27  2026-01-23 13:00:33       0m 34s  ...               32.69         0.79
28  2026-01-23 13:01:08       0m 31s  ...                2.15         0.06
29  2026-01-23 13:01:39       0m 31s  ...                2.94         0.07
30  2026-01-23 13:02:11       0m 32s  ...               12.91         0.30
31  2026-01-23 13:02:43       0m 31s  ...               42.77         1.19
32  2026-01-23 13:03:15       0m 38s  ...               65.54         1.89
33  2026-01-23 13:03:53       0m 31s  ...               10.11         0.24
34  2026-01-23 13:04:25       0m 31s  ...                4.05         0.11
35  2026-01-23 13:04:56       0m 31s  ...                1.89         0.05
36  2026-01-23 13:05:28       0m 31s  ...                5.54         0.15
37  2026-01-23 13:05:59       0m 30s  ...                0.46         0.01
38  2026-01-23 13:06:30       0m 29s  ...                1.59         0.04
39  2026-01-23 13:06:59       0m 36s  ...               43.85         1.03
40  2026-01-23 13:07:36       0m 38s  ...               61.84         1.56
41  2026-01-23 13:08:15       0m 38s  ...               46.89         1.19
42  2026-01-23 13:08:53       0m 43s  ...               80.70         2.32
43  2026-01-23 13:09:37       0m 30s  ...                2.90         0.07
44  2026-01-23 13:10:08       0m 32s  ...               11.56         0.29
45  2026-01-23 13:10:41       0m 31s  ...                4.11         0.11
46  2026-01-23 13:11:13       0m 31s  ...               11.45         0.30

[47 rows x 24 columns]
[2026-01-23 13:13:18,965] - [root] - [INFO] - Analysis finished: 0m 30s
[2026-01-23 13:13:18,965] - [root] - [INFO] - -------------------------------------------
[2026-01-23 13:13:18,965] - [root] - [INFO] - -------------------------------------------
[2026-01-23 13:13:18,965] - [root] - [INFO] - Processing 1-22-2026 5dpi 127-W2021009-292_R2.png
[2026-01-23 13:13:39,092] - [root] - [INFO] - Finished loading mask: 0m 20s
[2026-01-23 13:14:00,784] - [root] - [INFO] - Finished crop and inference: 0m 41s
[2026-01-23 13:14:02,414] - [root] - [INFO] - Analysis finished: 0m 43s
[2026-01-23 13:14:02,414] - [root] - [INFO] - -------------------------------------------
[2026-01-23 13:14:02,414] - [root] - [INFO] - -------------------------------------------
[2026-01-23 13:14:02,414] - [root] - [INFO] - Processing 1-22-2026 5dpi 128-W2021006-013_R1.png
[2026-01-23 13:14:22,498] - [root] - [INFO] - Finished loading mask: 0m 20s
[2026-01-23 13:14:40,491] - [root] - [INFO] - Finished crop and inference: 0m 38s
              timestamp time_elapsed  ... severity_rate_patch Gradient_sr2
0   2026-01-23 12:45:31       0m 31s  ...                1.74         0.04
1   2026-01-23 12:46:03       0m 29s  ...                4.36         0.11
2   2026-01-23 12:46:33       0m 31s  ...                0.85         0.02
3   2026-01-23 12:47:05       0m 35s  ...               25.47         0.67
4   2026-01-23 12:47:40       0m 35s  ...               37.39         0.99
5   2026-01-23 12:48:15       0m 31s  ...                0.45         0.01
6   2026-01-23 12:48:47       0m 35s  ...               38.62         0.91
7   2026-01-23 12:49:23       0m 34s  ...               19.86         0.56
8   2026-01-23 12:49:58       0m 34s  ...               39.61         1.05
9   2026-01-23 12:50:32       0m 30s  ...                1.79         0.05
10  2026-01-23 12:51:02       0m 30s  ...                2.79         0.07
11  2026-01-23 12:51:33       0m 33s  ...               20.77         0.49
12  2026-01-23 12:52:06       0m 32s  ...               20.60         0.51
13  2026-01-23 12:52:39       0m 32s  ...               15.28         0.35
14  2026-01-23 12:53:11       0m 35s  ...               30.18         0.79
15  2026-01-23 12:53:47       0m 34s  ...               19.25         0.48
16  2026-01-23 12:54:22       0m 43s  ...               85.84         2.58
17  2026-01-23 12:55:06       0m 30s  ...                0.76         0.02
18  2026-01-23 12:55:36       0m 33s  ...               23.22         0.57
19  2026-01-23 12:56:10       0m 39s  ...               62.76         1.72
20  2026-01-23 12:56:49       0m 30s  ...                1.10         0.03
21  2026-01-23 12:57:20       0m 33s  ...               19.31         0.52
22  2026-01-23 12:57:54       0m 36s  ...               42.05         1.16
23  2026-01-23 12:58:30       0m 28s  ...                6.56         0.18
24  2026-01-23 12:58:59       0m 29s  ...                1.51         0.04
25  2026-01-23 12:59:28       0m 31s  ...                8.51         0.22
26  2026-01-23 13:00:00       0m 33s  ...               12.12         0.31
27  2026-01-23 13:00:33       0m 34s  ...               32.69         0.79
28  2026-01-23 13:01:08       0m 31s  ...                2.15         0.06
29  2026-01-23 13:01:39       0m 31s  ...                2.94         0.07
30  2026-01-23 13:02:11       0m 32s  ...               12.91         0.30
31  2026-01-23 13:02:43       0m 31s  ...               42.77         1.19
32  2026-01-23 13:03:15       0m 38s  ...               65.54         1.89
33  2026-01-23 13:03:53       0m 31s  ...               10.11         0.24
34  2026-01-23 13:04:25       0m 31s  ...                4.05         0.11
35  2026-01-23 13:04:56       0m 31s  ...                1.89         0.05
36  2026-01-23 13:05:28       0m 31s  ...                5.54         0.15
37  2026-01-23 13:05:59       0m 30s  ...                0.46         0.01
38  2026-01-23 13:06:30       0m 29s  ...                1.59         0.04
39  2026-01-23 13:06:59       0m 36s  ...               43.85         1.03
40  2026-01-23 13:07:36       0m 38s  ...               61.84         1.56
41  2026-01-23 13:08:15       0m 38s  ...               46.89         1.19
42  2026-01-23 13:08:53       0m 43s  ...               80.70         2.32
43  2026-01-23 13:09:37       0m 30s  ...                2.90         0.07
44  2026-01-23 13:10:08       0m 32s  ...               11.56         0.29
45  2026-01-23 13:10:41       0m 31s  ...                4.11         0.11
46  2026-01-23 13:11:13       0m 31s  ...               11.45         0.30
47  2026-01-23 13:11:44       0m 32s  ...               11.80         0.25

[48 rows x 24 columns]
              timestamp time_elapsed  ... severity_rate_patch Gradient_sr2
0   2026-01-23 12:45:31       0m 31s  ...                1.74         0.04
1   2026-01-23 12:46:03       0m 29s  ...                4.36         0.11
2   2026-01-23 12:46:33       0m 31s  ...                0.85         0.02
3   2026-01-23 12:47:05       0m 35s  ...               25.47         0.67
4   2026-01-23 12:47:40       0m 35s  ...               37.39         0.99
5   2026-01-23 12:48:15       0m 31s  ...                0.45         0.01
6   2026-01-23 12:48:47       0m 35s  ...               38.62         0.91
7   2026-01-23 12:49:23       0m 34s  ...               19.86         0.56
8   2026-01-23 12:49:58       0m 34s  ...               39.61         1.05
9   2026-01-23 12:50:32       0m 30s  ...                1.79         0.05
10  2026-01-23 12:51:02       0m 30s  ...                2.79         0.07
11  2026-01-23 12:51:33       0m 33s  ...               20.77         0.49
12  2026-01-23 12:52:06       0m 32s  ...               20.60         0.51
13  2026-01-23 12:52:39       0m 32s  ...               15.28         0.35
14  2026-01-23 12:53:11       0m 35s  ...               30.18         0.79
15  2026-01-23 12:53:47       0m 34s  ...               19.25         0.48
16  2026-01-23 12:54:22       0m 43s  ...               85.84         2.58
17  2026-01-23 12:55:06       0m 30s  ...                0.76         0.02
18  2026-01-23 12:55:36       0m 33s  ...               23.22         0.57
19  2026-01-23 12:56:10       0m 39s  ...               62.76         1.72
20  2026-01-23 12:56:49       0m 30s  ...                1.10         0.03
21  2026-01-23 12:57:20       0m 33s  ...               19.31         0.52
22  2026-01-23 12:57:54       0m 36s  ...               42.05         1.16
23  2026-01-23 12:58:30       0m 28s  ...                6.56         0.18
24  2026-01-23 12:58:59       0m 29s  ...                1.51         0.04
25  2026-01-23 12:59:28       0m 31s  ...                8.51         0.22
26  2026-01-23 13:00:00       0m 33s  ...               12.12         0.31
27  2026-01-23 13:00:33       0m 34s  ...               32.69         0.79
28  2026-01-23 13:01:08       0m 31s  ...                2.15         0.06
29  2026-01-23 13:01:39       0m 31s  ...                2.94         0.07
30  2026-01-23 13:02:11       0m 32s  ...               12.91         0.30
31  2026-01-23 13:02:43       0m 31s  ...               42.77         1.19
32  2026-01-23 13:03:15       0m 38s  ...               65.54         1.89
33  2026-01-23 13:03:53       0m 31s  ...               10.11         0.24
34  2026-01-23 13:04:25       0m 31s  ...                4.05         0.11
35  2026-01-23 13:04:56       0m 31s  ...                1.89         0.05
36  2026-01-23 13:05:28       0m 31s  ...                5.54         0.15
37  2026-01-23 13:05:59       0m 30s  ...                0.46         0.01
38  2026-01-23 13:06:30       0m 29s  ...                1.59         0.04
39  2026-01-23 13:06:59       0m 36s  ...               43.85         1.03
40  2026-01-23 13:07:36       0m 38s  ...               61.84         1.56
41  2026-01-23 13:08:15       0m 38s  ...               46.89         1.19
42  2026-01-23 13:08:53       0m 43s  ...               80.70         2.32
43  2026-01-23 13:09:37       0m 30s  ...                2.90         0.07
44  2026-01-23 13:10:08       0m 32s  ...               11.56         0.29
45  2026-01-23 13:10:41       0m 31s  ...                4.11         0.11
46  2026-01-23 13:11:13       0m 31s  ...               11.45         0.30
47  2026-01-23 13:11:44       0m 32s  ...               11.80         0.25
48  2026-01-23 13:12:16       0m 31s  ...                6.42         0.18

[49 rows x 24 columns]
[2026-01-23 13:14:42,139] - [root] - [INFO] - Analysis finished: 0m 39s
[2026-01-23 13:14:42,139] - [root] - [INFO] - -------------------------------------------
[2026-01-23 13:14:42,139] - [root] - [INFO] - -------------------------------------------
[2026-01-23 13:14:42,139] - [root] - [INFO] - Processing 1-22-2026 5dpi 129-W2021006-119_R2.png
[2026-01-23 13:15:02,066] - [root] - [INFO] - Finished loading mask: 0m 19s
[2026-01-23 13:15:12,673] - [root] - [INFO] - Finished crop and inference: 0m 30s
[2026-01-23 13:15:14,289] - [root] - [INFO] - Analysis finished: 0m 32s
[2026-01-23 13:15:14,289] - [root] - [INFO] - -------------------------------------------
[2026-01-23 13:15:14,289] - [root] - [INFO] - -------------------------------------------
[2026-01-23 13:15:14,289] - [root] - [INFO] - Processing 1-22-2026 5dpi 132-W2021010-399_R1.png
[2026-01-23 13:15:34,064] - [root] - [INFO] - Finished loading mask: 0m 19s
[2026-01-23 13:15:43,534] - [root] - [INFO] - Finished crop and inference: 0m 29s
              timestamp time_elapsed  ... severity_rate_patch Gradient_sr2
0   2026-01-23 12:45:31       0m 31s  ...                1.74         0.04
1   2026-01-23 12:46:03       0m 29s  ...                4.36         0.11
2   2026-01-23 12:46:33       0m 31s  ...                0.85         0.02
3   2026-01-23 12:47:05       0m 35s  ...               25.47         0.67
4   2026-01-23 12:47:40       0m 35s  ...               37.39         0.99
5   2026-01-23 12:48:15       0m 31s  ...                0.45         0.01
6   2026-01-23 12:48:47       0m 35s  ...               38.62         0.91
7   2026-01-23 12:49:23       0m 34s  ...               19.86         0.56
8   2026-01-23 12:49:58       0m 34s  ...               39.61         1.05
9   2026-01-23 12:50:32       0m 30s  ...                1.79         0.05
10  2026-01-23 12:51:02       0m 30s  ...                2.79         0.07
11  2026-01-23 12:51:33       0m 33s  ...               20.77         0.49
12  2026-01-23 12:52:06       0m 32s  ...               20.60         0.51
13  2026-01-23 12:52:39       0m 32s  ...               15.28         0.35
14  2026-01-23 12:53:11       0m 35s  ...               30.18         0.79
15  2026-01-23 12:53:47       0m 34s  ...               19.25         0.48
16  2026-01-23 12:54:22       0m 43s  ...               85.84         2.58
17  2026-01-23 12:55:06       0m 30s  ...                0.76         0.02
18  2026-01-23 12:55:36       0m 33s  ...               23.22         0.57
19  2026-01-23 12:56:10       0m 39s  ...               62.76         1.72
20  2026-01-23 12:56:49       0m 30s  ...                1.10         0.03
21  2026-01-23 12:57:20       0m 33s  ...               19.31         0.52
22  2026-01-23 12:57:54       0m 36s  ...               42.05         1.16
23  2026-01-23 12:58:30       0m 28s  ...                6.56         0.18
24  2026-01-23 12:58:59       0m 29s  ...                1.51         0.04
25  2026-01-23 12:59:28       0m 31s  ...                8.51         0.22
26  2026-01-23 13:00:00       0m 33s  ...               12.12         0.31
27  2026-01-23 13:00:33       0m 34s  ...               32.69         0.79
28  2026-01-23 13:01:08       0m 31s  ...                2.15         0.06
29  2026-01-23 13:01:39       0m 31s  ...                2.94         0.07
30  2026-01-23 13:02:11       0m 32s  ...               12.91         0.30
31  2026-01-23 13:02:43       0m 31s  ...               42.77         1.19
32  2026-01-23 13:03:15       0m 38s  ...               65.54         1.89
33  2026-01-23 13:03:53       0m 31s  ...               10.11         0.24
34  2026-01-23 13:04:25       0m 31s  ...                4.05         0.11
35  2026-01-23 13:04:56       0m 31s  ...                1.89         0.05
36  2026-01-23 13:05:28       0m 31s  ...                5.54         0.15
37  2026-01-23 13:05:59       0m 30s  ...                0.46         0.01
38  2026-01-23 13:06:30       0m 29s  ...                1.59         0.04
39  2026-01-23 13:06:59       0m 36s  ...               43.85         1.03
40  2026-01-23 13:07:36       0m 38s  ...               61.84         1.56
41  2026-01-23 13:08:15       0m 38s  ...               46.89         1.19
42  2026-01-23 13:08:53       0m 43s  ...               80.70         2.32
43  2026-01-23 13:09:37       0m 30s  ...                2.90         0.07
44  2026-01-23 13:10:08       0m 32s  ...               11.56         0.29
45  2026-01-23 13:10:41       0m 31s  ...                4.11         0.11
46  2026-01-23 13:11:13       0m 31s  ...               11.45         0.30
47  2026-01-23 13:11:44       0m 32s  ...               11.80         0.25
48  2026-01-23 13:12:16       0m 31s  ...                6.42         0.18
49  2026-01-23 13:12:48       0m 30s  ...                0.78         0.02

[50 rows x 24 columns]
              timestamp time_elapsed  ... severity_rate_patch Gradient_sr2
0   2026-01-23 12:45:31       0m 31s  ...                1.74         0.04
1   2026-01-23 12:46:03       0m 29s  ...                4.36         0.11
2   2026-01-23 12:46:33       0m 31s  ...                0.85         0.02
3   2026-01-23 12:47:05       0m 35s  ...               25.47         0.67
4   2026-01-23 12:47:40       0m 35s  ...               37.39         0.99
5   2026-01-23 12:48:15       0m 31s  ...                0.45         0.01
6   2026-01-23 12:48:47       0m 35s  ...               38.62         0.91
7   2026-01-23 12:49:23       0m 34s  ...               19.86         0.56
8   2026-01-23 12:49:58       0m 34s  ...               39.61         1.05
9   2026-01-23 12:50:32       0m 30s  ...                1.79         0.05
10  2026-01-23 12:51:02       0m 30s  ...                2.79         0.07
11  2026-01-23 12:51:33       0m 33s  ...               20.77         0.49
12  2026-01-23 12:52:06       0m 32s  ...               20.60         0.51
13  2026-01-23 12:52:39       0m 32s  ...               15.28         0.35
14  2026-01-23 12:53:11       0m 35s  ...               30.18         0.79
15  2026-01-23 12:53:47       0m 34s  ...               19.25         0.48
16  2026-01-23 12:54:22       0m 43s  ...               85.84         2.58
17  2026-01-23 12:55:06       0m 30s  ...                0.76         0.02
18  2026-01-23 12:55:36       0m 33s  ...               23.22         0.57
19  2026-01-23 12:56:10       0m 39s  ...               62.76         1.72
20  2026-01-23 12:56:49       0m 30s  ...                1.10         0.03
21  2026-01-23 12:57:20       0m 33s  ...               19.31         0.52
22  2026-01-23 12:57:54       0m 36s  ...               42.05         1.16
23  2026-01-23 12:58:30       0m 28s  ...                6.56         0.18
24  2026-01-23 12:58:59       0m 29s  ...                1.51         0.04
25  2026-01-23 12:59:28       0m 31s  ...                8.51         0.22
26  2026-01-23 13:00:00       0m 33s  ...               12.12         0.31
27  2026-01-23 13:00:33       0m 34s  ...               32.69         0.79
28  2026-01-23 13:01:08       0m 31s  ...                2.15         0.06
29  2026-01-23 13:01:39       0m 31s  ...                2.94         0.07
30  2026-01-23 13:02:11       0m 32s  ...               12.91         0.30
31  2026-01-23 13:02:43       0m 31s  ...               42.77         1.19
32  2026-01-23 13:03:15       0m 38s  ...               65.54         1.89
33  2026-01-23 13:03:53       0m 31s  ...               10.11         0.24
34  2026-01-23 13:04:25       0m 31s  ...                4.05         0.11
35  2026-01-23 13:04:56       0m 31s  ...                1.89         0.05
36  2026-01-23 13:05:28       0m 31s  ...                5.54         0.15
37  2026-01-23 13:05:59       0m 30s  ...                0.46         0.01
38  2026-01-23 13:06:30       0m 29s  ...                1.59         0.04
39  2026-01-23 13:06:59       0m 36s  ...               43.85         1.03
40  2026-01-23 13:07:36       0m 38s  ...               61.84         1.56
41  2026-01-23 13:08:15       0m 38s  ...               46.89         1.19
42  2026-01-23 13:08:53       0m 43s  ...               80.70         2.32
43  2026-01-23 13:09:37       0m 30s  ...                2.90         0.07
44  2026-01-23 13:10:08       0m 32s  ...               11.56         0.29
45  2026-01-23 13:10:41       0m 31s  ...                4.11         0.11
46  2026-01-23 13:11:13       0m 31s  ...               11.45         0.30
47  2026-01-23 13:11:44       0m 32s  ...               11.80         0.25
48  2026-01-23 13:12:16       0m 31s  ...                6.42         0.18
49  2026-01-23 13:12:48       0m 30s  ...                0.78         0.02
50  2026-01-23 13:13:18       0m 43s  ...               83.75         2.58

[51 rows x 24 columns]
[2026-01-23 13:15:45,295] - [root] - [INFO] - Analysis finished: 0m 31s
[2026-01-23 13:15:45,295] - [root] - [INFO] - -------------------------------------------
[2026-01-23 13:15:45,295] - [root] - [INFO] - -------------------------------------------
[2026-01-23 13:15:45,295] - [root] - [INFO] - Processing 1-22-2026 5dpi 132-W2021011-644_R2.png
[2026-01-23 13:16:05,651] - [root] - [INFO] - Finished loading mask: 0m 20s
[2026-01-23 13:16:17,003] - [root] - [INFO] - Finished crop and inference: 0m 31s
              timestamp time_elapsed  ... severity_rate_patch Gradient_sr2
0   2026-01-23 12:45:31       0m 31s  ...                1.74         0.04
1   2026-01-23 12:46:03       0m 29s  ...                4.36         0.11
2   2026-01-23 12:46:33       0m 31s  ...                0.85         0.02
3   2026-01-23 12:47:05       0m 35s  ...               25.47         0.67
4   2026-01-23 12:47:40       0m 35s  ...               37.39         0.99
5   2026-01-23 12:48:15       0m 31s  ...                0.45         0.01
6   2026-01-23 12:48:47       0m 35s  ...               38.62         0.91
7   2026-01-23 12:49:23       0m 34s  ...               19.86         0.56
8   2026-01-23 12:49:58       0m 34s  ...               39.61         1.05
9   2026-01-23 12:50:32       0m 30s  ...                1.79         0.05
10  2026-01-23 12:51:02       0m 30s  ...                2.79         0.07
11  2026-01-23 12:51:33       0m 33s  ...               20.77         0.49
12  2026-01-23 12:52:06       0m 32s  ...               20.60         0.51
13  2026-01-23 12:52:39       0m 32s  ...               15.28         0.35
14  2026-01-23 12:53:11       0m 35s  ...               30.18         0.79
15  2026-01-23 12:53:47       0m 34s  ...               19.25         0.48
16  2026-01-23 12:54:22       0m 43s  ...               85.84         2.58
17  2026-01-23 12:55:06       0m 30s  ...                0.76         0.02
18  2026-01-23 12:55:36       0m 33s  ...               23.22         0.57
19  2026-01-23 12:56:10       0m 39s  ...               62.76         1.72
20  2026-01-23 12:56:49       0m 30s  ...                1.10         0.03
21  2026-01-23 12:57:20       0m 33s  ...               19.31         0.52
22  2026-01-23 12:57:54       0m 36s  ...               42.05         1.16
23  2026-01-23 12:58:30       0m 28s  ...                6.56         0.18
24  2026-01-23 12:58:59       0m 29s  ...                1.51         0.04
25  2026-01-23 12:59:28       0m 31s  ...                8.51         0.22
26  2026-01-23 13:00:00       0m 33s  ...               12.12         0.31
27  2026-01-23 13:00:33       0m 34s  ...               32.69         0.79
28  2026-01-23 13:01:08       0m 31s  ...                2.15         0.06
29  2026-01-23 13:01:39       0m 31s  ...                2.94         0.07
30  2026-01-23 13:02:11       0m 32s  ...               12.91         0.30
31  2026-01-23 13:02:43       0m 31s  ...               42.77         1.19
32  2026-01-23 13:03:15       0m 38s  ...               65.54         1.89
33  2026-01-23 13:03:53       0m 31s  ...               10.11         0.24
34  2026-01-23 13:04:25       0m 31s  ...                4.05         0.11
35  2026-01-23 13:04:56       0m 31s  ...                1.89         0.05
36  2026-01-23 13:05:28       0m 31s  ...                5.54         0.15
37  2026-01-23 13:05:59       0m 30s  ...                0.46         0.01
38  2026-01-23 13:06:30       0m 29s  ...                1.59         0.04
39  2026-01-23 13:06:59       0m 36s  ...               43.85         1.03
40  2026-01-23 13:07:36       0m 38s  ...               61.84         1.56
41  2026-01-23 13:08:15       0m 38s  ...               46.89         1.19
42  2026-01-23 13:08:53       0m 43s  ...               80.70         2.32
43  2026-01-23 13:09:37       0m 30s  ...                2.90         0.07
44  2026-01-23 13:10:08       0m 32s  ...               11.56         0.29
45  2026-01-23 13:10:41       0m 31s  ...                4.11         0.11
46  2026-01-23 13:11:13       0m 31s  ...               11.45         0.30
47  2026-01-23 13:11:44       0m 32s  ...               11.80         0.25
48  2026-01-23 13:12:16       0m 31s  ...                6.42         0.18
49  2026-01-23 13:12:48       0m 30s  ...                0.78         0.02
50  2026-01-23 13:13:18       0m 43s  ...               83.75         2.58
51  2026-01-23 13:14:02       0m 39s  ...               77.72         2.05

[52 rows x 24 columns]
              timestamp time_elapsed  ... severity_rate_patch Gradient_sr2
0   2026-01-23 12:45:31       0m 31s  ...                1.74         0.04
1   2026-01-23 12:46:03       0m 29s  ...                4.36         0.11
2   2026-01-23 12:46:33       0m 31s  ...                0.85         0.02
3   2026-01-23 12:47:05       0m 35s  ...               25.47         0.67
4   2026-01-23 12:47:40       0m 35s  ...               37.39         0.99
5   2026-01-23 12:48:15       0m 31s  ...                0.45         0.01
6   2026-01-23 12:48:47       0m 35s  ...               38.62         0.91
7   2026-01-23 12:49:23       0m 34s  ...               19.86         0.56
8   2026-01-23 12:49:58       0m 34s  ...               39.61         1.05
9   2026-01-23 12:50:32       0m 30s  ...                1.79         0.05
10  2026-01-23 12:51:02       0m 30s  ...                2.79         0.07
11  2026-01-23 12:51:33       0m 33s  ...               20.77         0.49
12  2026-01-23 12:52:06       0m 32s  ...               20.60         0.51
13  2026-01-23 12:52:39       0m 32s  ...               15.28         0.35
14  2026-01-23 12:53:11       0m 35s  ...               30.18         0.79
15  2026-01-23 12:53:47       0m 34s  ...               19.25         0.48
16  2026-01-23 12:54:22       0m 43s  ...               85.84         2.58
17  2026-01-23 12:55:06       0m 30s  ...                0.76         0.02
18  2026-01-23 12:55:36       0m 33s  ...               23.22         0.57
19  2026-01-23 12:56:10       0m 39s  ...               62.76         1.72
20  2026-01-23 12:56:49       0m 30s  ...                1.10         0.03
21  2026-01-23 12:57:20       0m 33s  ...               19.31         0.52
22  2026-01-23 12:57:54       0m 36s  ...               42.05         1.16
23  2026-01-23 12:58:30       0m 28s  ...                6.56         0.18
24  2026-01-23 12:58:59       0m 29s  ...                1.51         0.04
25  2026-01-23 12:59:28       0m 31s  ...                8.51         0.22
26  2026-01-23 13:00:00       0m 33s  ...               12.12         0.31
27  2026-01-23 13:00:33       0m 34s  ...               32.69         0.79
28  2026-01-23 13:01:08       0m 31s  ...                2.15         0.06
29  2026-01-23 13:01:39       0m 31s  ...                2.94         0.07
30  2026-01-23 13:02:11       0m 32s  ...               12.91         0.30
31  2026-01-23 13:02:43       0m 31s  ...               42.77         1.19
32  2026-01-23 13:03:15       0m 38s  ...               65.54         1.89
33  2026-01-23 13:03:53       0m 31s  ...               10.11         0.24
34  2026-01-23 13:04:25       0m 31s  ...                4.05         0.11
35  2026-01-23 13:04:56       0m 31s  ...                1.89         0.05
36  2026-01-23 13:05:28       0m 31s  ...                5.54         0.15
37  2026-01-23 13:05:59       0m 30s  ...                0.46         0.01
38  2026-01-23 13:06:30       0m 29s  ...                1.59         0.04
39  2026-01-23 13:06:59       0m 36s  ...               43.85         1.03
40  2026-01-23 13:07:36       0m 38s  ...               61.84         1.56
41  2026-01-23 13:08:15       0m 38s  ...               46.89         1.19
42  2026-01-23 13:08:53       0m 43s  ...               80.70         2.32
43  2026-01-23 13:09:37       0m 30s  ...                2.90         0.07
44  2026-01-23 13:10:08       0m 32s  ...               11.56         0.29
45  2026-01-23 13:10:41       0m 31s  ...                4.11         0.11
46  2026-01-23 13:11:13       0m 31s  ...               11.45         0.30
47  2026-01-23 13:11:44       0m 32s  ...               11.80         0.25
48  2026-01-23 13:12:16       0m 31s  ...                6.42         0.18
49  2026-01-23 13:12:48       0m 30s  ...                0.78         0.02
50  2026-01-23 13:13:18       0m 43s  ...               83.75         2.58
51  2026-01-23 13:14:02       0m 39s  ...               77.72         2.05
52  2026-01-23 13:14:42       0m 32s  ...                8.96         0.25

[53 rows x 24 columns]
[2026-01-23 13:16:18,639] - [root] - [INFO] - Analysis finished: 0m 33s
[2026-01-23 13:16:18,639] - [root] - [INFO] - -------------------------------------------
[2026-01-23 13:16:18,639] - [root] - [INFO] - -------------------------------------------
[2026-01-23 13:16:18,639] - [root] - [INFO] - Processing 1-22-2026 5dpi 134-W2021006-001_R1.png
[2026-01-23 13:16:39,030] - [root] - [INFO] - Finished loading mask: 0m 20s
[2026-01-23 13:16:55,341] - [root] - [INFO] - Finished crop and inference: 0m 36s
              timestamp time_elapsed  ... severity_rate_patch Gradient_sr2
0   2026-01-23 12:45:31       0m 31s  ...                1.74         0.04
1   2026-01-23 12:46:03       0m 29s  ...                4.36         0.11
2   2026-01-23 12:46:33       0m 31s  ...                0.85         0.02
3   2026-01-23 12:47:05       0m 35s  ...               25.47         0.67
4   2026-01-23 12:47:40       0m 35s  ...               37.39         0.99
5   2026-01-23 12:48:15       0m 31s  ...                0.45         0.01
6   2026-01-23 12:48:47       0m 35s  ...               38.62         0.91
7   2026-01-23 12:49:23       0m 34s  ...               19.86         0.56
8   2026-01-23 12:49:58       0m 34s  ...               39.61         1.05
9   2026-01-23 12:50:32       0m 30s  ...                1.79         0.05
10  2026-01-23 12:51:02       0m 30s  ...                2.79         0.07
11  2026-01-23 12:51:33       0m 33s  ...               20.77         0.49
12  2026-01-23 12:52:06       0m 32s  ...               20.60         0.51
13  2026-01-23 12:52:39       0m 32s  ...               15.28         0.35
14  2026-01-23 12:53:11       0m 35s  ...               30.18         0.79
15  2026-01-23 12:53:47       0m 34s  ...               19.25         0.48
16  2026-01-23 12:54:22       0m 43s  ...               85.84         2.58
17  2026-01-23 12:55:06       0m 30s  ...                0.76         0.02
18  2026-01-23 12:55:36       0m 33s  ...               23.22         0.57
19  2026-01-23 12:56:10       0m 39s  ...               62.76         1.72
20  2026-01-23 12:56:49       0m 30s  ...                1.10         0.03
21  2026-01-23 12:57:20       0m 33s  ...               19.31         0.52
22  2026-01-23 12:57:54       0m 36s  ...               42.05         1.16
23  2026-01-23 12:58:30       0m 28s  ...                6.56         0.18
24  2026-01-23 12:58:59       0m 29s  ...                1.51         0.04
25  2026-01-23 12:59:28       0m 31s  ...                8.51         0.22
26  2026-01-23 13:00:00       0m 33s  ...               12.12         0.31
27  2026-01-23 13:00:33       0m 34s  ...               32.69         0.79
28  2026-01-23 13:01:08       0m 31s  ...                2.15         0.06
29  2026-01-23 13:01:39       0m 31s  ...                2.94         0.07
30  2026-01-23 13:02:11       0m 32s  ...               12.91         0.30
31  2026-01-23 13:02:43       0m 31s  ...               42.77         1.19
32  2026-01-23 13:03:15       0m 38s  ...               65.54         1.89
33  2026-01-23 13:03:53       0m 31s  ...               10.11         0.24
34  2026-01-23 13:04:25       0m 31s  ...                4.05         0.11
35  2026-01-23 13:04:56       0m 31s  ...                1.89         0.05
36  2026-01-23 13:05:28       0m 31s  ...                5.54         0.15
37  2026-01-23 13:05:59       0m 30s  ...                0.46         0.01
38  2026-01-23 13:06:30       0m 29s  ...                1.59         0.04
39  2026-01-23 13:06:59       0m 36s  ...               43.85         1.03
40  2026-01-23 13:07:36       0m 38s  ...               61.84         1.56
41  2026-01-23 13:08:15       0m 38s  ...               46.89         1.19
42  2026-01-23 13:08:53       0m 43s  ...               80.70         2.32
43  2026-01-23 13:09:37       0m 30s  ...                2.90         0.07
44  2026-01-23 13:10:08       0m 32s  ...               11.56         0.29
45  2026-01-23 13:10:41       0m 31s  ...                4.11         0.11
46  2026-01-23 13:11:13       0m 31s  ...               11.45         0.30
47  2026-01-23 13:11:44       0m 32s  ...               11.80         0.25
48  2026-01-23 13:12:16       0m 31s  ...                6.42         0.18
49  2026-01-23 13:12:48       0m 30s  ...                0.78         0.02
50  2026-01-23 13:13:18       0m 43s  ...               83.75         2.58
51  2026-01-23 13:14:02       0m 39s  ...               77.72         2.05
52  2026-01-23 13:14:42       0m 32s  ...                8.96         0.25
53  2026-01-23 13:15:14       0m 30s  ...                1.10         0.03

[54 rows x 24 columns]
[2026-01-23 13:16:57,132] - [root] - [INFO] - Analysis finished: 0m 38s
[2026-01-23 13:16:57,132] - [root] - [INFO] - -------------------------------------------
[2026-01-23 13:16:57,132] - [root] - [INFO] - -------------------------------------------
[2026-01-23 13:16:57,132] - [root] - [INFO] - Processing 1-22-2026 5dpi 134-W2021009-275_R1.png
[2026-01-23 13:17:18,028] - [root] - [INFO] - Finished loading mask: 0m 20s
[2026-01-23 13:17:31,824] - [root] - [INFO] - Finished crop and inference: 0m 34s
              timestamp time_elapsed  ... severity_rate_patch Gradient_sr2
0   2026-01-23 12:45:31       0m 31s  ...                1.74         0.04
1   2026-01-23 12:46:03       0m 29s  ...                4.36         0.11
2   2026-01-23 12:46:33       0m 31s  ...                0.85         0.02
3   2026-01-23 12:47:05       0m 35s  ...               25.47         0.67
4   2026-01-23 12:47:40       0m 35s  ...               37.39         0.99
5   2026-01-23 12:48:15       0m 31s  ...                0.45         0.01
6   2026-01-23 12:48:47       0m 35s  ...               38.62         0.91
7   2026-01-23 12:49:23       0m 34s  ...               19.86         0.56
8   2026-01-23 12:49:58       0m 34s  ...               39.61         1.05
9   2026-01-23 12:50:32       0m 30s  ...                1.79         0.05
10  2026-01-23 12:51:02       0m 30s  ...                2.79         0.07
11  2026-01-23 12:51:33       0m 33s  ...               20.77         0.49
12  2026-01-23 12:52:06       0m 32s  ...               20.60         0.51
13  2026-01-23 12:52:39       0m 32s  ...               15.28         0.35
14  2026-01-23 12:53:11       0m 35s  ...               30.18         0.79
15  2026-01-23 12:53:47       0m 34s  ...               19.25         0.48
16  2026-01-23 12:54:22       0m 43s  ...               85.84         2.58
17  2026-01-23 12:55:06       0m 30s  ...                0.76         0.02
18  2026-01-23 12:55:36       0m 33s  ...               23.22         0.57
19  2026-01-23 12:56:10       0m 39s  ...               62.76         1.72
20  2026-01-23 12:56:49       0m 30s  ...                1.10         0.03
21  2026-01-23 12:57:20       0m 33s  ...               19.31         0.52
22  2026-01-23 12:57:54       0m 36s  ...               42.05         1.16
23  2026-01-23 12:58:30       0m 28s  ...                6.56         0.18
24  2026-01-23 12:58:59       0m 29s  ...                1.51         0.04
25  2026-01-23 12:59:28       0m 31s  ...                8.51         0.22
26  2026-01-23 13:00:00       0m 33s  ...               12.12         0.31
27  2026-01-23 13:00:33       0m 34s  ...               32.69         0.79
28  2026-01-23 13:01:08       0m 31s  ...                2.15         0.06
29  2026-01-23 13:01:39       0m 31s  ...                2.94         0.07
30  2026-01-23 13:02:11       0m 32s  ...               12.91         0.30
31  2026-01-23 13:02:43       0m 31s  ...               42.77         1.19
32  2026-01-23 13:03:15       0m 38s  ...               65.54         1.89
33  2026-01-23 13:03:53       0m 31s  ...               10.11         0.24
34  2026-01-23 13:04:25       0m 31s  ...                4.05         0.11
35  2026-01-23 13:04:56       0m 31s  ...                1.89         0.05
36  2026-01-23 13:05:28       0m 31s  ...                5.54         0.15
37  2026-01-23 13:05:59       0m 30s  ...                0.46         0.01
38  2026-01-23 13:06:30       0m 29s  ...                1.59         0.04
39  2026-01-23 13:06:59       0m 36s  ...               43.85         1.03
40  2026-01-23 13:07:36       0m 38s  ...               61.84         1.56
41  2026-01-23 13:08:15       0m 38s  ...               46.89         1.19
42  2026-01-23 13:08:53       0m 43s  ...               80.70         2.32
43  2026-01-23 13:09:37       0m 30s  ...                2.90         0.07
44  2026-01-23 13:10:08       0m 32s  ...               11.56         0.29
45  2026-01-23 13:10:41       0m 31s  ...                4.11         0.11
46  2026-01-23 13:11:13       0m 31s  ...               11.45         0.30
47  2026-01-23 13:11:44       0m 32s  ...               11.80         0.25
48  2026-01-23 13:12:16       0m 31s  ...                6.42         0.18
49  2026-01-23 13:12:48       0m 30s  ...                0.78         0.02
50  2026-01-23 13:13:18       0m 43s  ...               83.75         2.58
51  2026-01-23 13:14:02       0m 39s  ...               77.72         2.05
52  2026-01-23 13:14:42       0m 32s  ...                8.96         0.25
53  2026-01-23 13:15:14       0m 30s  ...                1.10         0.03
54  2026-01-23 13:15:45       0m 33s  ...               11.75         0.29

[55 rows x 24 columns]
[2026-01-23 13:17:33,856] - [root] - [INFO] - Analysis finished: 0m 36s
[2026-01-23 13:17:33,856] - [root] - [INFO] - -------------------------------------------
[2026-01-23 13:17:33,856] - [root] - [INFO] - -------------------------------------------
[2026-01-23 13:17:33,856] - [root] - [INFO] - Processing 1-22-2026 5dpi 137-W2021010-342_R2.png
[2026-01-23 13:17:54,832] - [root] - [INFO] - Finished loading mask: 0m 20s
[2026-01-23 13:18:05,173] - [root] - [INFO] - Finished crop and inference: 0m 31s
              timestamp time_elapsed  ... severity_rate_patch Gradient_sr2
0   2026-01-23 12:45:31       0m 31s  ...                1.74         0.04
1   2026-01-23 12:46:03       0m 29s  ...                4.36         0.11
2   2026-01-23 12:46:33       0m 31s  ...                0.85         0.02
3   2026-01-23 12:47:05       0m 35s  ...               25.47         0.67
4   2026-01-23 12:47:40       0m 35s  ...               37.39         0.99
5   2026-01-23 12:48:15       0m 31s  ...                0.45         0.01
6   2026-01-23 12:48:47       0m 35s  ...               38.62         0.91
7   2026-01-23 12:49:23       0m 34s  ...               19.86         0.56
8   2026-01-23 12:49:58       0m 34s  ...               39.61         1.05
9   2026-01-23 12:50:32       0m 30s  ...                1.79         0.05
10  2026-01-23 12:51:02       0m 30s  ...                2.79         0.07
11  2026-01-23 12:51:33       0m 33s  ...               20.77         0.49
12  2026-01-23 12:52:06       0m 32s  ...               20.60         0.51
13  2026-01-23 12:52:39       0m 32s  ...               15.28         0.35
14  2026-01-23 12:53:11       0m 35s  ...               30.18         0.79
15  2026-01-23 12:53:47       0m 34s  ...               19.25         0.48
16  2026-01-23 12:54:22       0m 43s  ...               85.84         2.58
17  2026-01-23 12:55:06       0m 30s  ...                0.76         0.02
18  2026-01-23 12:55:36       0m 33s  ...               23.22         0.57
19  2026-01-23 12:56:10       0m 39s  ...               62.76         1.72
20  2026-01-23 12:56:49       0m 30s  ...                1.10         0.03
21  2026-01-23 12:57:20       0m 33s  ...               19.31         0.52
22  2026-01-23 12:57:54       0m 36s  ...               42.05         1.16
23  2026-01-23 12:58:30       0m 28s  ...                6.56         0.18
24  2026-01-23 12:58:59       0m 29s  ...                1.51         0.04
25  2026-01-23 12:59:28       0m 31s  ...                8.51         0.22
26  2026-01-23 13:00:00       0m 33s  ...               12.12         0.31
27  2026-01-23 13:00:33       0m 34s  ...               32.69         0.79
28  2026-01-23 13:01:08       0m 31s  ...                2.15         0.06
29  2026-01-23 13:01:39       0m 31s  ...                2.94         0.07
30  2026-01-23 13:02:11       0m 32s  ...               12.91         0.30
31  2026-01-23 13:02:43       0m 31s  ...               42.77         1.19
32  2026-01-23 13:03:15       0m 38s  ...               65.54         1.89
33  2026-01-23 13:03:53       0m 31s  ...               10.11         0.24
34  2026-01-23 13:04:25       0m 31s  ...                4.05         0.11
35  2026-01-23 13:04:56       0m 31s  ...                1.89         0.05
36  2026-01-23 13:05:28       0m 31s  ...                5.54         0.15
37  2026-01-23 13:05:59       0m 30s  ...                0.46         0.01
38  2026-01-23 13:06:30       0m 29s  ...                1.59         0.04
39  2026-01-23 13:06:59       0m 36s  ...               43.85         1.03
40  2026-01-23 13:07:36       0m 38s  ...               61.84         1.56
41  2026-01-23 13:08:15       0m 38s  ...               46.89         1.19
42  2026-01-23 13:08:53       0m 43s  ...               80.70         2.32
43  2026-01-23 13:09:37       0m 30s  ...                2.90         0.07
44  2026-01-23 13:10:08       0m 32s  ...               11.56         0.29
45  2026-01-23 13:10:41       0m 31s  ...                4.11         0.11
46  2026-01-23 13:11:13       0m 31s  ...               11.45         0.30
47  2026-01-23 13:11:44       0m 32s  ...               11.80         0.25
48  2026-01-23 13:12:16       0m 31s  ...                6.42         0.18
49  2026-01-23 13:12:48       0m 30s  ...                0.78         0.02
50  2026-01-23 13:13:18       0m 43s  ...               83.75         2.58
51  2026-01-23 13:14:02       0m 39s  ...               77.72         2.05
52  2026-01-23 13:14:42       0m 32s  ...                8.96         0.25
53  2026-01-23 13:15:14       0m 30s  ...                1.10         0.03
54  2026-01-23 13:15:45       0m 33s  ...               11.75         0.29
55  2026-01-23 13:16:18       0m 38s  ...               55.20         1.46

[56 rows x 24 columns]
[2026-01-23 13:18:07,254] - [root] - [INFO] - Analysis finished: 0m 33s
[2026-01-23 13:18:07,254] - [root] - [INFO] - -------------------------------------------
[2026-01-23 13:18:07,254] - [root] - [INFO] - -------------------------------------------
[2026-01-23 13:18:07,254] - [root] - [INFO] - Processing 1-22-2026 5dpi 138-W2021010-446_R1.png
[2026-01-23 13:18:28,519] - [root] - [INFO] - Finished loading mask: 0m 21s
[2026-01-23 13:18:39,373] - [root] - [INFO] - Finished crop and inference: 0m 32s
              timestamp time_elapsed  ... severity_rate_patch Gradient_sr2
0   2026-01-23 12:45:31       0m 31s  ...                1.74         0.04
1   2026-01-23 12:46:03       0m 29s  ...                4.36         0.11
2   2026-01-23 12:46:33       0m 31s  ...                0.85         0.02
3   2026-01-23 12:47:05       0m 35s  ...               25.47         0.67
4   2026-01-23 12:47:40       0m 35s  ...               37.39         0.99
5   2026-01-23 12:48:15       0m 31s  ...                0.45         0.01
6   2026-01-23 12:48:47       0m 35s  ...               38.62         0.91
7   2026-01-23 12:49:23       0m 34s  ...               19.86         0.56
8   2026-01-23 12:49:58       0m 34s  ...               39.61         1.05
9   2026-01-23 12:50:32       0m 30s  ...                1.79         0.05
10  2026-01-23 12:51:02       0m 30s  ...                2.79         0.07
11  2026-01-23 12:51:33       0m 33s  ...               20.77         0.49
12  2026-01-23 12:52:06       0m 32s  ...               20.60         0.51
13  2026-01-23 12:52:39       0m 32s  ...               15.28         0.35
14  2026-01-23 12:53:11       0m 35s  ...               30.18         0.79
15  2026-01-23 12:53:47       0m 34s  ...               19.25         0.48
16  2026-01-23 12:54:22       0m 43s  ...               85.84         2.58
17  2026-01-23 12:55:06       0m 30s  ...                0.76         0.02
18  2026-01-23 12:55:36       0m 33s  ...               23.22         0.57
19  2026-01-23 12:56:10       0m 39s  ...               62.76         1.72
20  2026-01-23 12:56:49       0m 30s  ...                1.10         0.03
21  2026-01-23 12:57:20       0m 33s  ...               19.31         0.52
22  2026-01-23 12:57:54       0m 36s  ...               42.05         1.16
23  2026-01-23 12:58:30       0m 28s  ...                6.56         0.18
24  2026-01-23 12:58:59       0m 29s  ...                1.51         0.04
25  2026-01-23 12:59:28       0m 31s  ...                8.51         0.22
26  2026-01-23 13:00:00       0m 33s  ...               12.12         0.31
27  2026-01-23 13:00:33       0m 34s  ...               32.69         0.79
28  2026-01-23 13:01:08       0m 31s  ...                2.15         0.06
29  2026-01-23 13:01:39       0m 31s  ...                2.94         0.07
30  2026-01-23 13:02:11       0m 32s  ...               12.91         0.30
31  2026-01-23 13:02:43       0m 31s  ...               42.77         1.19
32  2026-01-23 13:03:15       0m 38s  ...               65.54         1.89
33  2026-01-23 13:03:53       0m 31s  ...               10.11         0.24
34  2026-01-23 13:04:25       0m 31s  ...                4.05         0.11
35  2026-01-23 13:04:56       0m 31s  ...                1.89         0.05
36  2026-01-23 13:05:28       0m 31s  ...                5.54         0.15
37  2026-01-23 13:05:59       0m 30s  ...                0.46         0.01
38  2026-01-23 13:06:30       0m 29s  ...                1.59         0.04
39  2026-01-23 13:06:59       0m 36s  ...               43.85         1.03
40  2026-01-23 13:07:36       0m 38s  ...               61.84         1.56
41  2026-01-23 13:08:15       0m 38s  ...               46.89         1.19
42  2026-01-23 13:08:53       0m 43s  ...               80.70         2.32
43  2026-01-23 13:09:37       0m 30s  ...                2.90         0.07
44  2026-01-23 13:10:08       0m 32s  ...               11.56         0.29
45  2026-01-23 13:10:41       0m 31s  ...                4.11         0.11
46  2026-01-23 13:11:13       0m 31s  ...               11.45         0.30
47  2026-01-23 13:11:44       0m 32s  ...               11.80         0.25
48  2026-01-23 13:12:16       0m 31s  ...                6.42         0.18
49  2026-01-23 13:12:48       0m 30s  ...                0.78         0.02
50  2026-01-23 13:13:18       0m 43s  ...               83.75         2.58
51  2026-01-23 13:14:02       0m 39s  ...               77.72         2.05
52  2026-01-23 13:14:42       0m 32s  ...                8.96         0.25
53  2026-01-23 13:15:14       0m 30s  ...                1.10         0.03
54  2026-01-23 13:15:45       0m 33s  ...               11.75         0.29
55  2026-01-23 13:16:18       0m 38s  ...               55.20         1.46
56  2026-01-23 13:16:57       0m 36s  ...               34.44         0.83

[57 rows x 24 columns]
[2026-01-23 13:18:41,394] - [root] - [INFO] - Analysis finished: 0m 34s
[2026-01-23 13:18:41,394] - [root] - [INFO] - -------------------------------------------
[2026-01-23 13:18:41,394] - [root] - [INFO] - -------------------------------------------
[2026-01-23 13:18:41,394] - [root] - [INFO] - Processing 1-22-2026 5dpi 141-W2021009-274_R1.png
[2026-01-23 13:19:02,531] - [root] - [INFO] - Finished loading mask: 0m 21s
[2026-01-23 13:19:26,928] - [root] - [INFO] - Finished crop and inference: 0m 45s
              timestamp time_elapsed  ... severity_rate_patch Gradient_sr2
0   2026-01-23 12:45:31       0m 31s  ...                1.74         0.04
1   2026-01-23 12:46:03       0m 29s  ...                4.36         0.11
2   2026-01-23 12:46:33       0m 31s  ...                0.85         0.02
3   2026-01-23 12:47:05       0m 35s  ...               25.47         0.67
4   2026-01-23 12:47:40       0m 35s  ...               37.39         0.99
5   2026-01-23 12:48:15       0m 31s  ...                0.45         0.01
6   2026-01-23 12:48:47       0m 35s  ...               38.62         0.91
7   2026-01-23 12:49:23       0m 34s  ...               19.86         0.56
8   2026-01-23 12:49:58       0m 34s  ...               39.61         1.05
9   2026-01-23 12:50:32       0m 30s  ...                1.79         0.05
10  2026-01-23 12:51:02       0m 30s  ...                2.79         0.07
11  2026-01-23 12:51:33       0m 33s  ...               20.77         0.49
12  2026-01-23 12:52:06       0m 32s  ...               20.60         0.51
13  2026-01-23 12:52:39       0m 32s  ...               15.28         0.35
14  2026-01-23 12:53:11       0m 35s  ...               30.18         0.79
15  2026-01-23 12:53:47       0m 34s  ...               19.25         0.48
16  2026-01-23 12:54:22       0m 43s  ...               85.84         2.58
17  2026-01-23 12:55:06       0m 30s  ...                0.76         0.02
18  2026-01-23 12:55:36       0m 33s  ...               23.22         0.57
19  2026-01-23 12:56:10       0m 39s  ...               62.76         1.72
20  2026-01-23 12:56:49       0m 30s  ...                1.10         0.03
21  2026-01-23 12:57:20       0m 33s  ...               19.31         0.52
22  2026-01-23 12:57:54       0m 36s  ...               42.05         1.16
23  2026-01-23 12:58:30       0m 28s  ...                6.56         0.18
24  2026-01-23 12:58:59       0m 29s  ...                1.51         0.04
25  2026-01-23 12:59:28       0m 31s  ...                8.51         0.22
26  2026-01-23 13:00:00       0m 33s  ...               12.12         0.31
27  2026-01-23 13:00:33       0m 34s  ...               32.69         0.79
28  2026-01-23 13:01:08       0m 31s  ...                2.15         0.06
29  2026-01-23 13:01:39       0m 31s  ...                2.94         0.07
30  2026-01-23 13:02:11       0m 32s  ...               12.91         0.30
31  2026-01-23 13:02:43       0m 31s  ...               42.77         1.19
32  2026-01-23 13:03:15       0m 38s  ...               65.54         1.89
33  2026-01-23 13:03:53       0m 31s  ...               10.11         0.24
34  2026-01-23 13:04:25       0m 31s  ...                4.05         0.11
35  2026-01-23 13:04:56       0m 31s  ...                1.89         0.05
36  2026-01-23 13:05:28       0m 31s  ...                5.54         0.15
37  2026-01-23 13:05:59       0m 30s  ...                0.46         0.01
38  2026-01-23 13:06:30       0m 29s  ...                1.59         0.04
39  2026-01-23 13:06:59       0m 36s  ...               43.85         1.03
40  2026-01-23 13:07:36       0m 38s  ...               61.84         1.56
41  2026-01-23 13:08:15       0m 38s  ...               46.89         1.19
42  2026-01-23 13:08:53       0m 43s  ...               80.70         2.32
43  2026-01-23 13:09:37       0m 30s  ...                2.90         0.07
44  2026-01-23 13:10:08       0m 32s  ...               11.56         0.29
45  2026-01-23 13:10:41       0m 31s  ...                4.11         0.11
46  2026-01-23 13:11:13       0m 31s  ...               11.45         0.30
47  2026-01-23 13:11:44       0m 32s  ...               11.80         0.25
48  2026-01-23 13:12:16       0m 31s  ...                6.42         0.18
49  2026-01-23 13:12:48       0m 30s  ...                0.78         0.02
50  2026-01-23 13:13:18       0m 43s  ...               83.75         2.58
51  2026-01-23 13:14:02       0m 39s  ...               77.72         2.05
52  2026-01-23 13:14:42       0m 32s  ...                8.96         0.25
53  2026-01-23 13:15:14       0m 30s  ...                1.10         0.03
54  2026-01-23 13:15:45       0m 33s  ...               11.75         0.29
55  2026-01-23 13:16:18       0m 38s  ...               55.20         1.46
56  2026-01-23 13:16:57       0m 36s  ...               34.44         0.83
57  2026-01-23 13:17:33       0m 33s  ...                4.27         0.10

[58 rows x 24 columns]
[2026-01-23 13:19:28,943] - [root] - [INFO] - Analysis finished: 0m 47s
[2026-01-23 13:19:28,943] - [root] - [INFO] - -------------------------------------------
[2026-01-23 13:19:28,943] - [root] - [INFO] - -------------------------------------------
[2026-01-23 13:19:28,943] - [root] - [INFO] - Processing 1-22-2026 5dpi 143-W2021010-313_R2.png
[2026-01-23 13:19:50,260] - [root] - [INFO] - Finished loading mask: 0m 21s
[2026-01-23 13:19:59,987] - [root] - [INFO] - Finished crop and inference: 0m 31s
[2026-01-23 13:20:02,159] - [root] - [INFO] - Analysis finished: 0m 33s
[2026-01-23 13:20:02,159] - [root] - [INFO] - -------------------------------------------
[2026-01-23 13:20:02,159] - [root] - [INFO] - -------------------------------------------
[2026-01-23 13:20:02,159] - [root] - [INFO] - Processing 1-22-2026 5dpi 148-W2021011-462_R2.png
[2026-01-23 13:20:24,120] - [root] - [INFO] - Finished loading mask: 0m 21s
[2026-01-23 13:20:38,393] - [root] - [INFO] - Finished crop and inference: 0m 36s
[2026-01-23 13:20:40,201] - [root] - [INFO] - Analysis finished: 0m 38s
[2026-01-23 13:20:40,201] - [root] - [INFO] - -------------------------------------------
[2026-01-23 13:20:40,201] - [root] - [INFO] - -------------------------------------------
[2026-01-23 13:20:40,201] - [root] - [INFO] - Processing 1-22-2026 5dpi 149-W2021010-417_R1.png
[2026-01-23 13:21:01,450] - [root] - [INFO] - Finished loading mask: 0m 21s
[2026-01-23 13:21:12,669] - [root] - [INFO] - Finished crop and inference: 0m 32s
[2026-01-23 13:21:14,415] - [root] - [INFO] - Analysis finished: 0m 34s
[2026-01-23 13:21:14,415] - [root] - [INFO] - -------------------------------------------
[2026-01-23 13:21:14,415] - [root] - [INFO] - -------------------------------------------
[2026-01-23 13:21:14,415] - [root] - [INFO] - Processing 1-22-2026 5dpi 154-W2021010-419_R1.png
[2026-01-23 13:21:34,952] - [root] - [INFO] - Finished loading mask: 0m 20s
[2026-01-23 13:21:45,214] - [root] - [INFO] - Finished crop and inference: 0m 30s
              timestamp time_elapsed  ... severity_rate_patch Gradient_sr2
0   2026-01-23 12:45:31       0m 31s  ...                1.74         0.04
1   2026-01-23 12:46:03       0m 29s  ...                4.36         0.11
2   2026-01-23 12:46:33       0m 31s  ...                0.85         0.02
3   2026-01-23 12:47:05       0m 35s  ...               25.47         0.67
4   2026-01-23 12:47:40       0m 35s  ...               37.39         0.99
5   2026-01-23 12:48:15       0m 31s  ...                0.45         0.01
6   2026-01-23 12:48:47       0m 35s  ...               38.62         0.91
7   2026-01-23 12:49:23       0m 34s  ...               19.86         0.56
8   2026-01-23 12:49:58       0m 34s  ...               39.61         1.05
9   2026-01-23 12:50:32       0m 30s  ...                1.79         0.05
10  2026-01-23 12:51:02       0m 30s  ...                2.79         0.07
11  2026-01-23 12:51:33       0m 33s  ...               20.77         0.49
12  2026-01-23 12:52:06       0m 32s  ...               20.60         0.51
13  2026-01-23 12:52:39       0m 32s  ...               15.28         0.35
14  2026-01-23 12:53:11       0m 35s  ...               30.18         0.79
15  2026-01-23 12:53:47       0m 34s  ...               19.25         0.48
16  2026-01-23 12:54:22       0m 43s  ...               85.84         2.58
17  2026-01-23 12:55:06       0m 30s  ...                0.76         0.02
18  2026-01-23 12:55:36       0m 33s  ...               23.22         0.57
19  2026-01-23 12:56:10       0m 39s  ...               62.76         1.72
20  2026-01-23 12:56:49       0m 30s  ...                1.10         0.03
21  2026-01-23 12:57:20       0m 33s  ...               19.31         0.52
22  2026-01-23 12:57:54       0m 36s  ...               42.05         1.16
23  2026-01-23 12:58:30       0m 28s  ...                6.56         0.18
24  2026-01-23 12:58:59       0m 29s  ...                1.51         0.04
25  2026-01-23 12:59:28       0m 31s  ...                8.51         0.22
26  2026-01-23 13:00:00       0m 33s  ...               12.12         0.31
27  2026-01-23 13:00:33       0m 34s  ...               32.69         0.79
28  2026-01-23 13:01:08       0m 31s  ...                2.15         0.06
29  2026-01-23 13:01:39       0m 31s  ...                2.94         0.07
30  2026-01-23 13:02:11       0m 32s  ...               12.91         0.30
31  2026-01-23 13:02:43       0m 31s  ...               42.77         1.19
32  2026-01-23 13:03:15       0m 38s  ...               65.54         1.89
33  2026-01-23 13:03:53       0m 31s  ...               10.11         0.24
34  2026-01-23 13:04:25       0m 31s  ...                4.05         0.11
35  2026-01-23 13:04:56       0m 31s  ...                1.89         0.05
36  2026-01-23 13:05:28       0m 31s  ...                5.54         0.15
37  2026-01-23 13:05:59       0m 30s  ...                0.46         0.01
38  2026-01-23 13:06:30       0m 29s  ...                1.59         0.04
39  2026-01-23 13:06:59       0m 36s  ...               43.85         1.03
40  2026-01-23 13:07:36       0m 38s  ...               61.84         1.56
41  2026-01-23 13:08:15       0m 38s  ...               46.89         1.19
42  2026-01-23 13:08:53       0m 43s  ...               80.70         2.32
43  2026-01-23 13:09:37       0m 30s  ...                2.90         0.07
44  2026-01-23 13:10:08       0m 32s  ...               11.56         0.29
45  2026-01-23 13:10:41       0m 31s  ...                4.11         0.11
46  2026-01-23 13:11:13       0m 31s  ...               11.45         0.30
47  2026-01-23 13:11:44       0m 32s  ...               11.80         0.25
48  2026-01-23 13:12:16       0m 31s  ...                6.42         0.18
49  2026-01-23 13:12:48       0m 30s  ...                0.78         0.02
50  2026-01-23 13:13:18       0m 43s  ...               83.75         2.58
51  2026-01-23 13:14:02       0m 39s  ...               77.72         2.05
52  2026-01-23 13:14:42       0m 32s  ...                8.96         0.25
53  2026-01-23 13:15:14       0m 30s  ...                1.10         0.03
54  2026-01-23 13:15:45       0m 33s  ...               11.75         0.29
55  2026-01-23 13:16:18       0m 38s  ...               55.20         1.46
56  2026-01-23 13:16:57       0m 36s  ...               34.44         0.83
57  2026-01-23 13:17:33       0m 33s  ...                4.27         0.10
58  2026-01-23 13:18:07       0m 34s  ...                8.31         0.19

[59 rows x 24 columns]
[2026-01-23 13:21:47,117] - [root] - [INFO] - Analysis finished: 0m 32s
[2026-01-23 13:21:47,117] - [root] - [INFO] - -------------------------------------------
[2026-01-23 13:21:47,117] - [root] - [INFO] - -------------------------------------------
[2026-01-23 13:21:47,117] - [root] - [INFO] - Processing 1-22-2026 5dpi 155-W2021011-639_R1.png
[2026-01-23 13:22:08,241] - [root] - [INFO] - Finished loading mask: 0m 21s
[2026-01-23 13:22:18,850] - [root] - [INFO] - Finished crop and inference: 0m 31s
[2026-01-23 13:22:20,650] - [root] - [INFO] - Analysis finished: 0m 33s
[2026-01-23 13:22:20,650] - [root] - [INFO] - -------------------------------------------
[2026-01-23 13:22:20,650] - [root] - [INFO] - -------------------------------------------
[2026-01-23 13:22:20,650] - [root] - [INFO] - Processing 1-22-2026 5dpi 156-W2021009-276_R2.png
[2026-01-23 13:22:41,983] - [root] - [INFO] - Finished loading mask: 0m 21s
[2026-01-23 13:22:53,529] - [root] - [INFO] - Finished crop and inference: 0m 32s
[2026-01-23 13:22:55,399] - [root] - [INFO] - Analysis finished: 0m 34s
[2026-01-23 13:22:55,399] - [root] - [INFO] - -------------------------------------------
[2026-01-23 13:22:55,399] - [root] - [INFO] - -------------------------------------------
[2026-01-23 13:22:55,399] - [root] - [INFO] - Processing 1-22-2026 5dpi 158-W2021006-114_R1.png
[2026-01-23 13:23:16,554] - [root] - [INFO] - Finished loading mask: 0m 21s
[2026-01-23 13:23:33,267] - [root] - [INFO] - Finished crop and inference: 0m 37s
[2026-01-23 13:23:35,188] - [root] - [INFO] - Analysis finished: 0m 39s
[2026-01-23 13:23:35,188] - [root] - [INFO] - -------------------------------------------
[2026-01-23 13:23:35,188] - [root] - [INFO] - -------------------------------------------
[2026-01-23 13:23:35,188] - [root] - [INFO] - Processing 1-22-2026 5dpi 167-W2021006-003_R2.png
[2026-01-23 13:23:56,232] - [root] - [INFO] - Finished loading mask: 0m 21s
[2026-01-23 13:24:05,332] - [root] - [INFO] - Finished crop and inference: 0m 30s
[2026-01-23 13:24:07,416] - [root] - [INFO] - Analysis finished: 0m 32s
[2026-01-23 13:24:07,416] - [root] - [INFO] - -------------------------------------------
[2026-01-23 13:24:07,416] - [root] - [INFO] - -------------------------------------------
[2026-01-23 13:24:07,416] - [root] - [INFO] - Processing 1-22-2026 5dpi 169-W2021009-623_R2.png
[2026-01-23 13:24:28,243] - [root] - [INFO] - Finished loading mask: 0m 20s
[2026-01-23 13:24:51,781] - [root] - [INFO] - Finished crop and inference: 0m 44s
[2026-01-23 13:24:53,753] - [root] - [INFO] - Analysis finished: 0m 46s
[2026-01-23 13:24:53,753] - [root] - [INFO] - -------------------------------------------
[2026-01-23 13:24:53,753] - [root] - [INFO] - -------------------------------------------
[2026-01-23 13:24:53,753] - [root] - [INFO] - Processing 1-22-2026 5dpi 169-W2021011-477_R1.png
[2026-01-23 13:25:14,640] - [root] - [INFO] - Finished loading mask: 0m 20s
[2026-01-23 13:25:32,070] - [root] - [INFO] - Finished crop and inference: 0m 38s
[2026-01-23 13:25:34,016] - [root] - [INFO] - Analysis finished: 0m 40s
[2026-01-23 13:25:34,016] - [root] - [INFO] - -------------------------------------------
[2026-01-23 13:25:34,016] - [root] - [INFO] - -------------------------------------------
[2026-01-23 13:25:34,016] - [root] - [INFO] - Processing 1-22-2026 5dpi 172-W2021011-557_R2.png
[2026-01-23 13:25:55,259] - [root] - [INFO] - Finished loading mask: 0m 21s
[2026-01-23 13:26:07,315] - [root] - [INFO] - Finished crop and inference: 0m 33s
[2026-01-23 13:26:09,399] - [root] - [INFO] - Analysis finished: 0m 35s
[2026-01-23 13:26:09,399] - [root] - [INFO] - -------------------------------------------
[2026-01-23 13:26:09,399] - [root] - [INFO] - -------------------------------------------
[2026-01-23 13:26:09,399] - [root] - [INFO] - Processing 1-22-2026 5dpi 173-W2021006-127_R2.png
[2026-01-23 13:26:30,546] - [root] - [INFO] - Finished loading mask: 0m 21s
[2026-01-23 13:26:40,479] - [root] - [INFO] - Finished crop and inference: 0m 31s
              timestamp time_elapsed  ... severity_rate_patch Gradient_sr2
0   2026-01-23 12:45:31       0m 31s  ...                1.74         0.04
1   2026-01-23 12:46:03       0m 29s  ...                4.36         0.11
2   2026-01-23 12:46:33       0m 31s  ...                0.85         0.02
3   2026-01-23 12:47:05       0m 35s  ...               25.47         0.67
4   2026-01-23 12:47:40       0m 35s  ...               37.39         0.99
5   2026-01-23 12:48:15       0m 31s  ...                0.45         0.01
6   2026-01-23 12:48:47       0m 35s  ...               38.62         0.91
7   2026-01-23 12:49:23       0m 34s  ...               19.86         0.56
8   2026-01-23 12:49:58       0m 34s  ...               39.61         1.05
9   2026-01-23 12:50:32       0m 30s  ...                1.79         0.05
10  2026-01-23 12:51:02       0m 30s  ...                2.79         0.07
11  2026-01-23 12:51:33       0m 33s  ...               20.77         0.49
12  2026-01-23 12:52:06       0m 32s  ...               20.60         0.51
13  2026-01-23 12:52:39       0m 32s  ...               15.28         0.35
14  2026-01-23 12:53:11       0m 35s  ...               30.18         0.79
15  2026-01-23 12:53:47       0m 34s  ...               19.25         0.48
16  2026-01-23 12:54:22       0m 43s  ...               85.84         2.58
17  2026-01-23 12:55:06       0m 30s  ...                0.76         0.02
18  2026-01-23 12:55:36       0m 33s  ...               23.22         0.57
19  2026-01-23 12:56:10       0m 39s  ...               62.76         1.72
20  2026-01-23 12:56:49       0m 30s  ...                1.10         0.03
21  2026-01-23 12:57:20       0m 33s  ...               19.31         0.52
22  2026-01-23 12:57:54       0m 36s  ...               42.05         1.16
23  2026-01-23 12:58:30       0m 28s  ...                6.56         0.18
24  2026-01-23 12:58:59       0m 29s  ...                1.51         0.04
25  2026-01-23 12:59:28       0m 31s  ...                8.51         0.22
26  2026-01-23 13:00:00       0m 33s  ...               12.12         0.31
27  2026-01-23 13:00:33       0m 34s  ...               32.69         0.79
28  2026-01-23 13:01:08       0m 31s  ...                2.15         0.06
29  2026-01-23 13:01:39       0m 31s  ...                2.94         0.07
30  2026-01-23 13:02:11       0m 32s  ...               12.91         0.30
31  2026-01-23 13:02:43       0m 31s  ...               42.77         1.19
32  2026-01-23 13:03:15       0m 38s  ...               65.54         1.89
33  2026-01-23 13:03:53       0m 31s  ...               10.11         0.24
34  2026-01-23 13:04:25       0m 31s  ...                4.05         0.11
35  2026-01-23 13:04:56       0m 31s  ...                1.89         0.05
36  2026-01-23 13:05:28       0m 31s  ...                5.54         0.15
37  2026-01-23 13:05:59       0m 30s  ...                0.46         0.01
38  2026-01-23 13:06:30       0m 29s  ...                1.59         0.04
39  2026-01-23 13:06:59       0m 36s  ...               43.85         1.03
40  2026-01-23 13:07:36       0m 38s  ...               61.84         1.56
41  2026-01-23 13:08:15       0m 38s  ...               46.89         1.19
42  2026-01-23 13:08:53       0m 43s  ...               80.70         2.32
43  2026-01-23 13:09:37       0m 30s  ...                2.90         0.07
44  2026-01-23 13:10:08       0m 32s  ...               11.56         0.29
45  2026-01-23 13:10:41       0m 31s  ...                4.11         0.11
46  2026-01-23 13:11:13       0m 31s  ...               11.45         0.30
47  2026-01-23 13:11:44       0m 32s  ...               11.80         0.25
48  2026-01-23 13:12:16       0m 31s  ...                6.42         0.18
49  2026-01-23 13:12:48       0m 30s  ...                0.78         0.02
50  2026-01-23 13:13:18       0m 43s  ...               83.75         2.58
51  2026-01-23 13:14:02       0m 39s  ...               77.72         2.05
52  2026-01-23 13:14:42       0m 32s  ...                8.96         0.25
53  2026-01-23 13:15:14       0m 30s  ...                1.10         0.03
54  2026-01-23 13:15:45       0m 33s  ...               11.75         0.29
55  2026-01-23 13:16:18       0m 38s  ...               55.20         1.46
56  2026-01-23 13:16:57       0m 36s  ...               34.44         0.83
57  2026-01-23 13:17:33       0m 33s  ...                4.27         0.10
58  2026-01-23 13:18:07       0m 34s  ...                8.31         0.19
59  2026-01-23 13:18:41       0m 47s  ...               86.63         2.58

[60 rows x 24 columns]
              timestamp time_elapsed  ... severity_rate_patch Gradient_sr2
0   2026-01-23 12:45:31       0m 31s  ...                1.74         0.04
1   2026-01-23 12:46:03       0m 29s  ...                4.36         0.11
2   2026-01-23 12:46:33       0m 31s  ...                0.85         0.02
3   2026-01-23 12:47:05       0m 35s  ...               25.47         0.67
4   2026-01-23 12:47:40       0m 35s  ...               37.39         0.99
..                  ...          ...  ...                 ...          ...
56  2026-01-23 13:16:57       0m 36s  ...               34.44         0.83
57  2026-01-23 13:17:33       0m 33s  ...                4.27         0.10
58  2026-01-23 13:18:07       0m 34s  ...                8.31         0.19
59  2026-01-23 13:18:41       0m 47s  ...               86.63         2.58
60  2026-01-23 13:19:28       0m 33s  ...                0.61         0.02

[61 rows x 24 columns]
              timestamp time_elapsed  ... severity_rate_patch Gradient_sr2
0   2026-01-23 12:45:31       0m 31s  ...                1.74         0.04
1   2026-01-23 12:46:03       0m 29s  ...                4.36         0.11
2   2026-01-23 12:46:33       0m 31s  ...                0.85         0.02
3   2026-01-23 12:47:05       0m 35s  ...               25.47         0.67
4   2026-01-23 12:47:40       0m 35s  ...               37.39         0.99
..                  ...          ...  ...                 ...          ...
57  2026-01-23 13:17:33       0m 33s  ...                4.27         0.10
58  2026-01-23 13:18:07       0m 34s  ...                8.31         0.19
59  2026-01-23 13:18:41       0m 47s  ...               86.63         2.58
60  2026-01-23 13:19:28       0m 33s  ...                0.61         0.02
61  2026-01-23 13:20:02       0m 38s  ...               28.01         0.73

[62 rows x 24 columns]
              timestamp time_elapsed  ... severity_rate_patch Gradient_sr2
0   2026-01-23 12:45:31       0m 31s  ...                1.74         0.04
1   2026-01-23 12:46:03       0m 29s  ...                4.36         0.11
2   2026-01-23 12:46:33       0m 31s  ...                0.85         0.02
3   2026-01-23 12:47:05       0m 35s  ...               25.47         0.67
4   2026-01-23 12:47:40       0m 35s  ...               37.39         0.99
..                  ...          ...  ...                 ...          ...
58  2026-01-23 13:18:07       0m 34s  ...                8.31         0.19
59  2026-01-23 13:18:41       0m 47s  ...               86.63         2.58
60  2026-01-23 13:19:28       0m 33s  ...                0.61         0.02
61  2026-01-23 13:20:02       0m 38s  ...               28.01         0.73
62  2026-01-23 13:20:40       0m 34s  ...               13.12         0.36

[63 rows x 24 columns]
[2026-01-23 13:26:42,585] - [root] - [INFO] - Analysis finished: 0m 33s
[2026-01-23 13:26:42,585] - [root] - [INFO] - -------------------------------------------
[2026-01-23 13:26:42,585] - [root] - [INFO] - -------------------------------------------
[2026-01-23 13:26:42,585] - [root] - [INFO] - Processing 1-22-2026 5dpi 174-W2021009-156_R2.png
[2026-01-23 13:27:03,259] - [root] - [INFO] - Finished loading mask: 0m 20s
[2026-01-23 13:27:13,883] - [root] - [INFO] - Finished crop and inference: 0m 31s
[2026-01-23 13:27:15,909] - [root] - [INFO] - Analysis finished: 0m 33s
[2026-01-23 13:27:15,909] - [root] - [INFO] - -------------------------------------------
[2026-01-23 13:27:15,909] - [root] - [INFO] - -------------------------------------------
[2026-01-23 13:27:15,909] - [root] - [INFO] - Processing 1-22-2026 5dpi 176-W2021009-256_R2.png
[2026-01-23 13:27:36,539] - [root] - [INFO] - Finished loading mask: 0m 20s
[2026-01-23 13:27:43,922] - [root] - [INFO] - Finished crop and inference: 0m 28s
[2026-01-23 13:27:45,991] - [root] - [INFO] - Analysis finished: 0m 30s
[2026-01-23 13:27:45,991] - [root] - [INFO] - -------------------------------------------
[2026-01-23 13:27:45,991] - [root] - [INFO] - -------------------------------------------
[2026-01-23 13:27:45,991] - [root] - [INFO] - Processing 1-22-2026 5dpi 177-W2021009-194_R1.png
[2026-01-23 13:28:07,044] - [root] - [INFO] - Finished loading mask: 0m 21s
[2026-01-23 13:28:18,036] - [root] - [INFO] - Finished crop and inference: 0m 32s
[2026-01-23 13:28:19,993] - [root] - [INFO] - Analysis finished: 0m 34s
[2026-01-23 13:28:19,993] - [root] - [INFO] - -------------------------------------------
[2026-01-23 13:28:19,993] - [root] - [INFO] - -------------------------------------------
[2026-01-23 13:28:19,993] - [root] - [INFO] - Processing 1-22-2026 5dpi 180-W2021009-152_R1.png
[2026-01-23 13:28:40,792] - [root] - [INFO] - Finished loading mask: 0m 20s
[2026-01-23 13:28:52,174] - [root] - [INFO] - Finished crop and inference: 0m 32s
[2026-01-23 13:28:54,149] - [root] - [INFO] - Analysis finished: 0m 34s
[2026-01-23 13:28:54,153] - [root] - [INFO] - -------------------------------------------
[2026-01-23 13:28:54,153] - [root] - [INFO] - -------------------------------------------
[2026-01-23 13:28:54,153] - [root] - [INFO] - Processing 1-22-2026 5dpi 180-W2021011-476_R2.png
[2026-01-23 13:29:15,142] - [root] - [INFO] - Finished loading mask: 0m 20s
[2026-01-23 13:29:34,432] - [root] - [INFO] - Finished crop and inference: 0m 40s
[2026-01-23 13:29:36,380] - [root] - [INFO] - Analysis finished: 0m 42s
[2026-01-23 13:29:36,380] - [root] - [INFO] - -------------------------------------------
[2026-01-23 13:29:36,380] - [root] - [INFO] - -------------------------------------------
[2026-01-23 13:29:36,380] - [root] - [INFO] - Processing 1-22-2026 5dpi 182-W2021009-251_R1.png
[2026-01-23 13:29:57,805] - [root] - [INFO] - Finished loading mask: 0m 21s
[2026-01-23 13:30:09,269] - [root] - [INFO] - Finished crop and inference: 0m 32s
[2026-01-23 13:30:11,173] - [root] - [INFO] - Analysis finished: 0m 34s
[2026-01-23 13:30:11,173] - [root] - [INFO] - -------------------------------------------
[2026-01-23 13:30:11,173] - [root] - [INFO] - -------------------------------------------
[2026-01-23 13:30:11,173] - [root] - [INFO] - Processing 1-22-2026 5dpi 183-W2021009-295_R1.png
[2026-01-23 13:30:32,016] - [root] - [INFO] - Finished loading mask: 0m 20s
[2026-01-23 13:30:41,546] - [root] - [INFO] - Finished crop and inference: 0m 30s
[2026-01-23 13:30:43,439] - [root] - [INFO] - Analysis finished: 0m 32s
[2026-01-23 13:30:43,439] - [root] - [INFO] - -------------------------------------------
[2026-01-23 13:30:43,439] - [root] - [INFO] - -------------------------------------------
[2026-01-23 13:30:43,439] - [root] - [INFO] - Processing 1-22-2026 5dpi 185-W2021009-199_R1.png
[2026-01-23 13:31:04,814] - [root] - [INFO] - Finished loading mask: 0m 21s
[2026-01-23 13:31:15,909] - [root] - [INFO] - Finished crop and inference: 0m 32s
              timestamp time_elapsed  ... severity_rate_patch Gradient_sr2
0   2026-01-23 12:45:31       0m 31s  ...                1.74         0.04
1   2026-01-23 12:46:03       0m 29s  ...                4.36         0.11
2   2026-01-23 12:46:33       0m 31s  ...                0.85         0.02
3   2026-01-23 12:47:05       0m 35s  ...               25.47         0.67
4   2026-01-23 12:47:40       0m 35s  ...               37.39         0.99
..                  ...          ...  ...                 ...          ...
59  2026-01-23 13:18:41       0m 47s  ...               86.63         2.58
60  2026-01-23 13:19:28       0m 33s  ...                0.61         0.02
61  2026-01-23 13:20:02       0m 38s  ...               28.01         0.73
62  2026-01-23 13:20:40       0m 34s  ...               13.12         0.36
63  2026-01-23 13:21:14       0m 32s  ...                2.62         0.07

[64 rows x 24 columns]
              timestamp time_elapsed  ... severity_rate_patch Gradient_sr2
0   2026-01-23 12:45:31       0m 31s  ...                1.74         0.04
1   2026-01-23 12:46:03       0m 29s  ...                4.36         0.11
2   2026-01-23 12:46:33       0m 31s  ...                0.85         0.02
3   2026-01-23 12:47:05       0m 35s  ...               25.47         0.67
4   2026-01-23 12:47:40       0m 35s  ...               37.39         0.99
..                  ...          ...  ...                 ...          ...
60  2026-01-23 13:19:28       0m 33s  ...                0.61         0.02
61  2026-01-23 13:20:02       0m 38s  ...               28.01         0.73
62  2026-01-23 13:20:40       0m 34s  ...               13.12         0.36
63  2026-01-23 13:21:14       0m 32s  ...                2.62         0.07
64  2026-01-23 13:21:47       0m 33s  ...               10.00         0.27

[65 rows x 24 columns]
              timestamp time_elapsed  ... severity_rate_patch Gradient_sr2
0   2026-01-23 12:45:31       0m 31s  ...                1.74         0.04
1   2026-01-23 12:46:03       0m 29s  ...                4.36         0.11
2   2026-01-23 12:46:33       0m 31s  ...                0.85         0.02
3   2026-01-23 12:47:05       0m 35s  ...               25.47         0.67
4   2026-01-23 12:47:40       0m 35s  ...               37.39         0.99
..                  ...          ...  ...                 ...          ...
61  2026-01-23 13:20:02       0m 38s  ...               28.01         0.73
62  2026-01-23 13:20:40       0m 34s  ...               13.12         0.36
63  2026-01-23 13:21:14       0m 32s  ...                2.62         0.07
64  2026-01-23 13:21:47       0m 33s  ...               10.00         0.27
65  2026-01-23 13:22:20       0m 34s  ...                7.64         0.19

[66 rows x 24 columns]
              timestamp time_elapsed  ... severity_rate_patch Gradient_sr2
0   2026-01-23 12:45:31       0m 31s  ...                1.74         0.04
1   2026-01-23 12:46:03       0m 29s  ...                4.36         0.11
2   2026-01-23 12:46:33       0m 31s  ...                0.85         0.02
3   2026-01-23 12:47:05       0m 35s  ...               25.47         0.67
4   2026-01-23 12:47:40       0m 35s  ...               37.39         0.99
..                  ...          ...  ...                 ...          ...
62  2026-01-23 13:20:40       0m 34s  ...               13.12         0.36
63  2026-01-23 13:21:14       0m 32s  ...                2.62         0.07
64  2026-01-23 13:21:47       0m 33s  ...               10.00         0.27
65  2026-01-23 13:22:20       0m 34s  ...                7.64         0.19
66  2026-01-23 13:22:55       0m 39s  ...               53.88         1.51

[67 rows x 24 columns]
              timestamp time_elapsed  ... severity_rate_patch Gradient_sr2
0   2026-01-23 12:45:31       0m 31s  ...                1.74         0.04
1   2026-01-23 12:46:03       0m 29s  ...                4.36         0.11
2   2026-01-23 12:46:33       0m 31s  ...                0.85         0.02
3   2026-01-23 12:47:05       0m 35s  ...               25.47         0.67
4   2026-01-23 12:47:40       0m 35s  ...               37.39         0.99
..                  ...          ...  ...                 ...          ...
63  2026-01-23 13:21:14       0m 32s  ...                2.62         0.07
64  2026-01-23 13:21:47       0m 33s  ...               10.00         0.27
65  2026-01-23 13:22:20       0m 34s  ...                7.64         0.19
66  2026-01-23 13:22:55       0m 39s  ...               53.88         1.51
67  2026-01-23 13:23:35       0m 32s  ...                2.18         0.06

[68 rows x 24 columns]
              timestamp time_elapsed  ... severity_rate_patch Gradient_sr2
0   2026-01-23 12:45:31       0m 31s  ...                1.74         0.04
1   2026-01-23 12:46:03       0m 29s  ...                4.36         0.11
2   2026-01-23 12:46:33       0m 31s  ...                0.85         0.02
3   2026-01-23 12:47:05       0m 35s  ...               25.47         0.67
4   2026-01-23 12:47:40       0m 35s  ...               37.39         0.99
..                  ...          ...  ...                 ...          ...
64  2026-01-23 13:21:47       0m 33s  ...               10.00         0.27
65  2026-01-23 13:22:20       0m 34s  ...                7.64         0.19
66  2026-01-23 13:22:55       0m 39s  ...               53.88         1.51
67  2026-01-23 13:23:35       0m 32s  ...                2.18         0.06
68  2026-01-23 13:24:07       0m 46s  ...               84.74         2.55

[69 rows x 24 columns]
              timestamp time_elapsed  ... severity_rate_patch Gradient_sr2
0   2026-01-23 12:45:31       0m 31s  ...                1.74         0.04
1   2026-01-23 12:46:03       0m 29s  ...                4.36         0.11
2   2026-01-23 12:46:33       0m 31s  ...                0.85         0.02
3   2026-01-23 12:47:05       0m 35s  ...               25.47         0.67
4   2026-01-23 12:47:40       0m 35s  ...               37.39         0.99
..                  ...          ...  ...                 ...          ...
65  2026-01-23 13:22:20       0m 34s  ...                7.64         0.19
66  2026-01-23 13:22:55       0m 39s  ...               53.88         1.51
67  2026-01-23 13:23:35       0m 32s  ...                2.18         0.06
68  2026-01-23 13:24:07       0m 46s  ...               84.74         2.55
69  2026-01-23 13:24:53       0m 40s  ...               57.21         1.60

[70 rows x 24 columns]
              timestamp time_elapsed  ... severity_rate_patch Gradient_sr2
0   2026-01-23 12:45:31       0m 31s  ...                1.74         0.04
1   2026-01-23 12:46:03       0m 29s  ...                4.36         0.11
2   2026-01-23 12:46:33       0m 31s  ...                0.85         0.02
3   2026-01-23 12:47:05       0m 35s  ...               25.47         0.67
4   2026-01-23 12:47:40       0m 35s  ...               37.39         0.99
..                  ...          ...  ...                 ...          ...
66  2026-01-23 13:22:55       0m 39s  ...               53.88         1.51
67  2026-01-23 13:23:35       0m 32s  ...                2.18         0.06
68  2026-01-23 13:24:07       0m 46s  ...               84.74         2.55
69  2026-01-23 13:24:53       0m 40s  ...               57.21         1.60
70  2026-01-23 13:25:34       0m 35s  ...                8.76         0.24

[71 rows x 24 columns]
[2026-01-23 13:31:17,820] - [root] - [INFO] - Analysis finished: 0m 34s
[2026-01-23 13:31:17,820] - [root] - [INFO] - -------------------------------------------
[2026-01-23 13:31:17,820] - [root] - [INFO] - -------------------------------------------
[2026-01-23 13:31:17,820] - [root] - [INFO] - Processing 1-22-2026 5dpi 185-W2021009-291_R2.png
[2026-01-23 13:31:40,408] - [root] - [INFO] - Finished loading mask: 0m 22s
[2026-01-23 13:31:52,017] - [root] - [INFO] - Finished crop and inference: 0m 34s
[2026-01-23 13:31:53,944] - [root] - [INFO] - Analysis finished: 0m 36s
[2026-01-23 13:31:53,944] - [root] - [INFO] - -------------------------------------------
[2026-01-23 13:31:53,944] - [root] - [INFO] - -------------------------------------------
[2026-01-23 13:31:53,944] - [root] - [INFO] - Processing 1-22-2026 5dpi 187-W2021010-348_R2.png
[2026-01-23 13:32:15,571] - [root] - [INFO] - Finished loading mask: 0m 21s
[2026-01-23 13:32:36,786] - [root] - [INFO] - Finished crop and inference: 0m 42s
[2026-01-23 13:32:38,896] - [root] - [INFO] - Analysis finished: 0m 44s
[2026-01-23 13:32:38,896] - [root] - [INFO] - -------------------------------------------
[2026-01-23 13:32:38,897] - [root] - [INFO] - -------------------------------------------
[2026-01-23 13:32:38,897] - [root] - [INFO] - Processing 1-22-2026 5dpi 191-W2021010-426_R2.png
[2026-01-23 13:33:01,233] - [root] - [INFO] - Finished loading mask: 0m 22s
[2026-01-23 13:33:13,465] - [root] - [INFO] - Finished crop and inference: 0m 34s
[2026-01-23 13:33:15,427] - [root] - [INFO] - Analysis finished: 0m 36s
[2026-01-23 13:33:15,427] - [root] - [INFO] - -------------------------------------------
[2026-01-23 13:33:15,427] - [root] - [INFO] - -------------------------------------------
[2026-01-23 13:33:15,427] - [root] - [INFO] - Processing 1-22-2026 5dpi 191-W2021010-449_R1.png
[2026-01-23 13:33:37,552] - [root] - [INFO] - Finished loading mask: 0m 22s
[2026-01-23 13:33:51,233] - [root] - [INFO] - Finished crop and inference: 0m 35s
[2026-01-23 13:33:53,177] - [root] - [INFO] - Analysis finished: 0m 37s
[2026-01-23 13:33:53,177] - [root] - [INFO] - -------------------------------------------
[2026-01-23 13:33:53,177] - [root] - [INFO] - -------------------------------------------
[2026-01-23 13:33:53,177] - [root] - [INFO] - Processing 1-22-2026 5dpi 192-W2021006-005_R1.png
[2026-01-23 13:34:14,631] - [root] - [INFO] - Finished loading mask: 0m 21s
[2026-01-23 13:34:24,502] - [root] - [INFO] - Finished crop and inference: 0m 31s
[2026-01-23 13:34:26,373] - [root] - [INFO] - Analysis finished: 0m 33s
[2026-01-23 13:34:26,375] - [root] - [INFO] - -------------------------------------------
[2026-01-23 13:34:26,375] - [root] - [INFO] - -------------------------------------------
[2026-01-23 13:34:26,375] - [root] - [INFO] - Processing 1-22-2026 5dpi 206-W2021010-344_R1.png
[2026-01-23 13:34:44,307] - [root] - [INFO] - Finished loading mask: 0m 17s
[2026-01-23 13:34:52,866] - [root] - [INFO] - Finished crop and inference: 0m 26s
[2026-01-23 13:34:54,323] - [root] - [INFO] - Analysis finished: 0m 27s
[2026-01-23 13:34:54,324] - [root] - [INFO] - -------------------------------------------
[2026-01-23 13:34:54,324] - [root] - [INFO] - -------------------------------------------
[2026-01-23 13:34:54,324] - [root] - [INFO] - Processing 1-22-2026 5dpi 207-W2021009-287_R2.png
[2026-01-23 13:35:11,084] - [root] - [INFO] - Finished loading mask: 0m 16s
[2026-01-23 13:35:19,204] - [root] - [INFO] - Finished crop and inference: 0m 24s
[2026-01-23 13:35:20,598] - [root] - [INFO] - Analysis finished: 0m 26s
[2026-01-23 13:35:20,598] - [root] - [INFO] - -------------------------------------------
[2026-01-23 13:35:20,598] - [root] - [INFO] - -------------------------------------------
[2026-01-23 13:35:20,598] - [root] - [INFO] - Processing 1-22-2026 5dpi 208-W2021009-268_R2.png
[2026-01-23 13:35:37,766] - [root] - [INFO] - Finished loading mask: 0m 17s
[2026-01-23 13:35:49,694] - [root] - [INFO] - Finished crop and inference: 0m 29s
              timestamp time_elapsed  ... severity_rate_patch Gradient_sr2
0   2026-01-23 12:45:31       0m 31s  ...                1.74         0.04
1   2026-01-23 12:46:03       0m 29s  ...                4.36         0.11
2   2026-01-23 12:46:33       0m 31s  ...                0.85         0.02
3   2026-01-23 12:47:05       0m 35s  ...               25.47         0.67
4   2026-01-23 12:47:40       0m 35s  ...               37.39         0.99
..                  ...          ...  ...                 ...          ...
67  2026-01-23 13:23:35       0m 32s  ...                2.18         0.06
68  2026-01-23 13:24:07       0m 46s  ...               84.74         2.55
69  2026-01-23 13:24:53       0m 40s  ...               57.21         1.60
70  2026-01-23 13:25:34       0m 35s  ...                8.76         0.24
71  2026-01-23 13:26:09       0m 33s  ...                1.64         0.04

[72 rows x 24 columns]
              timestamp time_elapsed  ... severity_rate_patch Gradient_sr2
0   2026-01-23 12:45:31       0m 31s  ...                1.74         0.04
1   2026-01-23 12:46:03       0m 29s  ...                4.36         0.11
2   2026-01-23 12:46:33       0m 31s  ...                0.85         0.02
3   2026-01-23 12:47:05       0m 35s  ...               25.47         0.67
4   2026-01-23 12:47:40       0m 35s  ...               37.39         0.99
..                  ...          ...  ...                 ...          ...
68  2026-01-23 13:24:07       0m 46s  ...               84.74         2.55
69  2026-01-23 13:24:53       0m 40s  ...               57.21         1.60
70  2026-01-23 13:25:34       0m 35s  ...                8.76         0.24
71  2026-01-23 13:26:09       0m 33s  ...                1.64         0.04
72  2026-01-23 13:26:42       0m 33s  ...               15.38         0.37

[73 rows x 24 columns]
              timestamp time_elapsed  ... severity_rate_patch Gradient_sr2
0   2026-01-23 12:45:31       0m 31s  ...                1.74         0.04
1   2026-01-23 12:46:03       0m 29s  ...                4.36         0.11
2   2026-01-23 12:46:33       0m 31s  ...                0.85         0.02
3   2026-01-23 12:47:05       0m 35s  ...               25.47         0.67
4   2026-01-23 12:47:40       0m 35s  ...               37.39         0.99
..                  ...          ...  ...                 ...          ...
69  2026-01-23 13:24:53       0m 40s  ...               57.21         1.60
70  2026-01-23 13:25:34       0m 35s  ...                8.76         0.24
71  2026-01-23 13:26:09       0m 33s  ...                1.64         0.04
72  2026-01-23 13:26:42       0m 33s  ...               15.38         0.37
73  2026-01-23 13:27:15       0m 30s  ...                3.28         0.08

[74 rows x 24 columns]
              timestamp time_elapsed  ... severity_rate_patch Gradient_sr2
0   2026-01-23 12:45:31       0m 31s  ...                1.74         0.04
1   2026-01-23 12:46:03       0m 29s  ...                4.36         0.11
2   2026-01-23 12:46:33       0m 31s  ...                0.85         0.02
3   2026-01-23 12:47:05       0m 35s  ...               25.47         0.67
4   2026-01-23 12:47:40       0m 35s  ...               37.39         0.99
..                  ...          ...  ...                 ...          ...
70  2026-01-23 13:25:34       0m 35s  ...                8.76         0.24
71  2026-01-23 13:26:09       0m 33s  ...                1.64         0.04
72  2026-01-23 13:26:42       0m 33s  ...               15.38         0.37
73  2026-01-23 13:27:15       0m 30s  ...                3.28         0.08
74  2026-01-23 13:27:45       0m 33s  ...               13.43         0.36

[75 rows x 24 columns]
              timestamp time_elapsed  ... severity_rate_patch Gradient_sr2
0   2026-01-23 12:45:31       0m 31s  ...                1.74         0.04
1   2026-01-23 12:46:03       0m 29s  ...                4.36         0.11
2   2026-01-23 12:46:33       0m 31s  ...                0.85         0.02
3   2026-01-23 12:47:05       0m 35s  ...               25.47         0.67
4   2026-01-23 12:47:40       0m 35s  ...               37.39         0.99
..                  ...          ...  ...                 ...          ...
71  2026-01-23 13:26:09       0m 33s  ...                1.64         0.04
72  2026-01-23 13:26:42       0m 33s  ...               15.38         0.37
73  2026-01-23 13:27:15       0m 30s  ...                3.28         0.08
74  2026-01-23 13:27:45       0m 33s  ...               13.43         0.36
75  2026-01-23 13:28:19       0m 34s  ...               24.95         0.55

[76 rows x 24 columns]
              timestamp time_elapsed  ... severity_rate_patch Gradient_sr2
0   2026-01-23 12:45:31       0m 31s  ...                1.74         0.04
1   2026-01-23 12:46:03       0m 29s  ...                4.36         0.11
2   2026-01-23 12:46:33       0m 31s  ...                0.85         0.02
3   2026-01-23 12:47:05       0m 35s  ...               25.47         0.67
4   2026-01-23 12:47:40       0m 35s  ...               37.39         0.99
..                  ...          ...  ...                 ...          ...
72  2026-01-23 13:26:42       0m 33s  ...               15.38         0.37
73  2026-01-23 13:27:15       0m 30s  ...                3.28         0.08
74  2026-01-23 13:27:45       0m 33s  ...               13.43         0.36
75  2026-01-23 13:28:19       0m 34s  ...               24.95         0.55
76  2026-01-23 13:28:54       0m 42s  ...               79.18         2.11

[77 rows x 24 columns]
              timestamp time_elapsed  ... severity_rate_patch Gradient_sr2
0   2026-01-23 12:45:31       0m 31s  ...                1.74         0.04
1   2026-01-23 12:46:03       0m 29s  ...                4.36         0.11
2   2026-01-23 12:46:33       0m 31s  ...                0.85         0.02
3   2026-01-23 12:47:05       0m 35s  ...               25.47         0.67
4   2026-01-23 12:47:40       0m 35s  ...               37.39         0.99
..                  ...          ...  ...                 ...          ...
73  2026-01-23 13:27:15       0m 30s  ...                3.28         0.08
74  2026-01-23 13:27:45       0m 33s  ...               13.43         0.36
75  2026-01-23 13:28:19       0m 34s  ...               24.95         0.55
76  2026-01-23 13:28:54       0m 42s  ...               79.18         2.11
77  2026-01-23 13:29:36       0m 34s  ...                4.96         0.12

[78 rows x 24 columns]
              timestamp time_elapsed  ... severity_rate_patch Gradient_sr2
0   2026-01-23 12:45:31       0m 31s  ...                1.74         0.04
1   2026-01-23 12:46:03       0m 29s  ...                4.36         0.11
2   2026-01-23 12:46:33       0m 31s  ...                0.85         0.02
3   2026-01-23 12:47:05       0m 35s  ...               25.47         0.67
4   2026-01-23 12:47:40       0m 35s  ...               37.39         0.99
..                  ...          ...  ...                 ...          ...
74  2026-01-23 13:27:45       0m 33s  ...               13.43         0.36
75  2026-01-23 13:28:19       0m 34s  ...               24.95         0.55
76  2026-01-23 13:28:54       0m 42s  ...               79.18         2.11
77  2026-01-23 13:29:36       0m 34s  ...                4.96         0.12
78  2026-01-23 13:30:11       0m 32s  ...                6.35         0.16

[79 rows x 24 columns]
[2026-01-23 13:35:51,069] - [root] - [INFO] - Analysis finished: 0m 30s
[2026-01-23 13:35:51,070] - [root] - [INFO] - -------------------------------------------
[2026-01-23 13:35:51,070] - [root] - [INFO] - -------------------------------------------
[2026-01-23 13:35:51,070] - [root] - [INFO] - Processing 1-22-2026 5dpi 209-W2021010-439_R2.png
[2026-01-23 13:36:08,789] - [root] - [INFO] - Finished loading mask: 0m 17s
[2026-01-23 13:36:21,968] - [root] - [INFO] - Finished crop and inference: 0m 30s
[2026-01-23 13:36:23,333] - [root] - [INFO] - Analysis finished: 0m 32s
[2026-01-23 13:36:23,333] - [root] - [INFO] - -------------------------------------------
[2026-01-23 13:36:23,333] - [root] - [INFO] - -------------------------------------------
[2026-01-23 13:36:23,333] - [root] - [INFO] - Processing 1-22-2026 5dpi 211-W2021011-598_R2.png
[2026-01-23 13:36:40,690] - [root] - [INFO] - Finished loading mask: 0m 17s
[2026-01-23 13:36:51,153] - [root] - [INFO] - Finished crop and inference: 0m 27s
[2026-01-23 13:36:52,495] - [root] - [INFO] - Analysis finished: 0m 29s
[2026-01-23 13:36:52,495] - [root] - [INFO] - -------------------------------------------
[2026-01-23 13:36:52,496] - [root] - [INFO] - -------------------------------------------
[2026-01-23 13:36:52,496] - [root] - [INFO] - Processing 1-22-2026 5dpi 215-W2021006-045_R2.png
[2026-01-23 13:37:09,405] - [root] - [INFO] - Finished loading mask: 0m 16s
[2026-01-23 13:37:18,150] - [root] - [INFO] - Finished crop and inference: 0m 25s
[2026-01-23 13:37:19,492] - [root] - [INFO] - Analysis finished: 0m 26s
[2026-01-23 13:37:19,492] - [root] - [INFO] - -------------------------------------------
[2026-01-23 13:37:19,492] - [root] - [INFO] - -------------------------------------------
[2026-01-23 13:37:19,492] - [root] - [INFO] - Processing 1-22-2026 5dpi 223-W2021010-442_R2.png
[2026-01-23 13:37:37,053] - [root] - [INFO] - Finished loading mask: 0m 17s
[2026-01-23 13:37:49,710] - [root] - [INFO] - Finished crop and inference: 0m 30s
[2026-01-23 13:37:51,080] - [root] - [INFO] - Analysis finished: 0m 31s
[2026-01-23 13:37:51,080] - [root] - [INFO] - -------------------------------------------
[2026-01-23 13:37:51,080] - [root] - [INFO] - -------------------------------------------
[2026-01-23 13:37:51,080] - [root] - [INFO] - Processing 1-22-2026 5dpi 226-W2021010-435_R1.png
[2026-01-23 13:38:08,149] - [root] - [INFO] - Finished loading mask: 0m 17s
[2026-01-23 13:38:17,295] - [root] - [INFO] - Finished crop and inference: 0m 26s
[2026-01-23 13:38:18,655] - [root] - [INFO] - Analysis finished: 0m 27s
[2026-01-23 13:38:18,655] - [root] - [INFO] - -------------------------------------------
[2026-01-23 13:38:18,655] - [root] - [INFO] - -------------------------------------------
[2026-01-23 13:38:18,655] - [root] - [INFO] - Processing 1-22-2026 5dpi 230-W2021010-373_R2.png
[2026-01-23 13:38:36,610] - [root] - [INFO] - Finished loading mask: 0m 17s
[2026-01-23 13:38:58,916] - [root] - [INFO] - Finished crop and inference: 0m 40s
[2026-01-23 13:39:00,306] - [root] - [INFO] - Analysis finished: 0m 41s
[2026-01-23 13:39:00,306] - [root] - [INFO] - -------------------------------------------
[2026-01-23 13:39:00,306] - [root] - [INFO] - -------------------------------------------
[2026-01-23 13:39:00,306] - [root] - [INFO] - Processing 1-22-2026 5dpi 233-W2021009-215_R2.png
[2026-01-23 13:39:17,309] - [root] - [INFO] - Finished loading mask: 0m 17s
[2026-01-23 13:39:27,755] - [root] - [INFO] - Finished crop and inference: 0m 27s
[2026-01-23 13:39:29,149] - [root] - [INFO] - Analysis finished: 0m 28s
[2026-01-23 13:39:29,149] - [root] - [INFO] - -------------------------------------------
[2026-01-23 13:39:29,149] - [root] - [INFO] - -------------------------------------------
[2026-01-23 13:39:29,150] - [root] - [INFO] - Processing 1-22-2026 5dpi 240-Symphony_R2.png
[2026-01-23 13:39:46,951] - [root] - [INFO] - Finished loading mask: 0m 17s
[2026-01-23 13:40:06,891] - [root] - [INFO] - Finished crop and inference: 0m 37s
              timestamp time_elapsed  ... severity_rate_patch Gradient_sr2
0   2026-01-23 12:45:31       0m 31s  ...                1.74         0.04
1   2026-01-23 12:46:03       0m 29s  ...                4.36         0.11
2   2026-01-23 12:46:33       0m 31s  ...                0.85         0.02
3   2026-01-23 12:47:05       0m 35s  ...               25.47         0.67
4   2026-01-23 12:47:40       0m 35s  ...               37.39         0.99
..                  ...          ...  ...                 ...          ...
75  2026-01-23 13:28:19       0m 34s  ...               24.95         0.55
76  2026-01-23 13:28:54       0m 42s  ...               79.18         2.11
77  2026-01-23 13:29:36       0m 34s  ...                4.96         0.12
78  2026-01-23 13:30:11       0m 32s  ...                6.35         0.16
79  2026-01-23 13:30:43       0m 34s  ...               13.00         0.28

[80 rows x 24 columns]
              timestamp time_elapsed  ... severity_rate_patch Gradient_sr2
0   2026-01-23 12:45:31       0m 31s  ...                1.74         0.04
1   2026-01-23 12:46:03       0m 29s  ...                4.36         0.11
2   2026-01-23 12:46:33       0m 31s  ...                0.85         0.02
3   2026-01-23 12:47:05       0m 35s  ...               25.47         0.67
4   2026-01-23 12:47:40       0m 35s  ...               37.39         0.99
..                  ...          ...  ...                 ...          ...
76  2026-01-23 13:28:54       0m 42s  ...               79.18         2.11
77  2026-01-23 13:29:36       0m 34s  ...                4.96         0.12
78  2026-01-23 13:30:11       0m 32s  ...                6.35         0.16
79  2026-01-23 13:30:43       0m 34s  ...               13.00         0.28
80  2026-01-23 13:31:17       0m 36s  ...                5.94         0.15

[81 rows x 24 columns]
              timestamp time_elapsed  ... severity_rate_patch Gradient_sr2
0   2026-01-23 12:45:31       0m 31s  ...                1.74         0.04
1   2026-01-23 12:46:03       0m 29s  ...                4.36         0.11
2   2026-01-23 12:46:33       0m 31s  ...                0.85         0.02
3   2026-01-23 12:47:05       0m 35s  ...               25.47         0.67
4   2026-01-23 12:47:40       0m 35s  ...               37.39         0.99
..                  ...          ...  ...                 ...          ...
77  2026-01-23 13:29:36       0m 34s  ...                4.96         0.12
78  2026-01-23 13:30:11       0m 32s  ...                6.35         0.16
79  2026-01-23 13:30:43       0m 34s  ...               13.00         0.28
80  2026-01-23 13:31:17       0m 36s  ...                5.94         0.15
81  2026-01-23 13:31:53       0m 44s  ...               85.45         2.49

[82 rows x 24 columns]
              timestamp time_elapsed  ... severity_rate_patch Gradient_sr2
0   2026-01-23 12:45:31       0m 31s  ...                1.74         0.04
1   2026-01-23 12:46:03       0m 29s  ...                4.36         0.11
2   2026-01-23 12:46:33       0m 31s  ...                0.85         0.02
3   2026-01-23 12:47:05       0m 35s  ...               25.47         0.67
4   2026-01-23 12:47:40       0m 35s  ...               37.39         0.99
..                  ...          ...  ...                 ...          ...
78  2026-01-23 13:30:11       0m 32s  ...                6.35         0.16
79  2026-01-23 13:30:43       0m 34s  ...               13.00         0.28
80  2026-01-23 13:31:17       0m 36s  ...                5.94         0.15
81  2026-01-23 13:31:53       0m 44s  ...               85.45         2.49
82  2026-01-23 13:32:38       0m 36s  ...                9.54         0.25

[83 rows x 24 columns]
              timestamp time_elapsed  ... severity_rate_patch Gradient_sr2
0   2026-01-23 12:45:31       0m 31s  ...                1.74         0.04
1   2026-01-23 12:46:03       0m 29s  ...                4.36         0.11
2   2026-01-23 12:46:33       0m 31s  ...                0.85         0.02
3   2026-01-23 12:47:05       0m 35s  ...               25.47         0.67
4   2026-01-23 12:47:40       0m 35s  ...               37.39         0.99
..                  ...          ...  ...                 ...          ...
79  2026-01-23 13:30:43       0m 34s  ...               13.00         0.28
80  2026-01-23 13:31:17       0m 36s  ...                5.94         0.15
81  2026-01-23 13:31:53       0m 44s  ...               85.45         2.49
82  2026-01-23 13:32:38       0m 36s  ...                9.54         0.25
83  2026-01-23 13:33:15       0m 37s  ...               23.32         0.63

[84 rows x 24 columns]
              timestamp time_elapsed  ... severity_rate_patch Gradient_sr2
0   2026-01-23 12:45:31       0m 31s  ...                1.74         0.04
1   2026-01-23 12:46:03       0m 29s  ...                4.36         0.11
2   2026-01-23 12:46:33       0m 31s  ...                0.85         0.02
3   2026-01-23 12:47:05       0m 35s  ...               25.47         0.67
4   2026-01-23 12:47:40       0m 35s  ...               37.39         0.99
..                  ...          ...  ...                 ...          ...
80  2026-01-23 13:31:17       0m 36s  ...                5.94         0.15
81  2026-01-23 13:31:53       0m 44s  ...               85.45         2.49
82  2026-01-23 13:32:38       0m 36s  ...                9.54         0.25
83  2026-01-23 13:33:15       0m 37s  ...               23.32         0.63
84  2026-01-23 13:33:53       0m 33s  ...                7.13         0.16

[85 rows x 24 columns]
              timestamp time_elapsed  ... severity_rate_patch Gradient_sr2
0   2026-01-23 12:45:31       0m 31s  ...                1.74         0.04
1   2026-01-23 12:46:03       0m 29s  ...                4.36         0.11
2   2026-01-23 12:46:33       0m 31s  ...                0.85         0.02
3   2026-01-23 12:47:05       0m 35s  ...               25.47         0.67
4   2026-01-23 12:47:40       0m 35s  ...               37.39         0.99
..                  ...          ...  ...                 ...          ...
81  2026-01-23 13:31:53       0m 44s  ...               85.45         2.49
82  2026-01-23 13:32:38       0m 36s  ...                9.54         0.25
83  2026-01-23 13:33:15       0m 37s  ...               23.32         0.63
84  2026-01-23 13:33:53       0m 33s  ...                7.13         0.16
85  2026-01-23 13:34:26       0m 27s  ...                6.06         0.16

[86 rows x 24 columns]
              timestamp time_elapsed  ... severity_rate_patch Gradient_sr2
0   2026-01-23 12:45:31       0m 31s  ...                1.74         0.04
1   2026-01-23 12:46:03       0m 29s  ...                4.36         0.11
2   2026-01-23 12:46:33       0m 31s  ...                0.85         0.02
3   2026-01-23 12:47:05       0m 35s  ...               25.47         0.67
4   2026-01-23 12:47:40       0m 35s  ...               37.39         0.99
..                  ...          ...  ...                 ...          ...
82  2026-01-23 13:32:38       0m 36s  ...                9.54         0.25
83  2026-01-23 13:33:15       0m 37s  ...               23.32         0.63
84  2026-01-23 13:33:53       0m 33s  ...                7.13         0.16
85  2026-01-23 13:34:26       0m 27s  ...                6.06         0.16
86  2026-01-23 13:34:54       0m 26s  ...                1.20         0.03

[87 rows x 24 columns]
[2026-01-23 13:40:08,236] - [root] - [INFO] - Analysis finished: 0m 39s
[2026-01-23 13:40:08,236] - [root] - [INFO] - -------------------------------------------
[2026-01-23 13:40:08,236] - [root] - [INFO] - -------------------------------------------
[2026-01-23 13:40:08,236] - [root] - [INFO] - Processing 1-22-2026 5dpi 254-W2021010-352_R2.png
[2026-01-23 13:40:24,467] - [root] - [INFO] - Finished loading mask: 0m 16s
[2026-01-23 13:40:31,379] - [root] - [INFO] - Finished crop and inference: 0m 23s
[2026-01-23 13:40:32,749] - [root] - [INFO] - Analysis finished: 0m 24s
[2026-01-23 13:40:32,749] - [root] - [INFO] - -------------------------------------------
[2026-01-23 13:40:32,749] - [root] - [INFO] - -------------------------------------------
[2026-01-23 13:40:32,749] - [root] - [INFO] - Processing 1-22-2026 5dpi 266-W2021009-193_R1.png
[2026-01-23 13:40:49,633] - [root] - [INFO] - Finished loading mask: 0m 16s
[2026-01-23 13:40:58,027] - [root] - [INFO] - Finished crop and inference: 0m 25s
[2026-01-23 13:40:59,424] - [root] - [INFO] - Analysis finished: 0m 26s
[2026-01-23 13:40:59,424] - [root] - [INFO] - -------------------------------------------
[2026-01-23 13:40:59,425] - [root] - [INFO] - -------------------------------------------
[2026-01-23 13:40:59,425] - [root] - [INFO] - Processing 1-22-2026 5dpi 313-W2021010-343_R1.png
[2026-01-23 13:41:15,775] - [root] - [INFO] - Finished loading mask: 0m 16s
[2026-01-23 13:41:23,573] - [root] - [INFO] - Finished crop and inference: 0m 24s
[2026-01-23 13:41:24,994] - [root] - [INFO] - Analysis finished: 0m 25s
[2026-01-23 13:41:24,994] - [root] - [INFO] - -------------------------------------------
[2026-01-23 13:41:24,994] - [root] - [INFO] - -------------------------------------------
[2026-01-23 13:41:24,994] - [root] - [INFO] - Processing 1-22-2026 5dpi 336-W2021011-506_R2.png
[2026-01-23 13:41:42,175] - [root] - [INFO] - Finished loading mask: 0m 17s
[2026-01-23 13:41:56,355] - [root] - [INFO] - Finished crop and inference: 0m 31s
[2026-01-23 13:41:57,731] - [root] - [INFO] - Analysis finished: 0m 32s
[2026-01-23 13:41:57,731] - [root] - [INFO] - -------------------------------------------
[2026-01-23 13:41:57,747] - [root] - [INFO] - Saved C:\Users\Intel User\Desktop\blackbird_scripts\data\Results\ResNet_upth0.6_downth0.1_Jan22_10-21-00_2026\1-22-2026\th_0.7\severity_rate_tray_5dpi.csv
              timestamp time_elapsed  ... severity_rate_patch Gradient_sr2
0   2026-01-23 12:45:31       0m 31s  ...                1.74         0.04
1   2026-01-23 12:46:03       0m 29s  ...                4.36         0.11
2   2026-01-23 12:46:33       0m 31s  ...                0.85         0.02
3   2026-01-23 12:47:05       0m 35s  ...               25.47         0.67
4   2026-01-23 12:47:40       0m 35s  ...               37.39         0.99
..                  ...          ...  ...                 ...          ...
83  2026-01-23 13:33:15       0m 37s  ...               23.32         0.63
84  2026-01-23 13:33:53       0m 33s  ...                7.13         0.16
85  2026-01-23 13:34:26       0m 27s  ...                6.06         0.16
86  2026-01-23 13:34:54       0m 26s  ...                1.20         0.03
87  2026-01-23 13:35:20       0m 30s  ...               31.65         0.76

[88 rows x 24 columns]
              timestamp time_elapsed  ... severity_rate_patch Gradient_sr2
0   2026-01-23 12:45:31       0m 31s  ...                1.74         0.04
1   2026-01-23 12:46:03       0m 29s  ...                4.36         0.11
2   2026-01-23 12:46:33       0m 31s  ...                0.85         0.02
3   2026-01-23 12:47:05       0m 35s  ...               25.47         0.67
4   2026-01-23 12:47:40       0m 35s  ...               37.39         0.99
..                  ...          ...  ...                 ...          ...
84  2026-01-23 13:33:53       0m 33s  ...                7.13         0.16
85  2026-01-23 13:34:26       0m 27s  ...                6.06         0.16
86  2026-01-23 13:34:54       0m 26s  ...                1.20         0.03
87  2026-01-23 13:35:20       0m 30s  ...               31.65         0.76
88  2026-01-23 13:35:51       0m 32s  ...               42.68         1.19

[89 rows x 24 columns]
              timestamp time_elapsed  ... severity_rate_patch Gradient_sr2
0   2026-01-23 12:45:31       0m 31s  ...                1.74         0.04
1   2026-01-23 12:46:03       0m 29s  ...                4.36         0.11
2   2026-01-23 12:46:33       0m 31s  ...                0.85         0.02
3   2026-01-23 12:47:05       0m 35s  ...               25.47         0.67
4   2026-01-23 12:47:40       0m 35s  ...               37.39         0.99
..                  ...          ...  ...                 ...          ...
85  2026-01-23 13:34:26       0m 27s  ...                6.06         0.16
86  2026-01-23 13:34:54       0m 26s  ...                1.20         0.03
87  2026-01-23 13:35:20       0m 30s  ...               31.65         0.76
88  2026-01-23 13:35:51       0m 32s  ...               42.68         1.19
89  2026-01-23 13:36:23       0m 29s  ...               14.13         0.40

[90 rows x 24 columns]
              timestamp time_elapsed  ... severity_rate_patch Gradient_sr2
0   2026-01-23 12:45:31       0m 31s  ...                1.74         0.04
1   2026-01-23 12:46:03       0m 29s  ...                4.36         0.11
2   2026-01-23 12:46:33       0m 31s  ...                0.85         0.02
3   2026-01-23 12:47:05       0m 35s  ...               25.47         0.67
4   2026-01-23 12:47:40       0m 35s  ...               37.39         0.99
..                  ...          ...  ...                 ...          ...
86  2026-01-23 13:34:54       0m 26s  ...                1.20         0.03
87  2026-01-23 13:35:20       0m 30s  ...               31.65         0.76
88  2026-01-23 13:35:51       0m 32s  ...               42.68         1.19
89  2026-01-23 13:36:23       0m 29s  ...               14.13         0.40
90  2026-01-23 13:36:52       0m 26s  ...               11.52         0.30

[91 rows x 24 columns]
              timestamp time_elapsed  ... severity_rate_patch Gradient_sr2
0   2026-01-23 12:45:31       0m 31s  ...                1.74         0.04
1   2026-01-23 12:46:03       0m 29s  ...                4.36         0.11
2   2026-01-23 12:46:33       0m 31s  ...                0.85         0.02
3   2026-01-23 12:47:05       0m 35s  ...               25.47         0.67
4   2026-01-23 12:47:40       0m 35s  ...               37.39         0.99
..                  ...          ...  ...                 ...          ...
87  2026-01-23 13:35:20       0m 30s  ...               31.65         0.76
88  2026-01-23 13:35:51       0m 32s  ...               42.68         1.19
89  2026-01-23 13:36:23       0m 29s  ...               14.13         0.40
90  2026-01-23 13:36:52       0m 26s  ...               11.52         0.30
91  2026-01-23 13:37:19       0m 31s  ...               45.04         1.15

[92 rows x 24 columns]
              timestamp time_elapsed  ... severity_rate_patch Gradient_sr2
0   2026-01-23 12:45:31       0m 31s  ...                1.74         0.04
1   2026-01-23 12:46:03       0m 29s  ...                4.36         0.11
2   2026-01-23 12:46:33       0m 31s  ...                0.85         0.02
3   2026-01-23 12:47:05       0m 35s  ...               25.47         0.67
4   2026-01-23 12:47:40       0m 35s  ...               37.39         0.99
..                  ...          ...  ...                 ...          ...
88  2026-01-23 13:35:51       0m 32s  ...               42.68         1.19
89  2026-01-23 13:36:23       0m 29s  ...               14.13         0.40
90  2026-01-23 13:36:52       0m 26s  ...               11.52         0.30
91  2026-01-23 13:37:19       0m 31s  ...               45.04         1.15
92  2026-01-23 13:37:51       0m 27s  ...               13.53         0.35

[93 rows x 24 columns]
              timestamp time_elapsed  ... severity_rate_patch Gradient_sr2
0   2026-01-23 12:45:31       0m 31s  ...                1.74         0.04
1   2026-01-23 12:46:03       0m 29s  ...                4.36         0.11
2   2026-01-23 12:46:33       0m 31s  ...                0.85         0.02
3   2026-01-23 12:47:05       0m 35s  ...               25.47         0.67
4   2026-01-23 12:47:40       0m 35s  ...               37.39         0.99
..                  ...          ...  ...                 ...          ...
89  2026-01-23 13:36:23       0m 29s  ...               14.13         0.40
90  2026-01-23 13:36:52       0m 26s  ...               11.52         0.30
91  2026-01-23 13:37:19       0m 31s  ...               45.04         1.15
92  2026-01-23 13:37:51       0m 27s  ...               13.53         0.35
93  2026-01-23 13:38:18       0m 41s  ...               98.85         3.19

[94 rows x 24 columns]
              timestamp time_elapsed  ... severity_rate_patch Gradient_sr2
0   2026-01-23 12:45:31       0m 31s  ...                1.74         0.04
1   2026-01-23 12:46:03       0m 29s  ...                4.36         0.11
2   2026-01-23 12:46:33       0m 31s  ...                0.85         0.02
3   2026-01-23 12:47:05       0m 35s  ...               25.47         0.67
4   2026-01-23 12:47:40       0m 35s  ...               37.39         0.99
..                  ...          ...  ...                 ...          ...
90  2026-01-23 13:36:52       0m 26s  ...               11.52         0.30
91  2026-01-23 13:37:19       0m 31s  ...               45.04         1.15
92  2026-01-23 13:37:51       0m 27s  ...               13.53         0.35
93  2026-01-23 13:38:18       0m 41s  ...               98.85         3.19
94  2026-01-23 13:39:00       0m 28s  ...               17.16         0.48

[95 rows x 24 columns]
              timestamp time_elapsed  ... severity_rate_patch Gradient_sr2
0   2026-01-23 12:45:31       0m 31s  ...                1.74         0.04
1   2026-01-23 12:46:03       0m 29s  ...                4.36         0.11
2   2026-01-23 12:46:33       0m 31s  ...                0.85         0.02
3   2026-01-23 12:47:05       0m 35s  ...               25.47         0.67
4   2026-01-23 12:47:40       0m 35s  ...               37.39         0.99
..                  ...          ...  ...                 ...          ...
91  2026-01-23 13:37:19       0m 31s  ...               45.04         1.15
92  2026-01-23 13:37:51       0m 27s  ...               13.53         0.35
93  2026-01-23 13:38:18       0m 41s  ...               98.85         3.19
94  2026-01-23 13:39:00       0m 28s  ...               17.16         0.48
95  2026-01-23 13:39:29       0m 39s  ...               83.68         2.54

[96 rows x 24 columns]
              timestamp time_elapsed  ... severity_rate_patch Gradient_sr2
0   2026-01-23 12:45:31       0m 31s  ...                1.74         0.04
1   2026-01-23 12:46:03       0m 29s  ...                4.36         0.11
2   2026-01-23 12:46:33       0m 31s  ...                0.85         0.02
3   2026-01-23 12:47:05       0m 35s  ...               25.47         0.67
4   2026-01-23 12:47:40       0m 35s  ...               37.39         0.99
..                  ...          ...  ...                 ...          ...
92  2026-01-23 13:37:51       0m 27s  ...               13.53         0.35
93  2026-01-23 13:38:18       0m 41s  ...               98.85         3.19
94  2026-01-23 13:39:00       0m 28s  ...               17.16         0.48
95  2026-01-23 13:39:29       0m 39s  ...               83.68         2.54
96  2026-01-23 13:40:08       0m 24s  ...                2.20         0.06

[97 rows x 24 columns]
              timestamp time_elapsed  ... severity_rate_patch Gradient_sr2
0   2026-01-23 12:45:31       0m 31s  ...                1.74         0.04
1   2026-01-23 12:46:03       0m 29s  ...                4.36         0.11
2   2026-01-23 12:46:33       0m 31s  ...                0.85         0.02
3   2026-01-23 12:47:05       0m 35s  ...               25.47         0.67
4   2026-01-23 12:47:40       0m 35s  ...               37.39         0.99
..                  ...          ...  ...                 ...          ...
93  2026-01-23 13:38:18       0m 41s  ...               98.85         3.19
94  2026-01-23 13:39:00       0m 28s  ...               17.16         0.48
95  2026-01-23 13:39:29       0m 39s  ...               83.68         2.54
96  2026-01-23 13:40:08       0m 24s  ...                2.20         0.06
97  2026-01-23 13:40:32       0m 26s  ...               10.16         0.27

[98 rows x 24 columns]
              timestamp time_elapsed  ... severity_rate_patch Gradient_sr2
0   2026-01-23 12:45:31       0m 31s  ...                1.74         0.04
1   2026-01-23 12:46:03       0m 29s  ...                4.36         0.11
2   2026-01-23 12:46:33       0m 31s  ...                0.85         0.02
3   2026-01-23 12:47:05       0m 35s  ...               25.47         0.67
4   2026-01-23 12:47:40       0m 35s  ...               37.39         0.99
..                  ...          ...  ...                 ...          ...
94  2026-01-23 13:39:00       0m 28s  ...               17.16         0.48
95  2026-01-23 13:39:29       0m 39s  ...               83.68         2.54
96  2026-01-23 13:40:08       0m 24s  ...                2.20         0.06
97  2026-01-23 13:40:32       0m 26s  ...               10.16         0.27
98  2026-01-23 13:40:59       0m 25s  ...                4.23         0.11

[99 rows x 24 columns]
              timestamp time_elapsed  ... severity_rate_patch Gradient_sr2
0   2026-01-23 12:45:31       0m 31s  ...                1.74         0.04
1   2026-01-23 12:46:03       0m 29s  ...                4.36         0.11
2   2026-01-23 12:46:33       0m 31s  ...                0.85         0.02
3   2026-01-23 12:47:05       0m 35s  ...               25.47         0.67
4   2026-01-23 12:47:40       0m 35s  ...               37.39         0.99
..                  ...          ...  ...                 ...          ...
95  2026-01-23 13:39:29       0m 39s  ...               83.68         2.54
96  2026-01-23 13:40:08       0m 24s  ...                2.20         0.06
97  2026-01-23 13:40:32       0m 26s  ...               10.16         0.27
98  2026-01-23 13:40:59       0m 25s  ...                4.23         0.11
99  2026-01-23 13:41:24       0m 32s  ...               47.28         1.25

[100 rows x 24 columns]

real	56m33.459s
user	0m0.031s
sys	0m0.000s
