[2026-01-23 10:50:56,027] - [root] - [INFO] - leaf_correlation_mw.py
[2026-01-23 10:50:56,027] - [root] - [INFO] - model_type       : ResNet
[2026-01-23 10:50:56,027] - [root] - [INFO] - pretrained       : True
[2026-01-23 10:50:56,027] - [root] - [INFO] - loading_epoch    : 65
[2026-01-23 10:50:56,027] - [root] - [INFO] - timestamp        : Jan22_10-21-00_2026
[2026-01-23 10:50:56,027] - [root] - [INFO] - outdim           : 2
[2026-01-23 10:50:56,027] - [root] - [INFO] - dual_head        : True
[2026-01-23 10:50:56,027] - [root] - [INFO] - model_path       : ../..
[2026-01-23 10:50:56,027] - [root] - [INFO] - step_size        : 224
[2026-01-23 10:50:56,027] - [root] - [INFO] - means            : [0.541, 0.6371, 0.4188]
[2026-01-23 10:50:56,027] - [root] - [INFO] - stds             : [0.1764, 0.165, 0.2326]
[2026-01-23 10:50:56,027] - [root] - [INFO] - target_class     : 1
[2026-01-23 10:50:56,027] - [root] - [INFO] - contam_control   : False
[2026-01-23 10:50:56,028] - [root] - [INFO] - spor_th          : 0.6
[2026-01-23 10:50:56,028] - [root] - [INFO] - inf_gate         : 0.4
[2026-01-23 10:50:56,028] - [root] - [INFO] - pm               : HPM-1269
[2026-01-23 10:50:56,028] - [root] - [INFO] - mps              : False
[2026-01-23 10:50:56,028] - [root] - [INFO] - cuda             : True
[2026-01-23 10:50:56,028] - [root] - [INFO] - cuda_id          : 0
[2026-01-23 10:50:56,028] - [root] - [INFO] - sal_threshold    : 0.5
[2026-01-23 10:50:56,028] - [root] - [INFO] - up_threshold     : 0.6
[2026-01-23 10:50:56,028] - [root] - [INFO] - down_threshold   : 0.1
[2026-01-23 10:50:56,028] - [root] - [INFO] - dataset_path     : C:/Users/Intel User/Desktop/blackbird_scripts/data/human_disk_assessments
[2026-01-23 10:50:56,028] - [root] - [INFO] - img_folder       : 1-22-2026
[2026-01-23 10:50:56,028] - [root] - [INFO] - platform         : BlackBird
[2026-01-23 10:50:56,028] - [root] - [INFO] - threshold        : ['0.7']
[2026-01-23 10:50:56,028] - [root] - [INFO] - log              : ../../results/logs/random.log
[2026-01-23 10:50:56,028] - [root] - [INFO] - dpi              : 5
[2026-01-23 10:50:56,028] - [root] - [INFO] - group            : baseline
[2026-01-23 10:50:56,028] - [root] - [INFO] - trays            : ['5dpi']
[2026-01-23 10:50:56,028] - [root] - [INFO] - sal_gradcam      : False
[2026-01-23 10:50:56,028] - [root] - [INFO] - sal_gradient     : True
[2026-01-23 10:50:56,028] - [root] - [INFO] - sal_smoothgrad   : False
[2026-01-23 10:50:56,028] - [root] - [INFO] - sal_deeplift     : False
[2026-01-23 10:50:56,029] - [root] - [INFO] - sal_thresh_method : fixed
[2026-01-23 10:50:56,029] - [root] - [INFO] - sal_thresh_p     : 95.0
[2026-01-23 10:50:57,124] - [root] - [INFO] - -------------------------------------------
[2026-01-23 10:50:57,124] - [root] - [INFO] - Processing 1-22-2026 5dpi 002-W2021006-081_R1.png
[2026-01-23 10:51:18,222] - [root] - [INFO] - Finished loading mask: 0m 21s
[2026-01-23 10:51:29,286] - [root] - [INFO] - Finished crop and inference: 0m 32s
[2026-01-23 10:51:31,154] - [root] - [INFO] - Analysis finished: 0m 34s
[2026-01-23 10:51:31,154] - [root] - [INFO] - -------------------------------------------
[2026-01-23 10:51:31,154] - [root] - [INFO] - -------------------------------------------
[2026-01-23 10:51:31,154] - [root] - [INFO] - Processing 1-22-2026 5dpi 002-W2021010-336_R2.png
[2026-01-23 10:51:53,502] - [root] - [INFO] - Finished loading mask: 0m 22s
[2026-01-23 10:52:03,117] - [root] - [INFO] - Finished crop and inference: 0m 31s
[2026-01-23 10:52:05,083] - [root] - [INFO] - Analysis finished: 0m 33s
[2026-01-23 10:52:05,083] - [root] - [INFO] - -------------------------------------------
[2026-01-23 10:52:05,083] - [root] - [INFO] - -------------------------------------------
[2026-01-23 10:52:05,083] - [root] - [INFO] - Processing 1-22-2026 5dpi 005-W2021011-592_R2.png
[2026-01-23 10:52:26,813] - [root] - [INFO] - Finished loading mask: 0m 21s
[2026-01-23 10:52:37,008] - [root] - [INFO] - Finished crop and inference: 0m 31s
[2026-01-23 10:52:38,963] - [root] - [INFO] - Analysis finished: 0m 33s
[2026-01-23 10:52:38,964] - [root] - [INFO] - -------------------------------------------
[2026-01-23 10:52:38,964] - [root] - [INFO] - -------------------------------------------
[2026-01-23 10:52:38,964] - [root] - [INFO] - Processing 1-22-2026 5dpi 009-W2021010-311_R2.png
[2026-01-23 10:53:01,718] - [root] - [INFO] - Finished loading mask: 0m 22s
[2026-01-23 10:53:15,859] - [root] - [INFO] - Finished crop and inference: 0m 36s
[2026-01-23 10:53:17,706] - [root] - [INFO] - Analysis finished: 0m 38s
[2026-01-23 10:53:17,706] - [root] - [INFO] - -------------------------------------------
[2026-01-23 10:53:17,707] - [root] - [INFO] - -------------------------------------------
[2026-01-23 10:53:17,707] - [root] - [INFO] - Processing 1-22-2026 5dpi 010-W2021010-347_R2.png
[2026-01-23 10:53:41,225] - [root] - [INFO] - Finished loading mask: 0m 23s
[2026-01-23 10:53:56,097] - [root] - [INFO] - Finished crop and inference: 0m 38s
[2026-01-23 10:53:57,732] - [root] - [INFO] - Analysis finished: 0m 40s
[2026-01-23 10:53:57,733] - [root] - [INFO] - -------------------------------------------
[2026-01-23 10:53:57,733] - [root] - [INFO] - -------------------------------------------
[2026-01-23 10:53:57,733] - [root] - [INFO] - Processing 1-22-2026 5dpi 013-W2021009-172_R2.png
[2026-01-23 10:54:17,707] - [root] - [INFO] - Finished loading mask: 0m 19s
[2026-01-23 10:54:27,115] - [root] - [INFO] - Finished crop and inference: 0m 29s
[2026-01-23 10:54:28,785] - [root] - [INFO] - Analysis finished: 0m 31s
[2026-01-23 10:54:28,785] - [root] - [INFO] - -------------------------------------------
[2026-01-23 10:54:28,785] - [root] - [INFO] - -------------------------------------------
[2026-01-23 10:54:28,785] - [root] - [INFO] - Processing 1-22-2026 5dpi 015-W2021009-160_R1.png
[2026-01-23 10:54:49,174] - [root] - [INFO] - Finished loading mask: 0m 20s
[2026-01-23 10:55:03,049] - [root] - [INFO] - Finished crop and inference: 0m 34s
[2026-01-23 10:55:04,711] - [root] - [INFO] - Analysis finished: 0m 35s
[2026-01-23 10:55:04,711] - [root] - [INFO] - -------------------------------------------
[2026-01-23 10:55:04,711] - [root] - [INFO] - -------------------------------------------
[2026-01-23 10:55:04,711] - [root] - [INFO] - Processing 1-22-2026 5dpi 015-W2021011-633_R1.png
[2026-01-23 10:55:23,932] - [root] - [INFO] - Finished loading mask: 0m 19s
[2026-01-23 10:55:36,664] - [root] - [INFO] - Finished crop and inference: 0m 31s
[2026-01-23 10:55:38,258] - [root] - [INFO] - Analysis finished: 0m 33s
[2026-01-23 10:55:38,258] - [root] - [INFO] - -------------------------------------------
[2026-01-23 10:55:38,258] - [root] - [INFO] - -------------------------------------------
[2026-01-23 10:55:38,258] - [root] - [INFO] - Processing 1-22-2026 5dpi 017-W2021006-612_R2.png
[2026-01-23 10:55:58,706] - [root] - [INFO] - Finished loading mask: 0m 20s
[2026-01-23 10:56:11,502] - [root] - [INFO] - Finished crop and inference: 0m 33s
[2026-01-23 10:56:13,176] - [root] - [INFO] - Analysis finished: 0m 34s
[2026-01-23 10:56:13,176] - [root] - [INFO] - -------------------------------------------
[2026-01-23 10:56:13,176] - [root] - [INFO] - -------------------------------------------
[2026-01-23 10:56:13,176] - [root] - [INFO] - Processing 1-22-2026 5dpi 019-W2021010-428_R2.png
[2026-01-23 10:56:34,593] - [root] - [INFO] - Finished loading mask: 0m 21s
[2026-01-23 10:56:43,846] - [root] - [INFO] - Finished crop and inference: 0m 30s
[2026-01-23 10:56:45,489] - [root] - [INFO] - Analysis finished: 0m 32s
[2026-01-23 10:56:45,489] - [root] - [INFO] - -------------------------------------------
[2026-01-23 10:56:45,489] - [root] - [INFO] - -------------------------------------------
[2026-01-23 10:56:45,489] - [root] - [INFO] - Processing 1-22-2026 5dpi 021-W2021009-175_R1.png
[2026-01-23 10:57:05,943] - [root] - [INFO] - Finished loading mask: 0m 20s
[2026-01-23 10:57:16,753] - [root] - [INFO] - Finished crop and inference: 0m 31s
[2026-01-23 10:57:18,638] - [root] - [INFO] - Analysis finished: 0m 33s
[2026-01-23 10:57:18,638] - [root] - [INFO] - -------------------------------------------
[2026-01-23 10:57:18,638] - [root] - [INFO] - -------------------------------------------
[2026-01-23 10:57:18,638] - [root] - [INFO] - Processing 1-22-2026 5dpi 022-W2021009-198_R2.png
[2026-01-23 10:57:42,237] - [root] - [INFO] - Finished loading mask: 0m 23s
[2026-01-23 10:57:55,015] - [root] - [INFO] - Finished crop and inference: 0m 36s
[2026-01-23 10:57:56,666] - [root] - [INFO] - Analysis finished: 0m 38s
[2026-01-23 10:57:56,666] - [root] - [INFO] - -------------------------------------------
[2026-01-23 10:57:56,666] - [root] - [INFO] - -------------------------------------------
[2026-01-23 10:57:56,666] - [root] - [INFO] - Processing 1-22-2026 5dpi 023-W2021006-049_R1.png
[2026-01-23 10:58:16,374] - [root] - [INFO] - Finished loading mask: 0m 19s
[2026-01-23 10:58:27,871] - [root] - [INFO] - Finished crop and inference: 0m 31s
[2026-01-23 10:58:29,668] - [root] - [INFO] - Analysis finished: 0m 33s
[2026-01-23 10:58:29,668] - [root] - [INFO] - -------------------------------------------
[2026-01-23 10:58:29,668] - [root] - [INFO] - -------------------------------------------
[2026-01-23 10:58:29,668] - [root] - [INFO] - Processing 1-22-2026 5dpi 023-W2021010-305_R2.png
[2026-01-23 10:58:50,146] - [root] - [INFO] - Finished loading mask: 0m 20s
[2026-01-23 10:59:00,814] - [root] - [INFO] - Finished crop and inference: 0m 31s
[2026-01-23 10:59:02,575] - [root] - [INFO] - Analysis finished: 0m 32s
[2026-01-23 10:59:02,575] - [root] - [INFO] - -------------------------------------------
[2026-01-23 10:59:02,575] - [root] - [INFO] - -------------------------------------------
[2026-01-23 10:59:02,575] - [root] - [INFO] - Processing 1-22-2026 5dpi 026-W2021009-622_R2.png
[2026-01-23 10:59:22,793] - [root] - [INFO] - Finished loading mask: 0m 20s
[2026-01-23 10:59:36,670] - [root] - [INFO] - Finished crop and inference: 0m 34s
[2026-01-23 10:59:38,298] - [root] - [INFO] - Analysis finished: 0m 35s
[2026-01-23 10:59:38,298] - [root] - [INFO] - -------------------------------------------
[2026-01-23 10:59:38,298] - [root] - [INFO] - -------------------------------------------
[2026-01-23 10:59:38,298] - [root] - [INFO] - Processing 1-22-2026 5dpi 032-W2021006-041_R2.png
[2026-01-23 10:59:58,534] - [root] - [INFO] - Finished loading mask: 0m 20s
[2026-01-23 11:00:11,080] - [root] - [INFO] - Finished crop and inference: 0m 32s
[2026-01-23 11:00:12,764] - [root] - [INFO] - Analysis finished: 0m 34s
[2026-01-23 11:00:12,764] - [root] - [INFO] - -------------------------------------------
[2026-01-23 11:00:12,764] - [root] - [INFO] - -------------------------------------------
[2026-01-23 11:00:12,764] - [root] - [INFO] - Processing 1-22-2026 5dpi 032-W2021009-155_R1.png
[2026-01-23 11:00:32,549] - [root] - [INFO] - Finished loading mask: 0m 19s
[2026-01-23 11:00:55,741] - [root] - [INFO] - Finished crop and inference: 0m 42s
[2026-01-23 11:00:57,403] - [root] - [INFO] - Analysis finished: 0m 44s
[2026-01-23 11:00:57,403] - [root] - [INFO] - -------------------------------------------
[2026-01-23 11:00:57,403] - [root] - [INFO] - -------------------------------------------
[2026-01-23 11:00:57,403] - [root] - [INFO] - Processing 1-22-2026 5dpi 036-W2021006-047_R2.png
[2026-01-23 11:01:16,695] - [root] - [INFO] - Finished loading mask: 0m 19s
[2026-01-23 11:01:26,000] - [root] - [INFO] - Finished crop and inference: 0m 28s
[2026-01-23 11:01:27,728] - [root] - [INFO] - Analysis finished: 0m 30s
[2026-01-23 11:01:27,728] - [root] - [INFO] - -------------------------------------------
[2026-01-23 11:01:27,728] - [root] - [INFO] - -------------------------------------------
[2026-01-23 11:01:27,728] - [root] - [INFO] - Processing 1-22-2026 5dpi 040-W2021009-207_R1.png
[2026-01-23 11:01:47,024] - [root] - [INFO] - Finished loading mask: 0m 19s
[2026-01-23 11:01:59,219] - [root] - [INFO] - Finished crop and inference: 0m 31s
[2026-01-23 11:02:00,866] - [root] - [INFO] - Analysis finished: 0m 33s
[2026-01-23 11:02:00,866] - [root] - [INFO] - -------------------------------------------
[2026-01-23 11:02:00,866] - [root] - [INFO] - -------------------------------------------
[2026-01-23 11:02:00,866] - [root] - [INFO] - Processing 1-22-2026 5dpi 042-W2021010-429_R1.png
[2026-01-23 11:02:19,943] - [root] - [INFO] - Finished loading mask: 0m 19s
[2026-01-23 11:02:38,285] - [root] - [INFO] - Finished crop and inference: 0m 37s
             timestamp time_elapsed  ... severity_rate_patch Gradient_sr2
0  2026-01-23 10:50:57       0m 33s  ...                1.74         0.04

[1 rows x 24 columns]
             timestamp time_elapsed  ... severity_rate_patch Gradient_sr2
0  2026-01-23 10:50:57       0m 33s  ...                1.74         0.04
1  2026-01-23 10:51:31       0m 33s  ...                4.36         0.11

[2 rows x 24 columns]
             timestamp time_elapsed  ... severity_rate_patch Gradient_sr2
0  2026-01-23 10:50:57       0m 33s  ...                1.74         0.04
1  2026-01-23 10:51:31       0m 33s  ...                4.36         0.11
2  2026-01-23 10:52:05       0m 33s  ...                0.85         0.02

[3 rows x 24 columns]
             timestamp time_elapsed  ... severity_rate_patch Gradient_sr2
0  2026-01-23 10:50:57       0m 33s  ...                1.74         0.04
1  2026-01-23 10:51:31       0m 33s  ...                4.36         0.11
2  2026-01-23 10:52:05       0m 33s  ...                0.85         0.02
3  2026-01-23 10:52:38       0m 38s  ...               25.47         0.67

[4 rows x 24 columns]
             timestamp time_elapsed  ... severity_rate_patch Gradient_sr2
0  2026-01-23 10:50:57       0m 33s  ...                1.74         0.04
1  2026-01-23 10:51:31       0m 33s  ...                4.36         0.11
2  2026-01-23 10:52:05       0m 33s  ...                0.85         0.02
3  2026-01-23 10:52:38       0m 38s  ...               25.47         0.67
4  2026-01-23 10:53:17       0m 40s  ...               37.39         0.99

[5 rows x 24 columns]
             timestamp time_elapsed  ... severity_rate_patch Gradient_sr2
0  2026-01-23 10:50:57       0m 33s  ...                1.74         0.04
1  2026-01-23 10:51:31       0m 33s  ...                4.36         0.11
2  2026-01-23 10:52:05       0m 33s  ...                0.85         0.02
3  2026-01-23 10:52:38       0m 38s  ...               25.47         0.67
4  2026-01-23 10:53:17       0m 40s  ...               37.39         0.99
5  2026-01-23 10:53:57       0m 31s  ...                0.45         0.01

[6 rows x 24 columns]
             timestamp time_elapsed  ... severity_rate_patch Gradient_sr2
0  2026-01-23 10:50:57       0m 33s  ...                1.74         0.04
1  2026-01-23 10:51:31       0m 33s  ...                4.36         0.11
2  2026-01-23 10:52:05       0m 33s  ...                0.85         0.02
3  2026-01-23 10:52:38       0m 38s  ...               25.47         0.67
4  2026-01-23 10:53:17       0m 40s  ...               37.39         0.99
5  2026-01-23 10:53:57       0m 31s  ...                0.45         0.01
6  2026-01-23 10:54:28       0m 35s  ...               38.62         0.91

[7 rows x 24 columns]
             timestamp time_elapsed  ... severity_rate_patch Gradient_sr2
0  2026-01-23 10:50:57       0m 33s  ...                1.74         0.04
1  2026-01-23 10:51:31       0m 33s  ...                4.36         0.11
2  2026-01-23 10:52:05       0m 33s  ...                0.85         0.02
3  2026-01-23 10:52:38       0m 38s  ...               25.47         0.67
4  2026-01-23 10:53:17       0m 40s  ...               37.39         0.99
5  2026-01-23 10:53:57       0m 31s  ...                0.45         0.01
6  2026-01-23 10:54:28       0m 35s  ...               38.62         0.91
7  2026-01-23 10:55:04       0m 33s  ...               19.86         0.56

[8 rows x 24 columns]
             timestamp time_elapsed  ... severity_rate_patch Gradient_sr2
0  2026-01-23 10:50:57       0m 33s  ...                1.74         0.04
1  2026-01-23 10:51:31       0m 33s  ...                4.36         0.11
2  2026-01-23 10:52:05       0m 33s  ...                0.85         0.02
3  2026-01-23 10:52:38       0m 38s  ...               25.47         0.67
4  2026-01-23 10:53:17       0m 40s  ...               37.39         0.99
5  2026-01-23 10:53:57       0m 31s  ...                0.45         0.01
6  2026-01-23 10:54:28       0m 35s  ...               38.62         0.91
7  2026-01-23 10:55:04       0m 33s  ...               19.86         0.56
8  2026-01-23 10:55:38       0m 34s  ...               39.61         1.05

[9 rows x 24 columns]
             timestamp time_elapsed  ... severity_rate_patch Gradient_sr2
0  2026-01-23 10:50:57       0m 33s  ...                1.74         0.04
1  2026-01-23 10:51:31       0m 33s  ...                4.36         0.11
2  2026-01-23 10:52:05       0m 33s  ...                0.85         0.02
3  2026-01-23 10:52:38       0m 38s  ...               25.47         0.67
4  2026-01-23 10:53:17       0m 40s  ...               37.39         0.99
5  2026-01-23 10:53:57       0m 31s  ...                0.45         0.01
6  2026-01-23 10:54:28       0m 35s  ...               38.62         0.91
7  2026-01-23 10:55:04       0m 33s  ...               19.86         0.56
8  2026-01-23 10:55:38       0m 34s  ...               39.61         1.05
9  2026-01-23 10:56:13       0m 32s  ...                1.79         0.05

[10 rows x 24 columns]
              timestamp time_elapsed  ... severity_rate_patch Gradient_sr2
0   2026-01-23 10:50:57       0m 33s  ...                1.74         0.04
1   2026-01-23 10:51:31       0m 33s  ...                4.36         0.11
2   2026-01-23 10:52:05       0m 33s  ...                0.85         0.02
3   2026-01-23 10:52:38       0m 38s  ...               25.47         0.67
4   2026-01-23 10:53:17       0m 40s  ...               37.39         0.99
5   2026-01-23 10:53:57       0m 31s  ...                0.45         0.01
6   2026-01-23 10:54:28       0m 35s  ...               38.62         0.91
7   2026-01-23 10:55:04       0m 33s  ...               19.86         0.56
8   2026-01-23 10:55:38       0m 34s  ...               39.61         1.05
9   2026-01-23 10:56:13       0m 32s  ...                1.79         0.05
10  2026-01-23 10:56:45       0m 33s  ...                2.79         0.07

[11 rows x 24 columns]
              timestamp time_elapsed  ... severity_rate_patch Gradient_sr2
0   2026-01-23 10:50:57       0m 33s  ...                1.74         0.04
1   2026-01-23 10:51:31       0m 33s  ...                4.36         0.11
2   2026-01-23 10:52:05       0m 33s  ...                0.85         0.02
3   2026-01-23 10:52:38       0m 38s  ...               25.47         0.67
4   2026-01-23 10:53:17       0m 40s  ...               37.39         0.99
5   2026-01-23 10:53:57       0m 31s  ...                0.45         0.01
6   2026-01-23 10:54:28       0m 35s  ...               38.62         0.91
7   2026-01-23 10:55:04       0m 33s  ...               19.86         0.56
8   2026-01-23 10:55:38       0m 34s  ...               39.61         1.05
9   2026-01-23 10:56:13       0m 32s  ...                1.79         0.05
10  2026-01-23 10:56:45       0m 33s  ...                2.79         0.07
11  2026-01-23 10:57:18       0m 38s  ...               20.77         0.49

[12 rows x 24 columns]
              timestamp time_elapsed  ... severity_rate_patch Gradient_sr2
0   2026-01-23 10:50:57       0m 33s  ...                1.74         0.04
1   2026-01-23 10:51:31       0m 33s  ...                4.36         0.11
2   2026-01-23 10:52:05       0m 33s  ...                0.85         0.02
3   2026-01-23 10:52:38       0m 38s  ...               25.47         0.67
4   2026-01-23 10:53:17       0m 40s  ...               37.39         0.99
5   2026-01-23 10:53:57       0m 31s  ...                0.45         0.01
6   2026-01-23 10:54:28       0m 35s  ...               38.62         0.91
7   2026-01-23 10:55:04       0m 33s  ...               19.86         0.56
8   2026-01-23 10:55:38       0m 34s  ...               39.61         1.05
9   2026-01-23 10:56:13       0m 32s  ...                1.79         0.05
10  2026-01-23 10:56:45       0m 33s  ...                2.79         0.07
11  2026-01-23 10:57:18       0m 38s  ...               20.77         0.49
12  2026-01-23 10:57:56       0m 32s  ...               20.60         0.51

[13 rows x 24 columns]
[2026-01-23 11:02:40,002] - [root] - [INFO] - Analysis finished: 0m 39s
[2026-01-23 11:02:40,002] - [root] - [INFO] - -------------------------------------------
[2026-01-23 11:02:40,002] - [root] - [INFO] - -------------------------------------------
[2026-01-23 11:02:40,002] - [root] - [INFO] - Processing 1-22-2026 5dpi 044-W2021009-169_R2.png
[2026-01-23 11:02:59,532] - [root] - [INFO] - Finished loading mask: 0m 19s
[2026-01-23 11:03:08,782] - [root] - [INFO] - Finished crop and inference: 0m 28s
[2026-01-23 11:03:10,499] - [root] - [INFO] - Analysis finished: 0m 30s
[2026-01-23 11:03:10,499] - [root] - [INFO] - -------------------------------------------
[2026-01-23 11:03:10,499] - [root] - [INFO] - -------------------------------------------
[2026-01-23 11:03:10,499] - [root] - [INFO] - Processing 1-22-2026 5dpi 044-W2021009-618_R1.png
[2026-01-23 11:03:30,006] - [root] - [INFO] - Finished loading mask: 0m 19s
[2026-01-23 11:03:41,705] - [root] - [INFO] - Finished crop and inference: 0m 31s
[2026-01-23 11:03:43,366] - [root] - [INFO] - Analysis finished: 0m 32s
[2026-01-23 11:03:43,366] - [root] - [INFO] - -------------------------------------------
[2026-01-23 11:03:43,366] - [root] - [INFO] - -------------------------------------------
[2026-01-23 11:03:43,366] - [root] - [INFO] - Processing 1-22-2026 5dpi 047-W2021011-482_R1.png
[2026-01-23 11:04:03,166] - [root] - [INFO] - Finished loading mask: 0m 19s
[2026-01-23 11:04:17,401] - [root] - [INFO] - Finished crop and inference: 0m 34s
[2026-01-23 11:04:19,048] - [root] - [INFO] - Analysis finished: 0m 35s
[2026-01-23 11:04:19,048] - [root] - [INFO] - -------------------------------------------
[2026-01-23 11:04:19,048] - [root] - [INFO] - -------------------------------------------
[2026-01-23 11:04:19,048] - [root] - [INFO] - Processing 1-22-2026 5dpi 048-W2021006-147_R1.png
[2026-01-23 11:04:38,612] - [root] - [INFO] - Finished loading mask: 0m 19s
[2026-01-23 11:04:45,644] - [root] - [INFO] - Finished crop and inference: 0m 26s
              timestamp time_elapsed  ... severity_rate_patch Gradient_sr2
0   2026-01-23 10:50:57       0m 33s  ...                1.74         0.04
1   2026-01-23 10:51:31       0m 33s  ...                4.36         0.11
2   2026-01-23 10:52:05       0m 33s  ...                0.85         0.02
3   2026-01-23 10:52:38       0m 38s  ...               25.47         0.67
4   2026-01-23 10:53:17       0m 40s  ...               37.39         0.99
5   2026-01-23 10:53:57       0m 31s  ...                0.45         0.01
6   2026-01-23 10:54:28       0m 35s  ...               38.62         0.91
7   2026-01-23 10:55:04       0m 33s  ...               19.86         0.56
8   2026-01-23 10:55:38       0m 34s  ...               39.61         1.05
9   2026-01-23 10:56:13       0m 32s  ...                1.79         0.05
10  2026-01-23 10:56:45       0m 33s  ...                2.79         0.07
11  2026-01-23 10:57:18       0m 38s  ...               20.77         0.49
12  2026-01-23 10:57:56       0m 32s  ...               20.60         0.51
13  2026-01-23 10:58:29       0m 32s  ...               15.28         0.35

[14 rows x 24 columns]
              timestamp time_elapsed  ... severity_rate_patch Gradient_sr2
0   2026-01-23 10:50:57       0m 33s  ...                1.74         0.04
1   2026-01-23 10:51:31       0m 33s  ...                4.36         0.11
2   2026-01-23 10:52:05       0m 33s  ...                0.85         0.02
3   2026-01-23 10:52:38       0m 38s  ...               25.47         0.67
4   2026-01-23 10:53:17       0m 40s  ...               37.39         0.99
5   2026-01-23 10:53:57       0m 31s  ...                0.45         0.01
6   2026-01-23 10:54:28       0m 35s  ...               38.62         0.91
7   2026-01-23 10:55:04       0m 33s  ...               19.86         0.56
8   2026-01-23 10:55:38       0m 34s  ...               39.61         1.05
9   2026-01-23 10:56:13       0m 32s  ...                1.79         0.05
10  2026-01-23 10:56:45       0m 33s  ...                2.79         0.07
11  2026-01-23 10:57:18       0m 38s  ...               20.77         0.49
12  2026-01-23 10:57:56       0m 32s  ...               20.60         0.51
13  2026-01-23 10:58:29       0m 32s  ...               15.28         0.35
14  2026-01-23 10:59:02       0m 35s  ...               30.18         0.79

[15 rows x 24 columns]
              timestamp time_elapsed  ... severity_rate_patch Gradient_sr2
0   2026-01-23 10:50:57       0m 33s  ...                1.74         0.04
1   2026-01-23 10:51:31       0m 33s  ...                4.36         0.11
2   2026-01-23 10:52:05       0m 33s  ...                0.85         0.02
3   2026-01-23 10:52:38       0m 38s  ...               25.47         0.67
4   2026-01-23 10:53:17       0m 40s  ...               37.39         0.99
5   2026-01-23 10:53:57       0m 31s  ...                0.45         0.01
6   2026-01-23 10:54:28       0m 35s  ...               38.62         0.91
7   2026-01-23 10:55:04       0m 33s  ...               19.86         0.56
8   2026-01-23 10:55:38       0m 34s  ...               39.61         1.05
9   2026-01-23 10:56:13       0m 32s  ...                1.79         0.05
10  2026-01-23 10:56:45       0m 33s  ...                2.79         0.07
11  2026-01-23 10:57:18       0m 38s  ...               20.77         0.49
12  2026-01-23 10:57:56       0m 32s  ...               20.60         0.51
13  2026-01-23 10:58:29       0m 32s  ...               15.28         0.35
14  2026-01-23 10:59:02       0m 35s  ...               30.18         0.79
15  2026-01-23 10:59:38       0m 34s  ...               19.25         0.48

[16 rows x 24 columns]
              timestamp time_elapsed  ... severity_rate_patch Gradient_sr2
0   2026-01-23 10:50:57       0m 33s  ...                1.74         0.04
1   2026-01-23 10:51:31       0m 33s  ...                4.36         0.11
2   2026-01-23 10:52:05       0m 33s  ...                0.85         0.02
3   2026-01-23 10:52:38       0m 38s  ...               25.47         0.67
4   2026-01-23 10:53:17       0m 40s  ...               37.39         0.99
5   2026-01-23 10:53:57       0m 31s  ...                0.45         0.01
6   2026-01-23 10:54:28       0m 35s  ...               38.62         0.91
7   2026-01-23 10:55:04       0m 33s  ...               19.86         0.56
8   2026-01-23 10:55:38       0m 34s  ...               39.61         1.05
9   2026-01-23 10:56:13       0m 32s  ...                1.79         0.05
10  2026-01-23 10:56:45       0m 33s  ...                2.79         0.07
11  2026-01-23 10:57:18       0m 38s  ...               20.77         0.49
12  2026-01-23 10:57:56       0m 32s  ...               20.60         0.51
13  2026-01-23 10:58:29       0m 32s  ...               15.28         0.35
14  2026-01-23 10:59:02       0m 35s  ...               30.18         0.79
15  2026-01-23 10:59:38       0m 34s  ...               19.25         0.48
16  2026-01-23 11:00:12       0m 44s  ...               85.84         2.58

[17 rows x 24 columns]
              timestamp time_elapsed  ... severity_rate_patch Gradient_sr2
0   2026-01-23 10:50:57       0m 33s  ...                1.74         0.04
1   2026-01-23 10:51:31       0m 33s  ...                4.36         0.11
2   2026-01-23 10:52:05       0m 33s  ...                0.85         0.02
3   2026-01-23 10:52:38       0m 38s  ...               25.47         0.67
4   2026-01-23 10:53:17       0m 40s  ...               37.39         0.99
5   2026-01-23 10:53:57       0m 31s  ...                0.45         0.01
6   2026-01-23 10:54:28       0m 35s  ...               38.62         0.91
7   2026-01-23 10:55:04       0m 33s  ...               19.86         0.56
8   2026-01-23 10:55:38       0m 34s  ...               39.61         1.05
9   2026-01-23 10:56:13       0m 32s  ...                1.79         0.05
10  2026-01-23 10:56:45       0m 33s  ...                2.79         0.07
11  2026-01-23 10:57:18       0m 38s  ...               20.77         0.49
12  2026-01-23 10:57:56       0m 32s  ...               20.60         0.51
13  2026-01-23 10:58:29       0m 32s  ...               15.28         0.35
14  2026-01-23 10:59:02       0m 35s  ...               30.18         0.79
15  2026-01-23 10:59:38       0m 34s  ...               19.25         0.48
16  2026-01-23 11:00:12       0m 44s  ...               85.84         2.58
17  2026-01-23 11:00:57       0m 30s  ...                0.76         0.02

[18 rows x 24 columns]
              timestamp time_elapsed  ... severity_rate_patch Gradient_sr2
0   2026-01-23 10:50:57       0m 33s  ...                1.74         0.04
1   2026-01-23 10:51:31       0m 33s  ...                4.36         0.11
2   2026-01-23 10:52:05       0m 33s  ...                0.85         0.02
3   2026-01-23 10:52:38       0m 38s  ...               25.47         0.67
4   2026-01-23 10:53:17       0m 40s  ...               37.39         0.99
5   2026-01-23 10:53:57       0m 31s  ...                0.45         0.01
6   2026-01-23 10:54:28       0m 35s  ...               38.62         0.91
7   2026-01-23 10:55:04       0m 33s  ...               19.86         0.56
8   2026-01-23 10:55:38       0m 34s  ...               39.61         1.05
9   2026-01-23 10:56:13       0m 32s  ...                1.79         0.05
10  2026-01-23 10:56:45       0m 33s  ...                2.79         0.07
11  2026-01-23 10:57:18       0m 38s  ...               20.77         0.49
12  2026-01-23 10:57:56       0m 32s  ...               20.60         0.51
13  2026-01-23 10:58:29       0m 32s  ...               15.28         0.35
14  2026-01-23 10:59:02       0m 35s  ...               30.18         0.79
15  2026-01-23 10:59:38       0m 34s  ...               19.25         0.48
16  2026-01-23 11:00:12       0m 44s  ...               85.84         2.58
17  2026-01-23 11:00:57       0m 30s  ...                0.76         0.02
18  2026-01-23 11:01:27       0m 33s  ...               23.22         0.57

[19 rows x 24 columns]
[2026-01-23 11:04:47,312] - [root] - [INFO] - Analysis finished: 0m 28s
[2026-01-23 11:04:47,312] - [root] - [INFO] - -------------------------------------------
[2026-01-23 11:04:47,312] - [root] - [INFO] - -------------------------------------------
[2026-01-23 11:04:47,312] - [root] - [INFO] - Processing 1-22-2026 5dpi 052-W2021006-004_R2.png
[2026-01-23 11:05:06,605] - [root] - [INFO] - Finished loading mask: 0m 19s
[2026-01-23 11:05:14,925] - [root] - [INFO] - Finished crop and inference: 0m 27s
[2026-01-23 11:05:16,826] - [root] - [INFO] - Analysis finished: 0m 29s
[2026-01-23 11:05:16,826] - [root] - [INFO] - -------------------------------------------
[2026-01-23 11:05:16,826] - [root] - [INFO] - -------------------------------------------
[2026-01-23 11:05:16,826] - [root] - [INFO] - Processing 1-22-2026 5dpi 055-W2021010-341_R2.png
[2026-01-23 11:05:36,505] - [root] - [INFO] - Finished loading mask: 0m 19s
[2026-01-23 11:05:46,250] - [root] - [INFO] - Finished crop and inference: 0m 29s
[2026-01-23 11:05:47,911] - [root] - [INFO] - Analysis finished: 0m 31s
[2026-01-23 11:05:47,911] - [root] - [INFO] - -------------------------------------------
[2026-01-23 11:05:47,911] - [root] - [INFO] - -------------------------------------------
[2026-01-23 11:05:47,911] - [root] - [INFO] - Processing 1-22-2026 5dpi 055-W2021010-397_R2.png
[2026-01-23 11:06:08,372] - [root] - [INFO] - Finished loading mask: 0m 20s
[2026-01-23 11:06:19,233] - [root] - [INFO] - Finished crop and inference: 0m 31s
[2026-01-23 11:06:20,840] - [root] - [INFO] - Analysis finished: 0m 32s
[2026-01-23 11:06:20,840] - [root] - [INFO] - -------------------------------------------
[2026-01-23 11:06:20,840] - [root] - [INFO] - -------------------------------------------
[2026-01-23 11:06:20,840] - [root] - [INFO] - Processing 1-22-2026 5dpi 056-W2021006-609_R1.png
[2026-01-23 11:06:40,686] - [root] - [INFO] - Finished loading mask: 0m 19s
[2026-01-23 11:06:54,111] - [root] - [INFO] - Finished crop and inference: 0m 33s
              timestamp time_elapsed  ... severity_rate_patch Gradient_sr2
0   2026-01-23 10:50:57       0m 33s  ...                1.74         0.04
1   2026-01-23 10:51:31       0m 33s  ...                4.36         0.11
2   2026-01-23 10:52:05       0m 33s  ...                0.85         0.02
3   2026-01-23 10:52:38       0m 38s  ...               25.47         0.67
4   2026-01-23 10:53:17       0m 40s  ...               37.39         0.99
5   2026-01-23 10:53:57       0m 31s  ...                0.45         0.01
6   2026-01-23 10:54:28       0m 35s  ...               38.62         0.91
7   2026-01-23 10:55:04       0m 33s  ...               19.86         0.56
8   2026-01-23 10:55:38       0m 34s  ...               39.61         1.05
9   2026-01-23 10:56:13       0m 32s  ...                1.79         0.05
10  2026-01-23 10:56:45       0m 33s  ...                2.79         0.07
11  2026-01-23 10:57:18       0m 38s  ...               20.77         0.49
12  2026-01-23 10:57:56       0m 32s  ...               20.60         0.51
13  2026-01-23 10:58:29       0m 32s  ...               15.28         0.35
14  2026-01-23 10:59:02       0m 35s  ...               30.18         0.79
15  2026-01-23 10:59:38       0m 34s  ...               19.25         0.48
16  2026-01-23 11:00:12       0m 44s  ...               85.84         2.58
17  2026-01-23 11:00:57       0m 30s  ...                0.76         0.02
18  2026-01-23 11:01:27       0m 33s  ...               23.22         0.57
19  2026-01-23 11:02:00       0m 39s  ...               62.76         1.72

[20 rows x 24 columns]
              timestamp time_elapsed  ... severity_rate_patch Gradient_sr2
0   2026-01-23 10:50:57       0m 33s  ...                1.74         0.04
1   2026-01-23 10:51:31       0m 33s  ...                4.36         0.11
2   2026-01-23 10:52:05       0m 33s  ...                0.85         0.02
3   2026-01-23 10:52:38       0m 38s  ...               25.47         0.67
4   2026-01-23 10:53:17       0m 40s  ...               37.39         0.99
5   2026-01-23 10:53:57       0m 31s  ...                0.45         0.01
6   2026-01-23 10:54:28       0m 35s  ...               38.62         0.91
7   2026-01-23 10:55:04       0m 33s  ...               19.86         0.56
8   2026-01-23 10:55:38       0m 34s  ...               39.61         1.05
9   2026-01-23 10:56:13       0m 32s  ...                1.79         0.05
10  2026-01-23 10:56:45       0m 33s  ...                2.79         0.07
11  2026-01-23 10:57:18       0m 38s  ...               20.77         0.49
12  2026-01-23 10:57:56       0m 32s  ...               20.60         0.51
13  2026-01-23 10:58:29       0m 32s  ...               15.28         0.35
14  2026-01-23 10:59:02       0m 35s  ...               30.18         0.79
15  2026-01-23 10:59:38       0m 34s  ...               19.25         0.48
16  2026-01-23 11:00:12       0m 44s  ...               85.84         2.58
17  2026-01-23 11:00:57       0m 30s  ...                0.76         0.02
18  2026-01-23 11:01:27       0m 33s  ...               23.22         0.57
19  2026-01-23 11:02:00       0m 39s  ...               62.76         1.72
20  2026-01-23 11:02:40       0m 30s  ...                1.10         0.03

[21 rows x 24 columns]
              timestamp time_elapsed  ... severity_rate_patch Gradient_sr2
0   2026-01-23 10:50:57       0m 33s  ...                1.74         0.04
1   2026-01-23 10:51:31       0m 33s  ...                4.36         0.11
2   2026-01-23 10:52:05       0m 33s  ...                0.85         0.02
3   2026-01-23 10:52:38       0m 38s  ...               25.47         0.67
4   2026-01-23 10:53:17       0m 40s  ...               37.39         0.99
5   2026-01-23 10:53:57       0m 31s  ...                0.45         0.01
6   2026-01-23 10:54:28       0m 35s  ...               38.62         0.91
7   2026-01-23 10:55:04       0m 33s  ...               19.86         0.56
8   2026-01-23 10:55:38       0m 34s  ...               39.61         1.05
9   2026-01-23 10:56:13       0m 32s  ...                1.79         0.05
10  2026-01-23 10:56:45       0m 33s  ...                2.79         0.07
11  2026-01-23 10:57:18       0m 38s  ...               20.77         0.49
12  2026-01-23 10:57:56       0m 32s  ...               20.60         0.51
13  2026-01-23 10:58:29       0m 32s  ...               15.28         0.35
14  2026-01-23 10:59:02       0m 35s  ...               30.18         0.79
15  2026-01-23 10:59:38       0m 34s  ...               19.25         0.48
16  2026-01-23 11:00:12       0m 44s  ...               85.84         2.58
17  2026-01-23 11:00:57       0m 30s  ...                0.76         0.02
18  2026-01-23 11:01:27       0m 33s  ...               23.22         0.57
19  2026-01-23 11:02:00       0m 39s  ...               62.76         1.72
20  2026-01-23 11:02:40       0m 30s  ...                1.10         0.03
21  2026-01-23 11:03:10       0m 32s  ...               19.31         0.52

[22 rows x 24 columns]
              timestamp time_elapsed  ... severity_rate_patch Gradient_sr2
0   2026-01-23 10:50:57       0m 33s  ...                1.74         0.04
1   2026-01-23 10:51:31       0m 33s  ...                4.36         0.11
2   2026-01-23 10:52:05       0m 33s  ...                0.85         0.02
3   2026-01-23 10:52:38       0m 38s  ...               25.47         0.67
4   2026-01-23 10:53:17       0m 40s  ...               37.39         0.99
5   2026-01-23 10:53:57       0m 31s  ...                0.45         0.01
6   2026-01-23 10:54:28       0m 35s  ...               38.62         0.91
7   2026-01-23 10:55:04       0m 33s  ...               19.86         0.56
8   2026-01-23 10:55:38       0m 34s  ...               39.61         1.05
9   2026-01-23 10:56:13       0m 32s  ...                1.79         0.05
10  2026-01-23 10:56:45       0m 33s  ...                2.79         0.07
11  2026-01-23 10:57:18       0m 38s  ...               20.77         0.49
12  2026-01-23 10:57:56       0m 32s  ...               20.60         0.51
13  2026-01-23 10:58:29       0m 32s  ...               15.28         0.35
14  2026-01-23 10:59:02       0m 35s  ...               30.18         0.79
15  2026-01-23 10:59:38       0m 34s  ...               19.25         0.48
16  2026-01-23 11:00:12       0m 44s  ...               85.84         2.58
17  2026-01-23 11:00:57       0m 30s  ...                0.76         0.02
18  2026-01-23 11:01:27       0m 33s  ...               23.22         0.57
19  2026-01-23 11:02:00       0m 39s  ...               62.76         1.72
20  2026-01-23 11:02:40       0m 30s  ...                1.10         0.03
21  2026-01-23 11:03:10       0m 32s  ...               19.31         0.52
22  2026-01-23 11:03:43       0m 35s  ...               42.05         1.16

[23 rows x 24 columns]
[2026-01-23 11:06:55,857] - [root] - [INFO] - Analysis finished: 0m 35s
[2026-01-23 11:06:55,857] - [root] - [INFO] - -------------------------------------------
[2026-01-23 11:06:55,857] - [root] - [INFO] - -------------------------------------------
[2026-01-23 11:06:55,857] - [root] - [INFO] - Processing 1-22-2026 5dpi 059-W2021010-434_R1.png
[2026-01-23 11:07:15,469] - [root] - [INFO] - Finished loading mask: 0m 19s
[2026-01-23 11:07:25,388] - [root] - [INFO] - Finished crop and inference: 0m 29s
[2026-01-23 11:07:27,172] - [root] - [INFO] - Analysis finished: 0m 31s
[2026-01-23 11:07:27,172] - [root] - [INFO] - -------------------------------------------
[2026-01-23 11:07:27,172] - [root] - [INFO] - -------------------------------------------
[2026-01-23 11:07:27,172] - [root] - [INFO] - Processing 1-22-2026 5dpi 060-W2021010-324_R2.png
[2026-01-23 11:07:47,083] - [root] - [INFO] - Finished loading mask: 0m 19s
[2026-01-23 11:07:56,519] - [root] - [INFO] - Finished crop and inference: 0m 29s
[2026-01-23 11:07:58,170] - [root] - [INFO] - Analysis finished: 0m 30s
[2026-01-23 11:07:58,170] - [root] - [INFO] - -------------------------------------------
[2026-01-23 11:07:58,170] - [root] - [INFO] - -------------------------------------------
[2026-01-23 11:07:58,170] - [root] - [INFO] - Processing 1-22-2026 5dpi 061-W2021011-483_R1.png
[2026-01-23 11:08:17,807] - [root] - [INFO] - Finished loading mask: 0m 19s
[2026-01-23 11:08:28,401] - [root] - [INFO] - Finished crop and inference: 0m 30s
              timestamp time_elapsed  ... severity_rate_patch Gradient_sr2
0   2026-01-23 10:50:57       0m 33s  ...                1.74         0.04
1   2026-01-23 10:51:31       0m 33s  ...                4.36         0.11
2   2026-01-23 10:52:05       0m 33s  ...                0.85         0.02
3   2026-01-23 10:52:38       0m 38s  ...               25.47         0.67
4   2026-01-23 10:53:17       0m 40s  ...               37.39         0.99
5   2026-01-23 10:53:57       0m 31s  ...                0.45         0.01
6   2026-01-23 10:54:28       0m 35s  ...               38.62         0.91
7   2026-01-23 10:55:04       0m 33s  ...               19.86         0.56
8   2026-01-23 10:55:38       0m 34s  ...               39.61         1.05
9   2026-01-23 10:56:13       0m 32s  ...                1.79         0.05
10  2026-01-23 10:56:45       0m 33s  ...                2.79         0.07
11  2026-01-23 10:57:18       0m 38s  ...               20.77         0.49
12  2026-01-23 10:57:56       0m 32s  ...               20.60         0.51
13  2026-01-23 10:58:29       0m 32s  ...               15.28         0.35
14  2026-01-23 10:59:02       0m 35s  ...               30.18         0.79
15  2026-01-23 10:59:38       0m 34s  ...               19.25         0.48
16  2026-01-23 11:00:12       0m 44s  ...               85.84         2.58
17  2026-01-23 11:00:57       0m 30s  ...                0.76         0.02
18  2026-01-23 11:01:27       0m 33s  ...               23.22         0.57
19  2026-01-23 11:02:00       0m 39s  ...               62.76         1.72
20  2026-01-23 11:02:40       0m 30s  ...                1.10         0.03
21  2026-01-23 11:03:10       0m 32s  ...               19.31         0.52
22  2026-01-23 11:03:43       0m 35s  ...               42.05         1.16
23  2026-01-23 11:04:19       0m 28s  ...                6.56         0.18

[24 rows x 24 columns]
              timestamp time_elapsed  ... severity_rate_patch Gradient_sr2
0   2026-01-23 10:50:57       0m 33s  ...                1.74         0.04
1   2026-01-23 10:51:31       0m 33s  ...                4.36         0.11
2   2026-01-23 10:52:05       0m 33s  ...                0.85         0.02
3   2026-01-23 10:52:38       0m 38s  ...               25.47         0.67
4   2026-01-23 10:53:17       0m 40s  ...               37.39         0.99
5   2026-01-23 10:53:57       0m 31s  ...                0.45         0.01
6   2026-01-23 10:54:28       0m 35s  ...               38.62         0.91
7   2026-01-23 10:55:04       0m 33s  ...               19.86         0.56
8   2026-01-23 10:55:38       0m 34s  ...               39.61         1.05
9   2026-01-23 10:56:13       0m 32s  ...                1.79         0.05
10  2026-01-23 10:56:45       0m 33s  ...                2.79         0.07
11  2026-01-23 10:57:18       0m 38s  ...               20.77         0.49
12  2026-01-23 10:57:56       0m 32s  ...               20.60         0.51
13  2026-01-23 10:58:29       0m 32s  ...               15.28         0.35
14  2026-01-23 10:59:02       0m 35s  ...               30.18         0.79
15  2026-01-23 10:59:38       0m 34s  ...               19.25         0.48
16  2026-01-23 11:00:12       0m 44s  ...               85.84         2.58
17  2026-01-23 11:00:57       0m 30s  ...                0.76         0.02
18  2026-01-23 11:01:27       0m 33s  ...               23.22         0.57
19  2026-01-23 11:02:00       0m 39s  ...               62.76         1.72
20  2026-01-23 11:02:40       0m 30s  ...                1.10         0.03
21  2026-01-23 11:03:10       0m 32s  ...               19.31         0.52
22  2026-01-23 11:03:43       0m 35s  ...               42.05         1.16
23  2026-01-23 11:04:19       0m 28s  ...                6.56         0.18
24  2026-01-23 11:04:47       0m 29s  ...                1.51         0.04

[25 rows x 24 columns]
              timestamp time_elapsed  ... severity_rate_patch Gradient_sr2
0   2026-01-23 10:50:57       0m 33s  ...                1.74         0.04
1   2026-01-23 10:51:31       0m 33s  ...                4.36         0.11
2   2026-01-23 10:52:05       0m 33s  ...                0.85         0.02
3   2026-01-23 10:52:38       0m 38s  ...               25.47         0.67
4   2026-01-23 10:53:17       0m 40s  ...               37.39         0.99
5   2026-01-23 10:53:57       0m 31s  ...                0.45         0.01
6   2026-01-23 10:54:28       0m 35s  ...               38.62         0.91
7   2026-01-23 10:55:04       0m 33s  ...               19.86         0.56
8   2026-01-23 10:55:38       0m 34s  ...               39.61         1.05
9   2026-01-23 10:56:13       0m 32s  ...                1.79         0.05
10  2026-01-23 10:56:45       0m 33s  ...                2.79         0.07
11  2026-01-23 10:57:18       0m 38s  ...               20.77         0.49
12  2026-01-23 10:57:56       0m 32s  ...               20.60         0.51
13  2026-01-23 10:58:29       0m 32s  ...               15.28         0.35
14  2026-01-23 10:59:02       0m 35s  ...               30.18         0.79
15  2026-01-23 10:59:38       0m 34s  ...               19.25         0.48
16  2026-01-23 11:00:12       0m 44s  ...               85.84         2.58
17  2026-01-23 11:00:57       0m 30s  ...                0.76         0.02
18  2026-01-23 11:01:27       0m 33s  ...               23.22         0.57
19  2026-01-23 11:02:00       0m 39s  ...               62.76         1.72
20  2026-01-23 11:02:40       0m 30s  ...                1.10         0.03
21  2026-01-23 11:03:10       0m 32s  ...               19.31         0.52
22  2026-01-23 11:03:43       0m 35s  ...               42.05         1.16
23  2026-01-23 11:04:19       0m 28s  ...                6.56         0.18
24  2026-01-23 11:04:47       0m 29s  ...                1.51         0.04
25  2026-01-23 11:05:16       0m 31s  ...                8.51         0.22

[26 rows x 24 columns]
              timestamp time_elapsed  ... severity_rate_patch Gradient_sr2
0   2026-01-23 10:50:57       0m 33s  ...                1.74         0.04
1   2026-01-23 10:51:31       0m 33s  ...                4.36         0.11
2   2026-01-23 10:52:05       0m 33s  ...                0.85         0.02
3   2026-01-23 10:52:38       0m 38s  ...               25.47         0.67
4   2026-01-23 10:53:17       0m 40s  ...               37.39         0.99
5   2026-01-23 10:53:57       0m 31s  ...                0.45         0.01
6   2026-01-23 10:54:28       0m 35s  ...               38.62         0.91
7   2026-01-23 10:55:04       0m 33s  ...               19.86         0.56
8   2026-01-23 10:55:38       0m 34s  ...               39.61         1.05
9   2026-01-23 10:56:13       0m 32s  ...                1.79         0.05
10  2026-01-23 10:56:45       0m 33s  ...                2.79         0.07
11  2026-01-23 10:57:18       0m 38s  ...               20.77         0.49
12  2026-01-23 10:57:56       0m 32s  ...               20.60         0.51
13  2026-01-23 10:58:29       0m 32s  ...               15.28         0.35
14  2026-01-23 10:59:02       0m 35s  ...               30.18         0.79
15  2026-01-23 10:59:38       0m 34s  ...               19.25         0.48
16  2026-01-23 11:00:12       0m 44s  ...               85.84         2.58
17  2026-01-23 11:00:57       0m 30s  ...                0.76         0.02
18  2026-01-23 11:01:27       0m 33s  ...               23.22         0.57
19  2026-01-23 11:02:00       0m 39s  ...               62.76         1.72
20  2026-01-23 11:02:40       0m 30s  ...                1.10         0.03
21  2026-01-23 11:03:10       0m 32s  ...               19.31         0.52
22  2026-01-23 11:03:43       0m 35s  ...               42.05         1.16
23  2026-01-23 11:04:19       0m 28s  ...                6.56         0.18
24  2026-01-23 11:04:47       0m 29s  ...                1.51         0.04
25  2026-01-23 11:05:16       0m 31s  ...                8.51         0.22
26  2026-01-23 11:05:47       0m 32s  ...               12.12         0.31

[27 rows x 24 columns]
[2026-01-23 11:08:30,219] - [root] - [INFO] - Analysis finished: 0m 32s
[2026-01-23 11:08:30,219] - [root] - [INFO] - -------------------------------------------
[2026-01-23 11:08:30,219] - [root] - [INFO] - -------------------------------------------
[2026-01-23 11:08:30,219] - [root] - [INFO] - Processing 1-22-2026 5dpi 070-W2021011-486_R2.png
[2026-01-23 11:08:49,729] - [root] - [INFO] - Finished loading mask: 0m 19s
[2026-01-23 11:09:00,900] - [root] - [INFO] - Finished crop and inference: 0m 30s
[2026-01-23 11:09:02,682] - [root] - [INFO] - Analysis finished: 0m 32s
[2026-01-23 11:09:02,682] - [root] - [INFO] - -------------------------------------------
[2026-01-23 11:09:02,683] - [root] - [INFO] - -------------------------------------------
[2026-01-23 11:09:02,683] - [root] - [INFO] - Processing 1-22-2026 5dpi 071-W2021010-323_R1.png
[2026-01-23 11:09:22,261] - [root] - [INFO] - Finished loading mask: 0m 19s
[2026-01-23 11:09:39,767] - [root] - [INFO] - Finished crop and inference: 0m 37s
[2026-01-23 11:09:41,454] - [root] - [INFO] - Analysis finished: 0m 38s
[2026-01-23 11:09:41,454] - [root] - [INFO] - -------------------------------------------
[2026-01-23 11:09:41,454] - [root] - [INFO] - -------------------------------------------
[2026-01-23 11:09:41,454] - [root] - [INFO] - Processing 1-22-2026 5dpi 077-W2021010-351_R2.png
[2026-01-23 11:10:01,495] - [root] - [INFO] - Finished loading mask: 0m 20s
[2026-01-23 11:10:11,287] - [root] - [INFO] - Finished crop and inference: 0m 29s
              timestamp time_elapsed  ... severity_rate_patch Gradient_sr2
0   2026-01-23 10:50:57       0m 33s  ...                1.74         0.04
1   2026-01-23 10:51:31       0m 33s  ...                4.36         0.11
2   2026-01-23 10:52:05       0m 33s  ...                0.85         0.02
3   2026-01-23 10:52:38       0m 38s  ...               25.47         0.67
4   2026-01-23 10:53:17       0m 40s  ...               37.39         0.99
5   2026-01-23 10:53:57       0m 31s  ...                0.45         0.01
6   2026-01-23 10:54:28       0m 35s  ...               38.62         0.91
7   2026-01-23 10:55:04       0m 33s  ...               19.86         0.56
8   2026-01-23 10:55:38       0m 34s  ...               39.61         1.05
9   2026-01-23 10:56:13       0m 32s  ...                1.79         0.05
10  2026-01-23 10:56:45       0m 33s  ...                2.79         0.07
11  2026-01-23 10:57:18       0m 38s  ...               20.77         0.49
12  2026-01-23 10:57:56       0m 32s  ...               20.60         0.51
13  2026-01-23 10:58:29       0m 32s  ...               15.28         0.35
14  2026-01-23 10:59:02       0m 35s  ...               30.18         0.79
15  2026-01-23 10:59:38       0m 34s  ...               19.25         0.48
16  2026-01-23 11:00:12       0m 44s  ...               85.84         2.58
17  2026-01-23 11:00:57       0m 30s  ...                0.76         0.02
18  2026-01-23 11:01:27       0m 33s  ...               23.22         0.57
19  2026-01-23 11:02:00       0m 39s  ...               62.76         1.72
20  2026-01-23 11:02:40       0m 30s  ...                1.10         0.03
21  2026-01-23 11:03:10       0m 32s  ...               19.31         0.52
22  2026-01-23 11:03:43       0m 35s  ...               42.05         1.16
23  2026-01-23 11:04:19       0m 28s  ...                6.56         0.18
24  2026-01-23 11:04:47       0m 29s  ...                1.51         0.04
25  2026-01-23 11:05:16       0m 31s  ...                8.51         0.22
26  2026-01-23 11:05:47       0m 32s  ...               12.12         0.31
27  2026-01-23 11:06:20       0m 34s  ...               32.69         0.79

[28 rows x 24 columns]
              timestamp time_elapsed  ... severity_rate_patch Gradient_sr2
0   2026-01-23 10:50:57       0m 33s  ...                1.74         0.04
1   2026-01-23 10:51:31       0m 33s  ...                4.36         0.11
2   2026-01-23 10:52:05       0m 33s  ...                0.85         0.02
3   2026-01-23 10:52:38       0m 38s  ...               25.47         0.67
4   2026-01-23 10:53:17       0m 40s  ...               37.39         0.99
5   2026-01-23 10:53:57       0m 31s  ...                0.45         0.01
6   2026-01-23 10:54:28       0m 35s  ...               38.62         0.91
7   2026-01-23 10:55:04       0m 33s  ...               19.86         0.56
8   2026-01-23 10:55:38       0m 34s  ...               39.61         1.05
9   2026-01-23 10:56:13       0m 32s  ...                1.79         0.05
10  2026-01-23 10:56:45       0m 33s  ...                2.79         0.07
11  2026-01-23 10:57:18       0m 38s  ...               20.77         0.49
12  2026-01-23 10:57:56       0m 32s  ...               20.60         0.51
13  2026-01-23 10:58:29       0m 32s  ...               15.28         0.35
14  2026-01-23 10:59:02       0m 35s  ...               30.18         0.79
15  2026-01-23 10:59:38       0m 34s  ...               19.25         0.48
16  2026-01-23 11:00:12       0m 44s  ...               85.84         2.58
17  2026-01-23 11:00:57       0m 30s  ...                0.76         0.02
18  2026-01-23 11:01:27       0m 33s  ...               23.22         0.57
19  2026-01-23 11:02:00       0m 39s  ...               62.76         1.72
20  2026-01-23 11:02:40       0m 30s  ...                1.10         0.03
21  2026-01-23 11:03:10       0m 32s  ...               19.31         0.52
22  2026-01-23 11:03:43       0m 35s  ...               42.05         1.16
23  2026-01-23 11:04:19       0m 28s  ...                6.56         0.18
24  2026-01-23 11:04:47       0m 29s  ...                1.51         0.04
25  2026-01-23 11:05:16       0m 31s  ...                8.51         0.22
26  2026-01-23 11:05:47       0m 32s  ...               12.12         0.31
27  2026-01-23 11:06:20       0m 34s  ...               32.69         0.79
28  2026-01-23 11:06:55       0m 31s  ...                2.15         0.06

[29 rows x 24 columns]
              timestamp time_elapsed  ... severity_rate_patch Gradient_sr2
0   2026-01-23 10:50:57       0m 33s  ...                1.74         0.04
1   2026-01-23 10:51:31       0m 33s  ...                4.36         0.11
2   2026-01-23 10:52:05       0m 33s  ...                0.85         0.02
3   2026-01-23 10:52:38       0m 38s  ...               25.47         0.67
4   2026-01-23 10:53:17       0m 40s  ...               37.39         0.99
5   2026-01-23 10:53:57       0m 31s  ...                0.45         0.01
6   2026-01-23 10:54:28       0m 35s  ...               38.62         0.91
7   2026-01-23 10:55:04       0m 33s  ...               19.86         0.56
8   2026-01-23 10:55:38       0m 34s  ...               39.61         1.05
9   2026-01-23 10:56:13       0m 32s  ...                1.79         0.05
10  2026-01-23 10:56:45       0m 33s  ...                2.79         0.07
11  2026-01-23 10:57:18       0m 38s  ...               20.77         0.49
12  2026-01-23 10:57:56       0m 32s  ...               20.60         0.51
13  2026-01-23 10:58:29       0m 32s  ...               15.28         0.35
14  2026-01-23 10:59:02       0m 35s  ...               30.18         0.79
15  2026-01-23 10:59:38       0m 34s  ...               19.25         0.48
16  2026-01-23 11:00:12       0m 44s  ...               85.84         2.58
17  2026-01-23 11:00:57       0m 30s  ...                0.76         0.02
18  2026-01-23 11:01:27       0m 33s  ...               23.22         0.57
19  2026-01-23 11:02:00       0m 39s  ...               62.76         1.72
20  2026-01-23 11:02:40       0m 30s  ...                1.10         0.03
21  2026-01-23 11:03:10       0m 32s  ...               19.31         0.52
22  2026-01-23 11:03:43       0m 35s  ...               42.05         1.16
23  2026-01-23 11:04:19       0m 28s  ...                6.56         0.18
24  2026-01-23 11:04:47       0m 29s  ...                1.51         0.04
25  2026-01-23 11:05:16       0m 31s  ...                8.51         0.22
26  2026-01-23 11:05:47       0m 32s  ...               12.12         0.31
27  2026-01-23 11:06:20       0m 34s  ...               32.69         0.79
28  2026-01-23 11:06:55       0m 31s  ...                2.15         0.06
29  2026-01-23 11:07:27       0m 30s  ...                2.94         0.07

[30 rows x 24 columns]
[2026-01-23 11:10:12,884] - [root] - [INFO] - Analysis finished: 0m 31s
[2026-01-23 11:10:12,884] - [root] - [INFO] - -------------------------------------------
[2026-01-23 11:10:12,884] - [root] - [INFO] - -------------------------------------------
[2026-01-23 11:10:12,884] - [root] - [INFO] - Processing 1-22-2026 5dpi 084-W2021010-319_R1.png
[2026-01-23 11:10:32,595] - [root] - [INFO] - Finished loading mask: 0m 19s
[2026-01-23 11:10:41,574] - [root] - [INFO] - Finished crop and inference: 0m 28s
[2026-01-23 11:10:43,249] - [root] - [INFO] - Analysis finished: 0m 30s
[2026-01-23 11:10:43,249] - [root] - [INFO] - -------------------------------------------
[2026-01-23 11:10:43,249] - [root] - [INFO] - -------------------------------------------
[2026-01-23 11:10:43,249] - [root] - [INFO] - Processing 1-22-2026 5dpi 085-W2021010-630_R1.png
[2026-01-23 11:11:03,022] - [root] - [INFO] - Finished loading mask: 0m 19s
[2026-01-23 11:11:12,320] - [root] - [INFO] - Finished crop and inference: 0m 29s
              timestamp time_elapsed  ... severity_rate_patch Gradient_sr2
0   2026-01-23 10:50:57       0m 33s  ...                1.74         0.04
1   2026-01-23 10:51:31       0m 33s  ...                4.36         0.11
2   2026-01-23 10:52:05       0m 33s  ...                0.85         0.02
3   2026-01-23 10:52:38       0m 38s  ...               25.47         0.67
4   2026-01-23 10:53:17       0m 40s  ...               37.39         0.99
5   2026-01-23 10:53:57       0m 31s  ...                0.45         0.01
6   2026-01-23 10:54:28       0m 35s  ...               38.62         0.91
7   2026-01-23 10:55:04       0m 33s  ...               19.86         0.56
8   2026-01-23 10:55:38       0m 34s  ...               39.61         1.05
9   2026-01-23 10:56:13       0m 32s  ...                1.79         0.05
10  2026-01-23 10:56:45       0m 33s  ...                2.79         0.07
11  2026-01-23 10:57:18       0m 38s  ...               20.77         0.49
12  2026-01-23 10:57:56       0m 32s  ...               20.60         0.51
13  2026-01-23 10:58:29       0m 32s  ...               15.28         0.35
14  2026-01-23 10:59:02       0m 35s  ...               30.18         0.79
15  2026-01-23 10:59:38       0m 34s  ...               19.25         0.48
16  2026-01-23 11:00:12       0m 44s  ...               85.84         2.58
17  2026-01-23 11:00:57       0m 30s  ...                0.76         0.02
18  2026-01-23 11:01:27       0m 33s  ...               23.22         0.57
19  2026-01-23 11:02:00       0m 39s  ...               62.76         1.72
20  2026-01-23 11:02:40       0m 30s  ...                1.10         0.03
21  2026-01-23 11:03:10       0m 32s  ...               19.31         0.52
22  2026-01-23 11:03:43       0m 35s  ...               42.05         1.16
23  2026-01-23 11:04:19       0m 28s  ...                6.56         0.18
24  2026-01-23 11:04:47       0m 29s  ...                1.51         0.04
25  2026-01-23 11:05:16       0m 31s  ...                8.51         0.22
26  2026-01-23 11:05:47       0m 32s  ...               12.12         0.31
27  2026-01-23 11:06:20       0m 34s  ...               32.69         0.79
28  2026-01-23 11:06:55       0m 31s  ...                2.15         0.06
29  2026-01-23 11:07:27       0m 30s  ...                2.94         0.07
30  2026-01-23 11:07:58       0m 32s  ...               12.91         0.30

[31 rows x 24 columns]
              timestamp time_elapsed  ... severity_rate_patch Gradient_sr2
0   2026-01-23 10:50:57       0m 33s  ...                1.74         0.04
1   2026-01-23 10:51:31       0m 33s  ...                4.36         0.11
2   2026-01-23 10:52:05       0m 33s  ...                0.85         0.02
3   2026-01-23 10:52:38       0m 38s  ...               25.47         0.67
4   2026-01-23 10:53:17       0m 40s  ...               37.39         0.99
5   2026-01-23 10:53:57       0m 31s  ...                0.45         0.01
6   2026-01-23 10:54:28       0m 35s  ...               38.62         0.91
7   2026-01-23 10:55:04       0m 33s  ...               19.86         0.56
8   2026-01-23 10:55:38       0m 34s  ...               39.61         1.05
9   2026-01-23 10:56:13       0m 32s  ...                1.79         0.05
10  2026-01-23 10:56:45       0m 33s  ...                2.79         0.07
11  2026-01-23 10:57:18       0m 38s  ...               20.77         0.49
12  2026-01-23 10:57:56       0m 32s  ...               20.60         0.51
13  2026-01-23 10:58:29       0m 32s  ...               15.28         0.35
14  2026-01-23 10:59:02       0m 35s  ...               30.18         0.79
15  2026-01-23 10:59:38       0m 34s  ...               19.25         0.48
16  2026-01-23 11:00:12       0m 44s  ...               85.84         2.58
17  2026-01-23 11:00:57       0m 30s  ...                0.76         0.02
18  2026-01-23 11:01:27       0m 33s  ...               23.22         0.57
19  2026-01-23 11:02:00       0m 39s  ...               62.76         1.72
20  2026-01-23 11:02:40       0m 30s  ...                1.10         0.03
21  2026-01-23 11:03:10       0m 32s  ...               19.31         0.52
22  2026-01-23 11:03:43       0m 35s  ...               42.05         1.16
23  2026-01-23 11:04:19       0m 28s  ...                6.56         0.18
24  2026-01-23 11:04:47       0m 29s  ...                1.51         0.04
25  2026-01-23 11:05:16       0m 31s  ...                8.51         0.22
26  2026-01-23 11:05:47       0m 32s  ...               12.12         0.31
27  2026-01-23 11:06:20       0m 34s  ...               32.69         0.79
28  2026-01-23 11:06:55       0m 31s  ...                2.15         0.06
29  2026-01-23 11:07:27       0m 30s  ...                2.94         0.07
30  2026-01-23 11:07:58       0m 32s  ...               12.91         0.30
31  2026-01-23 11:08:30       0m 32s  ...               42.77         1.19

[32 rows x 24 columns]
              timestamp time_elapsed  ... severity_rate_patch Gradient_sr2
0   2026-01-23 10:50:57       0m 33s  ...                1.74         0.04
1   2026-01-23 10:51:31       0m 33s  ...                4.36         0.11
2   2026-01-23 10:52:05       0m 33s  ...                0.85         0.02
3   2026-01-23 10:52:38       0m 38s  ...               25.47         0.67
4   2026-01-23 10:53:17       0m 40s  ...               37.39         0.99
5   2026-01-23 10:53:57       0m 31s  ...                0.45         0.01
6   2026-01-23 10:54:28       0m 35s  ...               38.62         0.91
7   2026-01-23 10:55:04       0m 33s  ...               19.86         0.56
8   2026-01-23 10:55:38       0m 34s  ...               39.61         1.05
9   2026-01-23 10:56:13       0m 32s  ...                1.79         0.05
10  2026-01-23 10:56:45       0m 33s  ...                2.79         0.07
11  2026-01-23 10:57:18       0m 38s  ...               20.77         0.49
12  2026-01-23 10:57:56       0m 32s  ...               20.60         0.51
13  2026-01-23 10:58:29       0m 32s  ...               15.28         0.35
14  2026-01-23 10:59:02       0m 35s  ...               30.18         0.79
15  2026-01-23 10:59:38       0m 34s  ...               19.25         0.48
16  2026-01-23 11:00:12       0m 44s  ...               85.84         2.58
17  2026-01-23 11:00:57       0m 30s  ...                0.76         0.02
18  2026-01-23 11:01:27       0m 33s  ...               23.22         0.57
19  2026-01-23 11:02:00       0m 39s  ...               62.76         1.72
20  2026-01-23 11:02:40       0m 30s  ...                1.10         0.03
21  2026-01-23 11:03:10       0m 32s  ...               19.31         0.52
22  2026-01-23 11:03:43       0m 35s  ...               42.05         1.16
23  2026-01-23 11:04:19       0m 28s  ...                6.56         0.18
24  2026-01-23 11:04:47       0m 29s  ...                1.51         0.04
25  2026-01-23 11:05:16       0m 31s  ...                8.51         0.22
26  2026-01-23 11:05:47       0m 32s  ...               12.12         0.31
27  2026-01-23 11:06:20       0m 34s  ...               32.69         0.79
28  2026-01-23 11:06:55       0m 31s  ...                2.15         0.06
29  2026-01-23 11:07:27       0m 30s  ...                2.94         0.07
30  2026-01-23 11:07:58       0m 32s  ...               12.91         0.30
31  2026-01-23 11:08:30       0m 32s  ...               42.77         1.19
32  2026-01-23 11:09:02       0m 38s  ...               65.54         1.89

[33 rows x 24 columns]
[2026-01-23 11:11:14,068] - [root] - [INFO] - Analysis finished: 0m 30s
[2026-01-23 11:11:14,068] - [root] - [INFO] - -------------------------------------------
[2026-01-23 11:11:14,068] - [root] - [INFO] - -------------------------------------------
[2026-01-23 11:11:14,068] - [root] - [INFO] - Processing 1-22-2026 5dpi 091-W2021006-056_R2.png
[2026-01-23 11:11:34,173] - [root] - [INFO] - Finished loading mask: 0m 20s
[2026-01-23 11:11:43,549] - [root] - [INFO] - Finished crop and inference: 0m 29s
[2026-01-23 11:11:45,229] - [root] - [INFO] - Analysis finished: 0m 31s
[2026-01-23 11:11:45,229] - [root] - [INFO] - -------------------------------------------
[2026-01-23 11:11:45,229] - [root] - [INFO] - -------------------------------------------
[2026-01-23 11:11:45,229] - [root] - [INFO] - Processing 1-22-2026 5dpi 094-W2021010-315_R2.png
[2026-01-23 11:12:04,756] - [root] - [INFO] - Finished loading mask: 0m 19s
[2026-01-23 11:12:13,650] - [root] - [INFO] - Finished crop and inference: 0m 28s
              timestamp time_elapsed  ... severity_rate_patch Gradient_sr2
0   2026-01-23 10:50:57       0m 33s  ...                1.74         0.04
1   2026-01-23 10:51:31       0m 33s  ...                4.36         0.11
2   2026-01-23 10:52:05       0m 33s  ...                0.85         0.02
3   2026-01-23 10:52:38       0m 38s  ...               25.47         0.67
4   2026-01-23 10:53:17       0m 40s  ...               37.39         0.99
5   2026-01-23 10:53:57       0m 31s  ...                0.45         0.01
6   2026-01-23 10:54:28       0m 35s  ...               38.62         0.91
7   2026-01-23 10:55:04       0m 33s  ...               19.86         0.56
8   2026-01-23 10:55:38       0m 34s  ...               39.61         1.05
9   2026-01-23 10:56:13       0m 32s  ...                1.79         0.05
10  2026-01-23 10:56:45       0m 33s  ...                2.79         0.07
11  2026-01-23 10:57:18       0m 38s  ...               20.77         0.49
12  2026-01-23 10:57:56       0m 32s  ...               20.60         0.51
13  2026-01-23 10:58:29       0m 32s  ...               15.28         0.35
14  2026-01-23 10:59:02       0m 35s  ...               30.18         0.79
15  2026-01-23 10:59:38       0m 34s  ...               19.25         0.48
16  2026-01-23 11:00:12       0m 44s  ...               85.84         2.58
17  2026-01-23 11:00:57       0m 30s  ...                0.76         0.02
18  2026-01-23 11:01:27       0m 33s  ...               23.22         0.57
19  2026-01-23 11:02:00       0m 39s  ...               62.76         1.72
20  2026-01-23 11:02:40       0m 30s  ...                1.10         0.03
21  2026-01-23 11:03:10       0m 32s  ...               19.31         0.52
22  2026-01-23 11:03:43       0m 35s  ...               42.05         1.16
23  2026-01-23 11:04:19       0m 28s  ...                6.56         0.18
24  2026-01-23 11:04:47       0m 29s  ...                1.51         0.04
25  2026-01-23 11:05:16       0m 31s  ...                8.51         0.22
26  2026-01-23 11:05:47       0m 32s  ...               12.12         0.31
27  2026-01-23 11:06:20       0m 34s  ...               32.69         0.79
28  2026-01-23 11:06:55       0m 31s  ...                2.15         0.06
29  2026-01-23 11:07:27       0m 30s  ...                2.94         0.07
30  2026-01-23 11:07:58       0m 32s  ...               12.91         0.30
31  2026-01-23 11:08:30       0m 32s  ...               42.77         1.19
32  2026-01-23 11:09:02       0m 38s  ...               65.54         1.89
33  2026-01-23 11:09:41       0m 31s  ...               10.11         0.24

[34 rows x 24 columns]
              timestamp time_elapsed  ... severity_rate_patch Gradient_sr2
0   2026-01-23 10:50:57       0m 33s  ...                1.74         0.04
1   2026-01-23 10:51:31       0m 33s  ...                4.36         0.11
2   2026-01-23 10:52:05       0m 33s  ...                0.85         0.02
3   2026-01-23 10:52:38       0m 38s  ...               25.47         0.67
4   2026-01-23 10:53:17       0m 40s  ...               37.39         0.99
5   2026-01-23 10:53:57       0m 31s  ...                0.45         0.01
6   2026-01-23 10:54:28       0m 35s  ...               38.62         0.91
7   2026-01-23 10:55:04       0m 33s  ...               19.86         0.56
8   2026-01-23 10:55:38       0m 34s  ...               39.61         1.05
9   2026-01-23 10:56:13       0m 32s  ...                1.79         0.05
10  2026-01-23 10:56:45       0m 33s  ...                2.79         0.07
11  2026-01-23 10:57:18       0m 38s  ...               20.77         0.49
12  2026-01-23 10:57:56       0m 32s  ...               20.60         0.51
13  2026-01-23 10:58:29       0m 32s  ...               15.28         0.35
14  2026-01-23 10:59:02       0m 35s  ...               30.18         0.79
15  2026-01-23 10:59:38       0m 34s  ...               19.25         0.48
16  2026-01-23 11:00:12       0m 44s  ...               85.84         2.58
17  2026-01-23 11:00:57       0m 30s  ...                0.76         0.02
18  2026-01-23 11:01:27       0m 33s  ...               23.22         0.57
19  2026-01-23 11:02:00       0m 39s  ...               62.76         1.72
20  2026-01-23 11:02:40       0m 30s  ...                1.10         0.03
21  2026-01-23 11:03:10       0m 32s  ...               19.31         0.52
22  2026-01-23 11:03:43       0m 35s  ...               42.05         1.16
23  2026-01-23 11:04:19       0m 28s  ...                6.56         0.18
24  2026-01-23 11:04:47       0m 29s  ...                1.51         0.04
25  2026-01-23 11:05:16       0m 31s  ...                8.51         0.22
26  2026-01-23 11:05:47       0m 32s  ...               12.12         0.31
27  2026-01-23 11:06:20       0m 34s  ...               32.69         0.79
28  2026-01-23 11:06:55       0m 31s  ...                2.15         0.06
29  2026-01-23 11:07:27       0m 30s  ...                2.94         0.07
30  2026-01-23 11:07:58       0m 32s  ...               12.91         0.30
31  2026-01-23 11:08:30       0m 32s  ...               42.77         1.19
32  2026-01-23 11:09:02       0m 38s  ...               65.54         1.89
33  2026-01-23 11:09:41       0m 31s  ...               10.11         0.24
34  2026-01-23 11:10:12       0m 30s  ...                4.05         0.11

[35 rows x 24 columns]
[2026-01-23 11:12:15,239] - [root] - [INFO] - Analysis finished: 0m 30s
[2026-01-23 11:12:15,239] - [root] - [INFO] - -------------------------------------------
[2026-01-23 11:12:15,239] - [root] - [INFO] - -------------------------------------------
[2026-01-23 11:12:15,239] - [root] - [INFO] - Processing 1-22-2026 5dpi 095-W2021011-553_R2.png
[2026-01-23 11:12:34,352] - [root] - [INFO] - Finished loading mask: 0m 19s
[2026-01-23 11:12:42,522] - [root] - [INFO] - Finished crop and inference: 0m 27s
[2026-01-23 11:12:44,302] - [root] - [INFO] - Analysis finished: 0m 29s
[2026-01-23 11:12:44,302] - [root] - [INFO] - -------------------------------------------
[2026-01-23 11:12:44,302] - [root] - [INFO] - -------------------------------------------
[2026-01-23 11:12:44,302] - [root] - [INFO] - Processing 1-22-2026 5dpi 097-W2021006-617_R2.png
[2026-01-23 11:13:04,457] - [root] - [INFO] - Finished loading mask: 0m 20s
[2026-01-23 11:13:19,357] - [root] - [INFO] - Finished crop and inference: 0m 35s
              timestamp time_elapsed  ... severity_rate_patch Gradient_sr2
0   2026-01-23 10:50:57       0m 33s  ...                1.74         0.04
1   2026-01-23 10:51:31       0m 33s  ...                4.36         0.11
2   2026-01-23 10:52:05       0m 33s  ...                0.85         0.02
3   2026-01-23 10:52:38       0m 38s  ...               25.47         0.67
4   2026-01-23 10:53:17       0m 40s  ...               37.39         0.99
5   2026-01-23 10:53:57       0m 31s  ...                0.45         0.01
6   2026-01-23 10:54:28       0m 35s  ...               38.62         0.91
7   2026-01-23 10:55:04       0m 33s  ...               19.86         0.56
8   2026-01-23 10:55:38       0m 34s  ...               39.61         1.05
9   2026-01-23 10:56:13       0m 32s  ...                1.79         0.05
10  2026-01-23 10:56:45       0m 33s  ...                2.79         0.07
11  2026-01-23 10:57:18       0m 38s  ...               20.77         0.49
12  2026-01-23 10:57:56       0m 32s  ...               20.60         0.51
13  2026-01-23 10:58:29       0m 32s  ...               15.28         0.35
14  2026-01-23 10:59:02       0m 35s  ...               30.18         0.79
15  2026-01-23 10:59:38       0m 34s  ...               19.25         0.48
16  2026-01-23 11:00:12       0m 44s  ...               85.84         2.58
17  2026-01-23 11:00:57       0m 30s  ...                0.76         0.02
18  2026-01-23 11:01:27       0m 33s  ...               23.22         0.57
19  2026-01-23 11:02:00       0m 39s  ...               62.76         1.72
20  2026-01-23 11:02:40       0m 30s  ...                1.10         0.03
21  2026-01-23 11:03:10       0m 32s  ...               19.31         0.52
22  2026-01-23 11:03:43       0m 35s  ...               42.05         1.16
23  2026-01-23 11:04:19       0m 28s  ...                6.56         0.18
24  2026-01-23 11:04:47       0m 29s  ...                1.51         0.04
25  2026-01-23 11:05:16       0m 31s  ...                8.51         0.22
26  2026-01-23 11:05:47       0m 32s  ...               12.12         0.31
27  2026-01-23 11:06:20       0m 34s  ...               32.69         0.79
28  2026-01-23 11:06:55       0m 31s  ...                2.15         0.06
29  2026-01-23 11:07:27       0m 30s  ...                2.94         0.07
30  2026-01-23 11:07:58       0m 32s  ...               12.91         0.30
31  2026-01-23 11:08:30       0m 32s  ...               42.77         1.19
32  2026-01-23 11:09:02       0m 38s  ...               65.54         1.89
33  2026-01-23 11:09:41       0m 31s  ...               10.11         0.24
34  2026-01-23 11:10:12       0m 30s  ...                4.05         0.11
35  2026-01-23 11:10:43       0m 30s  ...                1.89         0.05

[36 rows x 24 columns]
              timestamp time_elapsed  ... severity_rate_patch Gradient_sr2
0   2026-01-23 10:50:57       0m 33s  ...                1.74         0.04
1   2026-01-23 10:51:31       0m 33s  ...                4.36         0.11
2   2026-01-23 10:52:05       0m 33s  ...                0.85         0.02
3   2026-01-23 10:52:38       0m 38s  ...               25.47         0.67
4   2026-01-23 10:53:17       0m 40s  ...               37.39         0.99
5   2026-01-23 10:53:57       0m 31s  ...                0.45         0.01
6   2026-01-23 10:54:28       0m 35s  ...               38.62         0.91
7   2026-01-23 10:55:04       0m 33s  ...               19.86         0.56
8   2026-01-23 10:55:38       0m 34s  ...               39.61         1.05
9   2026-01-23 10:56:13       0m 32s  ...                1.79         0.05
10  2026-01-23 10:56:45       0m 33s  ...                2.79         0.07
11  2026-01-23 10:57:18       0m 38s  ...               20.77         0.49
12  2026-01-23 10:57:56       0m 32s  ...               20.60         0.51
13  2026-01-23 10:58:29       0m 32s  ...               15.28         0.35
14  2026-01-23 10:59:02       0m 35s  ...               30.18         0.79
15  2026-01-23 10:59:38       0m 34s  ...               19.25         0.48
16  2026-01-23 11:00:12       0m 44s  ...               85.84         2.58
17  2026-01-23 11:00:57       0m 30s  ...                0.76         0.02
18  2026-01-23 11:01:27       0m 33s  ...               23.22         0.57
19  2026-01-23 11:02:00       0m 39s  ...               62.76         1.72
20  2026-01-23 11:02:40       0m 30s  ...                1.10         0.03
21  2026-01-23 11:03:10       0m 32s  ...               19.31         0.52
22  2026-01-23 11:03:43       0m 35s  ...               42.05         1.16
23  2026-01-23 11:04:19       0m 28s  ...                6.56         0.18
24  2026-01-23 11:04:47       0m 29s  ...                1.51         0.04
25  2026-01-23 11:05:16       0m 31s  ...                8.51         0.22
26  2026-01-23 11:05:47       0m 32s  ...               12.12         0.31
27  2026-01-23 11:06:20       0m 34s  ...               32.69         0.79
28  2026-01-23 11:06:55       0m 31s  ...                2.15         0.06
29  2026-01-23 11:07:27       0m 30s  ...                2.94         0.07
30  2026-01-23 11:07:58       0m 32s  ...               12.91         0.30
31  2026-01-23 11:08:30       0m 32s  ...               42.77         1.19
32  2026-01-23 11:09:02       0m 38s  ...               65.54         1.89
33  2026-01-23 11:09:41       0m 31s  ...               10.11         0.24
34  2026-01-23 11:10:12       0m 30s  ...                4.05         0.11
35  2026-01-23 11:10:43       0m 30s  ...                1.89         0.05
36  2026-01-23 11:11:14       0m 31s  ...                5.54         0.15

[37 rows x 24 columns]
[2026-01-23 11:13:21,059] - [root] - [INFO] - Analysis finished: 0m 36s
[2026-01-23 11:13:21,059] - [root] - [INFO] - -------------------------------------------
[2026-01-23 11:13:21,059] - [root] - [INFO] - -------------------------------------------
[2026-01-23 11:13:21,059] - [root] - [INFO] - Processing 1-22-2026 5dpi 097-W2021009-163_R1.png
[2026-01-23 11:13:40,184] - [root] - [INFO] - Finished loading mask: 0m 19s
[2026-01-23 11:13:57,871] - [root] - [INFO] - Finished crop and inference: 0m 36s
[2026-01-23 11:13:59,664] - [root] - [INFO] - Analysis finished: 0m 38s
[2026-01-23 11:13:59,664] - [root] - [INFO] - -------------------------------------------
[2026-01-23 11:13:59,664] - [root] - [INFO] - -------------------------------------------
[2026-01-23 11:13:59,664] - [root] - [INFO] - Processing 1-22-2026 5dpi 099-W2021006-611_R2.png
[2026-01-23 11:14:19,461] - [root] - [INFO] - Finished loading mask: 0m 19s
[2026-01-23 11:14:34,719] - [root] - [INFO] - Finished crop and inference: 0m 35s
              timestamp time_elapsed  ... severity_rate_patch Gradient_sr2
0   2026-01-23 10:50:57       0m 33s  ...                1.74         0.04
1   2026-01-23 10:51:31       0m 33s  ...                4.36         0.11
2   2026-01-23 10:52:05       0m 33s  ...                0.85         0.02
3   2026-01-23 10:52:38       0m 38s  ...               25.47         0.67
4   2026-01-23 10:53:17       0m 40s  ...               37.39         0.99
5   2026-01-23 10:53:57       0m 31s  ...                0.45         0.01
6   2026-01-23 10:54:28       0m 35s  ...               38.62         0.91
7   2026-01-23 10:55:04       0m 33s  ...               19.86         0.56
8   2026-01-23 10:55:38       0m 34s  ...               39.61         1.05
9   2026-01-23 10:56:13       0m 32s  ...                1.79         0.05
10  2026-01-23 10:56:45       0m 33s  ...                2.79         0.07
11  2026-01-23 10:57:18       0m 38s  ...               20.77         0.49
12  2026-01-23 10:57:56       0m 32s  ...               20.60         0.51
13  2026-01-23 10:58:29       0m 32s  ...               15.28         0.35
14  2026-01-23 10:59:02       0m 35s  ...               30.18         0.79
15  2026-01-23 10:59:38       0m 34s  ...               19.25         0.48
16  2026-01-23 11:00:12       0m 44s  ...               85.84         2.58
17  2026-01-23 11:00:57       0m 30s  ...                0.76         0.02
18  2026-01-23 11:01:27       0m 33s  ...               23.22         0.57
19  2026-01-23 11:02:00       0m 39s  ...               62.76         1.72
20  2026-01-23 11:02:40       0m 30s  ...                1.10         0.03
21  2026-01-23 11:03:10       0m 32s  ...               19.31         0.52
22  2026-01-23 11:03:43       0m 35s  ...               42.05         1.16
23  2026-01-23 11:04:19       0m 28s  ...                6.56         0.18
24  2026-01-23 11:04:47       0m 29s  ...                1.51         0.04
25  2026-01-23 11:05:16       0m 31s  ...                8.51         0.22
26  2026-01-23 11:05:47       0m 32s  ...               12.12         0.31
27  2026-01-23 11:06:20       0m 34s  ...               32.69         0.79
28  2026-01-23 11:06:55       0m 31s  ...                2.15         0.06
29  2026-01-23 11:07:27       0m 30s  ...                2.94         0.07
30  2026-01-23 11:07:58       0m 32s  ...               12.91         0.30
31  2026-01-23 11:08:30       0m 32s  ...               42.77         1.19
32  2026-01-23 11:09:02       0m 38s  ...               65.54         1.89
33  2026-01-23 11:09:41       0m 31s  ...               10.11         0.24
34  2026-01-23 11:10:12       0m 30s  ...                4.05         0.11
35  2026-01-23 11:10:43       0m 30s  ...                1.89         0.05
36  2026-01-23 11:11:14       0m 31s  ...                5.54         0.15
37  2026-01-23 11:11:45       0m 29s  ...                0.46         0.01

[38 rows x 24 columns]
              timestamp time_elapsed  ... severity_rate_patch Gradient_sr2
0   2026-01-23 10:50:57       0m 33s  ...                1.74         0.04
1   2026-01-23 10:51:31       0m 33s  ...                4.36         0.11
2   2026-01-23 10:52:05       0m 33s  ...                0.85         0.02
3   2026-01-23 10:52:38       0m 38s  ...               25.47         0.67
4   2026-01-23 10:53:17       0m 40s  ...               37.39         0.99
5   2026-01-23 10:53:57       0m 31s  ...                0.45         0.01
6   2026-01-23 10:54:28       0m 35s  ...               38.62         0.91
7   2026-01-23 10:55:04       0m 33s  ...               19.86         0.56
8   2026-01-23 10:55:38       0m 34s  ...               39.61         1.05
9   2026-01-23 10:56:13       0m 32s  ...                1.79         0.05
10  2026-01-23 10:56:45       0m 33s  ...                2.79         0.07
11  2026-01-23 10:57:18       0m 38s  ...               20.77         0.49
12  2026-01-23 10:57:56       0m 32s  ...               20.60         0.51
13  2026-01-23 10:58:29       0m 32s  ...               15.28         0.35
14  2026-01-23 10:59:02       0m 35s  ...               30.18         0.79
15  2026-01-23 10:59:38       0m 34s  ...               19.25         0.48
16  2026-01-23 11:00:12       0m 44s  ...               85.84         2.58
17  2026-01-23 11:00:57       0m 30s  ...                0.76         0.02
18  2026-01-23 11:01:27       0m 33s  ...               23.22         0.57
19  2026-01-23 11:02:00       0m 39s  ...               62.76         1.72
20  2026-01-23 11:02:40       0m 30s  ...                1.10         0.03
21  2026-01-23 11:03:10       0m 32s  ...               19.31         0.52
22  2026-01-23 11:03:43       0m 35s  ...               42.05         1.16
23  2026-01-23 11:04:19       0m 28s  ...                6.56         0.18
24  2026-01-23 11:04:47       0m 29s  ...                1.51         0.04
25  2026-01-23 11:05:16       0m 31s  ...                8.51         0.22
26  2026-01-23 11:05:47       0m 32s  ...               12.12         0.31
27  2026-01-23 11:06:20       0m 34s  ...               32.69         0.79
28  2026-01-23 11:06:55       0m 31s  ...                2.15         0.06
29  2026-01-23 11:07:27       0m 30s  ...                2.94         0.07
30  2026-01-23 11:07:58       0m 32s  ...               12.91         0.30
31  2026-01-23 11:08:30       0m 32s  ...               42.77         1.19
32  2026-01-23 11:09:02       0m 38s  ...               65.54         1.89
33  2026-01-23 11:09:41       0m 31s  ...               10.11         0.24
34  2026-01-23 11:10:12       0m 30s  ...                4.05         0.11
35  2026-01-23 11:10:43       0m 30s  ...                1.89         0.05
36  2026-01-23 11:11:14       0m 31s  ...                5.54         0.15
37  2026-01-23 11:11:45       0m 29s  ...                0.46         0.01
38  2026-01-23 11:12:15       0m 29s  ...                1.59         0.04

[39 rows x 24 columns]
[2026-01-23 11:14:36,459] - [root] - [INFO] - Analysis finished: 0m 36s
[2026-01-23 11:14:36,459] - [root] - [INFO] - -------------------------------------------
[2026-01-23 11:14:36,459] - [root] - [INFO] - -------------------------------------------
[2026-01-23 11:14:36,459] - [root] - [INFO] - Processing 1-22-2026 5dpi 101-W2021011-565_R1.png
[2026-01-23 11:14:56,358] - [root] - [INFO] - Finished loading mask: 0m 19s
[2026-01-23 11:15:18,168] - [root] - [INFO] - Finished crop and inference: 0m 41s
[2026-01-23 11:15:19,858] - [root] - [INFO] - Analysis finished: 0m 43s
[2026-01-23 11:15:19,858] - [root] - [INFO] - -------------------------------------------
[2026-01-23 11:15:19,858] - [root] - [INFO] - -------------------------------------------
[2026-01-23 11:15:19,858] - [root] - [INFO] - Processing 1-22-2026 5dpi 105-W2021011-558_R1.png
[2026-01-23 11:15:39,752] - [root] - [INFO] - Finished loading mask: 0m 19s
[2026-01-23 11:15:48,484] - [root] - [INFO] - Finished crop and inference: 0m 28s
              timestamp time_elapsed  ... severity_rate_patch Gradient_sr2
0   2026-01-23 10:50:57       0m 33s  ...                1.74         0.04
1   2026-01-23 10:51:31       0m 33s  ...                4.36         0.11
2   2026-01-23 10:52:05       0m 33s  ...                0.85         0.02
3   2026-01-23 10:52:38       0m 38s  ...               25.47         0.67
4   2026-01-23 10:53:17       0m 40s  ...               37.39         0.99
5   2026-01-23 10:53:57       0m 31s  ...                0.45         0.01
6   2026-01-23 10:54:28       0m 35s  ...               38.62         0.91
7   2026-01-23 10:55:04       0m 33s  ...               19.86         0.56
8   2026-01-23 10:55:38       0m 34s  ...               39.61         1.05
9   2026-01-23 10:56:13       0m 32s  ...                1.79         0.05
10  2026-01-23 10:56:45       0m 33s  ...                2.79         0.07
11  2026-01-23 10:57:18       0m 38s  ...               20.77         0.49
12  2026-01-23 10:57:56       0m 32s  ...               20.60         0.51
13  2026-01-23 10:58:29       0m 32s  ...               15.28         0.35
14  2026-01-23 10:59:02       0m 35s  ...               30.18         0.79
15  2026-01-23 10:59:38       0m 34s  ...               19.25         0.48
16  2026-01-23 11:00:12       0m 44s  ...               85.84         2.58
17  2026-01-23 11:00:57       0m 30s  ...                0.76         0.02
18  2026-01-23 11:01:27       0m 33s  ...               23.22         0.57
19  2026-01-23 11:02:00       0m 39s  ...               62.76         1.72
20  2026-01-23 11:02:40       0m 30s  ...                1.10         0.03
21  2026-01-23 11:03:10       0m 32s  ...               19.31         0.52
22  2026-01-23 11:03:43       0m 35s  ...               42.05         1.16
23  2026-01-23 11:04:19       0m 28s  ...                6.56         0.18
24  2026-01-23 11:04:47       0m 29s  ...                1.51         0.04
25  2026-01-23 11:05:16       0m 31s  ...                8.51         0.22
26  2026-01-23 11:05:47       0m 32s  ...               12.12         0.31
27  2026-01-23 11:06:20       0m 34s  ...               32.69         0.79
28  2026-01-23 11:06:55       0m 31s  ...                2.15         0.06
29  2026-01-23 11:07:27       0m 30s  ...                2.94         0.07
30  2026-01-23 11:07:58       0m 32s  ...               12.91         0.30
31  2026-01-23 11:08:30       0m 32s  ...               42.77         1.19
32  2026-01-23 11:09:02       0m 38s  ...               65.54         1.89
33  2026-01-23 11:09:41       0m 31s  ...               10.11         0.24
34  2026-01-23 11:10:12       0m 30s  ...                4.05         0.11
35  2026-01-23 11:10:43       0m 30s  ...                1.89         0.05
36  2026-01-23 11:11:14       0m 31s  ...                5.54         0.15
37  2026-01-23 11:11:45       0m 29s  ...                0.46         0.01
38  2026-01-23 11:12:15       0m 29s  ...                1.59         0.04
39  2026-01-23 11:12:44       0m 36s  ...               43.85         1.03

[40 rows x 24 columns]
              timestamp time_elapsed  ... severity_rate_patch Gradient_sr2
0   2026-01-23 10:50:57       0m 33s  ...                1.74         0.04
1   2026-01-23 10:51:31       0m 33s  ...                4.36         0.11
2   2026-01-23 10:52:05       0m 33s  ...                0.85         0.02
3   2026-01-23 10:52:38       0m 38s  ...               25.47         0.67
4   2026-01-23 10:53:17       0m 40s  ...               37.39         0.99
5   2026-01-23 10:53:57       0m 31s  ...                0.45         0.01
6   2026-01-23 10:54:28       0m 35s  ...               38.62         0.91
7   2026-01-23 10:55:04       0m 33s  ...               19.86         0.56
8   2026-01-23 10:55:38       0m 34s  ...               39.61         1.05
9   2026-01-23 10:56:13       0m 32s  ...                1.79         0.05
10  2026-01-23 10:56:45       0m 33s  ...                2.79         0.07
11  2026-01-23 10:57:18       0m 38s  ...               20.77         0.49
12  2026-01-23 10:57:56       0m 32s  ...               20.60         0.51
13  2026-01-23 10:58:29       0m 32s  ...               15.28         0.35
14  2026-01-23 10:59:02       0m 35s  ...               30.18         0.79
15  2026-01-23 10:59:38       0m 34s  ...               19.25         0.48
16  2026-01-23 11:00:12       0m 44s  ...               85.84         2.58
17  2026-01-23 11:00:57       0m 30s  ...                0.76         0.02
18  2026-01-23 11:01:27       0m 33s  ...               23.22         0.57
19  2026-01-23 11:02:00       0m 39s  ...               62.76         1.72
20  2026-01-23 11:02:40       0m 30s  ...                1.10         0.03
21  2026-01-23 11:03:10       0m 32s  ...               19.31         0.52
22  2026-01-23 11:03:43       0m 35s  ...               42.05         1.16
23  2026-01-23 11:04:19       0m 28s  ...                6.56         0.18
24  2026-01-23 11:04:47       0m 29s  ...                1.51         0.04
25  2026-01-23 11:05:16       0m 31s  ...                8.51         0.22
26  2026-01-23 11:05:47       0m 32s  ...               12.12         0.31
27  2026-01-23 11:06:20       0m 34s  ...               32.69         0.79
28  2026-01-23 11:06:55       0m 31s  ...                2.15         0.06
29  2026-01-23 11:07:27       0m 30s  ...                2.94         0.07
30  2026-01-23 11:07:58       0m 32s  ...               12.91         0.30
31  2026-01-23 11:08:30       0m 32s  ...               42.77         1.19
32  2026-01-23 11:09:02       0m 38s  ...               65.54         1.89
33  2026-01-23 11:09:41       0m 31s  ...               10.11         0.24
34  2026-01-23 11:10:12       0m 30s  ...                4.05         0.11
35  2026-01-23 11:10:43       0m 30s  ...                1.89         0.05
36  2026-01-23 11:11:14       0m 31s  ...                5.54         0.15
37  2026-01-23 11:11:45       0m 29s  ...                0.46         0.01
38  2026-01-23 11:12:15       0m 29s  ...                1.59         0.04
39  2026-01-23 11:12:44       0m 36s  ...               43.85         1.03
40  2026-01-23 11:13:21       0m 38s  ...               61.84         1.56

[41 rows x 24 columns]
[2026-01-23 11:15:50,096] - [root] - [INFO] - Analysis finished: 0m 30s
[2026-01-23 11:15:50,096] - [root] - [INFO] - -------------------------------------------
[2026-01-23 11:15:50,096] - [root] - [INFO] - -------------------------------------------
[2026-01-23 11:15:50,096] - [root] - [INFO] - Processing 1-22-2026 5dpi 110-W2021011-454_R2.png
[2026-01-23 11:16:10,055] - [root] - [INFO] - Finished loading mask: 0m 19s
[2026-01-23 11:16:21,039] - [root] - [INFO] - Finished crop and inference: 0m 30s
[2026-01-23 11:16:22,778] - [root] - [INFO] - Analysis finished: 0m 32s
[2026-01-23 11:16:22,778] - [root] - [INFO] - -------------------------------------------
[2026-01-23 11:16:22,778] - [root] - [INFO] - -------------------------------------------
[2026-01-23 11:16:22,778] - [root] - [INFO] - Processing 1-22-2026 5dpi 111-W2021011-588_R2.png
[2026-01-23 11:16:43,105] - [root] - [INFO] - Finished loading mask: 0m 20s
[2026-01-23 11:16:52,623] - [root] - [INFO] - Finished crop and inference: 0m 29s
              timestamp time_elapsed  ... severity_rate_patch Gradient_sr2
0   2026-01-23 10:50:57       0m 33s  ...                1.74         0.04
1   2026-01-23 10:51:31       0m 33s  ...                4.36         0.11
2   2026-01-23 10:52:05       0m 33s  ...                0.85         0.02
3   2026-01-23 10:52:38       0m 38s  ...               25.47         0.67
4   2026-01-23 10:53:17       0m 40s  ...               37.39         0.99
5   2026-01-23 10:53:57       0m 31s  ...                0.45         0.01
6   2026-01-23 10:54:28       0m 35s  ...               38.62         0.91
7   2026-01-23 10:55:04       0m 33s  ...               19.86         0.56
8   2026-01-23 10:55:38       0m 34s  ...               39.61         1.05
9   2026-01-23 10:56:13       0m 32s  ...                1.79         0.05
10  2026-01-23 10:56:45       0m 33s  ...                2.79         0.07
11  2026-01-23 10:57:18       0m 38s  ...               20.77         0.49
12  2026-01-23 10:57:56       0m 32s  ...               20.60         0.51
13  2026-01-23 10:58:29       0m 32s  ...               15.28         0.35
14  2026-01-23 10:59:02       0m 35s  ...               30.18         0.79
15  2026-01-23 10:59:38       0m 34s  ...               19.25         0.48
16  2026-01-23 11:00:12       0m 44s  ...               85.84         2.58
17  2026-01-23 11:00:57       0m 30s  ...                0.76         0.02
18  2026-01-23 11:01:27       0m 33s  ...               23.22         0.57
19  2026-01-23 11:02:00       0m 39s  ...               62.76         1.72
20  2026-01-23 11:02:40       0m 30s  ...                1.10         0.03
21  2026-01-23 11:03:10       0m 32s  ...               19.31         0.52
22  2026-01-23 11:03:43       0m 35s  ...               42.05         1.16
23  2026-01-23 11:04:19       0m 28s  ...                6.56         0.18
24  2026-01-23 11:04:47       0m 29s  ...                1.51         0.04
25  2026-01-23 11:05:16       0m 31s  ...                8.51         0.22
26  2026-01-23 11:05:47       0m 32s  ...               12.12         0.31
27  2026-01-23 11:06:20       0m 34s  ...               32.69         0.79
28  2026-01-23 11:06:55       0m 31s  ...                2.15         0.06
29  2026-01-23 11:07:27       0m 30s  ...                2.94         0.07
30  2026-01-23 11:07:58       0m 32s  ...               12.91         0.30
31  2026-01-23 11:08:30       0m 32s  ...               42.77         1.19
32  2026-01-23 11:09:02       0m 38s  ...               65.54         1.89
33  2026-01-23 11:09:41       0m 31s  ...               10.11         0.24
34  2026-01-23 11:10:12       0m 30s  ...                4.05         0.11
35  2026-01-23 11:10:43       0m 30s  ...                1.89         0.05
36  2026-01-23 11:11:14       0m 31s  ...                5.54         0.15
37  2026-01-23 11:11:45       0m 29s  ...                0.46         0.01
38  2026-01-23 11:12:15       0m 29s  ...                1.59         0.04
39  2026-01-23 11:12:44       0m 36s  ...               43.85         1.03
40  2026-01-23 11:13:21       0m 38s  ...               61.84         1.56
41  2026-01-23 11:13:59       0m 36s  ...               46.89         1.19

[42 rows x 24 columns]
              timestamp time_elapsed  ... severity_rate_patch Gradient_sr2
0   2026-01-23 10:50:57       0m 33s  ...                1.74         0.04
1   2026-01-23 10:51:31       0m 33s  ...                4.36         0.11
2   2026-01-23 10:52:05       0m 33s  ...                0.85         0.02
3   2026-01-23 10:52:38       0m 38s  ...               25.47         0.67
4   2026-01-23 10:53:17       0m 40s  ...               37.39         0.99
5   2026-01-23 10:53:57       0m 31s  ...                0.45         0.01
6   2026-01-23 10:54:28       0m 35s  ...               38.62         0.91
7   2026-01-23 10:55:04       0m 33s  ...               19.86         0.56
8   2026-01-23 10:55:38       0m 34s  ...               39.61         1.05
9   2026-01-23 10:56:13       0m 32s  ...                1.79         0.05
10  2026-01-23 10:56:45       0m 33s  ...                2.79         0.07
11  2026-01-23 10:57:18       0m 38s  ...               20.77         0.49
12  2026-01-23 10:57:56       0m 32s  ...               20.60         0.51
13  2026-01-23 10:58:29       0m 32s  ...               15.28         0.35
14  2026-01-23 10:59:02       0m 35s  ...               30.18         0.79
15  2026-01-23 10:59:38       0m 34s  ...               19.25         0.48
16  2026-01-23 11:00:12       0m 44s  ...               85.84         2.58
17  2026-01-23 11:00:57       0m 30s  ...                0.76         0.02
18  2026-01-23 11:01:27       0m 33s  ...               23.22         0.57
19  2026-01-23 11:02:00       0m 39s  ...               62.76         1.72
20  2026-01-23 11:02:40       0m 30s  ...                1.10         0.03
21  2026-01-23 11:03:10       0m 32s  ...               19.31         0.52
22  2026-01-23 11:03:43       0m 35s  ...               42.05         1.16
23  2026-01-23 11:04:19       0m 28s  ...                6.56         0.18
24  2026-01-23 11:04:47       0m 29s  ...                1.51         0.04
25  2026-01-23 11:05:16       0m 31s  ...                8.51         0.22
26  2026-01-23 11:05:47       0m 32s  ...               12.12         0.31
27  2026-01-23 11:06:20       0m 34s  ...               32.69         0.79
28  2026-01-23 11:06:55       0m 31s  ...                2.15         0.06
29  2026-01-23 11:07:27       0m 30s  ...                2.94         0.07
30  2026-01-23 11:07:58       0m 32s  ...               12.91         0.30
31  2026-01-23 11:08:30       0m 32s  ...               42.77         1.19
32  2026-01-23 11:09:02       0m 38s  ...               65.54         1.89
33  2026-01-23 11:09:41       0m 31s  ...               10.11         0.24
34  2026-01-23 11:10:12       0m 30s  ...                4.05         0.11
35  2026-01-23 11:10:43       0m 30s  ...                1.89         0.05
36  2026-01-23 11:11:14       0m 31s  ...                5.54         0.15
37  2026-01-23 11:11:45       0m 29s  ...                0.46         0.01
38  2026-01-23 11:12:15       0m 29s  ...                1.59         0.04
39  2026-01-23 11:12:44       0m 36s  ...               43.85         1.03
40  2026-01-23 11:13:21       0m 38s  ...               61.84         1.56
41  2026-01-23 11:13:59       0m 36s  ...               46.89         1.19
42  2026-01-23 11:14:36       0m 43s  ...               80.70         2.32

[43 rows x 24 columns]
[2026-01-23 11:16:54,410] - [root] - [INFO] - Analysis finished: 0m 31s
[2026-01-23 11:16:54,410] - [root] - [INFO] - -------------------------------------------
[2026-01-23 11:16:54,410] - [root] - [INFO] - -------------------------------------------
[2026-01-23 11:16:54,410] - [root] - [INFO] - Processing 1-22-2026 5dpi 121-W2021009-185_R1.png
[2026-01-23 11:17:14,359] - [root] - [INFO] - Finished loading mask: 0m 19s
[2026-01-23 11:17:23,740] - [root] - [INFO] - Finished crop and inference: 0m 29s
[2026-01-23 11:17:25,342] - [root] - [INFO] - Analysis finished: 0m 30s
[2026-01-23 11:17:25,342] - [root] - [INFO] - -------------------------------------------
[2026-01-23 11:17:25,342] - [root] - [INFO] - -------------------------------------------
[2026-01-23 11:17:25,342] - [root] - [INFO] - Processing 1-22-2026 5dpi 123-W2021009-255_R2.png
[2026-01-23 11:17:45,189] - [root] - [INFO] - Finished loading mask: 0m 19s
[2026-01-23 11:17:55,907] - [root] - [INFO] - Finished crop and inference: 0m 30s
              timestamp time_elapsed  ... severity_rate_patch Gradient_sr2
0   2026-01-23 10:50:57       0m 33s  ...                1.74         0.04
1   2026-01-23 10:51:31       0m 33s  ...                4.36         0.11
2   2026-01-23 10:52:05       0m 33s  ...                0.85         0.02
3   2026-01-23 10:52:38       0m 38s  ...               25.47         0.67
4   2026-01-23 10:53:17       0m 40s  ...               37.39         0.99
5   2026-01-23 10:53:57       0m 31s  ...                0.45         0.01
6   2026-01-23 10:54:28       0m 35s  ...               38.62         0.91
7   2026-01-23 10:55:04       0m 33s  ...               19.86         0.56
8   2026-01-23 10:55:38       0m 34s  ...               39.61         1.05
9   2026-01-23 10:56:13       0m 32s  ...                1.79         0.05
10  2026-01-23 10:56:45       0m 33s  ...                2.79         0.07
11  2026-01-23 10:57:18       0m 38s  ...               20.77         0.49
12  2026-01-23 10:57:56       0m 32s  ...               20.60         0.51
13  2026-01-23 10:58:29       0m 32s  ...               15.28         0.35
14  2026-01-23 10:59:02       0m 35s  ...               30.18         0.79
15  2026-01-23 10:59:38       0m 34s  ...               19.25         0.48
16  2026-01-23 11:00:12       0m 44s  ...               85.84         2.58
17  2026-01-23 11:00:57       0m 30s  ...                0.76         0.02
18  2026-01-23 11:01:27       0m 33s  ...               23.22         0.57
19  2026-01-23 11:02:00       0m 39s  ...               62.76         1.72
20  2026-01-23 11:02:40       0m 30s  ...                1.10         0.03
21  2026-01-23 11:03:10       0m 32s  ...               19.31         0.52
22  2026-01-23 11:03:43       0m 35s  ...               42.05         1.16
23  2026-01-23 11:04:19       0m 28s  ...                6.56         0.18
24  2026-01-23 11:04:47       0m 29s  ...                1.51         0.04
25  2026-01-23 11:05:16       0m 31s  ...                8.51         0.22
26  2026-01-23 11:05:47       0m 32s  ...               12.12         0.31
27  2026-01-23 11:06:20       0m 34s  ...               32.69         0.79
28  2026-01-23 11:06:55       0m 31s  ...                2.15         0.06
29  2026-01-23 11:07:27       0m 30s  ...                2.94         0.07
30  2026-01-23 11:07:58       0m 32s  ...               12.91         0.30
31  2026-01-23 11:08:30       0m 32s  ...               42.77         1.19
32  2026-01-23 11:09:02       0m 38s  ...               65.54         1.89
33  2026-01-23 11:09:41       0m 31s  ...               10.11         0.24
34  2026-01-23 11:10:12       0m 30s  ...                4.05         0.11
35  2026-01-23 11:10:43       0m 30s  ...                1.89         0.05
36  2026-01-23 11:11:14       0m 31s  ...                5.54         0.15
37  2026-01-23 11:11:45       0m 29s  ...                0.46         0.01
38  2026-01-23 11:12:15       0m 29s  ...                1.59         0.04
39  2026-01-23 11:12:44       0m 36s  ...               43.85         1.03
40  2026-01-23 11:13:21       0m 38s  ...               61.84         1.56
41  2026-01-23 11:13:59       0m 36s  ...               46.89         1.19
42  2026-01-23 11:14:36       0m 43s  ...               80.70         2.32
43  2026-01-23 11:15:19       0m 30s  ...                2.90         0.07

[44 rows x 24 columns]
              timestamp time_elapsed  ... severity_rate_patch Gradient_sr2
0   2026-01-23 10:50:57       0m 33s  ...                1.74         0.04
1   2026-01-23 10:51:31       0m 33s  ...                4.36         0.11
2   2026-01-23 10:52:05       0m 33s  ...                0.85         0.02
3   2026-01-23 10:52:38       0m 38s  ...               25.47         0.67
4   2026-01-23 10:53:17       0m 40s  ...               37.39         0.99
5   2026-01-23 10:53:57       0m 31s  ...                0.45         0.01
6   2026-01-23 10:54:28       0m 35s  ...               38.62         0.91
7   2026-01-23 10:55:04       0m 33s  ...               19.86         0.56
8   2026-01-23 10:55:38       0m 34s  ...               39.61         1.05
9   2026-01-23 10:56:13       0m 32s  ...                1.79         0.05
10  2026-01-23 10:56:45       0m 33s  ...                2.79         0.07
11  2026-01-23 10:57:18       0m 38s  ...               20.77         0.49
12  2026-01-23 10:57:56       0m 32s  ...               20.60         0.51
13  2026-01-23 10:58:29       0m 32s  ...               15.28         0.35
14  2026-01-23 10:59:02       0m 35s  ...               30.18         0.79
15  2026-01-23 10:59:38       0m 34s  ...               19.25         0.48
16  2026-01-23 11:00:12       0m 44s  ...               85.84         2.58
17  2026-01-23 11:00:57       0m 30s  ...                0.76         0.02
18  2026-01-23 11:01:27       0m 33s  ...               23.22         0.57
19  2026-01-23 11:02:00       0m 39s  ...               62.76         1.72
20  2026-01-23 11:02:40       0m 30s  ...                1.10         0.03
21  2026-01-23 11:03:10       0m 32s  ...               19.31         0.52
22  2026-01-23 11:03:43       0m 35s  ...               42.05         1.16
23  2026-01-23 11:04:19       0m 28s  ...                6.56         0.18
24  2026-01-23 11:04:47       0m 29s  ...                1.51         0.04
25  2026-01-23 11:05:16       0m 31s  ...                8.51         0.22
26  2026-01-23 11:05:47       0m 32s  ...               12.12         0.31
27  2026-01-23 11:06:20       0m 34s  ...               32.69         0.79
28  2026-01-23 11:06:55       0m 31s  ...                2.15         0.06
29  2026-01-23 11:07:27       0m 30s  ...                2.94         0.07
30  2026-01-23 11:07:58       0m 32s  ...               12.91         0.30
31  2026-01-23 11:08:30       0m 32s  ...               42.77         1.19
32  2026-01-23 11:09:02       0m 38s  ...               65.54         1.89
33  2026-01-23 11:09:41       0m 31s  ...               10.11         0.24
34  2026-01-23 11:10:12       0m 30s  ...                4.05         0.11
35  2026-01-23 11:10:43       0m 30s  ...                1.89         0.05
36  2026-01-23 11:11:14       0m 31s  ...                5.54         0.15
37  2026-01-23 11:11:45       0m 29s  ...                0.46         0.01
38  2026-01-23 11:12:15       0m 29s  ...                1.59         0.04
39  2026-01-23 11:12:44       0m 36s  ...               43.85         1.03
40  2026-01-23 11:13:21       0m 38s  ...               61.84         1.56
41  2026-01-23 11:13:59       0m 36s  ...               46.89         1.19
42  2026-01-23 11:14:36       0m 43s  ...               80.70         2.32
43  2026-01-23 11:15:19       0m 30s  ...                2.90         0.07
44  2026-01-23 11:15:50       0m 32s  ...               11.56         0.29

[45 rows x 24 columns]
[2026-01-23 11:17:57,627] - [root] - [INFO] - Analysis finished: 0m 32s
[2026-01-23 11:17:57,627] - [root] - [INFO] - -------------------------------------------
[2026-01-23 11:17:57,627] - [root] - [INFO] - -------------------------------------------
[2026-01-23 11:17:57,627] - [root] - [INFO] - Processing 1-22-2026 5dpi 123-W2021009-621_R2.png
[2026-01-23 11:18:17,351] - [root] - [INFO] - Finished loading mask: 0m 19s
[2026-01-23 11:18:27,421] - [root] - [INFO] - Finished crop and inference: 0m 29s
[2026-01-23 11:18:29,140] - [root] - [INFO] - Analysis finished: 0m 31s
[2026-01-23 11:18:29,140] - [root] - [INFO] - -------------------------------------------
[2026-01-23 11:18:29,140] - [root] - [INFO] - -------------------------------------------
[2026-01-23 11:18:29,140] - [root] - [INFO] - Processing 1-22-2026 5dpi 127-W2021006-143_R2.png
[2026-01-23 11:18:49,382] - [root] - [INFO] - Finished loading mask: 0m 20s
[2026-01-23 11:18:58,220] - [root] - [INFO] - Finished crop and inference: 0m 29s
              timestamp time_elapsed  ... severity_rate_patch Gradient_sr2
0   2026-01-23 10:50:57       0m 33s  ...                1.74         0.04
1   2026-01-23 10:51:31       0m 33s  ...                4.36         0.11
2   2026-01-23 10:52:05       0m 33s  ...                0.85         0.02
3   2026-01-23 10:52:38       0m 38s  ...               25.47         0.67
4   2026-01-23 10:53:17       0m 40s  ...               37.39         0.99
5   2026-01-23 10:53:57       0m 31s  ...                0.45         0.01
6   2026-01-23 10:54:28       0m 35s  ...               38.62         0.91
7   2026-01-23 10:55:04       0m 33s  ...               19.86         0.56
8   2026-01-23 10:55:38       0m 34s  ...               39.61         1.05
9   2026-01-23 10:56:13       0m 32s  ...                1.79         0.05
10  2026-01-23 10:56:45       0m 33s  ...                2.79         0.07
11  2026-01-23 10:57:18       0m 38s  ...               20.77         0.49
12  2026-01-23 10:57:56       0m 32s  ...               20.60         0.51
13  2026-01-23 10:58:29       0m 32s  ...               15.28         0.35
14  2026-01-23 10:59:02       0m 35s  ...               30.18         0.79
15  2026-01-23 10:59:38       0m 34s  ...               19.25         0.48
16  2026-01-23 11:00:12       0m 44s  ...               85.84         2.58
17  2026-01-23 11:00:57       0m 30s  ...                0.76         0.02
18  2026-01-23 11:01:27       0m 33s  ...               23.22         0.57
19  2026-01-23 11:02:00       0m 39s  ...               62.76         1.72
20  2026-01-23 11:02:40       0m 30s  ...                1.10         0.03
21  2026-01-23 11:03:10       0m 32s  ...               19.31         0.52
22  2026-01-23 11:03:43       0m 35s  ...               42.05         1.16
23  2026-01-23 11:04:19       0m 28s  ...                6.56         0.18
24  2026-01-23 11:04:47       0m 29s  ...                1.51         0.04
25  2026-01-23 11:05:16       0m 31s  ...                8.51         0.22
26  2026-01-23 11:05:47       0m 32s  ...               12.12         0.31
27  2026-01-23 11:06:20       0m 34s  ...               32.69         0.79
28  2026-01-23 11:06:55       0m 31s  ...                2.15         0.06
29  2026-01-23 11:07:27       0m 30s  ...                2.94         0.07
30  2026-01-23 11:07:58       0m 32s  ...               12.91         0.30
31  2026-01-23 11:08:30       0m 32s  ...               42.77         1.19
32  2026-01-23 11:09:02       0m 38s  ...               65.54         1.89
33  2026-01-23 11:09:41       0m 31s  ...               10.11         0.24
34  2026-01-23 11:10:12       0m 30s  ...                4.05         0.11
35  2026-01-23 11:10:43       0m 30s  ...                1.89         0.05
36  2026-01-23 11:11:14       0m 31s  ...                5.54         0.15
37  2026-01-23 11:11:45       0m 29s  ...                0.46         0.01
38  2026-01-23 11:12:15       0m 29s  ...                1.59         0.04
39  2026-01-23 11:12:44       0m 36s  ...               43.85         1.03
40  2026-01-23 11:13:21       0m 38s  ...               61.84         1.56
41  2026-01-23 11:13:59       0m 36s  ...               46.89         1.19
42  2026-01-23 11:14:36       0m 43s  ...               80.70         2.32
43  2026-01-23 11:15:19       0m 30s  ...                2.90         0.07
44  2026-01-23 11:15:50       0m 32s  ...               11.56         0.29
45  2026-01-23 11:16:22       0m 31s  ...                4.11         0.11

[46 rows x 24 columns]
              timestamp time_elapsed  ... severity_rate_patch Gradient_sr2
0   2026-01-23 10:50:57       0m 33s  ...                1.74         0.04
1   2026-01-23 10:51:31       0m 33s  ...                4.36         0.11
2   2026-01-23 10:52:05       0m 33s  ...                0.85         0.02
3   2026-01-23 10:52:38       0m 38s  ...               25.47         0.67
4   2026-01-23 10:53:17       0m 40s  ...               37.39         0.99
5   2026-01-23 10:53:57       0m 31s  ...                0.45         0.01
6   2026-01-23 10:54:28       0m 35s  ...               38.62         0.91
7   2026-01-23 10:55:04       0m 33s  ...               19.86         0.56
8   2026-01-23 10:55:38       0m 34s  ...               39.61         1.05
9   2026-01-23 10:56:13       0m 32s  ...                1.79         0.05
10  2026-01-23 10:56:45       0m 33s  ...                2.79         0.07
11  2026-01-23 10:57:18       0m 38s  ...               20.77         0.49
12  2026-01-23 10:57:56       0m 32s  ...               20.60         0.51
13  2026-01-23 10:58:29       0m 32s  ...               15.28         0.35
14  2026-01-23 10:59:02       0m 35s  ...               30.18         0.79
15  2026-01-23 10:59:38       0m 34s  ...               19.25         0.48
16  2026-01-23 11:00:12       0m 44s  ...               85.84         2.58
17  2026-01-23 11:00:57       0m 30s  ...                0.76         0.02
18  2026-01-23 11:01:27       0m 33s  ...               23.22         0.57
19  2026-01-23 11:02:00       0m 39s  ...               62.76         1.72
20  2026-01-23 11:02:40       0m 30s  ...                1.10         0.03
21  2026-01-23 11:03:10       0m 32s  ...               19.31         0.52
22  2026-01-23 11:03:43       0m 35s  ...               42.05         1.16
23  2026-01-23 11:04:19       0m 28s  ...                6.56         0.18
24  2026-01-23 11:04:47       0m 29s  ...                1.51         0.04
25  2026-01-23 11:05:16       0m 31s  ...                8.51         0.22
26  2026-01-23 11:05:47       0m 32s  ...               12.12         0.31
27  2026-01-23 11:06:20       0m 34s  ...               32.69         0.79
28  2026-01-23 11:06:55       0m 31s  ...                2.15         0.06
29  2026-01-23 11:07:27       0m 30s  ...                2.94         0.07
30  2026-01-23 11:07:58       0m 32s  ...               12.91         0.30
31  2026-01-23 11:08:30       0m 32s  ...               42.77         1.19
32  2026-01-23 11:09:02       0m 38s  ...               65.54         1.89
33  2026-01-23 11:09:41       0m 31s  ...               10.11         0.24
34  2026-01-23 11:10:12       0m 30s  ...                4.05         0.11
35  2026-01-23 11:10:43       0m 30s  ...                1.89         0.05
36  2026-01-23 11:11:14       0m 31s  ...                5.54         0.15
37  2026-01-23 11:11:45       0m 29s  ...                0.46         0.01
38  2026-01-23 11:12:15       0m 29s  ...                1.59         0.04
39  2026-01-23 11:12:44       0m 36s  ...               43.85         1.03
40  2026-01-23 11:13:21       0m 38s  ...               61.84         1.56
41  2026-01-23 11:13:59       0m 36s  ...               46.89         1.19
42  2026-01-23 11:14:36       0m 43s  ...               80.70         2.32
43  2026-01-23 11:15:19       0m 30s  ...                2.90         0.07
44  2026-01-23 11:15:50       0m 32s  ...               11.56         0.29
45  2026-01-23 11:16:22       0m 31s  ...                4.11         0.11
46  2026-01-23 11:16:54       0m 30s  ...               11.45         0.30

[47 rows x 24 columns]
[2026-01-23 11:18:59,936] - [root] - [INFO] - Analysis finished: 0m 30s
[2026-01-23 11:18:59,936] - [root] - [INFO] - -------------------------------------------
[2026-01-23 11:18:59,936] - [root] - [INFO] - -------------------------------------------
[2026-01-23 11:18:59,936] - [root] - [INFO] - Processing 1-22-2026 5dpi 127-W2021009-292_R2.png
[2026-01-23 11:19:19,697] - [root] - [INFO] - Finished loading mask: 0m 19s
[2026-01-23 11:19:42,096] - [root] - [INFO] - Finished crop and inference: 0m 42s
[2026-01-23 11:19:43,810] - [root] - [INFO] - Analysis finished: 0m 43s
[2026-01-23 11:19:43,810] - [root] - [INFO] - -------------------------------------------
[2026-01-23 11:19:43,811] - [root] - [INFO] - -------------------------------------------
[2026-01-23 11:19:43,811] - [root] - [INFO] - Processing 1-22-2026 5dpi 128-W2021006-013_R1.png
[2026-01-23 11:20:03,895] - [root] - [INFO] - Finished loading mask: 0m 20s
[2026-01-23 11:20:22,385] - [root] - [INFO] - Finished crop and inference: 0m 38s
              timestamp time_elapsed  ... severity_rate_patch Gradient_sr2
0   2026-01-23 10:50:57       0m 33s  ...                1.74         0.04
1   2026-01-23 10:51:31       0m 33s  ...                4.36         0.11
2   2026-01-23 10:52:05       0m 33s  ...                0.85         0.02
3   2026-01-23 10:52:38       0m 38s  ...               25.47         0.67
4   2026-01-23 10:53:17       0m 40s  ...               37.39         0.99
5   2026-01-23 10:53:57       0m 31s  ...                0.45         0.01
6   2026-01-23 10:54:28       0m 35s  ...               38.62         0.91
7   2026-01-23 10:55:04       0m 33s  ...               19.86         0.56
8   2026-01-23 10:55:38       0m 34s  ...               39.61         1.05
9   2026-01-23 10:56:13       0m 32s  ...                1.79         0.05
10  2026-01-23 10:56:45       0m 33s  ...                2.79         0.07
11  2026-01-23 10:57:18       0m 38s  ...               20.77         0.49
12  2026-01-23 10:57:56       0m 32s  ...               20.60         0.51
13  2026-01-23 10:58:29       0m 32s  ...               15.28         0.35
14  2026-01-23 10:59:02       0m 35s  ...               30.18         0.79
15  2026-01-23 10:59:38       0m 34s  ...               19.25         0.48
16  2026-01-23 11:00:12       0m 44s  ...               85.84         2.58
17  2026-01-23 11:00:57       0m 30s  ...                0.76         0.02
18  2026-01-23 11:01:27       0m 33s  ...               23.22         0.57
19  2026-01-23 11:02:00       0m 39s  ...               62.76         1.72
20  2026-01-23 11:02:40       0m 30s  ...                1.10         0.03
21  2026-01-23 11:03:10       0m 32s  ...               19.31         0.52
22  2026-01-23 11:03:43       0m 35s  ...               42.05         1.16
23  2026-01-23 11:04:19       0m 28s  ...                6.56         0.18
24  2026-01-23 11:04:47       0m 29s  ...                1.51         0.04
25  2026-01-23 11:05:16       0m 31s  ...                8.51         0.22
26  2026-01-23 11:05:47       0m 32s  ...               12.12         0.31
27  2026-01-23 11:06:20       0m 34s  ...               32.69         0.79
28  2026-01-23 11:06:55       0m 31s  ...                2.15         0.06
29  2026-01-23 11:07:27       0m 30s  ...                2.94         0.07
30  2026-01-23 11:07:58       0m 32s  ...               12.91         0.30
31  2026-01-23 11:08:30       0m 32s  ...               42.77         1.19
32  2026-01-23 11:09:02       0m 38s  ...               65.54         1.89
33  2026-01-23 11:09:41       0m 31s  ...               10.11         0.24
34  2026-01-23 11:10:12       0m 30s  ...                4.05         0.11
35  2026-01-23 11:10:43       0m 30s  ...                1.89         0.05
36  2026-01-23 11:11:14       0m 31s  ...                5.54         0.15
37  2026-01-23 11:11:45       0m 29s  ...                0.46         0.01
38  2026-01-23 11:12:15       0m 29s  ...                1.59         0.04
39  2026-01-23 11:12:44       0m 36s  ...               43.85         1.03
40  2026-01-23 11:13:21       0m 38s  ...               61.84         1.56
41  2026-01-23 11:13:59       0m 36s  ...               46.89         1.19
42  2026-01-23 11:14:36       0m 43s  ...               80.70         2.32
43  2026-01-23 11:15:19       0m 30s  ...                2.90         0.07
44  2026-01-23 11:15:50       0m 32s  ...               11.56         0.29
45  2026-01-23 11:16:22       0m 31s  ...                4.11         0.11
46  2026-01-23 11:16:54       0m 30s  ...               11.45         0.30
47  2026-01-23 11:17:25       0m 32s  ...               11.80         0.25

[48 rows x 24 columns]
              timestamp time_elapsed  ... severity_rate_patch Gradient_sr2
0   2026-01-23 10:50:57       0m 33s  ...                1.74         0.04
1   2026-01-23 10:51:31       0m 33s  ...                4.36         0.11
2   2026-01-23 10:52:05       0m 33s  ...                0.85         0.02
3   2026-01-23 10:52:38       0m 38s  ...               25.47         0.67
4   2026-01-23 10:53:17       0m 40s  ...               37.39         0.99
5   2026-01-23 10:53:57       0m 31s  ...                0.45         0.01
6   2026-01-23 10:54:28       0m 35s  ...               38.62         0.91
7   2026-01-23 10:55:04       0m 33s  ...               19.86         0.56
8   2026-01-23 10:55:38       0m 34s  ...               39.61         1.05
9   2026-01-23 10:56:13       0m 32s  ...                1.79         0.05
10  2026-01-23 10:56:45       0m 33s  ...                2.79         0.07
11  2026-01-23 10:57:18       0m 38s  ...               20.77         0.49
12  2026-01-23 10:57:56       0m 32s  ...               20.60         0.51
13  2026-01-23 10:58:29       0m 32s  ...               15.28         0.35
14  2026-01-23 10:59:02       0m 35s  ...               30.18         0.79
15  2026-01-23 10:59:38       0m 34s  ...               19.25         0.48
16  2026-01-23 11:00:12       0m 44s  ...               85.84         2.58
17  2026-01-23 11:00:57       0m 30s  ...                0.76         0.02
18  2026-01-23 11:01:27       0m 33s  ...               23.22         0.57
19  2026-01-23 11:02:00       0m 39s  ...               62.76         1.72
20  2026-01-23 11:02:40       0m 30s  ...                1.10         0.03
21  2026-01-23 11:03:10       0m 32s  ...               19.31         0.52
22  2026-01-23 11:03:43       0m 35s  ...               42.05         1.16
23  2026-01-23 11:04:19       0m 28s  ...                6.56         0.18
24  2026-01-23 11:04:47       0m 29s  ...                1.51         0.04
25  2026-01-23 11:05:16       0m 31s  ...                8.51         0.22
26  2026-01-23 11:05:47       0m 32s  ...               12.12         0.31
27  2026-01-23 11:06:20       0m 34s  ...               32.69         0.79
28  2026-01-23 11:06:55       0m 31s  ...                2.15         0.06
29  2026-01-23 11:07:27       0m 30s  ...                2.94         0.07
30  2026-01-23 11:07:58       0m 32s  ...               12.91         0.30
31  2026-01-23 11:08:30       0m 32s  ...               42.77         1.19
32  2026-01-23 11:09:02       0m 38s  ...               65.54         1.89
33  2026-01-23 11:09:41       0m 31s  ...               10.11         0.24
34  2026-01-23 11:10:12       0m 30s  ...                4.05         0.11
35  2026-01-23 11:10:43       0m 30s  ...                1.89         0.05
36  2026-01-23 11:11:14       0m 31s  ...                5.54         0.15
37  2026-01-23 11:11:45       0m 29s  ...                0.46         0.01
38  2026-01-23 11:12:15       0m 29s  ...                1.59         0.04
39  2026-01-23 11:12:44       0m 36s  ...               43.85         1.03
40  2026-01-23 11:13:21       0m 38s  ...               61.84         1.56
41  2026-01-23 11:13:59       0m 36s  ...               46.89         1.19
42  2026-01-23 11:14:36       0m 43s  ...               80.70         2.32
43  2026-01-23 11:15:19       0m 30s  ...                2.90         0.07
44  2026-01-23 11:15:50       0m 32s  ...               11.56         0.29
45  2026-01-23 11:16:22       0m 31s  ...                4.11         0.11
46  2026-01-23 11:16:54       0m 30s  ...               11.45         0.30
47  2026-01-23 11:17:25       0m 32s  ...               11.80         0.25
48  2026-01-23 11:17:57       0m 31s  ...                6.42         0.18

[49 rows x 24 columns]
[2026-01-23 11:20:24,146] - [root] - [INFO] - Analysis finished: 0m 40s
[2026-01-23 11:20:24,146] - [root] - [INFO] - -------------------------------------------
[2026-01-23 11:20:24,146] - [root] - [INFO] - -------------------------------------------
[2026-01-23 11:20:24,146] - [root] - [INFO] - Processing 1-22-2026 5dpi 129-W2021006-119_R2.png
[2026-01-23 11:20:44,253] - [root] - [INFO] - Finished loading mask: 0m 20s
[2026-01-23 11:20:54,958] - [root] - [INFO] - Finished crop and inference: 0m 30s
[2026-01-23 11:20:56,692] - [root] - [INFO] - Analysis finished: 0m 32s
[2026-01-23 11:20:56,692] - [root] - [INFO] - -------------------------------------------
[2026-01-23 11:20:56,692] - [root] - [INFO] - -------------------------------------------
[2026-01-23 11:20:56,692] - [root] - [INFO] - Processing 1-22-2026 5dpi 132-W2021010-399_R1.png
[2026-01-23 11:21:16,318] - [root] - [INFO] - Finished loading mask: 0m 19s
[2026-01-23 11:21:25,373] - [root] - [INFO] - Finished crop and inference: 0m 28s
              timestamp time_elapsed  ... severity_rate_patch Gradient_sr2
0   2026-01-23 10:50:57       0m 33s  ...                1.74         0.04
1   2026-01-23 10:51:31       0m 33s  ...                4.36         0.11
2   2026-01-23 10:52:05       0m 33s  ...                0.85         0.02
3   2026-01-23 10:52:38       0m 38s  ...               25.47         0.67
4   2026-01-23 10:53:17       0m 40s  ...               37.39         0.99
5   2026-01-23 10:53:57       0m 31s  ...                0.45         0.01
6   2026-01-23 10:54:28       0m 35s  ...               38.62         0.91
7   2026-01-23 10:55:04       0m 33s  ...               19.86         0.56
8   2026-01-23 10:55:38       0m 34s  ...               39.61         1.05
9   2026-01-23 10:56:13       0m 32s  ...                1.79         0.05
10  2026-01-23 10:56:45       0m 33s  ...                2.79         0.07
11  2026-01-23 10:57:18       0m 38s  ...               20.77         0.49
12  2026-01-23 10:57:56       0m 32s  ...               20.60         0.51
13  2026-01-23 10:58:29       0m 32s  ...               15.28         0.35
14  2026-01-23 10:59:02       0m 35s  ...               30.18         0.79
15  2026-01-23 10:59:38       0m 34s  ...               19.25         0.48
16  2026-01-23 11:00:12       0m 44s  ...               85.84         2.58
17  2026-01-23 11:00:57       0m 30s  ...                0.76         0.02
18  2026-01-23 11:01:27       0m 33s  ...               23.22         0.57
19  2026-01-23 11:02:00       0m 39s  ...               62.76         1.72
20  2026-01-23 11:02:40       0m 30s  ...                1.10         0.03
21  2026-01-23 11:03:10       0m 32s  ...               19.31         0.52
22  2026-01-23 11:03:43       0m 35s  ...               42.05         1.16
23  2026-01-23 11:04:19       0m 28s  ...                6.56         0.18
24  2026-01-23 11:04:47       0m 29s  ...                1.51         0.04
25  2026-01-23 11:05:16       0m 31s  ...                8.51         0.22
26  2026-01-23 11:05:47       0m 32s  ...               12.12         0.31
27  2026-01-23 11:06:20       0m 34s  ...               32.69         0.79
28  2026-01-23 11:06:55       0m 31s  ...                2.15         0.06
29  2026-01-23 11:07:27       0m 30s  ...                2.94         0.07
30  2026-01-23 11:07:58       0m 32s  ...               12.91         0.30
31  2026-01-23 11:08:30       0m 32s  ...               42.77         1.19
32  2026-01-23 11:09:02       0m 38s  ...               65.54         1.89
33  2026-01-23 11:09:41       0m 31s  ...               10.11         0.24
34  2026-01-23 11:10:12       0m 30s  ...                4.05         0.11
35  2026-01-23 11:10:43       0m 30s  ...                1.89         0.05
36  2026-01-23 11:11:14       0m 31s  ...                5.54         0.15
37  2026-01-23 11:11:45       0m 29s  ...                0.46         0.01
38  2026-01-23 11:12:15       0m 29s  ...                1.59         0.04
39  2026-01-23 11:12:44       0m 36s  ...               43.85         1.03
40  2026-01-23 11:13:21       0m 38s  ...               61.84         1.56
41  2026-01-23 11:13:59       0m 36s  ...               46.89         1.19
42  2026-01-23 11:14:36       0m 43s  ...               80.70         2.32
43  2026-01-23 11:15:19       0m 30s  ...                2.90         0.07
44  2026-01-23 11:15:50       0m 32s  ...               11.56         0.29
45  2026-01-23 11:16:22       0m 31s  ...                4.11         0.11
46  2026-01-23 11:16:54       0m 30s  ...               11.45         0.30
47  2026-01-23 11:17:25       0m 32s  ...               11.80         0.25
48  2026-01-23 11:17:57       0m 31s  ...                6.42         0.18
49  2026-01-23 11:18:29       0m 30s  ...                0.78         0.02

[50 rows x 24 columns]
              timestamp time_elapsed  ... severity_rate_patch Gradient_sr2
0   2026-01-23 10:50:57       0m 33s  ...                1.74         0.04
1   2026-01-23 10:51:31       0m 33s  ...                4.36         0.11
2   2026-01-23 10:52:05       0m 33s  ...                0.85         0.02
3   2026-01-23 10:52:38       0m 38s  ...               25.47         0.67
4   2026-01-23 10:53:17       0m 40s  ...               37.39         0.99
5   2026-01-23 10:53:57       0m 31s  ...                0.45         0.01
6   2026-01-23 10:54:28       0m 35s  ...               38.62         0.91
7   2026-01-23 10:55:04       0m 33s  ...               19.86         0.56
8   2026-01-23 10:55:38       0m 34s  ...               39.61         1.05
9   2026-01-23 10:56:13       0m 32s  ...                1.79         0.05
10  2026-01-23 10:56:45       0m 33s  ...                2.79         0.07
11  2026-01-23 10:57:18       0m 38s  ...               20.77         0.49
12  2026-01-23 10:57:56       0m 32s  ...               20.60         0.51
13  2026-01-23 10:58:29       0m 32s  ...               15.28         0.35
14  2026-01-23 10:59:02       0m 35s  ...               30.18         0.79
15  2026-01-23 10:59:38       0m 34s  ...               19.25         0.48
16  2026-01-23 11:00:12       0m 44s  ...               85.84         2.58
17  2026-01-23 11:00:57       0m 30s  ...                0.76         0.02
18  2026-01-23 11:01:27       0m 33s  ...               23.22         0.57
19  2026-01-23 11:02:00       0m 39s  ...               62.76         1.72
20  2026-01-23 11:02:40       0m 30s  ...                1.10         0.03
21  2026-01-23 11:03:10       0m 32s  ...               19.31         0.52
22  2026-01-23 11:03:43       0m 35s  ...               42.05         1.16
23  2026-01-23 11:04:19       0m 28s  ...                6.56         0.18
24  2026-01-23 11:04:47       0m 29s  ...                1.51         0.04
25  2026-01-23 11:05:16       0m 31s  ...                8.51         0.22
26  2026-01-23 11:05:47       0m 32s  ...               12.12         0.31
27  2026-01-23 11:06:20       0m 34s  ...               32.69         0.79
28  2026-01-23 11:06:55       0m 31s  ...                2.15         0.06
29  2026-01-23 11:07:27       0m 30s  ...                2.94         0.07
30  2026-01-23 11:07:58       0m 32s  ...               12.91         0.30
31  2026-01-23 11:08:30       0m 32s  ...               42.77         1.19
32  2026-01-23 11:09:02       0m 38s  ...               65.54         1.89
33  2026-01-23 11:09:41       0m 31s  ...               10.11         0.24
34  2026-01-23 11:10:12       0m 30s  ...                4.05         0.11
35  2026-01-23 11:10:43       0m 30s  ...                1.89         0.05
36  2026-01-23 11:11:14       0m 31s  ...                5.54         0.15
37  2026-01-23 11:11:45       0m 29s  ...                0.46         0.01
38  2026-01-23 11:12:15       0m 29s  ...                1.59         0.04
39  2026-01-23 11:12:44       0m 36s  ...               43.85         1.03
40  2026-01-23 11:13:21       0m 38s  ...               61.84         1.56
41  2026-01-23 11:13:59       0m 36s  ...               46.89         1.19
42  2026-01-23 11:14:36       0m 43s  ...               80.70         2.32
43  2026-01-23 11:15:19       0m 30s  ...                2.90         0.07
44  2026-01-23 11:15:50       0m 32s  ...               11.56         0.29
45  2026-01-23 11:16:22       0m 31s  ...                4.11         0.11
46  2026-01-23 11:16:54       0m 30s  ...               11.45         0.30
47  2026-01-23 11:17:25       0m 32s  ...               11.80         0.25
48  2026-01-23 11:17:57       0m 31s  ...                6.42         0.18
49  2026-01-23 11:18:29       0m 30s  ...                0.78         0.02
50  2026-01-23 11:18:59       0m 43s  ...               83.75         2.58

[51 rows x 24 columns]
[2026-01-23 11:21:27,090] - [root] - [INFO] - Analysis finished: 0m 30s
[2026-01-23 11:21:27,090] - [root] - [INFO] - -------------------------------------------
[2026-01-23 11:21:27,090] - [root] - [INFO] - -------------------------------------------
[2026-01-23 11:21:27,090] - [root] - [INFO] - Processing 1-22-2026 5dpi 132-W2021011-644_R2.png
[2026-01-23 11:21:47,583] - [root] - [INFO] - Finished loading mask: 0m 20s
[2026-01-23 11:21:58,871] - [root] - [INFO] - Finished crop and inference: 0m 31s
              timestamp time_elapsed  ... severity_rate_patch Gradient_sr2
0   2026-01-23 10:50:57       0m 33s  ...                1.74         0.04
1   2026-01-23 10:51:31       0m 33s  ...                4.36         0.11
2   2026-01-23 10:52:05       0m 33s  ...                0.85         0.02
3   2026-01-23 10:52:38       0m 38s  ...               25.47         0.67
4   2026-01-23 10:53:17       0m 40s  ...               37.39         0.99
5   2026-01-23 10:53:57       0m 31s  ...                0.45         0.01
6   2026-01-23 10:54:28       0m 35s  ...               38.62         0.91
7   2026-01-23 10:55:04       0m 33s  ...               19.86         0.56
8   2026-01-23 10:55:38       0m 34s  ...               39.61         1.05
9   2026-01-23 10:56:13       0m 32s  ...                1.79         0.05
10  2026-01-23 10:56:45       0m 33s  ...                2.79         0.07
11  2026-01-23 10:57:18       0m 38s  ...               20.77         0.49
12  2026-01-23 10:57:56       0m 32s  ...               20.60         0.51
13  2026-01-23 10:58:29       0m 32s  ...               15.28         0.35
14  2026-01-23 10:59:02       0m 35s  ...               30.18         0.79
15  2026-01-23 10:59:38       0m 34s  ...               19.25         0.48
16  2026-01-23 11:00:12       0m 44s  ...               85.84         2.58
17  2026-01-23 11:00:57       0m 30s  ...                0.76         0.02
18  2026-01-23 11:01:27       0m 33s  ...               23.22         0.57
19  2026-01-23 11:02:00       0m 39s  ...               62.76         1.72
20  2026-01-23 11:02:40       0m 30s  ...                1.10         0.03
21  2026-01-23 11:03:10       0m 32s  ...               19.31         0.52
22  2026-01-23 11:03:43       0m 35s  ...               42.05         1.16
23  2026-01-23 11:04:19       0m 28s  ...                6.56         0.18
24  2026-01-23 11:04:47       0m 29s  ...                1.51         0.04
25  2026-01-23 11:05:16       0m 31s  ...                8.51         0.22
26  2026-01-23 11:05:47       0m 32s  ...               12.12         0.31
27  2026-01-23 11:06:20       0m 34s  ...               32.69         0.79
28  2026-01-23 11:06:55       0m 31s  ...                2.15         0.06
29  2026-01-23 11:07:27       0m 30s  ...                2.94         0.07
30  2026-01-23 11:07:58       0m 32s  ...               12.91         0.30
31  2026-01-23 11:08:30       0m 32s  ...               42.77         1.19
32  2026-01-23 11:09:02       0m 38s  ...               65.54         1.89
33  2026-01-23 11:09:41       0m 31s  ...               10.11         0.24
34  2026-01-23 11:10:12       0m 30s  ...                4.05         0.11
35  2026-01-23 11:10:43       0m 30s  ...                1.89         0.05
36  2026-01-23 11:11:14       0m 31s  ...                5.54         0.15
37  2026-01-23 11:11:45       0m 29s  ...                0.46         0.01
38  2026-01-23 11:12:15       0m 29s  ...                1.59         0.04
39  2026-01-23 11:12:44       0m 36s  ...               43.85         1.03
40  2026-01-23 11:13:21       0m 38s  ...               61.84         1.56
41  2026-01-23 11:13:59       0m 36s  ...               46.89         1.19
42  2026-01-23 11:14:36       0m 43s  ...               80.70         2.32
43  2026-01-23 11:15:19       0m 30s  ...                2.90         0.07
44  2026-01-23 11:15:50       0m 32s  ...               11.56         0.29
45  2026-01-23 11:16:22       0m 31s  ...                4.11         0.11
46  2026-01-23 11:16:54       0m 30s  ...               11.45         0.30
47  2026-01-23 11:17:25       0m 32s  ...               11.80         0.25
48  2026-01-23 11:17:57       0m 31s  ...                6.42         0.18
49  2026-01-23 11:18:29       0m 30s  ...                0.78         0.02
50  2026-01-23 11:18:59       0m 43s  ...               83.75         2.58
51  2026-01-23 11:19:43       0m 40s  ...               77.72         2.05

[52 rows x 24 columns]
              timestamp time_elapsed  ... severity_rate_patch Gradient_sr2
0   2026-01-23 10:50:57       0m 33s  ...                1.74         0.04
1   2026-01-23 10:51:31       0m 33s  ...                4.36         0.11
2   2026-01-23 10:52:05       0m 33s  ...                0.85         0.02
3   2026-01-23 10:52:38       0m 38s  ...               25.47         0.67
4   2026-01-23 10:53:17       0m 40s  ...               37.39         0.99
5   2026-01-23 10:53:57       0m 31s  ...                0.45         0.01
6   2026-01-23 10:54:28       0m 35s  ...               38.62         0.91
7   2026-01-23 10:55:04       0m 33s  ...               19.86         0.56
8   2026-01-23 10:55:38       0m 34s  ...               39.61         1.05
9   2026-01-23 10:56:13       0m 32s  ...                1.79         0.05
10  2026-01-23 10:56:45       0m 33s  ...                2.79         0.07
11  2026-01-23 10:57:18       0m 38s  ...               20.77         0.49
12  2026-01-23 10:57:56       0m 32s  ...               20.60         0.51
13  2026-01-23 10:58:29       0m 32s  ...               15.28         0.35
14  2026-01-23 10:59:02       0m 35s  ...               30.18         0.79
15  2026-01-23 10:59:38       0m 34s  ...               19.25         0.48
16  2026-01-23 11:00:12       0m 44s  ...               85.84         2.58
17  2026-01-23 11:00:57       0m 30s  ...                0.76         0.02
18  2026-01-23 11:01:27       0m 33s  ...               23.22         0.57
19  2026-01-23 11:02:00       0m 39s  ...               62.76         1.72
20  2026-01-23 11:02:40       0m 30s  ...                1.10         0.03
21  2026-01-23 11:03:10       0m 32s  ...               19.31         0.52
22  2026-01-23 11:03:43       0m 35s  ...               42.05         1.16
23  2026-01-23 11:04:19       0m 28s  ...                6.56         0.18
24  2026-01-23 11:04:47       0m 29s  ...                1.51         0.04
25  2026-01-23 11:05:16       0m 31s  ...                8.51         0.22
26  2026-01-23 11:05:47       0m 32s  ...               12.12         0.31
27  2026-01-23 11:06:20       0m 34s  ...               32.69         0.79
28  2026-01-23 11:06:55       0m 31s  ...                2.15         0.06
29  2026-01-23 11:07:27       0m 30s  ...                2.94         0.07
30  2026-01-23 11:07:58       0m 32s  ...               12.91         0.30
31  2026-01-23 11:08:30       0m 32s  ...               42.77         1.19
32  2026-01-23 11:09:02       0m 38s  ...               65.54         1.89
33  2026-01-23 11:09:41       0m 31s  ...               10.11         0.24
34  2026-01-23 11:10:12       0m 30s  ...                4.05         0.11
35  2026-01-23 11:10:43       0m 30s  ...                1.89         0.05
36  2026-01-23 11:11:14       0m 31s  ...                5.54         0.15
37  2026-01-23 11:11:45       0m 29s  ...                0.46         0.01
38  2026-01-23 11:12:15       0m 29s  ...                1.59         0.04
39  2026-01-23 11:12:44       0m 36s  ...               43.85         1.03
40  2026-01-23 11:13:21       0m 38s  ...               61.84         1.56
41  2026-01-23 11:13:59       0m 36s  ...               46.89         1.19
42  2026-01-23 11:14:36       0m 43s  ...               80.70         2.32
43  2026-01-23 11:15:19       0m 30s  ...                2.90         0.07
44  2026-01-23 11:15:50       0m 32s  ...               11.56         0.29
45  2026-01-23 11:16:22       0m 31s  ...                4.11         0.11
46  2026-01-23 11:16:54       0m 30s  ...               11.45         0.30
47  2026-01-23 11:17:25       0m 32s  ...               11.80         0.25
48  2026-01-23 11:17:57       0m 31s  ...                6.42         0.18
49  2026-01-23 11:18:29       0m 30s  ...                0.78         0.02
50  2026-01-23 11:18:59       0m 43s  ...               83.75         2.58
51  2026-01-23 11:19:43       0m 40s  ...               77.72         2.05
52  2026-01-23 11:20:24       0m 32s  ...                8.96         0.25

[53 rows x 24 columns]
[2026-01-23 11:22:00,556] - [root] - [INFO] - Analysis finished: 0m 33s
[2026-01-23 11:22:00,556] - [root] - [INFO] - -------------------------------------------
[2026-01-23 11:22:00,556] - [root] - [INFO] - -------------------------------------------
[2026-01-23 11:22:00,556] - [root] - [INFO] - Processing 1-22-2026 5dpi 134-W2021006-001_R1.png
[2026-01-23 11:22:20,467] - [root] - [INFO] - Finished loading mask: 0m 19s
[2026-01-23 11:22:36,240] - [root] - [INFO] - Finished crop and inference: 0m 35s
              timestamp time_elapsed  ... severity_rate_patch Gradient_sr2
0   2026-01-23 10:50:57       0m 33s  ...                1.74         0.04
1   2026-01-23 10:51:31       0m 33s  ...                4.36         0.11
2   2026-01-23 10:52:05       0m 33s  ...                0.85         0.02
3   2026-01-23 10:52:38       0m 38s  ...               25.47         0.67
4   2026-01-23 10:53:17       0m 40s  ...               37.39         0.99
5   2026-01-23 10:53:57       0m 31s  ...                0.45         0.01
6   2026-01-23 10:54:28       0m 35s  ...               38.62         0.91
7   2026-01-23 10:55:04       0m 33s  ...               19.86         0.56
8   2026-01-23 10:55:38       0m 34s  ...               39.61         1.05
9   2026-01-23 10:56:13       0m 32s  ...                1.79         0.05
10  2026-01-23 10:56:45       0m 33s  ...                2.79         0.07
11  2026-01-23 10:57:18       0m 38s  ...               20.77         0.49
12  2026-01-23 10:57:56       0m 32s  ...               20.60         0.51
13  2026-01-23 10:58:29       0m 32s  ...               15.28         0.35
14  2026-01-23 10:59:02       0m 35s  ...               30.18         0.79
15  2026-01-23 10:59:38       0m 34s  ...               19.25         0.48
16  2026-01-23 11:00:12       0m 44s  ...               85.84         2.58
17  2026-01-23 11:00:57       0m 30s  ...                0.76         0.02
18  2026-01-23 11:01:27       0m 33s  ...               23.22         0.57
19  2026-01-23 11:02:00       0m 39s  ...               62.76         1.72
20  2026-01-23 11:02:40       0m 30s  ...                1.10         0.03
21  2026-01-23 11:03:10       0m 32s  ...               19.31         0.52
22  2026-01-23 11:03:43       0m 35s  ...               42.05         1.16
23  2026-01-23 11:04:19       0m 28s  ...                6.56         0.18
24  2026-01-23 11:04:47       0m 29s  ...                1.51         0.04
25  2026-01-23 11:05:16       0m 31s  ...                8.51         0.22
26  2026-01-23 11:05:47       0m 32s  ...               12.12         0.31
27  2026-01-23 11:06:20       0m 34s  ...               32.69         0.79
28  2026-01-23 11:06:55       0m 31s  ...                2.15         0.06
29  2026-01-23 11:07:27       0m 30s  ...                2.94         0.07
30  2026-01-23 11:07:58       0m 32s  ...               12.91         0.30
31  2026-01-23 11:08:30       0m 32s  ...               42.77         1.19
32  2026-01-23 11:09:02       0m 38s  ...               65.54         1.89
33  2026-01-23 11:09:41       0m 31s  ...               10.11         0.24
34  2026-01-23 11:10:12       0m 30s  ...                4.05         0.11
35  2026-01-23 11:10:43       0m 30s  ...                1.89         0.05
36  2026-01-23 11:11:14       0m 31s  ...                5.54         0.15
37  2026-01-23 11:11:45       0m 29s  ...                0.46         0.01
38  2026-01-23 11:12:15       0m 29s  ...                1.59         0.04
39  2026-01-23 11:12:44       0m 36s  ...               43.85         1.03
40  2026-01-23 11:13:21       0m 38s  ...               61.84         1.56
41  2026-01-23 11:13:59       0m 36s  ...               46.89         1.19
42  2026-01-23 11:14:36       0m 43s  ...               80.70         2.32
43  2026-01-23 11:15:19       0m 30s  ...                2.90         0.07
44  2026-01-23 11:15:50       0m 32s  ...               11.56         0.29
45  2026-01-23 11:16:22       0m 31s  ...                4.11         0.11
46  2026-01-23 11:16:54       0m 30s  ...               11.45         0.30
47  2026-01-23 11:17:25       0m 32s  ...               11.80         0.25
48  2026-01-23 11:17:57       0m 31s  ...                6.42         0.18
49  2026-01-23 11:18:29       0m 30s  ...                0.78         0.02
50  2026-01-23 11:18:59       0m 43s  ...               83.75         2.58
51  2026-01-23 11:19:43       0m 40s  ...               77.72         2.05
52  2026-01-23 11:20:24       0m 32s  ...                8.96         0.25
53  2026-01-23 11:20:56       0m 30s  ...                1.10         0.03

[54 rows x 24 columns]
[2026-01-23 11:22:37,907] - [root] - [INFO] - Analysis finished: 0m 37s
[2026-01-23 11:22:37,907] - [root] - [INFO] - -------------------------------------------
[2026-01-23 11:22:37,907] - [root] - [INFO] - -------------------------------------------
[2026-01-23 11:22:37,907] - [root] - [INFO] - Processing 1-22-2026 5dpi 134-W2021009-275_R1.png
[2026-01-23 11:22:58,377] - [root] - [INFO] - Finished loading mask: 0m 20s
[2026-01-23 11:23:11,885] - [root] - [INFO] - Finished crop and inference: 0m 33s
              timestamp time_elapsed  ... severity_rate_patch Gradient_sr2
0   2026-01-23 10:50:57       0m 33s  ...                1.74         0.04
1   2026-01-23 10:51:31       0m 33s  ...                4.36         0.11
2   2026-01-23 10:52:05       0m 33s  ...                0.85         0.02
3   2026-01-23 10:52:38       0m 38s  ...               25.47         0.67
4   2026-01-23 10:53:17       0m 40s  ...               37.39         0.99
5   2026-01-23 10:53:57       0m 31s  ...                0.45         0.01
6   2026-01-23 10:54:28       0m 35s  ...               38.62         0.91
7   2026-01-23 10:55:04       0m 33s  ...               19.86         0.56
8   2026-01-23 10:55:38       0m 34s  ...               39.61         1.05
9   2026-01-23 10:56:13       0m 32s  ...                1.79         0.05
10  2026-01-23 10:56:45       0m 33s  ...                2.79         0.07
11  2026-01-23 10:57:18       0m 38s  ...               20.77         0.49
12  2026-01-23 10:57:56       0m 32s  ...               20.60         0.51
13  2026-01-23 10:58:29       0m 32s  ...               15.28         0.35
14  2026-01-23 10:59:02       0m 35s  ...               30.18         0.79
15  2026-01-23 10:59:38       0m 34s  ...               19.25         0.48
16  2026-01-23 11:00:12       0m 44s  ...               85.84         2.58
17  2026-01-23 11:00:57       0m 30s  ...                0.76         0.02
18  2026-01-23 11:01:27       0m 33s  ...               23.22         0.57
19  2026-01-23 11:02:00       0m 39s  ...               62.76         1.72
20  2026-01-23 11:02:40       0m 30s  ...                1.10         0.03
21  2026-01-23 11:03:10       0m 32s  ...               19.31         0.52
22  2026-01-23 11:03:43       0m 35s  ...               42.05         1.16
23  2026-01-23 11:04:19       0m 28s  ...                6.56         0.18
24  2026-01-23 11:04:47       0m 29s  ...                1.51         0.04
25  2026-01-23 11:05:16       0m 31s  ...                8.51         0.22
26  2026-01-23 11:05:47       0m 32s  ...               12.12         0.31
27  2026-01-23 11:06:20       0m 34s  ...               32.69         0.79
28  2026-01-23 11:06:55       0m 31s  ...                2.15         0.06
29  2026-01-23 11:07:27       0m 30s  ...                2.94         0.07
30  2026-01-23 11:07:58       0m 32s  ...               12.91         0.30
31  2026-01-23 11:08:30       0m 32s  ...               42.77         1.19
32  2026-01-23 11:09:02       0m 38s  ...               65.54         1.89
33  2026-01-23 11:09:41       0m 31s  ...               10.11         0.24
34  2026-01-23 11:10:12       0m 30s  ...                4.05         0.11
35  2026-01-23 11:10:43       0m 30s  ...                1.89         0.05
36  2026-01-23 11:11:14       0m 31s  ...                5.54         0.15
37  2026-01-23 11:11:45       0m 29s  ...                0.46         0.01
38  2026-01-23 11:12:15       0m 29s  ...                1.59         0.04
39  2026-01-23 11:12:44       0m 36s  ...               43.85         1.03
40  2026-01-23 11:13:21       0m 38s  ...               61.84         1.56
41  2026-01-23 11:13:59       0m 36s  ...               46.89         1.19
42  2026-01-23 11:14:36       0m 43s  ...               80.70         2.32
43  2026-01-23 11:15:19       0m 30s  ...                2.90         0.07
44  2026-01-23 11:15:50       0m 32s  ...               11.56         0.29
45  2026-01-23 11:16:22       0m 31s  ...                4.11         0.11
46  2026-01-23 11:16:54       0m 30s  ...               11.45         0.30
47  2026-01-23 11:17:25       0m 32s  ...               11.80         0.25
48  2026-01-23 11:17:57       0m 31s  ...                6.42         0.18
49  2026-01-23 11:18:29       0m 30s  ...                0.78         0.02
50  2026-01-23 11:18:59       0m 43s  ...               83.75         2.58
51  2026-01-23 11:19:43       0m 40s  ...               77.72         2.05
52  2026-01-23 11:20:24       0m 32s  ...                8.96         0.25
53  2026-01-23 11:20:56       0m 30s  ...                1.10         0.03
54  2026-01-23 11:21:27       0m 33s  ...               11.75         0.29

[55 rows x 24 columns]
[2026-01-23 11:23:13,558] - [root] - [INFO] - Analysis finished: 0m 35s
[2026-01-23 11:23:13,558] - [root] - [INFO] - -------------------------------------------
[2026-01-23 11:23:13,558] - [root] - [INFO] - -------------------------------------------
[2026-01-23 11:23:13,558] - [root] - [INFO] - Processing 1-22-2026 5dpi 137-W2021010-342_R2.png
[2026-01-23 11:23:33,799] - [root] - [INFO] - Finished loading mask: 0m 20s
[2026-01-23 11:23:43,717] - [root] - [INFO] - Finished crop and inference: 0m 30s
              timestamp time_elapsed  ... severity_rate_patch Gradient_sr2
0   2026-01-23 10:50:57       0m 33s  ...                1.74         0.04
1   2026-01-23 10:51:31       0m 33s  ...                4.36         0.11
2   2026-01-23 10:52:05       0m 33s  ...                0.85         0.02
3   2026-01-23 10:52:38       0m 38s  ...               25.47         0.67
4   2026-01-23 10:53:17       0m 40s  ...               37.39         0.99
5   2026-01-23 10:53:57       0m 31s  ...                0.45         0.01
6   2026-01-23 10:54:28       0m 35s  ...               38.62         0.91
7   2026-01-23 10:55:04       0m 33s  ...               19.86         0.56
8   2026-01-23 10:55:38       0m 34s  ...               39.61         1.05
9   2026-01-23 10:56:13       0m 32s  ...                1.79         0.05
10  2026-01-23 10:56:45       0m 33s  ...                2.79         0.07
11  2026-01-23 10:57:18       0m 38s  ...               20.77         0.49
12  2026-01-23 10:57:56       0m 32s  ...               20.60         0.51
13  2026-01-23 10:58:29       0m 32s  ...               15.28         0.35
14  2026-01-23 10:59:02       0m 35s  ...               30.18         0.79
15  2026-01-23 10:59:38       0m 34s  ...               19.25         0.48
16  2026-01-23 11:00:12       0m 44s  ...               85.84         2.58
17  2026-01-23 11:00:57       0m 30s  ...                0.76         0.02
18  2026-01-23 11:01:27       0m 33s  ...               23.22         0.57
19  2026-01-23 11:02:00       0m 39s  ...               62.76         1.72
20  2026-01-23 11:02:40       0m 30s  ...                1.10         0.03
21  2026-01-23 11:03:10       0m 32s  ...               19.31         0.52
22  2026-01-23 11:03:43       0m 35s  ...               42.05         1.16
23  2026-01-23 11:04:19       0m 28s  ...                6.56         0.18
24  2026-01-23 11:04:47       0m 29s  ...                1.51         0.04
25  2026-01-23 11:05:16       0m 31s  ...                8.51         0.22
26  2026-01-23 11:05:47       0m 32s  ...               12.12         0.31
27  2026-01-23 11:06:20       0m 34s  ...               32.69         0.79
28  2026-01-23 11:06:55       0m 31s  ...                2.15         0.06
29  2026-01-23 11:07:27       0m 30s  ...                2.94         0.07
30  2026-01-23 11:07:58       0m 32s  ...               12.91         0.30
31  2026-01-23 11:08:30       0m 32s  ...               42.77         1.19
32  2026-01-23 11:09:02       0m 38s  ...               65.54         1.89
33  2026-01-23 11:09:41       0m 31s  ...               10.11         0.24
34  2026-01-23 11:10:12       0m 30s  ...                4.05         0.11
35  2026-01-23 11:10:43       0m 30s  ...                1.89         0.05
36  2026-01-23 11:11:14       0m 31s  ...                5.54         0.15
37  2026-01-23 11:11:45       0m 29s  ...                0.46         0.01
38  2026-01-23 11:12:15       0m 29s  ...                1.59         0.04
39  2026-01-23 11:12:44       0m 36s  ...               43.85         1.03
40  2026-01-23 11:13:21       0m 38s  ...               61.84         1.56
41  2026-01-23 11:13:59       0m 36s  ...               46.89         1.19
42  2026-01-23 11:14:36       0m 43s  ...               80.70         2.32
43  2026-01-23 11:15:19       0m 30s  ...                2.90         0.07
44  2026-01-23 11:15:50       0m 32s  ...               11.56         0.29
45  2026-01-23 11:16:22       0m 31s  ...                4.11         0.11
46  2026-01-23 11:16:54       0m 30s  ...               11.45         0.30
47  2026-01-23 11:17:25       0m 32s  ...               11.80         0.25
48  2026-01-23 11:17:57       0m 31s  ...                6.42         0.18
49  2026-01-23 11:18:29       0m 30s  ...                0.78         0.02
50  2026-01-23 11:18:59       0m 43s  ...               83.75         2.58
51  2026-01-23 11:19:43       0m 40s  ...               77.72         2.05
52  2026-01-23 11:20:24       0m 32s  ...                8.96         0.25
53  2026-01-23 11:20:56       0m 30s  ...                1.10         0.03
54  2026-01-23 11:21:27       0m 33s  ...               11.75         0.29
55  2026-01-23 11:22:00       0m 37s  ...               55.20         1.46

[56 rows x 24 columns]
[2026-01-23 11:23:45,328] - [root] - [INFO] - Analysis finished: 0m 31s
[2026-01-23 11:23:45,328] - [root] - [INFO] - -------------------------------------------
[2026-01-23 11:23:45,328] - [root] - [INFO] - -------------------------------------------
[2026-01-23 11:23:45,328] - [root] - [INFO] - Processing 1-22-2026 5dpi 138-W2021010-446_R1.png
[2026-01-23 11:24:06,174] - [root] - [INFO] - Finished loading mask: 0m 20s
[2026-01-23 11:24:16,138] - [root] - [INFO] - Finished crop and inference: 0m 30s
              timestamp time_elapsed  ... severity_rate_patch Gradient_sr2
0   2026-01-23 10:50:57       0m 33s  ...                1.74         0.04
1   2026-01-23 10:51:31       0m 33s  ...                4.36         0.11
2   2026-01-23 10:52:05       0m 33s  ...                0.85         0.02
3   2026-01-23 10:52:38       0m 38s  ...               25.47         0.67
4   2026-01-23 10:53:17       0m 40s  ...               37.39         0.99
5   2026-01-23 10:53:57       0m 31s  ...                0.45         0.01
6   2026-01-23 10:54:28       0m 35s  ...               38.62         0.91
7   2026-01-23 10:55:04       0m 33s  ...               19.86         0.56
8   2026-01-23 10:55:38       0m 34s  ...               39.61         1.05
9   2026-01-23 10:56:13       0m 32s  ...                1.79         0.05
10  2026-01-23 10:56:45       0m 33s  ...                2.79         0.07
11  2026-01-23 10:57:18       0m 38s  ...               20.77         0.49
12  2026-01-23 10:57:56       0m 32s  ...               20.60         0.51
13  2026-01-23 10:58:29       0m 32s  ...               15.28         0.35
14  2026-01-23 10:59:02       0m 35s  ...               30.18         0.79
15  2026-01-23 10:59:38       0m 34s  ...               19.25         0.48
16  2026-01-23 11:00:12       0m 44s  ...               85.84         2.58
17  2026-01-23 11:00:57       0m 30s  ...                0.76         0.02
18  2026-01-23 11:01:27       0m 33s  ...               23.22         0.57
19  2026-01-23 11:02:00       0m 39s  ...               62.76         1.72
20  2026-01-23 11:02:40       0m 30s  ...                1.10         0.03
21  2026-01-23 11:03:10       0m 32s  ...               19.31         0.52
22  2026-01-23 11:03:43       0m 35s  ...               42.05         1.16
23  2026-01-23 11:04:19       0m 28s  ...                6.56         0.18
24  2026-01-23 11:04:47       0m 29s  ...                1.51         0.04
25  2026-01-23 11:05:16       0m 31s  ...                8.51         0.22
26  2026-01-23 11:05:47       0m 32s  ...               12.12         0.31
27  2026-01-23 11:06:20       0m 34s  ...               32.69         0.79
28  2026-01-23 11:06:55       0m 31s  ...                2.15         0.06
29  2026-01-23 11:07:27       0m 30s  ...                2.94         0.07
30  2026-01-23 11:07:58       0m 32s  ...               12.91         0.30
31  2026-01-23 11:08:30       0m 32s  ...               42.77         1.19
32  2026-01-23 11:09:02       0m 38s  ...               65.54         1.89
33  2026-01-23 11:09:41       0m 31s  ...               10.11         0.24
34  2026-01-23 11:10:12       0m 30s  ...                4.05         0.11
35  2026-01-23 11:10:43       0m 30s  ...                1.89         0.05
36  2026-01-23 11:11:14       0m 31s  ...                5.54         0.15
37  2026-01-23 11:11:45       0m 29s  ...                0.46         0.01
38  2026-01-23 11:12:15       0m 29s  ...                1.59         0.04
39  2026-01-23 11:12:44       0m 36s  ...               43.85         1.03
40  2026-01-23 11:13:21       0m 38s  ...               61.84         1.56
41  2026-01-23 11:13:59       0m 36s  ...               46.89         1.19
42  2026-01-23 11:14:36       0m 43s  ...               80.70         2.32
43  2026-01-23 11:15:19       0m 30s  ...                2.90         0.07
44  2026-01-23 11:15:50       0m 32s  ...               11.56         0.29
45  2026-01-23 11:16:22       0m 31s  ...                4.11         0.11
46  2026-01-23 11:16:54       0m 30s  ...               11.45         0.30
47  2026-01-23 11:17:25       0m 32s  ...               11.80         0.25
48  2026-01-23 11:17:57       0m 31s  ...                6.42         0.18
49  2026-01-23 11:18:29       0m 30s  ...                0.78         0.02
50  2026-01-23 11:18:59       0m 43s  ...               83.75         2.58
51  2026-01-23 11:19:43       0m 40s  ...               77.72         2.05
52  2026-01-23 11:20:24       0m 32s  ...                8.96         0.25
53  2026-01-23 11:20:56       0m 30s  ...                1.10         0.03
54  2026-01-23 11:21:27       0m 33s  ...               11.75         0.29
55  2026-01-23 11:22:00       0m 37s  ...               55.20         1.46
56  2026-01-23 11:22:37       0m 35s  ...               34.44         0.83

[57 rows x 24 columns]
[2026-01-23 11:24:17,764] - [root] - [INFO] - Analysis finished: 0m 32s
[2026-01-23 11:24:17,764] - [root] - [INFO] - -------------------------------------------
[2026-01-23 11:24:17,764] - [root] - [INFO] - -------------------------------------------
[2026-01-23 11:24:17,764] - [root] - [INFO] - Processing 1-22-2026 5dpi 141-W2021009-274_R1.png
[2026-01-23 11:24:36,086] - [root] - [INFO] - Finished loading mask: 0m 18s
[2026-01-23 11:25:01,165] - [root] - [INFO] - Finished crop and inference: 0m 43s
              timestamp time_elapsed  ... severity_rate_patch Gradient_sr2
0   2026-01-23 10:50:57       0m 33s  ...                1.74         0.04
1   2026-01-23 10:51:31       0m 33s  ...                4.36         0.11
2   2026-01-23 10:52:05       0m 33s  ...                0.85         0.02
3   2026-01-23 10:52:38       0m 38s  ...               25.47         0.67
4   2026-01-23 10:53:17       0m 40s  ...               37.39         0.99
5   2026-01-23 10:53:57       0m 31s  ...                0.45         0.01
6   2026-01-23 10:54:28       0m 35s  ...               38.62         0.91
7   2026-01-23 10:55:04       0m 33s  ...               19.86         0.56
8   2026-01-23 10:55:38       0m 34s  ...               39.61         1.05
9   2026-01-23 10:56:13       0m 32s  ...                1.79         0.05
10  2026-01-23 10:56:45       0m 33s  ...                2.79         0.07
11  2026-01-23 10:57:18       0m 38s  ...               20.77         0.49
12  2026-01-23 10:57:56       0m 32s  ...               20.60         0.51
13  2026-01-23 10:58:29       0m 32s  ...               15.28         0.35
14  2026-01-23 10:59:02       0m 35s  ...               30.18         0.79
15  2026-01-23 10:59:38       0m 34s  ...               19.25         0.48
16  2026-01-23 11:00:12       0m 44s  ...               85.84         2.58
17  2026-01-23 11:00:57       0m 30s  ...                0.76         0.02
18  2026-01-23 11:01:27       0m 33s  ...               23.22         0.57
19  2026-01-23 11:02:00       0m 39s  ...               62.76         1.72
20  2026-01-23 11:02:40       0m 30s  ...                1.10         0.03
21  2026-01-23 11:03:10       0m 32s  ...               19.31         0.52
22  2026-01-23 11:03:43       0m 35s  ...               42.05         1.16
23  2026-01-23 11:04:19       0m 28s  ...                6.56         0.18
24  2026-01-23 11:04:47       0m 29s  ...                1.51         0.04
25  2026-01-23 11:05:16       0m 31s  ...                8.51         0.22
26  2026-01-23 11:05:47       0m 32s  ...               12.12         0.31
27  2026-01-23 11:06:20       0m 34s  ...               32.69         0.79
28  2026-01-23 11:06:55       0m 31s  ...                2.15         0.06
29  2026-01-23 11:07:27       0m 30s  ...                2.94         0.07
30  2026-01-23 11:07:58       0m 32s  ...               12.91         0.30
31  2026-01-23 11:08:30       0m 32s  ...               42.77         1.19
32  2026-01-23 11:09:02       0m 38s  ...               65.54         1.89
33  2026-01-23 11:09:41       0m 31s  ...               10.11         0.24
34  2026-01-23 11:10:12       0m 30s  ...                4.05         0.11
35  2026-01-23 11:10:43       0m 30s  ...                1.89         0.05
36  2026-01-23 11:11:14       0m 31s  ...                5.54         0.15
37  2026-01-23 11:11:45       0m 29s  ...                0.46         0.01
38  2026-01-23 11:12:15       0m 29s  ...                1.59         0.04
39  2026-01-23 11:12:44       0m 36s  ...               43.85         1.03
40  2026-01-23 11:13:21       0m 38s  ...               61.84         1.56
41  2026-01-23 11:13:59       0m 36s  ...               46.89         1.19
42  2026-01-23 11:14:36       0m 43s  ...               80.70         2.32
43  2026-01-23 11:15:19       0m 30s  ...                2.90         0.07
44  2026-01-23 11:15:50       0m 32s  ...               11.56         0.29
45  2026-01-23 11:16:22       0m 31s  ...                4.11         0.11
46  2026-01-23 11:16:54       0m 30s  ...               11.45         0.30
47  2026-01-23 11:17:25       0m 32s  ...               11.80         0.25
48  2026-01-23 11:17:57       0m 31s  ...                6.42         0.18
49  2026-01-23 11:18:29       0m 30s  ...                0.78         0.02
50  2026-01-23 11:18:59       0m 43s  ...               83.75         2.58
51  2026-01-23 11:19:43       0m 40s  ...               77.72         2.05
52  2026-01-23 11:20:24       0m 32s  ...                8.96         0.25
53  2026-01-23 11:20:56       0m 30s  ...                1.10         0.03
54  2026-01-23 11:21:27       0m 33s  ...               11.75         0.29
55  2026-01-23 11:22:00       0m 37s  ...               55.20         1.46
56  2026-01-23 11:22:37       0m 35s  ...               34.44         0.83
57  2026-01-23 11:23:13       0m 31s  ...                4.27         0.10

[58 rows x 24 columns]
[2026-01-23 11:25:02,865] - [root] - [INFO] - Analysis finished: 0m 45s
[2026-01-23 11:25:02,865] - [root] - [INFO] - -------------------------------------------
[2026-01-23 11:25:02,865] - [root] - [INFO] - -------------------------------------------
[2026-01-23 11:25:02,865] - [root] - [INFO] - Processing 1-22-2026 5dpi 143-W2021010-313_R2.png
[2026-01-23 11:25:23,869] - [root] - [INFO] - Finished loading mask: 0m 21s
[2026-01-23 11:25:33,057] - [root] - [INFO] - Finished crop and inference: 0m 30s
[2026-01-23 11:25:34,728] - [root] - [INFO] - Analysis finished: 0m 31s
[2026-01-23 11:25:34,728] - [root] - [INFO] - -------------------------------------------
[2026-01-23 11:25:34,728] - [root] - [INFO] - -------------------------------------------
[2026-01-23 11:25:34,728] - [root] - [INFO] - Processing 1-22-2026 5dpi 148-W2021011-462_R2.png
[2026-01-23 11:25:56,203] - [root] - [INFO] - Finished loading mask: 0m 21s
[2026-01-23 11:26:09,575] - [root] - [INFO] - Finished crop and inference: 0m 34s
[2026-01-23 11:26:11,289] - [root] - [INFO] - Analysis finished: 0m 36s
[2026-01-23 11:26:11,289] - [root] - [INFO] - -------------------------------------------
[2026-01-23 11:26:11,289] - [root] - [INFO] - -------------------------------------------
[2026-01-23 11:26:11,289] - [root] - [INFO] - Processing 1-22-2026 5dpi 149-W2021010-417_R1.png
[2026-01-23 11:26:32,335] - [root] - [INFO] - Finished loading mask: 0m 21s
[2026-01-23 11:26:43,115] - [root] - [INFO] - Finished crop and inference: 0m 31s
[2026-01-23 11:26:44,812] - [root] - [INFO] - Analysis finished: 0m 33s
[2026-01-23 11:26:44,812] - [root] - [INFO] - -------------------------------------------
[2026-01-23 11:26:44,812] - [root] - [INFO] - -------------------------------------------
[2026-01-23 11:26:44,812] - [root] - [INFO] - Processing 1-22-2026 5dpi 154-W2021010-419_R1.png
[2026-01-23 11:27:05,168] - [root] - [INFO] - Finished loading mask: 0m 20s
[2026-01-23 11:27:14,561] - [root] - [INFO] - Finished crop and inference: 0m 29s
              timestamp time_elapsed  ... severity_rate_patch Gradient_sr2
0   2026-01-23 10:50:57       0m 33s  ...                1.74         0.04
1   2026-01-23 10:51:31       0m 33s  ...                4.36         0.11
2   2026-01-23 10:52:05       0m 33s  ...                0.85         0.02
3   2026-01-23 10:52:38       0m 38s  ...               25.47         0.67
4   2026-01-23 10:53:17       0m 40s  ...               37.39         0.99
5   2026-01-23 10:53:57       0m 31s  ...                0.45         0.01
6   2026-01-23 10:54:28       0m 35s  ...               38.62         0.91
7   2026-01-23 10:55:04       0m 33s  ...               19.86         0.56
8   2026-01-23 10:55:38       0m 34s  ...               39.61         1.05
9   2026-01-23 10:56:13       0m 32s  ...                1.79         0.05
10  2026-01-23 10:56:45       0m 33s  ...                2.79         0.07
11  2026-01-23 10:57:18       0m 38s  ...               20.77         0.49
12  2026-01-23 10:57:56       0m 32s  ...               20.60         0.51
13  2026-01-23 10:58:29       0m 32s  ...               15.28         0.35
14  2026-01-23 10:59:02       0m 35s  ...               30.18         0.79
15  2026-01-23 10:59:38       0m 34s  ...               19.25         0.48
16  2026-01-23 11:00:12       0m 44s  ...               85.84         2.58
17  2026-01-23 11:00:57       0m 30s  ...                0.76         0.02
18  2026-01-23 11:01:27       0m 33s  ...               23.22         0.57
19  2026-01-23 11:02:00       0m 39s  ...               62.76         1.72
20  2026-01-23 11:02:40       0m 30s  ...                1.10         0.03
21  2026-01-23 11:03:10       0m 32s  ...               19.31         0.52
22  2026-01-23 11:03:43       0m 35s  ...               42.05         1.16
23  2026-01-23 11:04:19       0m 28s  ...                6.56         0.18
24  2026-01-23 11:04:47       0m 29s  ...                1.51         0.04
25  2026-01-23 11:05:16       0m 31s  ...                8.51         0.22
26  2026-01-23 11:05:47       0m 32s  ...               12.12         0.31
27  2026-01-23 11:06:20       0m 34s  ...               32.69         0.79
28  2026-01-23 11:06:55       0m 31s  ...                2.15         0.06
29  2026-01-23 11:07:27       0m 30s  ...                2.94         0.07
30  2026-01-23 11:07:58       0m 32s  ...               12.91         0.30
31  2026-01-23 11:08:30       0m 32s  ...               42.77         1.19
32  2026-01-23 11:09:02       0m 38s  ...               65.54         1.89
33  2026-01-23 11:09:41       0m 31s  ...               10.11         0.24
34  2026-01-23 11:10:12       0m 30s  ...                4.05         0.11
35  2026-01-23 11:10:43       0m 30s  ...                1.89         0.05
36  2026-01-23 11:11:14       0m 31s  ...                5.54         0.15
37  2026-01-23 11:11:45       0m 29s  ...                0.46         0.01
38  2026-01-23 11:12:15       0m 29s  ...                1.59         0.04
39  2026-01-23 11:12:44       0m 36s  ...               43.85         1.03
40  2026-01-23 11:13:21       0m 38s  ...               61.84         1.56
41  2026-01-23 11:13:59       0m 36s  ...               46.89         1.19
42  2026-01-23 11:14:36       0m 43s  ...               80.70         2.32
43  2026-01-23 11:15:19       0m 30s  ...                2.90         0.07
44  2026-01-23 11:15:50       0m 32s  ...               11.56         0.29
45  2026-01-23 11:16:22       0m 31s  ...                4.11         0.11
46  2026-01-23 11:16:54       0m 30s  ...               11.45         0.30
47  2026-01-23 11:17:25       0m 32s  ...               11.80         0.25
48  2026-01-23 11:17:57       0m 31s  ...                6.42         0.18
49  2026-01-23 11:18:29       0m 30s  ...                0.78         0.02
50  2026-01-23 11:18:59       0m 43s  ...               83.75         2.58
51  2026-01-23 11:19:43       0m 40s  ...               77.72         2.05
52  2026-01-23 11:20:24       0m 32s  ...                8.96         0.25
53  2026-01-23 11:20:56       0m 30s  ...                1.10         0.03
54  2026-01-23 11:21:27       0m 33s  ...               11.75         0.29
55  2026-01-23 11:22:00       0m 37s  ...               55.20         1.46
56  2026-01-23 11:22:37       0m 35s  ...               34.44         0.83
57  2026-01-23 11:23:13       0m 31s  ...                4.27         0.10
58  2026-01-23 11:23:45       0m 32s  ...                8.31         0.19

[59 rows x 24 columns]
[2026-01-23 11:27:16,243] - [root] - [INFO] - Analysis finished: 0m 31s
[2026-01-23 11:27:16,243] - [root] - [INFO] - -------------------------------------------
[2026-01-23 11:27:16,243] - [root] - [INFO] - -------------------------------------------
[2026-01-23 11:27:16,243] - [root] - [INFO] - Processing 1-22-2026 5dpi 155-W2021011-639_R1.png
[2026-01-23 11:27:37,370] - [root] - [INFO] - Finished loading mask: 0m 21s
[2026-01-23 11:27:47,328] - [root] - [INFO] - Finished crop and inference: 0m 31s
[2026-01-23 11:27:49,113] - [root] - [INFO] - Analysis finished: 0m 32s
[2026-01-23 11:27:49,113] - [root] - [INFO] - -------------------------------------------
[2026-01-23 11:27:49,113] - [root] - [INFO] - -------------------------------------------
[2026-01-23 11:27:49,114] - [root] - [INFO] - Processing 1-22-2026 5dpi 156-W2021009-276_R2.png
[2026-01-23 11:28:10,068] - [root] - [INFO] - Finished loading mask: 0m 20s
[2026-01-23 11:28:21,006] - [root] - [INFO] - Finished crop and inference: 0m 31s
[2026-01-23 11:28:22,725] - [root] - [INFO] - Analysis finished: 0m 33s
[2026-01-23 11:28:22,725] - [root] - [INFO] - -------------------------------------------
[2026-01-23 11:28:22,725] - [root] - [INFO] - -------------------------------------------
[2026-01-23 11:28:22,725] - [root] - [INFO] - Processing 1-22-2026 5dpi 158-W2021006-114_R1.png
[2026-01-23 11:28:43,799] - [root] - [INFO] - Finished loading mask: 0m 21s
[2026-01-23 11:28:59,969] - [root] - [INFO] - Finished crop and inference: 0m 37s
[2026-01-23 11:29:01,824] - [root] - [INFO] - Analysis finished: 0m 39s
[2026-01-23 11:29:01,824] - [root] - [INFO] - -------------------------------------------
[2026-01-23 11:29:01,824] - [root] - [INFO] - -------------------------------------------
[2026-01-23 11:29:01,824] - [root] - [INFO] - Processing 1-22-2026 5dpi 167-W2021006-003_R2.png
[2026-01-23 11:29:22,202] - [root] - [INFO] - Finished loading mask: 0m 20s
[2026-01-23 11:29:30,731] - [root] - [INFO] - Finished crop and inference: 0m 28s
[2026-01-23 11:29:32,449] - [root] - [INFO] - Analysis finished: 0m 30s
[2026-01-23 11:29:32,449] - [root] - [INFO] - -------------------------------------------
[2026-01-23 11:29:32,449] - [root] - [INFO] - -------------------------------------------
[2026-01-23 11:29:32,449] - [root] - [INFO] - Processing 1-22-2026 5dpi 169-W2021009-623_R2.png
[2026-01-23 11:29:52,620] - [root] - [INFO] - Finished loading mask: 0m 20s
[2026-01-23 11:30:15,611] - [root] - [INFO] - Finished crop and inference: 0m 43s
[2026-01-23 11:30:17,296] - [root] - [INFO] - Analysis finished: 0m 44s
[2026-01-23 11:30:17,296] - [root] - [INFO] - -------------------------------------------
[2026-01-23 11:30:17,296] - [root] - [INFO] - -------------------------------------------
[2026-01-23 11:30:17,296] - [root] - [INFO] - Processing 1-22-2026 5dpi 169-W2021011-477_R1.png
[2026-01-23 11:30:37,682] - [root] - [INFO] - Finished loading mask: 0m 20s
[2026-01-23 11:30:53,994] - [root] - [INFO] - Finished crop and inference: 0m 36s
[2026-01-23 11:30:55,762] - [root] - [INFO] - Analysis finished: 0m 38s
[2026-01-23 11:30:55,762] - [root] - [INFO] - -------------------------------------------
[2026-01-23 11:30:55,762] - [root] - [INFO] - -------------------------------------------
[2026-01-23 11:30:55,762] - [root] - [INFO] - Processing 1-22-2026 5dpi 172-W2021011-557_R2.png
[2026-01-23 11:31:16,154] - [root] - [INFO] - Finished loading mask: 0m 20s
[2026-01-23 11:31:27,892] - [root] - [INFO] - Finished crop and inference: 0m 32s
[2026-01-23 11:31:29,626] - [root] - [INFO] - Analysis finished: 0m 33s
[2026-01-23 11:31:29,626] - [root] - [INFO] - -------------------------------------------
[2026-01-23 11:31:29,626] - [root] - [INFO] - -------------------------------------------
[2026-01-23 11:31:29,627] - [root] - [INFO] - Processing 1-22-2026 5dpi 173-W2021006-127_R2.png
[2026-01-23 11:31:50,472] - [root] - [INFO] - Finished loading mask: 0m 20s
[2026-01-23 11:31:59,939] - [root] - [INFO] - Finished crop and inference: 0m 30s
              timestamp time_elapsed  ... severity_rate_patch Gradient_sr2
0   2026-01-23 10:50:57       0m 33s  ...                1.74         0.04
1   2026-01-23 10:51:31       0m 33s  ...                4.36         0.11
2   2026-01-23 10:52:05       0m 33s  ...                0.85         0.02
3   2026-01-23 10:52:38       0m 38s  ...               25.47         0.67
4   2026-01-23 10:53:17       0m 40s  ...               37.39         0.99
5   2026-01-23 10:53:57       0m 31s  ...                0.45         0.01
6   2026-01-23 10:54:28       0m 35s  ...               38.62         0.91
7   2026-01-23 10:55:04       0m 33s  ...               19.86         0.56
8   2026-01-23 10:55:38       0m 34s  ...               39.61         1.05
9   2026-01-23 10:56:13       0m 32s  ...                1.79         0.05
10  2026-01-23 10:56:45       0m 33s  ...                2.79         0.07
11  2026-01-23 10:57:18       0m 38s  ...               20.77         0.49
12  2026-01-23 10:57:56       0m 32s  ...               20.60         0.51
13  2026-01-23 10:58:29       0m 32s  ...               15.28         0.35
14  2026-01-23 10:59:02       0m 35s  ...               30.18         0.79
15  2026-01-23 10:59:38       0m 34s  ...               19.25         0.48
16  2026-01-23 11:00:12       0m 44s  ...               85.84         2.58
17  2026-01-23 11:00:57       0m 30s  ...                0.76         0.02
18  2026-01-23 11:01:27       0m 33s  ...               23.22         0.57
19  2026-01-23 11:02:00       0m 39s  ...               62.76         1.72
20  2026-01-23 11:02:40       0m 30s  ...                1.10         0.03
21  2026-01-23 11:03:10       0m 32s  ...               19.31         0.52
22  2026-01-23 11:03:43       0m 35s  ...               42.05         1.16
23  2026-01-23 11:04:19       0m 28s  ...                6.56         0.18
24  2026-01-23 11:04:47       0m 29s  ...                1.51         0.04
25  2026-01-23 11:05:16       0m 31s  ...                8.51         0.22
26  2026-01-23 11:05:47       0m 32s  ...               12.12         0.31
27  2026-01-23 11:06:20       0m 34s  ...               32.69         0.79
28  2026-01-23 11:06:55       0m 31s  ...                2.15         0.06
29  2026-01-23 11:07:27       0m 30s  ...                2.94         0.07
30  2026-01-23 11:07:58       0m 32s  ...               12.91         0.30
31  2026-01-23 11:08:30       0m 32s  ...               42.77         1.19
32  2026-01-23 11:09:02       0m 38s  ...               65.54         1.89
33  2026-01-23 11:09:41       0m 31s  ...               10.11         0.24
34  2026-01-23 11:10:12       0m 30s  ...                4.05         0.11
35  2026-01-23 11:10:43       0m 30s  ...                1.89         0.05
36  2026-01-23 11:11:14       0m 31s  ...                5.54         0.15
37  2026-01-23 11:11:45       0m 29s  ...                0.46         0.01
38  2026-01-23 11:12:15       0m 29s  ...                1.59         0.04
39  2026-01-23 11:12:44       0m 36s  ...               43.85         1.03
40  2026-01-23 11:13:21       0m 38s  ...               61.84         1.56
41  2026-01-23 11:13:59       0m 36s  ...               46.89         1.19
42  2026-01-23 11:14:36       0m 43s  ...               80.70         2.32
43  2026-01-23 11:15:19       0m 30s  ...                2.90         0.07
44  2026-01-23 11:15:50       0m 32s  ...               11.56         0.29
45  2026-01-23 11:16:22       0m 31s  ...                4.11         0.11
46  2026-01-23 11:16:54       0m 30s  ...               11.45         0.30
47  2026-01-23 11:17:25       0m 32s  ...               11.80         0.25
48  2026-01-23 11:17:57       0m 31s  ...                6.42         0.18
49  2026-01-23 11:18:29       0m 30s  ...                0.78         0.02
50  2026-01-23 11:18:59       0m 43s  ...               83.75         2.58
51  2026-01-23 11:19:43       0m 40s  ...               77.72         2.05
52  2026-01-23 11:20:24       0m 32s  ...                8.96         0.25
53  2026-01-23 11:20:56       0m 30s  ...                1.10         0.03
54  2026-01-23 11:21:27       0m 33s  ...               11.75         0.29
55  2026-01-23 11:22:00       0m 37s  ...               55.20         1.46
56  2026-01-23 11:22:37       0m 35s  ...               34.44         0.83
57  2026-01-23 11:23:13       0m 31s  ...                4.27         0.10
58  2026-01-23 11:23:45       0m 32s  ...                8.31         0.19
59  2026-01-23 11:24:17       0m 45s  ...               86.63         2.57

[60 rows x 24 columns]
              timestamp time_elapsed  ... severity_rate_patch Gradient_sr2
0   2026-01-23 10:50:57       0m 33s  ...                1.74         0.04
1   2026-01-23 10:51:31       0m 33s  ...                4.36         0.11
2   2026-01-23 10:52:05       0m 33s  ...                0.85         0.02
3   2026-01-23 10:52:38       0m 38s  ...               25.47         0.67
4   2026-01-23 10:53:17       0m 40s  ...               37.39         0.99
..                  ...          ...  ...                 ...          ...
56  2026-01-23 11:22:37       0m 35s  ...               34.44         0.83
57  2026-01-23 11:23:13       0m 31s  ...                4.27         0.10
58  2026-01-23 11:23:45       0m 32s  ...                8.31         0.19
59  2026-01-23 11:24:17       0m 45s  ...               86.63         2.57
60  2026-01-23 11:25:02       0m 31s  ...                0.61         0.02

[61 rows x 24 columns]
              timestamp time_elapsed  ... severity_rate_patch Gradient_sr2
0   2026-01-23 10:50:57       0m 33s  ...                1.74         0.04
1   2026-01-23 10:51:31       0m 33s  ...                4.36         0.11
2   2026-01-23 10:52:05       0m 33s  ...                0.85         0.02
3   2026-01-23 10:52:38       0m 38s  ...               25.47         0.67
4   2026-01-23 10:53:17       0m 40s  ...               37.39         0.99
..                  ...          ...  ...                 ...          ...
57  2026-01-23 11:23:13       0m 31s  ...                4.27         0.10
58  2026-01-23 11:23:45       0m 32s  ...                8.31         0.19
59  2026-01-23 11:24:17       0m 45s  ...               86.63         2.57
60  2026-01-23 11:25:02       0m 31s  ...                0.61         0.02
61  2026-01-23 11:25:34       0m 36s  ...               28.01         0.73

[62 rows x 24 columns]
              timestamp time_elapsed  ... severity_rate_patch Gradient_sr2
0   2026-01-23 10:50:57       0m 33s  ...                1.74         0.04
1   2026-01-23 10:51:31       0m 33s  ...                4.36         0.11
2   2026-01-23 10:52:05       0m 33s  ...                0.85         0.02
3   2026-01-23 10:52:38       0m 38s  ...               25.47         0.67
4   2026-01-23 10:53:17       0m 40s  ...               37.39         0.99
..                  ...          ...  ...                 ...          ...
58  2026-01-23 11:23:45       0m 32s  ...                8.31         0.19
59  2026-01-23 11:24:17       0m 45s  ...               86.63         2.57
60  2026-01-23 11:25:02       0m 31s  ...                0.61         0.02
61  2026-01-23 11:25:34       0m 36s  ...               28.01         0.73
62  2026-01-23 11:26:11       0m 33s  ...               13.12         0.36

[63 rows x 24 columns]
[2026-01-23 11:32:01,675] - [root] - [INFO] - Analysis finished: 0m 32s
[2026-01-23 11:32:01,675] - [root] - [INFO] - -------------------------------------------
[2026-01-23 11:32:01,675] - [root] - [INFO] - -------------------------------------------
[2026-01-23 11:32:01,675] - [root] - [INFO] - Processing 1-22-2026 5dpi 174-W2021009-156_R2.png
[2026-01-23 11:32:21,920] - [root] - [INFO] - Finished loading mask: 0m 20s
[2026-01-23 11:32:31,859] - [root] - [INFO] - Finished crop and inference: 0m 30s
[2026-01-23 11:32:33,576] - [root] - [INFO] - Analysis finished: 0m 31s
[2026-01-23 11:32:33,576] - [root] - [INFO] - -------------------------------------------
[2026-01-23 11:32:33,576] - [root] - [INFO] - -------------------------------------------
[2026-01-23 11:32:33,576] - [root] - [INFO] - Processing 1-22-2026 5dpi 176-W2021009-256_R2.png
[2026-01-23 11:32:53,385] - [root] - [INFO] - Finished loading mask: 0m 19s
[2026-01-23 11:33:00,449] - [root] - [INFO] - Finished crop and inference: 0m 26s
[2026-01-23 11:33:02,074] - [root] - [INFO] - Analysis finished: 0m 28s
[2026-01-23 11:33:02,074] - [root] - [INFO] - -------------------------------------------
[2026-01-23 11:33:02,074] - [root] - [INFO] - -------------------------------------------
[2026-01-23 11:33:02,074] - [root] - [INFO] - Processing 1-22-2026 5dpi 177-W2021009-194_R1.png
[2026-01-23 11:33:22,490] - [root] - [INFO] - Finished loading mask: 0m 20s
[2026-01-23 11:33:33,058] - [root] - [INFO] - Finished crop and inference: 0m 30s
[2026-01-23 11:33:34,822] - [root] - [INFO] - Analysis finished: 0m 32s
[2026-01-23 11:33:34,822] - [root] - [INFO] - -------------------------------------------
[2026-01-23 11:33:34,822] - [root] - [INFO] - -------------------------------------------
[2026-01-23 11:33:34,822] - [root] - [INFO] - Processing 1-22-2026 5dpi 180-W2021009-152_R1.png
[2026-01-23 11:33:56,270] - [root] - [INFO] - Finished loading mask: 0m 21s
[2026-01-23 11:34:07,460] - [root] - [INFO] - Finished crop and inference: 0m 32s
[2026-01-23 11:34:09,233] - [root] - [INFO] - Analysis finished: 0m 34s
[2026-01-23 11:34:09,234] - [root] - [INFO] - -------------------------------------------
[2026-01-23 11:34:09,234] - [root] - [INFO] - -------------------------------------------
[2026-01-23 11:34:09,234] - [root] - [INFO] - Processing 1-22-2026 5dpi 180-W2021011-476_R2.png
[2026-01-23 11:34:30,397] - [root] - [INFO] - Finished loading mask: 0m 21s
[2026-01-23 11:34:49,404] - [root] - [INFO] - Finished crop and inference: 0m 40s
[2026-01-23 11:34:51,257] - [root] - [INFO] - Analysis finished: 0m 42s
[2026-01-23 11:34:51,257] - [root] - [INFO] - -------------------------------------------
[2026-01-23 11:34:51,257] - [root] - [INFO] - -------------------------------------------
[2026-01-23 11:34:51,257] - [root] - [INFO] - Processing 1-22-2026 5dpi 182-W2021009-251_R1.png
[2026-01-23 11:35:13,096] - [root] - [INFO] - Finished loading mask: 0m 21s
[2026-01-23 11:35:24,043] - [root] - [INFO] - Finished crop and inference: 0m 32s
[2026-01-23 11:35:25,675] - [root] - [INFO] - Analysis finished: 0m 34s
[2026-01-23 11:35:25,675] - [root] - [INFO] - -------------------------------------------
[2026-01-23 11:35:25,690] - [root] - [INFO] - -------------------------------------------
[2026-01-23 11:35:25,690] - [root] - [INFO] - Processing 1-22-2026 5dpi 183-W2021009-295_R1.png
[2026-01-23 11:35:47,187] - [root] - [INFO] - Finished loading mask: 0m 21s
[2026-01-23 11:35:56,263] - [root] - [INFO] - Finished crop and inference: 0m 30s
[2026-01-23 11:35:58,034] - [root] - [INFO] - Analysis finished: 0m 32s
[2026-01-23 11:35:58,034] - [root] - [INFO] - -------------------------------------------
[2026-01-23 11:35:58,036] - [root] - [INFO] - -------------------------------------------
[2026-01-23 11:35:58,036] - [root] - [INFO] - Processing 1-22-2026 5dpi 185-W2021009-199_R1.png
[2026-01-23 11:36:19,596] - [root] - [INFO] - Finished loading mask: 0m 21s
[2026-01-23 11:36:30,021] - [root] - [INFO] - Finished crop and inference: 0m 31s
              timestamp time_elapsed  ... severity_rate_patch Gradient_sr2
0   2026-01-23 10:50:57       0m 33s  ...                1.74         0.04
1   2026-01-23 10:51:31       0m 33s  ...                4.36         0.11
2   2026-01-23 10:52:05       0m 33s  ...                0.85         0.02
3   2026-01-23 10:52:38       0m 38s  ...               25.47         0.67
4   2026-01-23 10:53:17       0m 40s  ...               37.39         0.99
..                  ...          ...  ...                 ...          ...
59  2026-01-23 11:24:17       0m 45s  ...               86.63         2.57
60  2026-01-23 11:25:02       0m 31s  ...                0.61         0.02
61  2026-01-23 11:25:34       0m 36s  ...               28.01         0.73
62  2026-01-23 11:26:11       0m 33s  ...               13.12         0.36
63  2026-01-23 11:26:44       0m 31s  ...                2.62         0.07

[64 rows x 24 columns]
              timestamp time_elapsed  ... severity_rate_patch Gradient_sr2
0   2026-01-23 10:50:57       0m 33s  ...                1.74         0.04
1   2026-01-23 10:51:31       0m 33s  ...                4.36         0.11
2   2026-01-23 10:52:05       0m 33s  ...                0.85         0.02
3   2026-01-23 10:52:38       0m 38s  ...               25.47         0.67
4   2026-01-23 10:53:17       0m 40s  ...               37.39         0.99
..                  ...          ...  ...                 ...          ...
60  2026-01-23 11:25:02       0m 31s  ...                0.61         0.02
61  2026-01-23 11:25:34       0m 36s  ...               28.01         0.73
62  2026-01-23 11:26:11       0m 33s  ...               13.12         0.36
63  2026-01-23 11:26:44       0m 31s  ...                2.62         0.07
64  2026-01-23 11:27:16       0m 32s  ...               10.00         0.27

[65 rows x 24 columns]
              timestamp time_elapsed  ... severity_rate_patch Gradient_sr2
0   2026-01-23 10:50:57       0m 33s  ...                1.74         0.04
1   2026-01-23 10:51:31       0m 33s  ...                4.36         0.11
2   2026-01-23 10:52:05       0m 33s  ...                0.85         0.02
3   2026-01-23 10:52:38       0m 38s  ...               25.47         0.67
4   2026-01-23 10:53:17       0m 40s  ...               37.39         0.99
..                  ...          ...  ...                 ...          ...
61  2026-01-23 11:25:34       0m 36s  ...               28.01         0.73
62  2026-01-23 11:26:11       0m 33s  ...               13.12         0.36
63  2026-01-23 11:26:44       0m 31s  ...                2.62         0.07
64  2026-01-23 11:27:16       0m 32s  ...               10.00         0.27
65  2026-01-23 11:27:49       0m 33s  ...                7.64         0.19

[66 rows x 24 columns]
              timestamp time_elapsed  ... severity_rate_patch Gradient_sr2
0   2026-01-23 10:50:57       0m 33s  ...                1.74         0.04
1   2026-01-23 10:51:31       0m 33s  ...                4.36         0.11
2   2026-01-23 10:52:05       0m 33s  ...                0.85         0.02
3   2026-01-23 10:52:38       0m 38s  ...               25.47         0.67
4   2026-01-23 10:53:17       0m 40s  ...               37.39         0.99
..                  ...          ...  ...                 ...          ...
62  2026-01-23 11:26:11       0m 33s  ...               13.12         0.36
63  2026-01-23 11:26:44       0m 31s  ...                2.62         0.07
64  2026-01-23 11:27:16       0m 32s  ...               10.00         0.27
65  2026-01-23 11:27:49       0m 33s  ...                7.64         0.19
66  2026-01-23 11:28:22       0m 39s  ...               53.88         1.51

[67 rows x 24 columns]
              timestamp time_elapsed  ... severity_rate_patch Gradient_sr2
0   2026-01-23 10:50:57       0m 33s  ...                1.74         0.04
1   2026-01-23 10:51:31       0m 33s  ...                4.36         0.11
2   2026-01-23 10:52:05       0m 33s  ...                0.85         0.02
3   2026-01-23 10:52:38       0m 38s  ...               25.47         0.67
4   2026-01-23 10:53:17       0m 40s  ...               37.39         0.99
..                  ...          ...  ...                 ...          ...
63  2026-01-23 11:26:44       0m 31s  ...                2.62         0.07
64  2026-01-23 11:27:16       0m 32s  ...               10.00         0.27
65  2026-01-23 11:27:49       0m 33s  ...                7.64         0.19
66  2026-01-23 11:28:22       0m 39s  ...               53.88         1.51
67  2026-01-23 11:29:01       0m 30s  ...                2.18         0.06

[68 rows x 24 columns]
              timestamp time_elapsed  ... severity_rate_patch Gradient_sr2
0   2026-01-23 10:50:57       0m 33s  ...                1.74         0.04
1   2026-01-23 10:51:31       0m 33s  ...                4.36         0.11
2   2026-01-23 10:52:05       0m 33s  ...                0.85         0.02
3   2026-01-23 10:52:38       0m 38s  ...               25.47         0.67
4   2026-01-23 10:53:17       0m 40s  ...               37.39         0.99
..                  ...          ...  ...                 ...          ...
64  2026-01-23 11:27:16       0m 32s  ...               10.00         0.27
65  2026-01-23 11:27:49       0m 33s  ...                7.64         0.19
66  2026-01-23 11:28:22       0m 39s  ...               53.88         1.51
67  2026-01-23 11:29:01       0m 30s  ...                2.18         0.06
68  2026-01-23 11:29:32       0m 44s  ...               84.74         2.55

[69 rows x 24 columns]
              timestamp time_elapsed  ... severity_rate_patch Gradient_sr2
0   2026-01-23 10:50:57       0m 33s  ...                1.74         0.04
1   2026-01-23 10:51:31       0m 33s  ...                4.36         0.11
2   2026-01-23 10:52:05       0m 33s  ...                0.85         0.02
3   2026-01-23 10:52:38       0m 38s  ...               25.47         0.67
4   2026-01-23 10:53:17       0m 40s  ...               37.39         0.99
..                  ...          ...  ...                 ...          ...
65  2026-01-23 11:27:49       0m 33s  ...                7.64         0.19
66  2026-01-23 11:28:22       0m 39s  ...               53.88         1.51
67  2026-01-23 11:29:01       0m 30s  ...                2.18         0.06
68  2026-01-23 11:29:32       0m 44s  ...               84.74         2.55
69  2026-01-23 11:30:17       0m 38s  ...               57.21         1.60

[70 rows x 24 columns]
              timestamp time_elapsed  ... severity_rate_patch Gradient_sr2
0   2026-01-23 10:50:57       0m 33s  ...                1.74         0.04
1   2026-01-23 10:51:31       0m 33s  ...                4.36         0.11
2   2026-01-23 10:52:05       0m 33s  ...                0.85         0.02
3   2026-01-23 10:52:38       0m 38s  ...               25.47         0.67
4   2026-01-23 10:53:17       0m 40s  ...               37.39         0.99
..                  ...          ...  ...                 ...          ...
66  2026-01-23 11:28:22       0m 39s  ...               53.88         1.51
67  2026-01-23 11:29:01       0m 30s  ...                2.18         0.06
68  2026-01-23 11:29:32       0m 44s  ...               84.74         2.55
69  2026-01-23 11:30:17       0m 38s  ...               57.21         1.60
70  2026-01-23 11:30:55       0m 33s  ...                8.76         0.24

[71 rows x 24 columns]
[2026-01-23 11:36:31,791] - [root] - [INFO] - Analysis finished: 0m 33s
[2026-01-23 11:36:31,791] - [root] - [INFO] - -------------------------------------------
[2026-01-23 11:36:31,791] - [root] - [INFO] - -------------------------------------------
[2026-01-23 11:36:31,791] - [root] - [INFO] - Processing 1-22-2026 5dpi 185-W2021009-291_R2.png
[2026-01-23 11:36:53,734] - [root] - [INFO] - Finished loading mask: 0m 21s
[2026-01-23 11:37:04,606] - [root] - [INFO] - Finished crop and inference: 0m 32s
[2026-01-23 11:37:06,356] - [root] - [INFO] - Analysis finished: 0m 34s
[2026-01-23 11:37:06,356] - [root] - [INFO] - -------------------------------------------
[2026-01-23 11:37:06,356] - [root] - [INFO] - -------------------------------------------
[2026-01-23 11:37:06,356] - [root] - [INFO] - Processing 1-22-2026 5dpi 187-W2021010-348_R2.png
[2026-01-23 11:37:27,433] - [root] - [INFO] - Finished loading mask: 0m 21s
[2026-01-23 11:37:47,502] - [root] - [INFO] - Finished crop and inference: 0m 41s
[2026-01-23 11:37:49,271] - [root] - [INFO] - Analysis finished: 0m 42s
[2026-01-23 11:37:49,271] - [root] - [INFO] - -------------------------------------------
[2026-01-23 11:37:49,271] - [root] - [INFO] - -------------------------------------------
[2026-01-23 11:37:49,271] - [root] - [INFO] - Processing 1-22-2026 5dpi 191-W2021010-426_R2.png
[2026-01-23 11:38:10,919] - [root] - [INFO] - Finished loading mask: 0m 21s
[2026-01-23 11:38:22,350] - [root] - [INFO] - Finished crop and inference: 0m 33s
[2026-01-23 11:38:24,013] - [root] - [INFO] - Analysis finished: 0m 34s
[2026-01-23 11:38:24,013] - [root] - [INFO] - -------------------------------------------
[2026-01-23 11:38:24,013] - [root] - [INFO] - -------------------------------------------
[2026-01-23 11:38:24,013] - [root] - [INFO] - Processing 1-22-2026 5dpi 191-W2021010-449_R1.png
[2026-01-23 11:38:44,528] - [root] - [INFO] - Finished loading mask: 0m 20s
[2026-01-23 11:38:57,153] - [root] - [INFO] - Finished crop and inference: 0m 33s
[2026-01-23 11:38:58,843] - [root] - [INFO] - Analysis finished: 0m 34s
[2026-01-23 11:38:58,843] - [root] - [INFO] - -------------------------------------------
[2026-01-23 11:38:58,843] - [root] - [INFO] - -------------------------------------------
[2026-01-23 11:38:58,843] - [root] - [INFO] - Processing 1-22-2026 5dpi 192-W2021006-005_R1.png
[2026-01-23 11:39:19,104] - [root] - [INFO] - Finished loading mask: 0m 20s
[2026-01-23 11:39:28,532] - [root] - [INFO] - Finished crop and inference: 0m 29s
[2026-01-23 11:39:30,244] - [root] - [INFO] - Analysis finished: 0m 31s
[2026-01-23 11:39:30,244] - [root] - [INFO] - -------------------------------------------
[2026-01-23 11:39:30,244] - [root] - [INFO] - -------------------------------------------
[2026-01-23 11:39:30,244] - [root] - [INFO] - Processing 1-22-2026 5dpi 206-W2021010-344_R1.png
[2026-01-23 11:39:50,801] - [root] - [INFO] - Finished loading mask: 0m 20s
[2026-01-23 11:40:00,204] - [root] - [INFO] - Finished crop and inference: 0m 29s
[2026-01-23 11:40:01,873] - [root] - [INFO] - Analysis finished: 0m 31s
[2026-01-23 11:40:01,873] - [root] - [INFO] - -------------------------------------------
[2026-01-23 11:40:01,873] - [root] - [INFO] - -------------------------------------------
[2026-01-23 11:40:01,873] - [root] - [INFO] - Processing 1-22-2026 5dpi 207-W2021009-287_R2.png
[2026-01-23 11:40:21,866] - [root] - [INFO] - Finished loading mask: 0m 19s
[2026-01-23 11:40:31,220] - [root] - [INFO] - Finished crop and inference: 0m 29s
[2026-01-23 11:40:32,872] - [root] - [INFO] - Analysis finished: 0m 30s
[2026-01-23 11:40:32,872] - [root] - [INFO] - -------------------------------------------
[2026-01-23 11:40:32,872] - [root] - [INFO] - -------------------------------------------
[2026-01-23 11:40:32,872] - [root] - [INFO] - Processing 1-22-2026 5dpi 208-W2021009-268_R2.png
[2026-01-23 11:40:52,756] - [root] - [INFO] - Finished loading mask: 0m 19s
[2026-01-23 11:41:06,288] - [root] - [INFO] - Finished crop and inference: 0m 33s
              timestamp time_elapsed  ... severity_rate_patch Gradient_sr2
0   2026-01-23 10:50:57       0m 33s  ...                1.74         0.04
1   2026-01-23 10:51:31       0m 33s  ...                4.36         0.11
2   2026-01-23 10:52:05       0m 33s  ...                0.85         0.02
3   2026-01-23 10:52:38       0m 38s  ...               25.47         0.67
4   2026-01-23 10:53:17       0m 40s  ...               37.39         0.99
..                  ...          ...  ...                 ...          ...
67  2026-01-23 11:29:01       0m 30s  ...                2.18         0.06
68  2026-01-23 11:29:32       0m 44s  ...               84.74         2.55
69  2026-01-23 11:30:17       0m 38s  ...               57.21         1.60
70  2026-01-23 11:30:55       0m 33s  ...                8.76         0.24
71  2026-01-23 11:31:29       0m 32s  ...                1.64         0.04

[72 rows x 24 columns]
              timestamp time_elapsed  ... severity_rate_patch Gradient_sr2
0   2026-01-23 10:50:57       0m 33s  ...                1.74         0.04
1   2026-01-23 10:51:31       0m 33s  ...                4.36         0.11
2   2026-01-23 10:52:05       0m 33s  ...                0.85         0.02
3   2026-01-23 10:52:38       0m 38s  ...               25.47         0.67
4   2026-01-23 10:53:17       0m 40s  ...               37.39         0.99
..                  ...          ...  ...                 ...          ...
68  2026-01-23 11:29:32       0m 44s  ...               84.74         2.55
69  2026-01-23 11:30:17       0m 38s  ...               57.21         1.60
70  2026-01-23 11:30:55       0m 33s  ...                8.76         0.24
71  2026-01-23 11:31:29       0m 32s  ...                1.64         0.04
72  2026-01-23 11:32:01       0m 31s  ...               15.38         0.37

[73 rows x 24 columns]
              timestamp time_elapsed  ... severity_rate_patch Gradient_sr2
0   2026-01-23 10:50:57       0m 33s  ...                1.74         0.04
1   2026-01-23 10:51:31       0m 33s  ...                4.36         0.11
2   2026-01-23 10:52:05       0m 33s  ...                0.85         0.02
3   2026-01-23 10:52:38       0m 38s  ...               25.47         0.67
4   2026-01-23 10:53:17       0m 40s  ...               37.39         0.99
..                  ...          ...  ...                 ...          ...
69  2026-01-23 11:30:17       0m 38s  ...               57.21         1.60
70  2026-01-23 11:30:55       0m 33s  ...                8.76         0.24
71  2026-01-23 11:31:29       0m 32s  ...                1.64         0.04
72  2026-01-23 11:32:01       0m 31s  ...               15.38         0.37
73  2026-01-23 11:32:33       0m 28s  ...                3.28         0.08

[74 rows x 24 columns]
              timestamp time_elapsed  ... severity_rate_patch Gradient_sr2
0   2026-01-23 10:50:57       0m 33s  ...                1.74         0.04
1   2026-01-23 10:51:31       0m 33s  ...                4.36         0.11
2   2026-01-23 10:52:05       0m 33s  ...                0.85         0.02
3   2026-01-23 10:52:38       0m 38s  ...               25.47         0.67
4   2026-01-23 10:53:17       0m 40s  ...               37.39         0.99
..                  ...          ...  ...                 ...          ...
70  2026-01-23 11:30:55       0m 33s  ...                8.76         0.24
71  2026-01-23 11:31:29       0m 32s  ...                1.64         0.04
72  2026-01-23 11:32:01       0m 31s  ...               15.38         0.37
73  2026-01-23 11:32:33       0m 28s  ...                3.28         0.08
74  2026-01-23 11:33:02       0m 32s  ...               13.43         0.36

[75 rows x 24 columns]
              timestamp time_elapsed  ... severity_rate_patch Gradient_sr2
0   2026-01-23 10:50:57       0m 33s  ...                1.74         0.04
1   2026-01-23 10:51:31       0m 33s  ...                4.36         0.11
2   2026-01-23 10:52:05       0m 33s  ...                0.85         0.02
3   2026-01-23 10:52:38       0m 38s  ...               25.47         0.67
4   2026-01-23 10:53:17       0m 40s  ...               37.39         0.99
..                  ...          ...  ...                 ...          ...
71  2026-01-23 11:31:29       0m 32s  ...                1.64         0.04
72  2026-01-23 11:32:01       0m 31s  ...               15.38         0.37
73  2026-01-23 11:32:33       0m 28s  ...                3.28         0.08
74  2026-01-23 11:33:02       0m 32s  ...               13.43         0.36
75  2026-01-23 11:33:34       0m 34s  ...               24.95         0.55

[76 rows x 24 columns]
              timestamp time_elapsed  ... severity_rate_patch Gradient_sr2
0   2026-01-23 10:50:57       0m 33s  ...                1.74         0.04
1   2026-01-23 10:51:31       0m 33s  ...                4.36         0.11
2   2026-01-23 10:52:05       0m 33s  ...                0.85         0.02
3   2026-01-23 10:52:38       0m 38s  ...               25.47         0.67
4   2026-01-23 10:53:17       0m 40s  ...               37.39         0.99
..                  ...          ...  ...                 ...          ...
72  2026-01-23 11:32:01       0m 31s  ...               15.38         0.37
73  2026-01-23 11:32:33       0m 28s  ...                3.28         0.08
74  2026-01-23 11:33:02       0m 32s  ...               13.43         0.36
75  2026-01-23 11:33:34       0m 34s  ...               24.95         0.55
76  2026-01-23 11:34:09       0m 42s  ...               79.18         2.11

[77 rows x 24 columns]
              timestamp time_elapsed  ... severity_rate_patch Gradient_sr2
0   2026-01-23 10:50:57       0m 33s  ...                1.74         0.04
1   2026-01-23 10:51:31       0m 33s  ...                4.36         0.11
2   2026-01-23 10:52:05       0m 33s  ...                0.85         0.02
3   2026-01-23 10:52:38       0m 38s  ...               25.47         0.67
4   2026-01-23 10:53:17       0m 40s  ...               37.39         0.99
..                  ...          ...  ...                 ...          ...
73  2026-01-23 11:32:33       0m 28s  ...                3.28         0.08
74  2026-01-23 11:33:02       0m 32s  ...               13.43         0.36
75  2026-01-23 11:33:34       0m 34s  ...               24.95         0.55
76  2026-01-23 11:34:09       0m 42s  ...               79.18         2.11
77  2026-01-23 11:34:51       0m 34s  ...                4.96         0.12

[78 rows x 24 columns]
              timestamp time_elapsed  ... severity_rate_patch Gradient_sr2
0   2026-01-23 10:50:57       0m 33s  ...                1.74         0.04
1   2026-01-23 10:51:31       0m 33s  ...                4.36         0.11
2   2026-01-23 10:52:05       0m 33s  ...                0.85         0.02
3   2026-01-23 10:52:38       0m 38s  ...               25.47         0.67
4   2026-01-23 10:53:17       0m 40s  ...               37.39         0.99
..                  ...          ...  ...                 ...          ...
74  2026-01-23 11:33:02       0m 32s  ...               13.43         0.36
75  2026-01-23 11:33:34       0m 34s  ...               24.95         0.55
76  2026-01-23 11:34:09       0m 42s  ...               79.18         2.11
77  2026-01-23 11:34:51       0m 34s  ...                4.96         0.12
78  2026-01-23 11:35:25       0m 32s  ...                6.35         0.16

[79 rows x 24 columns]
[2026-01-23 11:41:07,981] - [root] - [INFO] - Analysis finished: 0m 35s
[2026-01-23 11:41:07,981] - [root] - [INFO] - -------------------------------------------
[2026-01-23 11:41:07,985] - [root] - [INFO] - -------------------------------------------
[2026-01-23 11:41:07,985] - [root] - [INFO] - Processing 1-22-2026 5dpi 209-W2021010-439_R2.png
[2026-01-23 11:41:28,342] - [root] - [INFO] - Finished loading mask: 0m 20s
[2026-01-23 11:41:43,571] - [root] - [INFO] - Finished crop and inference: 0m 35s
[2026-01-23 11:41:45,323] - [root] - [INFO] - Analysis finished: 0m 37s
[2026-01-23 11:41:45,323] - [root] - [INFO] - -------------------------------------------
[2026-01-23 11:41:45,323] - [root] - [INFO] - -------------------------------------------
[2026-01-23 11:41:45,323] - [root] - [INFO] - Processing 1-22-2026 5dpi 211-W2021011-598_R2.png
[2026-01-23 11:42:06,000] - [root] - [INFO] - Finished loading mask: 0m 20s
[2026-01-23 11:42:18,142] - [root] - [INFO] - Finished crop and inference: 0m 32s
[2026-01-23 11:42:19,890] - [root] - [INFO] - Analysis finished: 0m 34s
[2026-01-23 11:42:19,890] - [root] - [INFO] - -------------------------------------------
[2026-01-23 11:42:19,890] - [root] - [INFO] - -------------------------------------------
[2026-01-23 11:42:19,890] - [root] - [INFO] - Processing 1-22-2026 5dpi 215-W2021006-045_R2.png
[2026-01-23 11:42:40,366] - [root] - [INFO] - Finished loading mask: 0m 20s
[2026-01-23 11:42:50,270] - [root] - [INFO] - Finished crop and inference: 0m 30s
[2026-01-23 11:42:52,021] - [root] - [INFO] - Analysis finished: 0m 32s
[2026-01-23 11:42:52,021] - [root] - [INFO] - -------------------------------------------
[2026-01-23 11:42:52,021] - [root] - [INFO] - -------------------------------------------
[2026-01-23 11:42:52,021] - [root] - [INFO] - Processing 1-22-2026 5dpi 223-W2021010-442_R2.png
[2026-01-23 11:43:12,539] - [root] - [INFO] - Finished loading mask: 0m 20s
[2026-01-23 11:43:26,707] - [root] - [INFO] - Finished crop and inference: 0m 34s
[2026-01-23 11:43:28,455] - [root] - [INFO] - Analysis finished: 0m 36s
[2026-01-23 11:43:28,455] - [root] - [INFO] - -------------------------------------------
[2026-01-23 11:43:28,455] - [root] - [INFO] - -------------------------------------------
[2026-01-23 11:43:28,455] - [root] - [INFO] - Processing 1-22-2026 5dpi 226-W2021010-435_R1.png
[2026-01-23 11:43:48,532] - [root] - [INFO] - Finished loading mask: 0m 20s
[2026-01-23 11:43:58,860] - [root] - [INFO] - Finished crop and inference: 0m 30s
[2026-01-23 11:44:00,588] - [root] - [INFO] - Analysis finished: 0m 32s
[2026-01-23 11:44:00,588] - [root] - [INFO] - -------------------------------------------
[2026-01-23 11:44:00,588] - [root] - [INFO] - -------------------------------------------
[2026-01-23 11:44:00,588] - [root] - [INFO] - Processing 1-22-2026 5dpi 230-W2021010-373_R2.png
[2026-01-23 11:44:20,713] - [root] - [INFO] - Finished loading mask: 0m 20s
[2026-01-23 11:44:45,699] - [root] - [INFO] - Finished crop and inference: 0m 45s
[2026-01-23 11:44:47,259] - [root] - [INFO] - Analysis finished: 0m 46s
[2026-01-23 11:44:47,259] - [root] - [INFO] - -------------------------------------------
[2026-01-23 11:44:47,259] - [root] - [INFO] - -------------------------------------------
[2026-01-23 11:44:47,259] - [root] - [INFO] - Processing 1-22-2026 5dpi 233-W2021009-215_R2.png
[2026-01-23 11:45:07,408] - [root] - [INFO] - Finished loading mask: 0m 20s
[2026-01-23 11:45:18,992] - [root] - [INFO] - Finished crop and inference: 0m 31s
[2026-01-23 11:45:20,625] - [root] - [INFO] - Analysis finished: 0m 33s
[2026-01-23 11:45:20,625] - [root] - [INFO] - -------------------------------------------
[2026-01-23 11:45:20,625] - [root] - [INFO] - -------------------------------------------
[2026-01-23 11:45:20,625] - [root] - [INFO] - Processing 1-22-2026 5dpi 240-Symphony_R2.png
[2026-01-23 11:45:40,829] - [root] - [INFO] - Finished loading mask: 0m 20s
[2026-01-23 11:46:02,647] - [root] - [INFO] - Finished crop and inference: 0m 42s
              timestamp time_elapsed  ... severity_rate_patch Gradient_sr2
0   2026-01-23 10:50:57       0m 33s  ...                1.74         0.04
1   2026-01-23 10:51:31       0m 33s  ...                4.36         0.11
2   2026-01-23 10:52:05       0m 33s  ...                0.85         0.02
3   2026-01-23 10:52:38       0m 38s  ...               25.47         0.67
4   2026-01-23 10:53:17       0m 40s  ...               37.39         0.99
..                  ...          ...  ...                 ...          ...
75  2026-01-23 11:33:34       0m 34s  ...               24.95         0.55
76  2026-01-23 11:34:09       0m 42s  ...               79.18         2.11
77  2026-01-23 11:34:51       0m 34s  ...                4.96         0.12
78  2026-01-23 11:35:25       0m 32s  ...                6.35         0.16
79  2026-01-23 11:35:58       0m 33s  ...               13.00         0.28

[80 rows x 24 columns]
              timestamp time_elapsed  ... severity_rate_patch Gradient_sr2
0   2026-01-23 10:50:57       0m 33s  ...                1.74         0.04
1   2026-01-23 10:51:31       0m 33s  ...                4.36         0.11
2   2026-01-23 10:52:05       0m 33s  ...                0.85         0.02
3   2026-01-23 10:52:38       0m 38s  ...               25.47         0.67
4   2026-01-23 10:53:17       0m 40s  ...               37.39         0.99
..                  ...          ...  ...                 ...          ...
76  2026-01-23 11:34:09       0m 42s  ...               79.18         2.11
77  2026-01-23 11:34:51       0m 34s  ...                4.96         0.12
78  2026-01-23 11:35:25       0m 32s  ...                6.35         0.16
79  2026-01-23 11:35:58       0m 33s  ...               13.00         0.28
80  2026-01-23 11:36:31       0m 34s  ...                5.94         0.15

[81 rows x 24 columns]
              timestamp time_elapsed  ... severity_rate_patch Gradient_sr2
0   2026-01-23 10:50:57       0m 33s  ...                1.74         0.04
1   2026-01-23 10:51:31       0m 33s  ...                4.36         0.11
2   2026-01-23 10:52:05       0m 33s  ...                0.85         0.02
3   2026-01-23 10:52:38       0m 38s  ...               25.47         0.67
4   2026-01-23 10:53:17       0m 40s  ...               37.39         0.99
..                  ...          ...  ...                 ...          ...
77  2026-01-23 11:34:51       0m 34s  ...                4.96         0.12
78  2026-01-23 11:35:25       0m 32s  ...                6.35         0.16
79  2026-01-23 11:35:58       0m 33s  ...               13.00         0.28
80  2026-01-23 11:36:31       0m 34s  ...                5.94         0.15
81  2026-01-23 11:37:06       0m 42s  ...               85.45         2.49

[82 rows x 24 columns]
              timestamp time_elapsed  ... severity_rate_patch Gradient_sr2
0   2026-01-23 10:50:57       0m 33s  ...                1.74         0.04
1   2026-01-23 10:51:31       0m 33s  ...                4.36         0.11
2   2026-01-23 10:52:05       0m 33s  ...                0.85         0.02
3   2026-01-23 10:52:38       0m 38s  ...               25.47         0.67
4   2026-01-23 10:53:17       0m 40s  ...               37.39         0.99
..                  ...          ...  ...                 ...          ...
78  2026-01-23 11:35:25       0m 32s  ...                6.35         0.16
79  2026-01-23 11:35:58       0m 33s  ...               13.00         0.28
80  2026-01-23 11:36:31       0m 34s  ...                5.94         0.15
81  2026-01-23 11:37:06       0m 42s  ...               85.45         2.49
82  2026-01-23 11:37:49       0m 34s  ...                9.54         0.25

[83 rows x 24 columns]
              timestamp time_elapsed  ... severity_rate_patch Gradient_sr2
0   2026-01-23 10:50:57       0m 33s  ...                1.74         0.04
1   2026-01-23 10:51:31       0m 33s  ...                4.36         0.11
2   2026-01-23 10:52:05       0m 33s  ...                0.85         0.02
3   2026-01-23 10:52:38       0m 38s  ...               25.47         0.67
4   2026-01-23 10:53:17       0m 40s  ...               37.39         0.99
..                  ...          ...  ...                 ...          ...
79  2026-01-23 11:35:58       0m 33s  ...               13.00         0.28
80  2026-01-23 11:36:31       0m 34s  ...                5.94         0.15
81  2026-01-23 11:37:06       0m 42s  ...               85.45         2.49
82  2026-01-23 11:37:49       0m 34s  ...                9.54         0.25
83  2026-01-23 11:38:24       0m 34s  ...               23.32         0.63

[84 rows x 24 columns]
              timestamp time_elapsed  ... severity_rate_patch Gradient_sr2
0   2026-01-23 10:50:57       0m 33s  ...                1.74         0.04
1   2026-01-23 10:51:31       0m 33s  ...                4.36         0.11
2   2026-01-23 10:52:05       0m 33s  ...                0.85         0.02
3   2026-01-23 10:52:38       0m 38s  ...               25.47         0.67
4   2026-01-23 10:53:17       0m 40s  ...               37.39         0.99
..                  ...          ...  ...                 ...          ...
80  2026-01-23 11:36:31       0m 34s  ...                5.94         0.15
81  2026-01-23 11:37:06       0m 42s  ...               85.45         2.49
82  2026-01-23 11:37:49       0m 34s  ...                9.54         0.25
83  2026-01-23 11:38:24       0m 34s  ...               23.32         0.63
84  2026-01-23 11:38:58       0m 31s  ...                7.13         0.17

[85 rows x 24 columns]
              timestamp time_elapsed  ... severity_rate_patch Gradient_sr2
0   2026-01-23 10:50:57       0m 33s  ...                1.74         0.04
1   2026-01-23 10:51:31       0m 33s  ...                4.36         0.11
2   2026-01-23 10:52:05       0m 33s  ...                0.85         0.02
3   2026-01-23 10:52:38       0m 38s  ...               25.47         0.67
4   2026-01-23 10:53:17       0m 40s  ...               37.39         0.99
..                  ...          ...  ...                 ...          ...
81  2026-01-23 11:37:06       0m 42s  ...               85.45         2.49
82  2026-01-23 11:37:49       0m 34s  ...                9.54         0.25
83  2026-01-23 11:38:24       0m 34s  ...               23.32         0.63
84  2026-01-23 11:38:58       0m 31s  ...                7.13         0.17
85  2026-01-23 11:39:30       0m 31s  ...                6.06         0.16

[86 rows x 24 columns]
              timestamp time_elapsed  ... severity_rate_patch Gradient_sr2
0   2026-01-23 10:50:57       0m 33s  ...                1.74         0.04
1   2026-01-23 10:51:31       0m 33s  ...                4.36         0.11
2   2026-01-23 10:52:05       0m 33s  ...                0.85         0.02
3   2026-01-23 10:52:38       0m 38s  ...               25.47         0.67
4   2026-01-23 10:53:17       0m 40s  ...               37.39         0.99
..                  ...          ...  ...                 ...          ...
82  2026-01-23 11:37:49       0m 34s  ...                9.54         0.25
83  2026-01-23 11:38:24       0m 34s  ...               23.32         0.63
84  2026-01-23 11:38:58       0m 31s  ...                7.13         0.17
85  2026-01-23 11:39:30       0m 31s  ...                6.06         0.16
86  2026-01-23 11:40:01       0m 30s  ...                1.20         0.03

[87 rows x 24 columns]
[2026-01-23 11:46:04,397] - [root] - [INFO] - Analysis finished: 0m 43s
[2026-01-23 11:46:04,397] - [root] - [INFO] - -------------------------------------------
[2026-01-23 11:46:04,397] - [root] - [INFO] - -------------------------------------------
[2026-01-23 11:46:04,397] - [root] - [INFO] - Processing 1-22-2026 5dpi 254-W2021010-352_R2.png
[2026-01-23 11:46:24,458] - [root] - [INFO] - Finished loading mask: 0m 20s
[2026-01-23 11:46:32,535] - [root] - [INFO] - Finished crop and inference: 0m 28s
[2026-01-23 11:46:34,277] - [root] - [INFO] - Analysis finished: 0m 29s
[2026-01-23 11:46:34,277] - [root] - [INFO] - -------------------------------------------
[2026-01-23 11:46:34,277] - [root] - [INFO] - -------------------------------------------
[2026-01-23 11:46:34,277] - [root] - [INFO] - Processing 1-22-2026 5dpi 266-W2021009-193_R1.png
[2026-01-23 11:46:54,703] - [root] - [INFO] - Finished loading mask: 0m 20s
[2026-01-23 11:47:04,542] - [root] - [INFO] - Finished crop and inference: 0m 30s
[2026-01-23 11:47:06,231] - [root] - [INFO] - Analysis finished: 0m 31s
[2026-01-23 11:47:06,231] - [root] - [INFO] - -------------------------------------------
[2026-01-23 11:47:06,233] - [root] - [INFO] - -------------------------------------------
[2026-01-23 11:47:06,233] - [root] - [INFO] - Processing 1-22-2026 5dpi 313-W2021010-343_R1.png
[2026-01-23 11:47:25,968] - [root] - [INFO] - Finished loading mask: 0m 19s
[2026-01-23 11:47:34,875] - [root] - [INFO] - Finished crop and inference: 0m 28s
[2026-01-23 11:47:36,528] - [root] - [INFO] - Analysis finished: 0m 30s
[2026-01-23 11:47:36,528] - [root] - [INFO] - -------------------------------------------
[2026-01-23 11:47:36,528] - [root] - [INFO] - -------------------------------------------
[2026-01-23 11:47:36,528] - [root] - [INFO] - Processing 1-22-2026 5dpi 336-W2021011-506_R2.png
[2026-01-23 11:47:56,600] - [root] - [INFO] - Finished loading mask: 0m 20s
[2026-01-23 11:48:12,051] - [root] - [INFO] - Finished crop and inference: 0m 35s
[2026-01-23 11:48:13,592] - [root] - [INFO] - Analysis finished: 0m 37s
[2026-01-23 11:48:13,592] - [root] - [INFO] - -------------------------------------------
[2026-01-23 11:48:13,609] - [root] - [INFO] - Saved C:\Users\Intel User\Desktop\blackbird_scripts\data\Results\ResNet_upth0.6_downth0.1_Jan22_10-21-00_2026\1-22-2026\th_0.7\severity_rate_tray_5dpi.csv
              timestamp time_elapsed  ... severity_rate_patch Gradient_sr2
0   2026-01-23 10:50:57       0m 33s  ...                1.74         0.04
1   2026-01-23 10:51:31       0m 33s  ...                4.36         0.11
2   2026-01-23 10:52:05       0m 33s  ...                0.85         0.02
3   2026-01-23 10:52:38       0m 38s  ...               25.47         0.67
4   2026-01-23 10:53:17       0m 40s  ...               37.39         0.99
..                  ...          ...  ...                 ...          ...
83  2026-01-23 11:38:24       0m 34s  ...               23.32         0.63
84  2026-01-23 11:38:58       0m 31s  ...                7.13         0.17
85  2026-01-23 11:39:30       0m 31s  ...                6.06         0.16
86  2026-01-23 11:40:01       0m 30s  ...                1.20         0.03
87  2026-01-23 11:40:32       0m 35s  ...               31.65         0.76

[88 rows x 24 columns]
              timestamp time_elapsed  ... severity_rate_patch Gradient_sr2
0   2026-01-23 10:50:57       0m 33s  ...                1.74         0.04
1   2026-01-23 10:51:31       0m 33s  ...                4.36         0.11
2   2026-01-23 10:52:05       0m 33s  ...                0.85         0.02
3   2026-01-23 10:52:38       0m 38s  ...               25.47         0.67
4   2026-01-23 10:53:17       0m 40s  ...               37.39         0.99
..                  ...          ...  ...                 ...          ...
84  2026-01-23 11:38:58       0m 31s  ...                7.13         0.17
85  2026-01-23 11:39:30       0m 31s  ...                6.06         0.16
86  2026-01-23 11:40:01       0m 30s  ...                1.20         0.03
87  2026-01-23 11:40:32       0m 35s  ...               31.65         0.76
88  2026-01-23 11:41:07       0m 37s  ...               42.68         1.19

[89 rows x 24 columns]
              timestamp time_elapsed  ... severity_rate_patch Gradient_sr2
0   2026-01-23 10:50:57       0m 33s  ...                1.74         0.04
1   2026-01-23 10:51:31       0m 33s  ...                4.36         0.11
2   2026-01-23 10:52:05       0m 33s  ...                0.85         0.02
3   2026-01-23 10:52:38       0m 38s  ...               25.47         0.67
4   2026-01-23 10:53:17       0m 40s  ...               37.39         0.99
..                  ...          ...  ...                 ...          ...
85  2026-01-23 11:39:30       0m 31s  ...                6.06         0.16
86  2026-01-23 11:40:01       0m 30s  ...                1.20         0.03
87  2026-01-23 11:40:32       0m 35s  ...               31.65         0.76
88  2026-01-23 11:41:07       0m 37s  ...               42.68         1.19
89  2026-01-23 11:41:45       0m 34s  ...               14.13         0.40

[90 rows x 24 columns]
              timestamp time_elapsed  ... severity_rate_patch Gradient_sr2
0   2026-01-23 10:50:57       0m 33s  ...                1.74         0.04
1   2026-01-23 10:51:31       0m 33s  ...                4.36         0.11
2   2026-01-23 10:52:05       0m 33s  ...                0.85         0.02
3   2026-01-23 10:52:38       0m 38s  ...               25.47         0.67
4   2026-01-23 10:53:17       0m 40s  ...               37.39         0.99
..                  ...          ...  ...                 ...          ...
86  2026-01-23 11:40:01       0m 30s  ...                1.20         0.03
87  2026-01-23 11:40:32       0m 35s  ...               31.65         0.76
88  2026-01-23 11:41:07       0m 37s  ...               42.68         1.19
89  2026-01-23 11:41:45       0m 34s  ...               14.13         0.40
90  2026-01-23 11:42:19       0m 32s  ...               11.52         0.30

[91 rows x 24 columns]
              timestamp time_elapsed  ... severity_rate_patch Gradient_sr2
0   2026-01-23 10:50:57       0m 33s  ...                1.74         0.04
1   2026-01-23 10:51:31       0m 33s  ...                4.36         0.11
2   2026-01-23 10:52:05       0m 33s  ...                0.85         0.02
3   2026-01-23 10:52:38       0m 38s  ...               25.47         0.67
4   2026-01-23 10:53:17       0m 40s  ...               37.39         0.99
..                  ...          ...  ...                 ...          ...
87  2026-01-23 11:40:32       0m 35s  ...               31.65         0.76
88  2026-01-23 11:41:07       0m 37s  ...               42.68         1.19
89  2026-01-23 11:41:45       0m 34s  ...               14.13         0.40
90  2026-01-23 11:42:19       0m 32s  ...               11.52         0.30
91  2026-01-23 11:42:52       0m 36s  ...               45.04         1.15

[92 rows x 24 columns]
              timestamp time_elapsed  ... severity_rate_patch Gradient_sr2
0   2026-01-23 10:50:57       0m 33s  ...                1.74         0.04
1   2026-01-23 10:51:31       0m 33s  ...                4.36         0.11
2   2026-01-23 10:52:05       0m 33s  ...                0.85         0.02
3   2026-01-23 10:52:38       0m 38s  ...               25.47         0.67
4   2026-01-23 10:53:17       0m 40s  ...               37.39         0.99
..                  ...          ...  ...                 ...          ...
88  2026-01-23 11:41:07       0m 37s  ...               42.68         1.19
89  2026-01-23 11:41:45       0m 34s  ...               14.13         0.40
90  2026-01-23 11:42:19       0m 32s  ...               11.52         0.30
91  2026-01-23 11:42:52       0m 36s  ...               45.04         1.15
92  2026-01-23 11:43:28       0m 32s  ...               13.53         0.35

[93 rows x 24 columns]
              timestamp time_elapsed  ... severity_rate_patch Gradient_sr2
0   2026-01-23 10:50:57       0m 33s  ...                1.74         0.04
1   2026-01-23 10:51:31       0m 33s  ...                4.36         0.11
2   2026-01-23 10:52:05       0m 33s  ...                0.85         0.02
3   2026-01-23 10:52:38       0m 38s  ...               25.47         0.67
4   2026-01-23 10:53:17       0m 40s  ...               37.39         0.99
..                  ...          ...  ...                 ...          ...
89  2026-01-23 11:41:45       0m 34s  ...               14.13         0.40
90  2026-01-23 11:42:19       0m 32s  ...               11.52         0.30
91  2026-01-23 11:42:52       0m 36s  ...               45.04         1.15
92  2026-01-23 11:43:28       0m 32s  ...               13.53         0.35
93  2026-01-23 11:44:00       0m 46s  ...               98.85         3.19

[94 rows x 24 columns]
              timestamp time_elapsed  ... severity_rate_patch Gradient_sr2
0   2026-01-23 10:50:57       0m 33s  ...                1.74         0.04
1   2026-01-23 10:51:31       0m 33s  ...                4.36         0.11
2   2026-01-23 10:52:05       0m 33s  ...                0.85         0.02
3   2026-01-23 10:52:38       0m 38s  ...               25.47         0.67
4   2026-01-23 10:53:17       0m 40s  ...               37.39         0.99
..                  ...          ...  ...                 ...          ...
90  2026-01-23 11:42:19       0m 32s  ...               11.52         0.30
91  2026-01-23 11:42:52       0m 36s  ...               45.04         1.15
92  2026-01-23 11:43:28       0m 32s  ...               13.53         0.35
93  2026-01-23 11:44:00       0m 46s  ...               98.85         3.19
94  2026-01-23 11:44:47       0m 33s  ...               17.16         0.48

[95 rows x 24 columns]
              timestamp time_elapsed  ... severity_rate_patch Gradient_sr2
0   2026-01-23 10:50:57       0m 33s  ...                1.74         0.04
1   2026-01-23 10:51:31       0m 33s  ...                4.36         0.11
2   2026-01-23 10:52:05       0m 33s  ...                0.85         0.02
3   2026-01-23 10:52:38       0m 38s  ...               25.47         0.67
4   2026-01-23 10:53:17       0m 40s  ...               37.39         0.99
..                  ...          ...  ...                 ...          ...
91  2026-01-23 11:42:52       0m 36s  ...               45.04         1.15
92  2026-01-23 11:43:28       0m 32s  ...               13.53         0.35
93  2026-01-23 11:44:00       0m 46s  ...               98.85         3.19
94  2026-01-23 11:44:47       0m 33s  ...               17.16         0.48
95  2026-01-23 11:45:20       0m 43s  ...               83.68         2.54

[96 rows x 24 columns]
              timestamp time_elapsed  ... severity_rate_patch Gradient_sr2
0   2026-01-23 10:50:57       0m 33s  ...                1.74         0.04
1   2026-01-23 10:51:31       0m 33s  ...                4.36         0.11
2   2026-01-23 10:52:05       0m 33s  ...                0.85         0.02
3   2026-01-23 10:52:38       0m 38s  ...               25.47         0.67
4   2026-01-23 10:53:17       0m 40s  ...               37.39         0.99
..                  ...          ...  ...                 ...          ...
92  2026-01-23 11:43:28       0m 32s  ...               13.53         0.35
93  2026-01-23 11:44:00       0m 46s  ...               98.85         3.19
94  2026-01-23 11:44:47       0m 33s  ...               17.16         0.48
95  2026-01-23 11:45:20       0m 43s  ...               83.68         2.54
96  2026-01-23 11:46:04       0m 29s  ...                2.20         0.06

[97 rows x 24 columns]
              timestamp time_elapsed  ... severity_rate_patch Gradient_sr2
0   2026-01-23 10:50:57       0m 33s  ...                1.74         0.04
1   2026-01-23 10:51:31       0m 33s  ...                4.36         0.11
2   2026-01-23 10:52:05       0m 33s  ...                0.85         0.02
3   2026-01-23 10:52:38       0m 38s  ...               25.47         0.67
4   2026-01-23 10:53:17       0m 40s  ...               37.39         0.99
..                  ...          ...  ...                 ...          ...
93  2026-01-23 11:44:00       0m 46s  ...               98.85         3.19
94  2026-01-23 11:44:47       0m 33s  ...               17.16         0.48
95  2026-01-23 11:45:20       0m 43s  ...               83.68         2.54
96  2026-01-23 11:46:04       0m 29s  ...                2.20         0.06
97  2026-01-23 11:46:34       0m 31s  ...               10.16         0.27

[98 rows x 24 columns]
              timestamp time_elapsed  ... severity_rate_patch Gradient_sr2
0   2026-01-23 10:50:57       0m 33s  ...                1.74         0.04
1   2026-01-23 10:51:31       0m 33s  ...                4.36         0.11
2   2026-01-23 10:52:05       0m 33s  ...                0.85         0.02
3   2026-01-23 10:52:38       0m 38s  ...               25.47         0.67
4   2026-01-23 10:53:17       0m 40s  ...               37.39         0.99
..                  ...          ...  ...                 ...          ...
94  2026-01-23 11:44:47       0m 33s  ...               17.16         0.48
95  2026-01-23 11:45:20       0m 43s  ...               83.68         2.54
96  2026-01-23 11:46:04       0m 29s  ...                2.20         0.06
97  2026-01-23 11:46:34       0m 31s  ...               10.16         0.27
98  2026-01-23 11:47:06       0m 30s  ...                4.23         0.11

[99 rows x 24 columns]
              timestamp time_elapsed  ... severity_rate_patch Gradient_sr2
0   2026-01-23 10:50:57       0m 33s  ...                1.74         0.04
1   2026-01-23 10:51:31       0m 33s  ...                4.36         0.11
2   2026-01-23 10:52:05       0m 33s  ...                0.85         0.02
3   2026-01-23 10:52:38       0m 38s  ...               25.47         0.67
4   2026-01-23 10:53:17       0m 40s  ...               37.39         0.99
..                  ...          ...  ...                 ...          ...
95  2026-01-23 11:45:20       0m 43s  ...               83.68         2.54
96  2026-01-23 11:46:04       0m 29s  ...                2.20         0.06
97  2026-01-23 11:46:34       0m 31s  ...               10.16         0.27
98  2026-01-23 11:47:06       0m 30s  ...                4.23         0.11
99  2026-01-23 11:47:36       0m 37s  ...               47.28         1.25

[100 rows x 24 columns]

real	57m23.674s
user	0m0.015s
sys	0m0.000s
