[2026-01-23 15:19:10,665] - [root] - [INFO] - leaf_correlation_mw.py
[2026-01-23 15:19:10,665] - [root] - [INFO] - model_type       : ResNet
[2026-01-23 15:19:10,665] - [root] - [INFO] - pretrained       : True
[2026-01-23 15:19:10,665] - [root] - [INFO] - loading_epoch    : 65
[2026-01-23 15:19:10,665] - [root] - [INFO] - timestamp        : Jan22_10-21-00_2026
[2026-01-23 15:19:10,665] - [root] - [INFO] - outdim           : 2
[2026-01-23 15:19:10,666] - [root] - [INFO] - dual_head        : True
[2026-01-23 15:19:10,666] - [root] - [INFO] - model_path       : ../..
[2026-01-23 15:19:10,666] - [root] - [INFO] - step_size        : 224
[2026-01-23 15:19:10,666] - [root] - [INFO] - means            : [0.541, 0.6371, 0.4188]
[2026-01-23 15:19:10,666] - [root] - [INFO] - stds             : [0.1764, 0.165, 0.2326]
[2026-01-23 15:19:10,666] - [root] - [INFO] - target_class     : 1
[2026-01-23 15:19:10,666] - [root] - [INFO] - contam_control   : False
[2026-01-23 15:19:10,666] - [root] - [INFO] - spor_th          : 0.8
[2026-01-23 15:19:10,666] - [root] - [INFO] - inf_gate         : 0.5
[2026-01-23 15:19:10,666] - [root] - [INFO] - pm               : HPM-1269
[2026-01-23 15:19:10,666] - [root] - [INFO] - mps              : False
[2026-01-23 15:19:10,666] - [root] - [INFO] - cuda             : True
[2026-01-23 15:19:10,667] - [root] - [INFO] - cuda_id          : 0
[2026-01-23 15:19:10,667] - [root] - [INFO] - sal_threshold    : 0.5
[2026-01-23 15:19:10,667] - [root] - [INFO] - up_threshold     : 0.6
[2026-01-23 15:19:10,667] - [root] - [INFO] - down_threshold   : 0.1
[2026-01-23 15:19:10,667] - [root] - [INFO] - dataset_path     : C:/Users/Intel User/Desktop/blackbird_scripts/data/human_disk_assessments
[2026-01-23 15:19:10,667] - [root] - [INFO] - img_folder       : 1-22-2026
[2026-01-23 15:19:10,667] - [root] - [INFO] - platform         : BlackBird
[2026-01-23 15:19:10,667] - [root] - [INFO] - threshold        : ['0.7']
[2026-01-23 15:19:10,667] - [root] - [INFO] - log              : ../../results/logs/random.log
[2026-01-23 15:19:10,667] - [root] - [INFO] - dpi              : 5
[2026-01-23 15:19:10,667] - [root] - [INFO] - group            : baseline
[2026-01-23 15:19:10,667] - [root] - [INFO] - trays            : ['5dpi']
[2026-01-23 15:19:10,667] - [root] - [INFO] - sal_gradcam      : False
[2026-01-23 15:19:10,667] - [root] - [INFO] - sal_gradient     : True
[2026-01-23 15:19:10,667] - [root] - [INFO] - sal_smoothgrad   : False
[2026-01-23 15:19:10,667] - [root] - [INFO] - sal_deeplift     : False
[2026-01-23 15:19:10,667] - [root] - [INFO] - sal_thresh_method : fixed
[2026-01-23 15:19:10,667] - [root] - [INFO] - sal_thresh_p     : 95.0
[2026-01-23 15:19:11,664] - [root] - [INFO] - -------------------------------------------
[2026-01-23 15:19:11,665] - [root] - [INFO] - Processing 1-22-2026 5dpi 002-W2021006-081_R1.png
[2026-01-23 15:19:27,965] - [root] - [INFO] - Finished loading mask: 0m 16s
[2026-01-23 15:19:36,244] - [root] - [INFO] - Finished crop and inference: 0m 24s
[2026-01-23 15:19:37,554] - [root] - [INFO] - Analysis finished: 0m 25s
[2026-01-23 15:19:37,554] - [root] - [INFO] - -------------------------------------------
[2026-01-23 15:19:37,554] - [root] - [INFO] - -------------------------------------------
[2026-01-23 15:19:37,554] - [root] - [INFO] - Processing 1-22-2026 5dpi 002-W2021010-336_R2.png
[2026-01-23 15:19:54,020] - [root] - [INFO] - Finished loading mask: 0m 16s
[2026-01-23 15:20:01,815] - [root] - [INFO] - Finished crop and inference: 0m 24s
[2026-01-23 15:20:03,401] - [root] - [INFO] - Analysis finished: 0m 25s
[2026-01-23 15:20:03,402] - [root] - [INFO] - -------------------------------------------
[2026-01-23 15:20:03,402] - [root] - [INFO] - -------------------------------------------
[2026-01-23 15:20:03,402] - [root] - [INFO] - Processing 1-22-2026 5dpi 005-W2021011-592_R2.png
[2026-01-23 15:20:20,143] - [root] - [INFO] - Finished loading mask: 0m 16s
[2026-01-23 15:20:28,476] - [root] - [INFO] - Finished crop and inference: 0m 25s
[2026-01-23 15:20:29,979] - [root] - [INFO] - Analysis finished: 0m 26s
[2026-01-23 15:20:29,979] - [root] - [INFO] - -------------------------------------------
[2026-01-23 15:20:29,979] - [root] - [INFO] - -------------------------------------------
[2026-01-23 15:20:29,979] - [root] - [INFO] - Processing 1-22-2026 5dpi 009-W2021010-311_R2.png
[2026-01-23 15:20:47,025] - [root] - [INFO] - Finished loading mask: 0m 17s
[2026-01-23 15:20:58,198] - [root] - [INFO] - Finished crop and inference: 0m 28s
[2026-01-23 15:20:59,680] - [root] - [INFO] - Analysis finished: 0m 29s
[2026-01-23 15:20:59,680] - [root] - [INFO] - -------------------------------------------
[2026-01-23 15:20:59,681] - [root] - [INFO] - -------------------------------------------
[2026-01-23 15:20:59,681] - [root] - [INFO] - Processing 1-22-2026 5dpi 010-W2021010-347_R2.png
[2026-01-23 15:21:16,871] - [root] - [INFO] - Finished loading mask: 0m 17s
[2026-01-23 15:21:28,700] - [root] - [INFO] - Finished crop and inference: 0m 29s
[2026-01-23 15:21:30,162] - [root] - [INFO] - Analysis finished: 0m 30s
[2026-01-23 15:21:30,162] - [root] - [INFO] - -------------------------------------------
[2026-01-23 15:21:30,162] - [root] - [INFO] - -------------------------------------------
[2026-01-23 15:21:30,162] - [root] - [INFO] - Processing 1-22-2026 5dpi 013-W2021009-172_R2.png
[2026-01-23 15:21:47,864] - [root] - [INFO] - Finished loading mask: 0m 17s
[2026-01-23 15:21:55,759] - [root] - [INFO] - Finished crop and inference: 0m 25s
[2026-01-23 15:21:57,219] - [root] - [INFO] - Analysis finished: 0m 27s
[2026-01-23 15:21:57,219] - [root] - [INFO] - -------------------------------------------
[2026-01-23 15:21:57,219] - [root] - [INFO] - -------------------------------------------
[2026-01-23 15:21:57,219] - [root] - [INFO] - Processing 1-22-2026 5dpi 015-W2021009-160_R1.png
[2026-01-23 15:22:13,808] - [root] - [INFO] - Finished loading mask: 0m 16s
[2026-01-23 15:22:25,824] - [root] - [INFO] - Finished crop and inference: 0m 28s
[2026-01-23 15:22:27,294] - [root] - [INFO] - Analysis finished: 0m 30s
[2026-01-23 15:22:27,294] - [root] - [INFO] - -------------------------------------------
[2026-01-23 15:22:27,295] - [root] - [INFO] - -------------------------------------------
[2026-01-23 15:22:27,295] - [root] - [INFO] - Processing 1-22-2026 5dpi 015-W2021011-633_R1.png
[2026-01-23 15:22:44,823] - [root] - [INFO] - Finished loading mask: 0m 17s
[2026-01-23 15:22:55,913] - [root] - [INFO] - Finished crop and inference: 0m 28s
[2026-01-23 15:22:57,406] - [root] - [INFO] - Analysis finished: 0m 30s
[2026-01-23 15:22:57,406] - [root] - [INFO] - -------------------------------------------
[2026-01-23 15:22:57,406] - [root] - [INFO] - -------------------------------------------
[2026-01-23 15:22:57,406] - [root] - [INFO] - Processing 1-22-2026 5dpi 017-W2021006-612_R2.png
[2026-01-23 15:23:14,627] - [root] - [INFO] - Finished loading mask: 0m 17s
[2026-01-23 15:23:25,233] - [root] - [INFO] - Finished crop and inference: 0m 27s
[2026-01-23 15:23:26,740] - [root] - [INFO] - Analysis finished: 0m 29s
[2026-01-23 15:23:26,740] - [root] - [INFO] - -------------------------------------------
[2026-01-23 15:23:26,740] - [root] - [INFO] - -------------------------------------------
[2026-01-23 15:23:26,740] - [root] - [INFO] - Processing 1-22-2026 5dpi 019-W2021010-428_R2.png
[2026-01-23 15:23:43,968] - [root] - [INFO] - Finished loading mask: 0m 17s
[2026-01-23 15:23:51,489] - [root] - [INFO] - Finished crop and inference: 0m 24s
[2026-01-23 15:23:52,969] - [root] - [INFO] - Analysis finished: 0m 26s
[2026-01-23 15:23:52,969] - [root] - [INFO] - -------------------------------------------
[2026-01-23 15:23:52,969] - [root] - [INFO] - -------------------------------------------
[2026-01-23 15:23:52,969] - [root] - [INFO] - Processing 1-22-2026 5dpi 021-W2021009-175_R1.png
[2026-01-23 15:24:09,389] - [root] - [INFO] - Finished loading mask: 0m 16s
[2026-01-23 15:24:17,908] - [root] - [INFO] - Finished crop and inference: 0m 24s
[2026-01-23 15:24:19,432] - [root] - [INFO] - Analysis finished: 0m 26s
[2026-01-23 15:24:19,432] - [root] - [INFO] - -------------------------------------------
[2026-01-23 15:24:19,432] - [root] - [INFO] - -------------------------------------------
[2026-01-23 15:24:19,432] - [root] - [INFO] - Processing 1-22-2026 5dpi 022-W2021009-198_R2.png
[2026-01-23 15:24:36,416] - [root] - [INFO] - Finished loading mask: 0m 16s
[2026-01-23 15:24:46,916] - [root] - [INFO] - Finished crop and inference: 0m 27s
[2026-01-23 15:24:48,380] - [root] - [INFO] - Analysis finished: 0m 28s
[2026-01-23 15:24:48,380] - [root] - [INFO] - -------------------------------------------
[2026-01-23 15:24:48,380] - [root] - [INFO] - -------------------------------------------
[2026-01-23 15:24:48,380] - [root] - [INFO] - Processing 1-22-2026 5dpi 023-W2021006-049_R1.png
[2026-01-23 15:25:04,991] - [root] - [INFO] - Finished loading mask: 0m 16s
[2026-01-23 15:25:14,603] - [root] - [INFO] - Finished crop and inference: 0m 26s
[2026-01-23 15:25:16,085] - [root] - [INFO] - Analysis finished: 0m 27s
[2026-01-23 15:25:16,085] - [root] - [INFO] - -------------------------------------------
[2026-01-23 15:25:16,085] - [root] - [INFO] - -------------------------------------------
[2026-01-23 15:25:16,085] - [root] - [INFO] - Processing 1-22-2026 5dpi 023-W2021010-305_R2.png
[2026-01-23 15:25:32,900] - [root] - [INFO] - Finished loading mask: 0m 16s
[2026-01-23 15:25:41,998] - [root] - [INFO] - Finished crop and inference: 0m 25s
[2026-01-23 15:25:43,479] - [root] - [INFO] - Analysis finished: 0m 27s
[2026-01-23 15:25:43,479] - [root] - [INFO] - -------------------------------------------
[2026-01-23 15:25:43,479] - [root] - [INFO] - -------------------------------------------
[2026-01-23 15:25:43,479] - [root] - [INFO] - Processing 1-22-2026 5dpi 026-W2021009-622_R2.png
[2026-01-23 15:26:00,415] - [root] - [INFO] - Finished loading mask: 0m 16s
[2026-01-23 15:26:12,079] - [root] - [INFO] - Finished crop and inference: 0m 28s
[2026-01-23 15:26:13,555] - [root] - [INFO] - Analysis finished: 0m 30s
[2026-01-23 15:26:13,556] - [root] - [INFO] - -------------------------------------------
[2026-01-23 15:26:13,556] - [root] - [INFO] - -------------------------------------------
[2026-01-23 15:26:13,556] - [root] - [INFO] - Processing 1-22-2026 5dpi 032-W2021006-041_R2.png
[2026-01-23 15:26:31,027] - [root] - [INFO] - Finished loading mask: 0m 17s
[2026-01-23 15:26:41,825] - [root] - [INFO] - Finished crop and inference: 0m 28s
[2026-01-23 15:26:43,301] - [root] - [INFO] - Analysis finished: 0m 29s
[2026-01-23 15:26:43,301] - [root] - [INFO] - -------------------------------------------
[2026-01-23 15:26:43,301] - [root] - [INFO] - -------------------------------------------
[2026-01-23 15:26:43,301] - [root] - [INFO] - Processing 1-22-2026 5dpi 032-W2021009-155_R1.png
[2026-01-23 15:27:00,579] - [root] - [INFO] - Finished loading mask: 0m 17s
[2026-01-23 15:27:20,266] - [root] - [INFO] - Finished crop and inference: 0m 36s
[2026-01-23 15:27:21,798] - [root] - [INFO] - Analysis finished: 0m 38s
[2026-01-23 15:27:21,798] - [root] - [INFO] - -------------------------------------------
[2026-01-23 15:27:21,798] - [root] - [INFO] - -------------------------------------------
[2026-01-23 15:27:21,798] - [root] - [INFO] - Processing 1-22-2026 5dpi 036-W2021006-047_R2.png
[2026-01-23 15:27:39,684] - [root] - [INFO] - Finished loading mask: 0m 17s
[2026-01-23 15:27:47,566] - [root] - [INFO] - Finished crop and inference: 0m 25s
[2026-01-23 15:27:49,051] - [root] - [INFO] - Analysis finished: 0m 27s
[2026-01-23 15:27:49,051] - [root] - [INFO] - -------------------------------------------
[2026-01-23 15:27:49,051] - [root] - [INFO] - -------------------------------------------
[2026-01-23 15:27:49,051] - [root] - [INFO] - Processing 1-22-2026 5dpi 040-W2021009-207_R1.png
[2026-01-23 15:28:05,367] - [root] - [INFO] - Finished loading mask: 0m 16s
[2026-01-23 15:28:15,889] - [root] - [INFO] - Finished crop and inference: 0m 26s
[2026-01-23 15:28:17,391] - [root] - [INFO] - Analysis finished: 0m 28s
[2026-01-23 15:28:17,391] - [root] - [INFO] - -------------------------------------------
[2026-01-23 15:28:17,391] - [root] - [INFO] - -------------------------------------------
[2026-01-23 15:28:17,391] - [root] - [INFO] - Processing 1-22-2026 5dpi 042-W2021010-429_R1.png
[2026-01-23 15:28:34,483] - [root] - [INFO] - Finished loading mask: 0m 17s
[2026-01-23 15:28:50,181] - [root] - [INFO] - Finished crop and inference: 0m 32s
             timestamp time_elapsed  ... severity_rate_patch Gradient_sr2
0  2026-01-23 15:19:11       0m 25s  ...                1.74         0.04

[1 rows x 24 columns]
             timestamp time_elapsed  ... severity_rate_patch Gradient_sr2
0  2026-01-23 15:19:11       0m 25s  ...                1.74         0.04
1  2026-01-23 15:19:37       0m 25s  ...                4.36         0.11

[2 rows x 24 columns]
             timestamp time_elapsed  ... severity_rate_patch Gradient_sr2
0  2026-01-23 15:19:11       0m 25s  ...                1.74         0.04
1  2026-01-23 15:19:37       0m 25s  ...                4.36         0.11
2  2026-01-23 15:20:03       0m 26s  ...                0.85         0.02

[3 rows x 24 columns]
             timestamp time_elapsed  ... severity_rate_patch Gradient_sr2
0  2026-01-23 15:19:11       0m 25s  ...                1.74         0.04
1  2026-01-23 15:19:37       0m 25s  ...                4.36         0.11
2  2026-01-23 15:20:03       0m 26s  ...                0.85         0.02
3  2026-01-23 15:20:29       0m 29s  ...               25.47         0.67

[4 rows x 24 columns]
             timestamp time_elapsed  ... severity_rate_patch Gradient_sr2
0  2026-01-23 15:19:11       0m 25s  ...                1.74         0.04
1  2026-01-23 15:19:37       0m 25s  ...                4.36         0.11
2  2026-01-23 15:20:03       0m 26s  ...                0.85         0.02
3  2026-01-23 15:20:29       0m 29s  ...               25.47         0.67
4  2026-01-23 15:20:59       0m 30s  ...               37.39         0.99

[5 rows x 24 columns]
             timestamp time_elapsed  ... severity_rate_patch Gradient_sr2
0  2026-01-23 15:19:11       0m 25s  ...                1.74         0.04
1  2026-01-23 15:19:37       0m 25s  ...                4.36         0.11
2  2026-01-23 15:20:03       0m 26s  ...                0.85         0.02
3  2026-01-23 15:20:29       0m 29s  ...               25.47         0.67
4  2026-01-23 15:20:59       0m 30s  ...               37.39         0.99
5  2026-01-23 15:21:30       0m 27s  ...                0.45         0.01

[6 rows x 24 columns]
             timestamp time_elapsed  ... severity_rate_patch Gradient_sr2
0  2026-01-23 15:19:11       0m 25s  ...                1.74         0.04
1  2026-01-23 15:19:37       0m 25s  ...                4.36         0.11
2  2026-01-23 15:20:03       0m 26s  ...                0.85         0.02
3  2026-01-23 15:20:29       0m 29s  ...               25.47         0.67
4  2026-01-23 15:20:59       0m 30s  ...               37.39         0.99
5  2026-01-23 15:21:30       0m 27s  ...                0.45         0.01
6  2026-01-23 15:21:57       0m 30s  ...               38.62         0.91

[7 rows x 24 columns]
             timestamp time_elapsed  ... severity_rate_patch Gradient_sr2
0  2026-01-23 15:19:11       0m 25s  ...                1.74         0.04
1  2026-01-23 15:19:37       0m 25s  ...                4.36         0.11
2  2026-01-23 15:20:03       0m 26s  ...                0.85         0.02
3  2026-01-23 15:20:29       0m 29s  ...               25.47         0.67
4  2026-01-23 15:20:59       0m 30s  ...               37.39         0.99
5  2026-01-23 15:21:30       0m 27s  ...                0.45         0.01
6  2026-01-23 15:21:57       0m 30s  ...               38.62         0.91
7  2026-01-23 15:22:27       0m 30s  ...               19.86         0.56

[8 rows x 24 columns]
             timestamp time_elapsed  ... severity_rate_patch Gradient_sr2
0  2026-01-23 15:19:11       0m 25s  ...                1.74         0.04
1  2026-01-23 15:19:37       0m 25s  ...                4.36         0.11
2  2026-01-23 15:20:03       0m 26s  ...                0.85         0.02
3  2026-01-23 15:20:29       0m 29s  ...               25.47         0.67
4  2026-01-23 15:20:59       0m 30s  ...               37.39         0.99
5  2026-01-23 15:21:30       0m 27s  ...                0.45         0.01
6  2026-01-23 15:21:57       0m 30s  ...               38.62         0.91
7  2026-01-23 15:22:27       0m 30s  ...               19.86         0.56
8  2026-01-23 15:22:57       0m 29s  ...               39.61         1.05

[9 rows x 24 columns]
             timestamp time_elapsed  ... severity_rate_patch Gradient_sr2
0  2026-01-23 15:19:11       0m 25s  ...                1.74         0.04
1  2026-01-23 15:19:37       0m 25s  ...                4.36         0.11
2  2026-01-23 15:20:03       0m 26s  ...                0.85         0.02
3  2026-01-23 15:20:29       0m 29s  ...               25.47         0.67
4  2026-01-23 15:20:59       0m 30s  ...               37.39         0.99
5  2026-01-23 15:21:30       0m 27s  ...                0.45         0.01
6  2026-01-23 15:21:57       0m 30s  ...               38.62         0.91
7  2026-01-23 15:22:27       0m 30s  ...               19.86         0.56
8  2026-01-23 15:22:57       0m 29s  ...               39.61         1.05
9  2026-01-23 15:23:26       0m 26s  ...                1.79         0.05

[10 rows x 24 columns]
              timestamp time_elapsed  ... severity_rate_patch Gradient_sr2
0   2026-01-23 15:19:11       0m 25s  ...                1.74         0.04
1   2026-01-23 15:19:37       0m 25s  ...                4.36         0.11
2   2026-01-23 15:20:03       0m 26s  ...                0.85         0.02
3   2026-01-23 15:20:29       0m 29s  ...               25.47         0.67
4   2026-01-23 15:20:59       0m 30s  ...               37.39         0.99
5   2026-01-23 15:21:30       0m 27s  ...                0.45         0.01
6   2026-01-23 15:21:57       0m 30s  ...               38.62         0.91
7   2026-01-23 15:22:27       0m 30s  ...               19.86         0.56
8   2026-01-23 15:22:57       0m 29s  ...               39.61         1.05
9   2026-01-23 15:23:26       0m 26s  ...                1.79         0.05
10  2026-01-23 15:23:52       0m 26s  ...                2.79         0.07

[11 rows x 24 columns]
              timestamp time_elapsed  ... severity_rate_patch Gradient_sr2
0   2026-01-23 15:19:11       0m 25s  ...                1.74         0.04
1   2026-01-23 15:19:37       0m 25s  ...                4.36         0.11
2   2026-01-23 15:20:03       0m 26s  ...                0.85         0.02
3   2026-01-23 15:20:29       0m 29s  ...               25.47         0.67
4   2026-01-23 15:20:59       0m 30s  ...               37.39         0.99
5   2026-01-23 15:21:30       0m 27s  ...                0.45         0.01
6   2026-01-23 15:21:57       0m 30s  ...               38.62         0.91
7   2026-01-23 15:22:27       0m 30s  ...               19.86         0.56
8   2026-01-23 15:22:57       0m 29s  ...               39.61         1.05
9   2026-01-23 15:23:26       0m 26s  ...                1.79         0.05
10  2026-01-23 15:23:52       0m 26s  ...                2.79         0.07
11  2026-01-23 15:24:19       0m 28s  ...               20.77         0.49

[12 rows x 24 columns]
              timestamp time_elapsed  ... severity_rate_patch Gradient_sr2
0   2026-01-23 15:19:11       0m 25s  ...                1.74         0.04
1   2026-01-23 15:19:37       0m 25s  ...                4.36         0.11
2   2026-01-23 15:20:03       0m 26s  ...                0.85         0.02
3   2026-01-23 15:20:29       0m 29s  ...               25.47         0.67
4   2026-01-23 15:20:59       0m 30s  ...               37.39         0.99
5   2026-01-23 15:21:30       0m 27s  ...                0.45         0.01
6   2026-01-23 15:21:57       0m 30s  ...               38.62         0.91
7   2026-01-23 15:22:27       0m 30s  ...               19.86         0.56
8   2026-01-23 15:22:57       0m 29s  ...               39.61         1.05
9   2026-01-23 15:23:26       0m 26s  ...                1.79         0.05
10  2026-01-23 15:23:52       0m 26s  ...                2.79         0.07
11  2026-01-23 15:24:19       0m 28s  ...               20.77         0.49
12  2026-01-23 15:24:48       0m 27s  ...               20.60         0.51

[13 rows x 24 columns]
[2026-01-23 15:28:51,675] - [root] - [INFO] - Analysis finished: 0m 34s
[2026-01-23 15:28:51,675] - [root] - [INFO] - -------------------------------------------
[2026-01-23 15:28:51,675] - [root] - [INFO] - -------------------------------------------
[2026-01-23 15:28:51,675] - [root] - [INFO] - Processing 1-22-2026 5dpi 044-W2021009-169_R2.png
[2026-01-23 15:29:09,226] - [root] - [INFO] - Finished loading mask: 0m 17s
[2026-01-23 15:29:17,052] - [root] - [INFO] - Finished crop and inference: 0m 25s
[2026-01-23 15:29:18,540] - [root] - [INFO] - Analysis finished: 0m 26s
[2026-01-23 15:29:18,540] - [root] - [INFO] - -------------------------------------------
[2026-01-23 15:29:18,540] - [root] - [INFO] - -------------------------------------------
[2026-01-23 15:29:18,540] - [root] - [INFO] - Processing 1-22-2026 5dpi 044-W2021009-618_R1.png
[2026-01-23 15:29:35,026] - [root] - [INFO] - Finished loading mask: 0m 16s
[2026-01-23 15:29:45,273] - [root] - [INFO] - Finished crop and inference: 0m 26s
[2026-01-23 15:29:46,776] - [root] - [INFO] - Analysis finished: 0m 28s
[2026-01-23 15:29:46,776] - [root] - [INFO] - -------------------------------------------
[2026-01-23 15:29:46,776] - [root] - [INFO] - -------------------------------------------
[2026-01-23 15:29:46,776] - [root] - [INFO] - Processing 1-22-2026 5dpi 047-W2021011-482_R1.png
[2026-01-23 15:30:03,829] - [root] - [INFO] - Finished loading mask: 0m 17s
[2026-01-23 15:30:16,179] - [root] - [INFO] - Finished crop and inference: 0m 29s
[2026-01-23 15:30:17,664] - [root] - [INFO] - Analysis finished: 0m 30s
[2026-01-23 15:30:17,664] - [root] - [INFO] - -------------------------------------------
[2026-01-23 15:30:17,665] - [root] - [INFO] - -------------------------------------------
[2026-01-23 15:30:17,665] - [root] - [INFO] - Processing 1-22-2026 5dpi 048-W2021006-147_R1.png
[2026-01-23 15:30:34,491] - [root] - [INFO] - Finished loading mask: 0m 16s
[2026-01-23 15:30:40,565] - [root] - [INFO] - Finished crop and inference: 0m 22s
              timestamp time_elapsed  ... severity_rate_patch Gradient_sr2
0   2026-01-23 15:19:11       0m 25s  ...                1.74         0.04
1   2026-01-23 15:19:37       0m 25s  ...                4.36         0.11
2   2026-01-23 15:20:03       0m 26s  ...                0.85         0.02
3   2026-01-23 15:20:29       0m 29s  ...               25.47         0.67
4   2026-01-23 15:20:59       0m 30s  ...               37.39         0.99
5   2026-01-23 15:21:30       0m 27s  ...                0.45         0.01
6   2026-01-23 15:21:57       0m 30s  ...               38.62         0.91
7   2026-01-23 15:22:27       0m 30s  ...               19.86         0.56
8   2026-01-23 15:22:57       0m 29s  ...               39.61         1.05
9   2026-01-23 15:23:26       0m 26s  ...                1.79         0.05
10  2026-01-23 15:23:52       0m 26s  ...                2.79         0.07
11  2026-01-23 15:24:19       0m 28s  ...               20.77         0.49
12  2026-01-23 15:24:48       0m 27s  ...               20.60         0.51
13  2026-01-23 15:25:16       0m 27s  ...               15.28         0.35

[14 rows x 24 columns]
              timestamp time_elapsed  ... severity_rate_patch Gradient_sr2
0   2026-01-23 15:19:11       0m 25s  ...                1.74         0.04
1   2026-01-23 15:19:37       0m 25s  ...                4.36         0.11
2   2026-01-23 15:20:03       0m 26s  ...                0.85         0.02
3   2026-01-23 15:20:29       0m 29s  ...               25.47         0.67
4   2026-01-23 15:20:59       0m 30s  ...               37.39         0.99
5   2026-01-23 15:21:30       0m 27s  ...                0.45         0.01
6   2026-01-23 15:21:57       0m 30s  ...               38.62         0.91
7   2026-01-23 15:22:27       0m 30s  ...               19.86         0.56
8   2026-01-23 15:22:57       0m 29s  ...               39.61         1.05
9   2026-01-23 15:23:26       0m 26s  ...                1.79         0.05
10  2026-01-23 15:23:52       0m 26s  ...                2.79         0.07
11  2026-01-23 15:24:19       0m 28s  ...               20.77         0.49
12  2026-01-23 15:24:48       0m 27s  ...               20.60         0.51
13  2026-01-23 15:25:16       0m 27s  ...               15.28         0.35
14  2026-01-23 15:25:43       0m 30s  ...               30.18         0.79

[15 rows x 24 columns]
              timestamp time_elapsed  ... severity_rate_patch Gradient_sr2
0   2026-01-23 15:19:11       0m 25s  ...                1.74         0.04
1   2026-01-23 15:19:37       0m 25s  ...                4.36         0.11
2   2026-01-23 15:20:03       0m 26s  ...                0.85         0.02
3   2026-01-23 15:20:29       0m 29s  ...               25.47         0.67
4   2026-01-23 15:20:59       0m 30s  ...               37.39         0.99
5   2026-01-23 15:21:30       0m 27s  ...                0.45         0.01
6   2026-01-23 15:21:57       0m 30s  ...               38.62         0.91
7   2026-01-23 15:22:27       0m 30s  ...               19.86         0.56
8   2026-01-23 15:22:57       0m 29s  ...               39.61         1.05
9   2026-01-23 15:23:26       0m 26s  ...                1.79         0.05
10  2026-01-23 15:23:52       0m 26s  ...                2.79         0.07
11  2026-01-23 15:24:19       0m 28s  ...               20.77         0.49
12  2026-01-23 15:24:48       0m 27s  ...               20.60         0.51
13  2026-01-23 15:25:16       0m 27s  ...               15.28         0.35
14  2026-01-23 15:25:43       0m 30s  ...               30.18         0.79
15  2026-01-23 15:26:13       0m 29s  ...               19.25         0.48

[16 rows x 24 columns]
              timestamp time_elapsed  ... severity_rate_patch Gradient_sr2
0   2026-01-23 15:19:11       0m 25s  ...                1.74         0.04
1   2026-01-23 15:19:37       0m 25s  ...                4.36         0.11
2   2026-01-23 15:20:03       0m 26s  ...                0.85         0.02
3   2026-01-23 15:20:29       0m 29s  ...               25.47         0.67
4   2026-01-23 15:20:59       0m 30s  ...               37.39         0.99
5   2026-01-23 15:21:30       0m 27s  ...                0.45         0.01
6   2026-01-23 15:21:57       0m 30s  ...               38.62         0.91
7   2026-01-23 15:22:27       0m 30s  ...               19.86         0.56
8   2026-01-23 15:22:57       0m 29s  ...               39.61         1.05
9   2026-01-23 15:23:26       0m 26s  ...                1.79         0.05
10  2026-01-23 15:23:52       0m 26s  ...                2.79         0.07
11  2026-01-23 15:24:19       0m 28s  ...               20.77         0.49
12  2026-01-23 15:24:48       0m 27s  ...               20.60         0.51
13  2026-01-23 15:25:16       0m 27s  ...               15.28         0.35
14  2026-01-23 15:25:43       0m 30s  ...               30.18         0.79
15  2026-01-23 15:26:13       0m 29s  ...               19.25         0.48
16  2026-01-23 15:26:43       0m 38s  ...               85.84         2.58

[17 rows x 24 columns]
              timestamp time_elapsed  ... severity_rate_patch Gradient_sr2
0   2026-01-23 15:19:11       0m 25s  ...                1.74         0.04
1   2026-01-23 15:19:37       0m 25s  ...                4.36         0.11
2   2026-01-23 15:20:03       0m 26s  ...                0.85         0.02
3   2026-01-23 15:20:29       0m 29s  ...               25.47         0.67
4   2026-01-23 15:20:59       0m 30s  ...               37.39         0.99
5   2026-01-23 15:21:30       0m 27s  ...                0.45         0.01
6   2026-01-23 15:21:57       0m 30s  ...               38.62         0.91
7   2026-01-23 15:22:27       0m 30s  ...               19.86         0.56
8   2026-01-23 15:22:57       0m 29s  ...               39.61         1.05
9   2026-01-23 15:23:26       0m 26s  ...                1.79         0.05
10  2026-01-23 15:23:52       0m 26s  ...                2.79         0.07
11  2026-01-23 15:24:19       0m 28s  ...               20.77         0.49
12  2026-01-23 15:24:48       0m 27s  ...               20.60         0.51
13  2026-01-23 15:25:16       0m 27s  ...               15.28         0.35
14  2026-01-23 15:25:43       0m 30s  ...               30.18         0.79
15  2026-01-23 15:26:13       0m 29s  ...               19.25         0.48
16  2026-01-23 15:26:43       0m 38s  ...               85.84         2.58
17  2026-01-23 15:27:21       0m 27s  ...                0.76         0.02

[18 rows x 24 columns]
              timestamp time_elapsed  ... severity_rate_patch Gradient_sr2
0   2026-01-23 15:19:11       0m 25s  ...                1.74         0.04
1   2026-01-23 15:19:37       0m 25s  ...                4.36         0.11
2   2026-01-23 15:20:03       0m 26s  ...                0.85         0.02
3   2026-01-23 15:20:29       0m 29s  ...               25.47         0.67
4   2026-01-23 15:20:59       0m 30s  ...               37.39         0.99
5   2026-01-23 15:21:30       0m 27s  ...                0.45         0.01
6   2026-01-23 15:21:57       0m 30s  ...               38.62         0.91
7   2026-01-23 15:22:27       0m 30s  ...               19.86         0.56
8   2026-01-23 15:22:57       0m 29s  ...               39.61         1.05
9   2026-01-23 15:23:26       0m 26s  ...                1.79         0.05
10  2026-01-23 15:23:52       0m 26s  ...                2.79         0.07
11  2026-01-23 15:24:19       0m 28s  ...               20.77         0.49
12  2026-01-23 15:24:48       0m 27s  ...               20.60         0.51
13  2026-01-23 15:25:16       0m 27s  ...               15.28         0.35
14  2026-01-23 15:25:43       0m 30s  ...               30.18         0.79
15  2026-01-23 15:26:13       0m 29s  ...               19.25         0.48
16  2026-01-23 15:26:43       0m 38s  ...               85.84         2.58
17  2026-01-23 15:27:21       0m 27s  ...                0.76         0.02
18  2026-01-23 15:27:49       0m 28s  ...               23.22         0.57

[19 rows x 24 columns]
[2026-01-23 15:30:42,204] - [root] - [INFO] - Analysis finished: 0m 24s
[2026-01-23 15:30:42,204] - [root] - [INFO] - -------------------------------------------
[2026-01-23 15:30:42,204] - [root] - [INFO] - -------------------------------------------
[2026-01-23 15:30:42,204] - [root] - [INFO] - Processing 1-22-2026 5dpi 052-W2021006-004_R2.png
[2026-01-23 15:30:58,297] - [root] - [INFO] - Finished loading mask: 0m 16s
[2026-01-23 15:31:05,688] - [root] - [INFO] - Finished crop and inference: 0m 23s
[2026-01-23 15:31:07,243] - [root] - [INFO] - Analysis finished: 0m 25s
[2026-01-23 15:31:07,243] - [root] - [INFO] - -------------------------------------------
[2026-01-23 15:31:07,243] - [root] - [INFO] - -------------------------------------------
[2026-01-23 15:31:07,243] - [root] - [INFO] - Processing 1-22-2026 5dpi 055-W2021010-341_R2.png
[2026-01-23 15:31:23,997] - [root] - [INFO] - Finished loading mask: 0m 16s
[2026-01-23 15:31:32,608] - [root] - [INFO] - Finished crop and inference: 0m 25s
[2026-01-23 15:31:34,096] - [root] - [INFO] - Analysis finished: 0m 26s
[2026-01-23 15:31:34,096] - [root] - [INFO] - -------------------------------------------
[2026-01-23 15:31:34,096] - [root] - [INFO] - -------------------------------------------
[2026-01-23 15:31:34,096] - [root] - [INFO] - Processing 1-22-2026 5dpi 055-W2021010-397_R2.png
[2026-01-23 15:31:51,056] - [root] - [INFO] - Finished loading mask: 0m 16s
[2026-01-23 15:32:00,564] - [root] - [INFO] - Finished crop and inference: 0m 26s
[2026-01-23 15:32:02,030] - [root] - [INFO] - Analysis finished: 0m 27s
[2026-01-23 15:32:02,031] - [root] - [INFO] - -------------------------------------------
[2026-01-23 15:32:02,031] - [root] - [INFO] - -------------------------------------------
[2026-01-23 15:32:02,031] - [root] - [INFO] - Processing 1-22-2026 5dpi 056-W2021006-609_R1.png
[2026-01-23 15:32:18,838] - [root] - [INFO] - Finished loading mask: 0m 16s
[2026-01-23 15:32:30,267] - [root] - [INFO] - Finished crop and inference: 0m 28s
              timestamp time_elapsed  ... severity_rate_patch Gradient_sr2
0   2026-01-23 15:19:11       0m 25s  ...                1.74         0.04
1   2026-01-23 15:19:37       0m 25s  ...                4.36         0.11
2   2026-01-23 15:20:03       0m 26s  ...                0.85         0.02
3   2026-01-23 15:20:29       0m 29s  ...               25.47         0.67
4   2026-01-23 15:20:59       0m 30s  ...               37.39         0.99
5   2026-01-23 15:21:30       0m 27s  ...                0.45         0.01
6   2026-01-23 15:21:57       0m 30s  ...               38.62         0.91
7   2026-01-23 15:22:27       0m 30s  ...               19.86         0.56
8   2026-01-23 15:22:57       0m 29s  ...               39.61         1.05
9   2026-01-23 15:23:26       0m 26s  ...                1.79         0.05
10  2026-01-23 15:23:52       0m 26s  ...                2.79         0.07
11  2026-01-23 15:24:19       0m 28s  ...               20.77         0.49
12  2026-01-23 15:24:48       0m 27s  ...               20.60         0.51
13  2026-01-23 15:25:16       0m 27s  ...               15.28         0.35
14  2026-01-23 15:25:43       0m 30s  ...               30.18         0.79
15  2026-01-23 15:26:13       0m 29s  ...               19.25         0.48
16  2026-01-23 15:26:43       0m 38s  ...               85.84         2.58
17  2026-01-23 15:27:21       0m 27s  ...                0.76         0.02
18  2026-01-23 15:27:49       0m 28s  ...               23.22         0.57
19  2026-01-23 15:28:17       0m 34s  ...               62.76         1.72

[20 rows x 24 columns]
              timestamp time_elapsed  ... severity_rate_patch Gradient_sr2
0   2026-01-23 15:19:11       0m 25s  ...                1.74         0.04
1   2026-01-23 15:19:37       0m 25s  ...                4.36         0.11
2   2026-01-23 15:20:03       0m 26s  ...                0.85         0.02
3   2026-01-23 15:20:29       0m 29s  ...               25.47         0.67
4   2026-01-23 15:20:59       0m 30s  ...               37.39         0.99
5   2026-01-23 15:21:30       0m 27s  ...                0.45         0.01
6   2026-01-23 15:21:57       0m 30s  ...               38.62         0.91
7   2026-01-23 15:22:27       0m 30s  ...               19.86         0.56
8   2026-01-23 15:22:57       0m 29s  ...               39.61         1.05
9   2026-01-23 15:23:26       0m 26s  ...                1.79         0.05
10  2026-01-23 15:23:52       0m 26s  ...                2.79         0.07
11  2026-01-23 15:24:19       0m 28s  ...               20.77         0.49
12  2026-01-23 15:24:48       0m 27s  ...               20.60         0.51
13  2026-01-23 15:25:16       0m 27s  ...               15.28         0.35
14  2026-01-23 15:25:43       0m 30s  ...               30.18         0.79
15  2026-01-23 15:26:13       0m 29s  ...               19.25         0.48
16  2026-01-23 15:26:43       0m 38s  ...               85.84         2.58
17  2026-01-23 15:27:21       0m 27s  ...                0.76         0.02
18  2026-01-23 15:27:49       0m 28s  ...               23.22         0.57
19  2026-01-23 15:28:17       0m 34s  ...               62.76         1.72
20  2026-01-23 15:28:51       0m 26s  ...                1.10         0.03

[21 rows x 24 columns]
              timestamp time_elapsed  ... severity_rate_patch Gradient_sr2
0   2026-01-23 15:19:11       0m 25s  ...                1.74         0.04
1   2026-01-23 15:19:37       0m 25s  ...                4.36         0.11
2   2026-01-23 15:20:03       0m 26s  ...                0.85         0.02
3   2026-01-23 15:20:29       0m 29s  ...               25.47         0.67
4   2026-01-23 15:20:59       0m 30s  ...               37.39         0.99
5   2026-01-23 15:21:30       0m 27s  ...                0.45         0.01
6   2026-01-23 15:21:57       0m 30s  ...               38.62         0.91
7   2026-01-23 15:22:27       0m 30s  ...               19.86         0.56
8   2026-01-23 15:22:57       0m 29s  ...               39.61         1.05
9   2026-01-23 15:23:26       0m 26s  ...                1.79         0.05
10  2026-01-23 15:23:52       0m 26s  ...                2.79         0.07
11  2026-01-23 15:24:19       0m 28s  ...               20.77         0.49
12  2026-01-23 15:24:48       0m 27s  ...               20.60         0.51
13  2026-01-23 15:25:16       0m 27s  ...               15.28         0.35
14  2026-01-23 15:25:43       0m 30s  ...               30.18         0.79
15  2026-01-23 15:26:13       0m 29s  ...               19.25         0.48
16  2026-01-23 15:26:43       0m 38s  ...               85.84         2.58
17  2026-01-23 15:27:21       0m 27s  ...                0.76         0.02
18  2026-01-23 15:27:49       0m 28s  ...               23.22         0.57
19  2026-01-23 15:28:17       0m 34s  ...               62.76         1.72
20  2026-01-23 15:28:51       0m 26s  ...                1.10         0.03
21  2026-01-23 15:29:18       0m 28s  ...               19.31         0.52

[22 rows x 24 columns]
              timestamp time_elapsed  ... severity_rate_patch Gradient_sr2
0   2026-01-23 15:19:11       0m 25s  ...                1.74         0.04
1   2026-01-23 15:19:37       0m 25s  ...                4.36         0.11
2   2026-01-23 15:20:03       0m 26s  ...                0.85         0.02
3   2026-01-23 15:20:29       0m 29s  ...               25.47         0.67
4   2026-01-23 15:20:59       0m 30s  ...               37.39         0.99
5   2026-01-23 15:21:30       0m 27s  ...                0.45         0.01
6   2026-01-23 15:21:57       0m 30s  ...               38.62         0.91
7   2026-01-23 15:22:27       0m 30s  ...               19.86         0.56
8   2026-01-23 15:22:57       0m 29s  ...               39.61         1.05
9   2026-01-23 15:23:26       0m 26s  ...                1.79         0.05
10  2026-01-23 15:23:52       0m 26s  ...                2.79         0.07
11  2026-01-23 15:24:19       0m 28s  ...               20.77         0.49
12  2026-01-23 15:24:48       0m 27s  ...               20.60         0.51
13  2026-01-23 15:25:16       0m 27s  ...               15.28         0.35
14  2026-01-23 15:25:43       0m 30s  ...               30.18         0.79
15  2026-01-23 15:26:13       0m 29s  ...               19.25         0.48
16  2026-01-23 15:26:43       0m 38s  ...               85.84         2.58
17  2026-01-23 15:27:21       0m 27s  ...                0.76         0.02
18  2026-01-23 15:27:49       0m 28s  ...               23.22         0.57
19  2026-01-23 15:28:17       0m 34s  ...               62.76         1.72
20  2026-01-23 15:28:51       0m 26s  ...                1.10         0.03
21  2026-01-23 15:29:18       0m 28s  ...               19.31         0.52
22  2026-01-23 15:29:46       0m 30s  ...               42.05         1.16

[23 rows x 24 columns]
[2026-01-23 15:32:31,740] - [root] - [INFO] - Analysis finished: 0m 29s
[2026-01-23 15:32:31,740] - [root] - [INFO] - -------------------------------------------
[2026-01-23 15:32:31,740] - [root] - [INFO] - -------------------------------------------
[2026-01-23 15:32:31,740] - [root] - [INFO] - Processing 1-22-2026 5dpi 059-W2021010-434_R1.png
[2026-01-23 15:32:48,589] - [root] - [INFO] - Finished loading mask: 0m 16s
[2026-01-23 15:32:57,361] - [root] - [INFO] - Finished crop and inference: 0m 25s
[2026-01-23 15:32:58,841] - [root] - [INFO] - Analysis finished: 0m 27s
[2026-01-23 15:32:58,841] - [root] - [INFO] - -------------------------------------------
[2026-01-23 15:32:58,841] - [root] - [INFO] - -------------------------------------------
[2026-01-23 15:32:58,841] - [root] - [INFO] - Processing 1-22-2026 5dpi 060-W2021010-324_R2.png
[2026-01-23 15:33:15,291] - [root] - [INFO] - Finished loading mask: 0m 16s
[2026-01-23 15:33:23,490] - [root] - [INFO] - Finished crop and inference: 0m 24s
[2026-01-23 15:33:24,996] - [root] - [INFO] - Analysis finished: 0m 26s
[2026-01-23 15:33:24,996] - [root] - [INFO] - -------------------------------------------
[2026-01-23 15:33:24,996] - [root] - [INFO] - -------------------------------------------
[2026-01-23 15:33:24,996] - [root] - [INFO] - Processing 1-22-2026 5dpi 061-W2021011-483_R1.png
[2026-01-23 15:33:41,421] - [root] - [INFO] - Finished loading mask: 0m 16s
[2026-01-23 15:33:50,741] - [root] - [INFO] - Finished crop and inference: 0m 25s
              timestamp time_elapsed  ... severity_rate_patch Gradient_sr2
0   2026-01-23 15:19:11       0m 25s  ...                1.74         0.04
1   2026-01-23 15:19:37       0m 25s  ...                4.36         0.11
2   2026-01-23 15:20:03       0m 26s  ...                0.85         0.02
3   2026-01-23 15:20:29       0m 29s  ...               25.47         0.67
4   2026-01-23 15:20:59       0m 30s  ...               37.39         0.99
5   2026-01-23 15:21:30       0m 27s  ...                0.45         0.01
6   2026-01-23 15:21:57       0m 30s  ...               38.62         0.91
7   2026-01-23 15:22:27       0m 30s  ...               19.86         0.56
8   2026-01-23 15:22:57       0m 29s  ...               39.61         1.05
9   2026-01-23 15:23:26       0m 26s  ...                1.79         0.05
10  2026-01-23 15:23:52       0m 26s  ...                2.79         0.07
11  2026-01-23 15:24:19       0m 28s  ...               20.77         0.49
12  2026-01-23 15:24:48       0m 27s  ...               20.60         0.51
13  2026-01-23 15:25:16       0m 27s  ...               15.28         0.35
14  2026-01-23 15:25:43       0m 30s  ...               30.18         0.79
15  2026-01-23 15:26:13       0m 29s  ...               19.25         0.48
16  2026-01-23 15:26:43       0m 38s  ...               85.84         2.58
17  2026-01-23 15:27:21       0m 27s  ...                0.76         0.02
18  2026-01-23 15:27:49       0m 28s  ...               23.22         0.57
19  2026-01-23 15:28:17       0m 34s  ...               62.76         1.72
20  2026-01-23 15:28:51       0m 26s  ...                1.10         0.03
21  2026-01-23 15:29:18       0m 28s  ...               19.31         0.52
22  2026-01-23 15:29:46       0m 30s  ...               42.05         1.16
23  2026-01-23 15:30:17       0m 24s  ...                6.56         0.18

[24 rows x 24 columns]
              timestamp time_elapsed  ... severity_rate_patch Gradient_sr2
0   2026-01-23 15:19:11       0m 25s  ...                1.74         0.04
1   2026-01-23 15:19:37       0m 25s  ...                4.36         0.11
2   2026-01-23 15:20:03       0m 26s  ...                0.85         0.02
3   2026-01-23 15:20:29       0m 29s  ...               25.47         0.67
4   2026-01-23 15:20:59       0m 30s  ...               37.39         0.99
5   2026-01-23 15:21:30       0m 27s  ...                0.45         0.01
6   2026-01-23 15:21:57       0m 30s  ...               38.62         0.91
7   2026-01-23 15:22:27       0m 30s  ...               19.86         0.56
8   2026-01-23 15:22:57       0m 29s  ...               39.61         1.05
9   2026-01-23 15:23:26       0m 26s  ...                1.79         0.05
10  2026-01-23 15:23:52       0m 26s  ...                2.79         0.07
11  2026-01-23 15:24:19       0m 28s  ...               20.77         0.49
12  2026-01-23 15:24:48       0m 27s  ...               20.60         0.51
13  2026-01-23 15:25:16       0m 27s  ...               15.28         0.35
14  2026-01-23 15:25:43       0m 30s  ...               30.18         0.79
15  2026-01-23 15:26:13       0m 29s  ...               19.25         0.48
16  2026-01-23 15:26:43       0m 38s  ...               85.84         2.58
17  2026-01-23 15:27:21       0m 27s  ...                0.76         0.02
18  2026-01-23 15:27:49       0m 28s  ...               23.22         0.57
19  2026-01-23 15:28:17       0m 34s  ...               62.76         1.72
20  2026-01-23 15:28:51       0m 26s  ...                1.10         0.03
21  2026-01-23 15:29:18       0m 28s  ...               19.31         0.52
22  2026-01-23 15:29:46       0m 30s  ...               42.05         1.16
23  2026-01-23 15:30:17       0m 24s  ...                6.56         0.18
24  2026-01-23 15:30:42       0m 25s  ...                1.51         0.04

[25 rows x 24 columns]
              timestamp time_elapsed  ... severity_rate_patch Gradient_sr2
0   2026-01-23 15:19:11       0m 25s  ...                1.74         0.04
1   2026-01-23 15:19:37       0m 25s  ...                4.36         0.11
2   2026-01-23 15:20:03       0m 26s  ...                0.85         0.02
3   2026-01-23 15:20:29       0m 29s  ...               25.47         0.67
4   2026-01-23 15:20:59       0m 30s  ...               37.39         0.99
5   2026-01-23 15:21:30       0m 27s  ...                0.45         0.01
6   2026-01-23 15:21:57       0m 30s  ...               38.62         0.91
7   2026-01-23 15:22:27       0m 30s  ...               19.86         0.56
8   2026-01-23 15:22:57       0m 29s  ...               39.61         1.05
9   2026-01-23 15:23:26       0m 26s  ...                1.79         0.05
10  2026-01-23 15:23:52       0m 26s  ...                2.79         0.07
11  2026-01-23 15:24:19       0m 28s  ...               20.77         0.49
12  2026-01-23 15:24:48       0m 27s  ...               20.60         0.51
13  2026-01-23 15:25:16       0m 27s  ...               15.28         0.35
14  2026-01-23 15:25:43       0m 30s  ...               30.18         0.79
15  2026-01-23 15:26:13       0m 29s  ...               19.25         0.48
16  2026-01-23 15:26:43       0m 38s  ...               85.84         2.58
17  2026-01-23 15:27:21       0m 27s  ...                0.76         0.02
18  2026-01-23 15:27:49       0m 28s  ...               23.22         0.57
19  2026-01-23 15:28:17       0m 34s  ...               62.76         1.72
20  2026-01-23 15:28:51       0m 26s  ...                1.10         0.03
21  2026-01-23 15:29:18       0m 28s  ...               19.31         0.52
22  2026-01-23 15:29:46       0m 30s  ...               42.05         1.16
23  2026-01-23 15:30:17       0m 24s  ...                6.56         0.18
24  2026-01-23 15:30:42       0m 25s  ...                1.51         0.04
25  2026-01-23 15:31:07       0m 26s  ...                8.51         0.22

[26 rows x 24 columns]
              timestamp time_elapsed  ... severity_rate_patch Gradient_sr2
0   2026-01-23 15:19:11       0m 25s  ...                1.74         0.04
1   2026-01-23 15:19:37       0m 25s  ...                4.36         0.11
2   2026-01-23 15:20:03       0m 26s  ...                0.85         0.02
3   2026-01-23 15:20:29       0m 29s  ...               25.47         0.67
4   2026-01-23 15:20:59       0m 30s  ...               37.39         0.99
5   2026-01-23 15:21:30       0m 27s  ...                0.45         0.01
6   2026-01-23 15:21:57       0m 30s  ...               38.62         0.91
7   2026-01-23 15:22:27       0m 30s  ...               19.86         0.56
8   2026-01-23 15:22:57       0m 29s  ...               39.61         1.05
9   2026-01-23 15:23:26       0m 26s  ...                1.79         0.05
10  2026-01-23 15:23:52       0m 26s  ...                2.79         0.07
11  2026-01-23 15:24:19       0m 28s  ...               20.77         0.49
12  2026-01-23 15:24:48       0m 27s  ...               20.60         0.51
13  2026-01-23 15:25:16       0m 27s  ...               15.28         0.35
14  2026-01-23 15:25:43       0m 30s  ...               30.18         0.79
15  2026-01-23 15:26:13       0m 29s  ...               19.25         0.48
16  2026-01-23 15:26:43       0m 38s  ...               85.84         2.58
17  2026-01-23 15:27:21       0m 27s  ...                0.76         0.02
18  2026-01-23 15:27:49       0m 28s  ...               23.22         0.57
19  2026-01-23 15:28:17       0m 34s  ...               62.76         1.72
20  2026-01-23 15:28:51       0m 26s  ...                1.10         0.03
21  2026-01-23 15:29:18       0m 28s  ...               19.31         0.52
22  2026-01-23 15:29:46       0m 30s  ...               42.05         1.16
23  2026-01-23 15:30:17       0m 24s  ...                6.56         0.18
24  2026-01-23 15:30:42       0m 25s  ...                1.51         0.04
25  2026-01-23 15:31:07       0m 26s  ...                8.51         0.22
26  2026-01-23 15:31:34       0m 27s  ...               12.12         0.31

[27 rows x 24 columns]
[2026-01-23 15:33:52,229] - [root] - [INFO] - Analysis finished: 0m 27s
[2026-01-23 15:33:52,229] - [root] - [INFO] - -------------------------------------------
[2026-01-23 15:33:52,229] - [root] - [INFO] - -------------------------------------------
[2026-01-23 15:33:52,230] - [root] - [INFO] - Processing 1-22-2026 5dpi 070-W2021011-486_R2.png
[2026-01-23 15:34:08,781] - [root] - [INFO] - Finished loading mask: 0m 16s
[2026-01-23 15:34:18,857] - [root] - [INFO] - Finished crop and inference: 0m 26s
[2026-01-23 15:34:20,360] - [root] - [INFO] - Analysis finished: 0m 28s
[2026-01-23 15:34:20,360] - [root] - [INFO] - -------------------------------------------
[2026-01-23 15:34:20,360] - [root] - [INFO] - -------------------------------------------
[2026-01-23 15:34:20,360] - [root] - [INFO] - Processing 1-22-2026 5dpi 071-W2021010-323_R1.png
[2026-01-23 15:34:37,001] - [root] - [INFO] - Finished loading mask: 0m 16s
[2026-01-23 15:34:52,441] - [root] - [INFO] - Finished crop and inference: 0m 32s
[2026-01-23 15:34:53,954] - [root] - [INFO] - Analysis finished: 0m 33s
[2026-01-23 15:34:53,954] - [root] - [INFO] - -------------------------------------------
[2026-01-23 15:34:53,954] - [root] - [INFO] - -------------------------------------------
[2026-01-23 15:34:53,955] - [root] - [INFO] - Processing 1-22-2026 5dpi 077-W2021010-351_R2.png
[2026-01-23 15:35:11,697] - [root] - [INFO] - Finished loading mask: 0m 17s
[2026-01-23 15:35:20,327] - [root] - [INFO] - Finished crop and inference: 0m 26s
              timestamp time_elapsed  ... severity_rate_patch Gradient_sr2
0   2026-01-23 15:19:11       0m 25s  ...                1.74         0.04
1   2026-01-23 15:19:37       0m 25s  ...                4.36         0.11
2   2026-01-23 15:20:03       0m 26s  ...                0.85         0.02
3   2026-01-23 15:20:29       0m 29s  ...               25.47         0.67
4   2026-01-23 15:20:59       0m 30s  ...               37.39         0.99
5   2026-01-23 15:21:30       0m 27s  ...                0.45         0.01
6   2026-01-23 15:21:57       0m 30s  ...               38.62         0.91
7   2026-01-23 15:22:27       0m 30s  ...               19.86         0.56
8   2026-01-23 15:22:57       0m 29s  ...               39.61         1.05
9   2026-01-23 15:23:26       0m 26s  ...                1.79         0.05
10  2026-01-23 15:23:52       0m 26s  ...                2.79         0.07
11  2026-01-23 15:24:19       0m 28s  ...               20.77         0.49
12  2026-01-23 15:24:48       0m 27s  ...               20.60         0.51
13  2026-01-23 15:25:16       0m 27s  ...               15.28         0.35
14  2026-01-23 15:25:43       0m 30s  ...               30.18         0.79
15  2026-01-23 15:26:13       0m 29s  ...               19.25         0.48
16  2026-01-23 15:26:43       0m 38s  ...               85.84         2.58
17  2026-01-23 15:27:21       0m 27s  ...                0.76         0.02
18  2026-01-23 15:27:49       0m 28s  ...               23.22         0.57
19  2026-01-23 15:28:17       0m 34s  ...               62.76         1.72
20  2026-01-23 15:28:51       0m 26s  ...                1.10         0.03
21  2026-01-23 15:29:18       0m 28s  ...               19.31         0.52
22  2026-01-23 15:29:46       0m 30s  ...               42.05         1.16
23  2026-01-23 15:30:17       0m 24s  ...                6.56         0.18
24  2026-01-23 15:30:42       0m 25s  ...                1.51         0.04
25  2026-01-23 15:31:07       0m 26s  ...                8.51         0.22
26  2026-01-23 15:31:34       0m 27s  ...               12.12         0.31
27  2026-01-23 15:32:02       0m 29s  ...               32.69         0.79

[28 rows x 24 columns]
              timestamp time_elapsed  ... severity_rate_patch Gradient_sr2
0   2026-01-23 15:19:11       0m 25s  ...                1.74         0.04
1   2026-01-23 15:19:37       0m 25s  ...                4.36         0.11
2   2026-01-23 15:20:03       0m 26s  ...                0.85         0.02
3   2026-01-23 15:20:29       0m 29s  ...               25.47         0.67
4   2026-01-23 15:20:59       0m 30s  ...               37.39         0.99
5   2026-01-23 15:21:30       0m 27s  ...                0.45         0.01
6   2026-01-23 15:21:57       0m 30s  ...               38.62         0.91
7   2026-01-23 15:22:27       0m 30s  ...               19.86         0.56
8   2026-01-23 15:22:57       0m 29s  ...               39.61         1.05
9   2026-01-23 15:23:26       0m 26s  ...                1.79         0.05
10  2026-01-23 15:23:52       0m 26s  ...                2.79         0.07
11  2026-01-23 15:24:19       0m 28s  ...               20.77         0.49
12  2026-01-23 15:24:48       0m 27s  ...               20.60         0.51
13  2026-01-23 15:25:16       0m 27s  ...               15.28         0.35
14  2026-01-23 15:25:43       0m 30s  ...               30.18         0.79
15  2026-01-23 15:26:13       0m 29s  ...               19.25         0.48
16  2026-01-23 15:26:43       0m 38s  ...               85.84         2.58
17  2026-01-23 15:27:21       0m 27s  ...                0.76         0.02
18  2026-01-23 15:27:49       0m 28s  ...               23.22         0.57
19  2026-01-23 15:28:17       0m 34s  ...               62.76         1.72
20  2026-01-23 15:28:51       0m 26s  ...                1.10         0.03
21  2026-01-23 15:29:18       0m 28s  ...               19.31         0.52
22  2026-01-23 15:29:46       0m 30s  ...               42.05         1.16
23  2026-01-23 15:30:17       0m 24s  ...                6.56         0.18
24  2026-01-23 15:30:42       0m 25s  ...                1.51         0.04
25  2026-01-23 15:31:07       0m 26s  ...                8.51         0.22
26  2026-01-23 15:31:34       0m 27s  ...               12.12         0.31
27  2026-01-23 15:32:02       0m 29s  ...               32.69         0.79
28  2026-01-23 15:32:31       0m 27s  ...                2.15         0.06

[29 rows x 24 columns]
              timestamp time_elapsed  ... severity_rate_patch Gradient_sr2
0   2026-01-23 15:19:11       0m 25s  ...                1.74         0.04
1   2026-01-23 15:19:37       0m 25s  ...                4.36         0.11
2   2026-01-23 15:20:03       0m 26s  ...                0.85         0.02
3   2026-01-23 15:20:29       0m 29s  ...               25.47         0.67
4   2026-01-23 15:20:59       0m 30s  ...               37.39         0.99
5   2026-01-23 15:21:30       0m 27s  ...                0.45         0.01
6   2026-01-23 15:21:57       0m 30s  ...               38.62         0.91
7   2026-01-23 15:22:27       0m 30s  ...               19.86         0.56
8   2026-01-23 15:22:57       0m 29s  ...               39.61         1.05
9   2026-01-23 15:23:26       0m 26s  ...                1.79         0.05
10  2026-01-23 15:23:52       0m 26s  ...                2.79         0.07
11  2026-01-23 15:24:19       0m 28s  ...               20.77         0.49
12  2026-01-23 15:24:48       0m 27s  ...               20.60         0.51
13  2026-01-23 15:25:16       0m 27s  ...               15.28         0.35
14  2026-01-23 15:25:43       0m 30s  ...               30.18         0.79
15  2026-01-23 15:26:13       0m 29s  ...               19.25         0.48
16  2026-01-23 15:26:43       0m 38s  ...               85.84         2.58
17  2026-01-23 15:27:21       0m 27s  ...                0.76         0.02
18  2026-01-23 15:27:49       0m 28s  ...               23.22         0.57
19  2026-01-23 15:28:17       0m 34s  ...               62.76         1.72
20  2026-01-23 15:28:51       0m 26s  ...                1.10         0.03
21  2026-01-23 15:29:18       0m 28s  ...               19.31         0.52
22  2026-01-23 15:29:46       0m 30s  ...               42.05         1.16
23  2026-01-23 15:30:17       0m 24s  ...                6.56         0.18
24  2026-01-23 15:30:42       0m 25s  ...                1.51         0.04
25  2026-01-23 15:31:07       0m 26s  ...                8.51         0.22
26  2026-01-23 15:31:34       0m 27s  ...               12.12         0.31
27  2026-01-23 15:32:02       0m 29s  ...               32.69         0.79
28  2026-01-23 15:32:31       0m 27s  ...                2.15         0.06
29  2026-01-23 15:32:58       0m 26s  ...                2.94         0.07

[30 rows x 24 columns]
[2026-01-23 15:35:21,818] - [root] - [INFO] - Analysis finished: 0m 27s
[2026-01-23 15:35:21,818] - [root] - [INFO] - -------------------------------------------
[2026-01-23 15:35:21,818] - [root] - [INFO] - -------------------------------------------
[2026-01-23 15:35:21,819] - [root] - [INFO] - Processing 1-22-2026 5dpi 084-W2021010-319_R1.png
[2026-01-23 15:35:38,383] - [root] - [INFO] - Finished loading mask: 0m 16s
[2026-01-23 15:35:46,539] - [root] - [INFO] - Finished crop and inference: 0m 24s
[2026-01-23 15:35:48,038] - [root] - [INFO] - Analysis finished: 0m 26s
[2026-01-23 15:35:48,038] - [root] - [INFO] - -------------------------------------------
[2026-01-23 15:35:48,038] - [root] - [INFO] - -------------------------------------------
[2026-01-23 15:35:48,038] - [root] - [INFO] - Processing 1-22-2026 5dpi 085-W2021010-630_R1.png
[2026-01-23 15:36:04,726] - [root] - [INFO] - Finished loading mask: 0m 16s
[2026-01-23 15:36:12,772] - [root] - [INFO] - Finished crop and inference: 0m 24s
              timestamp time_elapsed  ... severity_rate_patch Gradient_sr2
0   2026-01-23 15:19:11       0m 25s  ...                1.74         0.04
1   2026-01-23 15:19:37       0m 25s  ...                4.36         0.11
2   2026-01-23 15:20:03       0m 26s  ...                0.85         0.02
3   2026-01-23 15:20:29       0m 29s  ...               25.47         0.67
4   2026-01-23 15:20:59       0m 30s  ...               37.39         0.99
5   2026-01-23 15:21:30       0m 27s  ...                0.45         0.01
6   2026-01-23 15:21:57       0m 30s  ...               38.62         0.91
7   2026-01-23 15:22:27       0m 30s  ...               19.86         0.56
8   2026-01-23 15:22:57       0m 29s  ...               39.61         1.05
9   2026-01-23 15:23:26       0m 26s  ...                1.79         0.05
10  2026-01-23 15:23:52       0m 26s  ...                2.79         0.07
11  2026-01-23 15:24:19       0m 28s  ...               20.77         0.49
12  2026-01-23 15:24:48       0m 27s  ...               20.60         0.51
13  2026-01-23 15:25:16       0m 27s  ...               15.28         0.35
14  2026-01-23 15:25:43       0m 30s  ...               30.18         0.79
15  2026-01-23 15:26:13       0m 29s  ...               19.25         0.48
16  2026-01-23 15:26:43       0m 38s  ...               85.84         2.58
17  2026-01-23 15:27:21       0m 27s  ...                0.76         0.02
18  2026-01-23 15:27:49       0m 28s  ...               23.22         0.57
19  2026-01-23 15:28:17       0m 34s  ...               62.76         1.72
20  2026-01-23 15:28:51       0m 26s  ...                1.10         0.03
21  2026-01-23 15:29:18       0m 28s  ...               19.31         0.52
22  2026-01-23 15:29:46       0m 30s  ...               42.05         1.16
23  2026-01-23 15:30:17       0m 24s  ...                6.56         0.18
24  2026-01-23 15:30:42       0m 25s  ...                1.51         0.04
25  2026-01-23 15:31:07       0m 26s  ...                8.51         0.22
26  2026-01-23 15:31:34       0m 27s  ...               12.12         0.31
27  2026-01-23 15:32:02       0m 29s  ...               32.69         0.79
28  2026-01-23 15:32:31       0m 27s  ...                2.15         0.06
29  2026-01-23 15:32:58       0m 26s  ...                2.94         0.07
30  2026-01-23 15:33:24       0m 27s  ...               12.91         0.30

[31 rows x 24 columns]
              timestamp time_elapsed  ... severity_rate_patch Gradient_sr2
0   2026-01-23 15:19:11       0m 25s  ...                1.74         0.04
1   2026-01-23 15:19:37       0m 25s  ...                4.36         0.11
2   2026-01-23 15:20:03       0m 26s  ...                0.85         0.02
3   2026-01-23 15:20:29       0m 29s  ...               25.47         0.67
4   2026-01-23 15:20:59       0m 30s  ...               37.39         0.99
5   2026-01-23 15:21:30       0m 27s  ...                0.45         0.01
6   2026-01-23 15:21:57       0m 30s  ...               38.62         0.91
7   2026-01-23 15:22:27       0m 30s  ...               19.86         0.56
8   2026-01-23 15:22:57       0m 29s  ...               39.61         1.05
9   2026-01-23 15:23:26       0m 26s  ...                1.79         0.05
10  2026-01-23 15:23:52       0m 26s  ...                2.79         0.07
11  2026-01-23 15:24:19       0m 28s  ...               20.77         0.49
12  2026-01-23 15:24:48       0m 27s  ...               20.60         0.51
13  2026-01-23 15:25:16       0m 27s  ...               15.28         0.35
14  2026-01-23 15:25:43       0m 30s  ...               30.18         0.79
15  2026-01-23 15:26:13       0m 29s  ...               19.25         0.48
16  2026-01-23 15:26:43       0m 38s  ...               85.84         2.58
17  2026-01-23 15:27:21       0m 27s  ...                0.76         0.02
18  2026-01-23 15:27:49       0m 28s  ...               23.22         0.57
19  2026-01-23 15:28:17       0m 34s  ...               62.76         1.72
20  2026-01-23 15:28:51       0m 26s  ...                1.10         0.03
21  2026-01-23 15:29:18       0m 28s  ...               19.31         0.52
22  2026-01-23 15:29:46       0m 30s  ...               42.05         1.16
23  2026-01-23 15:30:17       0m 24s  ...                6.56         0.18
24  2026-01-23 15:30:42       0m 25s  ...                1.51         0.04
25  2026-01-23 15:31:07       0m 26s  ...                8.51         0.22
26  2026-01-23 15:31:34       0m 27s  ...               12.12         0.31
27  2026-01-23 15:32:02       0m 29s  ...               32.69         0.79
28  2026-01-23 15:32:31       0m 27s  ...                2.15         0.06
29  2026-01-23 15:32:58       0m 26s  ...                2.94         0.07
30  2026-01-23 15:33:24       0m 27s  ...               12.91         0.30
31  2026-01-23 15:33:52       0m 28s  ...               42.77         1.19

[32 rows x 24 columns]
              timestamp time_elapsed  ... severity_rate_patch Gradient_sr2
0   2026-01-23 15:19:11       0m 25s  ...                1.74         0.04
1   2026-01-23 15:19:37       0m 25s  ...                4.36         0.11
2   2026-01-23 15:20:03       0m 26s  ...                0.85         0.02
3   2026-01-23 15:20:29       0m 29s  ...               25.47         0.67
4   2026-01-23 15:20:59       0m 30s  ...               37.39         0.99
5   2026-01-23 15:21:30       0m 27s  ...                0.45         0.01
6   2026-01-23 15:21:57       0m 30s  ...               38.62         0.91
7   2026-01-23 15:22:27       0m 30s  ...               19.86         0.56
8   2026-01-23 15:22:57       0m 29s  ...               39.61         1.05
9   2026-01-23 15:23:26       0m 26s  ...                1.79         0.05
10  2026-01-23 15:23:52       0m 26s  ...                2.79         0.07
11  2026-01-23 15:24:19       0m 28s  ...               20.77         0.49
12  2026-01-23 15:24:48       0m 27s  ...               20.60         0.51
13  2026-01-23 15:25:16       0m 27s  ...               15.28         0.35
14  2026-01-23 15:25:43       0m 30s  ...               30.18         0.79
15  2026-01-23 15:26:13       0m 29s  ...               19.25         0.48
16  2026-01-23 15:26:43       0m 38s  ...               85.84         2.58
17  2026-01-23 15:27:21       0m 27s  ...                0.76         0.02
18  2026-01-23 15:27:49       0m 28s  ...               23.22         0.57
19  2026-01-23 15:28:17       0m 34s  ...               62.76         1.72
20  2026-01-23 15:28:51       0m 26s  ...                1.10         0.03
21  2026-01-23 15:29:18       0m 28s  ...               19.31         0.52
22  2026-01-23 15:29:46       0m 30s  ...               42.05         1.16
23  2026-01-23 15:30:17       0m 24s  ...                6.56         0.18
24  2026-01-23 15:30:42       0m 25s  ...                1.51         0.04
25  2026-01-23 15:31:07       0m 26s  ...                8.51         0.22
26  2026-01-23 15:31:34       0m 27s  ...               12.12         0.31
27  2026-01-23 15:32:02       0m 29s  ...               32.69         0.79
28  2026-01-23 15:32:31       0m 27s  ...                2.15         0.06
29  2026-01-23 15:32:58       0m 26s  ...                2.94         0.07
30  2026-01-23 15:33:24       0m 27s  ...               12.91         0.30
31  2026-01-23 15:33:52       0m 28s  ...               42.77         1.19
32  2026-01-23 15:34:20       0m 33s  ...               65.54         1.89

[33 rows x 24 columns]
[2026-01-23 15:36:14,273] - [root] - [INFO] - Analysis finished: 0m 26s
[2026-01-23 15:36:14,273] - [root] - [INFO] - -------------------------------------------
[2026-01-23 15:36:14,273] - [root] - [INFO] - -------------------------------------------
[2026-01-23 15:36:14,273] - [root] - [INFO] - Processing 1-22-2026 5dpi 091-W2021006-056_R2.png
[2026-01-23 15:36:31,217] - [root] - [INFO] - Finished loading mask: 0m 16s
[2026-01-23 15:36:39,273] - [root] - [INFO] - Finished crop and inference: 0m 24s
[2026-01-23 15:36:40,776] - [root] - [INFO] - Analysis finished: 0m 26s
[2026-01-23 15:36:40,777] - [root] - [INFO] - -------------------------------------------
[2026-01-23 15:36:40,777] - [root] - [INFO] - -------------------------------------------
[2026-01-23 15:36:40,777] - [root] - [INFO] - Processing 1-22-2026 5dpi 094-W2021010-315_R2.png
[2026-01-23 15:36:57,318] - [root] - [INFO] - Finished loading mask: 0m 16s
[2026-01-23 15:37:05,146] - [root] - [INFO] - Finished crop and inference: 0m 24s
              timestamp time_elapsed  ... severity_rate_patch Gradient_sr2
0   2026-01-23 15:19:11       0m 25s  ...                1.74         0.04
1   2026-01-23 15:19:37       0m 25s  ...                4.36         0.11
2   2026-01-23 15:20:03       0m 26s  ...                0.85         0.02
3   2026-01-23 15:20:29       0m 29s  ...               25.47         0.67
4   2026-01-23 15:20:59       0m 30s  ...               37.39         0.99
5   2026-01-23 15:21:30       0m 27s  ...                0.45         0.01
6   2026-01-23 15:21:57       0m 30s  ...               38.62         0.91
7   2026-01-23 15:22:27       0m 30s  ...               19.86         0.56
8   2026-01-23 15:22:57       0m 29s  ...               39.61         1.05
9   2026-01-23 15:23:26       0m 26s  ...                1.79         0.05
10  2026-01-23 15:23:52       0m 26s  ...                2.79         0.07
11  2026-01-23 15:24:19       0m 28s  ...               20.77         0.49
12  2026-01-23 15:24:48       0m 27s  ...               20.60         0.51
13  2026-01-23 15:25:16       0m 27s  ...               15.28         0.35
14  2026-01-23 15:25:43       0m 30s  ...               30.18         0.79
15  2026-01-23 15:26:13       0m 29s  ...               19.25         0.48
16  2026-01-23 15:26:43       0m 38s  ...               85.84         2.58
17  2026-01-23 15:27:21       0m 27s  ...                0.76         0.02
18  2026-01-23 15:27:49       0m 28s  ...               23.22         0.57
19  2026-01-23 15:28:17       0m 34s  ...               62.76         1.72
20  2026-01-23 15:28:51       0m 26s  ...                1.10         0.03
21  2026-01-23 15:29:18       0m 28s  ...               19.31         0.52
22  2026-01-23 15:29:46       0m 30s  ...               42.05         1.16
23  2026-01-23 15:30:17       0m 24s  ...                6.56         0.18
24  2026-01-23 15:30:42       0m 25s  ...                1.51         0.04
25  2026-01-23 15:31:07       0m 26s  ...                8.51         0.22
26  2026-01-23 15:31:34       0m 27s  ...               12.12         0.31
27  2026-01-23 15:32:02       0m 29s  ...               32.69         0.79
28  2026-01-23 15:32:31       0m 27s  ...                2.15         0.06
29  2026-01-23 15:32:58       0m 26s  ...                2.94         0.07
30  2026-01-23 15:33:24       0m 27s  ...               12.91         0.30
31  2026-01-23 15:33:52       0m 28s  ...               42.77         1.19
32  2026-01-23 15:34:20       0m 33s  ...               65.54         1.89
33  2026-01-23 15:34:53       0m 27s  ...               10.11         0.24

[34 rows x 24 columns]
              timestamp time_elapsed  ... severity_rate_patch Gradient_sr2
0   2026-01-23 15:19:11       0m 25s  ...                1.74         0.04
1   2026-01-23 15:19:37       0m 25s  ...                4.36         0.11
2   2026-01-23 15:20:03       0m 26s  ...                0.85         0.02
3   2026-01-23 15:20:29       0m 29s  ...               25.47         0.67
4   2026-01-23 15:20:59       0m 30s  ...               37.39         0.99
5   2026-01-23 15:21:30       0m 27s  ...                0.45         0.01
6   2026-01-23 15:21:57       0m 30s  ...               38.62         0.91
7   2026-01-23 15:22:27       0m 30s  ...               19.86         0.56
8   2026-01-23 15:22:57       0m 29s  ...               39.61         1.05
9   2026-01-23 15:23:26       0m 26s  ...                1.79         0.05
10  2026-01-23 15:23:52       0m 26s  ...                2.79         0.07
11  2026-01-23 15:24:19       0m 28s  ...               20.77         0.49
12  2026-01-23 15:24:48       0m 27s  ...               20.60         0.51
13  2026-01-23 15:25:16       0m 27s  ...               15.28         0.35
14  2026-01-23 15:25:43       0m 30s  ...               30.18         0.79
15  2026-01-23 15:26:13       0m 29s  ...               19.25         0.48
16  2026-01-23 15:26:43       0m 38s  ...               85.84         2.58
17  2026-01-23 15:27:21       0m 27s  ...                0.76         0.02
18  2026-01-23 15:27:49       0m 28s  ...               23.22         0.57
19  2026-01-23 15:28:17       0m 34s  ...               62.76         1.72
20  2026-01-23 15:28:51       0m 26s  ...                1.10         0.03
21  2026-01-23 15:29:18       0m 28s  ...               19.31         0.52
22  2026-01-23 15:29:46       0m 30s  ...               42.05         1.16
23  2026-01-23 15:30:17       0m 24s  ...                6.56         0.18
24  2026-01-23 15:30:42       0m 25s  ...                1.51         0.04
25  2026-01-23 15:31:07       0m 26s  ...                8.51         0.22
26  2026-01-23 15:31:34       0m 27s  ...               12.12         0.31
27  2026-01-23 15:32:02       0m 29s  ...               32.69         0.79
28  2026-01-23 15:32:31       0m 27s  ...                2.15         0.06
29  2026-01-23 15:32:58       0m 26s  ...                2.94         0.07
30  2026-01-23 15:33:24       0m 27s  ...               12.91         0.30
31  2026-01-23 15:33:52       0m 28s  ...               42.77         1.19
32  2026-01-23 15:34:20       0m 33s  ...               65.54         1.89
33  2026-01-23 15:34:53       0m 27s  ...               10.11         0.24
34  2026-01-23 15:35:21       0m 26s  ...                4.05         0.11

[35 rows x 24 columns]
[2026-01-23 15:37:06,648] - [root] - [INFO] - Analysis finished: 0m 25s
[2026-01-23 15:37:06,648] - [root] - [INFO] - -------------------------------------------
[2026-01-23 15:37:06,648] - [root] - [INFO] - -------------------------------------------
[2026-01-23 15:37:06,648] - [root] - [INFO] - Processing 1-22-2026 5dpi 095-W2021011-553_R2.png
[2026-01-23 15:37:22,982] - [root] - [INFO] - Finished loading mask: 0m 16s
[2026-01-23 15:37:30,228] - [root] - [INFO] - Finished crop and inference: 0m 23s
[2026-01-23 15:37:31,745] - [root] - [INFO] - Analysis finished: 0m 25s
[2026-01-23 15:37:31,745] - [root] - [INFO] - -------------------------------------------
[2026-01-23 15:37:31,745] - [root] - [INFO] - -------------------------------------------
[2026-01-23 15:37:31,745] - [root] - [INFO] - Processing 1-22-2026 5dpi 097-W2021006-617_R2.png
[2026-01-23 15:37:48,648] - [root] - [INFO] - Finished loading mask: 0m 16s
[2026-01-23 15:38:01,485] - [root] - [INFO] - Finished crop and inference: 0m 29s
              timestamp time_elapsed  ... severity_rate_patch Gradient_sr2
0   2026-01-23 15:19:11       0m 25s  ...                1.74         0.04
1   2026-01-23 15:19:37       0m 25s  ...                4.36         0.11
2   2026-01-23 15:20:03       0m 26s  ...                0.85         0.02
3   2026-01-23 15:20:29       0m 29s  ...               25.47         0.67
4   2026-01-23 15:20:59       0m 30s  ...               37.39         0.99
5   2026-01-23 15:21:30       0m 27s  ...                0.45         0.01
6   2026-01-23 15:21:57       0m 30s  ...               38.62         0.91
7   2026-01-23 15:22:27       0m 30s  ...               19.86         0.56
8   2026-01-23 15:22:57       0m 29s  ...               39.61         1.05
9   2026-01-23 15:23:26       0m 26s  ...                1.79         0.05
10  2026-01-23 15:23:52       0m 26s  ...                2.79         0.07
11  2026-01-23 15:24:19       0m 28s  ...               20.77         0.49
12  2026-01-23 15:24:48       0m 27s  ...               20.60         0.51
13  2026-01-23 15:25:16       0m 27s  ...               15.28         0.35
14  2026-01-23 15:25:43       0m 30s  ...               30.18         0.79
15  2026-01-23 15:26:13       0m 29s  ...               19.25         0.48
16  2026-01-23 15:26:43       0m 38s  ...               85.84         2.58
17  2026-01-23 15:27:21       0m 27s  ...                0.76         0.02
18  2026-01-23 15:27:49       0m 28s  ...               23.22         0.57
19  2026-01-23 15:28:17       0m 34s  ...               62.76         1.72
20  2026-01-23 15:28:51       0m 26s  ...                1.10         0.03
21  2026-01-23 15:29:18       0m 28s  ...               19.31         0.52
22  2026-01-23 15:29:46       0m 30s  ...               42.05         1.16
23  2026-01-23 15:30:17       0m 24s  ...                6.56         0.18
24  2026-01-23 15:30:42       0m 25s  ...                1.51         0.04
25  2026-01-23 15:31:07       0m 26s  ...                8.51         0.22
26  2026-01-23 15:31:34       0m 27s  ...               12.12         0.31
27  2026-01-23 15:32:02       0m 29s  ...               32.69         0.79
28  2026-01-23 15:32:31       0m 27s  ...                2.15         0.06
29  2026-01-23 15:32:58       0m 26s  ...                2.94         0.07
30  2026-01-23 15:33:24       0m 27s  ...               12.91         0.30
31  2026-01-23 15:33:52       0m 28s  ...               42.77         1.19
32  2026-01-23 15:34:20       0m 33s  ...               65.54         1.89
33  2026-01-23 15:34:53       0m 27s  ...               10.11         0.24
34  2026-01-23 15:35:21       0m 26s  ...                4.05         0.11
35  2026-01-23 15:35:48       0m 26s  ...                1.89         0.05

[36 rows x 24 columns]
              timestamp time_elapsed  ... severity_rate_patch Gradient_sr2
0   2026-01-23 15:19:11       0m 25s  ...                1.74         0.04
1   2026-01-23 15:19:37       0m 25s  ...                4.36         0.11
2   2026-01-23 15:20:03       0m 26s  ...                0.85         0.02
3   2026-01-23 15:20:29       0m 29s  ...               25.47         0.67
4   2026-01-23 15:20:59       0m 30s  ...               37.39         0.99
5   2026-01-23 15:21:30       0m 27s  ...                0.45         0.01
6   2026-01-23 15:21:57       0m 30s  ...               38.62         0.91
7   2026-01-23 15:22:27       0m 30s  ...               19.86         0.56
8   2026-01-23 15:22:57       0m 29s  ...               39.61         1.05
9   2026-01-23 15:23:26       0m 26s  ...                1.79         0.05
10  2026-01-23 15:23:52       0m 26s  ...                2.79         0.07
11  2026-01-23 15:24:19       0m 28s  ...               20.77         0.49
12  2026-01-23 15:24:48       0m 27s  ...               20.60         0.51
13  2026-01-23 15:25:16       0m 27s  ...               15.28         0.35
14  2026-01-23 15:25:43       0m 30s  ...               30.18         0.79
15  2026-01-23 15:26:13       0m 29s  ...               19.25         0.48
16  2026-01-23 15:26:43       0m 38s  ...               85.84         2.58
17  2026-01-23 15:27:21       0m 27s  ...                0.76         0.02
18  2026-01-23 15:27:49       0m 28s  ...               23.22         0.57
19  2026-01-23 15:28:17       0m 34s  ...               62.76         1.72
20  2026-01-23 15:28:51       0m 26s  ...                1.10         0.03
21  2026-01-23 15:29:18       0m 28s  ...               19.31         0.52
22  2026-01-23 15:29:46       0m 30s  ...               42.05         1.16
23  2026-01-23 15:30:17       0m 24s  ...                6.56         0.18
24  2026-01-23 15:30:42       0m 25s  ...                1.51         0.04
25  2026-01-23 15:31:07       0m 26s  ...                8.51         0.22
26  2026-01-23 15:31:34       0m 27s  ...               12.12         0.31
27  2026-01-23 15:32:02       0m 29s  ...               32.69         0.79
28  2026-01-23 15:32:31       0m 27s  ...                2.15         0.06
29  2026-01-23 15:32:58       0m 26s  ...                2.94         0.07
30  2026-01-23 15:33:24       0m 27s  ...               12.91         0.30
31  2026-01-23 15:33:52       0m 28s  ...               42.77         1.19
32  2026-01-23 15:34:20       0m 33s  ...               65.54         1.89
33  2026-01-23 15:34:53       0m 27s  ...               10.11         0.24
34  2026-01-23 15:35:21       0m 26s  ...                4.05         0.11
35  2026-01-23 15:35:48       0m 26s  ...                1.89         0.05
36  2026-01-23 15:36:14       0m 26s  ...                5.54         0.15

[37 rows x 24 columns]
[2026-01-23 15:38:02,968] - [root] - [INFO] - Analysis finished: 0m 31s
[2026-01-23 15:38:02,968] - [root] - [INFO] - -------------------------------------------
[2026-01-23 15:38:02,968] - [root] - [INFO] - -------------------------------------------
[2026-01-23 15:38:02,968] - [root] - [INFO] - Processing 1-22-2026 5dpi 097-W2021009-163_R1.png
[2026-01-23 15:38:19,840] - [root] - [INFO] - Finished loading mask: 0m 16s
[2026-01-23 15:38:35,419] - [root] - [INFO] - Finished crop and inference: 0m 32s
[2026-01-23 15:38:36,929] - [root] - [INFO] - Analysis finished: 0m 33s
[2026-01-23 15:38:36,929] - [root] - [INFO] - -------------------------------------------
[2026-01-23 15:38:36,929] - [root] - [INFO] - -------------------------------------------
[2026-01-23 15:38:36,929] - [root] - [INFO] - Processing 1-22-2026 5dpi 099-W2021006-611_R2.png
[2026-01-23 15:38:54,702] - [root] - [INFO] - Finished loading mask: 0m 17s
[2026-01-23 15:39:08,465] - [root] - [INFO] - Finished crop and inference: 0m 31s
              timestamp time_elapsed  ... severity_rate_patch Gradient_sr2
0   2026-01-23 15:19:11       0m 25s  ...                1.74         0.04
1   2026-01-23 15:19:37       0m 25s  ...                4.36         0.11
2   2026-01-23 15:20:03       0m 26s  ...                0.85         0.02
3   2026-01-23 15:20:29       0m 29s  ...               25.47         0.67
4   2026-01-23 15:20:59       0m 30s  ...               37.39         0.99
5   2026-01-23 15:21:30       0m 27s  ...                0.45         0.01
6   2026-01-23 15:21:57       0m 30s  ...               38.62         0.91
7   2026-01-23 15:22:27       0m 30s  ...               19.86         0.56
8   2026-01-23 15:22:57       0m 29s  ...               39.61         1.05
9   2026-01-23 15:23:26       0m 26s  ...                1.79         0.05
10  2026-01-23 15:23:52       0m 26s  ...                2.79         0.07
11  2026-01-23 15:24:19       0m 28s  ...               20.77         0.49
12  2026-01-23 15:24:48       0m 27s  ...               20.60         0.51
13  2026-01-23 15:25:16       0m 27s  ...               15.28         0.35
14  2026-01-23 15:25:43       0m 30s  ...               30.18         0.79
15  2026-01-23 15:26:13       0m 29s  ...               19.25         0.48
16  2026-01-23 15:26:43       0m 38s  ...               85.84         2.58
17  2026-01-23 15:27:21       0m 27s  ...                0.76         0.02
18  2026-01-23 15:27:49       0m 28s  ...               23.22         0.57
19  2026-01-23 15:28:17       0m 34s  ...               62.76         1.72
20  2026-01-23 15:28:51       0m 26s  ...                1.10         0.03
21  2026-01-23 15:29:18       0m 28s  ...               19.31         0.52
22  2026-01-23 15:29:46       0m 30s  ...               42.05         1.16
23  2026-01-23 15:30:17       0m 24s  ...                6.56         0.18
24  2026-01-23 15:30:42       0m 25s  ...                1.51         0.04
25  2026-01-23 15:31:07       0m 26s  ...                8.51         0.22
26  2026-01-23 15:31:34       0m 27s  ...               12.12         0.31
27  2026-01-23 15:32:02       0m 29s  ...               32.69         0.79
28  2026-01-23 15:32:31       0m 27s  ...                2.15         0.06
29  2026-01-23 15:32:58       0m 26s  ...                2.94         0.07
30  2026-01-23 15:33:24       0m 27s  ...               12.91         0.30
31  2026-01-23 15:33:52       0m 28s  ...               42.77         1.19
32  2026-01-23 15:34:20       0m 33s  ...               65.54         1.89
33  2026-01-23 15:34:53       0m 27s  ...               10.11         0.24
34  2026-01-23 15:35:21       0m 26s  ...                4.05         0.11
35  2026-01-23 15:35:48       0m 26s  ...                1.89         0.05
36  2026-01-23 15:36:14       0m 26s  ...                5.54         0.15
37  2026-01-23 15:36:40       0m 25s  ...                0.46         0.01

[38 rows x 24 columns]
              timestamp time_elapsed  ... severity_rate_patch Gradient_sr2
0   2026-01-23 15:19:11       0m 25s  ...                1.74         0.04
1   2026-01-23 15:19:37       0m 25s  ...                4.36         0.11
2   2026-01-23 15:20:03       0m 26s  ...                0.85         0.02
3   2026-01-23 15:20:29       0m 29s  ...               25.47         0.67
4   2026-01-23 15:20:59       0m 30s  ...               37.39         0.99
5   2026-01-23 15:21:30       0m 27s  ...                0.45         0.01
6   2026-01-23 15:21:57       0m 30s  ...               38.62         0.91
7   2026-01-23 15:22:27       0m 30s  ...               19.86         0.56
8   2026-01-23 15:22:57       0m 29s  ...               39.61         1.05
9   2026-01-23 15:23:26       0m 26s  ...                1.79         0.05
10  2026-01-23 15:23:52       0m 26s  ...                2.79         0.07
11  2026-01-23 15:24:19       0m 28s  ...               20.77         0.49
12  2026-01-23 15:24:48       0m 27s  ...               20.60         0.51
13  2026-01-23 15:25:16       0m 27s  ...               15.28         0.35
14  2026-01-23 15:25:43       0m 30s  ...               30.18         0.79
15  2026-01-23 15:26:13       0m 29s  ...               19.25         0.48
16  2026-01-23 15:26:43       0m 38s  ...               85.84         2.58
17  2026-01-23 15:27:21       0m 27s  ...                0.76         0.02
18  2026-01-23 15:27:49       0m 28s  ...               23.22         0.57
19  2026-01-23 15:28:17       0m 34s  ...               62.76         1.72
20  2026-01-23 15:28:51       0m 26s  ...                1.10         0.03
21  2026-01-23 15:29:18       0m 28s  ...               19.31         0.52
22  2026-01-23 15:29:46       0m 30s  ...               42.05         1.16
23  2026-01-23 15:30:17       0m 24s  ...                6.56         0.18
24  2026-01-23 15:30:42       0m 25s  ...                1.51         0.04
25  2026-01-23 15:31:07       0m 26s  ...                8.51         0.22
26  2026-01-23 15:31:34       0m 27s  ...               12.12         0.31
27  2026-01-23 15:32:02       0m 29s  ...               32.69         0.79
28  2026-01-23 15:32:31       0m 27s  ...                2.15         0.06
29  2026-01-23 15:32:58       0m 26s  ...                2.94         0.07
30  2026-01-23 15:33:24       0m 27s  ...               12.91         0.30
31  2026-01-23 15:33:52       0m 28s  ...               42.77         1.19
32  2026-01-23 15:34:20       0m 33s  ...               65.54         1.89
33  2026-01-23 15:34:53       0m 27s  ...               10.11         0.24
34  2026-01-23 15:35:21       0m 26s  ...                4.05         0.11
35  2026-01-23 15:35:48       0m 26s  ...                1.89         0.05
36  2026-01-23 15:36:14       0m 26s  ...                5.54         0.15
37  2026-01-23 15:36:40       0m 25s  ...                0.46         0.01
38  2026-01-23 15:37:06       0m 25s  ...                1.59         0.04

[39 rows x 24 columns]
[2026-01-23 15:39:09,939] - [root] - [INFO] - Analysis finished: 0m 33s
[2026-01-23 15:39:09,939] - [root] - [INFO] - -------------------------------------------
[2026-01-23 15:39:09,939] - [root] - [INFO] - -------------------------------------------
[2026-01-23 15:39:09,939] - [root] - [INFO] - Processing 1-22-2026 5dpi 101-W2021011-565_R1.png
[2026-01-23 15:39:27,554] - [root] - [INFO] - Finished loading mask: 0m 17s
[2026-01-23 15:39:46,840] - [root] - [INFO] - Finished crop and inference: 0m 36s
[2026-01-23 15:39:48,401] - [root] - [INFO] - Analysis finished: 0m 38s
[2026-01-23 15:39:48,402] - [root] - [INFO] - -------------------------------------------
[2026-01-23 15:39:48,402] - [root] - [INFO] - -------------------------------------------
[2026-01-23 15:39:48,402] - [root] - [INFO] - Processing 1-22-2026 5dpi 105-W2021011-558_R1.png
[2026-01-23 15:40:05,971] - [root] - [INFO] - Finished loading mask: 0m 17s
[2026-01-23 15:40:13,621] - [root] - [INFO] - Finished crop and inference: 0m 25s
              timestamp time_elapsed  ... severity_rate_patch Gradient_sr2
0   2026-01-23 15:19:11       0m 25s  ...                1.74         0.04
1   2026-01-23 15:19:37       0m 25s  ...                4.36         0.11
2   2026-01-23 15:20:03       0m 26s  ...                0.85         0.02
3   2026-01-23 15:20:29       0m 29s  ...               25.47         0.67
4   2026-01-23 15:20:59       0m 30s  ...               37.39         0.99
5   2026-01-23 15:21:30       0m 27s  ...                0.45         0.01
6   2026-01-23 15:21:57       0m 30s  ...               38.62         0.91
7   2026-01-23 15:22:27       0m 30s  ...               19.86         0.56
8   2026-01-23 15:22:57       0m 29s  ...               39.61         1.05
9   2026-01-23 15:23:26       0m 26s  ...                1.79         0.05
10  2026-01-23 15:23:52       0m 26s  ...                2.79         0.07
11  2026-01-23 15:24:19       0m 28s  ...               20.77         0.49
12  2026-01-23 15:24:48       0m 27s  ...               20.60         0.51
13  2026-01-23 15:25:16       0m 27s  ...               15.28         0.35
14  2026-01-23 15:25:43       0m 30s  ...               30.18         0.79
15  2026-01-23 15:26:13       0m 29s  ...               19.25         0.48
16  2026-01-23 15:26:43       0m 38s  ...               85.84         2.58
17  2026-01-23 15:27:21       0m 27s  ...                0.76         0.02
18  2026-01-23 15:27:49       0m 28s  ...               23.22         0.57
19  2026-01-23 15:28:17       0m 34s  ...               62.76         1.72
20  2026-01-23 15:28:51       0m 26s  ...                1.10         0.03
21  2026-01-23 15:29:18       0m 28s  ...               19.31         0.52
22  2026-01-23 15:29:46       0m 30s  ...               42.05         1.16
23  2026-01-23 15:30:17       0m 24s  ...                6.56         0.18
24  2026-01-23 15:30:42       0m 25s  ...                1.51         0.04
25  2026-01-23 15:31:07       0m 26s  ...                8.51         0.22
26  2026-01-23 15:31:34       0m 27s  ...               12.12         0.31
27  2026-01-23 15:32:02       0m 29s  ...               32.69         0.79
28  2026-01-23 15:32:31       0m 27s  ...                2.15         0.06
29  2026-01-23 15:32:58       0m 26s  ...                2.94         0.07
30  2026-01-23 15:33:24       0m 27s  ...               12.91         0.30
31  2026-01-23 15:33:52       0m 28s  ...               42.77         1.19
32  2026-01-23 15:34:20       0m 33s  ...               65.54         1.89
33  2026-01-23 15:34:53       0m 27s  ...               10.11         0.24
34  2026-01-23 15:35:21       0m 26s  ...                4.05         0.11
35  2026-01-23 15:35:48       0m 26s  ...                1.89         0.05
36  2026-01-23 15:36:14       0m 26s  ...                5.54         0.15
37  2026-01-23 15:36:40       0m 25s  ...                0.46         0.01
38  2026-01-23 15:37:06       0m 25s  ...                1.59         0.04
39  2026-01-23 15:37:31       0m 31s  ...               43.85         1.03

[40 rows x 24 columns]
              timestamp time_elapsed  ... severity_rate_patch Gradient_sr2
0   2026-01-23 15:19:11       0m 25s  ...                1.74         0.04
1   2026-01-23 15:19:37       0m 25s  ...                4.36         0.11
2   2026-01-23 15:20:03       0m 26s  ...                0.85         0.02
3   2026-01-23 15:20:29       0m 29s  ...               25.47         0.67
4   2026-01-23 15:20:59       0m 30s  ...               37.39         0.99
5   2026-01-23 15:21:30       0m 27s  ...                0.45         0.01
6   2026-01-23 15:21:57       0m 30s  ...               38.62         0.91
7   2026-01-23 15:22:27       0m 30s  ...               19.86         0.56
8   2026-01-23 15:22:57       0m 29s  ...               39.61         1.05
9   2026-01-23 15:23:26       0m 26s  ...                1.79         0.05
10  2026-01-23 15:23:52       0m 26s  ...                2.79         0.07
11  2026-01-23 15:24:19       0m 28s  ...               20.77         0.49
12  2026-01-23 15:24:48       0m 27s  ...               20.60         0.51
13  2026-01-23 15:25:16       0m 27s  ...               15.28         0.35
14  2026-01-23 15:25:43       0m 30s  ...               30.18         0.79
15  2026-01-23 15:26:13       0m 29s  ...               19.25         0.48
16  2026-01-23 15:26:43       0m 38s  ...               85.84         2.58
17  2026-01-23 15:27:21       0m 27s  ...                0.76         0.02
18  2026-01-23 15:27:49       0m 28s  ...               23.22         0.57
19  2026-01-23 15:28:17       0m 34s  ...               62.76         1.72
20  2026-01-23 15:28:51       0m 26s  ...                1.10         0.03
21  2026-01-23 15:29:18       0m 28s  ...               19.31         0.52
22  2026-01-23 15:29:46       0m 30s  ...               42.05         1.16
23  2026-01-23 15:30:17       0m 24s  ...                6.56         0.18
24  2026-01-23 15:30:42       0m 25s  ...                1.51         0.04
25  2026-01-23 15:31:07       0m 26s  ...                8.51         0.22
26  2026-01-23 15:31:34       0m 27s  ...               12.12         0.31
27  2026-01-23 15:32:02       0m 29s  ...               32.69         0.79
28  2026-01-23 15:32:31       0m 27s  ...                2.15         0.06
29  2026-01-23 15:32:58       0m 26s  ...                2.94         0.07
30  2026-01-23 15:33:24       0m 27s  ...               12.91         0.30
31  2026-01-23 15:33:52       0m 28s  ...               42.77         1.19
32  2026-01-23 15:34:20       0m 33s  ...               65.54         1.89
33  2026-01-23 15:34:53       0m 27s  ...               10.11         0.24
34  2026-01-23 15:35:21       0m 26s  ...                4.05         0.11
35  2026-01-23 15:35:48       0m 26s  ...                1.89         0.05
36  2026-01-23 15:36:14       0m 26s  ...                5.54         0.15
37  2026-01-23 15:36:40       0m 25s  ...                0.46         0.01
38  2026-01-23 15:37:06       0m 25s  ...                1.59         0.04
39  2026-01-23 15:37:31       0m 31s  ...               43.85         1.03
40  2026-01-23 15:38:02       0m 33s  ...               61.84         1.56

[41 rows x 24 columns]
[2026-01-23 15:40:15,040] - [root] - [INFO] - Analysis finished: 0m 26s
[2026-01-23 15:40:15,041] - [root] - [INFO] - -------------------------------------------
[2026-01-23 15:40:15,041] - [root] - [INFO] - -------------------------------------------
[2026-01-23 15:40:15,041] - [root] - [INFO] - Processing 1-22-2026 5dpi 110-W2021011-454_R2.png
[2026-01-23 15:40:31,536] - [root] - [INFO] - Finished loading mask: 0m 16s
[2026-01-23 15:40:41,372] - [root] - [INFO] - Finished crop and inference: 0m 26s
[2026-01-23 15:40:42,804] - [root] - [INFO] - Analysis finished: 0m 27s
[2026-01-23 15:40:42,804] - [root] - [INFO] - -------------------------------------------
[2026-01-23 15:40:42,805] - [root] - [INFO] - -------------------------------------------
[2026-01-23 15:40:42,805] - [root] - [INFO] - Processing 1-22-2026 5dpi 111-W2021011-588_R2.png
[2026-01-23 15:40:59,848] - [root] - [INFO] - Finished loading mask: 0m 17s
[2026-01-23 15:41:08,340] - [root] - [INFO] - Finished crop and inference: 0m 25s
              timestamp time_elapsed  ... severity_rate_patch Gradient_sr2
0   2026-01-23 15:19:11       0m 25s  ...                1.74         0.04
1   2026-01-23 15:19:37       0m 25s  ...                4.36         0.11
2   2026-01-23 15:20:03       0m 26s  ...                0.85         0.02
3   2026-01-23 15:20:29       0m 29s  ...               25.47         0.67
4   2026-01-23 15:20:59       0m 30s  ...               37.39         0.99
5   2026-01-23 15:21:30       0m 27s  ...                0.45         0.01
6   2026-01-23 15:21:57       0m 30s  ...               38.62         0.91
7   2026-01-23 15:22:27       0m 30s  ...               19.86         0.56
8   2026-01-23 15:22:57       0m 29s  ...               39.61         1.05
9   2026-01-23 15:23:26       0m 26s  ...                1.79         0.05
10  2026-01-23 15:23:52       0m 26s  ...                2.79         0.07
11  2026-01-23 15:24:19       0m 28s  ...               20.77         0.49
12  2026-01-23 15:24:48       0m 27s  ...               20.60         0.51
13  2026-01-23 15:25:16       0m 27s  ...               15.28         0.35
14  2026-01-23 15:25:43       0m 30s  ...               30.18         0.79
15  2026-01-23 15:26:13       0m 29s  ...               19.25         0.48
16  2026-01-23 15:26:43       0m 38s  ...               85.84         2.58
17  2026-01-23 15:27:21       0m 27s  ...                0.76         0.02
18  2026-01-23 15:27:49       0m 28s  ...               23.22         0.57
19  2026-01-23 15:28:17       0m 34s  ...               62.76         1.72
20  2026-01-23 15:28:51       0m 26s  ...                1.10         0.03
21  2026-01-23 15:29:18       0m 28s  ...               19.31         0.52
22  2026-01-23 15:29:46       0m 30s  ...               42.05         1.16
23  2026-01-23 15:30:17       0m 24s  ...                6.56         0.18
24  2026-01-23 15:30:42       0m 25s  ...                1.51         0.04
25  2026-01-23 15:31:07       0m 26s  ...                8.51         0.22
26  2026-01-23 15:31:34       0m 27s  ...               12.12         0.31
27  2026-01-23 15:32:02       0m 29s  ...               32.69         0.79
28  2026-01-23 15:32:31       0m 27s  ...                2.15         0.06
29  2026-01-23 15:32:58       0m 26s  ...                2.94         0.07
30  2026-01-23 15:33:24       0m 27s  ...               12.91         0.30
31  2026-01-23 15:33:52       0m 28s  ...               42.77         1.19
32  2026-01-23 15:34:20       0m 33s  ...               65.54         1.89
33  2026-01-23 15:34:53       0m 27s  ...               10.11         0.24
34  2026-01-23 15:35:21       0m 26s  ...                4.05         0.11
35  2026-01-23 15:35:48       0m 26s  ...                1.89         0.05
36  2026-01-23 15:36:14       0m 26s  ...                5.54         0.15
37  2026-01-23 15:36:40       0m 25s  ...                0.46         0.01
38  2026-01-23 15:37:06       0m 25s  ...                1.59         0.04
39  2026-01-23 15:37:31       0m 31s  ...               43.85         1.03
40  2026-01-23 15:38:02       0m 33s  ...               61.84         1.56
41  2026-01-23 15:38:36       0m 32s  ...               46.89         1.19

[42 rows x 24 columns]
              timestamp time_elapsed  ... severity_rate_patch Gradient_sr2
0   2026-01-23 15:19:11       0m 25s  ...                1.74         0.04
1   2026-01-23 15:19:37       0m 25s  ...                4.36         0.11
2   2026-01-23 15:20:03       0m 26s  ...                0.85         0.02
3   2026-01-23 15:20:29       0m 29s  ...               25.47         0.67
4   2026-01-23 15:20:59       0m 30s  ...               37.39         0.99
5   2026-01-23 15:21:30       0m 27s  ...                0.45         0.01
6   2026-01-23 15:21:57       0m 30s  ...               38.62         0.91
7   2026-01-23 15:22:27       0m 30s  ...               19.86         0.56
8   2026-01-23 15:22:57       0m 29s  ...               39.61         1.05
9   2026-01-23 15:23:26       0m 26s  ...                1.79         0.05
10  2026-01-23 15:23:52       0m 26s  ...                2.79         0.07
11  2026-01-23 15:24:19       0m 28s  ...               20.77         0.49
12  2026-01-23 15:24:48       0m 27s  ...               20.60         0.51
13  2026-01-23 15:25:16       0m 27s  ...               15.28         0.35
14  2026-01-23 15:25:43       0m 30s  ...               30.18         0.79
15  2026-01-23 15:26:13       0m 29s  ...               19.25         0.48
16  2026-01-23 15:26:43       0m 38s  ...               85.84         2.58
17  2026-01-23 15:27:21       0m 27s  ...                0.76         0.02
18  2026-01-23 15:27:49       0m 28s  ...               23.22         0.57
19  2026-01-23 15:28:17       0m 34s  ...               62.76         1.72
20  2026-01-23 15:28:51       0m 26s  ...                1.10         0.03
21  2026-01-23 15:29:18       0m 28s  ...               19.31         0.52
22  2026-01-23 15:29:46       0m 30s  ...               42.05         1.16
23  2026-01-23 15:30:17       0m 24s  ...                6.56         0.18
24  2026-01-23 15:30:42       0m 25s  ...                1.51         0.04
25  2026-01-23 15:31:07       0m 26s  ...                8.51         0.22
26  2026-01-23 15:31:34       0m 27s  ...               12.12         0.31
27  2026-01-23 15:32:02       0m 29s  ...               32.69         0.79
28  2026-01-23 15:32:31       0m 27s  ...                2.15         0.06
29  2026-01-23 15:32:58       0m 26s  ...                2.94         0.07
30  2026-01-23 15:33:24       0m 27s  ...               12.91         0.30
31  2026-01-23 15:33:52       0m 28s  ...               42.77         1.19
32  2026-01-23 15:34:20       0m 33s  ...               65.54         1.89
33  2026-01-23 15:34:53       0m 27s  ...               10.11         0.24
34  2026-01-23 15:35:21       0m 26s  ...                4.05         0.11
35  2026-01-23 15:35:48       0m 26s  ...                1.89         0.05
36  2026-01-23 15:36:14       0m 26s  ...                5.54         0.15
37  2026-01-23 15:36:40       0m 25s  ...                0.46         0.01
38  2026-01-23 15:37:06       0m 25s  ...                1.59         0.04
39  2026-01-23 15:37:31       0m 31s  ...               43.85         1.03
40  2026-01-23 15:38:02       0m 33s  ...               61.84         1.56
41  2026-01-23 15:38:36       0m 32s  ...               46.89         1.19
42  2026-01-23 15:39:09       0m 38s  ...               80.70         2.32

[43 rows x 24 columns]
[2026-01-23 15:41:09,815] - [root] - [INFO] - Analysis finished: 0m 27s
[2026-01-23 15:41:09,815] - [root] - [INFO] - -------------------------------------------
[2026-01-23 15:41:09,815] - [root] - [INFO] - -------------------------------------------
[2026-01-23 15:41:09,815] - [root] - [INFO] - Processing 1-22-2026 5dpi 121-W2021009-185_R1.png
[2026-01-23 15:41:26,771] - [root] - [INFO] - Finished loading mask: 0m 16s
[2026-01-23 15:41:35,055] - [root] - [INFO] - Finished crop and inference: 0m 25s
[2026-01-23 15:41:36,533] - [root] - [INFO] - Analysis finished: 0m 26s
[2026-01-23 15:41:36,533] - [root] - [INFO] - -------------------------------------------
[2026-01-23 15:41:36,534] - [root] - [INFO] - -------------------------------------------
[2026-01-23 15:41:36,534] - [root] - [INFO] - Processing 1-22-2026 5dpi 123-W2021009-255_R2.png
[2026-01-23 15:41:53,057] - [root] - [INFO] - Finished loading mask: 0m 16s
[2026-01-23 15:42:02,396] - [root] - [INFO] - Finished crop and inference: 0m 25s
              timestamp time_elapsed  ... severity_rate_patch Gradient_sr2
0   2026-01-23 15:19:11       0m 25s  ...                1.74         0.04
1   2026-01-23 15:19:37       0m 25s  ...                4.36         0.11
2   2026-01-23 15:20:03       0m 26s  ...                0.85         0.02
3   2026-01-23 15:20:29       0m 29s  ...               25.47         0.67
4   2026-01-23 15:20:59       0m 30s  ...               37.39         0.99
5   2026-01-23 15:21:30       0m 27s  ...                0.45         0.01
6   2026-01-23 15:21:57       0m 30s  ...               38.62         0.91
7   2026-01-23 15:22:27       0m 30s  ...               19.86         0.56
8   2026-01-23 15:22:57       0m 29s  ...               39.61         1.05
9   2026-01-23 15:23:26       0m 26s  ...                1.79         0.05
10  2026-01-23 15:23:52       0m 26s  ...                2.79         0.07
11  2026-01-23 15:24:19       0m 28s  ...               20.77         0.49
12  2026-01-23 15:24:48       0m 27s  ...               20.60         0.51
13  2026-01-23 15:25:16       0m 27s  ...               15.28         0.35
14  2026-01-23 15:25:43       0m 30s  ...               30.18         0.79
15  2026-01-23 15:26:13       0m 29s  ...               19.25         0.48
16  2026-01-23 15:26:43       0m 38s  ...               85.84         2.58
17  2026-01-23 15:27:21       0m 27s  ...                0.76         0.02
18  2026-01-23 15:27:49       0m 28s  ...               23.22         0.57
19  2026-01-23 15:28:17       0m 34s  ...               62.76         1.72
20  2026-01-23 15:28:51       0m 26s  ...                1.10         0.03
21  2026-01-23 15:29:18       0m 28s  ...               19.31         0.52
22  2026-01-23 15:29:46       0m 30s  ...               42.05         1.16
23  2026-01-23 15:30:17       0m 24s  ...                6.56         0.18
24  2026-01-23 15:30:42       0m 25s  ...                1.51         0.04
25  2026-01-23 15:31:07       0m 26s  ...                8.51         0.22
26  2026-01-23 15:31:34       0m 27s  ...               12.12         0.31
27  2026-01-23 15:32:02       0m 29s  ...               32.69         0.79
28  2026-01-23 15:32:31       0m 27s  ...                2.15         0.06
29  2026-01-23 15:32:58       0m 26s  ...                2.94         0.07
30  2026-01-23 15:33:24       0m 27s  ...               12.91         0.30
31  2026-01-23 15:33:52       0m 28s  ...               42.77         1.19
32  2026-01-23 15:34:20       0m 33s  ...               65.54         1.89
33  2026-01-23 15:34:53       0m 27s  ...               10.11         0.24
34  2026-01-23 15:35:21       0m 26s  ...                4.05         0.11
35  2026-01-23 15:35:48       0m 26s  ...                1.89         0.05
36  2026-01-23 15:36:14       0m 26s  ...                5.54         0.15
37  2026-01-23 15:36:40       0m 25s  ...                0.46         0.01
38  2026-01-23 15:37:06       0m 25s  ...                1.59         0.04
39  2026-01-23 15:37:31       0m 31s  ...               43.85         1.03
40  2026-01-23 15:38:02       0m 33s  ...               61.84         1.56
41  2026-01-23 15:38:36       0m 32s  ...               46.89         1.19
42  2026-01-23 15:39:09       0m 38s  ...               80.70         2.32
43  2026-01-23 15:39:48       0m 26s  ...                2.90         0.07

[44 rows x 24 columns]
              timestamp time_elapsed  ... severity_rate_patch Gradient_sr2
0   2026-01-23 15:19:11       0m 25s  ...                1.74         0.04
1   2026-01-23 15:19:37       0m 25s  ...                4.36         0.11
2   2026-01-23 15:20:03       0m 26s  ...                0.85         0.02
3   2026-01-23 15:20:29       0m 29s  ...               25.47         0.67
4   2026-01-23 15:20:59       0m 30s  ...               37.39         0.99
5   2026-01-23 15:21:30       0m 27s  ...                0.45         0.01
6   2026-01-23 15:21:57       0m 30s  ...               38.62         0.91
7   2026-01-23 15:22:27       0m 30s  ...               19.86         0.56
8   2026-01-23 15:22:57       0m 29s  ...               39.61         1.05
9   2026-01-23 15:23:26       0m 26s  ...                1.79         0.05
10  2026-01-23 15:23:52       0m 26s  ...                2.79         0.07
11  2026-01-23 15:24:19       0m 28s  ...               20.77         0.49
12  2026-01-23 15:24:48       0m 27s  ...               20.60         0.51
13  2026-01-23 15:25:16       0m 27s  ...               15.28         0.35
14  2026-01-23 15:25:43       0m 30s  ...               30.18         0.79
15  2026-01-23 15:26:13       0m 29s  ...               19.25         0.48
16  2026-01-23 15:26:43       0m 38s  ...               85.84         2.58
17  2026-01-23 15:27:21       0m 27s  ...                0.76         0.02
18  2026-01-23 15:27:49       0m 28s  ...               23.22         0.57
19  2026-01-23 15:28:17       0m 34s  ...               62.76         1.72
20  2026-01-23 15:28:51       0m 26s  ...                1.10         0.03
21  2026-01-23 15:29:18       0m 28s  ...               19.31         0.52
22  2026-01-23 15:29:46       0m 30s  ...               42.05         1.16
23  2026-01-23 15:30:17       0m 24s  ...                6.56         0.18
24  2026-01-23 15:30:42       0m 25s  ...                1.51         0.04
25  2026-01-23 15:31:07       0m 26s  ...                8.51         0.22
26  2026-01-23 15:31:34       0m 27s  ...               12.12         0.31
27  2026-01-23 15:32:02       0m 29s  ...               32.69         0.79
28  2026-01-23 15:32:31       0m 27s  ...                2.15         0.06
29  2026-01-23 15:32:58       0m 26s  ...                2.94         0.07
30  2026-01-23 15:33:24       0m 27s  ...               12.91         0.30
31  2026-01-23 15:33:52       0m 28s  ...               42.77         1.19
32  2026-01-23 15:34:20       0m 33s  ...               65.54         1.89
33  2026-01-23 15:34:53       0m 27s  ...               10.11         0.24
34  2026-01-23 15:35:21       0m 26s  ...                4.05         0.11
35  2026-01-23 15:35:48       0m 26s  ...                1.89         0.05
36  2026-01-23 15:36:14       0m 26s  ...                5.54         0.15
37  2026-01-23 15:36:40       0m 25s  ...                0.46         0.01
38  2026-01-23 15:37:06       0m 25s  ...                1.59         0.04
39  2026-01-23 15:37:31       0m 31s  ...               43.85         1.03
40  2026-01-23 15:38:02       0m 33s  ...               61.84         1.56
41  2026-01-23 15:38:36       0m 32s  ...               46.89         1.19
42  2026-01-23 15:39:09       0m 38s  ...               80.70         2.32
43  2026-01-23 15:39:48       0m 26s  ...                2.90         0.07
44  2026-01-23 15:40:15       0m 27s  ...               11.56         0.29

[45 rows x 24 columns]
[2026-01-23 15:42:03,885] - [root] - [INFO] - Analysis finished: 0m 27s
[2026-01-23 15:42:03,885] - [root] - [INFO] - -------------------------------------------
[2026-01-23 15:42:03,885] - [root] - [INFO] - -------------------------------------------
[2026-01-23 15:42:03,885] - [root] - [INFO] - Processing 1-22-2026 5dpi 123-W2021009-621_R2.png
[2026-01-23 15:42:20,801] - [root] - [INFO] - Finished loading mask: 0m 16s
[2026-01-23 15:42:29,468] - [root] - [INFO] - Finished crop and inference: 0m 25s
[2026-01-23 15:42:30,924] - [root] - [INFO] - Analysis finished: 0m 27s
[2026-01-23 15:42:30,924] - [root] - [INFO] - -------------------------------------------
[2026-01-23 15:42:30,924] - [root] - [INFO] - -------------------------------------------
[2026-01-23 15:42:30,924] - [root] - [INFO] - Processing 1-22-2026 5dpi 127-W2021006-143_R2.png
[2026-01-23 15:42:47,745] - [root] - [INFO] - Finished loading mask: 0m 16s
[2026-01-23 15:42:55,304] - [root] - [INFO] - Finished crop and inference: 0m 24s
              timestamp time_elapsed  ... severity_rate_patch Gradient_sr2
0   2026-01-23 15:19:11       0m 25s  ...                1.74         0.04
1   2026-01-23 15:19:37       0m 25s  ...                4.36         0.11
2   2026-01-23 15:20:03       0m 26s  ...                0.85         0.02
3   2026-01-23 15:20:29       0m 29s  ...               25.47         0.67
4   2026-01-23 15:20:59       0m 30s  ...               37.39         0.99
5   2026-01-23 15:21:30       0m 27s  ...                0.45         0.01
6   2026-01-23 15:21:57       0m 30s  ...               38.62         0.91
7   2026-01-23 15:22:27       0m 30s  ...               19.86         0.56
8   2026-01-23 15:22:57       0m 29s  ...               39.61         1.05
9   2026-01-23 15:23:26       0m 26s  ...                1.79         0.05
10  2026-01-23 15:23:52       0m 26s  ...                2.79         0.07
11  2026-01-23 15:24:19       0m 28s  ...               20.77         0.49
12  2026-01-23 15:24:48       0m 27s  ...               20.60         0.51
13  2026-01-23 15:25:16       0m 27s  ...               15.28         0.35
14  2026-01-23 15:25:43       0m 30s  ...               30.18         0.79
15  2026-01-23 15:26:13       0m 29s  ...               19.25         0.48
16  2026-01-23 15:26:43       0m 38s  ...               85.84         2.58
17  2026-01-23 15:27:21       0m 27s  ...                0.76         0.02
18  2026-01-23 15:27:49       0m 28s  ...               23.22         0.57
19  2026-01-23 15:28:17       0m 34s  ...               62.76         1.72
20  2026-01-23 15:28:51       0m 26s  ...                1.10         0.03
21  2026-01-23 15:29:18       0m 28s  ...               19.31         0.52
22  2026-01-23 15:29:46       0m 30s  ...               42.05         1.16
23  2026-01-23 15:30:17       0m 24s  ...                6.56         0.18
24  2026-01-23 15:30:42       0m 25s  ...                1.51         0.04
25  2026-01-23 15:31:07       0m 26s  ...                8.51         0.22
26  2026-01-23 15:31:34       0m 27s  ...               12.12         0.31
27  2026-01-23 15:32:02       0m 29s  ...               32.69         0.79
28  2026-01-23 15:32:31       0m 27s  ...                2.15         0.06
29  2026-01-23 15:32:58       0m 26s  ...                2.94         0.07
30  2026-01-23 15:33:24       0m 27s  ...               12.91         0.30
31  2026-01-23 15:33:52       0m 28s  ...               42.77         1.19
32  2026-01-23 15:34:20       0m 33s  ...               65.54         1.89
33  2026-01-23 15:34:53       0m 27s  ...               10.11         0.24
34  2026-01-23 15:35:21       0m 26s  ...                4.05         0.11
35  2026-01-23 15:35:48       0m 26s  ...                1.89         0.05
36  2026-01-23 15:36:14       0m 26s  ...                5.54         0.15
37  2026-01-23 15:36:40       0m 25s  ...                0.46         0.01
38  2026-01-23 15:37:06       0m 25s  ...                1.59         0.04
39  2026-01-23 15:37:31       0m 31s  ...               43.85         1.03
40  2026-01-23 15:38:02       0m 33s  ...               61.84         1.56
41  2026-01-23 15:38:36       0m 32s  ...               46.89         1.19
42  2026-01-23 15:39:09       0m 38s  ...               80.70         2.32
43  2026-01-23 15:39:48       0m 26s  ...                2.90         0.07
44  2026-01-23 15:40:15       0m 27s  ...               11.56         0.29
45  2026-01-23 15:40:42       0m 26s  ...                4.11         0.11

[46 rows x 24 columns]
              timestamp time_elapsed  ... severity_rate_patch Gradient_sr2
0   2026-01-23 15:19:11       0m 25s  ...                1.74         0.04
1   2026-01-23 15:19:37       0m 25s  ...                4.36         0.11
2   2026-01-23 15:20:03       0m 26s  ...                0.85         0.02
3   2026-01-23 15:20:29       0m 29s  ...               25.47         0.67
4   2026-01-23 15:20:59       0m 30s  ...               37.39         0.99
5   2026-01-23 15:21:30       0m 27s  ...                0.45         0.01
6   2026-01-23 15:21:57       0m 30s  ...               38.62         0.91
7   2026-01-23 15:22:27       0m 30s  ...               19.86         0.56
8   2026-01-23 15:22:57       0m 29s  ...               39.61         1.05
9   2026-01-23 15:23:26       0m 26s  ...                1.79         0.05
10  2026-01-23 15:23:52       0m 26s  ...                2.79         0.07
11  2026-01-23 15:24:19       0m 28s  ...               20.77         0.49
12  2026-01-23 15:24:48       0m 27s  ...               20.60         0.51
13  2026-01-23 15:25:16       0m 27s  ...               15.28         0.35
14  2026-01-23 15:25:43       0m 30s  ...               30.18         0.79
15  2026-01-23 15:26:13       0m 29s  ...               19.25         0.48
16  2026-01-23 15:26:43       0m 38s  ...               85.84         2.58
17  2026-01-23 15:27:21       0m 27s  ...                0.76         0.02
18  2026-01-23 15:27:49       0m 28s  ...               23.22         0.57
19  2026-01-23 15:28:17       0m 34s  ...               62.76         1.72
20  2026-01-23 15:28:51       0m 26s  ...                1.10         0.03
21  2026-01-23 15:29:18       0m 28s  ...               19.31         0.52
22  2026-01-23 15:29:46       0m 30s  ...               42.05         1.16
23  2026-01-23 15:30:17       0m 24s  ...                6.56         0.18
24  2026-01-23 15:30:42       0m 25s  ...                1.51         0.04
25  2026-01-23 15:31:07       0m 26s  ...                8.51         0.22
26  2026-01-23 15:31:34       0m 27s  ...               12.12         0.31
27  2026-01-23 15:32:02       0m 29s  ...               32.69         0.79
28  2026-01-23 15:32:31       0m 27s  ...                2.15         0.06
29  2026-01-23 15:32:58       0m 26s  ...                2.94         0.07
30  2026-01-23 15:33:24       0m 27s  ...               12.91         0.30
31  2026-01-23 15:33:52       0m 28s  ...               42.77         1.19
32  2026-01-23 15:34:20       0m 33s  ...               65.54         1.89
33  2026-01-23 15:34:53       0m 27s  ...               10.11         0.24
34  2026-01-23 15:35:21       0m 26s  ...                4.05         0.11
35  2026-01-23 15:35:48       0m 26s  ...                1.89         0.05
36  2026-01-23 15:36:14       0m 26s  ...                5.54         0.15
37  2026-01-23 15:36:40       0m 25s  ...                0.46         0.01
38  2026-01-23 15:37:06       0m 25s  ...                1.59         0.04
39  2026-01-23 15:37:31       0m 31s  ...               43.85         1.03
40  2026-01-23 15:38:02       0m 33s  ...               61.84         1.56
41  2026-01-23 15:38:36       0m 32s  ...               46.89         1.19
42  2026-01-23 15:39:09       0m 38s  ...               80.70         2.32
43  2026-01-23 15:39:48       0m 26s  ...                2.90         0.07
44  2026-01-23 15:40:15       0m 27s  ...               11.56         0.29
45  2026-01-23 15:40:42       0m 26s  ...                4.11         0.11
46  2026-01-23 15:41:09       0m 26s  ...               11.45         0.30

[47 rows x 24 columns]
[2026-01-23 15:42:56,793] - [root] - [INFO] - Analysis finished: 0m 25s
[2026-01-23 15:42:56,793] - [root] - [INFO] - -------------------------------------------
[2026-01-23 15:42:56,793] - [root] - [INFO] - -------------------------------------------
[2026-01-23 15:42:56,793] - [root] - [INFO] - Processing 1-22-2026 5dpi 127-W2021009-292_R2.png
[2026-01-23 15:43:13,494] - [root] - [INFO] - Finished loading mask: 0m 16s
[2026-01-23 15:43:32,698] - [root] - [INFO] - Finished crop and inference: 0m 35s
[2026-01-23 15:43:34,273] - [root] - [INFO] - Analysis finished: 0m 37s
[2026-01-23 15:43:34,273] - [root] - [INFO] - -------------------------------------------
[2026-01-23 15:43:34,273] - [root] - [INFO] - -------------------------------------------
[2026-01-23 15:43:34,273] - [root] - [INFO] - Processing 1-22-2026 5dpi 128-W2021006-013_R1.png
[2026-01-23 15:43:52,150] - [root] - [INFO] - Finished loading mask: 0m 17s
[2026-01-23 15:44:08,147] - [root] - [INFO] - Finished crop and inference: 0m 33s
              timestamp time_elapsed  ... severity_rate_patch Gradient_sr2
0   2026-01-23 15:19:11       0m 25s  ...                1.74         0.04
1   2026-01-23 15:19:37       0m 25s  ...                4.36         0.11
2   2026-01-23 15:20:03       0m 26s  ...                0.85         0.02
3   2026-01-23 15:20:29       0m 29s  ...               25.47         0.67
4   2026-01-23 15:20:59       0m 30s  ...               37.39         0.99
5   2026-01-23 15:21:30       0m 27s  ...                0.45         0.01
6   2026-01-23 15:21:57       0m 30s  ...               38.62         0.91
7   2026-01-23 15:22:27       0m 30s  ...               19.86         0.56
8   2026-01-23 15:22:57       0m 29s  ...               39.61         1.05
9   2026-01-23 15:23:26       0m 26s  ...                1.79         0.05
10  2026-01-23 15:23:52       0m 26s  ...                2.79         0.07
11  2026-01-23 15:24:19       0m 28s  ...               20.77         0.49
12  2026-01-23 15:24:48       0m 27s  ...               20.60         0.51
13  2026-01-23 15:25:16       0m 27s  ...               15.28         0.35
14  2026-01-23 15:25:43       0m 30s  ...               30.18         0.79
15  2026-01-23 15:26:13       0m 29s  ...               19.25         0.48
16  2026-01-23 15:26:43       0m 38s  ...               85.84         2.58
17  2026-01-23 15:27:21       0m 27s  ...                0.76         0.02
18  2026-01-23 15:27:49       0m 28s  ...               23.22         0.57
19  2026-01-23 15:28:17       0m 34s  ...               62.76         1.72
20  2026-01-23 15:28:51       0m 26s  ...                1.10         0.03
21  2026-01-23 15:29:18       0m 28s  ...               19.31         0.52
22  2026-01-23 15:29:46       0m 30s  ...               42.05         1.16
23  2026-01-23 15:30:17       0m 24s  ...                6.56         0.18
24  2026-01-23 15:30:42       0m 25s  ...                1.51         0.04
25  2026-01-23 15:31:07       0m 26s  ...                8.51         0.22
26  2026-01-23 15:31:34       0m 27s  ...               12.12         0.31
27  2026-01-23 15:32:02       0m 29s  ...               32.69         0.79
28  2026-01-23 15:32:31       0m 27s  ...                2.15         0.06
29  2026-01-23 15:32:58       0m 26s  ...                2.94         0.07
30  2026-01-23 15:33:24       0m 27s  ...               12.91         0.30
31  2026-01-23 15:33:52       0m 28s  ...               42.77         1.19
32  2026-01-23 15:34:20       0m 33s  ...               65.54         1.89
33  2026-01-23 15:34:53       0m 27s  ...               10.11         0.24
34  2026-01-23 15:35:21       0m 26s  ...                4.05         0.11
35  2026-01-23 15:35:48       0m 26s  ...                1.89         0.05
36  2026-01-23 15:36:14       0m 26s  ...                5.54         0.15
37  2026-01-23 15:36:40       0m 25s  ...                0.46         0.01
38  2026-01-23 15:37:06       0m 25s  ...                1.59         0.04
39  2026-01-23 15:37:31       0m 31s  ...               43.85         1.03
40  2026-01-23 15:38:02       0m 33s  ...               61.84         1.56
41  2026-01-23 15:38:36       0m 32s  ...               46.89         1.19
42  2026-01-23 15:39:09       0m 38s  ...               80.70         2.32
43  2026-01-23 15:39:48       0m 26s  ...                2.90         0.07
44  2026-01-23 15:40:15       0m 27s  ...               11.56         0.29
45  2026-01-23 15:40:42       0m 26s  ...                4.11         0.11
46  2026-01-23 15:41:09       0m 26s  ...               11.45         0.30
47  2026-01-23 15:41:36       0m 27s  ...               11.80         0.25

[48 rows x 24 columns]
              timestamp time_elapsed  ... severity_rate_patch Gradient_sr2
0   2026-01-23 15:19:11       0m 25s  ...                1.74         0.04
1   2026-01-23 15:19:37       0m 25s  ...                4.36         0.11
2   2026-01-23 15:20:03       0m 26s  ...                0.85         0.02
3   2026-01-23 15:20:29       0m 29s  ...               25.47         0.67
4   2026-01-23 15:20:59       0m 30s  ...               37.39         0.99
5   2026-01-23 15:21:30       0m 27s  ...                0.45         0.01
6   2026-01-23 15:21:57       0m 30s  ...               38.62         0.91
7   2026-01-23 15:22:27       0m 30s  ...               19.86         0.56
8   2026-01-23 15:22:57       0m 29s  ...               39.61         1.05
9   2026-01-23 15:23:26       0m 26s  ...                1.79         0.05
10  2026-01-23 15:23:52       0m 26s  ...                2.79         0.07
11  2026-01-23 15:24:19       0m 28s  ...               20.77         0.49
12  2026-01-23 15:24:48       0m 27s  ...               20.60         0.51
13  2026-01-23 15:25:16       0m 27s  ...               15.28         0.35
14  2026-01-23 15:25:43       0m 30s  ...               30.18         0.79
15  2026-01-23 15:26:13       0m 29s  ...               19.25         0.48
16  2026-01-23 15:26:43       0m 38s  ...               85.84         2.58
17  2026-01-23 15:27:21       0m 27s  ...                0.76         0.02
18  2026-01-23 15:27:49       0m 28s  ...               23.22         0.57
19  2026-01-23 15:28:17       0m 34s  ...               62.76         1.72
20  2026-01-23 15:28:51       0m 26s  ...                1.10         0.03
21  2026-01-23 15:29:18       0m 28s  ...               19.31         0.52
22  2026-01-23 15:29:46       0m 30s  ...               42.05         1.16
23  2026-01-23 15:30:17       0m 24s  ...                6.56         0.18
24  2026-01-23 15:30:42       0m 25s  ...                1.51         0.04
25  2026-01-23 15:31:07       0m 26s  ...                8.51         0.22
26  2026-01-23 15:31:34       0m 27s  ...               12.12         0.31
27  2026-01-23 15:32:02       0m 29s  ...               32.69         0.79
28  2026-01-23 15:32:31       0m 27s  ...                2.15         0.06
29  2026-01-23 15:32:58       0m 26s  ...                2.94         0.07
30  2026-01-23 15:33:24       0m 27s  ...               12.91         0.30
31  2026-01-23 15:33:52       0m 28s  ...               42.77         1.19
32  2026-01-23 15:34:20       0m 33s  ...               65.54         1.89
33  2026-01-23 15:34:53       0m 27s  ...               10.11         0.24
34  2026-01-23 15:35:21       0m 26s  ...                4.05         0.11
35  2026-01-23 15:35:48       0m 26s  ...                1.89         0.05
36  2026-01-23 15:36:14       0m 26s  ...                5.54         0.15
37  2026-01-23 15:36:40       0m 25s  ...                0.46         0.01
38  2026-01-23 15:37:06       0m 25s  ...                1.59         0.04
39  2026-01-23 15:37:31       0m 31s  ...               43.85         1.03
40  2026-01-23 15:38:02       0m 33s  ...               61.84         1.56
41  2026-01-23 15:38:36       0m 32s  ...               46.89         1.19
42  2026-01-23 15:39:09       0m 38s  ...               80.70         2.32
43  2026-01-23 15:39:48       0m 26s  ...                2.90         0.07
44  2026-01-23 15:40:15       0m 27s  ...               11.56         0.29
45  2026-01-23 15:40:42       0m 26s  ...                4.11         0.11
46  2026-01-23 15:41:09       0m 26s  ...               11.45         0.30
47  2026-01-23 15:41:36       0m 27s  ...               11.80         0.25
48  2026-01-23 15:42:03       0m 27s  ...                6.42         0.18

[49 rows x 24 columns]
[2026-01-23 15:44:09,606] - [root] - [INFO] - Analysis finished: 0m 35s
[2026-01-23 15:44:09,606] - [root] - [INFO] - -------------------------------------------
[2026-01-23 15:44:09,606] - [root] - [INFO] - -------------------------------------------
[2026-01-23 15:44:09,606] - [root] - [INFO] - Processing 1-22-2026 5dpi 129-W2021006-119_R2.png
[2026-01-23 15:44:27,209] - [root] - [INFO] - Finished loading mask: 0m 17s
[2026-01-23 15:44:36,467] - [root] - [INFO] - Finished crop and inference: 0m 26s
[2026-01-23 15:44:37,918] - [root] - [INFO] - Analysis finished: 0m 28s
[2026-01-23 15:44:37,918] - [root] - [INFO] - -------------------------------------------
[2026-01-23 15:44:37,918] - [root] - [INFO] - -------------------------------------------
[2026-01-23 15:44:37,918] - [root] - [INFO] - Processing 1-22-2026 5dpi 132-W2021010-399_R1.png
[2026-01-23 15:44:54,314] - [root] - [INFO] - Finished loading mask: 0m 16s
[2026-01-23 15:45:02,213] - [root] - [INFO] - Finished crop and inference: 0m 24s
              timestamp time_elapsed  ... severity_rate_patch Gradient_sr2
0   2026-01-23 15:19:11       0m 25s  ...                1.74         0.04
1   2026-01-23 15:19:37       0m 25s  ...                4.36         0.11
2   2026-01-23 15:20:03       0m 26s  ...                0.85         0.02
3   2026-01-23 15:20:29       0m 29s  ...               25.47         0.67
4   2026-01-23 15:20:59       0m 30s  ...               37.39         0.99
5   2026-01-23 15:21:30       0m 27s  ...                0.45         0.01
6   2026-01-23 15:21:57       0m 30s  ...               38.62         0.91
7   2026-01-23 15:22:27       0m 30s  ...               19.86         0.56
8   2026-01-23 15:22:57       0m 29s  ...               39.61         1.05
9   2026-01-23 15:23:26       0m 26s  ...                1.79         0.05
10  2026-01-23 15:23:52       0m 26s  ...                2.79         0.07
11  2026-01-23 15:24:19       0m 28s  ...               20.77         0.49
12  2026-01-23 15:24:48       0m 27s  ...               20.60         0.51
13  2026-01-23 15:25:16       0m 27s  ...               15.28         0.35
14  2026-01-23 15:25:43       0m 30s  ...               30.18         0.79
15  2026-01-23 15:26:13       0m 29s  ...               19.25         0.48
16  2026-01-23 15:26:43       0m 38s  ...               85.84         2.58
17  2026-01-23 15:27:21       0m 27s  ...                0.76         0.02
18  2026-01-23 15:27:49       0m 28s  ...               23.22         0.57
19  2026-01-23 15:28:17       0m 34s  ...               62.76         1.72
20  2026-01-23 15:28:51       0m 26s  ...                1.10         0.03
21  2026-01-23 15:29:18       0m 28s  ...               19.31         0.52
22  2026-01-23 15:29:46       0m 30s  ...               42.05         1.16
23  2026-01-23 15:30:17       0m 24s  ...                6.56         0.18
24  2026-01-23 15:30:42       0m 25s  ...                1.51         0.04
25  2026-01-23 15:31:07       0m 26s  ...                8.51         0.22
26  2026-01-23 15:31:34       0m 27s  ...               12.12         0.31
27  2026-01-23 15:32:02       0m 29s  ...               32.69         0.79
28  2026-01-23 15:32:31       0m 27s  ...                2.15         0.06
29  2026-01-23 15:32:58       0m 26s  ...                2.94         0.07
30  2026-01-23 15:33:24       0m 27s  ...               12.91         0.30
31  2026-01-23 15:33:52       0m 28s  ...               42.77         1.19
32  2026-01-23 15:34:20       0m 33s  ...               65.54         1.89
33  2026-01-23 15:34:53       0m 27s  ...               10.11         0.24
34  2026-01-23 15:35:21       0m 26s  ...                4.05         0.11
35  2026-01-23 15:35:48       0m 26s  ...                1.89         0.05
36  2026-01-23 15:36:14       0m 26s  ...                5.54         0.15
37  2026-01-23 15:36:40       0m 25s  ...                0.46         0.01
38  2026-01-23 15:37:06       0m 25s  ...                1.59         0.04
39  2026-01-23 15:37:31       0m 31s  ...               43.85         1.03
40  2026-01-23 15:38:02       0m 33s  ...               61.84         1.56
41  2026-01-23 15:38:36       0m 32s  ...               46.89         1.19
42  2026-01-23 15:39:09       0m 38s  ...               80.70         2.32
43  2026-01-23 15:39:48       0m 26s  ...                2.90         0.07
44  2026-01-23 15:40:15       0m 27s  ...               11.56         0.29
45  2026-01-23 15:40:42       0m 26s  ...                4.11         0.11
46  2026-01-23 15:41:09       0m 26s  ...               11.45         0.30
47  2026-01-23 15:41:36       0m 27s  ...               11.80         0.25
48  2026-01-23 15:42:03       0m 27s  ...                6.42         0.18
49  2026-01-23 15:42:30       0m 25s  ...                0.78         0.02

[50 rows x 24 columns]
              timestamp time_elapsed  ... severity_rate_patch Gradient_sr2
0   2026-01-23 15:19:11       0m 25s  ...                1.74         0.04
1   2026-01-23 15:19:37       0m 25s  ...                4.36         0.11
2   2026-01-23 15:20:03       0m 26s  ...                0.85         0.02
3   2026-01-23 15:20:29       0m 29s  ...               25.47         0.67
4   2026-01-23 15:20:59       0m 30s  ...               37.39         0.99
5   2026-01-23 15:21:30       0m 27s  ...                0.45         0.01
6   2026-01-23 15:21:57       0m 30s  ...               38.62         0.91
7   2026-01-23 15:22:27       0m 30s  ...               19.86         0.56
8   2026-01-23 15:22:57       0m 29s  ...               39.61         1.05
9   2026-01-23 15:23:26       0m 26s  ...                1.79         0.05
10  2026-01-23 15:23:52       0m 26s  ...                2.79         0.07
11  2026-01-23 15:24:19       0m 28s  ...               20.77         0.49
12  2026-01-23 15:24:48       0m 27s  ...               20.60         0.51
13  2026-01-23 15:25:16       0m 27s  ...               15.28         0.35
14  2026-01-23 15:25:43       0m 30s  ...               30.18         0.79
15  2026-01-23 15:26:13       0m 29s  ...               19.25         0.48
16  2026-01-23 15:26:43       0m 38s  ...               85.84         2.58
17  2026-01-23 15:27:21       0m 27s  ...                0.76         0.02
18  2026-01-23 15:27:49       0m 28s  ...               23.22         0.57
19  2026-01-23 15:28:17       0m 34s  ...               62.76         1.72
20  2026-01-23 15:28:51       0m 26s  ...                1.10         0.03
21  2026-01-23 15:29:18       0m 28s  ...               19.31         0.52
22  2026-01-23 15:29:46       0m 30s  ...               42.05         1.16
23  2026-01-23 15:30:17       0m 24s  ...                6.56         0.18
24  2026-01-23 15:30:42       0m 25s  ...                1.51         0.04
25  2026-01-23 15:31:07       0m 26s  ...                8.51         0.22
26  2026-01-23 15:31:34       0m 27s  ...               12.12         0.31
27  2026-01-23 15:32:02       0m 29s  ...               32.69         0.79
28  2026-01-23 15:32:31       0m 27s  ...                2.15         0.06
29  2026-01-23 15:32:58       0m 26s  ...                2.94         0.07
30  2026-01-23 15:33:24       0m 27s  ...               12.91         0.30
31  2026-01-23 15:33:52       0m 28s  ...               42.77         1.19
32  2026-01-23 15:34:20       0m 33s  ...               65.54         1.89
33  2026-01-23 15:34:53       0m 27s  ...               10.11         0.24
34  2026-01-23 15:35:21       0m 26s  ...                4.05         0.11
35  2026-01-23 15:35:48       0m 26s  ...                1.89         0.05
36  2026-01-23 15:36:14       0m 26s  ...                5.54         0.15
37  2026-01-23 15:36:40       0m 25s  ...                0.46         0.01
38  2026-01-23 15:37:06       0m 25s  ...                1.59         0.04
39  2026-01-23 15:37:31       0m 31s  ...               43.85         1.03
40  2026-01-23 15:38:02       0m 33s  ...               61.84         1.56
41  2026-01-23 15:38:36       0m 32s  ...               46.89         1.19
42  2026-01-23 15:39:09       0m 38s  ...               80.70         2.32
43  2026-01-23 15:39:48       0m 26s  ...                2.90         0.07
44  2026-01-23 15:40:15       0m 27s  ...               11.56         0.29
45  2026-01-23 15:40:42       0m 26s  ...                4.11         0.11
46  2026-01-23 15:41:09       0m 26s  ...               11.45         0.30
47  2026-01-23 15:41:36       0m 27s  ...               11.80         0.25
48  2026-01-23 15:42:03       0m 27s  ...                6.42         0.18
49  2026-01-23 15:42:30       0m 25s  ...                0.78         0.02
50  2026-01-23 15:42:56       0m 37s  ...               83.75         2.58

[51 rows x 24 columns]
[2026-01-23 15:45:03,694] - [root] - [INFO] - Analysis finished: 0m 25s
[2026-01-23 15:45:03,694] - [root] - [INFO] - -------------------------------------------
[2026-01-23 15:45:03,695] - [root] - [INFO] - -------------------------------------------
[2026-01-23 15:45:03,695] - [root] - [INFO] - Processing 1-22-2026 5dpi 132-W2021011-644_R2.png
[2026-01-23 15:45:20,090] - [root] - [INFO] - Finished loading mask: 0m 16s
[2026-01-23 15:45:29,959] - [root] - [INFO] - Finished crop and inference: 0m 26s
              timestamp time_elapsed  ... severity_rate_patch Gradient_sr2
0   2026-01-23 15:19:11       0m 25s  ...                1.74         0.04
1   2026-01-23 15:19:37       0m 25s  ...                4.36         0.11
2   2026-01-23 15:20:03       0m 26s  ...                0.85         0.02
3   2026-01-23 15:20:29       0m 29s  ...               25.47         0.67
4   2026-01-23 15:20:59       0m 30s  ...               37.39         0.99
5   2026-01-23 15:21:30       0m 27s  ...                0.45         0.01
6   2026-01-23 15:21:57       0m 30s  ...               38.62         0.91
7   2026-01-23 15:22:27       0m 30s  ...               19.86         0.56
8   2026-01-23 15:22:57       0m 29s  ...               39.61         1.05
9   2026-01-23 15:23:26       0m 26s  ...                1.79         0.05
10  2026-01-23 15:23:52       0m 26s  ...                2.79         0.07
11  2026-01-23 15:24:19       0m 28s  ...               20.77         0.49
12  2026-01-23 15:24:48       0m 27s  ...               20.60         0.51
13  2026-01-23 15:25:16       0m 27s  ...               15.28         0.35
14  2026-01-23 15:25:43       0m 30s  ...               30.18         0.79
15  2026-01-23 15:26:13       0m 29s  ...               19.25         0.48
16  2026-01-23 15:26:43       0m 38s  ...               85.84         2.58
17  2026-01-23 15:27:21       0m 27s  ...                0.76         0.02
18  2026-01-23 15:27:49       0m 28s  ...               23.22         0.57
19  2026-01-23 15:28:17       0m 34s  ...               62.76         1.72
20  2026-01-23 15:28:51       0m 26s  ...                1.10         0.03
21  2026-01-23 15:29:18       0m 28s  ...               19.31         0.52
22  2026-01-23 15:29:46       0m 30s  ...               42.05         1.16
23  2026-01-23 15:30:17       0m 24s  ...                6.56         0.18
24  2026-01-23 15:30:42       0m 25s  ...                1.51         0.04
25  2026-01-23 15:31:07       0m 26s  ...                8.51         0.22
26  2026-01-23 15:31:34       0m 27s  ...               12.12         0.31
27  2026-01-23 15:32:02       0m 29s  ...               32.69         0.79
28  2026-01-23 15:32:31       0m 27s  ...                2.15         0.06
29  2026-01-23 15:32:58       0m 26s  ...                2.94         0.07
30  2026-01-23 15:33:24       0m 27s  ...               12.91         0.30
31  2026-01-23 15:33:52       0m 28s  ...               42.77         1.19
32  2026-01-23 15:34:20       0m 33s  ...               65.54         1.89
33  2026-01-23 15:34:53       0m 27s  ...               10.11         0.24
34  2026-01-23 15:35:21       0m 26s  ...                4.05         0.11
35  2026-01-23 15:35:48       0m 26s  ...                1.89         0.05
36  2026-01-23 15:36:14       0m 26s  ...                5.54         0.15
37  2026-01-23 15:36:40       0m 25s  ...                0.46         0.01
38  2026-01-23 15:37:06       0m 25s  ...                1.59         0.04
39  2026-01-23 15:37:31       0m 31s  ...               43.85         1.03
40  2026-01-23 15:38:02       0m 33s  ...               61.84         1.56
41  2026-01-23 15:38:36       0m 32s  ...               46.89         1.19
42  2026-01-23 15:39:09       0m 38s  ...               80.70         2.32
43  2026-01-23 15:39:48       0m 26s  ...                2.90         0.07
44  2026-01-23 15:40:15       0m 27s  ...               11.56         0.29
45  2026-01-23 15:40:42       0m 26s  ...                4.11         0.11
46  2026-01-23 15:41:09       0m 26s  ...               11.45         0.30
47  2026-01-23 15:41:36       0m 27s  ...               11.80         0.25
48  2026-01-23 15:42:03       0m 27s  ...                6.42         0.18
49  2026-01-23 15:42:30       0m 25s  ...                0.78         0.02
50  2026-01-23 15:42:56       0m 37s  ...               83.75         2.58
51  2026-01-23 15:43:34       0m 35s  ...               77.72         2.05

[52 rows x 24 columns]
              timestamp time_elapsed  ... severity_rate_patch Gradient_sr2
0   2026-01-23 15:19:11       0m 25s  ...                1.74         0.04
1   2026-01-23 15:19:37       0m 25s  ...                4.36         0.11
2   2026-01-23 15:20:03       0m 26s  ...                0.85         0.02
3   2026-01-23 15:20:29       0m 29s  ...               25.47         0.67
4   2026-01-23 15:20:59       0m 30s  ...               37.39         0.99
5   2026-01-23 15:21:30       0m 27s  ...                0.45         0.01
6   2026-01-23 15:21:57       0m 30s  ...               38.62         0.91
7   2026-01-23 15:22:27       0m 30s  ...               19.86         0.56
8   2026-01-23 15:22:57       0m 29s  ...               39.61         1.05
9   2026-01-23 15:23:26       0m 26s  ...                1.79         0.05
10  2026-01-23 15:23:52       0m 26s  ...                2.79         0.07
11  2026-01-23 15:24:19       0m 28s  ...               20.77         0.49
12  2026-01-23 15:24:48       0m 27s  ...               20.60         0.51
13  2026-01-23 15:25:16       0m 27s  ...               15.28         0.35
14  2026-01-23 15:25:43       0m 30s  ...               30.18         0.79
15  2026-01-23 15:26:13       0m 29s  ...               19.25         0.48
16  2026-01-23 15:26:43       0m 38s  ...               85.84         2.58
17  2026-01-23 15:27:21       0m 27s  ...                0.76         0.02
18  2026-01-23 15:27:49       0m 28s  ...               23.22         0.57
19  2026-01-23 15:28:17       0m 34s  ...               62.76         1.72
20  2026-01-23 15:28:51       0m 26s  ...                1.10         0.03
21  2026-01-23 15:29:18       0m 28s  ...               19.31         0.52
22  2026-01-23 15:29:46       0m 30s  ...               42.05         1.16
23  2026-01-23 15:30:17       0m 24s  ...                6.56         0.18
24  2026-01-23 15:30:42       0m 25s  ...                1.51         0.04
25  2026-01-23 15:31:07       0m 26s  ...                8.51         0.22
26  2026-01-23 15:31:34       0m 27s  ...               12.12         0.31
27  2026-01-23 15:32:02       0m 29s  ...               32.69         0.79
28  2026-01-23 15:32:31       0m 27s  ...                2.15         0.06
29  2026-01-23 15:32:58       0m 26s  ...                2.94         0.07
30  2026-01-23 15:33:24       0m 27s  ...               12.91         0.30
31  2026-01-23 15:33:52       0m 28s  ...               42.77         1.19
32  2026-01-23 15:34:20       0m 33s  ...               65.54         1.89
33  2026-01-23 15:34:53       0m 27s  ...               10.11         0.24
34  2026-01-23 15:35:21       0m 26s  ...                4.05         0.11
35  2026-01-23 15:35:48       0m 26s  ...                1.89         0.05
36  2026-01-23 15:36:14       0m 26s  ...                5.54         0.15
37  2026-01-23 15:36:40       0m 25s  ...                0.46         0.01
38  2026-01-23 15:37:06       0m 25s  ...                1.59         0.04
39  2026-01-23 15:37:31       0m 31s  ...               43.85         1.03
40  2026-01-23 15:38:02       0m 33s  ...               61.84         1.56
41  2026-01-23 15:38:36       0m 32s  ...               46.89         1.19
42  2026-01-23 15:39:09       0m 38s  ...               80.70         2.32
43  2026-01-23 15:39:48       0m 26s  ...                2.90         0.07
44  2026-01-23 15:40:15       0m 27s  ...               11.56         0.29
45  2026-01-23 15:40:42       0m 26s  ...                4.11         0.11
46  2026-01-23 15:41:09       0m 26s  ...               11.45         0.30
47  2026-01-23 15:41:36       0m 27s  ...               11.80         0.25
48  2026-01-23 15:42:03       0m 27s  ...                6.42         0.18
49  2026-01-23 15:42:30       0m 25s  ...                0.78         0.02
50  2026-01-23 15:42:56       0m 37s  ...               83.75         2.58
51  2026-01-23 15:43:34       0m 35s  ...               77.72         2.05
52  2026-01-23 15:44:09       0m 28s  ...                8.96         0.25

[53 rows x 24 columns]
[2026-01-23 15:45:31,408] - [root] - [INFO] - Analysis finished: 0m 27s
[2026-01-23 15:45:31,408] - [root] - [INFO] - -------------------------------------------
[2026-01-23 15:45:31,409] - [root] - [INFO] - -------------------------------------------
[2026-01-23 15:45:31,413] - [root] - [INFO] - Processing 1-22-2026 5dpi 134-W2021006-001_R1.png
[2026-01-23 15:45:48,208] - [root] - [INFO] - Finished loading mask: 0m 16s
[2026-01-23 15:46:02,127] - [root] - [INFO] - Finished crop and inference: 0m 30s
              timestamp time_elapsed  ... severity_rate_patch Gradient_sr2
0   2026-01-23 15:19:11       0m 25s  ...                1.74         0.04
1   2026-01-23 15:19:37       0m 25s  ...                4.36         0.11
2   2026-01-23 15:20:03       0m 26s  ...                0.85         0.02
3   2026-01-23 15:20:29       0m 29s  ...               25.47         0.67
4   2026-01-23 15:20:59       0m 30s  ...               37.39         0.99
5   2026-01-23 15:21:30       0m 27s  ...                0.45         0.01
6   2026-01-23 15:21:57       0m 30s  ...               38.62         0.91
7   2026-01-23 15:22:27       0m 30s  ...               19.86         0.56
8   2026-01-23 15:22:57       0m 29s  ...               39.61         1.05
9   2026-01-23 15:23:26       0m 26s  ...                1.79         0.05
10  2026-01-23 15:23:52       0m 26s  ...                2.79         0.07
11  2026-01-23 15:24:19       0m 28s  ...               20.77         0.49
12  2026-01-23 15:24:48       0m 27s  ...               20.60         0.51
13  2026-01-23 15:25:16       0m 27s  ...               15.28         0.35
14  2026-01-23 15:25:43       0m 30s  ...               30.18         0.79
15  2026-01-23 15:26:13       0m 29s  ...               19.25         0.48
16  2026-01-23 15:26:43       0m 38s  ...               85.84         2.58
17  2026-01-23 15:27:21       0m 27s  ...                0.76         0.02
18  2026-01-23 15:27:49       0m 28s  ...               23.22         0.57
19  2026-01-23 15:28:17       0m 34s  ...               62.76         1.72
20  2026-01-23 15:28:51       0m 26s  ...                1.10         0.03
21  2026-01-23 15:29:18       0m 28s  ...               19.31         0.52
22  2026-01-23 15:29:46       0m 30s  ...               42.05         1.16
23  2026-01-23 15:30:17       0m 24s  ...                6.56         0.18
24  2026-01-23 15:30:42       0m 25s  ...                1.51         0.04
25  2026-01-23 15:31:07       0m 26s  ...                8.51         0.22
26  2026-01-23 15:31:34       0m 27s  ...               12.12         0.31
27  2026-01-23 15:32:02       0m 29s  ...               32.69         0.79
28  2026-01-23 15:32:31       0m 27s  ...                2.15         0.06
29  2026-01-23 15:32:58       0m 26s  ...                2.94         0.07
30  2026-01-23 15:33:24       0m 27s  ...               12.91         0.30
31  2026-01-23 15:33:52       0m 28s  ...               42.77         1.19
32  2026-01-23 15:34:20       0m 33s  ...               65.54         1.89
33  2026-01-23 15:34:53       0m 27s  ...               10.11         0.24
34  2026-01-23 15:35:21       0m 26s  ...                4.05         0.11
35  2026-01-23 15:35:48       0m 26s  ...                1.89         0.05
36  2026-01-23 15:36:14       0m 26s  ...                5.54         0.15
37  2026-01-23 15:36:40       0m 25s  ...                0.46         0.01
38  2026-01-23 15:37:06       0m 25s  ...                1.59         0.04
39  2026-01-23 15:37:31       0m 31s  ...               43.85         1.03
40  2026-01-23 15:38:02       0m 33s  ...               61.84         1.56
41  2026-01-23 15:38:36       0m 32s  ...               46.89         1.19
42  2026-01-23 15:39:09       0m 38s  ...               80.70         2.32
43  2026-01-23 15:39:48       0m 26s  ...                2.90         0.07
44  2026-01-23 15:40:15       0m 27s  ...               11.56         0.29
45  2026-01-23 15:40:42       0m 26s  ...                4.11         0.11
46  2026-01-23 15:41:09       0m 26s  ...               11.45         0.30
47  2026-01-23 15:41:36       0m 27s  ...               11.80         0.25
48  2026-01-23 15:42:03       0m 27s  ...                6.42         0.18
49  2026-01-23 15:42:30       0m 25s  ...                0.78         0.02
50  2026-01-23 15:42:56       0m 37s  ...               83.75         2.58
51  2026-01-23 15:43:34       0m 35s  ...               77.72         2.05
52  2026-01-23 15:44:09       0m 28s  ...                8.96         0.25
53  2026-01-23 15:44:37       0m 25s  ...                1.10         0.03

[54 rows x 24 columns]
[2026-01-23 15:46:03,587] - [root] - [INFO] - Analysis finished: 0m 32s
[2026-01-23 15:46:03,587] - [root] - [INFO] - -------------------------------------------
[2026-01-23 15:46:03,587] - [root] - [INFO] - -------------------------------------------
[2026-01-23 15:46:03,587] - [root] - [INFO] - Processing 1-22-2026 5dpi 134-W2021009-275_R1.png
[2026-01-23 15:46:21,066] - [root] - [INFO] - Finished loading mask: 0m 17s
[2026-01-23 15:46:32,835] - [root] - [INFO] - Finished crop and inference: 0m 29s
              timestamp time_elapsed  ... severity_rate_patch Gradient_sr2
0   2026-01-23 15:19:11       0m 25s  ...                1.74         0.04
1   2026-01-23 15:19:37       0m 25s  ...                4.36         0.11
2   2026-01-23 15:20:03       0m 26s  ...                0.85         0.02
3   2026-01-23 15:20:29       0m 29s  ...               25.47         0.67
4   2026-01-23 15:20:59       0m 30s  ...               37.39         0.99
5   2026-01-23 15:21:30       0m 27s  ...                0.45         0.01
6   2026-01-23 15:21:57       0m 30s  ...               38.62         0.91
7   2026-01-23 15:22:27       0m 30s  ...               19.86         0.56
8   2026-01-23 15:22:57       0m 29s  ...               39.61         1.05
9   2026-01-23 15:23:26       0m 26s  ...                1.79         0.05
10  2026-01-23 15:23:52       0m 26s  ...                2.79         0.07
11  2026-01-23 15:24:19       0m 28s  ...               20.77         0.49
12  2026-01-23 15:24:48       0m 27s  ...               20.60         0.51
13  2026-01-23 15:25:16       0m 27s  ...               15.28         0.35
14  2026-01-23 15:25:43       0m 30s  ...               30.18         0.79
15  2026-01-23 15:26:13       0m 29s  ...               19.25         0.48
16  2026-01-23 15:26:43       0m 38s  ...               85.84         2.58
17  2026-01-23 15:27:21       0m 27s  ...                0.76         0.02
18  2026-01-23 15:27:49       0m 28s  ...               23.22         0.57
19  2026-01-23 15:28:17       0m 34s  ...               62.76         1.72
20  2026-01-23 15:28:51       0m 26s  ...                1.10         0.03
21  2026-01-23 15:29:18       0m 28s  ...               19.31         0.52
22  2026-01-23 15:29:46       0m 30s  ...               42.05         1.16
23  2026-01-23 15:30:17       0m 24s  ...                6.56         0.18
24  2026-01-23 15:30:42       0m 25s  ...                1.51         0.04
25  2026-01-23 15:31:07       0m 26s  ...                8.51         0.22
26  2026-01-23 15:31:34       0m 27s  ...               12.12         0.31
27  2026-01-23 15:32:02       0m 29s  ...               32.69         0.79
28  2026-01-23 15:32:31       0m 27s  ...                2.15         0.06
29  2026-01-23 15:32:58       0m 26s  ...                2.94         0.07
30  2026-01-23 15:33:24       0m 27s  ...               12.91         0.30
31  2026-01-23 15:33:52       0m 28s  ...               42.77         1.19
32  2026-01-23 15:34:20       0m 33s  ...               65.54         1.89
33  2026-01-23 15:34:53       0m 27s  ...               10.11         0.24
34  2026-01-23 15:35:21       0m 26s  ...                4.05         0.11
35  2026-01-23 15:35:48       0m 26s  ...                1.89         0.05
36  2026-01-23 15:36:14       0m 26s  ...                5.54         0.15
37  2026-01-23 15:36:40       0m 25s  ...                0.46         0.01
38  2026-01-23 15:37:06       0m 25s  ...                1.59         0.04
39  2026-01-23 15:37:31       0m 31s  ...               43.85         1.03
40  2026-01-23 15:38:02       0m 33s  ...               61.84         1.56
41  2026-01-23 15:38:36       0m 32s  ...               46.89         1.19
42  2026-01-23 15:39:09       0m 38s  ...               80.70         2.32
43  2026-01-23 15:39:48       0m 26s  ...                2.90         0.07
44  2026-01-23 15:40:15       0m 27s  ...               11.56         0.29
45  2026-01-23 15:40:42       0m 26s  ...                4.11         0.11
46  2026-01-23 15:41:09       0m 26s  ...               11.45         0.30
47  2026-01-23 15:41:36       0m 27s  ...               11.80         0.25
48  2026-01-23 15:42:03       0m 27s  ...                6.42         0.18
49  2026-01-23 15:42:30       0m 25s  ...                0.78         0.02
50  2026-01-23 15:42:56       0m 37s  ...               83.75         2.58
51  2026-01-23 15:43:34       0m 35s  ...               77.72         2.05
52  2026-01-23 15:44:09       0m 28s  ...                8.96         0.25
53  2026-01-23 15:44:37       0m 25s  ...                1.10         0.03
54  2026-01-23 15:45:03       0m 27s  ...               11.62         0.29

[55 rows x 24 columns]
[2026-01-23 15:46:34,298] - [root] - [INFO] - Analysis finished: 0m 30s
[2026-01-23 15:46:34,298] - [root] - [INFO] - -------------------------------------------
[2026-01-23 15:46:34,298] - [root] - [INFO] - -------------------------------------------
[2026-01-23 15:46:34,298] - [root] - [INFO] - Processing 1-22-2026 5dpi 137-W2021010-342_R2.png
[2026-01-23 15:46:51,473] - [root] - [INFO] - Finished loading mask: 0m 17s
[2026-01-23 15:46:59,930] - [root] - [INFO] - Finished crop and inference: 0m 25s
              timestamp time_elapsed  ... severity_rate_patch Gradient_sr2
0   2026-01-23 15:19:11       0m 25s  ...                1.74         0.04
1   2026-01-23 15:19:37       0m 25s  ...                4.36         0.11
2   2026-01-23 15:20:03       0m 26s  ...                0.85         0.02
3   2026-01-23 15:20:29       0m 29s  ...               25.47         0.67
4   2026-01-23 15:20:59       0m 30s  ...               37.39         0.99
5   2026-01-23 15:21:30       0m 27s  ...                0.45         0.01
6   2026-01-23 15:21:57       0m 30s  ...               38.62         0.91
7   2026-01-23 15:22:27       0m 30s  ...               19.86         0.56
8   2026-01-23 15:22:57       0m 29s  ...               39.61         1.05
9   2026-01-23 15:23:26       0m 26s  ...                1.79         0.05
10  2026-01-23 15:23:52       0m 26s  ...                2.79         0.07
11  2026-01-23 15:24:19       0m 28s  ...               20.77         0.49
12  2026-01-23 15:24:48       0m 27s  ...               20.60         0.51
13  2026-01-23 15:25:16       0m 27s  ...               15.28         0.35
14  2026-01-23 15:25:43       0m 30s  ...               30.18         0.79
15  2026-01-23 15:26:13       0m 29s  ...               19.25         0.48
16  2026-01-23 15:26:43       0m 38s  ...               85.84         2.58
17  2026-01-23 15:27:21       0m 27s  ...                0.76         0.02
18  2026-01-23 15:27:49       0m 28s  ...               23.22         0.57
19  2026-01-23 15:28:17       0m 34s  ...               62.76         1.72
20  2026-01-23 15:28:51       0m 26s  ...                1.10         0.03
21  2026-01-23 15:29:18       0m 28s  ...               19.31         0.52
22  2026-01-23 15:29:46       0m 30s  ...               42.05         1.16
23  2026-01-23 15:30:17       0m 24s  ...                6.56         0.18
24  2026-01-23 15:30:42       0m 25s  ...                1.51         0.04
25  2026-01-23 15:31:07       0m 26s  ...                8.51         0.22
26  2026-01-23 15:31:34       0m 27s  ...               12.12         0.31
27  2026-01-23 15:32:02       0m 29s  ...               32.69         0.79
28  2026-01-23 15:32:31       0m 27s  ...                2.15         0.06
29  2026-01-23 15:32:58       0m 26s  ...                2.94         0.07
30  2026-01-23 15:33:24       0m 27s  ...               12.91         0.30
31  2026-01-23 15:33:52       0m 28s  ...               42.77         1.19
32  2026-01-23 15:34:20       0m 33s  ...               65.54         1.89
33  2026-01-23 15:34:53       0m 27s  ...               10.11         0.24
34  2026-01-23 15:35:21       0m 26s  ...                4.05         0.11
35  2026-01-23 15:35:48       0m 26s  ...                1.89         0.05
36  2026-01-23 15:36:14       0m 26s  ...                5.54         0.15
37  2026-01-23 15:36:40       0m 25s  ...                0.46         0.01
38  2026-01-23 15:37:06       0m 25s  ...                1.59         0.04
39  2026-01-23 15:37:31       0m 31s  ...               43.85         1.03
40  2026-01-23 15:38:02       0m 33s  ...               61.84         1.56
41  2026-01-23 15:38:36       0m 32s  ...               46.89         1.19
42  2026-01-23 15:39:09       0m 38s  ...               80.70         2.32
43  2026-01-23 15:39:48       0m 26s  ...                2.90         0.07
44  2026-01-23 15:40:15       0m 27s  ...               11.56         0.29
45  2026-01-23 15:40:42       0m 26s  ...                4.11         0.11
46  2026-01-23 15:41:09       0m 26s  ...               11.45         0.30
47  2026-01-23 15:41:36       0m 27s  ...               11.80         0.25
48  2026-01-23 15:42:03       0m 27s  ...                6.42         0.18
49  2026-01-23 15:42:30       0m 25s  ...                0.78         0.02
50  2026-01-23 15:42:56       0m 37s  ...               83.75         2.58
51  2026-01-23 15:43:34       0m 35s  ...               77.72         2.05
52  2026-01-23 15:44:09       0m 28s  ...                8.96         0.25
53  2026-01-23 15:44:37       0m 25s  ...                1.10         0.03
54  2026-01-23 15:45:03       0m 27s  ...               11.62         0.29
55  2026-01-23 15:45:31       0m 32s  ...               55.20         1.46

[56 rows x 24 columns]
[2026-01-23 15:47:01,471] - [root] - [INFO] - Analysis finished: 0m 27s
[2026-01-23 15:47:01,471] - [root] - [INFO] - -------------------------------------------
[2026-01-23 15:47:01,471] - [root] - [INFO] - -------------------------------------------
[2026-01-23 15:47:01,472] - [root] - [INFO] - Processing 1-22-2026 5dpi 138-W2021010-446_R1.png
[2026-01-23 15:47:18,400] - [root] - [INFO] - Finished loading mask: 0m 16s
[2026-01-23 15:47:27,415] - [root] - [INFO] - Finished crop and inference: 0m 25s
              timestamp time_elapsed  ... severity_rate_patch Gradient_sr2
0   2026-01-23 15:19:11       0m 25s  ...                1.74         0.04
1   2026-01-23 15:19:37       0m 25s  ...                4.36         0.11
2   2026-01-23 15:20:03       0m 26s  ...                0.85         0.02
3   2026-01-23 15:20:29       0m 29s  ...               25.47         0.67
4   2026-01-23 15:20:59       0m 30s  ...               37.39         0.99
5   2026-01-23 15:21:30       0m 27s  ...                0.45         0.01
6   2026-01-23 15:21:57       0m 30s  ...               38.62         0.91
7   2026-01-23 15:22:27       0m 30s  ...               19.86         0.56
8   2026-01-23 15:22:57       0m 29s  ...               39.61         1.05
9   2026-01-23 15:23:26       0m 26s  ...                1.79         0.05
10  2026-01-23 15:23:52       0m 26s  ...                2.79         0.07
11  2026-01-23 15:24:19       0m 28s  ...               20.77         0.49
12  2026-01-23 15:24:48       0m 27s  ...               20.60         0.51
13  2026-01-23 15:25:16       0m 27s  ...               15.28         0.35
14  2026-01-23 15:25:43       0m 30s  ...               30.18         0.79
15  2026-01-23 15:26:13       0m 29s  ...               19.25         0.48
16  2026-01-23 15:26:43       0m 38s  ...               85.84         2.58
17  2026-01-23 15:27:21       0m 27s  ...                0.76         0.02
18  2026-01-23 15:27:49       0m 28s  ...               23.22         0.57
19  2026-01-23 15:28:17       0m 34s  ...               62.76         1.72
20  2026-01-23 15:28:51       0m 26s  ...                1.10         0.03
21  2026-01-23 15:29:18       0m 28s  ...               19.31         0.52
22  2026-01-23 15:29:46       0m 30s  ...               42.05         1.16
23  2026-01-23 15:30:17       0m 24s  ...                6.56         0.18
24  2026-01-23 15:30:42       0m 25s  ...                1.51         0.04
25  2026-01-23 15:31:07       0m 26s  ...                8.51         0.22
26  2026-01-23 15:31:34       0m 27s  ...               12.12         0.31
27  2026-01-23 15:32:02       0m 29s  ...               32.69         0.79
28  2026-01-23 15:32:31       0m 27s  ...                2.15         0.06
29  2026-01-23 15:32:58       0m 26s  ...                2.94         0.07
30  2026-01-23 15:33:24       0m 27s  ...               12.91         0.30
31  2026-01-23 15:33:52       0m 28s  ...               42.77         1.19
32  2026-01-23 15:34:20       0m 33s  ...               65.54         1.89
33  2026-01-23 15:34:53       0m 27s  ...               10.11         0.24
34  2026-01-23 15:35:21       0m 26s  ...                4.05         0.11
35  2026-01-23 15:35:48       0m 26s  ...                1.89         0.05
36  2026-01-23 15:36:14       0m 26s  ...                5.54         0.15
37  2026-01-23 15:36:40       0m 25s  ...                0.46         0.01
38  2026-01-23 15:37:06       0m 25s  ...                1.59         0.04
39  2026-01-23 15:37:31       0m 31s  ...               43.85         1.03
40  2026-01-23 15:38:02       0m 33s  ...               61.84         1.56
41  2026-01-23 15:38:36       0m 32s  ...               46.89         1.19
42  2026-01-23 15:39:09       0m 38s  ...               80.70         2.32
43  2026-01-23 15:39:48       0m 26s  ...                2.90         0.07
44  2026-01-23 15:40:15       0m 27s  ...               11.56         0.29
45  2026-01-23 15:40:42       0m 26s  ...                4.11         0.11
46  2026-01-23 15:41:09       0m 26s  ...               11.45         0.30
47  2026-01-23 15:41:36       0m 27s  ...               11.80         0.25
48  2026-01-23 15:42:03       0m 27s  ...                6.42         0.18
49  2026-01-23 15:42:30       0m 25s  ...                0.78         0.02
50  2026-01-23 15:42:56       0m 37s  ...               83.75         2.58
51  2026-01-23 15:43:34       0m 35s  ...               77.72         2.05
52  2026-01-23 15:44:09       0m 28s  ...                8.96         0.25
53  2026-01-23 15:44:37       0m 25s  ...                1.10         0.03
54  2026-01-23 15:45:03       0m 27s  ...               11.62         0.29
55  2026-01-23 15:45:31       0m 32s  ...               55.20         1.46
56  2026-01-23 15:46:03       0m 30s  ...               34.44         0.83

[57 rows x 24 columns]
[2026-01-23 15:47:28,889] - [root] - [INFO] - Analysis finished: 0m 27s
[2026-01-23 15:47:28,889] - [root] - [INFO] - -------------------------------------------
[2026-01-23 15:47:28,889] - [root] - [INFO] - -------------------------------------------
[2026-01-23 15:47:28,889] - [root] - [INFO] - Processing 1-22-2026 5dpi 141-W2021009-274_R1.png
[2026-01-23 15:47:45,736] - [root] - [INFO] - Finished loading mask: 0m 16s
[2026-01-23 15:48:07,011] - [root] - [INFO] - Finished crop and inference: 0m 38s
              timestamp time_elapsed  ... severity_rate_patch Gradient_sr2
0   2026-01-23 15:19:11       0m 25s  ...                1.74         0.04
1   2026-01-23 15:19:37       0m 25s  ...                4.36         0.11
2   2026-01-23 15:20:03       0m 26s  ...                0.85         0.02
3   2026-01-23 15:20:29       0m 29s  ...               25.47         0.67
4   2026-01-23 15:20:59       0m 30s  ...               37.39         0.99
5   2026-01-23 15:21:30       0m 27s  ...                0.45         0.01
6   2026-01-23 15:21:57       0m 30s  ...               38.62         0.91
7   2026-01-23 15:22:27       0m 30s  ...               19.86         0.56
8   2026-01-23 15:22:57       0m 29s  ...               39.61         1.05
9   2026-01-23 15:23:26       0m 26s  ...                1.79         0.05
10  2026-01-23 15:23:52       0m 26s  ...                2.79         0.07
11  2026-01-23 15:24:19       0m 28s  ...               20.77         0.49
12  2026-01-23 15:24:48       0m 27s  ...               20.60         0.51
13  2026-01-23 15:25:16       0m 27s  ...               15.28         0.35
14  2026-01-23 15:25:43       0m 30s  ...               30.18         0.79
15  2026-01-23 15:26:13       0m 29s  ...               19.25         0.48
16  2026-01-23 15:26:43       0m 38s  ...               85.84         2.58
17  2026-01-23 15:27:21       0m 27s  ...                0.76         0.02
18  2026-01-23 15:27:49       0m 28s  ...               23.22         0.57
19  2026-01-23 15:28:17       0m 34s  ...               62.76         1.72
20  2026-01-23 15:28:51       0m 26s  ...                1.10         0.03
21  2026-01-23 15:29:18       0m 28s  ...               19.31         0.52
22  2026-01-23 15:29:46       0m 30s  ...               42.05         1.16
23  2026-01-23 15:30:17       0m 24s  ...                6.56         0.18
24  2026-01-23 15:30:42       0m 25s  ...                1.51         0.04
25  2026-01-23 15:31:07       0m 26s  ...                8.51         0.22
26  2026-01-23 15:31:34       0m 27s  ...               12.12         0.31
27  2026-01-23 15:32:02       0m 29s  ...               32.69         0.79
28  2026-01-23 15:32:31       0m 27s  ...                2.15         0.06
29  2026-01-23 15:32:58       0m 26s  ...                2.94         0.07
30  2026-01-23 15:33:24       0m 27s  ...               12.91         0.30
31  2026-01-23 15:33:52       0m 28s  ...               42.77         1.19
32  2026-01-23 15:34:20       0m 33s  ...               65.54         1.89
33  2026-01-23 15:34:53       0m 27s  ...               10.11         0.24
34  2026-01-23 15:35:21       0m 26s  ...                4.05         0.11
35  2026-01-23 15:35:48       0m 26s  ...                1.89         0.05
36  2026-01-23 15:36:14       0m 26s  ...                5.54         0.15
37  2026-01-23 15:36:40       0m 25s  ...                0.46         0.01
38  2026-01-23 15:37:06       0m 25s  ...                1.59         0.04
39  2026-01-23 15:37:31       0m 31s  ...               43.85         1.03
40  2026-01-23 15:38:02       0m 33s  ...               61.84         1.56
41  2026-01-23 15:38:36       0m 32s  ...               46.89         1.19
42  2026-01-23 15:39:09       0m 38s  ...               80.70         2.32
43  2026-01-23 15:39:48       0m 26s  ...                2.90         0.07
44  2026-01-23 15:40:15       0m 27s  ...               11.56         0.29
45  2026-01-23 15:40:42       0m 26s  ...                4.11         0.11
46  2026-01-23 15:41:09       0m 26s  ...               11.45         0.30
47  2026-01-23 15:41:36       0m 27s  ...               11.80         0.25
48  2026-01-23 15:42:03       0m 27s  ...                6.42         0.18
49  2026-01-23 15:42:30       0m 25s  ...                0.78         0.02
50  2026-01-23 15:42:56       0m 37s  ...               83.75         2.58
51  2026-01-23 15:43:34       0m 35s  ...               77.72         2.05
52  2026-01-23 15:44:09       0m 28s  ...                8.96         0.25
53  2026-01-23 15:44:37       0m 25s  ...                1.10         0.03
54  2026-01-23 15:45:03       0m 27s  ...               11.62         0.29
55  2026-01-23 15:45:31       0m 32s  ...               55.20         1.46
56  2026-01-23 15:46:03       0m 30s  ...               34.44         0.83
57  2026-01-23 15:46:34       0m 27s  ...                4.27         0.10

[58 rows x 24 columns]
[2026-01-23 15:48:08,514] - [root] - [INFO] - Analysis finished: 0m 39s
[2026-01-23 15:48:08,514] - [root] - [INFO] - -------------------------------------------
[2026-01-23 15:48:08,514] - [root] - [INFO] - -------------------------------------------
[2026-01-23 15:48:08,514] - [root] - [INFO] - Processing 1-22-2026 5dpi 143-W2021010-313_R2.png
[2026-01-23 15:48:26,564] - [root] - [INFO] - Finished loading mask: 0m 18s
[2026-01-23 15:48:34,389] - [root] - [INFO] - Finished crop and inference: 0m 25s
[2026-01-23 15:48:35,831] - [root] - [INFO] - Analysis finished: 0m 27s
[2026-01-23 15:48:35,831] - [root] - [INFO] - -------------------------------------------
[2026-01-23 15:48:35,831] - [root] - [INFO] - -------------------------------------------
[2026-01-23 15:48:35,831] - [root] - [INFO] - Processing 1-22-2026 5dpi 148-W2021011-462_R2.png
[2026-01-23 15:48:52,668] - [root] - [INFO] - Finished loading mask: 0m 16s
[2026-01-23 15:49:04,333] - [root] - [INFO] - Finished crop and inference: 0m 28s
[2026-01-23 15:49:05,739] - [root] - [INFO] - Analysis finished: 0m 29s
[2026-01-23 15:49:05,739] - [root] - [INFO] - -------------------------------------------
[2026-01-23 15:49:05,739] - [root] - [INFO] - -------------------------------------------
[2026-01-23 15:49:05,739] - [root] - [INFO] - Processing 1-22-2026 5dpi 149-W2021010-417_R1.png
[2026-01-23 15:49:23,023] - [root] - [INFO] - Finished loading mask: 0m 17s
[2026-01-23 15:49:32,517] - [root] - [INFO] - Finished crop and inference: 0m 26s
[2026-01-23 15:49:33,973] - [root] - [INFO] - Analysis finished: 0m 28s
[2026-01-23 15:49:33,973] - [root] - [INFO] - -------------------------------------------
[2026-01-23 15:49:33,973] - [root] - [INFO] - -------------------------------------------
[2026-01-23 15:49:33,973] - [root] - [INFO] - Processing 1-22-2026 5dpi 154-W2021010-419_R1.png
[2026-01-23 15:49:50,506] - [root] - [INFO] - Finished loading mask: 0m 16s
[2026-01-23 15:49:58,950] - [root] - [INFO] - Finished crop and inference: 0m 24s
              timestamp time_elapsed  ... severity_rate_patch Gradient_sr2
0   2026-01-23 15:19:11       0m 25s  ...                1.74         0.04
1   2026-01-23 15:19:37       0m 25s  ...                4.36         0.11
2   2026-01-23 15:20:03       0m 26s  ...                0.85         0.02
3   2026-01-23 15:20:29       0m 29s  ...               25.47         0.67
4   2026-01-23 15:20:59       0m 30s  ...               37.39         0.99
5   2026-01-23 15:21:30       0m 27s  ...                0.45         0.01
6   2026-01-23 15:21:57       0m 30s  ...               38.62         0.91
7   2026-01-23 15:22:27       0m 30s  ...               19.86         0.56
8   2026-01-23 15:22:57       0m 29s  ...               39.61         1.05
9   2026-01-23 15:23:26       0m 26s  ...                1.79         0.05
10  2026-01-23 15:23:52       0m 26s  ...                2.79         0.07
11  2026-01-23 15:24:19       0m 28s  ...               20.77         0.49
12  2026-01-23 15:24:48       0m 27s  ...               20.60         0.51
13  2026-01-23 15:25:16       0m 27s  ...               15.28         0.35
14  2026-01-23 15:25:43       0m 30s  ...               30.18         0.79
15  2026-01-23 15:26:13       0m 29s  ...               19.25         0.48
16  2026-01-23 15:26:43       0m 38s  ...               85.84         2.58
17  2026-01-23 15:27:21       0m 27s  ...                0.76         0.02
18  2026-01-23 15:27:49       0m 28s  ...               23.22         0.57
19  2026-01-23 15:28:17       0m 34s  ...               62.76         1.72
20  2026-01-23 15:28:51       0m 26s  ...                1.10         0.03
21  2026-01-23 15:29:18       0m 28s  ...               19.31         0.52
22  2026-01-23 15:29:46       0m 30s  ...               42.05         1.16
23  2026-01-23 15:30:17       0m 24s  ...                6.56         0.18
24  2026-01-23 15:30:42       0m 25s  ...                1.51         0.04
25  2026-01-23 15:31:07       0m 26s  ...                8.51         0.22
26  2026-01-23 15:31:34       0m 27s  ...               12.12         0.31
27  2026-01-23 15:32:02       0m 29s  ...               32.69         0.79
28  2026-01-23 15:32:31       0m 27s  ...                2.15         0.06
29  2026-01-23 15:32:58       0m 26s  ...                2.94         0.07
30  2026-01-23 15:33:24       0m 27s  ...               12.91         0.30
31  2026-01-23 15:33:52       0m 28s  ...               42.77         1.19
32  2026-01-23 15:34:20       0m 33s  ...               65.54         1.89
33  2026-01-23 15:34:53       0m 27s  ...               10.11         0.24
34  2026-01-23 15:35:21       0m 26s  ...                4.05         0.11
35  2026-01-23 15:35:48       0m 26s  ...                1.89         0.05
36  2026-01-23 15:36:14       0m 26s  ...                5.54         0.15
37  2026-01-23 15:36:40       0m 25s  ...                0.46         0.01
38  2026-01-23 15:37:06       0m 25s  ...                1.59         0.04
39  2026-01-23 15:37:31       0m 31s  ...               43.85         1.03
40  2026-01-23 15:38:02       0m 33s  ...               61.84         1.56
41  2026-01-23 15:38:36       0m 32s  ...               46.89         1.19
42  2026-01-23 15:39:09       0m 38s  ...               80.70         2.32
43  2026-01-23 15:39:48       0m 26s  ...                2.90         0.07
44  2026-01-23 15:40:15       0m 27s  ...               11.56         0.29
45  2026-01-23 15:40:42       0m 26s  ...                4.11         0.11
46  2026-01-23 15:41:09       0m 26s  ...               11.45         0.30
47  2026-01-23 15:41:36       0m 27s  ...               11.80         0.25
48  2026-01-23 15:42:03       0m 27s  ...                6.42         0.18
49  2026-01-23 15:42:30       0m 25s  ...                0.78         0.02
50  2026-01-23 15:42:56       0m 37s  ...               83.75         2.58
51  2026-01-23 15:43:34       0m 35s  ...               77.72         2.05
52  2026-01-23 15:44:09       0m 28s  ...                8.96         0.25
53  2026-01-23 15:44:37       0m 25s  ...                1.10         0.03
54  2026-01-23 15:45:03       0m 27s  ...               11.62         0.29
55  2026-01-23 15:45:31       0m 32s  ...               55.20         1.46
56  2026-01-23 15:46:03       0m 30s  ...               34.44         0.83
57  2026-01-23 15:46:34       0m 27s  ...                4.27         0.10
58  2026-01-23 15:47:01       0m 27s  ...                8.15         0.18

[59 rows x 24 columns]
[2026-01-23 15:50:00,393] - [root] - [INFO] - Analysis finished: 0m 26s
[2026-01-23 15:50:00,393] - [root] - [INFO] - -------------------------------------------
[2026-01-23 15:50:00,393] - [root] - [INFO] - -------------------------------------------
[2026-01-23 15:50:00,393] - [root] - [INFO] - Processing 1-22-2026 5dpi 155-W2021011-639_R1.png
[2026-01-23 15:50:17,134] - [root] - [INFO] - Finished loading mask: 0m 16s
[2026-01-23 15:50:25,934] - [root] - [INFO] - Finished crop and inference: 0m 25s
[2026-01-23 15:50:27,418] - [root] - [INFO] - Analysis finished: 0m 27s
[2026-01-23 15:50:27,418] - [root] - [INFO] - -------------------------------------------
[2026-01-23 15:50:27,418] - [root] - [INFO] - -------------------------------------------
[2026-01-23 15:50:27,418] - [root] - [INFO] - Processing 1-22-2026 5dpi 156-W2021009-276_R2.png
[2026-01-23 15:50:43,980] - [root] - [INFO] - Finished loading mask: 0m 16s
[2026-01-23 15:50:53,403] - [root] - [INFO] - Finished crop and inference: 0m 25s
[2026-01-23 15:50:54,859] - [root] - [INFO] - Analysis finished: 0m 27s
[2026-01-23 15:50:54,859] - [root] - [INFO] - -------------------------------------------
[2026-01-23 15:50:54,859] - [root] - [INFO] - -------------------------------------------
[2026-01-23 15:50:54,859] - [root] - [INFO] - Processing 1-22-2026 5dpi 158-W2021006-114_R1.png
[2026-01-23 15:51:11,912] - [root] - [INFO] - Finished loading mask: 0m 17s
[2026-01-23 15:51:26,038] - [root] - [INFO] - Finished crop and inference: 0m 31s
[2026-01-23 15:51:27,504] - [root] - [INFO] - Analysis finished: 0m 32s
[2026-01-23 15:51:27,504] - [root] - [INFO] - -------------------------------------------
[2026-01-23 15:51:27,504] - [root] - [INFO] - -------------------------------------------
[2026-01-23 15:51:27,504] - [root] - [INFO] - Processing 1-22-2026 5dpi 167-W2021006-003_R2.png
[2026-01-23 15:51:45,208] - [root] - [INFO] - Finished loading mask: 0m 17s
[2026-01-23 15:51:52,545] - [root] - [INFO] - Finished crop and inference: 0m 25s
[2026-01-23 15:51:54,025] - [root] - [INFO] - Analysis finished: 0m 26s
[2026-01-23 15:51:54,026] - [root] - [INFO] - -------------------------------------------
[2026-01-23 15:51:54,026] - [root] - [INFO] - -------------------------------------------
[2026-01-23 15:51:54,026] - [root] - [INFO] - Processing 1-22-2026 5dpi 169-W2021009-623_R2.png
[2026-01-23 15:52:10,737] - [root] - [INFO] - Finished loading mask: 0m 16s
[2026-01-23 15:52:31,320] - [root] - [INFO] - Finished crop and inference: 0m 37s
[2026-01-23 15:52:32,829] - [root] - [INFO] - Analysis finished: 0m 38s
[2026-01-23 15:52:32,830] - [root] - [INFO] - -------------------------------------------
[2026-01-23 15:52:32,830] - [root] - [INFO] - -------------------------------------------
[2026-01-23 15:52:32,830] - [root] - [INFO] - Processing 1-22-2026 5dpi 169-W2021011-477_R1.png
[2026-01-23 15:52:50,860] - [root] - [INFO] - Finished loading mask: 0m 18s
[2026-01-23 15:53:05,386] - [root] - [INFO] - Finished crop and inference: 0m 32s
[2026-01-23 15:53:06,860] - [root] - [INFO] - Analysis finished: 0m 34s
[2026-01-23 15:53:06,860] - [root] - [INFO] - -------------------------------------------
[2026-01-23 15:53:06,860] - [root] - [INFO] - -------------------------------------------
[2026-01-23 15:53:06,860] - [root] - [INFO] - Processing 1-22-2026 5dpi 172-W2021011-557_R2.png
[2026-01-23 15:53:24,444] - [root] - [INFO] - Finished loading mask: 0m 17s
[2026-01-23 15:53:34,191] - [root] - [INFO] - Finished crop and inference: 0m 27s
[2026-01-23 15:53:35,617] - [root] - [INFO] - Analysis finished: 0m 28s
[2026-01-23 15:53:35,617] - [root] - [INFO] - -------------------------------------------
[2026-01-23 15:53:35,617] - [root] - [INFO] - -------------------------------------------
[2026-01-23 15:53:35,617] - [root] - [INFO] - Processing 1-22-2026 5dpi 173-W2021006-127_R2.png
[2026-01-23 15:53:52,684] - [root] - [INFO] - Finished loading mask: 0m 17s
[2026-01-23 15:54:00,890] - [root] - [INFO] - Finished crop and inference: 0m 25s
              timestamp time_elapsed  ... severity_rate_patch Gradient_sr2
0   2026-01-23 15:19:11       0m 25s  ...                1.74         0.04
1   2026-01-23 15:19:37       0m 25s  ...                4.36         0.11
2   2026-01-23 15:20:03       0m 26s  ...                0.85         0.02
3   2026-01-23 15:20:29       0m 29s  ...               25.47         0.67
4   2026-01-23 15:20:59       0m 30s  ...               37.39         0.99
5   2026-01-23 15:21:30       0m 27s  ...                0.45         0.01
6   2026-01-23 15:21:57       0m 30s  ...               38.62         0.91
7   2026-01-23 15:22:27       0m 30s  ...               19.86         0.56
8   2026-01-23 15:22:57       0m 29s  ...               39.61         1.05
9   2026-01-23 15:23:26       0m 26s  ...                1.79         0.05
10  2026-01-23 15:23:52       0m 26s  ...                2.79         0.07
11  2026-01-23 15:24:19       0m 28s  ...               20.77         0.49
12  2026-01-23 15:24:48       0m 27s  ...               20.60         0.51
13  2026-01-23 15:25:16       0m 27s  ...               15.28         0.35
14  2026-01-23 15:25:43       0m 30s  ...               30.18         0.79
15  2026-01-23 15:26:13       0m 29s  ...               19.25         0.48
16  2026-01-23 15:26:43       0m 38s  ...               85.84         2.58
17  2026-01-23 15:27:21       0m 27s  ...                0.76         0.02
18  2026-01-23 15:27:49       0m 28s  ...               23.22         0.57
19  2026-01-23 15:28:17       0m 34s  ...               62.76         1.72
20  2026-01-23 15:28:51       0m 26s  ...                1.10         0.03
21  2026-01-23 15:29:18       0m 28s  ...               19.31         0.52
22  2026-01-23 15:29:46       0m 30s  ...               42.05         1.16
23  2026-01-23 15:30:17       0m 24s  ...                6.56         0.18
24  2026-01-23 15:30:42       0m 25s  ...                1.51         0.04
25  2026-01-23 15:31:07       0m 26s  ...                8.51         0.22
26  2026-01-23 15:31:34       0m 27s  ...               12.12         0.31
27  2026-01-23 15:32:02       0m 29s  ...               32.69         0.79
28  2026-01-23 15:32:31       0m 27s  ...                2.15         0.06
29  2026-01-23 15:32:58       0m 26s  ...                2.94         0.07
30  2026-01-23 15:33:24       0m 27s  ...               12.91         0.30
31  2026-01-23 15:33:52       0m 28s  ...               42.77         1.19
32  2026-01-23 15:34:20       0m 33s  ...               65.54         1.89
33  2026-01-23 15:34:53       0m 27s  ...               10.11         0.24
34  2026-01-23 15:35:21       0m 26s  ...                4.05         0.11
35  2026-01-23 15:35:48       0m 26s  ...                1.89         0.05
36  2026-01-23 15:36:14       0m 26s  ...                5.54         0.15
37  2026-01-23 15:36:40       0m 25s  ...                0.46         0.01
38  2026-01-23 15:37:06       0m 25s  ...                1.59         0.04
39  2026-01-23 15:37:31       0m 31s  ...               43.85         1.03
40  2026-01-23 15:38:02       0m 33s  ...               61.84         1.56
41  2026-01-23 15:38:36       0m 32s  ...               46.89         1.19
42  2026-01-23 15:39:09       0m 38s  ...               80.70         2.32
43  2026-01-23 15:39:48       0m 26s  ...                2.90         0.07
44  2026-01-23 15:40:15       0m 27s  ...               11.56         0.29
45  2026-01-23 15:40:42       0m 26s  ...                4.11         0.11
46  2026-01-23 15:41:09       0m 26s  ...               11.45         0.30
47  2026-01-23 15:41:36       0m 27s  ...               11.80         0.25
48  2026-01-23 15:42:03       0m 27s  ...                6.42         0.18
49  2026-01-23 15:42:30       0m 25s  ...                0.78         0.02
50  2026-01-23 15:42:56       0m 37s  ...               83.75         2.58
51  2026-01-23 15:43:34       0m 35s  ...               77.72         2.05
52  2026-01-23 15:44:09       0m 28s  ...                8.96         0.25
53  2026-01-23 15:44:37       0m 25s  ...                1.10         0.03
54  2026-01-23 15:45:03       0m 27s  ...               11.62         0.29
55  2026-01-23 15:45:31       0m 32s  ...               55.20         1.46
56  2026-01-23 15:46:03       0m 30s  ...               34.44         0.83
57  2026-01-23 15:46:34       0m 27s  ...                4.27         0.10
58  2026-01-23 15:47:01       0m 27s  ...                8.15         0.18
59  2026-01-23 15:47:28       0m 39s  ...               86.63         2.58

[60 rows x 24 columns]
              timestamp time_elapsed  ... severity_rate_patch Gradient_sr2
0   2026-01-23 15:19:11       0m 25s  ...                1.74         0.04
1   2026-01-23 15:19:37       0m 25s  ...                4.36         0.11
2   2026-01-23 15:20:03       0m 26s  ...                0.85         0.02
3   2026-01-23 15:20:29       0m 29s  ...               25.47         0.67
4   2026-01-23 15:20:59       0m 30s  ...               37.39         0.99
..                  ...          ...  ...                 ...          ...
56  2026-01-23 15:46:03       0m 30s  ...               34.44         0.83
57  2026-01-23 15:46:34       0m 27s  ...                4.27         0.10
58  2026-01-23 15:47:01       0m 27s  ...                8.15         0.18
59  2026-01-23 15:47:28       0m 39s  ...               86.63         2.58
60  2026-01-23 15:48:08       0m 27s  ...                0.61         0.02

[61 rows x 24 columns]
              timestamp time_elapsed  ... severity_rate_patch Gradient_sr2
0   2026-01-23 15:19:11       0m 25s  ...                1.74         0.04
1   2026-01-23 15:19:37       0m 25s  ...                4.36         0.11
2   2026-01-23 15:20:03       0m 26s  ...                0.85         0.02
3   2026-01-23 15:20:29       0m 29s  ...               25.47         0.67
4   2026-01-23 15:20:59       0m 30s  ...               37.39         0.99
..                  ...          ...  ...                 ...          ...
57  2026-01-23 15:46:34       0m 27s  ...                4.27         0.10
58  2026-01-23 15:47:01       0m 27s  ...                8.15         0.18
59  2026-01-23 15:47:28       0m 39s  ...               86.63         2.58
60  2026-01-23 15:48:08       0m 27s  ...                0.61         0.02
61  2026-01-23 15:48:35       0m 29s  ...               28.01         0.73

[62 rows x 24 columns]
              timestamp time_elapsed  ... severity_rate_patch Gradient_sr2
0   2026-01-23 15:19:11       0m 25s  ...                1.74         0.04
1   2026-01-23 15:19:37       0m 25s  ...                4.36         0.11
2   2026-01-23 15:20:03       0m 26s  ...                0.85         0.02
3   2026-01-23 15:20:29       0m 29s  ...               25.47         0.67
4   2026-01-23 15:20:59       0m 30s  ...               37.39         0.99
..                  ...          ...  ...                 ...          ...
58  2026-01-23 15:47:01       0m 27s  ...                8.15         0.18
59  2026-01-23 15:47:28       0m 39s  ...               86.63         2.58
60  2026-01-23 15:48:08       0m 27s  ...                0.61         0.02
61  2026-01-23 15:48:35       0m 29s  ...               28.01         0.73
62  2026-01-23 15:49:05       0m 28s  ...               13.12         0.36

[63 rows x 24 columns]
[2026-01-23 15:54:02,382] - [root] - [INFO] - Analysis finished: 0m 26s
[2026-01-23 15:54:02,382] - [root] - [INFO] - -------------------------------------------
[2026-01-23 15:54:02,382] - [root] - [INFO] - -------------------------------------------
[2026-01-23 15:54:02,383] - [root] - [INFO] - Processing 1-22-2026 5dpi 174-W2021009-156_R2.png
[2026-01-23 15:54:18,718] - [root] - [INFO] - Finished loading mask: 0m 16s
[2026-01-23 15:54:27,527] - [root] - [INFO] - Finished crop and inference: 0m 25s
[2026-01-23 15:54:29,002] - [root] - [INFO] - Analysis finished: 0m 26s
[2026-01-23 15:54:29,002] - [root] - [INFO] - -------------------------------------------
[2026-01-23 15:54:29,002] - [root] - [INFO] - -------------------------------------------
[2026-01-23 15:54:29,002] - [root] - [INFO] - Processing 1-22-2026 5dpi 176-W2021009-256_R2.png
[2026-01-23 15:54:45,454] - [root] - [INFO] - Finished loading mask: 0m 16s
[2026-01-23 15:54:51,581] - [root] - [INFO] - Finished crop and inference: 0m 22s
[2026-01-23 15:54:53,016] - [root] - [INFO] - Analysis finished: 0m 24s
[2026-01-23 15:54:53,016] - [root] - [INFO] - -------------------------------------------
[2026-01-23 15:54:53,016] - [root] - [INFO] - -------------------------------------------
[2026-01-23 15:54:53,016] - [root] - [INFO] - Processing 1-22-2026 5dpi 177-W2021009-194_R1.png
[2026-01-23 15:55:09,508] - [root] - [INFO] - Finished loading mask: 0m 16s
[2026-01-23 15:55:18,705] - [root] - [INFO] - Finished crop and inference: 0m 25s
[2026-01-23 15:55:20,152] - [root] - [INFO] - Analysis finished: 0m 27s
[2026-01-23 15:55:20,152] - [root] - [INFO] - -------------------------------------------
[2026-01-23 15:55:20,152] - [root] - [INFO] - -------------------------------------------
[2026-01-23 15:55:20,152] - [root] - [INFO] - Processing 1-22-2026 5dpi 180-W2021009-152_R1.png
[2026-01-23 15:55:36,781] - [root] - [INFO] - Finished loading mask: 0m 16s
[2026-01-23 15:55:46,414] - [root] - [INFO] - Finished crop and inference: 0m 26s
[2026-01-23 15:55:47,888] - [root] - [INFO] - Analysis finished: 0m 27s
[2026-01-23 15:55:47,888] - [root] - [INFO] - -------------------------------------------
[2026-01-23 15:55:47,888] - [root] - [INFO] - -------------------------------------------
[2026-01-23 15:55:47,888] - [root] - [INFO] - Processing 1-22-2026 5dpi 180-W2021011-476_R2.png
[2026-01-23 15:56:04,727] - [root] - [INFO] - Finished loading mask: 0m 16s
[2026-01-23 15:56:20,982] - [root] - [INFO] - Finished crop and inference: 0m 33s
[2026-01-23 15:56:22,463] - [root] - [INFO] - Analysis finished: 0m 34s
[2026-01-23 15:56:22,463] - [root] - [INFO] - -------------------------------------------
[2026-01-23 15:56:22,463] - [root] - [INFO] - -------------------------------------------
[2026-01-23 15:56:22,463] - [root] - [INFO] - Processing 1-22-2026 5dpi 182-W2021009-251_R1.png
[2026-01-23 15:56:40,402] - [root] - [INFO] - Finished loading mask: 0m 17s
[2026-01-23 15:56:49,604] - [root] - [INFO] - Finished crop and inference: 0m 27s
[2026-01-23 15:56:51,066] - [root] - [INFO] - Analysis finished: 0m 28s
[2026-01-23 15:56:51,066] - [root] - [INFO] - -------------------------------------------
[2026-01-23 15:56:51,066] - [root] - [INFO] - -------------------------------------------
[2026-01-23 15:56:51,067] - [root] - [INFO] - Processing 1-22-2026 5dpi 183-W2021009-295_R1.png
[2026-01-23 15:57:07,581] - [root] - [INFO] - Finished loading mask: 0m 16s
[2026-01-23 15:57:15,372] - [root] - [INFO] - Finished crop and inference: 0m 24s
[2026-01-23 15:57:16,875] - [root] - [INFO] - Analysis finished: 0m 25s
[2026-01-23 15:57:16,875] - [root] - [INFO] - -------------------------------------------
[2026-01-23 15:57:16,875] - [root] - [INFO] - -------------------------------------------
[2026-01-23 15:57:16,875] - [root] - [INFO] - Processing 1-22-2026 5dpi 185-W2021009-199_R1.png
[2026-01-23 15:57:33,458] - [root] - [INFO] - Finished loading mask: 0m 16s
[2026-01-23 15:57:42,602] - [root] - [INFO] - Finished crop and inference: 0m 25s
              timestamp time_elapsed  ... severity_rate_patch Gradient_sr2
0   2026-01-23 15:19:11       0m 25s  ...                1.74         0.04
1   2026-01-23 15:19:37       0m 25s  ...                4.36         0.11
2   2026-01-23 15:20:03       0m 26s  ...                0.85         0.02
3   2026-01-23 15:20:29       0m 29s  ...               25.47         0.67
4   2026-01-23 15:20:59       0m 30s  ...               37.39         0.99
..                  ...          ...  ...                 ...          ...
59  2026-01-23 15:47:28       0m 39s  ...               86.63         2.58
60  2026-01-23 15:48:08       0m 27s  ...                0.61         0.02
61  2026-01-23 15:48:35       0m 29s  ...               28.01         0.73
62  2026-01-23 15:49:05       0m 28s  ...               13.12         0.36
63  2026-01-23 15:49:33       0m 26s  ...                2.62         0.07

[64 rows x 24 columns]
              timestamp time_elapsed  ... severity_rate_patch Gradient_sr2
0   2026-01-23 15:19:11       0m 25s  ...                1.74         0.04
1   2026-01-23 15:19:37       0m 25s  ...                4.36         0.11
2   2026-01-23 15:20:03       0m 26s  ...                0.85         0.02
3   2026-01-23 15:20:29       0m 29s  ...               25.47         0.67
4   2026-01-23 15:20:59       0m 30s  ...               37.39         0.99
..                  ...          ...  ...                 ...          ...
60  2026-01-23 15:48:08       0m 27s  ...                0.61         0.02
61  2026-01-23 15:48:35       0m 29s  ...               28.01         0.73
62  2026-01-23 15:49:05       0m 28s  ...               13.12         0.36
63  2026-01-23 15:49:33       0m 26s  ...                2.62         0.07
64  2026-01-23 15:50:00       0m 27s  ...               10.00         0.27

[65 rows x 24 columns]
              timestamp time_elapsed  ... severity_rate_patch Gradient_sr2
0   2026-01-23 15:19:11       0m 25s  ...                1.74         0.04
1   2026-01-23 15:19:37       0m 25s  ...                4.36         0.11
2   2026-01-23 15:20:03       0m 26s  ...                0.85         0.02
3   2026-01-23 15:20:29       0m 29s  ...               25.47         0.67
4   2026-01-23 15:20:59       0m 30s  ...               37.39         0.99
..                  ...          ...  ...                 ...          ...
61  2026-01-23 15:48:35       0m 29s  ...               28.01         0.73
62  2026-01-23 15:49:05       0m 28s  ...               13.12         0.36
63  2026-01-23 15:49:33       0m 26s  ...                2.62         0.07
64  2026-01-23 15:50:00       0m 27s  ...               10.00         0.27
65  2026-01-23 15:50:27       0m 27s  ...                7.64         0.19

[66 rows x 24 columns]
              timestamp time_elapsed  ... severity_rate_patch Gradient_sr2
0   2026-01-23 15:19:11       0m 25s  ...                1.74         0.04
1   2026-01-23 15:19:37       0m 25s  ...                4.36         0.11
2   2026-01-23 15:20:03       0m 26s  ...                0.85         0.02
3   2026-01-23 15:20:29       0m 29s  ...               25.47         0.67
4   2026-01-23 15:20:59       0m 30s  ...               37.39         0.99
..                  ...          ...  ...                 ...          ...
62  2026-01-23 15:49:05       0m 28s  ...               13.12         0.36
63  2026-01-23 15:49:33       0m 26s  ...                2.62         0.07
64  2026-01-23 15:50:00       0m 27s  ...               10.00         0.27
65  2026-01-23 15:50:27       0m 27s  ...                7.64         0.19
66  2026-01-23 15:50:54       0m 32s  ...               53.88         1.51

[67 rows x 24 columns]
              timestamp time_elapsed  ... severity_rate_patch Gradient_sr2
0   2026-01-23 15:19:11       0m 25s  ...                1.74         0.04
1   2026-01-23 15:19:37       0m 25s  ...                4.36         0.11
2   2026-01-23 15:20:03       0m 26s  ...                0.85         0.02
3   2026-01-23 15:20:29       0m 29s  ...               25.47         0.67
4   2026-01-23 15:20:59       0m 30s  ...               37.39         0.99
..                  ...          ...  ...                 ...          ...
63  2026-01-23 15:49:33       0m 26s  ...                2.62         0.07
64  2026-01-23 15:50:00       0m 27s  ...               10.00         0.27
65  2026-01-23 15:50:27       0m 27s  ...                7.64         0.19
66  2026-01-23 15:50:54       0m 32s  ...               53.88         1.51
67  2026-01-23 15:51:27       0m 26s  ...                2.18         0.06

[68 rows x 24 columns]
              timestamp time_elapsed  ... severity_rate_patch Gradient_sr2
0   2026-01-23 15:19:11       0m 25s  ...                1.74         0.04
1   2026-01-23 15:19:37       0m 25s  ...                4.36         0.11
2   2026-01-23 15:20:03       0m 26s  ...                0.85         0.02
3   2026-01-23 15:20:29       0m 29s  ...               25.47         0.67
4   2026-01-23 15:20:59       0m 30s  ...               37.39         0.99
..                  ...          ...  ...                 ...          ...
64  2026-01-23 15:50:00       0m 27s  ...               10.00         0.27
65  2026-01-23 15:50:27       0m 27s  ...                7.64         0.19
66  2026-01-23 15:50:54       0m 32s  ...               53.88         1.51
67  2026-01-23 15:51:27       0m 26s  ...                2.18         0.06
68  2026-01-23 15:51:54       0m 38s  ...               84.74         2.55

[69 rows x 24 columns]
              timestamp time_elapsed  ... severity_rate_patch Gradient_sr2
0   2026-01-23 15:19:11       0m 25s  ...                1.74         0.04
1   2026-01-23 15:19:37       0m 25s  ...                4.36         0.11
2   2026-01-23 15:20:03       0m 26s  ...                0.85         0.02
3   2026-01-23 15:20:29       0m 29s  ...               25.47         0.67
4   2026-01-23 15:20:59       0m 30s  ...               37.39         0.99
..                  ...          ...  ...                 ...          ...
65  2026-01-23 15:50:27       0m 27s  ...                7.64         0.19
66  2026-01-23 15:50:54       0m 32s  ...               53.88         1.51
67  2026-01-23 15:51:27       0m 26s  ...                2.18         0.06
68  2026-01-23 15:51:54       0m 38s  ...               84.74         2.55
69  2026-01-23 15:52:32       0m 34s  ...               57.21         1.60

[70 rows x 24 columns]
              timestamp time_elapsed  ... severity_rate_patch Gradient_sr2
0   2026-01-23 15:19:11       0m 25s  ...                1.74         0.04
1   2026-01-23 15:19:37       0m 25s  ...                4.36         0.11
2   2026-01-23 15:20:03       0m 26s  ...                0.85         0.02
3   2026-01-23 15:20:29       0m 29s  ...               25.47         0.67
4   2026-01-23 15:20:59       0m 30s  ...               37.39         0.99
..                  ...          ...  ...                 ...          ...
66  2026-01-23 15:50:54       0m 32s  ...               53.88         1.51
67  2026-01-23 15:51:27       0m 26s  ...                2.18         0.06
68  2026-01-23 15:51:54       0m 38s  ...               84.74         2.55
69  2026-01-23 15:52:32       0m 34s  ...               57.21         1.60
70  2026-01-23 15:53:06       0m 28s  ...                8.76         0.24

[71 rows x 24 columns]
[2026-01-23 15:57:44,075] - [root] - [INFO] - Analysis finished: 0m 27s
[2026-01-23 15:57:44,076] - [root] - [INFO] - -------------------------------------------
[2026-01-23 15:57:44,076] - [root] - [INFO] - -------------------------------------------
[2026-01-23 15:57:44,076] - [root] - [INFO] - Processing 1-22-2026 5dpi 185-W2021009-291_R2.png
[2026-01-23 15:58:01,088] - [root] - [INFO] - Finished loading mask: 0m 17s
[2026-01-23 15:58:10,382] - [root] - [INFO] - Finished crop and inference: 0m 26s
[2026-01-23 15:58:11,828] - [root] - [INFO] - Analysis finished: 0m 27s
[2026-01-23 15:58:11,828] - [root] - [INFO] - -------------------------------------------
[2026-01-23 15:58:11,828] - [root] - [INFO] - -------------------------------------------
[2026-01-23 15:58:11,828] - [root] - [INFO] - Processing 1-22-2026 5dpi 187-W2021010-348_R2.png
[2026-01-23 15:58:28,521] - [root] - [INFO] - Finished loading mask: 0m 16s
[2026-01-23 15:58:45,777] - [root] - [INFO] - Finished crop and inference: 0m 33s
[2026-01-23 15:58:47,356] - [root] - [INFO] - Analysis finished: 0m 35s
[2026-01-23 15:58:47,356] - [root] - [INFO] - -------------------------------------------
[2026-01-23 15:58:47,356] - [root] - [INFO] - -------------------------------------------
[2026-01-23 15:58:47,356] - [root] - [INFO] - Processing 1-22-2026 5dpi 191-W2021010-426_R2.png
[2026-01-23 15:59:05,257] - [root] - [INFO] - Finished loading mask: 0m 17s
[2026-01-23 15:59:15,183] - [root] - [INFO] - Finished crop and inference: 0m 27s
[2026-01-23 15:59:16,659] - [root] - [INFO] - Analysis finished: 0m 29s
[2026-01-23 15:59:16,659] - [root] - [INFO] - -------------------------------------------
[2026-01-23 15:59:16,659] - [root] - [INFO] - -------------------------------------------
[2026-01-23 15:59:16,659] - [root] - [INFO] - Processing 1-22-2026 5dpi 191-W2021010-449_R1.png
[2026-01-23 15:59:33,736] - [root] - [INFO] - Finished loading mask: 0m 17s
[2026-01-23 15:59:44,986] - [root] - [INFO] - Finished crop and inference: 0m 28s
[2026-01-23 15:59:46,456] - [root] - [INFO] - Analysis finished: 0m 29s
[2026-01-23 15:59:46,456] - [root] - [INFO] - -------------------------------------------
[2026-01-23 15:59:46,456] - [root] - [INFO] - -------------------------------------------
[2026-01-23 15:59:46,456] - [root] - [INFO] - Processing 1-22-2026 5dpi 192-W2021006-005_R1.png
[2026-01-23 16:00:03,410] - [root] - [INFO] - Finished loading mask: 0m 16s
[2026-01-23 16:00:11,716] - [root] - [INFO] - Finished crop and inference: 0m 25s
[2026-01-23 16:00:13,213] - [root] - [INFO] - Analysis finished: 0m 26s
[2026-01-23 16:00:13,213] - [root] - [INFO] - -------------------------------------------
[2026-01-23 16:00:13,214] - [root] - [INFO] - -------------------------------------------
[2026-01-23 16:00:13,214] - [root] - [INFO] - Processing 1-22-2026 5dpi 206-W2021010-344_R1.png
[2026-01-23 16:00:30,047] - [root] - [INFO] - Finished loading mask: 0m 16s
[2026-01-23 16:00:38,295] - [root] - [INFO] - Finished crop and inference: 0m 25s
[2026-01-23 16:00:39,799] - [root] - [INFO] - Analysis finished: 0m 26s
[2026-01-23 16:00:39,799] - [root] - [INFO] - -------------------------------------------
[2026-01-23 16:00:39,799] - [root] - [INFO] - -------------------------------------------
[2026-01-23 16:00:39,799] - [root] - [INFO] - Processing 1-22-2026 5dpi 207-W2021009-287_R2.png
[2026-01-23 16:00:56,372] - [root] - [INFO] - Finished loading mask: 0m 16s
[2026-01-23 16:01:04,565] - [root] - [INFO] - Finished crop and inference: 0m 24s
[2026-01-23 16:01:06,008] - [root] - [INFO] - Analysis finished: 0m 26s
[2026-01-23 16:01:06,009] - [root] - [INFO] - -------------------------------------------
[2026-01-23 16:01:06,009] - [root] - [INFO] - -------------------------------------------
[2026-01-23 16:01:06,009] - [root] - [INFO] - Processing 1-22-2026 5dpi 208-W2021009-268_R2.png
[2026-01-23 16:01:22,338] - [root] - [INFO] - Finished loading mask: 0m 16s
[2026-01-23 16:01:34,428] - [root] - [INFO] - Finished crop and inference: 0m 28s
              timestamp time_elapsed  ... severity_rate_patch Gradient_sr2
0   2026-01-23 15:19:11       0m 25s  ...                1.74         0.04
1   2026-01-23 15:19:37       0m 25s  ...                4.36         0.11
2   2026-01-23 15:20:03       0m 26s  ...                0.85         0.02
3   2026-01-23 15:20:29       0m 29s  ...               25.47         0.67
4   2026-01-23 15:20:59       0m 30s  ...               37.39         0.99
..                  ...          ...  ...                 ...          ...
67  2026-01-23 15:51:27       0m 26s  ...                2.18         0.06
68  2026-01-23 15:51:54       0m 38s  ...               84.74         2.55
69  2026-01-23 15:52:32       0m 34s  ...               57.21         1.60
70  2026-01-23 15:53:06       0m 28s  ...                8.76         0.24
71  2026-01-23 15:53:35       0m 26s  ...                1.64         0.04

[72 rows x 24 columns]
              timestamp time_elapsed  ... severity_rate_patch Gradient_sr2
0   2026-01-23 15:19:11       0m 25s  ...                1.74         0.04
1   2026-01-23 15:19:37       0m 25s  ...                4.36         0.11
2   2026-01-23 15:20:03       0m 26s  ...                0.85         0.02
3   2026-01-23 15:20:29       0m 29s  ...               25.47         0.67
4   2026-01-23 15:20:59       0m 30s  ...               37.39         0.99
..                  ...          ...  ...                 ...          ...
68  2026-01-23 15:51:54       0m 38s  ...               84.74         2.55
69  2026-01-23 15:52:32       0m 34s  ...               57.21         1.60
70  2026-01-23 15:53:06       0m 28s  ...                8.76         0.24
71  2026-01-23 15:53:35       0m 26s  ...                1.64         0.04
72  2026-01-23 15:54:02       0m 26s  ...               15.38         0.37

[73 rows x 24 columns]
              timestamp time_elapsed  ... severity_rate_patch Gradient_sr2
0   2026-01-23 15:19:11       0m 25s  ...                1.74         0.04
1   2026-01-23 15:19:37       0m 25s  ...                4.36         0.11
2   2026-01-23 15:20:03       0m 26s  ...                0.85         0.02
3   2026-01-23 15:20:29       0m 29s  ...               25.47         0.67
4   2026-01-23 15:20:59       0m 30s  ...               37.39         0.99
..                  ...          ...  ...                 ...          ...
69  2026-01-23 15:52:32       0m 34s  ...               57.21         1.60
70  2026-01-23 15:53:06       0m 28s  ...                8.76         0.24
71  2026-01-23 15:53:35       0m 26s  ...                1.64         0.04
72  2026-01-23 15:54:02       0m 26s  ...               15.38         0.37
73  2026-01-23 15:54:29       0m 23s  ...                3.28         0.08

[74 rows x 24 columns]
              timestamp time_elapsed  ... severity_rate_patch Gradient_sr2
0   2026-01-23 15:19:11       0m 25s  ...                1.74         0.04
1   2026-01-23 15:19:37       0m 25s  ...                4.36         0.11
2   2026-01-23 15:20:03       0m 26s  ...                0.85         0.02
3   2026-01-23 15:20:29       0m 29s  ...               25.47         0.67
4   2026-01-23 15:20:59       0m 30s  ...               37.39         0.99
..                  ...          ...  ...                 ...          ...
70  2026-01-23 15:53:06       0m 28s  ...                8.76         0.24
71  2026-01-23 15:53:35       0m 26s  ...                1.64         0.04
72  2026-01-23 15:54:02       0m 26s  ...               15.38         0.37
73  2026-01-23 15:54:29       0m 23s  ...                3.28         0.08
74  2026-01-23 15:54:53       0m 27s  ...               13.43         0.36

[75 rows x 24 columns]
              timestamp time_elapsed  ... severity_rate_patch Gradient_sr2
0   2026-01-23 15:19:11       0m 25s  ...                1.74         0.04
1   2026-01-23 15:19:37       0m 25s  ...                4.36         0.11
2   2026-01-23 15:20:03       0m 26s  ...                0.85         0.02
3   2026-01-23 15:20:29       0m 29s  ...               25.47         0.67
4   2026-01-23 15:20:59       0m 30s  ...               37.39         0.99
..                  ...          ...  ...                 ...          ...
71  2026-01-23 15:53:35       0m 26s  ...                1.64         0.04
72  2026-01-23 15:54:02       0m 26s  ...               15.38         0.37
73  2026-01-23 15:54:29       0m 23s  ...                3.28         0.08
74  2026-01-23 15:54:53       0m 27s  ...               13.43         0.36
75  2026-01-23 15:55:20       0m 27s  ...               24.95         0.55

[76 rows x 24 columns]
              timestamp time_elapsed  ... severity_rate_patch Gradient_sr2
0   2026-01-23 15:19:11       0m 25s  ...                1.74         0.04
1   2026-01-23 15:19:37       0m 25s  ...                4.36         0.11
2   2026-01-23 15:20:03       0m 26s  ...                0.85         0.02
3   2026-01-23 15:20:29       0m 29s  ...               25.47         0.67
4   2026-01-23 15:20:59       0m 30s  ...               37.39         0.99
..                  ...          ...  ...                 ...          ...
72  2026-01-23 15:54:02       0m 26s  ...               15.38         0.37
73  2026-01-23 15:54:29       0m 23s  ...                3.28         0.08
74  2026-01-23 15:54:53       0m 27s  ...               13.43         0.36
75  2026-01-23 15:55:20       0m 27s  ...               24.95         0.55
76  2026-01-23 15:55:47       0m 34s  ...               79.18         2.11

[77 rows x 24 columns]
              timestamp time_elapsed  ... severity_rate_patch Gradient_sr2
0   2026-01-23 15:19:11       0m 25s  ...                1.74         0.04
1   2026-01-23 15:19:37       0m 25s  ...                4.36         0.11
2   2026-01-23 15:20:03       0m 26s  ...                0.85         0.02
3   2026-01-23 15:20:29       0m 29s  ...               25.47         0.67
4   2026-01-23 15:20:59       0m 30s  ...               37.39         0.99
..                  ...          ...  ...                 ...          ...
73  2026-01-23 15:54:29       0m 23s  ...                3.28         0.08
74  2026-01-23 15:54:53       0m 27s  ...               13.43         0.36
75  2026-01-23 15:55:20       0m 27s  ...               24.95         0.55
76  2026-01-23 15:55:47       0m 34s  ...               79.18         2.11
77  2026-01-23 15:56:22       0m 28s  ...                4.96         0.12

[78 rows x 24 columns]
              timestamp time_elapsed  ... severity_rate_patch Gradient_sr2
0   2026-01-23 15:19:11       0m 25s  ...                1.74         0.04
1   2026-01-23 15:19:37       0m 25s  ...                4.36         0.11
2   2026-01-23 15:20:03       0m 26s  ...                0.85         0.02
3   2026-01-23 15:20:29       0m 29s  ...               25.47         0.67
4   2026-01-23 15:20:59       0m 30s  ...               37.39         0.99
..                  ...          ...  ...                 ...          ...
74  2026-01-23 15:54:53       0m 27s  ...               13.43         0.36
75  2026-01-23 15:55:20       0m 27s  ...               24.95         0.55
76  2026-01-23 15:55:47       0m 34s  ...               79.18         2.11
77  2026-01-23 15:56:22       0m 28s  ...                4.96         0.12
78  2026-01-23 15:56:51       0m 25s  ...                6.35         0.16

[79 rows x 24 columns]
[2026-01-23 16:01:35,886] - [root] - [INFO] - Analysis finished: 0m 29s
[2026-01-23 16:01:35,886] - [root] - [INFO] - -------------------------------------------
[2026-01-23 16:01:35,886] - [root] - [INFO] - -------------------------------------------
[2026-01-23 16:01:35,886] - [root] - [INFO] - Processing 1-22-2026 5dpi 209-W2021010-439_R2.png
[2026-01-23 16:01:53,233] - [root] - [INFO] - Finished loading mask: 0m 17s
[2026-01-23 16:02:06,604] - [root] - [INFO] - Finished crop and inference: 0m 30s
[2026-01-23 16:02:08,062] - [root] - [INFO] - Analysis finished: 0m 32s
[2026-01-23 16:02:08,062] - [root] - [INFO] - -------------------------------------------
[2026-01-23 16:02:08,062] - [root] - [INFO] - -------------------------------------------
[2026-01-23 16:02:08,062] - [root] - [INFO] - Processing 1-22-2026 5dpi 211-W2021011-598_R2.png
[2026-01-23 16:02:25,613] - [root] - [INFO] - Finished loading mask: 0m 17s
[2026-01-23 16:02:35,997] - [root] - [INFO] - Finished crop and inference: 0m 27s
[2026-01-23 16:02:37,477] - [root] - [INFO] - Analysis finished: 0m 29s
[2026-01-23 16:02:37,477] - [root] - [INFO] - -------------------------------------------
[2026-01-23 16:02:37,477] - [root] - [INFO] - -------------------------------------------
[2026-01-23 16:02:37,477] - [root] - [INFO] - Processing 1-22-2026 5dpi 215-W2021006-045_R2.png
[2026-01-23 16:02:54,577] - [root] - [INFO] - Finished loading mask: 0m 17s
[2026-01-23 16:03:03,364] - [root] - [INFO] - Finished crop and inference: 0m 25s
[2026-01-23 16:03:04,852] - [root] - [INFO] - Analysis finished: 0m 27s
[2026-01-23 16:03:04,852] - [root] - [INFO] - -------------------------------------------
[2026-01-23 16:03:04,852] - [root] - [INFO] - -------------------------------------------
[2026-01-23 16:03:04,852] - [root] - [INFO] - Processing 1-22-2026 5dpi 223-W2021010-442_R2.png
[2026-01-23 16:03:21,719] - [root] - [INFO] - Finished loading mask: 0m 16s
[2026-01-23 16:03:34,633] - [root] - [INFO] - Finished crop and inference: 0m 29s
[2026-01-23 16:03:36,159] - [root] - [INFO] - Analysis finished: 0m 31s
[2026-01-23 16:03:36,159] - [root] - [INFO] - -------------------------------------------
[2026-01-23 16:03:36,159] - [root] - [INFO] - -------------------------------------------
[2026-01-23 16:03:36,160] - [root] - [INFO] - Processing 1-22-2026 5dpi 226-W2021010-435_R1.png
[2026-01-23 16:03:53,530] - [root] - [INFO] - Finished loading mask: 0m 17s
[2026-01-23 16:04:02,723] - [root] - [INFO] - Finished crop and inference: 0m 26s
[2026-01-23 16:04:04,228] - [root] - [INFO] - Analysis finished: 0m 28s
[2026-01-23 16:04:04,228] - [root] - [INFO] - -------------------------------------------
[2026-01-23 16:04:04,228] - [root] - [INFO] - -------------------------------------------
[2026-01-23 16:04:04,229] - [root] - [INFO] - Processing 1-22-2026 5dpi 230-W2021010-373_R2.png
[2026-01-23 16:04:21,154] - [root] - [INFO] - Finished loading mask: 0m 16s
[2026-01-23 16:04:43,135] - [root] - [INFO] - Finished crop and inference: 0m 38s
[2026-01-23 16:04:44,646] - [root] - [INFO] - Analysis finished: 0m 40s
[2026-01-23 16:04:44,646] - [root] - [INFO] - -------------------------------------------
[2026-01-23 16:04:44,646] - [root] - [INFO] - -------------------------------------------
[2026-01-23 16:04:44,646] - [root] - [INFO] - Processing 1-22-2026 5dpi 233-W2021009-215_R2.png
[2026-01-23 16:05:02,362] - [root] - [INFO] - Finished loading mask: 0m 17s
[2026-01-23 16:05:12,646] - [root] - [INFO] - Finished crop and inference: 0m 28s
[2026-01-23 16:05:14,094] - [root] - [INFO] - Analysis finished: 0m 29s
[2026-01-23 16:05:14,094] - [root] - [INFO] - -------------------------------------------
[2026-01-23 16:05:14,094] - [root] - [INFO] - -------------------------------------------
[2026-01-23 16:05:14,094] - [root] - [INFO] - Processing 1-22-2026 5dpi 240-Symphony_R2.png
[2026-01-23 16:05:31,467] - [root] - [INFO] - Finished loading mask: 0m 17s
[2026-01-23 16:05:51,152] - [root] - [INFO] - Finished crop and inference: 0m 37s
              timestamp time_elapsed  ... severity_rate_patch Gradient_sr2
0   2026-01-23 15:19:11       0m 25s  ...                1.74         0.04
1   2026-01-23 15:19:37       0m 25s  ...                4.36         0.11
2   2026-01-23 15:20:03       0m 26s  ...                0.85         0.02
3   2026-01-23 15:20:29       0m 29s  ...               25.47         0.67
4   2026-01-23 15:20:59       0m 30s  ...               37.39         0.99
..                  ...          ...  ...                 ...          ...
75  2026-01-23 15:55:20       0m 27s  ...               24.95         0.55
76  2026-01-23 15:55:47       0m 34s  ...               79.18         2.11
77  2026-01-23 15:56:22       0m 28s  ...                4.96         0.12
78  2026-01-23 15:56:51       0m 25s  ...                6.35         0.16
79  2026-01-23 15:57:16       0m 27s  ...               13.00         0.28

[80 rows x 24 columns]
              timestamp time_elapsed  ... severity_rate_patch Gradient_sr2
0   2026-01-23 15:19:11       0m 25s  ...                1.74         0.04
1   2026-01-23 15:19:37       0m 25s  ...                4.36         0.11
2   2026-01-23 15:20:03       0m 26s  ...                0.85         0.02
3   2026-01-23 15:20:29       0m 29s  ...               25.47         0.67
4   2026-01-23 15:20:59       0m 30s  ...               37.39         0.99
..                  ...          ...  ...                 ...          ...
76  2026-01-23 15:55:47       0m 34s  ...               79.18         2.11
77  2026-01-23 15:56:22       0m 28s  ...                4.96         0.12
78  2026-01-23 15:56:51       0m 25s  ...                6.35         0.16
79  2026-01-23 15:57:16       0m 27s  ...               13.00         0.28
80  2026-01-23 15:57:44       0m 27s  ...                5.94         0.15

[81 rows x 24 columns]
              timestamp time_elapsed  ... severity_rate_patch Gradient_sr2
0   2026-01-23 15:19:11       0m 25s  ...                1.74         0.04
1   2026-01-23 15:19:37       0m 25s  ...                4.36         0.11
2   2026-01-23 15:20:03       0m 26s  ...                0.85         0.02
3   2026-01-23 15:20:29       0m 29s  ...               25.47         0.67
4   2026-01-23 15:20:59       0m 30s  ...               37.39         0.99
..                  ...          ...  ...                 ...          ...
77  2026-01-23 15:56:22       0m 28s  ...                4.96         0.12
78  2026-01-23 15:56:51       0m 25s  ...                6.35         0.16
79  2026-01-23 15:57:16       0m 27s  ...               13.00         0.28
80  2026-01-23 15:57:44       0m 27s  ...                5.94         0.15
81  2026-01-23 15:58:11       0m 35s  ...               85.45         2.49

[82 rows x 24 columns]
              timestamp time_elapsed  ... severity_rate_patch Gradient_sr2
0   2026-01-23 15:19:11       0m 25s  ...                1.74         0.04
1   2026-01-23 15:19:37       0m 25s  ...                4.36         0.11
2   2026-01-23 15:20:03       0m 26s  ...                0.85         0.02
3   2026-01-23 15:20:29       0m 29s  ...               25.47         0.67
4   2026-01-23 15:20:59       0m 30s  ...               37.39         0.99
..                  ...          ...  ...                 ...          ...
78  2026-01-23 15:56:51       0m 25s  ...                6.35         0.16
79  2026-01-23 15:57:16       0m 27s  ...               13.00         0.28
80  2026-01-23 15:57:44       0m 27s  ...                5.94         0.15
81  2026-01-23 15:58:11       0m 35s  ...               85.45         2.49
82  2026-01-23 15:58:47       0m 29s  ...                9.54         0.25

[83 rows x 24 columns]
              timestamp time_elapsed  ... severity_rate_patch Gradient_sr2
0   2026-01-23 15:19:11       0m 25s  ...                1.74         0.04
1   2026-01-23 15:19:37       0m 25s  ...                4.36         0.11
2   2026-01-23 15:20:03       0m 26s  ...                0.85         0.02
3   2026-01-23 15:20:29       0m 29s  ...               25.47         0.67
4   2026-01-23 15:20:59       0m 30s  ...               37.39         0.99
..                  ...          ...  ...                 ...          ...
79  2026-01-23 15:57:16       0m 27s  ...               13.00         0.28
80  2026-01-23 15:57:44       0m 27s  ...                5.94         0.15
81  2026-01-23 15:58:11       0m 35s  ...               85.45         2.49
82  2026-01-23 15:58:47       0m 29s  ...                9.54         0.25
83  2026-01-23 15:59:16       0m 29s  ...               23.32         0.63

[84 rows x 24 columns]
              timestamp time_elapsed  ... severity_rate_patch Gradient_sr2
0   2026-01-23 15:19:11       0m 25s  ...                1.74         0.04
1   2026-01-23 15:19:37       0m 25s  ...                4.36         0.11
2   2026-01-23 15:20:03       0m 26s  ...                0.85         0.02
3   2026-01-23 15:20:29       0m 29s  ...               25.47         0.67
4   2026-01-23 15:20:59       0m 30s  ...               37.39         0.99
..                  ...          ...  ...                 ...          ...
80  2026-01-23 15:57:44       0m 27s  ...                5.94         0.15
81  2026-01-23 15:58:11       0m 35s  ...               85.45         2.49
82  2026-01-23 15:58:47       0m 29s  ...                9.54         0.25
83  2026-01-23 15:59:16       0m 29s  ...               23.32         0.63
84  2026-01-23 15:59:46       0m 26s  ...                7.13         0.16

[85 rows x 24 columns]
              timestamp time_elapsed  ... severity_rate_patch Gradient_sr2
0   2026-01-23 15:19:11       0m 25s  ...                1.74         0.04
1   2026-01-23 15:19:37       0m 25s  ...                4.36         0.11
2   2026-01-23 15:20:03       0m 26s  ...                0.85         0.02
3   2026-01-23 15:20:29       0m 29s  ...               25.47         0.67
4   2026-01-23 15:20:59       0m 30s  ...               37.39         0.99
..                  ...          ...  ...                 ...          ...
81  2026-01-23 15:58:11       0m 35s  ...               85.45         2.49
82  2026-01-23 15:58:47       0m 29s  ...                9.54         0.25
83  2026-01-23 15:59:16       0m 29s  ...               23.32         0.63
84  2026-01-23 15:59:46       0m 26s  ...                7.13         0.16
85  2026-01-23 16:00:13       0m 26s  ...                6.06         0.16

[86 rows x 24 columns]
              timestamp time_elapsed  ... severity_rate_patch Gradient_sr2
0   2026-01-23 15:19:11       0m 25s  ...                1.74         0.04
1   2026-01-23 15:19:37       0m 25s  ...                4.36         0.11
2   2026-01-23 15:20:03       0m 26s  ...                0.85         0.02
3   2026-01-23 15:20:29       0m 29s  ...               25.47         0.67
4   2026-01-23 15:20:59       0m 30s  ...               37.39         0.99
..                  ...          ...  ...                 ...          ...
82  2026-01-23 15:58:47       0m 29s  ...                9.54         0.25
83  2026-01-23 15:59:16       0m 29s  ...               23.32         0.63
84  2026-01-23 15:59:46       0m 26s  ...                7.13         0.16
85  2026-01-23 16:00:13       0m 26s  ...                6.06         0.16
86  2026-01-23 16:00:39       0m 26s  ...                1.20         0.03

[87 rows x 24 columns]
[2026-01-23 16:05:52,622] - [root] - [INFO] - Analysis finished: 0m 38s
[2026-01-23 16:05:52,622] - [root] - [INFO] - -------------------------------------------
[2026-01-23 16:05:52,622] - [root] - [INFO] - -------------------------------------------
[2026-01-23 16:05:52,622] - [root] - [INFO] - Processing 1-22-2026 5dpi 254-W2021010-352_R2.png
[2026-01-23 16:06:10,102] - [root] - [INFO] - Finished loading mask: 0m 17s
[2026-01-23 16:06:17,048] - [root] - [INFO] - Finished crop and inference: 0m 24s
[2026-01-23 16:06:18,520] - [root] - [INFO] - Analysis finished: 0m 25s
[2026-01-23 16:06:18,521] - [root] - [INFO] - -------------------------------------------
[2026-01-23 16:06:18,521] - [root] - [INFO] - -------------------------------------------
[2026-01-23 16:06:18,521] - [root] - [INFO] - Processing 1-22-2026 5dpi 266-W2021009-193_R1.png
[2026-01-23 16:06:35,219] - [root] - [INFO] - Finished loading mask: 0m 16s
[2026-01-23 16:06:43,792] - [root] - [INFO] - Finished crop and inference: 0m 25s
[2026-01-23 16:06:45,282] - [root] - [INFO] - Analysis finished: 0m 26s
[2026-01-23 16:06:45,282] - [root] - [INFO] - -------------------------------------------
[2026-01-23 16:06:45,282] - [root] - [INFO] - -------------------------------------------
[2026-01-23 16:06:45,282] - [root] - [INFO] - Processing 1-22-2026 5dpi 313-W2021010-343_R1.png
[2026-01-23 16:07:01,596] - [root] - [INFO] - Finished loading mask: 0m 16s
[2026-01-23 16:07:09,498] - [root] - [INFO] - Finished crop and inference: 0m 24s
[2026-01-23 16:07:10,960] - [root] - [INFO] - Analysis finished: 0m 25s
[2026-01-23 16:07:10,960] - [root] - [INFO] - -------------------------------------------
[2026-01-23 16:07:10,961] - [root] - [INFO] - -------------------------------------------
[2026-01-23 16:07:10,961] - [root] - [INFO] - Processing 1-22-2026 5dpi 336-W2021011-506_R2.png
[2026-01-23 16:07:27,446] - [root] - [INFO] - Finished loading mask: 0m 16s
[2026-01-23 16:07:41,467] - [root] - [INFO] - Finished crop and inference: 0m 30s
[2026-01-23 16:07:42,948] - [root] - [INFO] - Analysis finished: 0m 31s
[2026-01-23 16:07:42,948] - [root] - [INFO] - -------------------------------------------
[2026-01-23 16:07:42,969] - [root] - [INFO] - Saved C:\Users\Intel User\Desktop\blackbird_scripts\data\Results\ResNet_upth0.6_downth0.1_Jan22_10-21-00_2026\1-22-2026\th_0.7\severity_rate_tray_5dpi.csv
              timestamp time_elapsed  ... severity_rate_patch Gradient_sr2
0   2026-01-23 15:19:11       0m 25s  ...                1.74         0.04
1   2026-01-23 15:19:37       0m 25s  ...                4.36         0.11
2   2026-01-23 15:20:03       0m 26s  ...                0.85         0.02
3   2026-01-23 15:20:29       0m 29s  ...               25.47         0.67
4   2026-01-23 15:20:59       0m 30s  ...               37.39         0.99
..                  ...          ...  ...                 ...          ...
83  2026-01-23 15:59:16       0m 29s  ...               23.32         0.63
84  2026-01-23 15:59:46       0m 26s  ...                7.13         0.16
85  2026-01-23 16:00:13       0m 26s  ...                6.06         0.16
86  2026-01-23 16:00:39       0m 26s  ...                1.20         0.03
87  2026-01-23 16:01:06       0m 29s  ...               31.65         0.76

[88 rows x 24 columns]
              timestamp time_elapsed  ... severity_rate_patch Gradient_sr2
0   2026-01-23 15:19:11       0m 25s  ...                1.74         0.04
1   2026-01-23 15:19:37       0m 25s  ...                4.36         0.11
2   2026-01-23 15:20:03       0m 26s  ...                0.85         0.02
3   2026-01-23 15:20:29       0m 29s  ...               25.47         0.67
4   2026-01-23 15:20:59       0m 30s  ...               37.39         0.99
..                  ...          ...  ...                 ...          ...
84  2026-01-23 15:59:46       0m 26s  ...                7.13         0.16
85  2026-01-23 16:00:13       0m 26s  ...                6.06         0.16
86  2026-01-23 16:00:39       0m 26s  ...                1.20         0.03
87  2026-01-23 16:01:06       0m 29s  ...               31.65         0.76
88  2026-01-23 16:01:35       0m 32s  ...               42.68         1.19

[89 rows x 24 columns]
              timestamp time_elapsed  ... severity_rate_patch Gradient_sr2
0   2026-01-23 15:19:11       0m 25s  ...                1.74         0.04
1   2026-01-23 15:19:37       0m 25s  ...                4.36         0.11
2   2026-01-23 15:20:03       0m 26s  ...                0.85         0.02
3   2026-01-23 15:20:29       0m 29s  ...               25.47         0.67
4   2026-01-23 15:20:59       0m 30s  ...               37.39         0.99
..                  ...          ...  ...                 ...          ...
85  2026-01-23 16:00:13       0m 26s  ...                6.06         0.16
86  2026-01-23 16:00:39       0m 26s  ...                1.20         0.03
87  2026-01-23 16:01:06       0m 29s  ...               31.65         0.76
88  2026-01-23 16:01:35       0m 32s  ...               42.68         1.19
89  2026-01-23 16:02:08       0m 29s  ...               14.13         0.40

[90 rows x 24 columns]
              timestamp time_elapsed  ... severity_rate_patch Gradient_sr2
0   2026-01-23 15:19:11       0m 25s  ...                1.74         0.04
1   2026-01-23 15:19:37       0m 25s  ...                4.36         0.11
2   2026-01-23 15:20:03       0m 26s  ...                0.85         0.02
3   2026-01-23 15:20:29       0m 29s  ...               25.47         0.67
4   2026-01-23 15:20:59       0m 30s  ...               37.39         0.99
..                  ...          ...  ...                 ...          ...
86  2026-01-23 16:00:39       0m 26s  ...                1.20         0.03
87  2026-01-23 16:01:06       0m 29s  ...               31.65         0.76
88  2026-01-23 16:01:35       0m 32s  ...               42.68         1.19
89  2026-01-23 16:02:08       0m 29s  ...               14.13         0.40
90  2026-01-23 16:02:37       0m 27s  ...               11.52         0.30

[91 rows x 24 columns]
              timestamp time_elapsed  ... severity_rate_patch Gradient_sr2
0   2026-01-23 15:19:11       0m 25s  ...                1.74         0.04
1   2026-01-23 15:19:37       0m 25s  ...                4.36         0.11
2   2026-01-23 15:20:03       0m 26s  ...                0.85         0.02
3   2026-01-23 15:20:29       0m 29s  ...               25.47         0.67
4   2026-01-23 15:20:59       0m 30s  ...               37.39         0.99
..                  ...          ...  ...                 ...          ...
87  2026-01-23 16:01:06       0m 29s  ...               31.65         0.76
88  2026-01-23 16:01:35       0m 32s  ...               42.68         1.19
89  2026-01-23 16:02:08       0m 29s  ...               14.13         0.40
90  2026-01-23 16:02:37       0m 27s  ...               11.52         0.30
91  2026-01-23 16:03:04       0m 31s  ...               45.04         1.15

[92 rows x 24 columns]
              timestamp time_elapsed  ... severity_rate_patch Gradient_sr2
0   2026-01-23 15:19:11       0m 25s  ...                1.74         0.04
1   2026-01-23 15:19:37       0m 25s  ...                4.36         0.11
2   2026-01-23 15:20:03       0m 26s  ...                0.85         0.02
3   2026-01-23 15:20:29       0m 29s  ...               25.47         0.67
4   2026-01-23 15:20:59       0m 30s  ...               37.39         0.99
..                  ...          ...  ...                 ...          ...
88  2026-01-23 16:01:35       0m 32s  ...               42.68         1.19
89  2026-01-23 16:02:08       0m 29s  ...               14.13         0.40
90  2026-01-23 16:02:37       0m 27s  ...               11.52         0.30
91  2026-01-23 16:03:04       0m 31s  ...               45.04         1.15
92  2026-01-23 16:03:36       0m 28s  ...               13.53         0.35

[93 rows x 24 columns]
              timestamp time_elapsed  ... severity_rate_patch Gradient_sr2
0   2026-01-23 15:19:11       0m 25s  ...                1.74         0.04
1   2026-01-23 15:19:37       0m 25s  ...                4.36         0.11
2   2026-01-23 15:20:03       0m 26s  ...                0.85         0.02
3   2026-01-23 15:20:29       0m 29s  ...               25.47         0.67
4   2026-01-23 15:20:59       0m 30s  ...               37.39         0.99
..                  ...          ...  ...                 ...          ...
89  2026-01-23 16:02:08       0m 29s  ...               14.13         0.40
90  2026-01-23 16:02:37       0m 27s  ...               11.52         0.30
91  2026-01-23 16:03:04       0m 31s  ...               45.04         1.15
92  2026-01-23 16:03:36       0m 28s  ...               13.53         0.35
93  2026-01-23 16:04:04       0m 40s  ...               98.85         3.19

[94 rows x 24 columns]
              timestamp time_elapsed  ... severity_rate_patch Gradient_sr2
0   2026-01-23 15:19:11       0m 25s  ...                1.74         0.04
1   2026-01-23 15:19:37       0m 25s  ...                4.36         0.11
2   2026-01-23 15:20:03       0m 26s  ...                0.85         0.02
3   2026-01-23 15:20:29       0m 29s  ...               25.47         0.67
4   2026-01-23 15:20:59       0m 30s  ...               37.39         0.99
..                  ...          ...  ...                 ...          ...
90  2026-01-23 16:02:37       0m 27s  ...               11.52         0.30
91  2026-01-23 16:03:04       0m 31s  ...               45.04         1.15
92  2026-01-23 16:03:36       0m 28s  ...               13.53         0.35
93  2026-01-23 16:04:04       0m 40s  ...               98.85         3.19
94  2026-01-23 16:04:44       0m 29s  ...               17.16         0.48

[95 rows x 24 columns]
              timestamp time_elapsed  ... severity_rate_patch Gradient_sr2
0   2026-01-23 15:19:11       0m 25s  ...                1.74         0.04
1   2026-01-23 15:19:37       0m 25s  ...                4.36         0.11
2   2026-01-23 15:20:03       0m 26s  ...                0.85         0.02
3   2026-01-23 15:20:29       0m 29s  ...               25.47         0.67
4   2026-01-23 15:20:59       0m 30s  ...               37.39         0.99
..                  ...          ...  ...                 ...          ...
91  2026-01-23 16:03:04       0m 31s  ...               45.04         1.15
92  2026-01-23 16:03:36       0m 28s  ...               13.53         0.35
93  2026-01-23 16:04:04       0m 40s  ...               98.85         3.19
94  2026-01-23 16:04:44       0m 29s  ...               17.16         0.48
95  2026-01-23 16:05:14       0m 38s  ...               83.68         2.54

[96 rows x 24 columns]
              timestamp time_elapsed  ... severity_rate_patch Gradient_sr2
0   2026-01-23 15:19:11       0m 25s  ...                1.74         0.04
1   2026-01-23 15:19:37       0m 25s  ...                4.36         0.11
2   2026-01-23 15:20:03       0m 26s  ...                0.85         0.02
3   2026-01-23 15:20:29       0m 29s  ...               25.47         0.67
4   2026-01-23 15:20:59       0m 30s  ...               37.39         0.99
..                  ...          ...  ...                 ...          ...
92  2026-01-23 16:03:36       0m 28s  ...               13.53         0.35
93  2026-01-23 16:04:04       0m 40s  ...               98.85         3.19
94  2026-01-23 16:04:44       0m 29s  ...               17.16         0.48
95  2026-01-23 16:05:14       0m 38s  ...               83.68         2.54
96  2026-01-23 16:05:52       0m 25s  ...                2.20         0.06

[97 rows x 24 columns]
              timestamp time_elapsed  ... severity_rate_patch Gradient_sr2
0   2026-01-23 15:19:11       0m 25s  ...                1.74         0.04
1   2026-01-23 15:19:37       0m 25s  ...                4.36         0.11
2   2026-01-23 15:20:03       0m 26s  ...                0.85         0.02
3   2026-01-23 15:20:29       0m 29s  ...               25.47         0.67
4   2026-01-23 15:20:59       0m 30s  ...               37.39         0.99
..                  ...          ...  ...                 ...          ...
93  2026-01-23 16:04:04       0m 40s  ...               98.85         3.19
94  2026-01-23 16:04:44       0m 29s  ...               17.16         0.48
95  2026-01-23 16:05:14       0m 38s  ...               83.68         2.54
96  2026-01-23 16:05:52       0m 25s  ...                2.20         0.06
97  2026-01-23 16:06:18       0m 26s  ...               10.16         0.27

[98 rows x 24 columns]
              timestamp time_elapsed  ... severity_rate_patch Gradient_sr2
0   2026-01-23 15:19:11       0m 25s  ...                1.74         0.04
1   2026-01-23 15:19:37       0m 25s  ...                4.36         0.11
2   2026-01-23 15:20:03       0m 26s  ...                0.85         0.02
3   2026-01-23 15:20:29       0m 29s  ...               25.47         0.67
4   2026-01-23 15:20:59       0m 30s  ...               37.39         0.99
..                  ...          ...  ...                 ...          ...
94  2026-01-23 16:04:44       0m 29s  ...               17.16         0.48
95  2026-01-23 16:05:14       0m 38s  ...               83.68         2.54
96  2026-01-23 16:05:52       0m 25s  ...                2.20         0.06
97  2026-01-23 16:06:18       0m 26s  ...               10.16         0.27
98  2026-01-23 16:06:45       0m 25s  ...                4.23         0.11

[99 rows x 24 columns]
              timestamp time_elapsed  ... severity_rate_patch Gradient_sr2
0   2026-01-23 15:19:11       0m 25s  ...                1.74         0.04
1   2026-01-23 15:19:37       0m 25s  ...                4.36         0.11
2   2026-01-23 15:20:03       0m 26s  ...                0.85         0.02
3   2026-01-23 15:20:29       0m 29s  ...               25.47         0.67
4   2026-01-23 15:20:59       0m 30s  ...               37.39         0.99
..                  ...          ...  ...                 ...          ...
95  2026-01-23 16:05:14       0m 38s  ...               83.68         2.54
96  2026-01-23 16:05:52       0m 25s  ...                2.20         0.06
97  2026-01-23 16:06:18       0m 26s  ...               10.16         0.27
98  2026-01-23 16:06:45       0m 25s  ...                4.23         0.11
99  2026-01-23 16:07:10       0m 31s  ...               47.28         1.25

[100 rows x 24 columns]

real	48m38.714s
user	0m0.015s
sys	0m0.031s
