[2026-01-23 13:42:03,782] - [root] - [INFO] - leaf_correlation_mw.py
[2026-01-23 13:42:03,782] - [root] - [INFO] - model_type       : ResNet
[2026-01-23 13:42:03,782] - [root] - [INFO] - pretrained       : True
[2026-01-23 13:42:03,782] - [root] - [INFO] - loading_epoch    : 65
[2026-01-23 13:42:03,783] - [root] - [INFO] - timestamp        : Jan22_10-21-00_2026
[2026-01-23 13:42:03,783] - [root] - [INFO] - outdim           : 2
[2026-01-23 13:42:03,783] - [root] - [INFO] - dual_head        : True
[2026-01-23 13:42:03,784] - [root] - [INFO] - model_path       : ../..
[2026-01-23 13:42:03,784] - [root] - [INFO] - step_size        : 224
[2026-01-23 13:42:03,784] - [root] - [INFO] - means            : [0.541, 0.6371, 0.4188]
[2026-01-23 13:42:03,784] - [root] - [INFO] - stds             : [0.1764, 0.165, 0.2326]
[2026-01-23 13:42:03,784] - [root] - [INFO] - target_class     : 1
[2026-01-23 13:42:03,784] - [root] - [INFO] - contam_control   : False
[2026-01-23 13:42:03,784] - [root] - [INFO] - spor_th          : 0.7
[2026-01-23 13:42:03,784] - [root] - [INFO] - inf_gate         : 0.6
[2026-01-23 13:42:03,784] - [root] - [INFO] - pm               : HPM-1269
[2026-01-23 13:42:03,784] - [root] - [INFO] - mps              : False
[2026-01-23 13:42:03,784] - [root] - [INFO] - cuda             : True
[2026-01-23 13:42:03,784] - [root] - [INFO] - cuda_id          : 0
[2026-01-23 13:42:03,784] - [root] - [INFO] - sal_threshold    : 0.5
[2026-01-23 13:42:03,784] - [root] - [INFO] - up_threshold     : 0.6
[2026-01-23 13:42:03,784] - [root] - [INFO] - down_threshold   : 0.1
[2026-01-23 13:42:03,784] - [root] - [INFO] - dataset_path     : C:/Users/Intel User/Desktop/blackbird_scripts/data/human_disk_assessments
[2026-01-23 13:42:03,785] - [root] - [INFO] - img_folder       : 1-22-2026
[2026-01-23 13:42:03,785] - [root] - [INFO] - platform         : BlackBird
[2026-01-23 13:42:03,785] - [root] - [INFO] - threshold        : ['0.7']
[2026-01-23 13:42:03,785] - [root] - [INFO] - log              : ../../results/logs/random.log
[2026-01-23 13:42:03,785] - [root] - [INFO] - dpi              : 5
[2026-01-23 13:42:03,785] - [root] - [INFO] - group            : baseline
[2026-01-23 13:42:03,785] - [root] - [INFO] - trays            : ['5dpi']
[2026-01-23 13:42:03,785] - [root] - [INFO] - sal_gradcam      : False
[2026-01-23 13:42:03,785] - [root] - [INFO] - sal_gradient     : True
[2026-01-23 13:42:03,785] - [root] - [INFO] - sal_smoothgrad   : False
[2026-01-23 13:42:03,785] - [root] - [INFO] - sal_deeplift     : False
[2026-01-23 13:42:03,785] - [root] - [INFO] - sal_thresh_method : fixed
[2026-01-23 13:42:03,785] - [root] - [INFO] - sal_thresh_p     : 95.0
[2026-01-23 13:42:04,602] - [root] - [INFO] - -------------------------------------------
[2026-01-23 13:42:04,602] - [root] - [INFO] - Processing 1-22-2026 5dpi 002-W2021006-081_R1.png
[2026-01-23 13:42:21,003] - [root] - [INFO] - Finished loading mask: 0m 16s
[2026-01-23 13:42:28,973] - [root] - [INFO] - Finished crop and inference: 0m 24s
[2026-01-23 13:42:30,442] - [root] - [INFO] - Analysis finished: 0m 25s
[2026-01-23 13:42:30,442] - [root] - [INFO] - -------------------------------------------
[2026-01-23 13:42:30,442] - [root] - [INFO] - -------------------------------------------
[2026-01-23 13:42:30,442] - [root] - [INFO] - Processing 1-22-2026 5dpi 002-W2021010-336_R2.png
[2026-01-23 13:42:46,856] - [root] - [INFO] - Finished loading mask: 0m 16s
[2026-01-23 13:42:54,699] - [root] - [INFO] - Finished crop and inference: 0m 24s
[2026-01-23 13:42:56,140] - [root] - [INFO] - Analysis finished: 0m 25s
[2026-01-23 13:42:56,140] - [root] - [INFO] - -------------------------------------------
[2026-01-23 13:42:56,140] - [root] - [INFO] - -------------------------------------------
[2026-01-23 13:42:56,140] - [root] - [INFO] - Processing 1-22-2026 5dpi 005-W2021011-592_R2.png
[2026-01-23 13:43:13,109] - [root] - [INFO] - Finished loading mask: 0m 16s
[2026-01-23 13:43:21,442] - [root] - [INFO] - Finished crop and inference: 0m 25s
[2026-01-23 13:43:22,882] - [root] - [INFO] - Analysis finished: 0m 26s
[2026-01-23 13:43:22,882] - [root] - [INFO] - -------------------------------------------
[2026-01-23 13:43:22,882] - [root] - [INFO] - -------------------------------------------
[2026-01-23 13:43:22,882] - [root] - [INFO] - Processing 1-22-2026 5dpi 009-W2021010-311_R2.png
[2026-01-23 13:43:40,342] - [root] - [INFO] - Finished loading mask: 0m 17s
[2026-01-23 13:43:51,363] - [root] - [INFO] - Finished crop and inference: 0m 28s
[2026-01-23 13:43:52,863] - [root] - [INFO] - Analysis finished: 0m 29s
[2026-01-23 13:43:52,863] - [root] - [INFO] - -------------------------------------------
[2026-01-23 13:43:52,863] - [root] - [INFO] - -------------------------------------------
[2026-01-23 13:43:52,864] - [root] - [INFO] - Processing 1-22-2026 5dpi 010-W2021010-347_R2.png
[2026-01-23 13:44:10,245] - [root] - [INFO] - Finished loading mask: 0m 17s
[2026-01-23 13:44:21,996] - [root] - [INFO] - Finished crop and inference: 0m 29s
[2026-01-23 13:44:23,459] - [root] - [INFO] - Analysis finished: 0m 30s
[2026-01-23 13:44:23,460] - [root] - [INFO] - -------------------------------------------
[2026-01-23 13:44:23,460] - [root] - [INFO] - -------------------------------------------
[2026-01-23 13:44:23,460] - [root] - [INFO] - Processing 1-22-2026 5dpi 013-W2021009-172_R2.png
[2026-01-23 13:44:39,939] - [root] - [INFO] - Finished loading mask: 0m 16s
[2026-01-23 13:44:47,788] - [root] - [INFO] - Finished crop and inference: 0m 24s
[2026-01-23 13:44:49,310] - [root] - [INFO] - Analysis finished: 0m 25s
[2026-01-23 13:44:49,311] - [root] - [INFO] - -------------------------------------------
[2026-01-23 13:44:49,311] - [root] - [INFO] - -------------------------------------------
[2026-01-23 13:44:49,311] - [root] - [INFO] - Processing 1-22-2026 5dpi 015-W2021009-160_R1.png
[2026-01-23 13:45:06,415] - [root] - [INFO] - Finished loading mask: 0m 17s
[2026-01-23 13:45:18,311] - [root] - [INFO] - Finished crop and inference: 0m 29s
[2026-01-23 13:45:19,849] - [root] - [INFO] - Analysis finished: 0m 30s
[2026-01-23 13:45:19,850] - [root] - [INFO] - -------------------------------------------
[2026-01-23 13:45:19,850] - [root] - [INFO] - -------------------------------------------
[2026-01-23 13:45:19,850] - [root] - [INFO] - Processing 1-22-2026 5dpi 015-W2021011-633_R1.png
[2026-01-23 13:45:37,156] - [root] - [INFO] - Finished loading mask: 0m 17s
[2026-01-23 13:45:48,042] - [root] - [INFO] - Finished crop and inference: 0m 28s
[2026-01-23 13:45:49,541] - [root] - [INFO] - Analysis finished: 0m 29s
[2026-01-23 13:45:49,541] - [root] - [INFO] - -------------------------------------------
[2026-01-23 13:45:49,541] - [root] - [INFO] - -------------------------------------------
[2026-01-23 13:45:49,541] - [root] - [INFO] - Processing 1-22-2026 5dpi 017-W2021006-612_R2.png
[2026-01-23 13:46:06,791] - [root] - [INFO] - Finished loading mask: 0m 17s
[2026-01-23 13:46:17,296] - [root] - [INFO] - Finished crop and inference: 0m 27s
[2026-01-23 13:46:18,833] - [root] - [INFO] - Analysis finished: 0m 29s
[2026-01-23 13:46:18,834] - [root] - [INFO] - -------------------------------------------
[2026-01-23 13:46:18,834] - [root] - [INFO] - -------------------------------------------
[2026-01-23 13:46:18,834] - [root] - [INFO] - Processing 1-22-2026 5dpi 019-W2021010-428_R2.png
[2026-01-23 13:46:35,743] - [root] - [INFO] - Finished loading mask: 0m 16s
[2026-01-23 13:46:43,505] - [root] - [INFO] - Finished crop and inference: 0m 24s
[2026-01-23 13:46:44,976] - [root] - [INFO] - Analysis finished: 0m 26s
[2026-01-23 13:46:44,976] - [root] - [INFO] - -------------------------------------------
[2026-01-23 13:46:44,977] - [root] - [INFO] - -------------------------------------------
[2026-01-23 13:46:44,977] - [root] - [INFO] - Processing 1-22-2026 5dpi 021-W2021009-175_R1.png
[2026-01-23 13:47:01,661] - [root] - [INFO] - Finished loading mask: 0m 16s
[2026-01-23 13:47:10,024] - [root] - [INFO] - Finished crop and inference: 0m 25s
[2026-01-23 13:47:11,543] - [root] - [INFO] - Analysis finished: 0m 26s
[2026-01-23 13:47:11,544] - [root] - [INFO] - -------------------------------------------
[2026-01-23 13:47:11,544] - [root] - [INFO] - -------------------------------------------
[2026-01-23 13:47:11,544] - [root] - [INFO] - Processing 1-22-2026 5dpi 022-W2021009-198_R2.png
[2026-01-23 13:47:28,722] - [root] - [INFO] - Finished loading mask: 0m 17s
[2026-01-23 13:47:39,158] - [root] - [INFO] - Finished crop and inference: 0m 27s
[2026-01-23 13:47:40,611] - [root] - [INFO] - Analysis finished: 0m 29s
[2026-01-23 13:47:40,611] - [root] - [INFO] - -------------------------------------------
[2026-01-23 13:47:40,612] - [root] - [INFO] - -------------------------------------------
[2026-01-23 13:47:40,612] - [root] - [INFO] - Processing 1-22-2026 5dpi 023-W2021006-049_R1.png
[2026-01-23 13:47:57,381] - [root] - [INFO] - Finished loading mask: 0m 16s
[2026-01-23 13:48:06,963] - [root] - [INFO] - Finished crop and inference: 0m 26s
[2026-01-23 13:48:08,471] - [root] - [INFO] - Analysis finished: 0m 27s
[2026-01-23 13:48:08,471] - [root] - [INFO] - -------------------------------------------
[2026-01-23 13:48:08,471] - [root] - [INFO] - -------------------------------------------
[2026-01-23 13:48:08,471] - [root] - [INFO] - Processing 1-22-2026 5dpi 023-W2021010-305_R2.png
[2026-01-23 13:48:25,406] - [root] - [INFO] - Finished loading mask: 0m 16s
[2026-01-23 13:48:34,415] - [root] - [INFO] - Finished crop and inference: 0m 25s
[2026-01-23 13:48:35,894] - [root] - [INFO] - Analysis finished: 0m 27s
[2026-01-23 13:48:35,894] - [root] - [INFO] - -------------------------------------------
[2026-01-23 13:48:35,894] - [root] - [INFO] - -------------------------------------------
[2026-01-23 13:48:35,894] - [root] - [INFO] - Processing 1-22-2026 5dpi 026-W2021009-622_R2.png
[2026-01-23 13:48:53,416] - [root] - [INFO] - Finished loading mask: 0m 17s
[2026-01-23 13:49:05,211] - [root] - [INFO] - Finished crop and inference: 0m 29s
[2026-01-23 13:49:06,735] - [root] - [INFO] - Analysis finished: 0m 30s
[2026-01-23 13:49:06,735] - [root] - [INFO] - -------------------------------------------
[2026-01-23 13:49:06,735] - [root] - [INFO] - -------------------------------------------
[2026-01-23 13:49:06,735] - [root] - [INFO] - Processing 1-22-2026 5dpi 032-W2021006-041_R2.png
[2026-01-23 13:49:24,060] - [root] - [INFO] - Finished loading mask: 0m 17s
[2026-01-23 13:49:34,821] - [root] - [INFO] - Finished crop and inference: 0m 28s
[2026-01-23 13:49:36,307] - [root] - [INFO] - Analysis finished: 0m 29s
[2026-01-23 13:49:36,307] - [root] - [INFO] - -------------------------------------------
[2026-01-23 13:49:36,307] - [root] - [INFO] - -------------------------------------------
[2026-01-23 13:49:36,307] - [root] - [INFO] - Processing 1-22-2026 5dpi 032-W2021009-155_R1.png
[2026-01-23 13:49:54,132] - [root] - [INFO] - Finished loading mask: 0m 17s
[2026-01-23 13:50:14,239] - [root] - [INFO] - Finished crop and inference: 0m 37s
[2026-01-23 13:50:15,896] - [root] - [INFO] - Analysis finished: 0m 39s
[2026-01-23 13:50:15,896] - [root] - [INFO] - -------------------------------------------
[2026-01-23 13:50:15,896] - [root] - [INFO] - -------------------------------------------
[2026-01-23 13:50:15,896] - [root] - [INFO] - Processing 1-22-2026 5dpi 036-W2021006-047_R2.png
[2026-01-23 13:50:32,902] - [root] - [INFO] - Finished loading mask: 0m 17s
[2026-01-23 13:50:40,834] - [root] - [INFO] - Finished crop and inference: 0m 24s
[2026-01-23 13:50:42,306] - [root] - [INFO] - Analysis finished: 0m 26s
[2026-01-23 13:50:42,306] - [root] - [INFO] - -------------------------------------------
[2026-01-23 13:50:42,306] - [root] - [INFO] - -------------------------------------------
[2026-01-23 13:50:42,306] - [root] - [INFO] - Processing 1-22-2026 5dpi 040-W2021009-207_R1.png
[2026-01-23 13:50:59,364] - [root] - [INFO] - Finished loading mask: 0m 17s
[2026-01-23 13:51:09,925] - [root] - [INFO] - Finished crop and inference: 0m 27s
[2026-01-23 13:51:11,414] - [root] - [INFO] - Analysis finished: 0m 29s
[2026-01-23 13:51:11,414] - [root] - [INFO] - -------------------------------------------
[2026-01-23 13:51:11,415] - [root] - [INFO] - -------------------------------------------
[2026-01-23 13:51:11,415] - [root] - [INFO] - Processing 1-22-2026 5dpi 042-W2021010-429_R1.png
[2026-01-23 13:51:29,212] - [root] - [INFO] - Finished loading mask: 0m 17s
[2026-01-23 13:51:44,905] - [root] - [INFO] - Finished crop and inference: 0m 33s
             timestamp time_elapsed  ... severity_rate_patch Gradient_sr2
0  2026-01-23 13:42:04       0m 25s  ...                1.74         0.04

[1 rows x 24 columns]
             timestamp time_elapsed  ... severity_rate_patch Gradient_sr2
0  2026-01-23 13:42:04       0m 25s  ...                1.74         0.04
1  2026-01-23 13:42:30       0m 25s  ...                4.36         0.11

[2 rows x 24 columns]
             timestamp time_elapsed  ... severity_rate_patch Gradient_sr2
0  2026-01-23 13:42:04       0m 25s  ...                1.74         0.04
1  2026-01-23 13:42:30       0m 25s  ...                4.36         0.11
2  2026-01-23 13:42:56       0m 26s  ...                0.85         0.02

[3 rows x 24 columns]
             timestamp time_elapsed  ... severity_rate_patch Gradient_sr2
0  2026-01-23 13:42:04       0m 25s  ...                1.74         0.04
1  2026-01-23 13:42:30       0m 25s  ...                4.36         0.11
2  2026-01-23 13:42:56       0m 26s  ...                0.85         0.02
3  2026-01-23 13:43:22       0m 29s  ...               25.47         0.67

[4 rows x 24 columns]
             timestamp time_elapsed  ... severity_rate_patch Gradient_sr2
0  2026-01-23 13:42:04       0m 25s  ...                1.74         0.04
1  2026-01-23 13:42:30       0m 25s  ...                4.36         0.11
2  2026-01-23 13:42:56       0m 26s  ...                0.85         0.02
3  2026-01-23 13:43:22       0m 29s  ...               25.47         0.67
4  2026-01-23 13:43:52       0m 30s  ...               37.39         0.99

[5 rows x 24 columns]
             timestamp time_elapsed  ... severity_rate_patch Gradient_sr2
0  2026-01-23 13:42:04       0m 25s  ...                1.74         0.04
1  2026-01-23 13:42:30       0m 25s  ...                4.36         0.11
2  2026-01-23 13:42:56       0m 26s  ...                0.85         0.02
3  2026-01-23 13:43:22       0m 29s  ...               25.47         0.67
4  2026-01-23 13:43:52       0m 30s  ...               37.39         0.99
5  2026-01-23 13:44:23       0m 25s  ...                0.45         0.01

[6 rows x 24 columns]
             timestamp time_elapsed  ... severity_rate_patch Gradient_sr2
0  2026-01-23 13:42:04       0m 25s  ...                1.74         0.04
1  2026-01-23 13:42:30       0m 25s  ...                4.36         0.11
2  2026-01-23 13:42:56       0m 26s  ...                0.85         0.02
3  2026-01-23 13:43:22       0m 29s  ...               25.47         0.67
4  2026-01-23 13:43:52       0m 30s  ...               37.39         0.99
5  2026-01-23 13:44:23       0m 25s  ...                0.45         0.01
6  2026-01-23 13:44:49       0m 30s  ...               38.62         0.91

[7 rows x 24 columns]
             timestamp time_elapsed  ... severity_rate_patch Gradient_sr2
0  2026-01-23 13:42:04       0m 25s  ...                1.74         0.04
1  2026-01-23 13:42:30       0m 25s  ...                4.36         0.11
2  2026-01-23 13:42:56       0m 26s  ...                0.85         0.02
3  2026-01-23 13:43:22       0m 29s  ...               25.47         0.67
4  2026-01-23 13:43:52       0m 30s  ...               37.39         0.99
5  2026-01-23 13:44:23       0m 25s  ...                0.45         0.01
6  2026-01-23 13:44:49       0m 30s  ...               38.62         0.91
7  2026-01-23 13:45:19       0m 29s  ...               19.86         0.56

[8 rows x 24 columns]
             timestamp time_elapsed  ... severity_rate_patch Gradient_sr2
0  2026-01-23 13:42:04       0m 25s  ...                1.74         0.04
1  2026-01-23 13:42:30       0m 25s  ...                4.36         0.11
2  2026-01-23 13:42:56       0m 26s  ...                0.85         0.02
3  2026-01-23 13:43:22       0m 29s  ...               25.47         0.67
4  2026-01-23 13:43:52       0m 30s  ...               37.39         0.99
5  2026-01-23 13:44:23       0m 25s  ...                0.45         0.01
6  2026-01-23 13:44:49       0m 30s  ...               38.62         0.91
7  2026-01-23 13:45:19       0m 29s  ...               19.86         0.56
8  2026-01-23 13:45:49       0m 29s  ...               39.61         1.05

[9 rows x 24 columns]
             timestamp time_elapsed  ... severity_rate_patch Gradient_sr2
0  2026-01-23 13:42:04       0m 25s  ...                1.74         0.04
1  2026-01-23 13:42:30       0m 25s  ...                4.36         0.11
2  2026-01-23 13:42:56       0m 26s  ...                0.85         0.02
3  2026-01-23 13:43:22       0m 29s  ...               25.47         0.67
4  2026-01-23 13:43:52       0m 30s  ...               37.39         0.99
5  2026-01-23 13:44:23       0m 25s  ...                0.45         0.01
6  2026-01-23 13:44:49       0m 30s  ...               38.62         0.91
7  2026-01-23 13:45:19       0m 29s  ...               19.86         0.56
8  2026-01-23 13:45:49       0m 29s  ...               39.61         1.05
9  2026-01-23 13:46:18       0m 26s  ...                1.79         0.05

[10 rows x 24 columns]
              timestamp time_elapsed  ... severity_rate_patch Gradient_sr2
0   2026-01-23 13:42:04       0m 25s  ...                1.74         0.04
1   2026-01-23 13:42:30       0m 25s  ...                4.36         0.11
2   2026-01-23 13:42:56       0m 26s  ...                0.85         0.02
3   2026-01-23 13:43:22       0m 29s  ...               25.47         0.67
4   2026-01-23 13:43:52       0m 30s  ...               37.39         0.99
5   2026-01-23 13:44:23       0m 25s  ...                0.45         0.01
6   2026-01-23 13:44:49       0m 30s  ...               38.62         0.91
7   2026-01-23 13:45:19       0m 29s  ...               19.86         0.56
8   2026-01-23 13:45:49       0m 29s  ...               39.61         1.05
9   2026-01-23 13:46:18       0m 26s  ...                1.79         0.05
10  2026-01-23 13:46:44       0m 26s  ...                2.79         0.07

[11 rows x 24 columns]
              timestamp time_elapsed  ... severity_rate_patch Gradient_sr2
0   2026-01-23 13:42:04       0m 25s  ...                1.74         0.04
1   2026-01-23 13:42:30       0m 25s  ...                4.36         0.11
2   2026-01-23 13:42:56       0m 26s  ...                0.85         0.02
3   2026-01-23 13:43:22       0m 29s  ...               25.47         0.67
4   2026-01-23 13:43:52       0m 30s  ...               37.39         0.99
5   2026-01-23 13:44:23       0m 25s  ...                0.45         0.01
6   2026-01-23 13:44:49       0m 30s  ...               38.62         0.91
7   2026-01-23 13:45:19       0m 29s  ...               19.86         0.56
8   2026-01-23 13:45:49       0m 29s  ...               39.61         1.05
9   2026-01-23 13:46:18       0m 26s  ...                1.79         0.05
10  2026-01-23 13:46:44       0m 26s  ...                2.79         0.07
11  2026-01-23 13:47:11       0m 29s  ...               20.77         0.49

[12 rows x 24 columns]
              timestamp time_elapsed  ... severity_rate_patch Gradient_sr2
0   2026-01-23 13:42:04       0m 25s  ...                1.74         0.04
1   2026-01-23 13:42:30       0m 25s  ...                4.36         0.11
2   2026-01-23 13:42:56       0m 26s  ...                0.85         0.02
3   2026-01-23 13:43:22       0m 29s  ...               25.47         0.67
4   2026-01-23 13:43:52       0m 30s  ...               37.39         0.99
5   2026-01-23 13:44:23       0m 25s  ...                0.45         0.01
6   2026-01-23 13:44:49       0m 30s  ...               38.62         0.91
7   2026-01-23 13:45:19       0m 29s  ...               19.86         0.56
8   2026-01-23 13:45:49       0m 29s  ...               39.61         1.05
9   2026-01-23 13:46:18       0m 26s  ...                1.79         0.05
10  2026-01-23 13:46:44       0m 26s  ...                2.79         0.07
11  2026-01-23 13:47:11       0m 29s  ...               20.77         0.49
12  2026-01-23 13:47:40       0m 27s  ...               20.60         0.51

[13 rows x 24 columns]
[2026-01-23 13:51:46,354] - [root] - [INFO] - Analysis finished: 0m 34s
[2026-01-23 13:51:46,354] - [root] - [INFO] - -------------------------------------------
[2026-01-23 13:51:46,354] - [root] - [INFO] - -------------------------------------------
[2026-01-23 13:51:46,354] - [root] - [INFO] - Processing 1-22-2026 5dpi 044-W2021009-169_R2.png
[2026-01-23 13:52:03,174] - [root] - [INFO] - Finished loading mask: 0m 16s
[2026-01-23 13:52:11,000] - [root] - [INFO] - Finished crop and inference: 0m 24s
[2026-01-23 13:52:12,575] - [root] - [INFO] - Analysis finished: 0m 26s
[2026-01-23 13:52:12,575] - [root] - [INFO] - -------------------------------------------
[2026-01-23 13:52:12,575] - [root] - [INFO] - -------------------------------------------
[2026-01-23 13:52:12,575] - [root] - [INFO] - Processing 1-22-2026 5dpi 044-W2021009-618_R1.png
[2026-01-23 13:52:29,647] - [root] - [INFO] - Finished loading mask: 0m 17s
[2026-01-23 13:52:39,765] - [root] - [INFO] - Finished crop and inference: 0m 27s
[2026-01-23 13:52:41,240] - [root] - [INFO] - Analysis finished: 0m 28s
[2026-01-23 13:52:41,240] - [root] - [INFO] - -------------------------------------------
[2026-01-23 13:52:41,240] - [root] - [INFO] - -------------------------------------------
[2026-01-23 13:52:41,240] - [root] - [INFO] - Processing 1-22-2026 5dpi 047-W2021011-482_R1.png
[2026-01-23 13:52:58,663] - [root] - [INFO] - Finished loading mask: 0m 17s
[2026-01-23 13:53:11,000] - [root] - [INFO] - Finished crop and inference: 0m 29s
[2026-01-23 13:53:12,521] - [root] - [INFO] - Analysis finished: 0m 31s
[2026-01-23 13:53:12,521] - [root] - [INFO] - -------------------------------------------
[2026-01-23 13:53:12,522] - [root] - [INFO] - -------------------------------------------
[2026-01-23 13:53:12,522] - [root] - [INFO] - Processing 1-22-2026 5dpi 048-W2021006-147_R1.png
[2026-01-23 13:53:28,774] - [root] - [INFO] - Finished loading mask: 0m 16s
[2026-01-23 13:53:34,831] - [root] - [INFO] - Finished crop and inference: 0m 22s
              timestamp time_elapsed  ... severity_rate_patch Gradient_sr2
0   2026-01-23 13:42:04       0m 25s  ...                1.74         0.04
1   2026-01-23 13:42:30       0m 25s  ...                4.36         0.11
2   2026-01-23 13:42:56       0m 26s  ...                0.85         0.02
3   2026-01-23 13:43:22       0m 29s  ...               25.47         0.67
4   2026-01-23 13:43:52       0m 30s  ...               37.39         0.99
5   2026-01-23 13:44:23       0m 25s  ...                0.45         0.01
6   2026-01-23 13:44:49       0m 30s  ...               38.62         0.91
7   2026-01-23 13:45:19       0m 29s  ...               19.86         0.56
8   2026-01-23 13:45:49       0m 29s  ...               39.61         1.05
9   2026-01-23 13:46:18       0m 26s  ...                1.79         0.05
10  2026-01-23 13:46:44       0m 26s  ...                2.79         0.07
11  2026-01-23 13:47:11       0m 29s  ...               20.77         0.49
12  2026-01-23 13:47:40       0m 27s  ...               20.60         0.51
13  2026-01-23 13:48:08       0m 27s  ...               15.28         0.35

[14 rows x 24 columns]
              timestamp time_elapsed  ... severity_rate_patch Gradient_sr2
0   2026-01-23 13:42:04       0m 25s  ...                1.74         0.04
1   2026-01-23 13:42:30       0m 25s  ...                4.36         0.11
2   2026-01-23 13:42:56       0m 26s  ...                0.85         0.02
3   2026-01-23 13:43:22       0m 29s  ...               25.47         0.67
4   2026-01-23 13:43:52       0m 30s  ...               37.39         0.99
5   2026-01-23 13:44:23       0m 25s  ...                0.45         0.01
6   2026-01-23 13:44:49       0m 30s  ...               38.62         0.91
7   2026-01-23 13:45:19       0m 29s  ...               19.86         0.56
8   2026-01-23 13:45:49       0m 29s  ...               39.61         1.05
9   2026-01-23 13:46:18       0m 26s  ...                1.79         0.05
10  2026-01-23 13:46:44       0m 26s  ...                2.79         0.07
11  2026-01-23 13:47:11       0m 29s  ...               20.77         0.49
12  2026-01-23 13:47:40       0m 27s  ...               20.60         0.51
13  2026-01-23 13:48:08       0m 27s  ...               15.28         0.35
14  2026-01-23 13:48:35       0m 30s  ...               30.18         0.79

[15 rows x 24 columns]
              timestamp time_elapsed  ... severity_rate_patch Gradient_sr2
0   2026-01-23 13:42:04       0m 25s  ...                1.74         0.04
1   2026-01-23 13:42:30       0m 25s  ...                4.36         0.11
2   2026-01-23 13:42:56       0m 26s  ...                0.85         0.02
3   2026-01-23 13:43:22       0m 29s  ...               25.47         0.67
4   2026-01-23 13:43:52       0m 30s  ...               37.39         0.99
5   2026-01-23 13:44:23       0m 25s  ...                0.45         0.01
6   2026-01-23 13:44:49       0m 30s  ...               38.62         0.91
7   2026-01-23 13:45:19       0m 29s  ...               19.86         0.56
8   2026-01-23 13:45:49       0m 29s  ...               39.61         1.05
9   2026-01-23 13:46:18       0m 26s  ...                1.79         0.05
10  2026-01-23 13:46:44       0m 26s  ...                2.79         0.07
11  2026-01-23 13:47:11       0m 29s  ...               20.77         0.49
12  2026-01-23 13:47:40       0m 27s  ...               20.60         0.51
13  2026-01-23 13:48:08       0m 27s  ...               15.28         0.35
14  2026-01-23 13:48:35       0m 30s  ...               30.18         0.79
15  2026-01-23 13:49:06       0m 29s  ...               19.25         0.48

[16 rows x 24 columns]
              timestamp time_elapsed  ... severity_rate_patch Gradient_sr2
0   2026-01-23 13:42:04       0m 25s  ...                1.74         0.04
1   2026-01-23 13:42:30       0m 25s  ...                4.36         0.11
2   2026-01-23 13:42:56       0m 26s  ...                0.85         0.02
3   2026-01-23 13:43:22       0m 29s  ...               25.47         0.67
4   2026-01-23 13:43:52       0m 30s  ...               37.39         0.99
5   2026-01-23 13:44:23       0m 25s  ...                0.45         0.01
6   2026-01-23 13:44:49       0m 30s  ...               38.62         0.91
7   2026-01-23 13:45:19       0m 29s  ...               19.86         0.56
8   2026-01-23 13:45:49       0m 29s  ...               39.61         1.05
9   2026-01-23 13:46:18       0m 26s  ...                1.79         0.05
10  2026-01-23 13:46:44       0m 26s  ...                2.79         0.07
11  2026-01-23 13:47:11       0m 29s  ...               20.77         0.49
12  2026-01-23 13:47:40       0m 27s  ...               20.60         0.51
13  2026-01-23 13:48:08       0m 27s  ...               15.28         0.35
14  2026-01-23 13:48:35       0m 30s  ...               30.18         0.79
15  2026-01-23 13:49:06       0m 29s  ...               19.25         0.48
16  2026-01-23 13:49:36       0m 39s  ...               85.84         2.58

[17 rows x 24 columns]
              timestamp time_elapsed  ... severity_rate_patch Gradient_sr2
0   2026-01-23 13:42:04       0m 25s  ...                1.74         0.04
1   2026-01-23 13:42:30       0m 25s  ...                4.36         0.11
2   2026-01-23 13:42:56       0m 26s  ...                0.85         0.02
3   2026-01-23 13:43:22       0m 29s  ...               25.47         0.67
4   2026-01-23 13:43:52       0m 30s  ...               37.39         0.99
5   2026-01-23 13:44:23       0m 25s  ...                0.45         0.01
6   2026-01-23 13:44:49       0m 30s  ...               38.62         0.91
7   2026-01-23 13:45:19       0m 29s  ...               19.86         0.56
8   2026-01-23 13:45:49       0m 29s  ...               39.61         1.05
9   2026-01-23 13:46:18       0m 26s  ...                1.79         0.05
10  2026-01-23 13:46:44       0m 26s  ...                2.79         0.07
11  2026-01-23 13:47:11       0m 29s  ...               20.77         0.49
12  2026-01-23 13:47:40       0m 27s  ...               20.60         0.51
13  2026-01-23 13:48:08       0m 27s  ...               15.28         0.35
14  2026-01-23 13:48:35       0m 30s  ...               30.18         0.79
15  2026-01-23 13:49:06       0m 29s  ...               19.25         0.48
16  2026-01-23 13:49:36       0m 39s  ...               85.84         2.58
17  2026-01-23 13:50:15       0m 26s  ...                0.76         0.02

[18 rows x 24 columns]
              timestamp time_elapsed  ... severity_rate_patch Gradient_sr2
0   2026-01-23 13:42:04       0m 25s  ...                1.74         0.04
1   2026-01-23 13:42:30       0m 25s  ...                4.36         0.11
2   2026-01-23 13:42:56       0m 26s  ...                0.85         0.02
3   2026-01-23 13:43:22       0m 29s  ...               25.47         0.67
4   2026-01-23 13:43:52       0m 30s  ...               37.39         0.99
5   2026-01-23 13:44:23       0m 25s  ...                0.45         0.01
6   2026-01-23 13:44:49       0m 30s  ...               38.62         0.91
7   2026-01-23 13:45:19       0m 29s  ...               19.86         0.56
8   2026-01-23 13:45:49       0m 29s  ...               39.61         1.05
9   2026-01-23 13:46:18       0m 26s  ...                1.79         0.05
10  2026-01-23 13:46:44       0m 26s  ...                2.79         0.07
11  2026-01-23 13:47:11       0m 29s  ...               20.77         0.49
12  2026-01-23 13:47:40       0m 27s  ...               20.60         0.51
13  2026-01-23 13:48:08       0m 27s  ...               15.28         0.35
14  2026-01-23 13:48:35       0m 30s  ...               30.18         0.79
15  2026-01-23 13:49:06       0m 29s  ...               19.25         0.48
16  2026-01-23 13:49:36       0m 39s  ...               85.84         2.58
17  2026-01-23 13:50:15       0m 26s  ...                0.76         0.02
18  2026-01-23 13:50:42       0m 29s  ...               23.22         0.57

[19 rows x 24 columns]
[2026-01-23 13:53:36,394] - [root] - [INFO] - Analysis finished: 0m 23s
[2026-01-23 13:53:36,394] - [root] - [INFO] - -------------------------------------------
[2026-01-23 13:53:36,395] - [root] - [INFO] - -------------------------------------------
[2026-01-23 13:53:36,395] - [root] - [INFO] - Processing 1-22-2026 5dpi 052-W2021006-004_R2.png
[2026-01-23 13:53:52,720] - [root] - [INFO] - Finished loading mask: 0m 16s
[2026-01-23 13:53:59,990] - [root] - [INFO] - Finished crop and inference: 0m 23s
[2026-01-23 13:54:01,496] - [root] - [INFO] - Analysis finished: 0m 25s
[2026-01-23 13:54:01,497] - [root] - [INFO] - -------------------------------------------
[2026-01-23 13:54:01,497] - [root] - [INFO] - -------------------------------------------
[2026-01-23 13:54:01,497] - [root] - [INFO] - Processing 1-22-2026 5dpi 055-W2021010-341_R2.png
[2026-01-23 13:54:18,224] - [root] - [INFO] - Finished loading mask: 0m 16s
[2026-01-23 13:54:26,802] - [root] - [INFO] - Finished crop and inference: 0m 25s
[2026-01-23 13:54:28,312] - [root] - [INFO] - Analysis finished: 0m 26s
[2026-01-23 13:54:28,312] - [root] - [INFO] - -------------------------------------------
[2026-01-23 13:54:28,312] - [root] - [INFO] - -------------------------------------------
[2026-01-23 13:54:28,312] - [root] - [INFO] - Processing 1-22-2026 5dpi 055-W2021010-397_R2.png
[2026-01-23 13:54:45,319] - [root] - [INFO] - Finished loading mask: 0m 17s
[2026-01-23 13:54:54,639] - [root] - [INFO] - Finished crop and inference: 0m 26s
[2026-01-23 13:54:56,125] - [root] - [INFO] - Analysis finished: 0m 27s
[2026-01-23 13:54:56,125] - [root] - [INFO] - -------------------------------------------
[2026-01-23 13:54:56,125] - [root] - [INFO] - -------------------------------------------
[2026-01-23 13:54:56,125] - [root] - [INFO] - Processing 1-22-2026 5dpi 056-W2021006-609_R1.png
[2026-01-23 13:55:13,309] - [root] - [INFO] - Finished loading mask: 0m 17s
[2026-01-23 13:55:24,612] - [root] - [INFO] - Finished crop and inference: 0m 28s
              timestamp time_elapsed  ... severity_rate_patch Gradient_sr2
0   2026-01-23 13:42:04       0m 25s  ...                1.74         0.04
1   2026-01-23 13:42:30       0m 25s  ...                4.36         0.11
2   2026-01-23 13:42:56       0m 26s  ...                0.85         0.02
3   2026-01-23 13:43:22       0m 29s  ...               25.47         0.67
4   2026-01-23 13:43:52       0m 30s  ...               37.39         0.99
5   2026-01-23 13:44:23       0m 25s  ...                0.45         0.01
6   2026-01-23 13:44:49       0m 30s  ...               38.62         0.91
7   2026-01-23 13:45:19       0m 29s  ...               19.86         0.56
8   2026-01-23 13:45:49       0m 29s  ...               39.61         1.05
9   2026-01-23 13:46:18       0m 26s  ...                1.79         0.05
10  2026-01-23 13:46:44       0m 26s  ...                2.79         0.07
11  2026-01-23 13:47:11       0m 29s  ...               20.77         0.49
12  2026-01-23 13:47:40       0m 27s  ...               20.60         0.51
13  2026-01-23 13:48:08       0m 27s  ...               15.28         0.35
14  2026-01-23 13:48:35       0m 30s  ...               30.18         0.79
15  2026-01-23 13:49:06       0m 29s  ...               19.25         0.48
16  2026-01-23 13:49:36       0m 39s  ...               85.84         2.58
17  2026-01-23 13:50:15       0m 26s  ...                0.76         0.02
18  2026-01-23 13:50:42       0m 29s  ...               23.22         0.57
19  2026-01-23 13:51:11       0m 34s  ...               62.76         1.72

[20 rows x 24 columns]
              timestamp time_elapsed  ... severity_rate_patch Gradient_sr2
0   2026-01-23 13:42:04       0m 25s  ...                1.74         0.04
1   2026-01-23 13:42:30       0m 25s  ...                4.36         0.11
2   2026-01-23 13:42:56       0m 26s  ...                0.85         0.02
3   2026-01-23 13:43:22       0m 29s  ...               25.47         0.67
4   2026-01-23 13:43:52       0m 30s  ...               37.39         0.99
5   2026-01-23 13:44:23       0m 25s  ...                0.45         0.01
6   2026-01-23 13:44:49       0m 30s  ...               38.62         0.91
7   2026-01-23 13:45:19       0m 29s  ...               19.86         0.56
8   2026-01-23 13:45:49       0m 29s  ...               39.61         1.05
9   2026-01-23 13:46:18       0m 26s  ...                1.79         0.05
10  2026-01-23 13:46:44       0m 26s  ...                2.79         0.07
11  2026-01-23 13:47:11       0m 29s  ...               20.77         0.49
12  2026-01-23 13:47:40       0m 27s  ...               20.60         0.51
13  2026-01-23 13:48:08       0m 27s  ...               15.28         0.35
14  2026-01-23 13:48:35       0m 30s  ...               30.18         0.79
15  2026-01-23 13:49:06       0m 29s  ...               19.25         0.48
16  2026-01-23 13:49:36       0m 39s  ...               85.84         2.58
17  2026-01-23 13:50:15       0m 26s  ...                0.76         0.02
18  2026-01-23 13:50:42       0m 29s  ...               23.22         0.57
19  2026-01-23 13:51:11       0m 34s  ...               62.76         1.72
20  2026-01-23 13:51:46       0m 26s  ...                1.10         0.03

[21 rows x 24 columns]
              timestamp time_elapsed  ... severity_rate_patch Gradient_sr2
0   2026-01-23 13:42:04       0m 25s  ...                1.74         0.04
1   2026-01-23 13:42:30       0m 25s  ...                4.36         0.11
2   2026-01-23 13:42:56       0m 26s  ...                0.85         0.02
3   2026-01-23 13:43:22       0m 29s  ...               25.47         0.67
4   2026-01-23 13:43:52       0m 30s  ...               37.39         0.99
5   2026-01-23 13:44:23       0m 25s  ...                0.45         0.01
6   2026-01-23 13:44:49       0m 30s  ...               38.62         0.91
7   2026-01-23 13:45:19       0m 29s  ...               19.86         0.56
8   2026-01-23 13:45:49       0m 29s  ...               39.61         1.05
9   2026-01-23 13:46:18       0m 26s  ...                1.79         0.05
10  2026-01-23 13:46:44       0m 26s  ...                2.79         0.07
11  2026-01-23 13:47:11       0m 29s  ...               20.77         0.49
12  2026-01-23 13:47:40       0m 27s  ...               20.60         0.51
13  2026-01-23 13:48:08       0m 27s  ...               15.28         0.35
14  2026-01-23 13:48:35       0m 30s  ...               30.18         0.79
15  2026-01-23 13:49:06       0m 29s  ...               19.25         0.48
16  2026-01-23 13:49:36       0m 39s  ...               85.84         2.58
17  2026-01-23 13:50:15       0m 26s  ...                0.76         0.02
18  2026-01-23 13:50:42       0m 29s  ...               23.22         0.57
19  2026-01-23 13:51:11       0m 34s  ...               62.76         1.72
20  2026-01-23 13:51:46       0m 26s  ...                1.10         0.03
21  2026-01-23 13:52:12       0m 28s  ...               19.31         0.52

[22 rows x 24 columns]
              timestamp time_elapsed  ... severity_rate_patch Gradient_sr2
0   2026-01-23 13:42:04       0m 25s  ...                1.74         0.04
1   2026-01-23 13:42:30       0m 25s  ...                4.36         0.11
2   2026-01-23 13:42:56       0m 26s  ...                0.85         0.02
3   2026-01-23 13:43:22       0m 29s  ...               25.47         0.67
4   2026-01-23 13:43:52       0m 30s  ...               37.39         0.99
5   2026-01-23 13:44:23       0m 25s  ...                0.45         0.01
6   2026-01-23 13:44:49       0m 30s  ...               38.62         0.91
7   2026-01-23 13:45:19       0m 29s  ...               19.86         0.56
8   2026-01-23 13:45:49       0m 29s  ...               39.61         1.05
9   2026-01-23 13:46:18       0m 26s  ...                1.79         0.05
10  2026-01-23 13:46:44       0m 26s  ...                2.79         0.07
11  2026-01-23 13:47:11       0m 29s  ...               20.77         0.49
12  2026-01-23 13:47:40       0m 27s  ...               20.60         0.51
13  2026-01-23 13:48:08       0m 27s  ...               15.28         0.35
14  2026-01-23 13:48:35       0m 30s  ...               30.18         0.79
15  2026-01-23 13:49:06       0m 29s  ...               19.25         0.48
16  2026-01-23 13:49:36       0m 39s  ...               85.84         2.58
17  2026-01-23 13:50:15       0m 26s  ...                0.76         0.02
18  2026-01-23 13:50:42       0m 29s  ...               23.22         0.57
19  2026-01-23 13:51:11       0m 34s  ...               62.76         1.72
20  2026-01-23 13:51:46       0m 26s  ...                1.10         0.03
21  2026-01-23 13:52:12       0m 28s  ...               19.31         0.52
22  2026-01-23 13:52:41       0m 31s  ...               42.05         1.16

[23 rows x 24 columns]
[2026-01-23 13:55:26,076] - [root] - [INFO] - Analysis finished: 0m 29s
[2026-01-23 13:55:26,076] - [root] - [INFO] - -------------------------------------------
[2026-01-23 13:55:26,076] - [root] - [INFO] - -------------------------------------------
[2026-01-23 13:55:26,076] - [root] - [INFO] - Processing 1-22-2026 5dpi 059-W2021010-434_R1.png
[2026-01-23 13:55:42,519] - [root] - [INFO] - Finished loading mask: 0m 16s
[2026-01-23 13:55:51,130] - [root] - [INFO] - Finished crop and inference: 0m 25s
[2026-01-23 13:55:52,643] - [root] - [INFO] - Analysis finished: 0m 26s
[2026-01-23 13:55:52,643] - [root] - [INFO] - -------------------------------------------
[2026-01-23 13:55:52,643] - [root] - [INFO] - -------------------------------------------
[2026-01-23 13:55:52,643] - [root] - [INFO] - Processing 1-22-2026 5dpi 060-W2021010-324_R2.png
[2026-01-23 13:56:09,372] - [root] - [INFO] - Finished loading mask: 0m 16s
[2026-01-23 13:56:17,438] - [root] - [INFO] - Finished crop and inference: 0m 24s
[2026-01-23 13:56:18,954] - [root] - [INFO] - Analysis finished: 0m 26s
[2026-01-23 13:56:18,954] - [root] - [INFO] - -------------------------------------------
[2026-01-23 13:56:18,954] - [root] - [INFO] - -------------------------------------------
[2026-01-23 13:56:18,954] - [root] - [INFO] - Processing 1-22-2026 5dpi 061-W2021011-483_R1.png
[2026-01-23 13:56:35,632] - [root] - [INFO] - Finished loading mask: 0m 16s
[2026-01-23 13:56:44,981] - [root] - [INFO] - Finished crop and inference: 0m 26s
              timestamp time_elapsed  ... severity_rate_patch Gradient_sr2
0   2026-01-23 13:42:04       0m 25s  ...                1.74         0.04
1   2026-01-23 13:42:30       0m 25s  ...                4.36         0.11
2   2026-01-23 13:42:56       0m 26s  ...                0.85         0.02
3   2026-01-23 13:43:22       0m 29s  ...               25.47         0.67
4   2026-01-23 13:43:52       0m 30s  ...               37.39         0.99
5   2026-01-23 13:44:23       0m 25s  ...                0.45         0.01
6   2026-01-23 13:44:49       0m 30s  ...               38.62         0.91
7   2026-01-23 13:45:19       0m 29s  ...               19.86         0.56
8   2026-01-23 13:45:49       0m 29s  ...               39.61         1.05
9   2026-01-23 13:46:18       0m 26s  ...                1.79         0.05
10  2026-01-23 13:46:44       0m 26s  ...                2.79         0.07
11  2026-01-23 13:47:11       0m 29s  ...               20.77         0.49
12  2026-01-23 13:47:40       0m 27s  ...               20.60         0.51
13  2026-01-23 13:48:08       0m 27s  ...               15.28         0.35
14  2026-01-23 13:48:35       0m 30s  ...               30.18         0.79
15  2026-01-23 13:49:06       0m 29s  ...               19.25         0.48
16  2026-01-23 13:49:36       0m 39s  ...               85.84         2.58
17  2026-01-23 13:50:15       0m 26s  ...                0.76         0.02
18  2026-01-23 13:50:42       0m 29s  ...               23.22         0.57
19  2026-01-23 13:51:11       0m 34s  ...               62.76         1.72
20  2026-01-23 13:51:46       0m 26s  ...                1.10         0.03
21  2026-01-23 13:52:12       0m 28s  ...               19.31         0.52
22  2026-01-23 13:52:41       0m 31s  ...               42.05         1.16
23  2026-01-23 13:53:12       0m 23s  ...                6.56         0.18

[24 rows x 24 columns]
              timestamp time_elapsed  ... severity_rate_patch Gradient_sr2
0   2026-01-23 13:42:04       0m 25s  ...                1.74         0.04
1   2026-01-23 13:42:30       0m 25s  ...                4.36         0.11
2   2026-01-23 13:42:56       0m 26s  ...                0.85         0.02
3   2026-01-23 13:43:22       0m 29s  ...               25.47         0.67
4   2026-01-23 13:43:52       0m 30s  ...               37.39         0.99
5   2026-01-23 13:44:23       0m 25s  ...                0.45         0.01
6   2026-01-23 13:44:49       0m 30s  ...               38.62         0.91
7   2026-01-23 13:45:19       0m 29s  ...               19.86         0.56
8   2026-01-23 13:45:49       0m 29s  ...               39.61         1.05
9   2026-01-23 13:46:18       0m 26s  ...                1.79         0.05
10  2026-01-23 13:46:44       0m 26s  ...                2.79         0.07
11  2026-01-23 13:47:11       0m 29s  ...               20.77         0.49
12  2026-01-23 13:47:40       0m 27s  ...               20.60         0.51
13  2026-01-23 13:48:08       0m 27s  ...               15.28         0.35
14  2026-01-23 13:48:35       0m 30s  ...               30.18         0.79
15  2026-01-23 13:49:06       0m 29s  ...               19.25         0.48
16  2026-01-23 13:49:36       0m 39s  ...               85.84         2.58
17  2026-01-23 13:50:15       0m 26s  ...                0.76         0.02
18  2026-01-23 13:50:42       0m 29s  ...               23.22         0.57
19  2026-01-23 13:51:11       0m 34s  ...               62.76         1.72
20  2026-01-23 13:51:46       0m 26s  ...                1.10         0.03
21  2026-01-23 13:52:12       0m 28s  ...               19.31         0.52
22  2026-01-23 13:52:41       0m 31s  ...               42.05         1.16
23  2026-01-23 13:53:12       0m 23s  ...                6.56         0.18
24  2026-01-23 13:53:36       0m 25s  ...                1.51         0.04

[25 rows x 24 columns]
              timestamp time_elapsed  ... severity_rate_patch Gradient_sr2
0   2026-01-23 13:42:04       0m 25s  ...                1.74         0.04
1   2026-01-23 13:42:30       0m 25s  ...                4.36         0.11
2   2026-01-23 13:42:56       0m 26s  ...                0.85         0.02
3   2026-01-23 13:43:22       0m 29s  ...               25.47         0.67
4   2026-01-23 13:43:52       0m 30s  ...               37.39         0.99
5   2026-01-23 13:44:23       0m 25s  ...                0.45         0.01
6   2026-01-23 13:44:49       0m 30s  ...               38.62         0.91
7   2026-01-23 13:45:19       0m 29s  ...               19.86         0.56
8   2026-01-23 13:45:49       0m 29s  ...               39.61         1.05
9   2026-01-23 13:46:18       0m 26s  ...                1.79         0.05
10  2026-01-23 13:46:44       0m 26s  ...                2.79         0.07
11  2026-01-23 13:47:11       0m 29s  ...               20.77         0.49
12  2026-01-23 13:47:40       0m 27s  ...               20.60         0.51
13  2026-01-23 13:48:08       0m 27s  ...               15.28         0.35
14  2026-01-23 13:48:35       0m 30s  ...               30.18         0.79
15  2026-01-23 13:49:06       0m 29s  ...               19.25         0.48
16  2026-01-23 13:49:36       0m 39s  ...               85.84         2.58
17  2026-01-23 13:50:15       0m 26s  ...                0.76         0.02
18  2026-01-23 13:50:42       0m 29s  ...               23.22         0.57
19  2026-01-23 13:51:11       0m 34s  ...               62.76         1.72
20  2026-01-23 13:51:46       0m 26s  ...                1.10         0.03
21  2026-01-23 13:52:12       0m 28s  ...               19.31         0.52
22  2026-01-23 13:52:41       0m 31s  ...               42.05         1.16
23  2026-01-23 13:53:12       0m 23s  ...                6.56         0.18
24  2026-01-23 13:53:36       0m 25s  ...                1.51         0.04
25  2026-01-23 13:54:01       0m 26s  ...                8.51         0.22

[26 rows x 24 columns]
              timestamp time_elapsed  ... severity_rate_patch Gradient_sr2
0   2026-01-23 13:42:04       0m 25s  ...                1.74         0.04
1   2026-01-23 13:42:30       0m 25s  ...                4.36         0.11
2   2026-01-23 13:42:56       0m 26s  ...                0.85         0.02
3   2026-01-23 13:43:22       0m 29s  ...               25.47         0.67
4   2026-01-23 13:43:52       0m 30s  ...               37.39         0.99
5   2026-01-23 13:44:23       0m 25s  ...                0.45         0.01
6   2026-01-23 13:44:49       0m 30s  ...               38.62         0.91
7   2026-01-23 13:45:19       0m 29s  ...               19.86         0.56
8   2026-01-23 13:45:49       0m 29s  ...               39.61         1.05
9   2026-01-23 13:46:18       0m 26s  ...                1.79         0.05
10  2026-01-23 13:46:44       0m 26s  ...                2.79         0.07
11  2026-01-23 13:47:11       0m 29s  ...               20.77         0.49
12  2026-01-23 13:47:40       0m 27s  ...               20.60         0.51
13  2026-01-23 13:48:08       0m 27s  ...               15.28         0.35
14  2026-01-23 13:48:35       0m 30s  ...               30.18         0.79
15  2026-01-23 13:49:06       0m 29s  ...               19.25         0.48
16  2026-01-23 13:49:36       0m 39s  ...               85.84         2.58
17  2026-01-23 13:50:15       0m 26s  ...                0.76         0.02
18  2026-01-23 13:50:42       0m 29s  ...               23.22         0.57
19  2026-01-23 13:51:11       0m 34s  ...               62.76         1.72
20  2026-01-23 13:51:46       0m 26s  ...                1.10         0.03
21  2026-01-23 13:52:12       0m 28s  ...               19.31         0.52
22  2026-01-23 13:52:41       0m 31s  ...               42.05         1.16
23  2026-01-23 13:53:12       0m 23s  ...                6.56         0.18
24  2026-01-23 13:53:36       0m 25s  ...                1.51         0.04
25  2026-01-23 13:54:01       0m 26s  ...                8.51         0.22
26  2026-01-23 13:54:28       0m 27s  ...               12.12         0.31

[27 rows x 24 columns]
[2026-01-23 13:56:46,531] - [root] - [INFO] - Analysis finished: 0m 27s
[2026-01-23 13:56:46,531] - [root] - [INFO] - -------------------------------------------
[2026-01-23 13:56:46,531] - [root] - [INFO] - -------------------------------------------
[2026-01-23 13:56:46,531] - [root] - [INFO] - Processing 1-22-2026 5dpi 070-W2021011-486_R2.png
[2026-01-23 13:57:03,220] - [root] - [INFO] - Finished loading mask: 0m 16s
[2026-01-23 13:57:13,117] - [root] - [INFO] - Finished crop and inference: 0m 26s
[2026-01-23 13:57:14,626] - [root] - [INFO] - Analysis finished: 0m 28s
[2026-01-23 13:57:14,626] - [root] - [INFO] - -------------------------------------------
[2026-01-23 13:57:14,626] - [root] - [INFO] - -------------------------------------------
[2026-01-23 13:57:14,627] - [root] - [INFO] - Processing 1-22-2026 5dpi 071-W2021010-323_R1.png
[2026-01-23 13:57:32,232] - [root] - [INFO] - Finished loading mask: 0m 17s
[2026-01-23 13:57:47,544] - [root] - [INFO] - Finished crop and inference: 0m 32s
[2026-01-23 13:57:49,069] - [root] - [INFO] - Analysis finished: 0m 34s
[2026-01-23 13:57:49,070] - [root] - [INFO] - -------------------------------------------
[2026-01-23 13:57:49,070] - [root] - [INFO] - -------------------------------------------
[2026-01-23 13:57:49,070] - [root] - [INFO] - Processing 1-22-2026 5dpi 077-W2021010-351_R2.png
[2026-01-23 13:58:06,087] - [root] - [INFO] - Finished loading mask: 0m 17s
[2026-01-23 13:58:14,764] - [root] - [INFO] - Finished crop and inference: 0m 25s
              timestamp time_elapsed  ... severity_rate_patch Gradient_sr2
0   2026-01-23 13:42:04       0m 25s  ...                1.74         0.04
1   2026-01-23 13:42:30       0m 25s  ...                4.36         0.11
2   2026-01-23 13:42:56       0m 26s  ...                0.85         0.02
3   2026-01-23 13:43:22       0m 29s  ...               25.47         0.67
4   2026-01-23 13:43:52       0m 30s  ...               37.39         0.99
5   2026-01-23 13:44:23       0m 25s  ...                0.45         0.01
6   2026-01-23 13:44:49       0m 30s  ...               38.62         0.91
7   2026-01-23 13:45:19       0m 29s  ...               19.86         0.56
8   2026-01-23 13:45:49       0m 29s  ...               39.61         1.05
9   2026-01-23 13:46:18       0m 26s  ...                1.79         0.05
10  2026-01-23 13:46:44       0m 26s  ...                2.79         0.07
11  2026-01-23 13:47:11       0m 29s  ...               20.77         0.49
12  2026-01-23 13:47:40       0m 27s  ...               20.60         0.51
13  2026-01-23 13:48:08       0m 27s  ...               15.28         0.35
14  2026-01-23 13:48:35       0m 30s  ...               30.18         0.79
15  2026-01-23 13:49:06       0m 29s  ...               19.25         0.48
16  2026-01-23 13:49:36       0m 39s  ...               85.84         2.58
17  2026-01-23 13:50:15       0m 26s  ...                0.76         0.02
18  2026-01-23 13:50:42       0m 29s  ...               23.22         0.57
19  2026-01-23 13:51:11       0m 34s  ...               62.76         1.72
20  2026-01-23 13:51:46       0m 26s  ...                1.10         0.03
21  2026-01-23 13:52:12       0m 28s  ...               19.31         0.52
22  2026-01-23 13:52:41       0m 31s  ...               42.05         1.16
23  2026-01-23 13:53:12       0m 23s  ...                6.56         0.18
24  2026-01-23 13:53:36       0m 25s  ...                1.51         0.04
25  2026-01-23 13:54:01       0m 26s  ...                8.51         0.22
26  2026-01-23 13:54:28       0m 27s  ...               12.12         0.31
27  2026-01-23 13:54:56       0m 29s  ...               32.69         0.79

[28 rows x 24 columns]
              timestamp time_elapsed  ... severity_rate_patch Gradient_sr2
0   2026-01-23 13:42:04       0m 25s  ...                1.74         0.04
1   2026-01-23 13:42:30       0m 25s  ...                4.36         0.11
2   2026-01-23 13:42:56       0m 26s  ...                0.85         0.02
3   2026-01-23 13:43:22       0m 29s  ...               25.47         0.67
4   2026-01-23 13:43:52       0m 30s  ...               37.39         0.99
5   2026-01-23 13:44:23       0m 25s  ...                0.45         0.01
6   2026-01-23 13:44:49       0m 30s  ...               38.62         0.91
7   2026-01-23 13:45:19       0m 29s  ...               19.86         0.56
8   2026-01-23 13:45:49       0m 29s  ...               39.61         1.05
9   2026-01-23 13:46:18       0m 26s  ...                1.79         0.05
10  2026-01-23 13:46:44       0m 26s  ...                2.79         0.07
11  2026-01-23 13:47:11       0m 29s  ...               20.77         0.49
12  2026-01-23 13:47:40       0m 27s  ...               20.60         0.51
13  2026-01-23 13:48:08       0m 27s  ...               15.28         0.35
14  2026-01-23 13:48:35       0m 30s  ...               30.18         0.79
15  2026-01-23 13:49:06       0m 29s  ...               19.25         0.48
16  2026-01-23 13:49:36       0m 39s  ...               85.84         2.58
17  2026-01-23 13:50:15       0m 26s  ...                0.76         0.02
18  2026-01-23 13:50:42       0m 29s  ...               23.22         0.57
19  2026-01-23 13:51:11       0m 34s  ...               62.76         1.72
20  2026-01-23 13:51:46       0m 26s  ...                1.10         0.03
21  2026-01-23 13:52:12       0m 28s  ...               19.31         0.52
22  2026-01-23 13:52:41       0m 31s  ...               42.05         1.16
23  2026-01-23 13:53:12       0m 23s  ...                6.56         0.18
24  2026-01-23 13:53:36       0m 25s  ...                1.51         0.04
25  2026-01-23 13:54:01       0m 26s  ...                8.51         0.22
26  2026-01-23 13:54:28       0m 27s  ...               12.12         0.31
27  2026-01-23 13:54:56       0m 29s  ...               32.69         0.79
28  2026-01-23 13:55:26       0m 26s  ...                2.15         0.06

[29 rows x 24 columns]
              timestamp time_elapsed  ... severity_rate_patch Gradient_sr2
0   2026-01-23 13:42:04       0m 25s  ...                1.74         0.04
1   2026-01-23 13:42:30       0m 25s  ...                4.36         0.11
2   2026-01-23 13:42:56       0m 26s  ...                0.85         0.02
3   2026-01-23 13:43:22       0m 29s  ...               25.47         0.67
4   2026-01-23 13:43:52       0m 30s  ...               37.39         0.99
5   2026-01-23 13:44:23       0m 25s  ...                0.45         0.01
6   2026-01-23 13:44:49       0m 30s  ...               38.62         0.91
7   2026-01-23 13:45:19       0m 29s  ...               19.86         0.56
8   2026-01-23 13:45:49       0m 29s  ...               39.61         1.05
9   2026-01-23 13:46:18       0m 26s  ...                1.79         0.05
10  2026-01-23 13:46:44       0m 26s  ...                2.79         0.07
11  2026-01-23 13:47:11       0m 29s  ...               20.77         0.49
12  2026-01-23 13:47:40       0m 27s  ...               20.60         0.51
13  2026-01-23 13:48:08       0m 27s  ...               15.28         0.35
14  2026-01-23 13:48:35       0m 30s  ...               30.18         0.79
15  2026-01-23 13:49:06       0m 29s  ...               19.25         0.48
16  2026-01-23 13:49:36       0m 39s  ...               85.84         2.58
17  2026-01-23 13:50:15       0m 26s  ...                0.76         0.02
18  2026-01-23 13:50:42       0m 29s  ...               23.22         0.57
19  2026-01-23 13:51:11       0m 34s  ...               62.76         1.72
20  2026-01-23 13:51:46       0m 26s  ...                1.10         0.03
21  2026-01-23 13:52:12       0m 28s  ...               19.31         0.52
22  2026-01-23 13:52:41       0m 31s  ...               42.05         1.16
23  2026-01-23 13:53:12       0m 23s  ...                6.56         0.18
24  2026-01-23 13:53:36       0m 25s  ...                1.51         0.04
25  2026-01-23 13:54:01       0m 26s  ...                8.51         0.22
26  2026-01-23 13:54:28       0m 27s  ...               12.12         0.31
27  2026-01-23 13:54:56       0m 29s  ...               32.69         0.79
28  2026-01-23 13:55:26       0m 26s  ...                2.15         0.06
29  2026-01-23 13:55:52       0m 26s  ...                2.94         0.07

[30 rows x 24 columns]
[2026-01-23 13:58:16,269] - [root] - [INFO] - Analysis finished: 0m 27s
[2026-01-23 13:58:16,270] - [root] - [INFO] - -------------------------------------------
[2026-01-23 13:58:16,270] - [root] - [INFO] - -------------------------------------------
[2026-01-23 13:58:16,270] - [root] - [INFO] - Processing 1-22-2026 5dpi 084-W2021010-319_R1.png
[2026-01-23 13:58:32,770] - [root] - [INFO] - Finished loading mask: 0m 16s
[2026-01-23 13:58:40,833] - [root] - [INFO] - Finished crop and inference: 0m 24s
[2026-01-23 13:58:42,340] - [root] - [INFO] - Analysis finished: 0m 26s
[2026-01-23 13:58:42,340] - [root] - [INFO] - -------------------------------------------
[2026-01-23 13:58:42,340] - [root] - [INFO] - -------------------------------------------
[2026-01-23 13:58:42,340] - [root] - [INFO] - Processing 1-22-2026 5dpi 085-W2021010-630_R1.png
[2026-01-23 13:58:58,974] - [root] - [INFO] - Finished loading mask: 0m 16s
[2026-01-23 13:59:06,998] - [root] - [INFO] - Finished crop and inference: 0m 24s
              timestamp time_elapsed  ... severity_rate_patch Gradient_sr2
0   2026-01-23 13:42:04       0m 25s  ...                1.74         0.04
1   2026-01-23 13:42:30       0m 25s  ...                4.36         0.11
2   2026-01-23 13:42:56       0m 26s  ...                0.85         0.02
3   2026-01-23 13:43:22       0m 29s  ...               25.47         0.67
4   2026-01-23 13:43:52       0m 30s  ...               37.39         0.99
5   2026-01-23 13:44:23       0m 25s  ...                0.45         0.01
6   2026-01-23 13:44:49       0m 30s  ...               38.62         0.91
7   2026-01-23 13:45:19       0m 29s  ...               19.86         0.56
8   2026-01-23 13:45:49       0m 29s  ...               39.61         1.05
9   2026-01-23 13:46:18       0m 26s  ...                1.79         0.05
10  2026-01-23 13:46:44       0m 26s  ...                2.79         0.07
11  2026-01-23 13:47:11       0m 29s  ...               20.77         0.49
12  2026-01-23 13:47:40       0m 27s  ...               20.60         0.51
13  2026-01-23 13:48:08       0m 27s  ...               15.28         0.35
14  2026-01-23 13:48:35       0m 30s  ...               30.18         0.79
15  2026-01-23 13:49:06       0m 29s  ...               19.25         0.48
16  2026-01-23 13:49:36       0m 39s  ...               85.84         2.58
17  2026-01-23 13:50:15       0m 26s  ...                0.76         0.02
18  2026-01-23 13:50:42       0m 29s  ...               23.22         0.57
19  2026-01-23 13:51:11       0m 34s  ...               62.76         1.72
20  2026-01-23 13:51:46       0m 26s  ...                1.10         0.03
21  2026-01-23 13:52:12       0m 28s  ...               19.31         0.52
22  2026-01-23 13:52:41       0m 31s  ...               42.05         1.16
23  2026-01-23 13:53:12       0m 23s  ...                6.56         0.18
24  2026-01-23 13:53:36       0m 25s  ...                1.51         0.04
25  2026-01-23 13:54:01       0m 26s  ...                8.51         0.22
26  2026-01-23 13:54:28       0m 27s  ...               12.12         0.31
27  2026-01-23 13:54:56       0m 29s  ...               32.69         0.79
28  2026-01-23 13:55:26       0m 26s  ...                2.15         0.06
29  2026-01-23 13:55:52       0m 26s  ...                2.94         0.07
30  2026-01-23 13:56:18       0m 27s  ...               12.91         0.30

[31 rows x 24 columns]
              timestamp time_elapsed  ... severity_rate_patch Gradient_sr2
0   2026-01-23 13:42:04       0m 25s  ...                1.74         0.04
1   2026-01-23 13:42:30       0m 25s  ...                4.36         0.11
2   2026-01-23 13:42:56       0m 26s  ...                0.85         0.02
3   2026-01-23 13:43:22       0m 29s  ...               25.47         0.67
4   2026-01-23 13:43:52       0m 30s  ...               37.39         0.99
5   2026-01-23 13:44:23       0m 25s  ...                0.45         0.01
6   2026-01-23 13:44:49       0m 30s  ...               38.62         0.91
7   2026-01-23 13:45:19       0m 29s  ...               19.86         0.56
8   2026-01-23 13:45:49       0m 29s  ...               39.61         1.05
9   2026-01-23 13:46:18       0m 26s  ...                1.79         0.05
10  2026-01-23 13:46:44       0m 26s  ...                2.79         0.07
11  2026-01-23 13:47:11       0m 29s  ...               20.77         0.49
12  2026-01-23 13:47:40       0m 27s  ...               20.60         0.51
13  2026-01-23 13:48:08       0m 27s  ...               15.28         0.35
14  2026-01-23 13:48:35       0m 30s  ...               30.18         0.79
15  2026-01-23 13:49:06       0m 29s  ...               19.25         0.48
16  2026-01-23 13:49:36       0m 39s  ...               85.84         2.58
17  2026-01-23 13:50:15       0m 26s  ...                0.76         0.02
18  2026-01-23 13:50:42       0m 29s  ...               23.22         0.57
19  2026-01-23 13:51:11       0m 34s  ...               62.76         1.72
20  2026-01-23 13:51:46       0m 26s  ...                1.10         0.03
21  2026-01-23 13:52:12       0m 28s  ...               19.31         0.52
22  2026-01-23 13:52:41       0m 31s  ...               42.05         1.16
23  2026-01-23 13:53:12       0m 23s  ...                6.56         0.18
24  2026-01-23 13:53:36       0m 25s  ...                1.51         0.04
25  2026-01-23 13:54:01       0m 26s  ...                8.51         0.22
26  2026-01-23 13:54:28       0m 27s  ...               12.12         0.31
27  2026-01-23 13:54:56       0m 29s  ...               32.69         0.79
28  2026-01-23 13:55:26       0m 26s  ...                2.15         0.06
29  2026-01-23 13:55:52       0m 26s  ...                2.94         0.07
30  2026-01-23 13:56:18       0m 27s  ...               12.91         0.30
31  2026-01-23 13:56:46       0m 28s  ...               42.77         1.19

[32 rows x 24 columns]
              timestamp time_elapsed  ... severity_rate_patch Gradient_sr2
0   2026-01-23 13:42:04       0m 25s  ...                1.74         0.04
1   2026-01-23 13:42:30       0m 25s  ...                4.36         0.11
2   2026-01-23 13:42:56       0m 26s  ...                0.85         0.02
3   2026-01-23 13:43:22       0m 29s  ...               25.47         0.67
4   2026-01-23 13:43:52       0m 30s  ...               37.39         0.99
5   2026-01-23 13:44:23       0m 25s  ...                0.45         0.01
6   2026-01-23 13:44:49       0m 30s  ...               38.62         0.91
7   2026-01-23 13:45:19       0m 29s  ...               19.86         0.56
8   2026-01-23 13:45:49       0m 29s  ...               39.61         1.05
9   2026-01-23 13:46:18       0m 26s  ...                1.79         0.05
10  2026-01-23 13:46:44       0m 26s  ...                2.79         0.07
11  2026-01-23 13:47:11       0m 29s  ...               20.77         0.49
12  2026-01-23 13:47:40       0m 27s  ...               20.60         0.51
13  2026-01-23 13:48:08       0m 27s  ...               15.28         0.35
14  2026-01-23 13:48:35       0m 30s  ...               30.18         0.79
15  2026-01-23 13:49:06       0m 29s  ...               19.25         0.48
16  2026-01-23 13:49:36       0m 39s  ...               85.84         2.58
17  2026-01-23 13:50:15       0m 26s  ...                0.76         0.02
18  2026-01-23 13:50:42       0m 29s  ...               23.22         0.57
19  2026-01-23 13:51:11       0m 34s  ...               62.76         1.72
20  2026-01-23 13:51:46       0m 26s  ...                1.10         0.03
21  2026-01-23 13:52:12       0m 28s  ...               19.31         0.52
22  2026-01-23 13:52:41       0m 31s  ...               42.05         1.16
23  2026-01-23 13:53:12       0m 23s  ...                6.56         0.18
24  2026-01-23 13:53:36       0m 25s  ...                1.51         0.04
25  2026-01-23 13:54:01       0m 26s  ...                8.51         0.22
26  2026-01-23 13:54:28       0m 27s  ...               12.12         0.31
27  2026-01-23 13:54:56       0m 29s  ...               32.69         0.79
28  2026-01-23 13:55:26       0m 26s  ...                2.15         0.06
29  2026-01-23 13:55:52       0m 26s  ...                2.94         0.07
30  2026-01-23 13:56:18       0m 27s  ...               12.91         0.30
31  2026-01-23 13:56:46       0m 28s  ...               42.77         1.19
32  2026-01-23 13:57:14       0m 34s  ...               65.54         1.89

[33 rows x 24 columns]
[2026-01-23 13:59:08,477] - [root] - [INFO] - Analysis finished: 0m 26s
[2026-01-23 13:59:08,477] - [root] - [INFO] - -------------------------------------------
[2026-01-23 13:59:08,477] - [root] - [INFO] - -------------------------------------------
[2026-01-23 13:59:08,477] - [root] - [INFO] - Processing 1-22-2026 5dpi 091-W2021006-056_R2.png
[2026-01-23 13:59:25,392] - [root] - [INFO] - Finished loading mask: 0m 16s
[2026-01-23 13:59:33,533] - [root] - [INFO] - Finished crop and inference: 0m 25s
[2026-01-23 13:59:35,145] - [root] - [INFO] - Analysis finished: 0m 26s
[2026-01-23 13:59:35,145] - [root] - [INFO] - -------------------------------------------
[2026-01-23 13:59:35,145] - [root] - [INFO] - -------------------------------------------
[2026-01-23 13:59:35,145] - [root] - [INFO] - Processing 1-22-2026 5dpi 094-W2021010-315_R2.png
[2026-01-23 13:59:51,371] - [root] - [INFO] - Finished loading mask: 0m 16s
[2026-01-23 13:59:59,158] - [root] - [INFO] - Finished crop and inference: 0m 24s
              timestamp time_elapsed  ... severity_rate_patch Gradient_sr2
0   2026-01-23 13:42:04       0m 25s  ...                1.74         0.04
1   2026-01-23 13:42:30       0m 25s  ...                4.36         0.11
2   2026-01-23 13:42:56       0m 26s  ...                0.85         0.02
3   2026-01-23 13:43:22       0m 29s  ...               25.47         0.67
4   2026-01-23 13:43:52       0m 30s  ...               37.39         0.99
5   2026-01-23 13:44:23       0m 25s  ...                0.45         0.01
6   2026-01-23 13:44:49       0m 30s  ...               38.62         0.91
7   2026-01-23 13:45:19       0m 29s  ...               19.86         0.56
8   2026-01-23 13:45:49       0m 29s  ...               39.61         1.05
9   2026-01-23 13:46:18       0m 26s  ...                1.79         0.05
10  2026-01-23 13:46:44       0m 26s  ...                2.79         0.07
11  2026-01-23 13:47:11       0m 29s  ...               20.77         0.49
12  2026-01-23 13:47:40       0m 27s  ...               20.60         0.51
13  2026-01-23 13:48:08       0m 27s  ...               15.28         0.35
14  2026-01-23 13:48:35       0m 30s  ...               30.18         0.79
15  2026-01-23 13:49:06       0m 29s  ...               19.25         0.48
16  2026-01-23 13:49:36       0m 39s  ...               85.84         2.58
17  2026-01-23 13:50:15       0m 26s  ...                0.76         0.02
18  2026-01-23 13:50:42       0m 29s  ...               23.22         0.57
19  2026-01-23 13:51:11       0m 34s  ...               62.76         1.72
20  2026-01-23 13:51:46       0m 26s  ...                1.10         0.03
21  2026-01-23 13:52:12       0m 28s  ...               19.31         0.52
22  2026-01-23 13:52:41       0m 31s  ...               42.05         1.16
23  2026-01-23 13:53:12       0m 23s  ...                6.56         0.18
24  2026-01-23 13:53:36       0m 25s  ...                1.51         0.04
25  2026-01-23 13:54:01       0m 26s  ...                8.51         0.22
26  2026-01-23 13:54:28       0m 27s  ...               12.12         0.31
27  2026-01-23 13:54:56       0m 29s  ...               32.69         0.79
28  2026-01-23 13:55:26       0m 26s  ...                2.15         0.06
29  2026-01-23 13:55:52       0m 26s  ...                2.94         0.07
30  2026-01-23 13:56:18       0m 27s  ...               12.91         0.30
31  2026-01-23 13:56:46       0m 28s  ...               42.77         1.19
32  2026-01-23 13:57:14       0m 34s  ...               65.54         1.89
33  2026-01-23 13:57:49       0m 27s  ...               10.11         0.24

[34 rows x 24 columns]
              timestamp time_elapsed  ... severity_rate_patch Gradient_sr2
0   2026-01-23 13:42:04       0m 25s  ...                1.74         0.04
1   2026-01-23 13:42:30       0m 25s  ...                4.36         0.11
2   2026-01-23 13:42:56       0m 26s  ...                0.85         0.02
3   2026-01-23 13:43:22       0m 29s  ...               25.47         0.67
4   2026-01-23 13:43:52       0m 30s  ...               37.39         0.99
5   2026-01-23 13:44:23       0m 25s  ...                0.45         0.01
6   2026-01-23 13:44:49       0m 30s  ...               38.62         0.91
7   2026-01-23 13:45:19       0m 29s  ...               19.86         0.56
8   2026-01-23 13:45:49       0m 29s  ...               39.61         1.05
9   2026-01-23 13:46:18       0m 26s  ...                1.79         0.05
10  2026-01-23 13:46:44       0m 26s  ...                2.79         0.07
11  2026-01-23 13:47:11       0m 29s  ...               20.77         0.49
12  2026-01-23 13:47:40       0m 27s  ...               20.60         0.51
13  2026-01-23 13:48:08       0m 27s  ...               15.28         0.35
14  2026-01-23 13:48:35       0m 30s  ...               30.18         0.79
15  2026-01-23 13:49:06       0m 29s  ...               19.25         0.48
16  2026-01-23 13:49:36       0m 39s  ...               85.84         2.58
17  2026-01-23 13:50:15       0m 26s  ...                0.76         0.02
18  2026-01-23 13:50:42       0m 29s  ...               23.22         0.57
19  2026-01-23 13:51:11       0m 34s  ...               62.76         1.72
20  2026-01-23 13:51:46       0m 26s  ...                1.10         0.03
21  2026-01-23 13:52:12       0m 28s  ...               19.31         0.52
22  2026-01-23 13:52:41       0m 31s  ...               42.05         1.16
23  2026-01-23 13:53:12       0m 23s  ...                6.56         0.18
24  2026-01-23 13:53:36       0m 25s  ...                1.51         0.04
25  2026-01-23 13:54:01       0m 26s  ...                8.51         0.22
26  2026-01-23 13:54:28       0m 27s  ...               12.12         0.31
27  2026-01-23 13:54:56       0m 29s  ...               32.69         0.79
28  2026-01-23 13:55:26       0m 26s  ...                2.15         0.06
29  2026-01-23 13:55:52       0m 26s  ...                2.94         0.07
30  2026-01-23 13:56:18       0m 27s  ...               12.91         0.30
31  2026-01-23 13:56:46       0m 28s  ...               42.77         1.19
32  2026-01-23 13:57:14       0m 34s  ...               65.54         1.89
33  2026-01-23 13:57:49       0m 27s  ...               10.11         0.24
34  2026-01-23 13:58:16       0m 26s  ...                4.05         0.11

[35 rows x 24 columns]
[2026-01-23 14:00:00,767] - [root] - [INFO] - Analysis finished: 0m 25s
[2026-01-23 14:00:00,767] - [root] - [INFO] - -------------------------------------------
[2026-01-23 14:00:00,767] - [root] - [INFO] - -------------------------------------------
[2026-01-23 14:00:00,767] - [root] - [INFO] - Processing 1-22-2026 5dpi 095-W2021011-553_R2.png
[2026-01-23 14:00:17,091] - [root] - [INFO] - Finished loading mask: 0m 16s
[2026-01-23 14:00:24,351] - [root] - [INFO] - Finished crop and inference: 0m 23s
[2026-01-23 14:00:25,890] - [root] - [INFO] - Analysis finished: 0m 25s
[2026-01-23 14:00:25,890] - [root] - [INFO] - -------------------------------------------
[2026-01-23 14:00:25,890] - [root] - [INFO] - -------------------------------------------
[2026-01-23 14:00:25,891] - [root] - [INFO] - Processing 1-22-2026 5dpi 097-W2021006-617_R2.png
[2026-01-23 14:00:43,394] - [root] - [INFO] - Finished loading mask: 0m 17s
[2026-01-23 14:00:56,246] - [root] - [INFO] - Finished crop and inference: 0m 30s
              timestamp time_elapsed  ... severity_rate_patch Gradient_sr2
0   2026-01-23 13:42:04       0m 25s  ...                1.74         0.04
1   2026-01-23 13:42:30       0m 25s  ...                4.36         0.11
2   2026-01-23 13:42:56       0m 26s  ...                0.85         0.02
3   2026-01-23 13:43:22       0m 29s  ...               25.47         0.67
4   2026-01-23 13:43:52       0m 30s  ...               37.39         0.99
5   2026-01-23 13:44:23       0m 25s  ...                0.45         0.01
6   2026-01-23 13:44:49       0m 30s  ...               38.62         0.91
7   2026-01-23 13:45:19       0m 29s  ...               19.86         0.56
8   2026-01-23 13:45:49       0m 29s  ...               39.61         1.05
9   2026-01-23 13:46:18       0m 26s  ...                1.79         0.05
10  2026-01-23 13:46:44       0m 26s  ...                2.79         0.07
11  2026-01-23 13:47:11       0m 29s  ...               20.77         0.49
12  2026-01-23 13:47:40       0m 27s  ...               20.60         0.51
13  2026-01-23 13:48:08       0m 27s  ...               15.28         0.35
14  2026-01-23 13:48:35       0m 30s  ...               30.18         0.79
15  2026-01-23 13:49:06       0m 29s  ...               19.25         0.48
16  2026-01-23 13:49:36       0m 39s  ...               85.84         2.58
17  2026-01-23 13:50:15       0m 26s  ...                0.76         0.02
18  2026-01-23 13:50:42       0m 29s  ...               23.22         0.57
19  2026-01-23 13:51:11       0m 34s  ...               62.76         1.72
20  2026-01-23 13:51:46       0m 26s  ...                1.10         0.03
21  2026-01-23 13:52:12       0m 28s  ...               19.31         0.52
22  2026-01-23 13:52:41       0m 31s  ...               42.05         1.16
23  2026-01-23 13:53:12       0m 23s  ...                6.56         0.18
24  2026-01-23 13:53:36       0m 25s  ...                1.51         0.04
25  2026-01-23 13:54:01       0m 26s  ...                8.51         0.22
26  2026-01-23 13:54:28       0m 27s  ...               12.12         0.31
27  2026-01-23 13:54:56       0m 29s  ...               32.69         0.79
28  2026-01-23 13:55:26       0m 26s  ...                2.15         0.06
29  2026-01-23 13:55:52       0m 26s  ...                2.94         0.07
30  2026-01-23 13:56:18       0m 27s  ...               12.91         0.30
31  2026-01-23 13:56:46       0m 28s  ...               42.77         1.19
32  2026-01-23 13:57:14       0m 34s  ...               65.54         1.89
33  2026-01-23 13:57:49       0m 27s  ...               10.11         0.24
34  2026-01-23 13:58:16       0m 26s  ...                4.05         0.11
35  2026-01-23 13:58:42       0m 26s  ...                1.89         0.05

[36 rows x 24 columns]
              timestamp time_elapsed  ... severity_rate_patch Gradient_sr2
0   2026-01-23 13:42:04       0m 25s  ...                1.74         0.04
1   2026-01-23 13:42:30       0m 25s  ...                4.36         0.11
2   2026-01-23 13:42:56       0m 26s  ...                0.85         0.02
3   2026-01-23 13:43:22       0m 29s  ...               25.47         0.67
4   2026-01-23 13:43:52       0m 30s  ...               37.39         0.99
5   2026-01-23 13:44:23       0m 25s  ...                0.45         0.01
6   2026-01-23 13:44:49       0m 30s  ...               38.62         0.91
7   2026-01-23 13:45:19       0m 29s  ...               19.86         0.56
8   2026-01-23 13:45:49       0m 29s  ...               39.61         1.05
9   2026-01-23 13:46:18       0m 26s  ...                1.79         0.05
10  2026-01-23 13:46:44       0m 26s  ...                2.79         0.07
11  2026-01-23 13:47:11       0m 29s  ...               20.77         0.49
12  2026-01-23 13:47:40       0m 27s  ...               20.60         0.51
13  2026-01-23 13:48:08       0m 27s  ...               15.28         0.35
14  2026-01-23 13:48:35       0m 30s  ...               30.18         0.79
15  2026-01-23 13:49:06       0m 29s  ...               19.25         0.48
16  2026-01-23 13:49:36       0m 39s  ...               85.84         2.58
17  2026-01-23 13:50:15       0m 26s  ...                0.76         0.02
18  2026-01-23 13:50:42       0m 29s  ...               23.22         0.57
19  2026-01-23 13:51:11       0m 34s  ...               62.76         1.72
20  2026-01-23 13:51:46       0m 26s  ...                1.10         0.03
21  2026-01-23 13:52:12       0m 28s  ...               19.31         0.52
22  2026-01-23 13:52:41       0m 31s  ...               42.05         1.16
23  2026-01-23 13:53:12       0m 23s  ...                6.56         0.18
24  2026-01-23 13:53:36       0m 25s  ...                1.51         0.04
25  2026-01-23 13:54:01       0m 26s  ...                8.51         0.22
26  2026-01-23 13:54:28       0m 27s  ...               12.12         0.31
27  2026-01-23 13:54:56       0m 29s  ...               32.69         0.79
28  2026-01-23 13:55:26       0m 26s  ...                2.15         0.06
29  2026-01-23 13:55:52       0m 26s  ...                2.94         0.07
30  2026-01-23 13:56:18       0m 27s  ...               12.91         0.30
31  2026-01-23 13:56:46       0m 28s  ...               42.77         1.19
32  2026-01-23 13:57:14       0m 34s  ...               65.54         1.89
33  2026-01-23 13:57:49       0m 27s  ...               10.11         0.24
34  2026-01-23 13:58:16       0m 26s  ...                4.05         0.11
35  2026-01-23 13:58:42       0m 26s  ...                1.89         0.05
36  2026-01-23 13:59:08       0m 26s  ...                5.54         0.15

[37 rows x 24 columns]
[2026-01-23 14:00:57,797] - [root] - [INFO] - Analysis finished: 0m 31s
[2026-01-23 14:00:57,797] - [root] - [INFO] - -------------------------------------------
[2026-01-23 14:00:57,797] - [root] - [INFO] - -------------------------------------------
[2026-01-23 14:00:57,797] - [root] - [INFO] - Processing 1-22-2026 5dpi 097-W2021009-163_R1.png
[2026-01-23 14:01:15,222] - [root] - [INFO] - Finished loading mask: 0m 17s
[2026-01-23 14:01:30,362] - [root] - [INFO] - Finished crop and inference: 0m 32s
[2026-01-23 14:01:31,906] - [root] - [INFO] - Analysis finished: 0m 34s
[2026-01-23 14:01:31,906] - [root] - [INFO] - -------------------------------------------
[2026-01-23 14:01:31,906] - [root] - [INFO] - -------------------------------------------
[2026-01-23 14:01:31,906] - [root] - [INFO] - Processing 1-22-2026 5dpi 099-W2021006-611_R2.png
[2026-01-23 14:01:49,489] - [root] - [INFO] - Finished loading mask: 0m 17s
[2026-01-23 14:02:03,230] - [root] - [INFO] - Finished crop and inference: 0m 31s
              timestamp time_elapsed  ... severity_rate_patch Gradient_sr2
0   2026-01-23 13:42:04       0m 25s  ...                1.74         0.04
1   2026-01-23 13:42:30       0m 25s  ...                4.36         0.11
2   2026-01-23 13:42:56       0m 26s  ...                0.85         0.02
3   2026-01-23 13:43:22       0m 29s  ...               25.47         0.67
4   2026-01-23 13:43:52       0m 30s  ...               37.39         0.99
5   2026-01-23 13:44:23       0m 25s  ...                0.45         0.01
6   2026-01-23 13:44:49       0m 30s  ...               38.62         0.91
7   2026-01-23 13:45:19       0m 29s  ...               19.86         0.56
8   2026-01-23 13:45:49       0m 29s  ...               39.61         1.05
9   2026-01-23 13:46:18       0m 26s  ...                1.79         0.05
10  2026-01-23 13:46:44       0m 26s  ...                2.79         0.07
11  2026-01-23 13:47:11       0m 29s  ...               20.77         0.49
12  2026-01-23 13:47:40       0m 27s  ...               20.60         0.51
13  2026-01-23 13:48:08       0m 27s  ...               15.28         0.35
14  2026-01-23 13:48:35       0m 30s  ...               30.18         0.79
15  2026-01-23 13:49:06       0m 29s  ...               19.25         0.48
16  2026-01-23 13:49:36       0m 39s  ...               85.84         2.58
17  2026-01-23 13:50:15       0m 26s  ...                0.76         0.02
18  2026-01-23 13:50:42       0m 29s  ...               23.22         0.57
19  2026-01-23 13:51:11       0m 34s  ...               62.76         1.72
20  2026-01-23 13:51:46       0m 26s  ...                1.10         0.03
21  2026-01-23 13:52:12       0m 28s  ...               19.31         0.52
22  2026-01-23 13:52:41       0m 31s  ...               42.05         1.16
23  2026-01-23 13:53:12       0m 23s  ...                6.56         0.18
24  2026-01-23 13:53:36       0m 25s  ...                1.51         0.04
25  2026-01-23 13:54:01       0m 26s  ...                8.51         0.22
26  2026-01-23 13:54:28       0m 27s  ...               12.12         0.31
27  2026-01-23 13:54:56       0m 29s  ...               32.69         0.79
28  2026-01-23 13:55:26       0m 26s  ...                2.15         0.06
29  2026-01-23 13:55:52       0m 26s  ...                2.94         0.07
30  2026-01-23 13:56:18       0m 27s  ...               12.91         0.30
31  2026-01-23 13:56:46       0m 28s  ...               42.77         1.19
32  2026-01-23 13:57:14       0m 34s  ...               65.54         1.89
33  2026-01-23 13:57:49       0m 27s  ...               10.11         0.24
34  2026-01-23 13:58:16       0m 26s  ...                4.05         0.11
35  2026-01-23 13:58:42       0m 26s  ...                1.89         0.05
36  2026-01-23 13:59:08       0m 26s  ...                5.54         0.15
37  2026-01-23 13:59:35       0m 25s  ...                0.46         0.01

[38 rows x 24 columns]
              timestamp time_elapsed  ... severity_rate_patch Gradient_sr2
0   2026-01-23 13:42:04       0m 25s  ...                1.74         0.04
1   2026-01-23 13:42:30       0m 25s  ...                4.36         0.11
2   2026-01-23 13:42:56       0m 26s  ...                0.85         0.02
3   2026-01-23 13:43:22       0m 29s  ...               25.47         0.67
4   2026-01-23 13:43:52       0m 30s  ...               37.39         0.99
5   2026-01-23 13:44:23       0m 25s  ...                0.45         0.01
6   2026-01-23 13:44:49       0m 30s  ...               38.62         0.91
7   2026-01-23 13:45:19       0m 29s  ...               19.86         0.56
8   2026-01-23 13:45:49       0m 29s  ...               39.61         1.05
9   2026-01-23 13:46:18       0m 26s  ...                1.79         0.05
10  2026-01-23 13:46:44       0m 26s  ...                2.79         0.07
11  2026-01-23 13:47:11       0m 29s  ...               20.77         0.49
12  2026-01-23 13:47:40       0m 27s  ...               20.60         0.51
13  2026-01-23 13:48:08       0m 27s  ...               15.28         0.35
14  2026-01-23 13:48:35       0m 30s  ...               30.18         0.79
15  2026-01-23 13:49:06       0m 29s  ...               19.25         0.48
16  2026-01-23 13:49:36       0m 39s  ...               85.84         2.58
17  2026-01-23 13:50:15       0m 26s  ...                0.76         0.02
18  2026-01-23 13:50:42       0m 29s  ...               23.22         0.57
19  2026-01-23 13:51:11       0m 34s  ...               62.76         1.72
20  2026-01-23 13:51:46       0m 26s  ...                1.10         0.03
21  2026-01-23 13:52:12       0m 28s  ...               19.31         0.52
22  2026-01-23 13:52:41       0m 31s  ...               42.05         1.16
23  2026-01-23 13:53:12       0m 23s  ...                6.56         0.18
24  2026-01-23 13:53:36       0m 25s  ...                1.51         0.04
25  2026-01-23 13:54:01       0m 26s  ...                8.51         0.22
26  2026-01-23 13:54:28       0m 27s  ...               12.12         0.31
27  2026-01-23 13:54:56       0m 29s  ...               32.69         0.79
28  2026-01-23 13:55:26       0m 26s  ...                2.15         0.06
29  2026-01-23 13:55:52       0m 26s  ...                2.94         0.07
30  2026-01-23 13:56:18       0m 27s  ...               12.91         0.30
31  2026-01-23 13:56:46       0m 28s  ...               42.77         1.19
32  2026-01-23 13:57:14       0m 34s  ...               65.54         1.89
33  2026-01-23 13:57:49       0m 27s  ...               10.11         0.24
34  2026-01-23 13:58:16       0m 26s  ...                4.05         0.11
35  2026-01-23 13:58:42       0m 26s  ...                1.89         0.05
36  2026-01-23 13:59:08       0m 26s  ...                5.54         0.15
37  2026-01-23 13:59:35       0m 25s  ...                0.46         0.01
38  2026-01-23 14:00:00       0m 25s  ...                1.59         0.04

[39 rows x 24 columns]
[2026-01-23 14:02:04,756] - [root] - [INFO] - Analysis finished: 0m 32s
[2026-01-23 14:02:04,756] - [root] - [INFO] - -------------------------------------------
[2026-01-23 14:02:04,756] - [root] - [INFO] - -------------------------------------------
[2026-01-23 14:02:04,756] - [root] - [INFO] - Processing 1-22-2026 5dpi 101-W2021011-565_R1.png
[2026-01-23 14:02:22,982] - [root] - [INFO] - Finished loading mask: 0m 18s
[2026-01-23 14:02:42,100] - [root] - [INFO] - Finished crop and inference: 0m 37s
[2026-01-23 14:02:43,736] - [root] - [INFO] - Analysis finished: 0m 38s
[2026-01-23 14:02:43,736] - [root] - [INFO] - -------------------------------------------
[2026-01-23 14:02:43,736] - [root] - [INFO] - -------------------------------------------
[2026-01-23 14:02:43,736] - [root] - [INFO] - Processing 1-22-2026 5dpi 105-W2021011-558_R1.png
[2026-01-23 14:03:00,233] - [root] - [INFO] - Finished loading mask: 0m 16s
[2026-01-23 14:03:07,839] - [root] - [INFO] - Finished crop and inference: 0m 24s
              timestamp time_elapsed  ... severity_rate_patch Gradient_sr2
0   2026-01-23 13:42:04       0m 25s  ...                1.74         0.04
1   2026-01-23 13:42:30       0m 25s  ...                4.36         0.11
2   2026-01-23 13:42:56       0m 26s  ...                0.85         0.02
3   2026-01-23 13:43:22       0m 29s  ...               25.47         0.67
4   2026-01-23 13:43:52       0m 30s  ...               37.39         0.99
5   2026-01-23 13:44:23       0m 25s  ...                0.45         0.01
6   2026-01-23 13:44:49       0m 30s  ...               38.62         0.91
7   2026-01-23 13:45:19       0m 29s  ...               19.86         0.56
8   2026-01-23 13:45:49       0m 29s  ...               39.61         1.05
9   2026-01-23 13:46:18       0m 26s  ...                1.79         0.05
10  2026-01-23 13:46:44       0m 26s  ...                2.79         0.07
11  2026-01-23 13:47:11       0m 29s  ...               20.77         0.49
12  2026-01-23 13:47:40       0m 27s  ...               20.60         0.51
13  2026-01-23 13:48:08       0m 27s  ...               15.28         0.35
14  2026-01-23 13:48:35       0m 30s  ...               30.18         0.79
15  2026-01-23 13:49:06       0m 29s  ...               19.25         0.48
16  2026-01-23 13:49:36       0m 39s  ...               85.84         2.58
17  2026-01-23 13:50:15       0m 26s  ...                0.76         0.02
18  2026-01-23 13:50:42       0m 29s  ...               23.22         0.57
19  2026-01-23 13:51:11       0m 34s  ...               62.76         1.72
20  2026-01-23 13:51:46       0m 26s  ...                1.10         0.03
21  2026-01-23 13:52:12       0m 28s  ...               19.31         0.52
22  2026-01-23 13:52:41       0m 31s  ...               42.05         1.16
23  2026-01-23 13:53:12       0m 23s  ...                6.56         0.18
24  2026-01-23 13:53:36       0m 25s  ...                1.51         0.04
25  2026-01-23 13:54:01       0m 26s  ...                8.51         0.22
26  2026-01-23 13:54:28       0m 27s  ...               12.12         0.31
27  2026-01-23 13:54:56       0m 29s  ...               32.69         0.79
28  2026-01-23 13:55:26       0m 26s  ...                2.15         0.06
29  2026-01-23 13:55:52       0m 26s  ...                2.94         0.07
30  2026-01-23 13:56:18       0m 27s  ...               12.91         0.30
31  2026-01-23 13:56:46       0m 28s  ...               42.77         1.19
32  2026-01-23 13:57:14       0m 34s  ...               65.54         1.89
33  2026-01-23 13:57:49       0m 27s  ...               10.11         0.24
34  2026-01-23 13:58:16       0m 26s  ...                4.05         0.11
35  2026-01-23 13:58:42       0m 26s  ...                1.89         0.05
36  2026-01-23 13:59:08       0m 26s  ...                5.54         0.15
37  2026-01-23 13:59:35       0m 25s  ...                0.46         0.01
38  2026-01-23 14:00:00       0m 25s  ...                1.59         0.04
39  2026-01-23 14:00:25       0m 31s  ...               43.85         1.03

[40 rows x 24 columns]
              timestamp time_elapsed  ... severity_rate_patch Gradient_sr2
0   2026-01-23 13:42:04       0m 25s  ...                1.74         0.04
1   2026-01-23 13:42:30       0m 25s  ...                4.36         0.11
2   2026-01-23 13:42:56       0m 26s  ...                0.85         0.02
3   2026-01-23 13:43:22       0m 29s  ...               25.47         0.67
4   2026-01-23 13:43:52       0m 30s  ...               37.39         0.99
5   2026-01-23 13:44:23       0m 25s  ...                0.45         0.01
6   2026-01-23 13:44:49       0m 30s  ...               38.62         0.91
7   2026-01-23 13:45:19       0m 29s  ...               19.86         0.56
8   2026-01-23 13:45:49       0m 29s  ...               39.61         1.05
9   2026-01-23 13:46:18       0m 26s  ...                1.79         0.05
10  2026-01-23 13:46:44       0m 26s  ...                2.79         0.07
11  2026-01-23 13:47:11       0m 29s  ...               20.77         0.49
12  2026-01-23 13:47:40       0m 27s  ...               20.60         0.51
13  2026-01-23 13:48:08       0m 27s  ...               15.28         0.35
14  2026-01-23 13:48:35       0m 30s  ...               30.18         0.79
15  2026-01-23 13:49:06       0m 29s  ...               19.25         0.48
16  2026-01-23 13:49:36       0m 39s  ...               85.84         2.58
17  2026-01-23 13:50:15       0m 26s  ...                0.76         0.02
18  2026-01-23 13:50:42       0m 29s  ...               23.22         0.57
19  2026-01-23 13:51:11       0m 34s  ...               62.76         1.72
20  2026-01-23 13:51:46       0m 26s  ...                1.10         0.03
21  2026-01-23 13:52:12       0m 28s  ...               19.31         0.52
22  2026-01-23 13:52:41       0m 31s  ...               42.05         1.16
23  2026-01-23 13:53:12       0m 23s  ...                6.56         0.18
24  2026-01-23 13:53:36       0m 25s  ...                1.51         0.04
25  2026-01-23 13:54:01       0m 26s  ...                8.51         0.22
26  2026-01-23 13:54:28       0m 27s  ...               12.12         0.31
27  2026-01-23 13:54:56       0m 29s  ...               32.69         0.79
28  2026-01-23 13:55:26       0m 26s  ...                2.15         0.06
29  2026-01-23 13:55:52       0m 26s  ...                2.94         0.07
30  2026-01-23 13:56:18       0m 27s  ...               12.91         0.30
31  2026-01-23 13:56:46       0m 28s  ...               42.77         1.19
32  2026-01-23 13:57:14       0m 34s  ...               65.54         1.89
33  2026-01-23 13:57:49       0m 27s  ...               10.11         0.24
34  2026-01-23 13:58:16       0m 26s  ...                4.05         0.11
35  2026-01-23 13:58:42       0m 26s  ...                1.89         0.05
36  2026-01-23 13:59:08       0m 26s  ...                5.54         0.15
37  2026-01-23 13:59:35       0m 25s  ...                0.46         0.01
38  2026-01-23 14:00:00       0m 25s  ...                1.59         0.04
39  2026-01-23 14:00:25       0m 31s  ...               43.85         1.03
40  2026-01-23 14:00:57       0m 34s  ...               61.84         1.56

[41 rows x 24 columns]
[2026-01-23 14:03:09,366] - [root] - [INFO] - Analysis finished: 0m 25s
[2026-01-23 14:03:09,366] - [root] - [INFO] - -------------------------------------------
[2026-01-23 14:03:09,366] - [root] - [INFO] - -------------------------------------------
[2026-01-23 14:03:09,367] - [root] - [INFO] - Processing 1-22-2026 5dpi 110-W2021011-454_R2.png
[2026-01-23 14:03:26,045] - [root] - [INFO] - Finished loading mask: 0m 16s
[2026-01-23 14:03:35,783] - [root] - [INFO] - Finished crop and inference: 0m 26s
[2026-01-23 14:03:37,276] - [root] - [INFO] - Analysis finished: 0m 27s
[2026-01-23 14:03:37,276] - [root] - [INFO] - -------------------------------------------
[2026-01-23 14:03:37,276] - [root] - [INFO] - -------------------------------------------
[2026-01-23 14:03:37,276] - [root] - [INFO] - Processing 1-22-2026 5dpi 111-W2021011-588_R2.png
[2026-01-23 14:03:54,299] - [root] - [INFO] - Finished loading mask: 0m 17s
[2026-01-23 14:04:02,963] - [root] - [INFO] - Finished crop and inference: 0m 25s
              timestamp time_elapsed  ... severity_rate_patch Gradient_sr2
0   2026-01-23 13:42:04       0m 25s  ...                1.74         0.04
1   2026-01-23 13:42:30       0m 25s  ...                4.36         0.11
2   2026-01-23 13:42:56       0m 26s  ...                0.85         0.02
3   2026-01-23 13:43:22       0m 29s  ...               25.47         0.67
4   2026-01-23 13:43:52       0m 30s  ...               37.39         0.99
5   2026-01-23 13:44:23       0m 25s  ...                0.45         0.01
6   2026-01-23 13:44:49       0m 30s  ...               38.62         0.91
7   2026-01-23 13:45:19       0m 29s  ...               19.86         0.56
8   2026-01-23 13:45:49       0m 29s  ...               39.61         1.05
9   2026-01-23 13:46:18       0m 26s  ...                1.79         0.05
10  2026-01-23 13:46:44       0m 26s  ...                2.79         0.07
11  2026-01-23 13:47:11       0m 29s  ...               20.77         0.49
12  2026-01-23 13:47:40       0m 27s  ...               20.60         0.51
13  2026-01-23 13:48:08       0m 27s  ...               15.28         0.35
14  2026-01-23 13:48:35       0m 30s  ...               30.18         0.79
15  2026-01-23 13:49:06       0m 29s  ...               19.25         0.48
16  2026-01-23 13:49:36       0m 39s  ...               85.84         2.58
17  2026-01-23 13:50:15       0m 26s  ...                0.76         0.02
18  2026-01-23 13:50:42       0m 29s  ...               23.22         0.57
19  2026-01-23 13:51:11       0m 34s  ...               62.76         1.72
20  2026-01-23 13:51:46       0m 26s  ...                1.10         0.03
21  2026-01-23 13:52:12       0m 28s  ...               19.31         0.52
22  2026-01-23 13:52:41       0m 31s  ...               42.05         1.16
23  2026-01-23 13:53:12       0m 23s  ...                6.56         0.18
24  2026-01-23 13:53:36       0m 25s  ...                1.51         0.04
25  2026-01-23 13:54:01       0m 26s  ...                8.51         0.22
26  2026-01-23 13:54:28       0m 27s  ...               12.12         0.31
27  2026-01-23 13:54:56       0m 29s  ...               32.69         0.79
28  2026-01-23 13:55:26       0m 26s  ...                2.15         0.06
29  2026-01-23 13:55:52       0m 26s  ...                2.94         0.07
30  2026-01-23 13:56:18       0m 27s  ...               12.91         0.30
31  2026-01-23 13:56:46       0m 28s  ...               42.77         1.19
32  2026-01-23 13:57:14       0m 34s  ...               65.54         1.89
33  2026-01-23 13:57:49       0m 27s  ...               10.11         0.24
34  2026-01-23 13:58:16       0m 26s  ...                4.05         0.11
35  2026-01-23 13:58:42       0m 26s  ...                1.89         0.05
36  2026-01-23 13:59:08       0m 26s  ...                5.54         0.15
37  2026-01-23 13:59:35       0m 25s  ...                0.46         0.01
38  2026-01-23 14:00:00       0m 25s  ...                1.59         0.04
39  2026-01-23 14:00:25       0m 31s  ...               43.85         1.03
40  2026-01-23 14:00:57       0m 34s  ...               61.84         1.56
41  2026-01-23 14:01:31       0m 32s  ...               46.89         1.19

[42 rows x 24 columns]
              timestamp time_elapsed  ... severity_rate_patch Gradient_sr2
0   2026-01-23 13:42:04       0m 25s  ...                1.74         0.04
1   2026-01-23 13:42:30       0m 25s  ...                4.36         0.11
2   2026-01-23 13:42:56       0m 26s  ...                0.85         0.02
3   2026-01-23 13:43:22       0m 29s  ...               25.47         0.67
4   2026-01-23 13:43:52       0m 30s  ...               37.39         0.99
5   2026-01-23 13:44:23       0m 25s  ...                0.45         0.01
6   2026-01-23 13:44:49       0m 30s  ...               38.62         0.91
7   2026-01-23 13:45:19       0m 29s  ...               19.86         0.56
8   2026-01-23 13:45:49       0m 29s  ...               39.61         1.05
9   2026-01-23 13:46:18       0m 26s  ...                1.79         0.05
10  2026-01-23 13:46:44       0m 26s  ...                2.79         0.07
11  2026-01-23 13:47:11       0m 29s  ...               20.77         0.49
12  2026-01-23 13:47:40       0m 27s  ...               20.60         0.51
13  2026-01-23 13:48:08       0m 27s  ...               15.28         0.35
14  2026-01-23 13:48:35       0m 30s  ...               30.18         0.79
15  2026-01-23 13:49:06       0m 29s  ...               19.25         0.48
16  2026-01-23 13:49:36       0m 39s  ...               85.84         2.58
17  2026-01-23 13:50:15       0m 26s  ...                0.76         0.02
18  2026-01-23 13:50:42       0m 29s  ...               23.22         0.57
19  2026-01-23 13:51:11       0m 34s  ...               62.76         1.72
20  2026-01-23 13:51:46       0m 26s  ...                1.10         0.03
21  2026-01-23 13:52:12       0m 28s  ...               19.31         0.52
22  2026-01-23 13:52:41       0m 31s  ...               42.05         1.16
23  2026-01-23 13:53:12       0m 23s  ...                6.56         0.18
24  2026-01-23 13:53:36       0m 25s  ...                1.51         0.04
25  2026-01-23 13:54:01       0m 26s  ...                8.51         0.22
26  2026-01-23 13:54:28       0m 27s  ...               12.12         0.31
27  2026-01-23 13:54:56       0m 29s  ...               32.69         0.79
28  2026-01-23 13:55:26       0m 26s  ...                2.15         0.06
29  2026-01-23 13:55:52       0m 26s  ...                2.94         0.07
30  2026-01-23 13:56:18       0m 27s  ...               12.91         0.30
31  2026-01-23 13:56:46       0m 28s  ...               42.77         1.19
32  2026-01-23 13:57:14       0m 34s  ...               65.54         1.89
33  2026-01-23 13:57:49       0m 27s  ...               10.11         0.24
34  2026-01-23 13:58:16       0m 26s  ...                4.05         0.11
35  2026-01-23 13:58:42       0m 26s  ...                1.89         0.05
36  2026-01-23 13:59:08       0m 26s  ...                5.54         0.15
37  2026-01-23 13:59:35       0m 25s  ...                0.46         0.01
38  2026-01-23 14:00:00       0m 25s  ...                1.59         0.04
39  2026-01-23 14:00:25       0m 31s  ...               43.85         1.03
40  2026-01-23 14:00:57       0m 34s  ...               61.84         1.56
41  2026-01-23 14:01:31       0m 32s  ...               46.89         1.19
42  2026-01-23 14:02:04       0m 38s  ...               80.70         2.32

[43 rows x 24 columns]
[2026-01-23 14:04:04,476] - [root] - [INFO] - Analysis finished: 0m 27s
[2026-01-23 14:04:04,476] - [root] - [INFO] - -------------------------------------------
[2026-01-23 14:04:04,476] - [root] - [INFO] - -------------------------------------------
[2026-01-23 14:04:04,476] - [root] - [INFO] - Processing 1-22-2026 5dpi 121-W2021009-185_R1.png
[2026-01-23 14:04:21,676] - [root] - [INFO] - Finished loading mask: 0m 17s
[2026-01-23 14:04:30,080] - [root] - [INFO] - Finished crop and inference: 0m 25s
[2026-01-23 14:04:31,710] - [root] - [INFO] - Analysis finished: 0m 27s
[2026-01-23 14:04:31,710] - [root] - [INFO] - -------------------------------------------
[2026-01-23 14:04:31,710] - [root] - [INFO] - -------------------------------------------
[2026-01-23 14:04:31,710] - [root] - [INFO] - Processing 1-22-2026 5dpi 123-W2021009-255_R2.png
[2026-01-23 14:04:48,345] - [root] - [INFO] - Finished loading mask: 0m 16s
[2026-01-23 14:04:57,867] - [root] - [INFO] - Finished crop and inference: 0m 26s
              timestamp time_elapsed  ... severity_rate_patch Gradient_sr2
0   2026-01-23 13:42:04       0m 25s  ...                1.74         0.04
1   2026-01-23 13:42:30       0m 25s  ...                4.36         0.11
2   2026-01-23 13:42:56       0m 26s  ...                0.85         0.02
3   2026-01-23 13:43:22       0m 29s  ...               25.47         0.67
4   2026-01-23 13:43:52       0m 30s  ...               37.39         0.99
5   2026-01-23 13:44:23       0m 25s  ...                0.45         0.01
6   2026-01-23 13:44:49       0m 30s  ...               38.62         0.91
7   2026-01-23 13:45:19       0m 29s  ...               19.86         0.56
8   2026-01-23 13:45:49       0m 29s  ...               39.61         1.05
9   2026-01-23 13:46:18       0m 26s  ...                1.79         0.05
10  2026-01-23 13:46:44       0m 26s  ...                2.79         0.07
11  2026-01-23 13:47:11       0m 29s  ...               20.77         0.49
12  2026-01-23 13:47:40       0m 27s  ...               20.60         0.51
13  2026-01-23 13:48:08       0m 27s  ...               15.28         0.35
14  2026-01-23 13:48:35       0m 30s  ...               30.18         0.79
15  2026-01-23 13:49:06       0m 29s  ...               19.25         0.48
16  2026-01-23 13:49:36       0m 39s  ...               85.84         2.58
17  2026-01-23 13:50:15       0m 26s  ...                0.76         0.02
18  2026-01-23 13:50:42       0m 29s  ...               23.22         0.57
19  2026-01-23 13:51:11       0m 34s  ...               62.76         1.72
20  2026-01-23 13:51:46       0m 26s  ...                1.10         0.03
21  2026-01-23 13:52:12       0m 28s  ...               19.31         0.52
22  2026-01-23 13:52:41       0m 31s  ...               42.05         1.16
23  2026-01-23 13:53:12       0m 23s  ...                6.56         0.18
24  2026-01-23 13:53:36       0m 25s  ...                1.51         0.04
25  2026-01-23 13:54:01       0m 26s  ...                8.51         0.22
26  2026-01-23 13:54:28       0m 27s  ...               12.12         0.31
27  2026-01-23 13:54:56       0m 29s  ...               32.69         0.79
28  2026-01-23 13:55:26       0m 26s  ...                2.15         0.06
29  2026-01-23 13:55:52       0m 26s  ...                2.94         0.07
30  2026-01-23 13:56:18       0m 27s  ...               12.91         0.30
31  2026-01-23 13:56:46       0m 28s  ...               42.77         1.19
32  2026-01-23 13:57:14       0m 34s  ...               65.54         1.89
33  2026-01-23 13:57:49       0m 27s  ...               10.11         0.24
34  2026-01-23 13:58:16       0m 26s  ...                4.05         0.11
35  2026-01-23 13:58:42       0m 26s  ...                1.89         0.05
36  2026-01-23 13:59:08       0m 26s  ...                5.54         0.15
37  2026-01-23 13:59:35       0m 25s  ...                0.46         0.01
38  2026-01-23 14:00:00       0m 25s  ...                1.59         0.04
39  2026-01-23 14:00:25       0m 31s  ...               43.85         1.03
40  2026-01-23 14:00:57       0m 34s  ...               61.84         1.56
41  2026-01-23 14:01:31       0m 32s  ...               46.89         1.19
42  2026-01-23 14:02:04       0m 38s  ...               80.70         2.32
43  2026-01-23 14:02:43       0m 25s  ...                2.90         0.07

[44 rows x 24 columns]
              timestamp time_elapsed  ... severity_rate_patch Gradient_sr2
0   2026-01-23 13:42:04       0m 25s  ...                1.74         0.04
1   2026-01-23 13:42:30       0m 25s  ...                4.36         0.11
2   2026-01-23 13:42:56       0m 26s  ...                0.85         0.02
3   2026-01-23 13:43:22       0m 29s  ...               25.47         0.67
4   2026-01-23 13:43:52       0m 30s  ...               37.39         0.99
5   2026-01-23 13:44:23       0m 25s  ...                0.45         0.01
6   2026-01-23 13:44:49       0m 30s  ...               38.62         0.91
7   2026-01-23 13:45:19       0m 29s  ...               19.86         0.56
8   2026-01-23 13:45:49       0m 29s  ...               39.61         1.05
9   2026-01-23 13:46:18       0m 26s  ...                1.79         0.05
10  2026-01-23 13:46:44       0m 26s  ...                2.79         0.07
11  2026-01-23 13:47:11       0m 29s  ...               20.77         0.49
12  2026-01-23 13:47:40       0m 27s  ...               20.60         0.51
13  2026-01-23 13:48:08       0m 27s  ...               15.28         0.35
14  2026-01-23 13:48:35       0m 30s  ...               30.18         0.79
15  2026-01-23 13:49:06       0m 29s  ...               19.25         0.48
16  2026-01-23 13:49:36       0m 39s  ...               85.84         2.58
17  2026-01-23 13:50:15       0m 26s  ...                0.76         0.02
18  2026-01-23 13:50:42       0m 29s  ...               23.22         0.57
19  2026-01-23 13:51:11       0m 34s  ...               62.76         1.72
20  2026-01-23 13:51:46       0m 26s  ...                1.10         0.03
21  2026-01-23 13:52:12       0m 28s  ...               19.31         0.52
22  2026-01-23 13:52:41       0m 31s  ...               42.05         1.16
23  2026-01-23 13:53:12       0m 23s  ...                6.56         0.18
24  2026-01-23 13:53:36       0m 25s  ...                1.51         0.04
25  2026-01-23 13:54:01       0m 26s  ...                8.51         0.22
26  2026-01-23 13:54:28       0m 27s  ...               12.12         0.31
27  2026-01-23 13:54:56       0m 29s  ...               32.69         0.79
28  2026-01-23 13:55:26       0m 26s  ...                2.15         0.06
29  2026-01-23 13:55:52       0m 26s  ...                2.94         0.07
30  2026-01-23 13:56:18       0m 27s  ...               12.91         0.30
31  2026-01-23 13:56:46       0m 28s  ...               42.77         1.19
32  2026-01-23 13:57:14       0m 34s  ...               65.54         1.89
33  2026-01-23 13:57:49       0m 27s  ...               10.11         0.24
34  2026-01-23 13:58:16       0m 26s  ...                4.05         0.11
35  2026-01-23 13:58:42       0m 26s  ...                1.89         0.05
36  2026-01-23 13:59:08       0m 26s  ...                5.54         0.15
37  2026-01-23 13:59:35       0m 25s  ...                0.46         0.01
38  2026-01-23 14:00:00       0m 25s  ...                1.59         0.04
39  2026-01-23 14:00:25       0m 31s  ...               43.85         1.03
40  2026-01-23 14:00:57       0m 34s  ...               61.84         1.56
41  2026-01-23 14:01:31       0m 32s  ...               46.89         1.19
42  2026-01-23 14:02:04       0m 38s  ...               80.70         2.32
43  2026-01-23 14:02:43       0m 25s  ...                2.90         0.07
44  2026-01-23 14:03:09       0m 27s  ...               11.56         0.29

[45 rows x 24 columns]
[2026-01-23 14:04:59,454] - [root] - [INFO] - Analysis finished: 0m 27s
[2026-01-23 14:04:59,454] - [root] - [INFO] - -------------------------------------------
[2026-01-23 14:04:59,455] - [root] - [INFO] - -------------------------------------------
[2026-01-23 14:04:59,455] - [root] - [INFO] - Processing 1-22-2026 5dpi 123-W2021009-621_R2.png
[2026-01-23 14:05:16,273] - [root] - [INFO] - Finished loading mask: 0m 16s
[2026-01-23 14:05:25,065] - [root] - [INFO] - Finished crop and inference: 0m 25s
[2026-01-23 14:05:26,628] - [root] - [INFO] - Analysis finished: 0m 27s
[2026-01-23 14:05:26,628] - [root] - [INFO] - -------------------------------------------
[2026-01-23 14:05:26,628] - [root] - [INFO] - -------------------------------------------
[2026-01-23 14:05:26,628] - [root] - [INFO] - Processing 1-22-2026 5dpi 127-W2021006-143_R2.png
[2026-01-23 14:05:43,418] - [root] - [INFO] - Finished loading mask: 0m 16s
[2026-01-23 14:05:51,076] - [root] - [INFO] - Finished crop and inference: 0m 24s
              timestamp time_elapsed  ... severity_rate_patch Gradient_sr2
0   2026-01-23 13:42:04       0m 25s  ...                1.74         0.04
1   2026-01-23 13:42:30       0m 25s  ...                4.36         0.11
2   2026-01-23 13:42:56       0m 26s  ...                0.85         0.02
3   2026-01-23 13:43:22       0m 29s  ...               25.47         0.67
4   2026-01-23 13:43:52       0m 30s  ...               37.39         0.99
5   2026-01-23 13:44:23       0m 25s  ...                0.45         0.01
6   2026-01-23 13:44:49       0m 30s  ...               38.62         0.91
7   2026-01-23 13:45:19       0m 29s  ...               19.86         0.56
8   2026-01-23 13:45:49       0m 29s  ...               39.61         1.05
9   2026-01-23 13:46:18       0m 26s  ...                1.79         0.05
10  2026-01-23 13:46:44       0m 26s  ...                2.79         0.07
11  2026-01-23 13:47:11       0m 29s  ...               20.77         0.49
12  2026-01-23 13:47:40       0m 27s  ...               20.60         0.51
13  2026-01-23 13:48:08       0m 27s  ...               15.28         0.35
14  2026-01-23 13:48:35       0m 30s  ...               30.18         0.79
15  2026-01-23 13:49:06       0m 29s  ...               19.25         0.48
16  2026-01-23 13:49:36       0m 39s  ...               85.84         2.58
17  2026-01-23 13:50:15       0m 26s  ...                0.76         0.02
18  2026-01-23 13:50:42       0m 29s  ...               23.22         0.57
19  2026-01-23 13:51:11       0m 34s  ...               62.76         1.72
20  2026-01-23 13:51:46       0m 26s  ...                1.10         0.03
21  2026-01-23 13:52:12       0m 28s  ...               19.31         0.52
22  2026-01-23 13:52:41       0m 31s  ...               42.05         1.16
23  2026-01-23 13:53:12       0m 23s  ...                6.56         0.18
24  2026-01-23 13:53:36       0m 25s  ...                1.51         0.04
25  2026-01-23 13:54:01       0m 26s  ...                8.51         0.22
26  2026-01-23 13:54:28       0m 27s  ...               12.12         0.31
27  2026-01-23 13:54:56       0m 29s  ...               32.69         0.79
28  2026-01-23 13:55:26       0m 26s  ...                2.15         0.06
29  2026-01-23 13:55:52       0m 26s  ...                2.94         0.07
30  2026-01-23 13:56:18       0m 27s  ...               12.91         0.30
31  2026-01-23 13:56:46       0m 28s  ...               42.77         1.19
32  2026-01-23 13:57:14       0m 34s  ...               65.54         1.89
33  2026-01-23 13:57:49       0m 27s  ...               10.11         0.24
34  2026-01-23 13:58:16       0m 26s  ...                4.05         0.11
35  2026-01-23 13:58:42       0m 26s  ...                1.89         0.05
36  2026-01-23 13:59:08       0m 26s  ...                5.54         0.15
37  2026-01-23 13:59:35       0m 25s  ...                0.46         0.01
38  2026-01-23 14:00:00       0m 25s  ...                1.59         0.04
39  2026-01-23 14:00:25       0m 31s  ...               43.85         1.03
40  2026-01-23 14:00:57       0m 34s  ...               61.84         1.56
41  2026-01-23 14:01:31       0m 32s  ...               46.89         1.19
42  2026-01-23 14:02:04       0m 38s  ...               80.70         2.32
43  2026-01-23 14:02:43       0m 25s  ...                2.90         0.07
44  2026-01-23 14:03:09       0m 27s  ...               11.56         0.29
45  2026-01-23 14:03:37       0m 27s  ...                4.11         0.11

[46 rows x 24 columns]
              timestamp time_elapsed  ... severity_rate_patch Gradient_sr2
0   2026-01-23 13:42:04       0m 25s  ...                1.74         0.04
1   2026-01-23 13:42:30       0m 25s  ...                4.36         0.11
2   2026-01-23 13:42:56       0m 26s  ...                0.85         0.02
3   2026-01-23 13:43:22       0m 29s  ...               25.47         0.67
4   2026-01-23 13:43:52       0m 30s  ...               37.39         0.99
5   2026-01-23 13:44:23       0m 25s  ...                0.45         0.01
6   2026-01-23 13:44:49       0m 30s  ...               38.62         0.91
7   2026-01-23 13:45:19       0m 29s  ...               19.86         0.56
8   2026-01-23 13:45:49       0m 29s  ...               39.61         1.05
9   2026-01-23 13:46:18       0m 26s  ...                1.79         0.05
10  2026-01-23 13:46:44       0m 26s  ...                2.79         0.07
11  2026-01-23 13:47:11       0m 29s  ...               20.77         0.49
12  2026-01-23 13:47:40       0m 27s  ...               20.60         0.51
13  2026-01-23 13:48:08       0m 27s  ...               15.28         0.35
14  2026-01-23 13:48:35       0m 30s  ...               30.18         0.79
15  2026-01-23 13:49:06       0m 29s  ...               19.25         0.48
16  2026-01-23 13:49:36       0m 39s  ...               85.84         2.58
17  2026-01-23 13:50:15       0m 26s  ...                0.76         0.02
18  2026-01-23 13:50:42       0m 29s  ...               23.22         0.57
19  2026-01-23 13:51:11       0m 34s  ...               62.76         1.72
20  2026-01-23 13:51:46       0m 26s  ...                1.10         0.03
21  2026-01-23 13:52:12       0m 28s  ...               19.31         0.52
22  2026-01-23 13:52:41       0m 31s  ...               42.05         1.16
23  2026-01-23 13:53:12       0m 23s  ...                6.56         0.18
24  2026-01-23 13:53:36       0m 25s  ...                1.51         0.04
25  2026-01-23 13:54:01       0m 26s  ...                8.51         0.22
26  2026-01-23 13:54:28       0m 27s  ...               12.12         0.31
27  2026-01-23 13:54:56       0m 29s  ...               32.69         0.79
28  2026-01-23 13:55:26       0m 26s  ...                2.15         0.06
29  2026-01-23 13:55:52       0m 26s  ...                2.94         0.07
30  2026-01-23 13:56:18       0m 27s  ...               12.91         0.30
31  2026-01-23 13:56:46       0m 28s  ...               42.77         1.19
32  2026-01-23 13:57:14       0m 34s  ...               65.54         1.89
33  2026-01-23 13:57:49       0m 27s  ...               10.11         0.24
34  2026-01-23 13:58:16       0m 26s  ...                4.05         0.11
35  2026-01-23 13:58:42       0m 26s  ...                1.89         0.05
36  2026-01-23 13:59:08       0m 26s  ...                5.54         0.15
37  2026-01-23 13:59:35       0m 25s  ...                0.46         0.01
38  2026-01-23 14:00:00       0m 25s  ...                1.59         0.04
39  2026-01-23 14:00:25       0m 31s  ...               43.85         1.03
40  2026-01-23 14:00:57       0m 34s  ...               61.84         1.56
41  2026-01-23 14:01:31       0m 32s  ...               46.89         1.19
42  2026-01-23 14:02:04       0m 38s  ...               80.70         2.32
43  2026-01-23 14:02:43       0m 25s  ...                2.90         0.07
44  2026-01-23 14:03:09       0m 27s  ...               11.56         0.29
45  2026-01-23 14:03:37       0m 27s  ...                4.11         0.11
46  2026-01-23 14:04:04       0m 27s  ...               11.45         0.30

[47 rows x 24 columns]
[2026-01-23 14:05:52,647] - [root] - [INFO] - Analysis finished: 0m 26s
[2026-01-23 14:05:52,647] - [root] - [INFO] - -------------------------------------------
[2026-01-23 14:05:52,647] - [root] - [INFO] - -------------------------------------------
[2026-01-23 14:05:52,647] - [root] - [INFO] - Processing 1-22-2026 5dpi 127-W2021009-292_R2.png
[2026-01-23 14:06:10,740] - [root] - [INFO] - Finished loading mask: 0m 18s
[2026-01-23 14:06:29,687] - [root] - [INFO] - Finished crop and inference: 0m 37s
[2026-01-23 14:06:31,383] - [root] - [INFO] - Analysis finished: 0m 38s
[2026-01-23 14:06:31,383] - [root] - [INFO] - -------------------------------------------
[2026-01-23 14:06:31,383] - [root] - [INFO] - -------------------------------------------
[2026-01-23 14:06:31,383] - [root] - [INFO] - Processing 1-22-2026 5dpi 128-W2021006-013_R1.png
[2026-01-23 14:06:49,521] - [root] - [INFO] - Finished loading mask: 0m 18s
[2026-01-23 14:07:05,427] - [root] - [INFO] - Finished crop and inference: 0m 34s
              timestamp time_elapsed  ... severity_rate_patch Gradient_sr2
0   2026-01-23 13:42:04       0m 25s  ...                1.74         0.04
1   2026-01-23 13:42:30       0m 25s  ...                4.36         0.11
2   2026-01-23 13:42:56       0m 26s  ...                0.85         0.02
3   2026-01-23 13:43:22       0m 29s  ...               25.47         0.67
4   2026-01-23 13:43:52       0m 30s  ...               37.39         0.99
5   2026-01-23 13:44:23       0m 25s  ...                0.45         0.01
6   2026-01-23 13:44:49       0m 30s  ...               38.62         0.91
7   2026-01-23 13:45:19       0m 29s  ...               19.86         0.56
8   2026-01-23 13:45:49       0m 29s  ...               39.61         1.05
9   2026-01-23 13:46:18       0m 26s  ...                1.79         0.05
10  2026-01-23 13:46:44       0m 26s  ...                2.79         0.07
11  2026-01-23 13:47:11       0m 29s  ...               20.77         0.49
12  2026-01-23 13:47:40       0m 27s  ...               20.60         0.51
13  2026-01-23 13:48:08       0m 27s  ...               15.28         0.35
14  2026-01-23 13:48:35       0m 30s  ...               30.18         0.79
15  2026-01-23 13:49:06       0m 29s  ...               19.25         0.48
16  2026-01-23 13:49:36       0m 39s  ...               85.84         2.58
17  2026-01-23 13:50:15       0m 26s  ...                0.76         0.02
18  2026-01-23 13:50:42       0m 29s  ...               23.22         0.57
19  2026-01-23 13:51:11       0m 34s  ...               62.76         1.72
20  2026-01-23 13:51:46       0m 26s  ...                1.10         0.03
21  2026-01-23 13:52:12       0m 28s  ...               19.31         0.52
22  2026-01-23 13:52:41       0m 31s  ...               42.05         1.16
23  2026-01-23 13:53:12       0m 23s  ...                6.56         0.18
24  2026-01-23 13:53:36       0m 25s  ...                1.51         0.04
25  2026-01-23 13:54:01       0m 26s  ...                8.51         0.22
26  2026-01-23 13:54:28       0m 27s  ...               12.12         0.31
27  2026-01-23 13:54:56       0m 29s  ...               32.69         0.79
28  2026-01-23 13:55:26       0m 26s  ...                2.15         0.06
29  2026-01-23 13:55:52       0m 26s  ...                2.94         0.07
30  2026-01-23 13:56:18       0m 27s  ...               12.91         0.30
31  2026-01-23 13:56:46       0m 28s  ...               42.77         1.19
32  2026-01-23 13:57:14       0m 34s  ...               65.54         1.89
33  2026-01-23 13:57:49       0m 27s  ...               10.11         0.24
34  2026-01-23 13:58:16       0m 26s  ...                4.05         0.11
35  2026-01-23 13:58:42       0m 26s  ...                1.89         0.05
36  2026-01-23 13:59:08       0m 26s  ...                5.54         0.15
37  2026-01-23 13:59:35       0m 25s  ...                0.46         0.01
38  2026-01-23 14:00:00       0m 25s  ...                1.59         0.04
39  2026-01-23 14:00:25       0m 31s  ...               43.85         1.03
40  2026-01-23 14:00:57       0m 34s  ...               61.84         1.56
41  2026-01-23 14:01:31       0m 32s  ...               46.89         1.19
42  2026-01-23 14:02:04       0m 38s  ...               80.70         2.32
43  2026-01-23 14:02:43       0m 25s  ...                2.90         0.07
44  2026-01-23 14:03:09       0m 27s  ...               11.56         0.29
45  2026-01-23 14:03:37       0m 27s  ...                4.11         0.11
46  2026-01-23 14:04:04       0m 27s  ...               11.45         0.30
47  2026-01-23 14:04:31       0m 27s  ...               11.80         0.25

[48 rows x 24 columns]
              timestamp time_elapsed  ... severity_rate_patch Gradient_sr2
0   2026-01-23 13:42:04       0m 25s  ...                1.74         0.04
1   2026-01-23 13:42:30       0m 25s  ...                4.36         0.11
2   2026-01-23 13:42:56       0m 26s  ...                0.85         0.02
3   2026-01-23 13:43:22       0m 29s  ...               25.47         0.67
4   2026-01-23 13:43:52       0m 30s  ...               37.39         0.99
5   2026-01-23 13:44:23       0m 25s  ...                0.45         0.01
6   2026-01-23 13:44:49       0m 30s  ...               38.62         0.91
7   2026-01-23 13:45:19       0m 29s  ...               19.86         0.56
8   2026-01-23 13:45:49       0m 29s  ...               39.61         1.05
9   2026-01-23 13:46:18       0m 26s  ...                1.79         0.05
10  2026-01-23 13:46:44       0m 26s  ...                2.79         0.07
11  2026-01-23 13:47:11       0m 29s  ...               20.77         0.49
12  2026-01-23 13:47:40       0m 27s  ...               20.60         0.51
13  2026-01-23 13:48:08       0m 27s  ...               15.28         0.35
14  2026-01-23 13:48:35       0m 30s  ...               30.18         0.79
15  2026-01-23 13:49:06       0m 29s  ...               19.25         0.48
16  2026-01-23 13:49:36       0m 39s  ...               85.84         2.58
17  2026-01-23 13:50:15       0m 26s  ...                0.76         0.02
18  2026-01-23 13:50:42       0m 29s  ...               23.22         0.57
19  2026-01-23 13:51:11       0m 34s  ...               62.76         1.72
20  2026-01-23 13:51:46       0m 26s  ...                1.10         0.03
21  2026-01-23 13:52:12       0m 28s  ...               19.31         0.52
22  2026-01-23 13:52:41       0m 31s  ...               42.05         1.16
23  2026-01-23 13:53:12       0m 23s  ...                6.56         0.18
24  2026-01-23 13:53:36       0m 25s  ...                1.51         0.04
25  2026-01-23 13:54:01       0m 26s  ...                8.51         0.22
26  2026-01-23 13:54:28       0m 27s  ...               12.12         0.31
27  2026-01-23 13:54:56       0m 29s  ...               32.69         0.79
28  2026-01-23 13:55:26       0m 26s  ...                2.15         0.06
29  2026-01-23 13:55:52       0m 26s  ...                2.94         0.07
30  2026-01-23 13:56:18       0m 27s  ...               12.91         0.30
31  2026-01-23 13:56:46       0m 28s  ...               42.77         1.19
32  2026-01-23 13:57:14       0m 34s  ...               65.54         1.89
33  2026-01-23 13:57:49       0m 27s  ...               10.11         0.24
34  2026-01-23 13:58:16       0m 26s  ...                4.05         0.11
35  2026-01-23 13:58:42       0m 26s  ...                1.89         0.05
36  2026-01-23 13:59:08       0m 26s  ...                5.54         0.15
37  2026-01-23 13:59:35       0m 25s  ...                0.46         0.01
38  2026-01-23 14:00:00       0m 25s  ...                1.59         0.04
39  2026-01-23 14:00:25       0m 31s  ...               43.85         1.03
40  2026-01-23 14:00:57       0m 34s  ...               61.84         1.56
41  2026-01-23 14:01:31       0m 32s  ...               46.89         1.19
42  2026-01-23 14:02:04       0m 38s  ...               80.70         2.32
43  2026-01-23 14:02:43       0m 25s  ...                2.90         0.07
44  2026-01-23 14:03:09       0m 27s  ...               11.56         0.29
45  2026-01-23 14:03:37       0m 27s  ...                4.11         0.11
46  2026-01-23 14:04:04       0m 27s  ...               11.45         0.30
47  2026-01-23 14:04:31       0m 27s  ...               11.80         0.25
48  2026-01-23 14:04:59       0m 27s  ...                6.42         0.18

[49 rows x 24 columns]
[2026-01-23 14:07:06,990] - [root] - [INFO] - Analysis finished: 0m 35s
[2026-01-23 14:07:06,991] - [root] - [INFO] - -------------------------------------------
[2026-01-23 14:07:06,991] - [root] - [INFO] - -------------------------------------------
[2026-01-23 14:07:06,991] - [root] - [INFO] - Processing 1-22-2026 5dpi 129-W2021006-119_R2.png
[2026-01-23 14:07:23,883] - [root] - [INFO] - Finished loading mask: 0m 16s
[2026-01-23 14:07:33,244] - [root] - [INFO] - Finished crop and inference: 0m 26s
[2026-01-23 14:07:34,817] - [root] - [INFO] - Analysis finished: 0m 27s
[2026-01-23 14:07:34,817] - [root] - [INFO] - -------------------------------------------
[2026-01-23 14:07:34,818] - [root] - [INFO] - -------------------------------------------
[2026-01-23 14:07:34,818] - [root] - [INFO] - Processing 1-22-2026 5dpi 132-W2021010-399_R1.png
[2026-01-23 14:07:51,258] - [root] - [INFO] - Finished loading mask: 0m 16s
[2026-01-23 14:07:59,055] - [root] - [INFO] - Finished crop and inference: 0m 24s
              timestamp time_elapsed  ... severity_rate_patch Gradient_sr2
0   2026-01-23 13:42:04       0m 25s  ...                1.74         0.04
1   2026-01-23 13:42:30       0m 25s  ...                4.36         0.11
2   2026-01-23 13:42:56       0m 26s  ...                0.85         0.02
3   2026-01-23 13:43:22       0m 29s  ...               25.47         0.67
4   2026-01-23 13:43:52       0m 30s  ...               37.39         0.99
5   2026-01-23 13:44:23       0m 25s  ...                0.45         0.01
6   2026-01-23 13:44:49       0m 30s  ...               38.62         0.91
7   2026-01-23 13:45:19       0m 29s  ...               19.86         0.56
8   2026-01-23 13:45:49       0m 29s  ...               39.61         1.05
9   2026-01-23 13:46:18       0m 26s  ...                1.79         0.05
10  2026-01-23 13:46:44       0m 26s  ...                2.79         0.07
11  2026-01-23 13:47:11       0m 29s  ...               20.77         0.49
12  2026-01-23 13:47:40       0m 27s  ...               20.60         0.51
13  2026-01-23 13:48:08       0m 27s  ...               15.28         0.35
14  2026-01-23 13:48:35       0m 30s  ...               30.18         0.79
15  2026-01-23 13:49:06       0m 29s  ...               19.25         0.48
16  2026-01-23 13:49:36       0m 39s  ...               85.84         2.58
17  2026-01-23 13:50:15       0m 26s  ...                0.76         0.02
18  2026-01-23 13:50:42       0m 29s  ...               23.22         0.57
19  2026-01-23 13:51:11       0m 34s  ...               62.76         1.72
20  2026-01-23 13:51:46       0m 26s  ...                1.10         0.03
21  2026-01-23 13:52:12       0m 28s  ...               19.31         0.52
22  2026-01-23 13:52:41       0m 31s  ...               42.05         1.16
23  2026-01-23 13:53:12       0m 23s  ...                6.56         0.18
24  2026-01-23 13:53:36       0m 25s  ...                1.51         0.04
25  2026-01-23 13:54:01       0m 26s  ...                8.51         0.22
26  2026-01-23 13:54:28       0m 27s  ...               12.12         0.31
27  2026-01-23 13:54:56       0m 29s  ...               32.69         0.79
28  2026-01-23 13:55:26       0m 26s  ...                2.15         0.06
29  2026-01-23 13:55:52       0m 26s  ...                2.94         0.07
30  2026-01-23 13:56:18       0m 27s  ...               12.91         0.30
31  2026-01-23 13:56:46       0m 28s  ...               42.77         1.19
32  2026-01-23 13:57:14       0m 34s  ...               65.54         1.89
33  2026-01-23 13:57:49       0m 27s  ...               10.11         0.24
34  2026-01-23 13:58:16       0m 26s  ...                4.05         0.11
35  2026-01-23 13:58:42       0m 26s  ...                1.89         0.05
36  2026-01-23 13:59:08       0m 26s  ...                5.54         0.15
37  2026-01-23 13:59:35       0m 25s  ...                0.46         0.01
38  2026-01-23 14:00:00       0m 25s  ...                1.59         0.04
39  2026-01-23 14:00:25       0m 31s  ...               43.85         1.03
40  2026-01-23 14:00:57       0m 34s  ...               61.84         1.56
41  2026-01-23 14:01:31       0m 32s  ...               46.89         1.19
42  2026-01-23 14:02:04       0m 38s  ...               80.70         2.32
43  2026-01-23 14:02:43       0m 25s  ...                2.90         0.07
44  2026-01-23 14:03:09       0m 27s  ...               11.56         0.29
45  2026-01-23 14:03:37       0m 27s  ...                4.11         0.11
46  2026-01-23 14:04:04       0m 27s  ...               11.45         0.30
47  2026-01-23 14:04:31       0m 27s  ...               11.80         0.25
48  2026-01-23 14:04:59       0m 27s  ...                6.42         0.18
49  2026-01-23 14:05:26       0m 25s  ...                0.78         0.02

[50 rows x 24 columns]
              timestamp time_elapsed  ... severity_rate_patch Gradient_sr2
0   2026-01-23 13:42:04       0m 25s  ...                1.74         0.04
1   2026-01-23 13:42:30       0m 25s  ...                4.36         0.11
2   2026-01-23 13:42:56       0m 26s  ...                0.85         0.02
3   2026-01-23 13:43:22       0m 29s  ...               25.47         0.67
4   2026-01-23 13:43:52       0m 30s  ...               37.39         0.99
5   2026-01-23 13:44:23       0m 25s  ...                0.45         0.01
6   2026-01-23 13:44:49       0m 30s  ...               38.62         0.91
7   2026-01-23 13:45:19       0m 29s  ...               19.86         0.56
8   2026-01-23 13:45:49       0m 29s  ...               39.61         1.05
9   2026-01-23 13:46:18       0m 26s  ...                1.79         0.05
10  2026-01-23 13:46:44       0m 26s  ...                2.79         0.07
11  2026-01-23 13:47:11       0m 29s  ...               20.77         0.49
12  2026-01-23 13:47:40       0m 27s  ...               20.60         0.51
13  2026-01-23 13:48:08       0m 27s  ...               15.28         0.35
14  2026-01-23 13:48:35       0m 30s  ...               30.18         0.79
15  2026-01-23 13:49:06       0m 29s  ...               19.25         0.48
16  2026-01-23 13:49:36       0m 39s  ...               85.84         2.58
17  2026-01-23 13:50:15       0m 26s  ...                0.76         0.02
18  2026-01-23 13:50:42       0m 29s  ...               23.22         0.57
19  2026-01-23 13:51:11       0m 34s  ...               62.76         1.72
20  2026-01-23 13:51:46       0m 26s  ...                1.10         0.03
21  2026-01-23 13:52:12       0m 28s  ...               19.31         0.52
22  2026-01-23 13:52:41       0m 31s  ...               42.05         1.16
23  2026-01-23 13:53:12       0m 23s  ...                6.56         0.18
24  2026-01-23 13:53:36       0m 25s  ...                1.51         0.04
25  2026-01-23 13:54:01       0m 26s  ...                8.51         0.22
26  2026-01-23 13:54:28       0m 27s  ...               12.12         0.31
27  2026-01-23 13:54:56       0m 29s  ...               32.69         0.79
28  2026-01-23 13:55:26       0m 26s  ...                2.15         0.06
29  2026-01-23 13:55:52       0m 26s  ...                2.94         0.07
30  2026-01-23 13:56:18       0m 27s  ...               12.91         0.30
31  2026-01-23 13:56:46       0m 28s  ...               42.77         1.19
32  2026-01-23 13:57:14       0m 34s  ...               65.54         1.89
33  2026-01-23 13:57:49       0m 27s  ...               10.11         0.24
34  2026-01-23 13:58:16       0m 26s  ...                4.05         0.11
35  2026-01-23 13:58:42       0m 26s  ...                1.89         0.05
36  2026-01-23 13:59:08       0m 26s  ...                5.54         0.15
37  2026-01-23 13:59:35       0m 25s  ...                0.46         0.01
38  2026-01-23 14:00:00       0m 25s  ...                1.59         0.04
39  2026-01-23 14:00:25       0m 31s  ...               43.85         1.03
40  2026-01-23 14:00:57       0m 34s  ...               61.84         1.56
41  2026-01-23 14:01:31       0m 32s  ...               46.89         1.19
42  2026-01-23 14:02:04       0m 38s  ...               80.70         2.32
43  2026-01-23 14:02:43       0m 25s  ...                2.90         0.07
44  2026-01-23 14:03:09       0m 27s  ...               11.56         0.29
45  2026-01-23 14:03:37       0m 27s  ...                4.11         0.11
46  2026-01-23 14:04:04       0m 27s  ...               11.45         0.30
47  2026-01-23 14:04:31       0m 27s  ...               11.80         0.25
48  2026-01-23 14:04:59       0m 27s  ...                6.42         0.18
49  2026-01-23 14:05:26       0m 25s  ...                0.78         0.02
50  2026-01-23 14:05:52       0m 38s  ...               83.75         2.58

[51 rows x 24 columns]
[2026-01-23 14:08:00,628] - [root] - [INFO] - Analysis finished: 0m 25s
[2026-01-23 14:08:00,628] - [root] - [INFO] - -------------------------------------------
[2026-01-23 14:08:00,628] - [root] - [INFO] - -------------------------------------------
[2026-01-23 14:08:00,628] - [root] - [INFO] - Processing 1-22-2026 5dpi 132-W2021011-644_R2.png
[2026-01-23 14:08:17,421] - [root] - [INFO] - Finished loading mask: 0m 16s
[2026-01-23 14:08:27,165] - [root] - [INFO] - Finished crop and inference: 0m 26s
              timestamp time_elapsed  ... severity_rate_patch Gradient_sr2
0   2026-01-23 13:42:04       0m 25s  ...                1.74         0.04
1   2026-01-23 13:42:30       0m 25s  ...                4.36         0.11
2   2026-01-23 13:42:56       0m 26s  ...                0.85         0.02
3   2026-01-23 13:43:22       0m 29s  ...               25.47         0.67
4   2026-01-23 13:43:52       0m 30s  ...               37.39         0.99
5   2026-01-23 13:44:23       0m 25s  ...                0.45         0.01
6   2026-01-23 13:44:49       0m 30s  ...               38.62         0.91
7   2026-01-23 13:45:19       0m 29s  ...               19.86         0.56
8   2026-01-23 13:45:49       0m 29s  ...               39.61         1.05
9   2026-01-23 13:46:18       0m 26s  ...                1.79         0.05
10  2026-01-23 13:46:44       0m 26s  ...                2.79         0.07
11  2026-01-23 13:47:11       0m 29s  ...               20.77         0.49
12  2026-01-23 13:47:40       0m 27s  ...               20.60         0.51
13  2026-01-23 13:48:08       0m 27s  ...               15.28         0.35
14  2026-01-23 13:48:35       0m 30s  ...               30.18         0.79
15  2026-01-23 13:49:06       0m 29s  ...               19.25         0.48
16  2026-01-23 13:49:36       0m 39s  ...               85.84         2.58
17  2026-01-23 13:50:15       0m 26s  ...                0.76         0.02
18  2026-01-23 13:50:42       0m 29s  ...               23.22         0.57
19  2026-01-23 13:51:11       0m 34s  ...               62.76         1.72
20  2026-01-23 13:51:46       0m 26s  ...                1.10         0.03
21  2026-01-23 13:52:12       0m 28s  ...               19.31         0.52
22  2026-01-23 13:52:41       0m 31s  ...               42.05         1.16
23  2026-01-23 13:53:12       0m 23s  ...                6.56         0.18
24  2026-01-23 13:53:36       0m 25s  ...                1.51         0.04
25  2026-01-23 13:54:01       0m 26s  ...                8.51         0.22
26  2026-01-23 13:54:28       0m 27s  ...               12.12         0.31
27  2026-01-23 13:54:56       0m 29s  ...               32.69         0.79
28  2026-01-23 13:55:26       0m 26s  ...                2.15         0.06
29  2026-01-23 13:55:52       0m 26s  ...                2.94         0.07
30  2026-01-23 13:56:18       0m 27s  ...               12.91         0.30
31  2026-01-23 13:56:46       0m 28s  ...               42.77         1.19
32  2026-01-23 13:57:14       0m 34s  ...               65.54         1.89
33  2026-01-23 13:57:49       0m 27s  ...               10.11         0.24
34  2026-01-23 13:58:16       0m 26s  ...                4.05         0.11
35  2026-01-23 13:58:42       0m 26s  ...                1.89         0.05
36  2026-01-23 13:59:08       0m 26s  ...                5.54         0.15
37  2026-01-23 13:59:35       0m 25s  ...                0.46         0.01
38  2026-01-23 14:00:00       0m 25s  ...                1.59         0.04
39  2026-01-23 14:00:25       0m 31s  ...               43.85         1.03
40  2026-01-23 14:00:57       0m 34s  ...               61.84         1.56
41  2026-01-23 14:01:31       0m 32s  ...               46.89         1.19
42  2026-01-23 14:02:04       0m 38s  ...               80.70         2.32
43  2026-01-23 14:02:43       0m 25s  ...                2.90         0.07
44  2026-01-23 14:03:09       0m 27s  ...               11.56         0.29
45  2026-01-23 14:03:37       0m 27s  ...                4.11         0.11
46  2026-01-23 14:04:04       0m 27s  ...               11.45         0.30
47  2026-01-23 14:04:31       0m 27s  ...               11.80         0.25
48  2026-01-23 14:04:59       0m 27s  ...                6.42         0.18
49  2026-01-23 14:05:26       0m 25s  ...                0.78         0.02
50  2026-01-23 14:05:52       0m 38s  ...               83.75         2.58
51  2026-01-23 14:06:31       0m 35s  ...               77.72         2.05

[52 rows x 24 columns]
              timestamp time_elapsed  ... severity_rate_patch Gradient_sr2
0   2026-01-23 13:42:04       0m 25s  ...                1.74         0.04
1   2026-01-23 13:42:30       0m 25s  ...                4.36         0.11
2   2026-01-23 13:42:56       0m 26s  ...                0.85         0.02
3   2026-01-23 13:43:22       0m 29s  ...               25.47         0.67
4   2026-01-23 13:43:52       0m 30s  ...               37.39         0.99
5   2026-01-23 13:44:23       0m 25s  ...                0.45         0.01
6   2026-01-23 13:44:49       0m 30s  ...               38.62         0.91
7   2026-01-23 13:45:19       0m 29s  ...               19.86         0.56
8   2026-01-23 13:45:49       0m 29s  ...               39.61         1.05
9   2026-01-23 13:46:18       0m 26s  ...                1.79         0.05
10  2026-01-23 13:46:44       0m 26s  ...                2.79         0.07
11  2026-01-23 13:47:11       0m 29s  ...               20.77         0.49
12  2026-01-23 13:47:40       0m 27s  ...               20.60         0.51
13  2026-01-23 13:48:08       0m 27s  ...               15.28         0.35
14  2026-01-23 13:48:35       0m 30s  ...               30.18         0.79
15  2026-01-23 13:49:06       0m 29s  ...               19.25         0.48
16  2026-01-23 13:49:36       0m 39s  ...               85.84         2.58
17  2026-01-23 13:50:15       0m 26s  ...                0.76         0.02
18  2026-01-23 13:50:42       0m 29s  ...               23.22         0.57
19  2026-01-23 13:51:11       0m 34s  ...               62.76         1.72
20  2026-01-23 13:51:46       0m 26s  ...                1.10         0.03
21  2026-01-23 13:52:12       0m 28s  ...               19.31         0.52
22  2026-01-23 13:52:41       0m 31s  ...               42.05         1.16
23  2026-01-23 13:53:12       0m 23s  ...                6.56         0.18
24  2026-01-23 13:53:36       0m 25s  ...                1.51         0.04
25  2026-01-23 13:54:01       0m 26s  ...                8.51         0.22
26  2026-01-23 13:54:28       0m 27s  ...               12.12         0.31
27  2026-01-23 13:54:56       0m 29s  ...               32.69         0.79
28  2026-01-23 13:55:26       0m 26s  ...                2.15         0.06
29  2026-01-23 13:55:52       0m 26s  ...                2.94         0.07
30  2026-01-23 13:56:18       0m 27s  ...               12.91         0.30
31  2026-01-23 13:56:46       0m 28s  ...               42.77         1.19
32  2026-01-23 13:57:14       0m 34s  ...               65.54         1.89
33  2026-01-23 13:57:49       0m 27s  ...               10.11         0.24
34  2026-01-23 13:58:16       0m 26s  ...                4.05         0.11
35  2026-01-23 13:58:42       0m 26s  ...                1.89         0.05
36  2026-01-23 13:59:08       0m 26s  ...                5.54         0.15
37  2026-01-23 13:59:35       0m 25s  ...                0.46         0.01
38  2026-01-23 14:00:00       0m 25s  ...                1.59         0.04
39  2026-01-23 14:00:25       0m 31s  ...               43.85         1.03
40  2026-01-23 14:00:57       0m 34s  ...               61.84         1.56
41  2026-01-23 14:01:31       0m 32s  ...               46.89         1.19
42  2026-01-23 14:02:04       0m 38s  ...               80.70         2.32
43  2026-01-23 14:02:43       0m 25s  ...                2.90         0.07
44  2026-01-23 14:03:09       0m 27s  ...               11.56         0.29
45  2026-01-23 14:03:37       0m 27s  ...                4.11         0.11
46  2026-01-23 14:04:04       0m 27s  ...               11.45         0.30
47  2026-01-23 14:04:31       0m 27s  ...               11.80         0.25
48  2026-01-23 14:04:59       0m 27s  ...                6.42         0.18
49  2026-01-23 14:05:26       0m 25s  ...                0.78         0.02
50  2026-01-23 14:05:52       0m 38s  ...               83.75         2.58
51  2026-01-23 14:06:31       0m 35s  ...               77.72         2.05
52  2026-01-23 14:07:06       0m 27s  ...                8.96         0.25

[53 rows x 24 columns]
[2026-01-23 14:08:28,763] - [root] - [INFO] - Analysis finished: 0m 28s
[2026-01-23 14:08:28,763] - [root] - [INFO] - -------------------------------------------
[2026-01-23 14:08:28,763] - [root] - [INFO] - -------------------------------------------
[2026-01-23 14:08:28,763] - [root] - [INFO] - Processing 1-22-2026 5dpi 134-W2021006-001_R1.png
[2026-01-23 14:08:46,305] - [root] - [INFO] - Finished loading mask: 0m 17s
[2026-01-23 14:09:00,238] - [root] - [INFO] - Finished crop and inference: 0m 31s
              timestamp time_elapsed  ... severity_rate_patch Gradient_sr2
0   2026-01-23 13:42:04       0m 25s  ...                1.74         0.04
1   2026-01-23 13:42:30       0m 25s  ...                4.36         0.11
2   2026-01-23 13:42:56       0m 26s  ...                0.85         0.02
3   2026-01-23 13:43:22       0m 29s  ...               25.47         0.67
4   2026-01-23 13:43:52       0m 30s  ...               37.39         0.99
5   2026-01-23 13:44:23       0m 25s  ...                0.45         0.01
6   2026-01-23 13:44:49       0m 30s  ...               38.62         0.91
7   2026-01-23 13:45:19       0m 29s  ...               19.86         0.56
8   2026-01-23 13:45:49       0m 29s  ...               39.61         1.05
9   2026-01-23 13:46:18       0m 26s  ...                1.79         0.05
10  2026-01-23 13:46:44       0m 26s  ...                2.79         0.07
11  2026-01-23 13:47:11       0m 29s  ...               20.77         0.49
12  2026-01-23 13:47:40       0m 27s  ...               20.60         0.51
13  2026-01-23 13:48:08       0m 27s  ...               15.28         0.35
14  2026-01-23 13:48:35       0m 30s  ...               30.18         0.79
15  2026-01-23 13:49:06       0m 29s  ...               19.25         0.48
16  2026-01-23 13:49:36       0m 39s  ...               85.84         2.58
17  2026-01-23 13:50:15       0m 26s  ...                0.76         0.02
18  2026-01-23 13:50:42       0m 29s  ...               23.22         0.57
19  2026-01-23 13:51:11       0m 34s  ...               62.76         1.72
20  2026-01-23 13:51:46       0m 26s  ...                1.10         0.03
21  2026-01-23 13:52:12       0m 28s  ...               19.31         0.52
22  2026-01-23 13:52:41       0m 31s  ...               42.05         1.16
23  2026-01-23 13:53:12       0m 23s  ...                6.56         0.18
24  2026-01-23 13:53:36       0m 25s  ...                1.51         0.04
25  2026-01-23 13:54:01       0m 26s  ...                8.51         0.22
26  2026-01-23 13:54:28       0m 27s  ...               12.12         0.31
27  2026-01-23 13:54:56       0m 29s  ...               32.69         0.79
28  2026-01-23 13:55:26       0m 26s  ...                2.15         0.06
29  2026-01-23 13:55:52       0m 26s  ...                2.94         0.07
30  2026-01-23 13:56:18       0m 27s  ...               12.91         0.30
31  2026-01-23 13:56:46       0m 28s  ...               42.77         1.19
32  2026-01-23 13:57:14       0m 34s  ...               65.54         1.89
33  2026-01-23 13:57:49       0m 27s  ...               10.11         0.24
34  2026-01-23 13:58:16       0m 26s  ...                4.05         0.11
35  2026-01-23 13:58:42       0m 26s  ...                1.89         0.05
36  2026-01-23 13:59:08       0m 26s  ...                5.54         0.15
37  2026-01-23 13:59:35       0m 25s  ...                0.46         0.01
38  2026-01-23 14:00:00       0m 25s  ...                1.59         0.04
39  2026-01-23 14:00:25       0m 31s  ...               43.85         1.03
40  2026-01-23 14:00:57       0m 34s  ...               61.84         1.56
41  2026-01-23 14:01:31       0m 32s  ...               46.89         1.19
42  2026-01-23 14:02:04       0m 38s  ...               80.70         2.32
43  2026-01-23 14:02:43       0m 25s  ...                2.90         0.07
44  2026-01-23 14:03:09       0m 27s  ...               11.56         0.29
45  2026-01-23 14:03:37       0m 27s  ...                4.11         0.11
46  2026-01-23 14:04:04       0m 27s  ...               11.45         0.30
47  2026-01-23 14:04:31       0m 27s  ...               11.80         0.25
48  2026-01-23 14:04:59       0m 27s  ...                6.42         0.18
49  2026-01-23 14:05:26       0m 25s  ...                0.78         0.02
50  2026-01-23 14:05:52       0m 38s  ...               83.75         2.58
51  2026-01-23 14:06:31       0m 35s  ...               77.72         2.05
52  2026-01-23 14:07:06       0m 27s  ...                8.96         0.25
53  2026-01-23 14:07:34       0m 25s  ...                1.10         0.03

[54 rows x 24 columns]
[2026-01-23 14:09:01,833] - [root] - [INFO] - Analysis finished: 0m 33s
[2026-01-23 14:09:01,833] - [root] - [INFO] - -------------------------------------------
[2026-01-23 14:09:01,833] - [root] - [INFO] - -------------------------------------------
[2026-01-23 14:09:01,833] - [root] - [INFO] - Processing 1-22-2026 5dpi 134-W2021009-275_R1.png
[2026-01-23 14:09:18,976] - [root] - [INFO] - Finished loading mask: 0m 17s
[2026-01-23 14:09:30,531] - [root] - [INFO] - Finished crop and inference: 0m 28s
              timestamp time_elapsed  ... severity_rate_patch Gradient_sr2
0   2026-01-23 13:42:04       0m 25s  ...                1.74         0.04
1   2026-01-23 13:42:30       0m 25s  ...                4.36         0.11
2   2026-01-23 13:42:56       0m 26s  ...                0.85         0.02
3   2026-01-23 13:43:22       0m 29s  ...               25.47         0.67
4   2026-01-23 13:43:52       0m 30s  ...               37.39         0.99
5   2026-01-23 13:44:23       0m 25s  ...                0.45         0.01
6   2026-01-23 13:44:49       0m 30s  ...               38.62         0.91
7   2026-01-23 13:45:19       0m 29s  ...               19.86         0.56
8   2026-01-23 13:45:49       0m 29s  ...               39.61         1.05
9   2026-01-23 13:46:18       0m 26s  ...                1.79         0.05
10  2026-01-23 13:46:44       0m 26s  ...                2.79         0.07
11  2026-01-23 13:47:11       0m 29s  ...               20.77         0.49
12  2026-01-23 13:47:40       0m 27s  ...               20.60         0.51
13  2026-01-23 13:48:08       0m 27s  ...               15.28         0.35
14  2026-01-23 13:48:35       0m 30s  ...               30.18         0.79
15  2026-01-23 13:49:06       0m 29s  ...               19.25         0.48
16  2026-01-23 13:49:36       0m 39s  ...               85.84         2.58
17  2026-01-23 13:50:15       0m 26s  ...                0.76         0.02
18  2026-01-23 13:50:42       0m 29s  ...               23.22         0.57
19  2026-01-23 13:51:11       0m 34s  ...               62.76         1.72
20  2026-01-23 13:51:46       0m 26s  ...                1.10         0.03
21  2026-01-23 13:52:12       0m 28s  ...               19.31         0.52
22  2026-01-23 13:52:41       0m 31s  ...               42.05         1.16
23  2026-01-23 13:53:12       0m 23s  ...                6.56         0.18
24  2026-01-23 13:53:36       0m 25s  ...                1.51         0.04
25  2026-01-23 13:54:01       0m 26s  ...                8.51         0.22
26  2026-01-23 13:54:28       0m 27s  ...               12.12         0.31
27  2026-01-23 13:54:56       0m 29s  ...               32.69         0.79
28  2026-01-23 13:55:26       0m 26s  ...                2.15         0.06
29  2026-01-23 13:55:52       0m 26s  ...                2.94         0.07
30  2026-01-23 13:56:18       0m 27s  ...               12.91         0.30
31  2026-01-23 13:56:46       0m 28s  ...               42.77         1.19
32  2026-01-23 13:57:14       0m 34s  ...               65.54         1.89
33  2026-01-23 13:57:49       0m 27s  ...               10.11         0.24
34  2026-01-23 13:58:16       0m 26s  ...                4.05         0.11
35  2026-01-23 13:58:42       0m 26s  ...                1.89         0.05
36  2026-01-23 13:59:08       0m 26s  ...                5.54         0.15
37  2026-01-23 13:59:35       0m 25s  ...                0.46         0.01
38  2026-01-23 14:00:00       0m 25s  ...                1.59         0.04
39  2026-01-23 14:00:25       0m 31s  ...               43.85         1.03
40  2026-01-23 14:00:57       0m 34s  ...               61.84         1.56
41  2026-01-23 14:01:31       0m 32s  ...               46.89         1.19
42  2026-01-23 14:02:04       0m 38s  ...               80.70         2.32
43  2026-01-23 14:02:43       0m 25s  ...                2.90         0.07
44  2026-01-23 14:03:09       0m 27s  ...               11.56         0.29
45  2026-01-23 14:03:37       0m 27s  ...                4.11         0.11
46  2026-01-23 14:04:04       0m 27s  ...               11.45         0.30
47  2026-01-23 14:04:31       0m 27s  ...               11.80         0.25
48  2026-01-23 14:04:59       0m 27s  ...                6.42         0.18
49  2026-01-23 14:05:26       0m 25s  ...                0.78         0.02
50  2026-01-23 14:05:52       0m 38s  ...               83.75         2.58
51  2026-01-23 14:06:31       0m 35s  ...               77.72         2.05
52  2026-01-23 14:07:06       0m 27s  ...                8.96         0.25
53  2026-01-23 14:07:34       0m 25s  ...                1.10         0.03
54  2026-01-23 14:08:00       0m 28s  ...               11.49         0.28

[55 rows x 24 columns]
[2026-01-23 14:09:32,111] - [root] - [INFO] - Analysis finished: 0m 30s
[2026-01-23 14:09:32,111] - [root] - [INFO] - -------------------------------------------
[2026-01-23 14:09:32,111] - [root] - [INFO] - -------------------------------------------
[2026-01-23 14:09:32,112] - [root] - [INFO] - Processing 1-22-2026 5dpi 137-W2021010-342_R2.png
[2026-01-23 14:09:48,771] - [root] - [INFO] - Finished loading mask: 0m 16s
[2026-01-23 14:09:57,138] - [root] - [INFO] - Finished crop and inference: 0m 25s
              timestamp time_elapsed  ... severity_rate_patch Gradient_sr2
0   2026-01-23 13:42:04       0m 25s  ...                1.74         0.04
1   2026-01-23 13:42:30       0m 25s  ...                4.36         0.11
2   2026-01-23 13:42:56       0m 26s  ...                0.85         0.02
3   2026-01-23 13:43:22       0m 29s  ...               25.47         0.67
4   2026-01-23 13:43:52       0m 30s  ...               37.39         0.99
5   2026-01-23 13:44:23       0m 25s  ...                0.45         0.01
6   2026-01-23 13:44:49       0m 30s  ...               38.62         0.91
7   2026-01-23 13:45:19       0m 29s  ...               19.86         0.56
8   2026-01-23 13:45:49       0m 29s  ...               39.61         1.05
9   2026-01-23 13:46:18       0m 26s  ...                1.79         0.05
10  2026-01-23 13:46:44       0m 26s  ...                2.79         0.07
11  2026-01-23 13:47:11       0m 29s  ...               20.77         0.49
12  2026-01-23 13:47:40       0m 27s  ...               20.60         0.51
13  2026-01-23 13:48:08       0m 27s  ...               15.28         0.35
14  2026-01-23 13:48:35       0m 30s  ...               30.18         0.79
15  2026-01-23 13:49:06       0m 29s  ...               19.25         0.48
16  2026-01-23 13:49:36       0m 39s  ...               85.84         2.58
17  2026-01-23 13:50:15       0m 26s  ...                0.76         0.02
18  2026-01-23 13:50:42       0m 29s  ...               23.22         0.57
19  2026-01-23 13:51:11       0m 34s  ...               62.76         1.72
20  2026-01-23 13:51:46       0m 26s  ...                1.10         0.03
21  2026-01-23 13:52:12       0m 28s  ...               19.31         0.52
22  2026-01-23 13:52:41       0m 31s  ...               42.05         1.16
23  2026-01-23 13:53:12       0m 23s  ...                6.56         0.18
24  2026-01-23 13:53:36       0m 25s  ...                1.51         0.04
25  2026-01-23 13:54:01       0m 26s  ...                8.51         0.22
26  2026-01-23 13:54:28       0m 27s  ...               12.12         0.31
27  2026-01-23 13:54:56       0m 29s  ...               32.69         0.79
28  2026-01-23 13:55:26       0m 26s  ...                2.15         0.06
29  2026-01-23 13:55:52       0m 26s  ...                2.94         0.07
30  2026-01-23 13:56:18       0m 27s  ...               12.91         0.30
31  2026-01-23 13:56:46       0m 28s  ...               42.77         1.19
32  2026-01-23 13:57:14       0m 34s  ...               65.54         1.89
33  2026-01-23 13:57:49       0m 27s  ...               10.11         0.24
34  2026-01-23 13:58:16       0m 26s  ...                4.05         0.11
35  2026-01-23 13:58:42       0m 26s  ...                1.89         0.05
36  2026-01-23 13:59:08       0m 26s  ...                5.54         0.15
37  2026-01-23 13:59:35       0m 25s  ...                0.46         0.01
38  2026-01-23 14:00:00       0m 25s  ...                1.59         0.04
39  2026-01-23 14:00:25       0m 31s  ...               43.85         1.03
40  2026-01-23 14:00:57       0m 34s  ...               61.84         1.56
41  2026-01-23 14:01:31       0m 32s  ...               46.89         1.19
42  2026-01-23 14:02:04       0m 38s  ...               80.70         2.32
43  2026-01-23 14:02:43       0m 25s  ...                2.90         0.07
44  2026-01-23 14:03:09       0m 27s  ...               11.56         0.29
45  2026-01-23 14:03:37       0m 27s  ...                4.11         0.11
46  2026-01-23 14:04:04       0m 27s  ...               11.45         0.30
47  2026-01-23 14:04:31       0m 27s  ...               11.80         0.25
48  2026-01-23 14:04:59       0m 27s  ...                6.42         0.18
49  2026-01-23 14:05:26       0m 25s  ...                0.78         0.02
50  2026-01-23 14:05:52       0m 38s  ...               83.75         2.58
51  2026-01-23 14:06:31       0m 35s  ...               77.72         2.05
52  2026-01-23 14:07:06       0m 27s  ...                8.96         0.25
53  2026-01-23 14:07:34       0m 25s  ...                1.10         0.03
54  2026-01-23 14:08:00       0m 28s  ...               11.49         0.28
55  2026-01-23 14:08:28       0m 33s  ...               55.20         1.46

[56 rows x 24 columns]
[2026-01-23 14:09:58,693] - [root] - [INFO] - Analysis finished: 0m 26s
[2026-01-23 14:09:58,693] - [root] - [INFO] - -------------------------------------------
[2026-01-23 14:09:58,694] - [root] - [INFO] - -------------------------------------------
[2026-01-23 14:09:58,694] - [root] - [INFO] - Processing 1-22-2026 5dpi 138-W2021010-446_R1.png
[2026-01-23 14:10:15,467] - [root] - [INFO] - Finished loading mask: 0m 16s
[2026-01-23 14:10:24,325] - [root] - [INFO] - Finished crop and inference: 0m 25s
              timestamp time_elapsed  ... severity_rate_patch Gradient_sr2
0   2026-01-23 13:42:04       0m 25s  ...                1.74         0.04
1   2026-01-23 13:42:30       0m 25s  ...                4.36         0.11
2   2026-01-23 13:42:56       0m 26s  ...                0.85         0.02
3   2026-01-23 13:43:22       0m 29s  ...               25.47         0.67
4   2026-01-23 13:43:52       0m 30s  ...               37.39         0.99
5   2026-01-23 13:44:23       0m 25s  ...                0.45         0.01
6   2026-01-23 13:44:49       0m 30s  ...               38.62         0.91
7   2026-01-23 13:45:19       0m 29s  ...               19.86         0.56
8   2026-01-23 13:45:49       0m 29s  ...               39.61         1.05
9   2026-01-23 13:46:18       0m 26s  ...                1.79         0.05
10  2026-01-23 13:46:44       0m 26s  ...                2.79         0.07
11  2026-01-23 13:47:11       0m 29s  ...               20.77         0.49
12  2026-01-23 13:47:40       0m 27s  ...               20.60         0.51
13  2026-01-23 13:48:08       0m 27s  ...               15.28         0.35
14  2026-01-23 13:48:35       0m 30s  ...               30.18         0.79
15  2026-01-23 13:49:06       0m 29s  ...               19.25         0.48
16  2026-01-23 13:49:36       0m 39s  ...               85.84         2.58
17  2026-01-23 13:50:15       0m 26s  ...                0.76         0.02
18  2026-01-23 13:50:42       0m 29s  ...               23.22         0.57
19  2026-01-23 13:51:11       0m 34s  ...               62.76         1.72
20  2026-01-23 13:51:46       0m 26s  ...                1.10         0.03
21  2026-01-23 13:52:12       0m 28s  ...               19.31         0.52
22  2026-01-23 13:52:41       0m 31s  ...               42.05         1.16
23  2026-01-23 13:53:12       0m 23s  ...                6.56         0.18
24  2026-01-23 13:53:36       0m 25s  ...                1.51         0.04
25  2026-01-23 13:54:01       0m 26s  ...                8.51         0.22
26  2026-01-23 13:54:28       0m 27s  ...               12.12         0.31
27  2026-01-23 13:54:56       0m 29s  ...               32.69         0.79
28  2026-01-23 13:55:26       0m 26s  ...                2.15         0.06
29  2026-01-23 13:55:52       0m 26s  ...                2.94         0.07
30  2026-01-23 13:56:18       0m 27s  ...               12.91         0.30
31  2026-01-23 13:56:46       0m 28s  ...               42.77         1.19
32  2026-01-23 13:57:14       0m 34s  ...               65.54         1.89
33  2026-01-23 13:57:49       0m 27s  ...               10.11         0.24
34  2026-01-23 13:58:16       0m 26s  ...                4.05         0.11
35  2026-01-23 13:58:42       0m 26s  ...                1.89         0.05
36  2026-01-23 13:59:08       0m 26s  ...                5.54         0.15
37  2026-01-23 13:59:35       0m 25s  ...                0.46         0.01
38  2026-01-23 14:00:00       0m 25s  ...                1.59         0.04
39  2026-01-23 14:00:25       0m 31s  ...               43.85         1.03
40  2026-01-23 14:00:57       0m 34s  ...               61.84         1.56
41  2026-01-23 14:01:31       0m 32s  ...               46.89         1.19
42  2026-01-23 14:02:04       0m 38s  ...               80.70         2.32
43  2026-01-23 14:02:43       0m 25s  ...                2.90         0.07
44  2026-01-23 14:03:09       0m 27s  ...               11.56         0.29
45  2026-01-23 14:03:37       0m 27s  ...                4.11         0.11
46  2026-01-23 14:04:04       0m 27s  ...               11.45         0.30
47  2026-01-23 14:04:31       0m 27s  ...               11.80         0.25
48  2026-01-23 14:04:59       0m 27s  ...                6.42         0.18
49  2026-01-23 14:05:26       0m 25s  ...                0.78         0.02
50  2026-01-23 14:05:52       0m 38s  ...               83.75         2.58
51  2026-01-23 14:06:31       0m 35s  ...               77.72         2.05
52  2026-01-23 14:07:06       0m 27s  ...                8.96         0.25
53  2026-01-23 14:07:34       0m 25s  ...                1.10         0.03
54  2026-01-23 14:08:00       0m 28s  ...               11.49         0.28
55  2026-01-23 14:08:28       0m 33s  ...               55.20         1.46
56  2026-01-23 14:09:01       0m 30s  ...               34.44         0.83

[57 rows x 24 columns]
[2026-01-23 14:10:25,901] - [root] - [INFO] - Analysis finished: 0m 27s
[2026-01-23 14:10:25,901] - [root] - [INFO] - -------------------------------------------
[2026-01-23 14:10:25,901] - [root] - [INFO] - -------------------------------------------
[2026-01-23 14:10:25,901] - [root] - [INFO] - Processing 1-22-2026 5dpi 141-W2021009-274_R1.png
[2026-01-23 14:10:43,932] - [root] - [INFO] - Finished loading mask: 0m 18s
[2026-01-23 14:11:04,495] - [root] - [INFO] - Finished crop and inference: 0m 38s
              timestamp time_elapsed  ... severity_rate_patch Gradient_sr2
0   2026-01-23 13:42:04       0m 25s  ...                1.74         0.04
1   2026-01-23 13:42:30       0m 25s  ...                4.36         0.11
2   2026-01-23 13:42:56       0m 26s  ...                0.85         0.02
3   2026-01-23 13:43:22       0m 29s  ...               25.47         0.67
4   2026-01-23 13:43:52       0m 30s  ...               37.39         0.99
5   2026-01-23 13:44:23       0m 25s  ...                0.45         0.01
6   2026-01-23 13:44:49       0m 30s  ...               38.62         0.91
7   2026-01-23 13:45:19       0m 29s  ...               19.86         0.56
8   2026-01-23 13:45:49       0m 29s  ...               39.61         1.05
9   2026-01-23 13:46:18       0m 26s  ...                1.79         0.05
10  2026-01-23 13:46:44       0m 26s  ...                2.79         0.07
11  2026-01-23 13:47:11       0m 29s  ...               20.77         0.49
12  2026-01-23 13:47:40       0m 27s  ...               20.60         0.51
13  2026-01-23 13:48:08       0m 27s  ...               15.28         0.35
14  2026-01-23 13:48:35       0m 30s  ...               30.18         0.79
15  2026-01-23 13:49:06       0m 29s  ...               19.25         0.48
16  2026-01-23 13:49:36       0m 39s  ...               85.84         2.58
17  2026-01-23 13:50:15       0m 26s  ...                0.76         0.02
18  2026-01-23 13:50:42       0m 29s  ...               23.22         0.57
19  2026-01-23 13:51:11       0m 34s  ...               62.76         1.72
20  2026-01-23 13:51:46       0m 26s  ...                1.10         0.03
21  2026-01-23 13:52:12       0m 28s  ...               19.31         0.52
22  2026-01-23 13:52:41       0m 31s  ...               42.05         1.16
23  2026-01-23 13:53:12       0m 23s  ...                6.56         0.18
24  2026-01-23 13:53:36       0m 25s  ...                1.51         0.04
25  2026-01-23 13:54:01       0m 26s  ...                8.51         0.22
26  2026-01-23 13:54:28       0m 27s  ...               12.12         0.31
27  2026-01-23 13:54:56       0m 29s  ...               32.69         0.79
28  2026-01-23 13:55:26       0m 26s  ...                2.15         0.06
29  2026-01-23 13:55:52       0m 26s  ...                2.94         0.07
30  2026-01-23 13:56:18       0m 27s  ...               12.91         0.30
31  2026-01-23 13:56:46       0m 28s  ...               42.77         1.19
32  2026-01-23 13:57:14       0m 34s  ...               65.54         1.89
33  2026-01-23 13:57:49       0m 27s  ...               10.11         0.24
34  2026-01-23 13:58:16       0m 26s  ...                4.05         0.11
35  2026-01-23 13:58:42       0m 26s  ...                1.89         0.05
36  2026-01-23 13:59:08       0m 26s  ...                5.54         0.15
37  2026-01-23 13:59:35       0m 25s  ...                0.46         0.01
38  2026-01-23 14:00:00       0m 25s  ...                1.59         0.04
39  2026-01-23 14:00:25       0m 31s  ...               43.85         1.03
40  2026-01-23 14:00:57       0m 34s  ...               61.84         1.56
41  2026-01-23 14:01:31       0m 32s  ...               46.89         1.19
42  2026-01-23 14:02:04       0m 38s  ...               80.70         2.32
43  2026-01-23 14:02:43       0m 25s  ...                2.90         0.07
44  2026-01-23 14:03:09       0m 27s  ...               11.56         0.29
45  2026-01-23 14:03:37       0m 27s  ...                4.11         0.11
46  2026-01-23 14:04:04       0m 27s  ...               11.45         0.30
47  2026-01-23 14:04:31       0m 27s  ...               11.80         0.25
48  2026-01-23 14:04:59       0m 27s  ...                6.42         0.18
49  2026-01-23 14:05:26       0m 25s  ...                0.78         0.02
50  2026-01-23 14:05:52       0m 38s  ...               83.75         2.58
51  2026-01-23 14:06:31       0m 35s  ...               77.72         2.05
52  2026-01-23 14:07:06       0m 27s  ...                8.96         0.25
53  2026-01-23 14:07:34       0m 25s  ...                1.10         0.03
54  2026-01-23 14:08:00       0m 28s  ...               11.49         0.28
55  2026-01-23 14:08:28       0m 33s  ...               55.20         1.46
56  2026-01-23 14:09:01       0m 30s  ...               34.44         0.83
57  2026-01-23 14:09:32       0m 26s  ...                4.27         0.10

[58 rows x 24 columns]
[2026-01-23 14:11:06,152] - [root] - [INFO] - Analysis finished: 0m 40s
[2026-01-23 14:11:06,152] - [root] - [INFO] - -------------------------------------------
[2026-01-23 14:11:06,152] - [root] - [INFO] - -------------------------------------------
[2026-01-23 14:11:06,152] - [root] - [INFO] - Processing 1-22-2026 5dpi 143-W2021010-313_R2.png
[2026-01-23 14:11:22,947] - [root] - [INFO] - Finished loading mask: 0m 16s
[2026-01-23 14:11:30,808] - [root] - [INFO] - Finished crop and inference: 0m 24s
[2026-01-23 14:11:32,384] - [root] - [INFO] - Analysis finished: 0m 26s
[2026-01-23 14:11:32,385] - [root] - [INFO] - -------------------------------------------
[2026-01-23 14:11:32,385] - [root] - [INFO] - -------------------------------------------
[2026-01-23 14:11:32,385] - [root] - [INFO] - Processing 1-22-2026 5dpi 148-W2021011-462_R2.png
[2026-01-23 14:11:49,764] - [root] - [INFO] - Finished loading mask: 0m 17s
[2026-01-23 14:12:01,377] - [root] - [INFO] - Finished crop and inference: 0m 28s
[2026-01-23 14:12:02,901] - [root] - [INFO] - Analysis finished: 0m 30s
[2026-01-23 14:12:02,901] - [root] - [INFO] - -------------------------------------------
[2026-01-23 14:12:02,902] - [root] - [INFO] - -------------------------------------------
[2026-01-23 14:12:02,902] - [root] - [INFO] - Processing 1-22-2026 5dpi 149-W2021010-417_R1.png
[2026-01-23 14:12:19,988] - [root] - [INFO] - Finished loading mask: 0m 17s
[2026-01-23 14:12:29,320] - [root] - [INFO] - Finished crop and inference: 0m 26s
[2026-01-23 14:12:30,866] - [root] - [INFO] - Analysis finished: 0m 27s
[2026-01-23 14:12:30,866] - [root] - [INFO] - -------------------------------------------
[2026-01-23 14:12:30,866] - [root] - [INFO] - -------------------------------------------
[2026-01-23 14:12:30,866] - [root] - [INFO] - Processing 1-22-2026 5dpi 154-W2021010-419_R1.png
[2026-01-23 14:12:47,119] - [root] - [INFO] - Finished loading mask: 0m 16s
[2026-01-23 14:12:55,521] - [root] - [INFO] - Finished crop and inference: 0m 24s
              timestamp time_elapsed  ... severity_rate_patch Gradient_sr2
0   2026-01-23 13:42:04       0m 25s  ...                1.74         0.04
1   2026-01-23 13:42:30       0m 25s  ...                4.36         0.11
2   2026-01-23 13:42:56       0m 26s  ...                0.85         0.02
3   2026-01-23 13:43:22       0m 29s  ...               25.47         0.67
4   2026-01-23 13:43:52       0m 30s  ...               37.39         0.99
5   2026-01-23 13:44:23       0m 25s  ...                0.45         0.01
6   2026-01-23 13:44:49       0m 30s  ...               38.62         0.91
7   2026-01-23 13:45:19       0m 29s  ...               19.86         0.56
8   2026-01-23 13:45:49       0m 29s  ...               39.61         1.05
9   2026-01-23 13:46:18       0m 26s  ...                1.79         0.05
10  2026-01-23 13:46:44       0m 26s  ...                2.79         0.07
11  2026-01-23 13:47:11       0m 29s  ...               20.77         0.49
12  2026-01-23 13:47:40       0m 27s  ...               20.60         0.51
13  2026-01-23 13:48:08       0m 27s  ...               15.28         0.35
14  2026-01-23 13:48:35       0m 30s  ...               30.18         0.79
15  2026-01-23 13:49:06       0m 29s  ...               19.25         0.48
16  2026-01-23 13:49:36       0m 39s  ...               85.84         2.58
17  2026-01-23 13:50:15       0m 26s  ...                0.76         0.02
18  2026-01-23 13:50:42       0m 29s  ...               23.22         0.57
19  2026-01-23 13:51:11       0m 34s  ...               62.76         1.72
20  2026-01-23 13:51:46       0m 26s  ...                1.10         0.03
21  2026-01-23 13:52:12       0m 28s  ...               19.31         0.52
22  2026-01-23 13:52:41       0m 31s  ...               42.05         1.16
23  2026-01-23 13:53:12       0m 23s  ...                6.56         0.18
24  2026-01-23 13:53:36       0m 25s  ...                1.51         0.04
25  2026-01-23 13:54:01       0m 26s  ...                8.51         0.22
26  2026-01-23 13:54:28       0m 27s  ...               12.12         0.31
27  2026-01-23 13:54:56       0m 29s  ...               32.69         0.79
28  2026-01-23 13:55:26       0m 26s  ...                2.15         0.06
29  2026-01-23 13:55:52       0m 26s  ...                2.94         0.07
30  2026-01-23 13:56:18       0m 27s  ...               12.91         0.30
31  2026-01-23 13:56:46       0m 28s  ...               42.77         1.19
32  2026-01-23 13:57:14       0m 34s  ...               65.54         1.89
33  2026-01-23 13:57:49       0m 27s  ...               10.11         0.24
34  2026-01-23 13:58:16       0m 26s  ...                4.05         0.11
35  2026-01-23 13:58:42       0m 26s  ...                1.89         0.05
36  2026-01-23 13:59:08       0m 26s  ...                5.54         0.15
37  2026-01-23 13:59:35       0m 25s  ...                0.46         0.01
38  2026-01-23 14:00:00       0m 25s  ...                1.59         0.04
39  2026-01-23 14:00:25       0m 31s  ...               43.85         1.03
40  2026-01-23 14:00:57       0m 34s  ...               61.84         1.56
41  2026-01-23 14:01:31       0m 32s  ...               46.89         1.19
42  2026-01-23 14:02:04       0m 38s  ...               80.70         2.32
43  2026-01-23 14:02:43       0m 25s  ...                2.90         0.07
44  2026-01-23 14:03:09       0m 27s  ...               11.56         0.29
45  2026-01-23 14:03:37       0m 27s  ...                4.11         0.11
46  2026-01-23 14:04:04       0m 27s  ...               11.45         0.30
47  2026-01-23 14:04:31       0m 27s  ...               11.80         0.25
48  2026-01-23 14:04:59       0m 27s  ...                6.42         0.18
49  2026-01-23 14:05:26       0m 25s  ...                0.78         0.02
50  2026-01-23 14:05:52       0m 38s  ...               83.75         2.58
51  2026-01-23 14:06:31       0m 35s  ...               77.72         2.05
52  2026-01-23 14:07:06       0m 27s  ...                8.96         0.25
53  2026-01-23 14:07:34       0m 25s  ...                1.10         0.03
54  2026-01-23 14:08:00       0m 28s  ...               11.49         0.28
55  2026-01-23 14:08:28       0m 33s  ...               55.20         1.46
56  2026-01-23 14:09:01       0m 30s  ...               34.44         0.83
57  2026-01-23 14:09:32       0m 26s  ...                4.27         0.10
58  2026-01-23 14:09:58       0m 27s  ...                8.15         0.18

[59 rows x 24 columns]
[2026-01-23 14:12:57,053] - [root] - [INFO] - Analysis finished: 0m 26s
[2026-01-23 14:12:57,053] - [root] - [INFO] - -------------------------------------------
[2026-01-23 14:12:57,053] - [root] - [INFO] - -------------------------------------------
[2026-01-23 14:12:57,053] - [root] - [INFO] - Processing 1-22-2026 5dpi 155-W2021011-639_R1.png
[2026-01-23 14:13:13,869] - [root] - [INFO] - Finished loading mask: 0m 16s
[2026-01-23 14:13:22,768] - [root] - [INFO] - Finished crop and inference: 0m 25s
[2026-01-23 14:13:24,297] - [root] - [INFO] - Analysis finished: 0m 27s
[2026-01-23 14:13:24,297] - [root] - [INFO] - -------------------------------------------
[2026-01-23 14:13:24,297] - [root] - [INFO] - -------------------------------------------
[2026-01-23 14:13:24,297] - [root] - [INFO] - Processing 1-22-2026 5dpi 156-W2021009-276_R2.png
[2026-01-23 14:13:41,020] - [root] - [INFO] - Finished loading mask: 0m 16s
[2026-01-23 14:13:50,397] - [root] - [INFO] - Finished crop and inference: 0m 26s
[2026-01-23 14:13:51,887] - [root] - [INFO] - Analysis finished: 0m 27s
[2026-01-23 14:13:51,887] - [root] - [INFO] - -------------------------------------------
[2026-01-23 14:13:51,887] - [root] - [INFO] - -------------------------------------------
[2026-01-23 14:13:51,887] - [root] - [INFO] - Processing 1-22-2026 5dpi 158-W2021006-114_R1.png
[2026-01-23 14:14:09,584] - [root] - [INFO] - Finished loading mask: 0m 17s
[2026-01-23 14:14:23,509] - [root] - [INFO] - Finished crop and inference: 0m 31s
[2026-01-23 14:14:25,024] - [root] - [INFO] - Analysis finished: 0m 33s
[2026-01-23 14:14:25,024] - [root] - [INFO] - -------------------------------------------
[2026-01-23 14:14:25,024] - [root] - [INFO] - -------------------------------------------
[2026-01-23 14:14:25,024] - [root] - [INFO] - Processing 1-22-2026 5dpi 167-W2021006-003_R2.png
[2026-01-23 14:14:41,857] - [root] - [INFO] - Finished loading mask: 0m 16s
[2026-01-23 14:14:49,177] - [root] - [INFO] - Finished crop and inference: 0m 24s
[2026-01-23 14:14:50,758] - [root] - [INFO] - Analysis finished: 0m 25s
[2026-01-23 14:14:50,758] - [root] - [INFO] - -------------------------------------------
[2026-01-23 14:14:50,758] - [root] - [INFO] - -------------------------------------------
[2026-01-23 14:14:50,758] - [root] - [INFO] - Processing 1-22-2026 5dpi 169-W2021009-623_R2.png
[2026-01-23 14:15:09,143] - [root] - [INFO] - Finished loading mask: 0m 18s
[2026-01-23 14:15:29,270] - [root] - [INFO] - Finished crop and inference: 0m 38s
[2026-01-23 14:15:30,854] - [root] - [INFO] - Analysis finished: 0m 40s
[2026-01-23 14:15:30,854] - [root] - [INFO] - -------------------------------------------
[2026-01-23 14:15:30,854] - [root] - [INFO] - -------------------------------------------
[2026-01-23 14:15:30,854] - [root] - [INFO] - Processing 1-22-2026 5dpi 169-W2021011-477_R1.png
[2026-01-23 14:15:48,527] - [root] - [INFO] - Finished loading mask: 0m 17s
[2026-01-23 14:16:03,044] - [root] - [INFO] - Finished crop and inference: 0m 32s
[2026-01-23 14:16:04,603] - [root] - [INFO] - Analysis finished: 0m 33s
[2026-01-23 14:16:04,603] - [root] - [INFO] - -------------------------------------------
[2026-01-23 14:16:04,604] - [root] - [INFO] - -------------------------------------------
[2026-01-23 14:16:04,604] - [root] - [INFO] - Processing 1-22-2026 5dpi 172-W2021011-557_R2.png
[2026-01-23 14:16:21,421] - [root] - [INFO] - Finished loading mask: 0m 16s
[2026-01-23 14:16:31,259] - [root] - [INFO] - Finished crop and inference: 0m 26s
[2026-01-23 14:16:32,800] - [root] - [INFO] - Analysis finished: 0m 28s
[2026-01-23 14:16:32,801] - [root] - [INFO] - -------------------------------------------
[2026-01-23 14:16:32,801] - [root] - [INFO] - -------------------------------------------
[2026-01-23 14:16:32,801] - [root] - [INFO] - Processing 1-22-2026 5dpi 173-W2021006-127_R2.png
[2026-01-23 14:16:49,601] - [root] - [INFO] - Finished loading mask: 0m 16s
[2026-01-23 14:16:57,812] - [root] - [INFO] - Finished crop and inference: 0m 25s
              timestamp time_elapsed  ... severity_rate_patch Gradient_sr2
0   2026-01-23 13:42:04       0m 25s  ...                1.74         0.04
1   2026-01-23 13:42:30       0m 25s  ...                4.36         0.11
2   2026-01-23 13:42:56       0m 26s  ...                0.85         0.02
3   2026-01-23 13:43:22       0m 29s  ...               25.47         0.67
4   2026-01-23 13:43:52       0m 30s  ...               37.39         0.99
5   2026-01-23 13:44:23       0m 25s  ...                0.45         0.01
6   2026-01-23 13:44:49       0m 30s  ...               38.62         0.91
7   2026-01-23 13:45:19       0m 29s  ...               19.86         0.56
8   2026-01-23 13:45:49       0m 29s  ...               39.61         1.05
9   2026-01-23 13:46:18       0m 26s  ...                1.79         0.05
10  2026-01-23 13:46:44       0m 26s  ...                2.79         0.07
11  2026-01-23 13:47:11       0m 29s  ...               20.77         0.49
12  2026-01-23 13:47:40       0m 27s  ...               20.60         0.51
13  2026-01-23 13:48:08       0m 27s  ...               15.28         0.35
14  2026-01-23 13:48:35       0m 30s  ...               30.18         0.79
15  2026-01-23 13:49:06       0m 29s  ...               19.25         0.48
16  2026-01-23 13:49:36       0m 39s  ...               85.84         2.58
17  2026-01-23 13:50:15       0m 26s  ...                0.76         0.02
18  2026-01-23 13:50:42       0m 29s  ...               23.22         0.57
19  2026-01-23 13:51:11       0m 34s  ...               62.76         1.72
20  2026-01-23 13:51:46       0m 26s  ...                1.10         0.03
21  2026-01-23 13:52:12       0m 28s  ...               19.31         0.52
22  2026-01-23 13:52:41       0m 31s  ...               42.05         1.16
23  2026-01-23 13:53:12       0m 23s  ...                6.56         0.18
24  2026-01-23 13:53:36       0m 25s  ...                1.51         0.04
25  2026-01-23 13:54:01       0m 26s  ...                8.51         0.22
26  2026-01-23 13:54:28       0m 27s  ...               12.12         0.31
27  2026-01-23 13:54:56       0m 29s  ...               32.69         0.79
28  2026-01-23 13:55:26       0m 26s  ...                2.15         0.06
29  2026-01-23 13:55:52       0m 26s  ...                2.94         0.07
30  2026-01-23 13:56:18       0m 27s  ...               12.91         0.30
31  2026-01-23 13:56:46       0m 28s  ...               42.77         1.19
32  2026-01-23 13:57:14       0m 34s  ...               65.54         1.89
33  2026-01-23 13:57:49       0m 27s  ...               10.11         0.24
34  2026-01-23 13:58:16       0m 26s  ...                4.05         0.11
35  2026-01-23 13:58:42       0m 26s  ...                1.89         0.05
36  2026-01-23 13:59:08       0m 26s  ...                5.54         0.15
37  2026-01-23 13:59:35       0m 25s  ...                0.46         0.01
38  2026-01-23 14:00:00       0m 25s  ...                1.59         0.04
39  2026-01-23 14:00:25       0m 31s  ...               43.85         1.03
40  2026-01-23 14:00:57       0m 34s  ...               61.84         1.56
41  2026-01-23 14:01:31       0m 32s  ...               46.89         1.19
42  2026-01-23 14:02:04       0m 38s  ...               80.70         2.32
43  2026-01-23 14:02:43       0m 25s  ...                2.90         0.07
44  2026-01-23 14:03:09       0m 27s  ...               11.56         0.29
45  2026-01-23 14:03:37       0m 27s  ...                4.11         0.11
46  2026-01-23 14:04:04       0m 27s  ...               11.45         0.30
47  2026-01-23 14:04:31       0m 27s  ...               11.80         0.25
48  2026-01-23 14:04:59       0m 27s  ...                6.42         0.18
49  2026-01-23 14:05:26       0m 25s  ...                0.78         0.02
50  2026-01-23 14:05:52       0m 38s  ...               83.75         2.58
51  2026-01-23 14:06:31       0m 35s  ...               77.72         2.05
52  2026-01-23 14:07:06       0m 27s  ...                8.96         0.25
53  2026-01-23 14:07:34       0m 25s  ...                1.10         0.03
54  2026-01-23 14:08:00       0m 28s  ...               11.49         0.28
55  2026-01-23 14:08:28       0m 33s  ...               55.20         1.46
56  2026-01-23 14:09:01       0m 30s  ...               34.44         0.83
57  2026-01-23 14:09:32       0m 26s  ...                4.27         0.10
58  2026-01-23 14:09:58       0m 27s  ...                8.15         0.18
59  2026-01-23 14:10:25       0m 40s  ...               86.63         2.58

[60 rows x 24 columns]
              timestamp time_elapsed  ... severity_rate_patch Gradient_sr2
0   2026-01-23 13:42:04       0m 25s  ...                1.74         0.04
1   2026-01-23 13:42:30       0m 25s  ...                4.36         0.11
2   2026-01-23 13:42:56       0m 26s  ...                0.85         0.02
3   2026-01-23 13:43:22       0m 29s  ...               25.47         0.67
4   2026-01-23 13:43:52       0m 30s  ...               37.39         0.99
..                  ...          ...  ...                 ...          ...
56  2026-01-23 14:09:01       0m 30s  ...               34.44         0.83
57  2026-01-23 14:09:32       0m 26s  ...                4.27         0.10
58  2026-01-23 14:09:58       0m 27s  ...                8.15         0.18
59  2026-01-23 14:10:25       0m 40s  ...               86.63         2.58
60  2026-01-23 14:11:06       0m 26s  ...                0.61         0.02

[61 rows x 24 columns]
              timestamp time_elapsed  ... severity_rate_patch Gradient_sr2
0   2026-01-23 13:42:04       0m 25s  ...                1.74         0.04
1   2026-01-23 13:42:30       0m 25s  ...                4.36         0.11
2   2026-01-23 13:42:56       0m 26s  ...                0.85         0.02
3   2026-01-23 13:43:22       0m 29s  ...               25.47         0.67
4   2026-01-23 13:43:52       0m 30s  ...               37.39         0.99
..                  ...          ...  ...                 ...          ...
57  2026-01-23 14:09:32       0m 26s  ...                4.27         0.10
58  2026-01-23 14:09:58       0m 27s  ...                8.15         0.18
59  2026-01-23 14:10:25       0m 40s  ...               86.63         2.58
60  2026-01-23 14:11:06       0m 26s  ...                0.61         0.02
61  2026-01-23 14:11:32       0m 30s  ...               28.01         0.73

[62 rows x 24 columns]
              timestamp time_elapsed  ... severity_rate_patch Gradient_sr2
0   2026-01-23 13:42:04       0m 25s  ...                1.74         0.04
1   2026-01-23 13:42:30       0m 25s  ...                4.36         0.11
2   2026-01-23 13:42:56       0m 26s  ...                0.85         0.02
3   2026-01-23 13:43:22       0m 29s  ...               25.47         0.67
4   2026-01-23 13:43:52       0m 30s  ...               37.39         0.99
..                  ...          ...  ...                 ...          ...
58  2026-01-23 14:09:58       0m 27s  ...                8.15         0.18
59  2026-01-23 14:10:25       0m 40s  ...               86.63         2.58
60  2026-01-23 14:11:06       0m 26s  ...                0.61         0.02
61  2026-01-23 14:11:32       0m 30s  ...               28.01         0.73
62  2026-01-23 14:12:02       0m 27s  ...               12.99         0.36

[63 rows x 24 columns]
[2026-01-23 14:16:59,394] - [root] - [INFO] - Analysis finished: 0m 26s
[2026-01-23 14:16:59,394] - [root] - [INFO] - -------------------------------------------
[2026-01-23 14:16:59,394] - [root] - [INFO] - -------------------------------------------
[2026-01-23 14:16:59,394] - [root] - [INFO] - Processing 1-22-2026 5dpi 174-W2021009-156_R2.png
[2026-01-23 14:17:15,827] - [root] - [INFO] - Finished loading mask: 0m 16s
[2026-01-23 14:17:24,409] - [root] - [INFO] - Finished crop and inference: 0m 25s
[2026-01-23 14:17:25,963] - [root] - [INFO] - Analysis finished: 0m 26s
[2026-01-23 14:17:25,964] - [root] - [INFO] - -------------------------------------------
[2026-01-23 14:17:25,964] - [root] - [INFO] - -------------------------------------------
[2026-01-23 14:17:25,964] - [root] - [INFO] - Processing 1-22-2026 5dpi 176-W2021009-256_R2.png
[2026-01-23 14:17:42,247] - [root] - [INFO] - Finished loading mask: 0m 16s
[2026-01-23 14:17:48,169] - [root] - [INFO] - Finished crop and inference: 0m 22s
[2026-01-23 14:17:49,702] - [root] - [INFO] - Analysis finished: 0m 23s
[2026-01-23 14:17:49,702] - [root] - [INFO] - -------------------------------------------
[2026-01-23 14:17:49,703] - [root] - [INFO] - -------------------------------------------
[2026-01-23 14:17:49,703] - [root] - [INFO] - Processing 1-22-2026 5dpi 177-W2021009-194_R1.png
[2026-01-23 14:18:06,703] - [root] - [INFO] - Finished loading mask: 0m 17s
[2026-01-23 14:18:15,735] - [root] - [INFO] - Finished crop and inference: 0m 26s
[2026-01-23 14:18:17,301] - [root] - [INFO] - Analysis finished: 0m 27s
[2026-01-23 14:18:17,301] - [root] - [INFO] - -------------------------------------------
[2026-01-23 14:18:17,302] - [root] - [INFO] - -------------------------------------------
[2026-01-23 14:18:17,302] - [root] - [INFO] - Processing 1-22-2026 5dpi 180-W2021009-152_R1.png
[2026-01-23 14:18:33,823] - [root] - [INFO] - Finished loading mask: 0m 16s
[2026-01-23 14:18:43,276] - [root] - [INFO] - Finished crop and inference: 0m 25s
[2026-01-23 14:18:44,765] - [root] - [INFO] - Analysis finished: 0m 27s
[2026-01-23 14:18:44,765] - [root] - [INFO] - -------------------------------------------
[2026-01-23 14:18:44,765] - [root] - [INFO] - -------------------------------------------
[2026-01-23 14:18:44,765] - [root] - [INFO] - Processing 1-22-2026 5dpi 180-W2021011-476_R2.png
[2026-01-23 14:19:02,722] - [root] - [INFO] - Finished loading mask: 0m 17s
[2026-01-23 14:19:18,834] - [root] - [INFO] - Finished crop and inference: 0m 34s
[2026-01-23 14:19:20,340] - [root] - [INFO] - Analysis finished: 0m 35s
[2026-01-23 14:19:20,341] - [root] - [INFO] - -------------------------------------------
[2026-01-23 14:19:20,341] - [root] - [INFO] - -------------------------------------------
[2026-01-23 14:19:20,341] - [root] - [INFO] - Processing 1-22-2026 5dpi 182-W2021009-251_R1.png
[2026-01-23 14:19:37,443] - [root] - [INFO] - Finished loading mask: 0m 17s
[2026-01-23 14:19:46,664] - [root] - [INFO] - Finished crop and inference: 0m 26s
[2026-01-23 14:19:48,173] - [root] - [INFO] - Analysis finished: 0m 27s
[2026-01-23 14:19:48,173] - [root] - [INFO] - -------------------------------------------
[2026-01-23 14:19:48,173] - [root] - [INFO] - -------------------------------------------
[2026-01-23 14:19:48,173] - [root] - [INFO] - Processing 1-22-2026 5dpi 183-W2021009-295_R1.png
[2026-01-23 14:20:04,671] - [root] - [INFO] - Finished loading mask: 0m 16s
[2026-01-23 14:20:12,446] - [root] - [INFO] - Finished crop and inference: 0m 24s
[2026-01-23 14:20:13,992] - [root] - [INFO] - Analysis finished: 0m 25s
[2026-01-23 14:20:13,992] - [root] - [INFO] - -------------------------------------------
[2026-01-23 14:20:13,992] - [root] - [INFO] - -------------------------------------------
[2026-01-23 14:20:13,992] - [root] - [INFO] - Processing 1-22-2026 5dpi 185-W2021009-199_R1.png
[2026-01-23 14:20:30,816] - [root] - [INFO] - Finished loading mask: 0m 16s
[2026-01-23 14:20:39,726] - [root] - [INFO] - Finished crop and inference: 0m 25s
              timestamp time_elapsed  ... severity_rate_patch Gradient_sr2
0   2026-01-23 13:42:04       0m 25s  ...                1.74         0.04
1   2026-01-23 13:42:30       0m 25s  ...                4.36         0.11
2   2026-01-23 13:42:56       0m 26s  ...                0.85         0.02
3   2026-01-23 13:43:22       0m 29s  ...               25.47         0.67
4   2026-01-23 13:43:52       0m 30s  ...               37.39         0.99
..                  ...          ...  ...                 ...          ...
59  2026-01-23 14:10:25       0m 40s  ...               86.63         2.58
60  2026-01-23 14:11:06       0m 26s  ...                0.61         0.02
61  2026-01-23 14:11:32       0m 30s  ...               28.01         0.73
62  2026-01-23 14:12:02       0m 27s  ...               12.99         0.36
63  2026-01-23 14:12:30       0m 26s  ...                2.62         0.07

[64 rows x 24 columns]
              timestamp time_elapsed  ... severity_rate_patch Gradient_sr2
0   2026-01-23 13:42:04       0m 25s  ...                1.74         0.04
1   2026-01-23 13:42:30       0m 25s  ...                4.36         0.11
2   2026-01-23 13:42:56       0m 26s  ...                0.85         0.02
3   2026-01-23 13:43:22       0m 29s  ...               25.47         0.67
4   2026-01-23 13:43:52       0m 30s  ...               37.39         0.99
..                  ...          ...  ...                 ...          ...
60  2026-01-23 14:11:06       0m 26s  ...                0.61         0.02
61  2026-01-23 14:11:32       0m 30s  ...               28.01         0.73
62  2026-01-23 14:12:02       0m 27s  ...               12.99         0.36
63  2026-01-23 14:12:30       0m 26s  ...                2.62         0.07
64  2026-01-23 14:12:57       0m 27s  ...               10.00         0.27

[65 rows x 24 columns]
              timestamp time_elapsed  ... severity_rate_patch Gradient_sr2
0   2026-01-23 13:42:04       0m 25s  ...                1.74         0.04
1   2026-01-23 13:42:30       0m 25s  ...                4.36         0.11
2   2026-01-23 13:42:56       0m 26s  ...                0.85         0.02
3   2026-01-23 13:43:22       0m 29s  ...               25.47         0.67
4   2026-01-23 13:43:52       0m 30s  ...               37.39         0.99
..                  ...          ...  ...                 ...          ...
61  2026-01-23 14:11:32       0m 30s  ...               28.01         0.73
62  2026-01-23 14:12:02       0m 27s  ...               12.99         0.36
63  2026-01-23 14:12:30       0m 26s  ...                2.62         0.07
64  2026-01-23 14:12:57       0m 27s  ...               10.00         0.27
65  2026-01-23 14:13:24       0m 27s  ...                7.64         0.19

[66 rows x 24 columns]
              timestamp time_elapsed  ... severity_rate_patch Gradient_sr2
0   2026-01-23 13:42:04       0m 25s  ...                1.74         0.04
1   2026-01-23 13:42:30       0m 25s  ...                4.36         0.11
2   2026-01-23 13:42:56       0m 26s  ...                0.85         0.02
3   2026-01-23 13:43:22       0m 29s  ...               25.47         0.67
4   2026-01-23 13:43:52       0m 30s  ...               37.39         0.99
..                  ...          ...  ...                 ...          ...
62  2026-01-23 14:12:02       0m 27s  ...               12.99         0.36
63  2026-01-23 14:12:30       0m 26s  ...                2.62         0.07
64  2026-01-23 14:12:57       0m 27s  ...               10.00         0.27
65  2026-01-23 14:13:24       0m 27s  ...                7.64         0.19
66  2026-01-23 14:13:51       0m 33s  ...               53.88         1.51

[67 rows x 24 columns]
              timestamp time_elapsed  ... severity_rate_patch Gradient_sr2
0   2026-01-23 13:42:04       0m 25s  ...                1.74         0.04
1   2026-01-23 13:42:30       0m 25s  ...                4.36         0.11
2   2026-01-23 13:42:56       0m 26s  ...                0.85         0.02
3   2026-01-23 13:43:22       0m 29s  ...               25.47         0.67
4   2026-01-23 13:43:52       0m 30s  ...               37.39         0.99
..                  ...          ...  ...                 ...          ...
63  2026-01-23 14:12:30       0m 26s  ...                2.62         0.07
64  2026-01-23 14:12:57       0m 27s  ...               10.00         0.27
65  2026-01-23 14:13:24       0m 27s  ...                7.64         0.19
66  2026-01-23 14:13:51       0m 33s  ...               53.88         1.51
67  2026-01-23 14:14:25       0m 25s  ...                2.18         0.06

[68 rows x 24 columns]
              timestamp time_elapsed  ... severity_rate_patch Gradient_sr2
0   2026-01-23 13:42:04       0m 25s  ...                1.74         0.04
1   2026-01-23 13:42:30       0m 25s  ...                4.36         0.11
2   2026-01-23 13:42:56       0m 26s  ...                0.85         0.02
3   2026-01-23 13:43:22       0m 29s  ...               25.47         0.67
4   2026-01-23 13:43:52       0m 30s  ...               37.39         0.99
..                  ...          ...  ...                 ...          ...
64  2026-01-23 14:12:57       0m 27s  ...               10.00         0.27
65  2026-01-23 14:13:24       0m 27s  ...                7.64         0.19
66  2026-01-23 14:13:51       0m 33s  ...               53.88         1.51
67  2026-01-23 14:14:25       0m 25s  ...                2.18         0.06
68  2026-01-23 14:14:50       0m 40s  ...               84.74         2.55

[69 rows x 24 columns]
              timestamp time_elapsed  ... severity_rate_patch Gradient_sr2
0   2026-01-23 13:42:04       0m 25s  ...                1.74         0.04
1   2026-01-23 13:42:30       0m 25s  ...                4.36         0.11
2   2026-01-23 13:42:56       0m 26s  ...                0.85         0.02
3   2026-01-23 13:43:22       0m 29s  ...               25.47         0.67
4   2026-01-23 13:43:52       0m 30s  ...               37.39         0.99
..                  ...          ...  ...                 ...          ...
65  2026-01-23 14:13:24       0m 27s  ...                7.64         0.19
66  2026-01-23 14:13:51       0m 33s  ...               53.88         1.51
67  2026-01-23 14:14:25       0m 25s  ...                2.18         0.06
68  2026-01-23 14:14:50       0m 40s  ...               84.74         2.55
69  2026-01-23 14:15:30       0m 33s  ...               57.21         1.60

[70 rows x 24 columns]
              timestamp time_elapsed  ... severity_rate_patch Gradient_sr2
0   2026-01-23 13:42:04       0m 25s  ...                1.74         0.04
1   2026-01-23 13:42:30       0m 25s  ...                4.36         0.11
2   2026-01-23 13:42:56       0m 26s  ...                0.85         0.02
3   2026-01-23 13:43:22       0m 29s  ...               25.47         0.67
4   2026-01-23 13:43:52       0m 30s  ...               37.39         0.99
..                  ...          ...  ...                 ...          ...
66  2026-01-23 14:13:51       0m 33s  ...               53.88         1.51
67  2026-01-23 14:14:25       0m 25s  ...                2.18         0.06
68  2026-01-23 14:14:50       0m 40s  ...               84.74         2.55
69  2026-01-23 14:15:30       0m 33s  ...               57.21         1.60
70  2026-01-23 14:16:04       0m 28s  ...                8.76         0.24

[71 rows x 24 columns]
[2026-01-23 14:20:41,256] - [root] - [INFO] - Analysis finished: 0m 27s
[2026-01-23 14:20:41,256] - [root] - [INFO] - -------------------------------------------
[2026-01-23 14:20:41,256] - [root] - [INFO] - -------------------------------------------
[2026-01-23 14:20:41,256] - [root] - [INFO] - Processing 1-22-2026 5dpi 185-W2021009-291_R2.png
[2026-01-23 14:20:58,377] - [root] - [INFO] - Finished loading mask: 0m 17s
[2026-01-23 14:21:07,761] - [root] - [INFO] - Finished crop and inference: 0m 26s
[2026-01-23 14:21:09,271] - [root] - [INFO] - Analysis finished: 0m 28s
[2026-01-23 14:21:09,271] - [root] - [INFO] - -------------------------------------------
[2026-01-23 14:21:09,272] - [root] - [INFO] - -------------------------------------------
[2026-01-23 14:21:09,272] - [root] - [INFO] - Processing 1-22-2026 5dpi 187-W2021010-348_R2.png
[2026-01-23 14:21:27,207] - [root] - [INFO] - Finished loading mask: 0m 17s
[2026-01-23 14:21:45,218] - [root] - [INFO] - Finished crop and inference: 0m 35s
[2026-01-23 14:21:46,829] - [root] - [INFO] - Analysis finished: 0m 37s
[2026-01-23 14:21:46,829] - [root] - [INFO] - -------------------------------------------
[2026-01-23 14:21:46,829] - [root] - [INFO] - -------------------------------------------
[2026-01-23 14:21:46,830] - [root] - [INFO] - Processing 1-22-2026 5dpi 191-W2021010-426_R2.png
[2026-01-23 14:22:03,822] - [root] - [INFO] - Finished loading mask: 0m 16s
[2026-01-23 14:22:13,725] - [root] - [INFO] - Finished crop and inference: 0m 26s
[2026-01-23 14:22:15,257] - [root] - [INFO] - Analysis finished: 0m 28s
[2026-01-23 14:22:15,258] - [root] - [INFO] - -------------------------------------------
[2026-01-23 14:22:15,258] - [root] - [INFO] - -------------------------------------------
[2026-01-23 14:22:15,258] - [root] - [INFO] - Processing 1-22-2026 5dpi 191-W2021010-449_R1.png
[2026-01-23 14:22:32,618] - [root] - [INFO] - Finished loading mask: 0m 17s
[2026-01-23 14:22:43,880] - [root] - [INFO] - Finished crop and inference: 0m 28s
[2026-01-23 14:22:45,434] - [root] - [INFO] - Analysis finished: 0m 30s
[2026-01-23 14:22:45,434] - [root] - [INFO] - -------------------------------------------
[2026-01-23 14:22:45,434] - [root] - [INFO] - -------------------------------------------
[2026-01-23 14:22:45,434] - [root] - [INFO] - Processing 1-22-2026 5dpi 192-W2021006-005_R1.png
[2026-01-23 14:23:01,972] - [root] - [INFO] - Finished loading mask: 0m 16s
[2026-01-23 14:23:10,066] - [root] - [INFO] - Finished crop and inference: 0m 24s
[2026-01-23 14:23:11,575] - [root] - [INFO] - Analysis finished: 0m 26s
[2026-01-23 14:23:11,575] - [root] - [INFO] - -------------------------------------------
[2026-01-23 14:23:11,575] - [root] - [INFO] - -------------------------------------------
[2026-01-23 14:23:11,575] - [root] - [INFO] - Processing 1-22-2026 5dpi 206-W2021010-344_R1.png
[2026-01-23 14:23:28,738] - [root] - [INFO] - Finished loading mask: 0m 17s
[2026-01-23 14:23:36,944] - [root] - [INFO] - Finished crop and inference: 0m 25s
[2026-01-23 14:23:38,537] - [root] - [INFO] - Analysis finished: 0m 26s
[2026-01-23 14:23:38,537] - [root] - [INFO] - -------------------------------------------
[2026-01-23 14:23:38,537] - [root] - [INFO] - -------------------------------------------
[2026-01-23 14:23:38,537] - [root] - [INFO] - Processing 1-22-2026 5dpi 207-W2021009-287_R2.png
[2026-01-23 14:23:55,171] - [root] - [INFO] - Finished loading mask: 0m 16s
[2026-01-23 14:24:03,275] - [root] - [INFO] - Finished crop and inference: 0m 24s
[2026-01-23 14:24:04,819] - [root] - [INFO] - Analysis finished: 0m 26s
[2026-01-23 14:24:04,819] - [root] - [INFO] - -------------------------------------------
[2026-01-23 14:24:04,819] - [root] - [INFO] - -------------------------------------------
[2026-01-23 14:24:04,820] - [root] - [INFO] - Processing 1-22-2026 5dpi 208-W2021009-268_R2.png
[2026-01-23 14:24:21,719] - [root] - [INFO] - Finished loading mask: 0m 16s
[2026-01-23 14:24:33,631] - [root] - [INFO] - Finished crop and inference: 0m 28s
              timestamp time_elapsed  ... severity_rate_patch Gradient_sr2
0   2026-01-23 13:42:04       0m 25s  ...                1.74         0.04
1   2026-01-23 13:42:30       0m 25s  ...                4.36         0.11
2   2026-01-23 13:42:56       0m 26s  ...                0.85         0.02
3   2026-01-23 13:43:22       0m 29s  ...               25.47         0.67
4   2026-01-23 13:43:52       0m 30s  ...               37.39         0.99
..                  ...          ...  ...                 ...          ...
67  2026-01-23 14:14:25       0m 25s  ...                2.18         0.06
68  2026-01-23 14:14:50       0m 40s  ...               84.74         2.55
69  2026-01-23 14:15:30       0m 33s  ...               57.21         1.60
70  2026-01-23 14:16:04       0m 28s  ...                8.76         0.24
71  2026-01-23 14:16:32       0m 26s  ...                1.50         0.04

[72 rows x 24 columns]
              timestamp time_elapsed  ... severity_rate_patch Gradient_sr2
0   2026-01-23 13:42:04       0m 25s  ...                1.74         0.04
1   2026-01-23 13:42:30       0m 25s  ...                4.36         0.11
2   2026-01-23 13:42:56       0m 26s  ...                0.85         0.02
3   2026-01-23 13:43:22       0m 29s  ...               25.47         0.67
4   2026-01-23 13:43:52       0m 30s  ...               37.39         0.99
..                  ...          ...  ...                 ...          ...
68  2026-01-23 14:14:50       0m 40s  ...               84.74         2.55
69  2026-01-23 14:15:30       0m 33s  ...               57.21         1.60
70  2026-01-23 14:16:04       0m 28s  ...                8.76         0.24
71  2026-01-23 14:16:32       0m 26s  ...                1.50         0.04
72  2026-01-23 14:16:59       0m 26s  ...               15.38         0.37

[73 rows x 24 columns]
              timestamp time_elapsed  ... severity_rate_patch Gradient_sr2
0   2026-01-23 13:42:04       0m 25s  ...                1.74         0.04
1   2026-01-23 13:42:30       0m 25s  ...                4.36         0.11
2   2026-01-23 13:42:56       0m 26s  ...                0.85         0.02
3   2026-01-23 13:43:22       0m 29s  ...               25.47         0.67
4   2026-01-23 13:43:52       0m 30s  ...               37.39         0.99
..                  ...          ...  ...                 ...          ...
69  2026-01-23 14:15:30       0m 33s  ...               57.21         1.60
70  2026-01-23 14:16:04       0m 28s  ...                8.76         0.24
71  2026-01-23 14:16:32       0m 26s  ...                1.50         0.04
72  2026-01-23 14:16:59       0m 26s  ...               15.38         0.37
73  2026-01-23 14:17:25       0m 23s  ...                3.06         0.08

[74 rows x 24 columns]
              timestamp time_elapsed  ... severity_rate_patch Gradient_sr2
0   2026-01-23 13:42:04       0m 25s  ...                1.74         0.04
1   2026-01-23 13:42:30       0m 25s  ...                4.36         0.11
2   2026-01-23 13:42:56       0m 26s  ...                0.85         0.02
3   2026-01-23 13:43:22       0m 29s  ...               25.47         0.67
4   2026-01-23 13:43:52       0m 30s  ...               37.39         0.99
..                  ...          ...  ...                 ...          ...
70  2026-01-23 14:16:04       0m 28s  ...                8.76         0.24
71  2026-01-23 14:16:32       0m 26s  ...                1.50         0.04
72  2026-01-23 14:16:59       0m 26s  ...               15.38         0.37
73  2026-01-23 14:17:25       0m 23s  ...                3.06         0.08
74  2026-01-23 14:17:49       0m 27s  ...               13.43         0.36

[75 rows x 24 columns]
              timestamp time_elapsed  ... severity_rate_patch Gradient_sr2
0   2026-01-23 13:42:04       0m 25s  ...                1.74         0.04
1   2026-01-23 13:42:30       0m 25s  ...                4.36         0.11
2   2026-01-23 13:42:56       0m 26s  ...                0.85         0.02
3   2026-01-23 13:43:22       0m 29s  ...               25.47         0.67
4   2026-01-23 13:43:52       0m 30s  ...               37.39         0.99
..                  ...          ...  ...                 ...          ...
71  2026-01-23 14:16:32       0m 26s  ...                1.50         0.04
72  2026-01-23 14:16:59       0m 26s  ...               15.38         0.37
73  2026-01-23 14:17:25       0m 23s  ...                3.06         0.08
74  2026-01-23 14:17:49       0m 27s  ...               13.43         0.36
75  2026-01-23 14:18:17       0m 27s  ...               24.95         0.55

[76 rows x 24 columns]
              timestamp time_elapsed  ... severity_rate_patch Gradient_sr2
0   2026-01-23 13:42:04       0m 25s  ...                1.74         0.04
1   2026-01-23 13:42:30       0m 25s  ...                4.36         0.11
2   2026-01-23 13:42:56       0m 26s  ...                0.85         0.02
3   2026-01-23 13:43:22       0m 29s  ...               25.47         0.67
4   2026-01-23 13:43:52       0m 30s  ...               37.39         0.99
..                  ...          ...  ...                 ...          ...
72  2026-01-23 14:16:59       0m 26s  ...               15.38         0.37
73  2026-01-23 14:17:25       0m 23s  ...                3.06         0.08
74  2026-01-23 14:17:49       0m 27s  ...               13.43         0.36
75  2026-01-23 14:18:17       0m 27s  ...               24.95         0.55
76  2026-01-23 14:18:44       0m 35s  ...               79.18         2.11

[77 rows x 24 columns]
              timestamp time_elapsed  ... severity_rate_patch Gradient_sr2
0   2026-01-23 13:42:04       0m 25s  ...                1.74         0.04
1   2026-01-23 13:42:30       0m 25s  ...                4.36         0.11
2   2026-01-23 13:42:56       0m 26s  ...                0.85         0.02
3   2026-01-23 13:43:22       0m 29s  ...               25.47         0.67
4   2026-01-23 13:43:52       0m 30s  ...               37.39         0.99
..                  ...          ...  ...                 ...          ...
73  2026-01-23 14:17:25       0m 23s  ...                3.06         0.08
74  2026-01-23 14:17:49       0m 27s  ...               13.43         0.36
75  2026-01-23 14:18:17       0m 27s  ...               24.95         0.55
76  2026-01-23 14:18:44       0m 35s  ...               79.18         2.11
77  2026-01-23 14:19:20       0m 27s  ...                4.96         0.12

[78 rows x 24 columns]
              timestamp time_elapsed  ... severity_rate_patch Gradient_sr2
0   2026-01-23 13:42:04       0m 25s  ...                1.74         0.04
1   2026-01-23 13:42:30       0m 25s  ...                4.36         0.11
2   2026-01-23 13:42:56       0m 26s  ...                0.85         0.02
3   2026-01-23 13:43:22       0m 29s  ...               25.47         0.67
4   2026-01-23 13:43:52       0m 30s  ...               37.39         0.99
..                  ...          ...  ...                 ...          ...
74  2026-01-23 14:17:49       0m 27s  ...               13.43         0.36
75  2026-01-23 14:18:17       0m 27s  ...               24.95         0.55
76  2026-01-23 14:18:44       0m 35s  ...               79.18         2.11
77  2026-01-23 14:19:20       0m 27s  ...                4.96         0.12
78  2026-01-23 14:19:48       0m 25s  ...                6.35         0.16

[79 rows x 24 columns]
[2026-01-23 14:24:35,118] - [root] - [INFO] - Analysis finished: 0m 30s
[2026-01-23 14:24:35,118] - [root] - [INFO] - -------------------------------------------
[2026-01-23 14:24:35,118] - [root] - [INFO] - -------------------------------------------
[2026-01-23 14:24:35,118] - [root] - [INFO] - Processing 1-22-2026 5dpi 209-W2021010-439_R2.png
[2026-01-23 14:24:52,736] - [root] - [INFO] - Finished loading mask: 0m 17s
[2026-01-23 14:25:05,910] - [root] - [INFO] - Finished crop and inference: 0m 30s
[2026-01-23 14:25:07,410] - [root] - [INFO] - Analysis finished: 0m 32s
[2026-01-23 14:25:07,410] - [root] - [INFO] - -------------------------------------------
[2026-01-23 14:25:07,411] - [root] - [INFO] - -------------------------------------------
[2026-01-23 14:25:07,411] - [root] - [INFO] - Processing 1-22-2026 5dpi 211-W2021011-598_R2.png
[2026-01-23 14:25:24,545] - [root] - [INFO] - Finished loading mask: 0m 17s
[2026-01-23 14:25:34,913] - [root] - [INFO] - Finished crop and inference: 0m 27s
[2026-01-23 14:25:36,399] - [root] - [INFO] - Analysis finished: 0m 28s
[2026-01-23 14:25:36,399] - [root] - [INFO] - -------------------------------------------
[2026-01-23 14:25:36,399] - [root] - [INFO] - -------------------------------------------
[2026-01-23 14:25:36,399] - [root] - [INFO] - Processing 1-22-2026 5dpi 215-W2021006-045_R2.png
[2026-01-23 14:25:53,430] - [root] - [INFO] - Finished loading mask: 0m 17s
[2026-01-23 14:26:02,226] - [root] - [INFO] - Finished crop and inference: 0m 25s
[2026-01-23 14:26:03,724] - [root] - [INFO] - Analysis finished: 0m 27s
[2026-01-23 14:26:03,724] - [root] - [INFO] - -------------------------------------------
[2026-01-23 14:26:03,724] - [root] - [INFO] - -------------------------------------------
[2026-01-23 14:26:03,724] - [root] - [INFO] - Processing 1-22-2026 5dpi 223-W2021010-442_R2.png
[2026-01-23 14:26:21,149] - [root] - [INFO] - Finished loading mask: 0m 17s
[2026-01-23 14:26:33,706] - [root] - [INFO] - Finished crop and inference: 0m 29s
[2026-01-23 14:26:35,206] - [root] - [INFO] - Analysis finished: 0m 31s
[2026-01-23 14:26:35,206] - [root] - [INFO] - -------------------------------------------
[2026-01-23 14:26:35,207] - [root] - [INFO] - -------------------------------------------
[2026-01-23 14:26:35,207] - [root] - [INFO] - Processing 1-22-2026 5dpi 226-W2021010-435_R1.png
[2026-01-23 14:26:52,164] - [root] - [INFO] - Finished loading mask: 0m 16s
[2026-01-23 14:27:01,402] - [root] - [INFO] - Finished crop and inference: 0m 26s
[2026-01-23 14:27:02,896] - [root] - [INFO] - Analysis finished: 0m 27s
[2026-01-23 14:27:02,896] - [root] - [INFO] - -------------------------------------------
[2026-01-23 14:27:02,896] - [root] - [INFO] - -------------------------------------------
[2026-01-23 14:27:02,896] - [root] - [INFO] - Processing 1-22-2026 5dpi 230-W2021010-373_R2.png
[2026-01-23 14:27:20,997] - [root] - [INFO] - Finished loading mask: 0m 18s
[2026-01-23 14:27:42,643] - [root] - [INFO] - Finished crop and inference: 0m 39s
[2026-01-23 14:27:44,179] - [root] - [INFO] - Analysis finished: 0m 41s
[2026-01-23 14:27:44,179] - [root] - [INFO] - -------------------------------------------
[2026-01-23 14:27:44,180] - [root] - [INFO] - -------------------------------------------
[2026-01-23 14:27:44,180] - [root] - [INFO] - Processing 1-22-2026 5dpi 233-W2021009-215_R2.png
[2026-01-23 14:28:01,105] - [root] - [INFO] - Finished loading mask: 0m 16s
[2026-01-23 14:28:11,322] - [root] - [INFO] - Finished crop and inference: 0m 27s
[2026-01-23 14:28:12,759] - [root] - [INFO] - Analysis finished: 0m 28s
[2026-01-23 14:28:12,759] - [root] - [INFO] - -------------------------------------------
[2026-01-23 14:28:12,759] - [root] - [INFO] - -------------------------------------------
[2026-01-23 14:28:12,760] - [root] - [INFO] - Processing 1-22-2026 5dpi 240-Symphony_R2.png
[2026-01-23 14:28:30,996] - [root] - [INFO] - Finished loading mask: 0m 18s
[2026-01-23 14:28:50,320] - [root] - [INFO] - Finished crop and inference: 0m 37s
              timestamp time_elapsed  ... severity_rate_patch Gradient_sr2
0   2026-01-23 13:42:04       0m 25s  ...                1.74         0.04
1   2026-01-23 13:42:30       0m 25s  ...                4.36         0.11
2   2026-01-23 13:42:56       0m 26s  ...                0.85         0.02
3   2026-01-23 13:43:22       0m 29s  ...               25.47         0.67
4   2026-01-23 13:43:52       0m 30s  ...               37.39         0.99
..                  ...          ...  ...                 ...          ...
75  2026-01-23 14:18:17       0m 27s  ...               24.95         0.55
76  2026-01-23 14:18:44       0m 35s  ...               79.18         2.11
77  2026-01-23 14:19:20       0m 27s  ...                4.96         0.12
78  2026-01-23 14:19:48       0m 25s  ...                6.35         0.16
79  2026-01-23 14:20:13       0m 27s  ...               13.00         0.28

[80 rows x 24 columns]
              timestamp time_elapsed  ... severity_rate_patch Gradient_sr2
0   2026-01-23 13:42:04       0m 25s  ...                1.74         0.04
1   2026-01-23 13:42:30       0m 25s  ...                4.36         0.11
2   2026-01-23 13:42:56       0m 26s  ...                0.85         0.02
3   2026-01-23 13:43:22       0m 29s  ...               25.47         0.67
4   2026-01-23 13:43:52       0m 30s  ...               37.39         0.99
..                  ...          ...  ...                 ...          ...
76  2026-01-23 14:18:44       0m 35s  ...               79.18         2.11
77  2026-01-23 14:19:20       0m 27s  ...                4.96         0.12
78  2026-01-23 14:19:48       0m 25s  ...                6.35         0.16
79  2026-01-23 14:20:13       0m 27s  ...               13.00         0.28
80  2026-01-23 14:20:41       0m 27s  ...                5.94         0.15

[81 rows x 24 columns]
              timestamp time_elapsed  ... severity_rate_patch Gradient_sr2
0   2026-01-23 13:42:04       0m 25s  ...                1.74         0.04
1   2026-01-23 13:42:30       0m 25s  ...                4.36         0.11
2   2026-01-23 13:42:56       0m 26s  ...                0.85         0.02
3   2026-01-23 13:43:22       0m 29s  ...               25.47         0.67
4   2026-01-23 13:43:52       0m 30s  ...               37.39         0.99
..                  ...          ...  ...                 ...          ...
77  2026-01-23 14:19:20       0m 27s  ...                4.96         0.12
78  2026-01-23 14:19:48       0m 25s  ...                6.35         0.16
79  2026-01-23 14:20:13       0m 27s  ...               13.00         0.28
80  2026-01-23 14:20:41       0m 27s  ...                5.94         0.15
81  2026-01-23 14:21:09       0m 37s  ...               85.45         2.49

[82 rows x 24 columns]
              timestamp time_elapsed  ... severity_rate_patch Gradient_sr2
0   2026-01-23 13:42:04       0m 25s  ...                1.74         0.04
1   2026-01-23 13:42:30       0m 25s  ...                4.36         0.11
2   2026-01-23 13:42:56       0m 26s  ...                0.85         0.02
3   2026-01-23 13:43:22       0m 29s  ...               25.47         0.67
4   2026-01-23 13:43:52       0m 30s  ...               37.39         0.99
..                  ...          ...  ...                 ...          ...
78  2026-01-23 14:19:48       0m 25s  ...                6.35         0.16
79  2026-01-23 14:20:13       0m 27s  ...               13.00         0.28
80  2026-01-23 14:20:41       0m 27s  ...                5.94         0.15
81  2026-01-23 14:21:09       0m 37s  ...               85.45         2.49
82  2026-01-23 14:21:46       0m 28s  ...                9.54         0.25

[83 rows x 24 columns]
              timestamp time_elapsed  ... severity_rate_patch Gradient_sr2
0   2026-01-23 13:42:04       0m 25s  ...                1.74         0.04
1   2026-01-23 13:42:30       0m 25s  ...                4.36         0.11
2   2026-01-23 13:42:56       0m 26s  ...                0.85         0.02
3   2026-01-23 13:43:22       0m 29s  ...               25.47         0.67
4   2026-01-23 13:43:52       0m 30s  ...               37.39         0.99
..                  ...          ...  ...                 ...          ...
79  2026-01-23 14:20:13       0m 27s  ...               13.00         0.28
80  2026-01-23 14:20:41       0m 27s  ...                5.94         0.15
81  2026-01-23 14:21:09       0m 37s  ...               85.45         2.49
82  2026-01-23 14:21:46       0m 28s  ...                9.54         0.25
83  2026-01-23 14:22:15       0m 30s  ...               23.32         0.63

[84 rows x 24 columns]
              timestamp time_elapsed  ... severity_rate_patch Gradient_sr2
0   2026-01-23 13:42:04       0m 25s  ...                1.74         0.04
1   2026-01-23 13:42:30       0m 25s  ...                4.36         0.11
2   2026-01-23 13:42:56       0m 26s  ...                0.85         0.02
3   2026-01-23 13:43:22       0m 29s  ...               25.47         0.67
4   2026-01-23 13:43:52       0m 30s  ...               37.39         0.99
..                  ...          ...  ...                 ...          ...
80  2026-01-23 14:20:41       0m 27s  ...                5.94         0.15
81  2026-01-23 14:21:09       0m 37s  ...               85.45         2.49
82  2026-01-23 14:21:46       0m 28s  ...                9.54         0.25
83  2026-01-23 14:22:15       0m 30s  ...               23.32         0.63
84  2026-01-23 14:22:45       0m 26s  ...                7.13         0.16

[85 rows x 24 columns]
              timestamp time_elapsed  ... severity_rate_patch Gradient_sr2
0   2026-01-23 13:42:04       0m 25s  ...                1.74         0.04
1   2026-01-23 13:42:30       0m 25s  ...                4.36         0.11
2   2026-01-23 13:42:56       0m 26s  ...                0.85         0.02
3   2026-01-23 13:43:22       0m 29s  ...               25.47         0.67
4   2026-01-23 13:43:52       0m 30s  ...               37.39         0.99
..                  ...          ...  ...                 ...          ...
81  2026-01-23 14:21:09       0m 37s  ...               85.45         2.49
82  2026-01-23 14:21:46       0m 28s  ...                9.54         0.25
83  2026-01-23 14:22:15       0m 30s  ...               23.32         0.63
84  2026-01-23 14:22:45       0m 26s  ...                7.13         0.16
85  2026-01-23 14:23:11       0m 26s  ...                6.06         0.16

[86 rows x 24 columns]
              timestamp time_elapsed  ... severity_rate_patch Gradient_sr2
0   2026-01-23 13:42:04       0m 25s  ...                1.74         0.04
1   2026-01-23 13:42:30       0m 25s  ...                4.36         0.11
2   2026-01-23 13:42:56       0m 26s  ...                0.85         0.02
3   2026-01-23 13:43:22       0m 29s  ...               25.47         0.67
4   2026-01-23 13:43:52       0m 30s  ...               37.39         0.99
..                  ...          ...  ...                 ...          ...
82  2026-01-23 14:21:46       0m 28s  ...                9.54         0.25
83  2026-01-23 14:22:15       0m 30s  ...               23.32         0.63
84  2026-01-23 14:22:45       0m 26s  ...                7.13         0.16
85  2026-01-23 14:23:11       0m 26s  ...                6.06         0.16
86  2026-01-23 14:23:38       0m 26s  ...                1.20         0.03

[87 rows x 24 columns]
[2026-01-23 14:28:51,887] - [root] - [INFO] - Analysis finished: 0m 39s
[2026-01-23 14:28:51,887] - [root] - [INFO] - -------------------------------------------
[2026-01-23 14:28:51,887] - [root] - [INFO] - -------------------------------------------
[2026-01-23 14:28:51,887] - [root] - [INFO] - Processing 1-22-2026 5dpi 254-W2021010-352_R2.png
[2026-01-23 14:29:08,177] - [root] - [INFO] - Finished loading mask: 0m 16s
[2026-01-23 14:29:15,137] - [root] - [INFO] - Finished crop and inference: 0m 23s
[2026-01-23 14:29:16,675] - [root] - [INFO] - Analysis finished: 0m 24s
[2026-01-23 14:29:16,675] - [root] - [INFO] - -------------------------------------------
[2026-01-23 14:29:16,675] - [root] - [INFO] - -------------------------------------------
[2026-01-23 14:29:16,675] - [root] - [INFO] - Processing 1-22-2026 5dpi 266-W2021009-193_R1.png
[2026-01-23 14:29:33,633] - [root] - [INFO] - Finished loading mask: 0m 16s
[2026-01-23 14:29:42,110] - [root] - [INFO] - Finished crop and inference: 0m 25s
[2026-01-23 14:29:43,633] - [root] - [INFO] - Analysis finished: 0m 26s
[2026-01-23 14:29:43,633] - [root] - [INFO] - -------------------------------------------
[2026-01-23 14:29:43,633] - [root] - [INFO] - -------------------------------------------
[2026-01-23 14:29:43,633] - [root] - [INFO] - Processing 1-22-2026 5dpi 313-W2021010-343_R1.png
[2026-01-23 14:29:59,885] - [root] - [INFO] - Finished loading mask: 0m 16s
[2026-01-23 14:30:07,674] - [root] - [INFO] - Finished crop and inference: 0m 24s
[2026-01-23 14:30:09,245] - [root] - [INFO] - Analysis finished: 0m 25s
[2026-01-23 14:30:09,245] - [root] - [INFO] - -------------------------------------------
[2026-01-23 14:30:09,245] - [root] - [INFO] - -------------------------------------------
[2026-01-23 14:30:09,245] - [root] - [INFO] - Processing 1-22-2026 5dpi 336-W2021011-506_R2.png
[2026-01-23 14:30:26,487] - [root] - [INFO] - Finished loading mask: 0m 17s
[2026-01-23 14:30:40,495] - [root] - [INFO] - Finished crop and inference: 0m 31s
[2026-01-23 14:30:41,878] - [root] - [INFO] - Analysis finished: 0m 32s
[2026-01-23 14:30:41,878] - [root] - [INFO] - -------------------------------------------
[2026-01-23 14:30:41,892] - [root] - [INFO] - Saved C:\Users\Intel User\Desktop\blackbird_scripts\data\Results\ResNet_upth0.6_downth0.1_Jan22_10-21-00_2026\1-22-2026\th_0.7\severity_rate_tray_5dpi.csv
              timestamp time_elapsed  ... severity_rate_patch Gradient_sr2
0   2026-01-23 13:42:04       0m 25s  ...                1.74         0.04
1   2026-01-23 13:42:30       0m 25s  ...                4.36         0.11
2   2026-01-23 13:42:56       0m 26s  ...                0.85         0.02
3   2026-01-23 13:43:22       0m 29s  ...               25.47         0.67
4   2026-01-23 13:43:52       0m 30s  ...               37.39         0.99
..                  ...          ...  ...                 ...          ...
83  2026-01-23 14:22:15       0m 30s  ...               23.32         0.63
84  2026-01-23 14:22:45       0m 26s  ...                7.13         0.16
85  2026-01-23 14:23:11       0m 26s  ...                6.06         0.16
86  2026-01-23 14:23:38       0m 26s  ...                1.20         0.03
87  2026-01-23 14:24:04       0m 30s  ...               31.65         0.76

[88 rows x 24 columns]
              timestamp time_elapsed  ... severity_rate_patch Gradient_sr2
0   2026-01-23 13:42:04       0m 25s  ...                1.74         0.04
1   2026-01-23 13:42:30       0m 25s  ...                4.36         0.11
2   2026-01-23 13:42:56       0m 26s  ...                0.85         0.02
3   2026-01-23 13:43:22       0m 29s  ...               25.47         0.67
4   2026-01-23 13:43:52       0m 30s  ...               37.39         0.99
..                  ...          ...  ...                 ...          ...
84  2026-01-23 14:22:45       0m 26s  ...                7.13         0.16
85  2026-01-23 14:23:11       0m 26s  ...                6.06         0.16
86  2026-01-23 14:23:38       0m 26s  ...                1.20         0.03
87  2026-01-23 14:24:04       0m 30s  ...               31.65         0.76
88  2026-01-23 14:24:35       0m 32s  ...               42.68         1.19

[89 rows x 24 columns]
              timestamp time_elapsed  ... severity_rate_patch Gradient_sr2
0   2026-01-23 13:42:04       0m 25s  ...                1.74         0.04
1   2026-01-23 13:42:30       0m 25s  ...                4.36         0.11
2   2026-01-23 13:42:56       0m 26s  ...                0.85         0.02
3   2026-01-23 13:43:22       0m 29s  ...               25.47         0.67
4   2026-01-23 13:43:52       0m 30s  ...               37.39         0.99
..                  ...          ...  ...                 ...          ...
85  2026-01-23 14:23:11       0m 26s  ...                6.06         0.16
86  2026-01-23 14:23:38       0m 26s  ...                1.20         0.03
87  2026-01-23 14:24:04       0m 30s  ...               31.65         0.76
88  2026-01-23 14:24:35       0m 32s  ...               42.68         1.19
89  2026-01-23 14:25:07       0m 28s  ...               14.13         0.40

[90 rows x 24 columns]
              timestamp time_elapsed  ... severity_rate_patch Gradient_sr2
0   2026-01-23 13:42:04       0m 25s  ...                1.74         0.04
1   2026-01-23 13:42:30       0m 25s  ...                4.36         0.11
2   2026-01-23 13:42:56       0m 26s  ...                0.85         0.02
3   2026-01-23 13:43:22       0m 29s  ...               25.47         0.67
4   2026-01-23 13:43:52       0m 30s  ...               37.39         0.99
..                  ...          ...  ...                 ...          ...
86  2026-01-23 14:23:38       0m 26s  ...                1.20         0.03
87  2026-01-23 14:24:04       0m 30s  ...               31.65         0.76
88  2026-01-23 14:24:35       0m 32s  ...               42.68         1.19
89  2026-01-23 14:25:07       0m 28s  ...               14.13         0.40
90  2026-01-23 14:25:36       0m 27s  ...               11.52         0.30

[91 rows x 24 columns]
              timestamp time_elapsed  ... severity_rate_patch Gradient_sr2
0   2026-01-23 13:42:04       0m 25s  ...                1.74         0.04
1   2026-01-23 13:42:30       0m 25s  ...                4.36         0.11
2   2026-01-23 13:42:56       0m 26s  ...                0.85         0.02
3   2026-01-23 13:43:22       0m 29s  ...               25.47         0.67
4   2026-01-23 13:43:52       0m 30s  ...               37.39         0.99
..                  ...          ...  ...                 ...          ...
87  2026-01-23 14:24:04       0m 30s  ...               31.65         0.76
88  2026-01-23 14:24:35       0m 32s  ...               42.68         1.19
89  2026-01-23 14:25:07       0m 28s  ...               14.13         0.40
90  2026-01-23 14:25:36       0m 27s  ...               11.52         0.30
91  2026-01-23 14:26:03       0m 31s  ...               45.04         1.15

[92 rows x 24 columns]
              timestamp time_elapsed  ... severity_rate_patch Gradient_sr2
0   2026-01-23 13:42:04       0m 25s  ...                1.74         0.04
1   2026-01-23 13:42:30       0m 25s  ...                4.36         0.11
2   2026-01-23 13:42:56       0m 26s  ...                0.85         0.02
3   2026-01-23 13:43:22       0m 29s  ...               25.47         0.67
4   2026-01-23 13:43:52       0m 30s  ...               37.39         0.99
..                  ...          ...  ...                 ...          ...
88  2026-01-23 14:24:35       0m 32s  ...               42.68         1.19
89  2026-01-23 14:25:07       0m 28s  ...               14.13         0.40
90  2026-01-23 14:25:36       0m 27s  ...               11.52         0.30
91  2026-01-23 14:26:03       0m 31s  ...               45.04         1.15
92  2026-01-23 14:26:35       0m 27s  ...               13.53         0.35

[93 rows x 24 columns]
              timestamp time_elapsed  ... severity_rate_patch Gradient_sr2
0   2026-01-23 13:42:04       0m 25s  ...                1.74         0.04
1   2026-01-23 13:42:30       0m 25s  ...                4.36         0.11
2   2026-01-23 13:42:56       0m 26s  ...                0.85         0.02
3   2026-01-23 13:43:22       0m 29s  ...               25.47         0.67
4   2026-01-23 13:43:52       0m 30s  ...               37.39         0.99
..                  ...          ...  ...                 ...          ...
89  2026-01-23 14:25:07       0m 28s  ...               14.13         0.40
90  2026-01-23 14:25:36       0m 27s  ...               11.52         0.30
91  2026-01-23 14:26:03       0m 31s  ...               45.04         1.15
92  2026-01-23 14:26:35       0m 27s  ...               13.53         0.35
93  2026-01-23 14:27:02       0m 41s  ...               98.85         3.19

[94 rows x 24 columns]
              timestamp time_elapsed  ... severity_rate_patch Gradient_sr2
0   2026-01-23 13:42:04       0m 25s  ...                1.74         0.04
1   2026-01-23 13:42:30       0m 25s  ...                4.36         0.11
2   2026-01-23 13:42:56       0m 26s  ...                0.85         0.02
3   2026-01-23 13:43:22       0m 29s  ...               25.47         0.67
4   2026-01-23 13:43:52       0m 30s  ...               37.39         0.99
..                  ...          ...  ...                 ...          ...
90  2026-01-23 14:25:36       0m 27s  ...               11.52         0.30
91  2026-01-23 14:26:03       0m 31s  ...               45.04         1.15
92  2026-01-23 14:26:35       0m 27s  ...               13.53         0.35
93  2026-01-23 14:27:02       0m 41s  ...               98.85         3.19
94  2026-01-23 14:27:44       0m 28s  ...               17.16         0.48

[95 rows x 24 columns]
              timestamp time_elapsed  ... severity_rate_patch Gradient_sr2
0   2026-01-23 13:42:04       0m 25s  ...                1.74         0.04
1   2026-01-23 13:42:30       0m 25s  ...                4.36         0.11
2   2026-01-23 13:42:56       0m 26s  ...                0.85         0.02
3   2026-01-23 13:43:22       0m 29s  ...               25.47         0.67
4   2026-01-23 13:43:52       0m 30s  ...               37.39         0.99
..                  ...          ...  ...                 ...          ...
91  2026-01-23 14:26:03       0m 31s  ...               45.04         1.15
92  2026-01-23 14:26:35       0m 27s  ...               13.53         0.35
93  2026-01-23 14:27:02       0m 41s  ...               98.85         3.19
94  2026-01-23 14:27:44       0m 28s  ...               17.16         0.48
95  2026-01-23 14:28:12       0m 39s  ...               83.68         2.54

[96 rows x 24 columns]
              timestamp time_elapsed  ... severity_rate_patch Gradient_sr2
0   2026-01-23 13:42:04       0m 25s  ...                1.74         0.04
1   2026-01-23 13:42:30       0m 25s  ...                4.36         0.11
2   2026-01-23 13:42:56       0m 26s  ...                0.85         0.02
3   2026-01-23 13:43:22       0m 29s  ...               25.47         0.67
4   2026-01-23 13:43:52       0m 30s  ...               37.39         0.99
..                  ...          ...  ...                 ...          ...
92  2026-01-23 14:26:35       0m 27s  ...               13.53         0.35
93  2026-01-23 14:27:02       0m 41s  ...               98.85         3.19
94  2026-01-23 14:27:44       0m 28s  ...               17.16         0.48
95  2026-01-23 14:28:12       0m 39s  ...               83.68         2.54
96  2026-01-23 14:28:51       0m 24s  ...                2.20         0.06

[97 rows x 24 columns]
              timestamp time_elapsed  ... severity_rate_patch Gradient_sr2
0   2026-01-23 13:42:04       0m 25s  ...                1.74         0.04
1   2026-01-23 13:42:30       0m 25s  ...                4.36         0.11
2   2026-01-23 13:42:56       0m 26s  ...                0.85         0.02
3   2026-01-23 13:43:22       0m 29s  ...               25.47         0.67
4   2026-01-23 13:43:52       0m 30s  ...               37.39         0.99
..                  ...          ...  ...                 ...          ...
93  2026-01-23 14:27:02       0m 41s  ...               98.85         3.19
94  2026-01-23 14:27:44       0m 28s  ...               17.16         0.48
95  2026-01-23 14:28:12       0m 39s  ...               83.68         2.54
96  2026-01-23 14:28:51       0m 24s  ...                2.20         0.06
97  2026-01-23 14:29:16       0m 26s  ...               10.16         0.27

[98 rows x 24 columns]
              timestamp time_elapsed  ... severity_rate_patch Gradient_sr2
0   2026-01-23 13:42:04       0m 25s  ...                1.74         0.04
1   2026-01-23 13:42:30       0m 25s  ...                4.36         0.11
2   2026-01-23 13:42:56       0m 26s  ...                0.85         0.02
3   2026-01-23 13:43:22       0m 29s  ...               25.47         0.67
4   2026-01-23 13:43:52       0m 30s  ...               37.39         0.99
..                  ...          ...  ...                 ...          ...
94  2026-01-23 14:27:44       0m 28s  ...               17.16         0.48
95  2026-01-23 14:28:12       0m 39s  ...               83.68         2.54
96  2026-01-23 14:28:51       0m 24s  ...                2.20         0.06
97  2026-01-23 14:29:16       0m 26s  ...               10.16         0.27
98  2026-01-23 14:29:43       0m 25s  ...                4.23         0.11

[99 rows x 24 columns]
              timestamp time_elapsed  ... severity_rate_patch Gradient_sr2
0   2026-01-23 13:42:04       0m 25s  ...                1.74         0.04
1   2026-01-23 13:42:30       0m 25s  ...                4.36         0.11
2   2026-01-23 13:42:56       0m 26s  ...                0.85         0.02
3   2026-01-23 13:43:22       0m 29s  ...               25.47         0.67
4   2026-01-23 13:43:52       0m 30s  ...               37.39         0.99
..                  ...          ...  ...                 ...          ...
95  2026-01-23 14:28:12       0m 39s  ...               83.68         2.54
96  2026-01-23 14:28:51       0m 24s  ...                2.20         0.06
97  2026-01-23 14:29:16       0m 26s  ...               10.16         0.27
98  2026-01-23 14:29:43       0m 25s  ...                4.23         0.11
99  2026-01-23 14:30:09       0m 32s  ...               47.28         1.25

[100 rows x 24 columns]

real	48m43.725s
user	0m0.000s
sys	0m0.015s
