[2026-01-23 13:41:50,975] - [root] - [INFO] - leaf_correlation_mw.py
[2026-01-23 13:41:50,976] - [root] - [INFO] - model_type       : ResNet
[2026-01-23 13:41:50,976] - [root] - [INFO] - pretrained       : True
[2026-01-23 13:41:50,976] - [root] - [INFO] - loading_epoch    : 65
[2026-01-23 13:41:50,976] - [root] - [INFO] - timestamp        : Jan22_10-21-00_2026
[2026-01-23 13:41:50,976] - [root] - [INFO] - outdim           : 2
[2026-01-23 13:41:50,976] - [root] - [INFO] - dual_head        : True
[2026-01-23 13:41:50,976] - [root] - [INFO] - model_path       : ../..
[2026-01-23 13:41:50,977] - [root] - [INFO] - step_size        : 224
[2026-01-23 13:41:50,977] - [root] - [INFO] - means            : [0.541, 0.6371, 0.4188]
[2026-01-23 13:41:50,977] - [root] - [INFO] - stds             : [0.1764, 0.165, 0.2326]
[2026-01-23 13:41:50,977] - [root] - [INFO] - target_class     : 1
[2026-01-23 13:41:50,977] - [root] - [INFO] - contam_control   : False
[2026-01-23 13:41:50,977] - [root] - [INFO] - spor_th          : 0.7
[2026-01-23 13:41:50,977] - [root] - [INFO] - inf_gate         : 0.5
[2026-01-23 13:41:50,977] - [root] - [INFO] - pm               : HPM-1269
[2026-01-23 13:41:50,977] - [root] - [INFO] - mps              : False
[2026-01-23 13:41:50,978] - [root] - [INFO] - cuda             : True
[2026-01-23 13:41:50,978] - [root] - [INFO] - cuda_id          : 0
[2026-01-23 13:41:50,978] - [root] - [INFO] - sal_threshold    : 0.5
[2026-01-23 13:41:50,978] - [root] - [INFO] - up_threshold     : 0.6
[2026-01-23 13:41:50,978] - [root] - [INFO] - down_threshold   : 0.1
[2026-01-23 13:41:50,978] - [root] - [INFO] - dataset_path     : C:/Users/Intel User/Desktop/blackbird_scripts/data/human_disk_assessments
[2026-01-23 13:41:50,978] - [root] - [INFO] - img_folder       : 1-22-2026
[2026-01-23 13:41:50,978] - [root] - [INFO] - platform         : BlackBird
[2026-01-23 13:41:50,978] - [root] - [INFO] - threshold        : ['0.7']
[2026-01-23 13:41:50,978] - [root] - [INFO] - log              : ../../results/logs/random.log
[2026-01-23 13:41:50,978] - [root] - [INFO] - dpi              : 5
[2026-01-23 13:41:50,978] - [root] - [INFO] - group            : baseline
[2026-01-23 13:41:50,978] - [root] - [INFO] - trays            : ['5dpi']
[2026-01-23 13:41:50,978] - [root] - [INFO] - sal_gradcam      : False
[2026-01-23 13:41:50,978] - [root] - [INFO] - sal_gradient     : True
[2026-01-23 13:41:50,979] - [root] - [INFO] - sal_smoothgrad   : False
[2026-01-23 13:41:50,979] - [root] - [INFO] - sal_deeplift     : False
[2026-01-23 13:41:50,979] - [root] - [INFO] - sal_thresh_method : fixed
[2026-01-23 13:41:50,979] - [root] - [INFO] - sal_thresh_p     : 95.0
[2026-01-23 13:41:52,203] - [root] - [INFO] - -------------------------------------------
[2026-01-23 13:41:52,204] - [root] - [INFO] - Processing 1-22-2026 5dpi 002-W2021006-081_R1.png
[2026-01-23 13:42:07,966] - [root] - [INFO] - Finished loading mask: 0m 15s
[2026-01-23 13:42:15,938] - [root] - [INFO] - Finished crop and inference: 0m 23s
[2026-01-23 13:42:17,222] - [root] - [INFO] - Analysis finished: 0m 25s
[2026-01-23 13:42:17,222] - [root] - [INFO] - -------------------------------------------
[2026-01-23 13:42:17,222] - [root] - [INFO] - -------------------------------------------
[2026-01-23 13:42:17,222] - [root] - [INFO] - Processing 1-22-2026 5dpi 002-W2021010-336_R2.png
[2026-01-23 13:42:33,607] - [root] - [INFO] - Finished loading mask: 0m 16s
[2026-01-23 13:42:41,369] - [root] - [INFO] - Finished crop and inference: 0m 24s
[2026-01-23 13:42:42,887] - [root] - [INFO] - Analysis finished: 0m 25s
[2026-01-23 13:42:42,887] - [root] - [INFO] - -------------------------------------------
[2026-01-23 13:42:42,887] - [root] - [INFO] - -------------------------------------------
[2026-01-23 13:42:42,887] - [root] - [INFO] - Processing 1-22-2026 5dpi 005-W2021011-592_R2.png
[2026-01-23 13:42:59,758] - [root] - [INFO] - Finished loading mask: 0m 16s
[2026-01-23 13:43:08,018] - [root] - [INFO] - Finished crop and inference: 0m 25s
[2026-01-23 13:43:09,511] - [root] - [INFO] - Analysis finished: 0m 26s
[2026-01-23 13:43:09,511] - [root] - [INFO] - -------------------------------------------
[2026-01-23 13:43:09,512] - [root] - [INFO] - -------------------------------------------
[2026-01-23 13:43:09,512] - [root] - [INFO] - Processing 1-22-2026 5dpi 009-W2021010-311_R2.png
[2026-01-23 13:43:26,516] - [root] - [INFO] - Finished loading mask: 0m 17s
[2026-01-23 13:43:37,664] - [root] - [INFO] - Finished crop and inference: 0m 28s
[2026-01-23 13:43:39,151] - [root] - [INFO] - Analysis finished: 0m 29s
[2026-01-23 13:43:39,152] - [root] - [INFO] - -------------------------------------------
[2026-01-23 13:43:39,152] - [root] - [INFO] - -------------------------------------------
[2026-01-23 13:43:39,152] - [root] - [INFO] - Processing 1-22-2026 5dpi 010-W2021010-347_R2.png
[2026-01-23 13:43:56,443] - [root] - [INFO] - Finished loading mask: 0m 17s
[2026-01-23 13:44:08,191] - [root] - [INFO] - Finished crop and inference: 0m 29s
[2026-01-23 13:44:09,665] - [root] - [INFO] - Analysis finished: 0m 30s
[2026-01-23 13:44:09,665] - [root] - [INFO] - -------------------------------------------
[2026-01-23 13:44:09,665] - [root] - [INFO] - -------------------------------------------
[2026-01-23 13:44:09,665] - [root] - [INFO] - Processing 1-22-2026 5dpi 013-W2021009-172_R2.png
[2026-01-23 13:44:26,633] - [root] - [INFO] - Finished loading mask: 0m 16s
[2026-01-23 13:44:34,591] - [root] - [INFO] - Finished crop and inference: 0m 24s
[2026-01-23 13:44:36,091] - [root] - [INFO] - Analysis finished: 0m 26s
[2026-01-23 13:44:36,092] - [root] - [INFO] - -------------------------------------------
[2026-01-23 13:44:36,092] - [root] - [INFO] - -------------------------------------------
[2026-01-23 13:44:36,092] - [root] - [INFO] - Processing 1-22-2026 5dpi 015-W2021009-160_R1.png
[2026-01-23 13:44:52,775] - [root] - [INFO] - Finished loading mask: 0m 16s
[2026-01-23 13:45:04,597] - [root] - [INFO] - Finished crop and inference: 0m 28s
[2026-01-23 13:45:06,072] - [root] - [INFO] - Analysis finished: 0m 29s
[2026-01-23 13:45:06,072] - [root] - [INFO] - -------------------------------------------
[2026-01-23 13:45:06,072] - [root] - [INFO] - -------------------------------------------
[2026-01-23 13:45:06,072] - [root] - [INFO] - Processing 1-22-2026 5dpi 015-W2021011-633_R1.png
[2026-01-23 13:45:23,356] - [root] - [INFO] - Finished loading mask: 0m 17s
[2026-01-23 13:45:34,266] - [root] - [INFO] - Finished crop and inference: 0m 28s
[2026-01-23 13:45:35,728] - [root] - [INFO] - Analysis finished: 0m 29s
[2026-01-23 13:45:35,728] - [root] - [INFO] - -------------------------------------------
[2026-01-23 13:45:35,728] - [root] - [INFO] - -------------------------------------------
[2026-01-23 13:45:35,728] - [root] - [INFO] - Processing 1-22-2026 5dpi 017-W2021006-612_R2.png
[2026-01-23 13:45:53,053] - [root] - [INFO] - Finished loading mask: 0m 17s
[2026-01-23 13:46:03,523] - [root] - [INFO] - Finished crop and inference: 0m 27s
[2026-01-23 13:46:05,001] - [root] - [INFO] - Analysis finished: 0m 29s
[2026-01-23 13:46:05,001] - [root] - [INFO] - -------------------------------------------
[2026-01-23 13:46:05,001] - [root] - [INFO] - -------------------------------------------
[2026-01-23 13:46:05,001] - [root] - [INFO] - Processing 1-22-2026 5dpi 019-W2021010-428_R2.png
[2026-01-23 13:46:22,110] - [root] - [INFO] - Finished loading mask: 0m 17s
[2026-01-23 13:46:29,704] - [root] - [INFO] - Finished crop and inference: 0m 24s
[2026-01-23 13:46:31,220] - [root] - [INFO] - Analysis finished: 0m 26s
[2026-01-23 13:46:31,220] - [root] - [INFO] - -------------------------------------------
[2026-01-23 13:46:31,220] - [root] - [INFO] - -------------------------------------------
[2026-01-23 13:46:31,221] - [root] - [INFO] - Processing 1-22-2026 5dpi 021-W2021009-175_R1.png
[2026-01-23 13:46:47,701] - [root] - [INFO] - Finished loading mask: 0m 16s
[2026-01-23 13:46:56,152] - [root] - [INFO] - Finished crop and inference: 0m 24s
[2026-01-23 13:46:57,640] - [root] - [INFO] - Analysis finished: 0m 26s
[2026-01-23 13:46:57,640] - [root] - [INFO] - -------------------------------------------
[2026-01-23 13:46:57,641] - [root] - [INFO] - -------------------------------------------
[2026-01-23 13:46:57,641] - [root] - [INFO] - Processing 1-22-2026 5dpi 022-W2021009-198_R2.png
[2026-01-23 13:47:14,518] - [root] - [INFO] - Finished loading mask: 0m 16s
[2026-01-23 13:47:24,902] - [root] - [INFO] - Finished crop and inference: 0m 27s
[2026-01-23 13:47:26,371] - [root] - [INFO] - Analysis finished: 0m 28s
[2026-01-23 13:47:26,371] - [root] - [INFO] - -------------------------------------------
[2026-01-23 13:47:26,372] - [root] - [INFO] - -------------------------------------------
[2026-01-23 13:47:26,372] - [root] - [INFO] - Processing 1-22-2026 5dpi 023-W2021006-049_R1.png
[2026-01-23 13:47:43,201] - [root] - [INFO] - Finished loading mask: 0m 16s
[2026-01-23 13:47:52,804] - [root] - [INFO] - Finished crop and inference: 0m 26s
[2026-01-23 13:47:54,289] - [root] - [INFO] - Analysis finished: 0m 27s
[2026-01-23 13:47:54,289] - [root] - [INFO] - -------------------------------------------
[2026-01-23 13:47:54,289] - [root] - [INFO] - -------------------------------------------
[2026-01-23 13:47:54,289] - [root] - [INFO] - Processing 1-22-2026 5dpi 023-W2021010-305_R2.png
[2026-01-23 13:48:11,287] - [root] - [INFO] - Finished loading mask: 0m 16s
[2026-01-23 13:48:20,302] - [root] - [INFO] - Finished crop and inference: 0m 26s
[2026-01-23 13:48:21,788] - [root] - [INFO] - Analysis finished: 0m 27s
[2026-01-23 13:48:21,788] - [root] - [INFO] - -------------------------------------------
[2026-01-23 13:48:21,788] - [root] - [INFO] - -------------------------------------------
[2026-01-23 13:48:21,788] - [root] - [INFO] - Processing 1-22-2026 5dpi 026-W2021009-622_R2.png
[2026-01-23 13:48:38,823] - [root] - [INFO] - Finished loading mask: 0m 17s
[2026-01-23 13:48:50,441] - [root] - [INFO] - Finished crop and inference: 0m 28s
[2026-01-23 13:48:51,921] - [root] - [INFO] - Analysis finished: 0m 30s
[2026-01-23 13:48:51,921] - [root] - [INFO] - -------------------------------------------
[2026-01-23 13:48:51,921] - [root] - [INFO] - -------------------------------------------
[2026-01-23 13:48:51,921] - [root] - [INFO] - Processing 1-22-2026 5dpi 032-W2021006-041_R2.png
[2026-01-23 13:49:09,317] - [root] - [INFO] - Finished loading mask: 0m 17s
[2026-01-23 13:49:19,993] - [root] - [INFO] - Finished crop and inference: 0m 28s
[2026-01-23 13:49:21,451] - [root] - [INFO] - Analysis finished: 0m 29s
[2026-01-23 13:49:21,451] - [root] - [INFO] - -------------------------------------------
[2026-01-23 13:49:21,451] - [root] - [INFO] - -------------------------------------------
[2026-01-23 13:49:21,451] - [root] - [INFO] - Processing 1-22-2026 5dpi 032-W2021009-155_R1.png
[2026-01-23 13:49:38,698] - [root] - [INFO] - Finished loading mask: 0m 17s
[2026-01-23 13:49:58,703] - [root] - [INFO] - Finished crop and inference: 0m 37s
[2026-01-23 13:50:00,254] - [root] - [INFO] - Analysis finished: 0m 38s
[2026-01-23 13:50:00,254] - [root] - [INFO] - -------------------------------------------
[2026-01-23 13:50:00,254] - [root] - [INFO] - -------------------------------------------
[2026-01-23 13:50:00,254] - [root] - [INFO] - Processing 1-22-2026 5dpi 036-W2021006-047_R2.png
[2026-01-23 13:50:17,887] - [root] - [INFO] - Finished loading mask: 0m 17s
[2026-01-23 13:50:25,755] - [root] - [INFO] - Finished crop and inference: 0m 25s
[2026-01-23 13:50:27,196] - [root] - [INFO] - Analysis finished: 0m 26s
[2026-01-23 13:50:27,196] - [root] - [INFO] - -------------------------------------------
[2026-01-23 13:50:27,196] - [root] - [INFO] - -------------------------------------------
[2026-01-23 13:50:27,197] - [root] - [INFO] - Processing 1-22-2026 5dpi 040-W2021009-207_R1.png
[2026-01-23 13:50:43,792] - [root] - [INFO] - Finished loading mask: 0m 16s
[2026-01-23 13:50:54,418] - [root] - [INFO] - Finished crop and inference: 0m 27s
[2026-01-23 13:50:55,873] - [root] - [INFO] - Analysis finished: 0m 28s
[2026-01-23 13:50:55,873] - [root] - [INFO] - -------------------------------------------
[2026-01-23 13:50:55,873] - [root] - [INFO] - -------------------------------------------
[2026-01-23 13:50:55,873] - [root] - [INFO] - Processing 1-22-2026 5dpi 042-W2021010-429_R1.png
[2026-01-23 13:51:13,152] - [root] - [INFO] - Finished loading mask: 0m 17s
[2026-01-23 13:51:28,796] - [root] - [INFO] - Finished crop and inference: 0m 32s
             timestamp time_elapsed  ... severity_rate_patch Gradient_sr2
0  2026-01-23 13:41:52       0m 24s  ...                1.74         0.04

[1 rows x 24 columns]
             timestamp time_elapsed  ... severity_rate_patch Gradient_sr2
0  2026-01-23 13:41:52       0m 24s  ...                1.74         0.04
1  2026-01-23 13:42:17       0m 25s  ...                4.36         0.11

[2 rows x 24 columns]
             timestamp time_elapsed  ... severity_rate_patch Gradient_sr2
0  2026-01-23 13:41:52       0m 24s  ...                1.74         0.04
1  2026-01-23 13:42:17       0m 25s  ...                4.36         0.11
2  2026-01-23 13:42:42       0m 26s  ...                0.85         0.02

[3 rows x 24 columns]
             timestamp time_elapsed  ... severity_rate_patch Gradient_sr2
0  2026-01-23 13:41:52       0m 24s  ...                1.74         0.04
1  2026-01-23 13:42:17       0m 25s  ...                4.36         0.11
2  2026-01-23 13:42:42       0m 26s  ...                0.85         0.02
3  2026-01-23 13:43:09       0m 29s  ...               25.47         0.67

[4 rows x 24 columns]
             timestamp time_elapsed  ... severity_rate_patch Gradient_sr2
0  2026-01-23 13:41:52       0m 24s  ...                1.74         0.04
1  2026-01-23 13:42:17       0m 25s  ...                4.36         0.11
2  2026-01-23 13:42:42       0m 26s  ...                0.85         0.02
3  2026-01-23 13:43:09       0m 29s  ...               25.47         0.67
4  2026-01-23 13:43:39       0m 30s  ...               37.39         0.99

[5 rows x 24 columns]
             timestamp time_elapsed  ... severity_rate_patch Gradient_sr2
0  2026-01-23 13:41:52       0m 24s  ...                1.74         0.04
1  2026-01-23 13:42:17       0m 25s  ...                4.36         0.11
2  2026-01-23 13:42:42       0m 26s  ...                0.85         0.02
3  2026-01-23 13:43:09       0m 29s  ...               25.47         0.67
4  2026-01-23 13:43:39       0m 30s  ...               37.39         0.99
5  2026-01-23 13:44:09       0m 26s  ...                0.45         0.01

[6 rows x 24 columns]
             timestamp time_elapsed  ... severity_rate_patch Gradient_sr2
0  2026-01-23 13:41:52       0m 24s  ...                1.74         0.04
1  2026-01-23 13:42:17       0m 25s  ...                4.36         0.11
2  2026-01-23 13:42:42       0m 26s  ...                0.85         0.02
3  2026-01-23 13:43:09       0m 29s  ...               25.47         0.67
4  2026-01-23 13:43:39       0m 30s  ...               37.39         0.99
5  2026-01-23 13:44:09       0m 26s  ...                0.45         0.01
6  2026-01-23 13:44:36       0m 29s  ...               38.62         0.91

[7 rows x 24 columns]
             timestamp time_elapsed  ... severity_rate_patch Gradient_sr2
0  2026-01-23 13:41:52       0m 24s  ...                1.74         0.04
1  2026-01-23 13:42:17       0m 25s  ...                4.36         0.11
2  2026-01-23 13:42:42       0m 26s  ...                0.85         0.02
3  2026-01-23 13:43:09       0m 29s  ...               25.47         0.67
4  2026-01-23 13:43:39       0m 30s  ...               37.39         0.99
5  2026-01-23 13:44:09       0m 26s  ...                0.45         0.01
6  2026-01-23 13:44:36       0m 29s  ...               38.62         0.91
7  2026-01-23 13:45:06       0m 29s  ...               19.86         0.56

[8 rows x 24 columns]
             timestamp time_elapsed  ... severity_rate_patch Gradient_sr2
0  2026-01-23 13:41:52       0m 24s  ...                1.74         0.04
1  2026-01-23 13:42:17       0m 25s  ...                4.36         0.11
2  2026-01-23 13:42:42       0m 26s  ...                0.85         0.02
3  2026-01-23 13:43:09       0m 29s  ...               25.47         0.67
4  2026-01-23 13:43:39       0m 30s  ...               37.39         0.99
5  2026-01-23 13:44:09       0m 26s  ...                0.45         0.01
6  2026-01-23 13:44:36       0m 29s  ...               38.62         0.91
7  2026-01-23 13:45:06       0m 29s  ...               19.86         0.56
8  2026-01-23 13:45:35       0m 29s  ...               39.61         1.05

[9 rows x 24 columns]
             timestamp time_elapsed  ... severity_rate_patch Gradient_sr2
0  2026-01-23 13:41:52       0m 24s  ...                1.74         0.04
1  2026-01-23 13:42:17       0m 25s  ...                4.36         0.11
2  2026-01-23 13:42:42       0m 26s  ...                0.85         0.02
3  2026-01-23 13:43:09       0m 29s  ...               25.47         0.67
4  2026-01-23 13:43:39       0m 30s  ...               37.39         0.99
5  2026-01-23 13:44:09       0m 26s  ...                0.45         0.01
6  2026-01-23 13:44:36       0m 29s  ...               38.62         0.91
7  2026-01-23 13:45:06       0m 29s  ...               19.86         0.56
8  2026-01-23 13:45:35       0m 29s  ...               39.61         1.05
9  2026-01-23 13:46:05       0m 26s  ...                1.79         0.05

[10 rows x 24 columns]
              timestamp time_elapsed  ... severity_rate_patch Gradient_sr2
0   2026-01-23 13:41:52       0m 24s  ...                1.74         0.04
1   2026-01-23 13:42:17       0m 25s  ...                4.36         0.11
2   2026-01-23 13:42:42       0m 26s  ...                0.85         0.02
3   2026-01-23 13:43:09       0m 29s  ...               25.47         0.67
4   2026-01-23 13:43:39       0m 30s  ...               37.39         0.99
5   2026-01-23 13:44:09       0m 26s  ...                0.45         0.01
6   2026-01-23 13:44:36       0m 29s  ...               38.62         0.91
7   2026-01-23 13:45:06       0m 29s  ...               19.86         0.56
8   2026-01-23 13:45:35       0m 29s  ...               39.61         1.05
9   2026-01-23 13:46:05       0m 26s  ...                1.79         0.05
10  2026-01-23 13:46:31       0m 26s  ...                2.79         0.07

[11 rows x 24 columns]
              timestamp time_elapsed  ... severity_rate_patch Gradient_sr2
0   2026-01-23 13:41:52       0m 24s  ...                1.74         0.04
1   2026-01-23 13:42:17       0m 25s  ...                4.36         0.11
2   2026-01-23 13:42:42       0m 26s  ...                0.85         0.02
3   2026-01-23 13:43:09       0m 29s  ...               25.47         0.67
4   2026-01-23 13:43:39       0m 30s  ...               37.39         0.99
5   2026-01-23 13:44:09       0m 26s  ...                0.45         0.01
6   2026-01-23 13:44:36       0m 29s  ...               38.62         0.91
7   2026-01-23 13:45:06       0m 29s  ...               19.86         0.56
8   2026-01-23 13:45:35       0m 29s  ...               39.61         1.05
9   2026-01-23 13:46:05       0m 26s  ...                1.79         0.05
10  2026-01-23 13:46:31       0m 26s  ...                2.79         0.07
11  2026-01-23 13:46:57       0m 28s  ...               20.77         0.49

[12 rows x 24 columns]
              timestamp time_elapsed  ... severity_rate_patch Gradient_sr2
0   2026-01-23 13:41:52       0m 24s  ...                1.74         0.04
1   2026-01-23 13:42:17       0m 25s  ...                4.36         0.11
2   2026-01-23 13:42:42       0m 26s  ...                0.85         0.02
3   2026-01-23 13:43:09       0m 29s  ...               25.47         0.67
4   2026-01-23 13:43:39       0m 30s  ...               37.39         0.99
5   2026-01-23 13:44:09       0m 26s  ...                0.45         0.01
6   2026-01-23 13:44:36       0m 29s  ...               38.62         0.91
7   2026-01-23 13:45:06       0m 29s  ...               19.86         0.56
8   2026-01-23 13:45:35       0m 29s  ...               39.61         1.05
9   2026-01-23 13:46:05       0m 26s  ...                1.79         0.05
10  2026-01-23 13:46:31       0m 26s  ...                2.79         0.07
11  2026-01-23 13:46:57       0m 28s  ...               20.77         0.49
12  2026-01-23 13:47:26       0m 27s  ...               20.60         0.51

[13 rows x 24 columns]
[2026-01-23 13:51:30,311] - [root] - [INFO] - Analysis finished: 0m 34s
[2026-01-23 13:51:30,311] - [root] - [INFO] - -------------------------------------------
[2026-01-23 13:51:30,311] - [root] - [INFO] - -------------------------------------------
[2026-01-23 13:51:30,311] - [root] - [INFO] - Processing 1-22-2026 5dpi 044-W2021009-169_R2.png
[2026-01-23 13:51:47,671] - [root] - [INFO] - Finished loading mask: 0m 17s
[2026-01-23 13:51:55,732] - [root] - [INFO] - Finished crop and inference: 0m 25s
[2026-01-23 13:51:57,263] - [root] - [INFO] - Analysis finished: 0m 26s
[2026-01-23 13:51:57,263] - [root] - [INFO] - -------------------------------------------
[2026-01-23 13:51:57,263] - [root] - [INFO] - -------------------------------------------
[2026-01-23 13:51:57,264] - [root] - [INFO] - Processing 1-22-2026 5dpi 044-W2021009-618_R1.png
[2026-01-23 13:52:13,818] - [root] - [INFO] - Finished loading mask: 0m 16s
[2026-01-23 13:52:23,892] - [root] - [INFO] - Finished crop and inference: 0m 26s
[2026-01-23 13:52:25,451] - [root] - [INFO] - Analysis finished: 0m 28s
[2026-01-23 13:52:25,452] - [root] - [INFO] - -------------------------------------------
[2026-01-23 13:52:25,452] - [root] - [INFO] - -------------------------------------------
[2026-01-23 13:52:25,452] - [root] - [INFO] - Processing 1-22-2026 5dpi 047-W2021011-482_R1.png
[2026-01-23 13:52:42,788] - [root] - [INFO] - Finished loading mask: 0m 17s
[2026-01-23 13:52:54,981] - [root] - [INFO] - Finished crop and inference: 0m 29s
[2026-01-23 13:52:56,457] - [root] - [INFO] - Analysis finished: 0m 31s
[2026-01-23 13:52:56,457] - [root] - [INFO] - -------------------------------------------
[2026-01-23 13:52:56,457] - [root] - [INFO] - -------------------------------------------
[2026-01-23 13:52:56,457] - [root] - [INFO] - Processing 1-22-2026 5dpi 048-W2021006-147_R1.png
[2026-01-23 13:53:13,327] - [root] - [INFO] - Finished loading mask: 0m 16s
[2026-01-23 13:53:19,376] - [root] - [INFO] - Finished crop and inference: 0m 22s
              timestamp time_elapsed  ... severity_rate_patch Gradient_sr2
0   2026-01-23 13:41:52       0m 24s  ...                1.74         0.04
1   2026-01-23 13:42:17       0m 25s  ...                4.36         0.11
2   2026-01-23 13:42:42       0m 26s  ...                0.85         0.02
3   2026-01-23 13:43:09       0m 29s  ...               25.47         0.67
4   2026-01-23 13:43:39       0m 30s  ...               37.39         0.99
5   2026-01-23 13:44:09       0m 26s  ...                0.45         0.01
6   2026-01-23 13:44:36       0m 29s  ...               38.62         0.91
7   2026-01-23 13:45:06       0m 29s  ...               19.86         0.56
8   2026-01-23 13:45:35       0m 29s  ...               39.61         1.05
9   2026-01-23 13:46:05       0m 26s  ...                1.79         0.05
10  2026-01-23 13:46:31       0m 26s  ...                2.79         0.07
11  2026-01-23 13:46:57       0m 28s  ...               20.77         0.49
12  2026-01-23 13:47:26       0m 27s  ...               20.60         0.51
13  2026-01-23 13:47:54       0m 27s  ...               15.28         0.35

[14 rows x 24 columns]
              timestamp time_elapsed  ... severity_rate_patch Gradient_sr2
0   2026-01-23 13:41:52       0m 24s  ...                1.74         0.04
1   2026-01-23 13:42:17       0m 25s  ...                4.36         0.11
2   2026-01-23 13:42:42       0m 26s  ...                0.85         0.02
3   2026-01-23 13:43:09       0m 29s  ...               25.47         0.67
4   2026-01-23 13:43:39       0m 30s  ...               37.39         0.99
5   2026-01-23 13:44:09       0m 26s  ...                0.45         0.01
6   2026-01-23 13:44:36       0m 29s  ...               38.62         0.91
7   2026-01-23 13:45:06       0m 29s  ...               19.86         0.56
8   2026-01-23 13:45:35       0m 29s  ...               39.61         1.05
9   2026-01-23 13:46:05       0m 26s  ...                1.79         0.05
10  2026-01-23 13:46:31       0m 26s  ...                2.79         0.07
11  2026-01-23 13:46:57       0m 28s  ...               20.77         0.49
12  2026-01-23 13:47:26       0m 27s  ...               20.60         0.51
13  2026-01-23 13:47:54       0m 27s  ...               15.28         0.35
14  2026-01-23 13:48:21       0m 30s  ...               30.18         0.79

[15 rows x 24 columns]
              timestamp time_elapsed  ... severity_rate_patch Gradient_sr2
0   2026-01-23 13:41:52       0m 24s  ...                1.74         0.04
1   2026-01-23 13:42:17       0m 25s  ...                4.36         0.11
2   2026-01-23 13:42:42       0m 26s  ...                0.85         0.02
3   2026-01-23 13:43:09       0m 29s  ...               25.47         0.67
4   2026-01-23 13:43:39       0m 30s  ...               37.39         0.99
5   2026-01-23 13:44:09       0m 26s  ...                0.45         0.01
6   2026-01-23 13:44:36       0m 29s  ...               38.62         0.91
7   2026-01-23 13:45:06       0m 29s  ...               19.86         0.56
8   2026-01-23 13:45:35       0m 29s  ...               39.61         1.05
9   2026-01-23 13:46:05       0m 26s  ...                1.79         0.05
10  2026-01-23 13:46:31       0m 26s  ...                2.79         0.07
11  2026-01-23 13:46:57       0m 28s  ...               20.77         0.49
12  2026-01-23 13:47:26       0m 27s  ...               20.60         0.51
13  2026-01-23 13:47:54       0m 27s  ...               15.28         0.35
14  2026-01-23 13:48:21       0m 30s  ...               30.18         0.79
15  2026-01-23 13:48:51       0m 29s  ...               19.25         0.48

[16 rows x 24 columns]
              timestamp time_elapsed  ... severity_rate_patch Gradient_sr2
0   2026-01-23 13:41:52       0m 24s  ...                1.74         0.04
1   2026-01-23 13:42:17       0m 25s  ...                4.36         0.11
2   2026-01-23 13:42:42       0m 26s  ...                0.85         0.02
3   2026-01-23 13:43:09       0m 29s  ...               25.47         0.67
4   2026-01-23 13:43:39       0m 30s  ...               37.39         0.99
5   2026-01-23 13:44:09       0m 26s  ...                0.45         0.01
6   2026-01-23 13:44:36       0m 29s  ...               38.62         0.91
7   2026-01-23 13:45:06       0m 29s  ...               19.86         0.56
8   2026-01-23 13:45:35       0m 29s  ...               39.61         1.05
9   2026-01-23 13:46:05       0m 26s  ...                1.79         0.05
10  2026-01-23 13:46:31       0m 26s  ...                2.79         0.07
11  2026-01-23 13:46:57       0m 28s  ...               20.77         0.49
12  2026-01-23 13:47:26       0m 27s  ...               20.60         0.51
13  2026-01-23 13:47:54       0m 27s  ...               15.28         0.35
14  2026-01-23 13:48:21       0m 30s  ...               30.18         0.79
15  2026-01-23 13:48:51       0m 29s  ...               19.25         0.48
16  2026-01-23 13:49:21       0m 38s  ...               85.84         2.58

[17 rows x 24 columns]
              timestamp time_elapsed  ... severity_rate_patch Gradient_sr2
0   2026-01-23 13:41:52       0m 24s  ...                1.74         0.04
1   2026-01-23 13:42:17       0m 25s  ...                4.36         0.11
2   2026-01-23 13:42:42       0m 26s  ...                0.85         0.02
3   2026-01-23 13:43:09       0m 29s  ...               25.47         0.67
4   2026-01-23 13:43:39       0m 30s  ...               37.39         0.99
5   2026-01-23 13:44:09       0m 26s  ...                0.45         0.01
6   2026-01-23 13:44:36       0m 29s  ...               38.62         0.91
7   2026-01-23 13:45:06       0m 29s  ...               19.86         0.56
8   2026-01-23 13:45:35       0m 29s  ...               39.61         1.05
9   2026-01-23 13:46:05       0m 26s  ...                1.79         0.05
10  2026-01-23 13:46:31       0m 26s  ...                2.79         0.07
11  2026-01-23 13:46:57       0m 28s  ...               20.77         0.49
12  2026-01-23 13:47:26       0m 27s  ...               20.60         0.51
13  2026-01-23 13:47:54       0m 27s  ...               15.28         0.35
14  2026-01-23 13:48:21       0m 30s  ...               30.18         0.79
15  2026-01-23 13:48:51       0m 29s  ...               19.25         0.48
16  2026-01-23 13:49:21       0m 38s  ...               85.84         2.58
17  2026-01-23 13:50:00       0m 26s  ...                0.76         0.02

[18 rows x 24 columns]
              timestamp time_elapsed  ... severity_rate_patch Gradient_sr2
0   2026-01-23 13:41:52       0m 24s  ...                1.74         0.04
1   2026-01-23 13:42:17       0m 25s  ...                4.36         0.11
2   2026-01-23 13:42:42       0m 26s  ...                0.85         0.02
3   2026-01-23 13:43:09       0m 29s  ...               25.47         0.67
4   2026-01-23 13:43:39       0m 30s  ...               37.39         0.99
5   2026-01-23 13:44:09       0m 26s  ...                0.45         0.01
6   2026-01-23 13:44:36       0m 29s  ...               38.62         0.91
7   2026-01-23 13:45:06       0m 29s  ...               19.86         0.56
8   2026-01-23 13:45:35       0m 29s  ...               39.61         1.05
9   2026-01-23 13:46:05       0m 26s  ...                1.79         0.05
10  2026-01-23 13:46:31       0m 26s  ...                2.79         0.07
11  2026-01-23 13:46:57       0m 28s  ...               20.77         0.49
12  2026-01-23 13:47:26       0m 27s  ...               20.60         0.51
13  2026-01-23 13:47:54       0m 27s  ...               15.28         0.35
14  2026-01-23 13:48:21       0m 30s  ...               30.18         0.79
15  2026-01-23 13:48:51       0m 29s  ...               19.25         0.48
16  2026-01-23 13:49:21       0m 38s  ...               85.84         2.58
17  2026-01-23 13:50:00       0m 26s  ...                0.76         0.02
18  2026-01-23 13:50:27       0m 28s  ...               23.22         0.57

[19 rows x 24 columns]
[2026-01-23 13:53:20,899] - [root] - [INFO] - Analysis finished: 0m 24s
[2026-01-23 13:53:20,899] - [root] - [INFO] - -------------------------------------------
[2026-01-23 13:53:20,900] - [root] - [INFO] - -------------------------------------------
[2026-01-23 13:53:20,900] - [root] - [INFO] - Processing 1-22-2026 5dpi 052-W2021006-004_R2.png
[2026-01-23 13:53:37,167] - [root] - [INFO] - Finished loading mask: 0m 16s
[2026-01-23 13:53:44,402] - [root] - [INFO] - Finished crop and inference: 0m 23s
[2026-01-23 13:53:45,912] - [root] - [INFO] - Analysis finished: 0m 25s
[2026-01-23 13:53:45,912] - [root] - [INFO] - -------------------------------------------
[2026-01-23 13:53:45,913] - [root] - [INFO] - -------------------------------------------
[2026-01-23 13:53:45,913] - [root] - [INFO] - Processing 1-22-2026 5dpi 055-W2021010-341_R2.png
[2026-01-23 13:54:02,367] - [root] - [INFO] - Finished loading mask: 0m 16s
[2026-01-23 13:54:10,855] - [root] - [INFO] - Finished crop and inference: 0m 24s
[2026-01-23 13:54:12,324] - [root] - [INFO] - Analysis finished: 0m 26s
[2026-01-23 13:54:12,325] - [root] - [INFO] - -------------------------------------------
[2026-01-23 13:54:12,325] - [root] - [INFO] - -------------------------------------------
[2026-01-23 13:54:12,325] - [root] - [INFO] - Processing 1-22-2026 5dpi 055-W2021010-397_R2.png
[2026-01-23 13:54:29,206] - [root] - [INFO] - Finished loading mask: 0m 16s
[2026-01-23 13:54:38,512] - [root] - [INFO] - Finished crop and inference: 0m 26s
[2026-01-23 13:54:39,962] - [root] - [INFO] - Analysis finished: 0m 27s
[2026-01-23 13:54:39,962] - [root] - [INFO] - -------------------------------------------
[2026-01-23 13:54:39,962] - [root] - [INFO] - -------------------------------------------
[2026-01-23 13:54:39,962] - [root] - [INFO] - Processing 1-22-2026 5dpi 056-W2021006-609_R1.png
[2026-01-23 13:54:56,750] - [root] - [INFO] - Finished loading mask: 0m 16s
[2026-01-23 13:55:08,090] - [root] - [INFO] - Finished crop and inference: 0m 28s
              timestamp time_elapsed  ... severity_rate_patch Gradient_sr2
0   2026-01-23 13:41:52       0m 24s  ...                1.74         0.04
1   2026-01-23 13:42:17       0m 25s  ...                4.36         0.11
2   2026-01-23 13:42:42       0m 26s  ...                0.85         0.02
3   2026-01-23 13:43:09       0m 29s  ...               25.47         0.67
4   2026-01-23 13:43:39       0m 30s  ...               37.39         0.99
5   2026-01-23 13:44:09       0m 26s  ...                0.45         0.01
6   2026-01-23 13:44:36       0m 29s  ...               38.62         0.91
7   2026-01-23 13:45:06       0m 29s  ...               19.86         0.56
8   2026-01-23 13:45:35       0m 29s  ...               39.61         1.05
9   2026-01-23 13:46:05       0m 26s  ...                1.79         0.05
10  2026-01-23 13:46:31       0m 26s  ...                2.79         0.07
11  2026-01-23 13:46:57       0m 28s  ...               20.77         0.49
12  2026-01-23 13:47:26       0m 27s  ...               20.60         0.51
13  2026-01-23 13:47:54       0m 27s  ...               15.28         0.35
14  2026-01-23 13:48:21       0m 30s  ...               30.18         0.79
15  2026-01-23 13:48:51       0m 29s  ...               19.25         0.48
16  2026-01-23 13:49:21       0m 38s  ...               85.84         2.58
17  2026-01-23 13:50:00       0m 26s  ...                0.76         0.02
18  2026-01-23 13:50:27       0m 28s  ...               23.22         0.57
19  2026-01-23 13:50:55       0m 34s  ...               62.76         1.72

[20 rows x 24 columns]
              timestamp time_elapsed  ... severity_rate_patch Gradient_sr2
0   2026-01-23 13:41:52       0m 24s  ...                1.74         0.04
1   2026-01-23 13:42:17       0m 25s  ...                4.36         0.11
2   2026-01-23 13:42:42       0m 26s  ...                0.85         0.02
3   2026-01-23 13:43:09       0m 29s  ...               25.47         0.67
4   2026-01-23 13:43:39       0m 30s  ...               37.39         0.99
5   2026-01-23 13:44:09       0m 26s  ...                0.45         0.01
6   2026-01-23 13:44:36       0m 29s  ...               38.62         0.91
7   2026-01-23 13:45:06       0m 29s  ...               19.86         0.56
8   2026-01-23 13:45:35       0m 29s  ...               39.61         1.05
9   2026-01-23 13:46:05       0m 26s  ...                1.79         0.05
10  2026-01-23 13:46:31       0m 26s  ...                2.79         0.07
11  2026-01-23 13:46:57       0m 28s  ...               20.77         0.49
12  2026-01-23 13:47:26       0m 27s  ...               20.60         0.51
13  2026-01-23 13:47:54       0m 27s  ...               15.28         0.35
14  2026-01-23 13:48:21       0m 30s  ...               30.18         0.79
15  2026-01-23 13:48:51       0m 29s  ...               19.25         0.48
16  2026-01-23 13:49:21       0m 38s  ...               85.84         2.58
17  2026-01-23 13:50:00       0m 26s  ...                0.76         0.02
18  2026-01-23 13:50:27       0m 28s  ...               23.22         0.57
19  2026-01-23 13:50:55       0m 34s  ...               62.76         1.72
20  2026-01-23 13:51:30       0m 26s  ...                1.10         0.03

[21 rows x 24 columns]
              timestamp time_elapsed  ... severity_rate_patch Gradient_sr2
0   2026-01-23 13:41:52       0m 24s  ...                1.74         0.04
1   2026-01-23 13:42:17       0m 25s  ...                4.36         0.11
2   2026-01-23 13:42:42       0m 26s  ...                0.85         0.02
3   2026-01-23 13:43:09       0m 29s  ...               25.47         0.67
4   2026-01-23 13:43:39       0m 30s  ...               37.39         0.99
5   2026-01-23 13:44:09       0m 26s  ...                0.45         0.01
6   2026-01-23 13:44:36       0m 29s  ...               38.62         0.91
7   2026-01-23 13:45:06       0m 29s  ...               19.86         0.56
8   2026-01-23 13:45:35       0m 29s  ...               39.61         1.05
9   2026-01-23 13:46:05       0m 26s  ...                1.79         0.05
10  2026-01-23 13:46:31       0m 26s  ...                2.79         0.07
11  2026-01-23 13:46:57       0m 28s  ...               20.77         0.49
12  2026-01-23 13:47:26       0m 27s  ...               20.60         0.51
13  2026-01-23 13:47:54       0m 27s  ...               15.28         0.35
14  2026-01-23 13:48:21       0m 30s  ...               30.18         0.79
15  2026-01-23 13:48:51       0m 29s  ...               19.25         0.48
16  2026-01-23 13:49:21       0m 38s  ...               85.84         2.58
17  2026-01-23 13:50:00       0m 26s  ...                0.76         0.02
18  2026-01-23 13:50:27       0m 28s  ...               23.22         0.57
19  2026-01-23 13:50:55       0m 34s  ...               62.76         1.72
20  2026-01-23 13:51:30       0m 26s  ...                1.10         0.03
21  2026-01-23 13:51:57       0m 28s  ...               19.31         0.52

[22 rows x 24 columns]
              timestamp time_elapsed  ... severity_rate_patch Gradient_sr2
0   2026-01-23 13:41:52       0m 24s  ...                1.74         0.04
1   2026-01-23 13:42:17       0m 25s  ...                4.36         0.11
2   2026-01-23 13:42:42       0m 26s  ...                0.85         0.02
3   2026-01-23 13:43:09       0m 29s  ...               25.47         0.67
4   2026-01-23 13:43:39       0m 30s  ...               37.39         0.99
5   2026-01-23 13:44:09       0m 26s  ...                0.45         0.01
6   2026-01-23 13:44:36       0m 29s  ...               38.62         0.91
7   2026-01-23 13:45:06       0m 29s  ...               19.86         0.56
8   2026-01-23 13:45:35       0m 29s  ...               39.61         1.05
9   2026-01-23 13:46:05       0m 26s  ...                1.79         0.05
10  2026-01-23 13:46:31       0m 26s  ...                2.79         0.07
11  2026-01-23 13:46:57       0m 28s  ...               20.77         0.49
12  2026-01-23 13:47:26       0m 27s  ...               20.60         0.51
13  2026-01-23 13:47:54       0m 27s  ...               15.28         0.35
14  2026-01-23 13:48:21       0m 30s  ...               30.18         0.79
15  2026-01-23 13:48:51       0m 29s  ...               19.25         0.48
16  2026-01-23 13:49:21       0m 38s  ...               85.84         2.58
17  2026-01-23 13:50:00       0m 26s  ...                0.76         0.02
18  2026-01-23 13:50:27       0m 28s  ...               23.22         0.57
19  2026-01-23 13:50:55       0m 34s  ...               62.76         1.72
20  2026-01-23 13:51:30       0m 26s  ...                1.10         0.03
21  2026-01-23 13:51:57       0m 28s  ...               19.31         0.52
22  2026-01-23 13:52:25       0m 30s  ...               42.05         1.16

[23 rows x 24 columns]
[2026-01-23 13:55:09,560] - [root] - [INFO] - Analysis finished: 0m 29s
[2026-01-23 13:55:09,560] - [root] - [INFO] - -------------------------------------------
[2026-01-23 13:55:09,560] - [root] - [INFO] - -------------------------------------------
[2026-01-23 13:55:09,560] - [root] - [INFO] - Processing 1-22-2026 5dpi 059-W2021010-434_R1.png
[2026-01-23 13:55:26,328] - [root] - [INFO] - Finished loading mask: 0m 16s
[2026-01-23 13:55:34,907] - [root] - [INFO] - Finished crop and inference: 0m 25s
[2026-01-23 13:55:36,386] - [root] - [INFO] - Analysis finished: 0m 26s
[2026-01-23 13:55:36,386] - [root] - [INFO] - -------------------------------------------
[2026-01-23 13:55:36,386] - [root] - [INFO] - -------------------------------------------
[2026-01-23 13:55:36,386] - [root] - [INFO] - Processing 1-22-2026 5dpi 060-W2021010-324_R2.png
[2026-01-23 13:55:53,048] - [root] - [INFO] - Finished loading mask: 0m 16s
[2026-01-23 13:56:01,221] - [root] - [INFO] - Finished crop and inference: 0m 24s
[2026-01-23 13:56:02,720] - [root] - [INFO] - Analysis finished: 0m 26s
[2026-01-23 13:56:02,720] - [root] - [INFO] - -------------------------------------------
[2026-01-23 13:56:02,720] - [root] - [INFO] - -------------------------------------------
[2026-01-23 13:56:02,720] - [root] - [INFO] - Processing 1-22-2026 5dpi 061-W2021011-483_R1.png
[2026-01-23 13:56:19,193] - [root] - [INFO] - Finished loading mask: 0m 16s
[2026-01-23 13:56:28,462] - [root] - [INFO] - Finished crop and inference: 0m 25s
              timestamp time_elapsed  ... severity_rate_patch Gradient_sr2
0   2026-01-23 13:41:52       0m 24s  ...                1.74         0.04
1   2026-01-23 13:42:17       0m 25s  ...                4.36         0.11
2   2026-01-23 13:42:42       0m 26s  ...                0.85         0.02
3   2026-01-23 13:43:09       0m 29s  ...               25.47         0.67
4   2026-01-23 13:43:39       0m 30s  ...               37.39         0.99
5   2026-01-23 13:44:09       0m 26s  ...                0.45         0.01
6   2026-01-23 13:44:36       0m 29s  ...               38.62         0.91
7   2026-01-23 13:45:06       0m 29s  ...               19.86         0.56
8   2026-01-23 13:45:35       0m 29s  ...               39.61         1.05
9   2026-01-23 13:46:05       0m 26s  ...                1.79         0.05
10  2026-01-23 13:46:31       0m 26s  ...                2.79         0.07
11  2026-01-23 13:46:57       0m 28s  ...               20.77         0.49
12  2026-01-23 13:47:26       0m 27s  ...               20.60         0.51
13  2026-01-23 13:47:54       0m 27s  ...               15.28         0.35
14  2026-01-23 13:48:21       0m 30s  ...               30.18         0.79
15  2026-01-23 13:48:51       0m 29s  ...               19.25         0.48
16  2026-01-23 13:49:21       0m 38s  ...               85.84         2.58
17  2026-01-23 13:50:00       0m 26s  ...                0.76         0.02
18  2026-01-23 13:50:27       0m 28s  ...               23.22         0.57
19  2026-01-23 13:50:55       0m 34s  ...               62.76         1.72
20  2026-01-23 13:51:30       0m 26s  ...                1.10         0.03
21  2026-01-23 13:51:57       0m 28s  ...               19.31         0.52
22  2026-01-23 13:52:25       0m 30s  ...               42.05         1.16
23  2026-01-23 13:52:56       0m 24s  ...                6.56         0.18

[24 rows x 24 columns]
              timestamp time_elapsed  ... severity_rate_patch Gradient_sr2
0   2026-01-23 13:41:52       0m 24s  ...                1.74         0.04
1   2026-01-23 13:42:17       0m 25s  ...                4.36         0.11
2   2026-01-23 13:42:42       0m 26s  ...                0.85         0.02
3   2026-01-23 13:43:09       0m 29s  ...               25.47         0.67
4   2026-01-23 13:43:39       0m 30s  ...               37.39         0.99
5   2026-01-23 13:44:09       0m 26s  ...                0.45         0.01
6   2026-01-23 13:44:36       0m 29s  ...               38.62         0.91
7   2026-01-23 13:45:06       0m 29s  ...               19.86         0.56
8   2026-01-23 13:45:35       0m 29s  ...               39.61         1.05
9   2026-01-23 13:46:05       0m 26s  ...                1.79         0.05
10  2026-01-23 13:46:31       0m 26s  ...                2.79         0.07
11  2026-01-23 13:46:57       0m 28s  ...               20.77         0.49
12  2026-01-23 13:47:26       0m 27s  ...               20.60         0.51
13  2026-01-23 13:47:54       0m 27s  ...               15.28         0.35
14  2026-01-23 13:48:21       0m 30s  ...               30.18         0.79
15  2026-01-23 13:48:51       0m 29s  ...               19.25         0.48
16  2026-01-23 13:49:21       0m 38s  ...               85.84         2.58
17  2026-01-23 13:50:00       0m 26s  ...                0.76         0.02
18  2026-01-23 13:50:27       0m 28s  ...               23.22         0.57
19  2026-01-23 13:50:55       0m 34s  ...               62.76         1.72
20  2026-01-23 13:51:30       0m 26s  ...                1.10         0.03
21  2026-01-23 13:51:57       0m 28s  ...               19.31         0.52
22  2026-01-23 13:52:25       0m 30s  ...               42.05         1.16
23  2026-01-23 13:52:56       0m 24s  ...                6.56         0.18
24  2026-01-23 13:53:20       0m 24s  ...                1.51         0.04

[25 rows x 24 columns]
              timestamp time_elapsed  ... severity_rate_patch Gradient_sr2
0   2026-01-23 13:41:52       0m 24s  ...                1.74         0.04
1   2026-01-23 13:42:17       0m 25s  ...                4.36         0.11
2   2026-01-23 13:42:42       0m 26s  ...                0.85         0.02
3   2026-01-23 13:43:09       0m 29s  ...               25.47         0.67
4   2026-01-23 13:43:39       0m 30s  ...               37.39         0.99
5   2026-01-23 13:44:09       0m 26s  ...                0.45         0.01
6   2026-01-23 13:44:36       0m 29s  ...               38.62         0.91
7   2026-01-23 13:45:06       0m 29s  ...               19.86         0.56
8   2026-01-23 13:45:35       0m 29s  ...               39.61         1.05
9   2026-01-23 13:46:05       0m 26s  ...                1.79         0.05
10  2026-01-23 13:46:31       0m 26s  ...                2.79         0.07
11  2026-01-23 13:46:57       0m 28s  ...               20.77         0.49
12  2026-01-23 13:47:26       0m 27s  ...               20.60         0.51
13  2026-01-23 13:47:54       0m 27s  ...               15.28         0.35
14  2026-01-23 13:48:21       0m 30s  ...               30.18         0.79
15  2026-01-23 13:48:51       0m 29s  ...               19.25         0.48
16  2026-01-23 13:49:21       0m 38s  ...               85.84         2.58
17  2026-01-23 13:50:00       0m 26s  ...                0.76         0.02
18  2026-01-23 13:50:27       0m 28s  ...               23.22         0.57
19  2026-01-23 13:50:55       0m 34s  ...               62.76         1.72
20  2026-01-23 13:51:30       0m 26s  ...                1.10         0.03
21  2026-01-23 13:51:57       0m 28s  ...               19.31         0.52
22  2026-01-23 13:52:25       0m 30s  ...               42.05         1.16
23  2026-01-23 13:52:56       0m 24s  ...                6.56         0.18
24  2026-01-23 13:53:20       0m 24s  ...                1.51         0.04
25  2026-01-23 13:53:45       0m 26s  ...                8.51         0.22

[26 rows x 24 columns]
              timestamp time_elapsed  ... severity_rate_patch Gradient_sr2
0   2026-01-23 13:41:52       0m 24s  ...                1.74         0.04
1   2026-01-23 13:42:17       0m 25s  ...                4.36         0.11
2   2026-01-23 13:42:42       0m 26s  ...                0.85         0.02
3   2026-01-23 13:43:09       0m 29s  ...               25.47         0.67
4   2026-01-23 13:43:39       0m 30s  ...               37.39         0.99
5   2026-01-23 13:44:09       0m 26s  ...                0.45         0.01
6   2026-01-23 13:44:36       0m 29s  ...               38.62         0.91
7   2026-01-23 13:45:06       0m 29s  ...               19.86         0.56
8   2026-01-23 13:45:35       0m 29s  ...               39.61         1.05
9   2026-01-23 13:46:05       0m 26s  ...                1.79         0.05
10  2026-01-23 13:46:31       0m 26s  ...                2.79         0.07
11  2026-01-23 13:46:57       0m 28s  ...               20.77         0.49
12  2026-01-23 13:47:26       0m 27s  ...               20.60         0.51
13  2026-01-23 13:47:54       0m 27s  ...               15.28         0.35
14  2026-01-23 13:48:21       0m 30s  ...               30.18         0.79
15  2026-01-23 13:48:51       0m 29s  ...               19.25         0.48
16  2026-01-23 13:49:21       0m 38s  ...               85.84         2.58
17  2026-01-23 13:50:00       0m 26s  ...                0.76         0.02
18  2026-01-23 13:50:27       0m 28s  ...               23.22         0.57
19  2026-01-23 13:50:55       0m 34s  ...               62.76         1.72
20  2026-01-23 13:51:30       0m 26s  ...                1.10         0.03
21  2026-01-23 13:51:57       0m 28s  ...               19.31         0.52
22  2026-01-23 13:52:25       0m 30s  ...               42.05         1.16
23  2026-01-23 13:52:56       0m 24s  ...                6.56         0.18
24  2026-01-23 13:53:20       0m 24s  ...                1.51         0.04
25  2026-01-23 13:53:45       0m 26s  ...                8.51         0.22
26  2026-01-23 13:54:12       0m 27s  ...               12.12         0.31

[27 rows x 24 columns]
[2026-01-23 13:56:29,993] - [root] - [INFO] - Analysis finished: 0m 27s
[2026-01-23 13:56:29,993] - [root] - [INFO] - -------------------------------------------
[2026-01-23 13:56:29,993] - [root] - [INFO] - -------------------------------------------
[2026-01-23 13:56:29,993] - [root] - [INFO] - Processing 1-22-2026 5dpi 070-W2021011-486_R2.png
[2026-01-23 13:56:46,615] - [root] - [INFO] - Finished loading mask: 0m 16s
[2026-01-23 13:56:56,617] - [root] - [INFO] - Finished crop and inference: 0m 26s
[2026-01-23 13:56:58,185] - [root] - [INFO] - Analysis finished: 0m 28s
[2026-01-23 13:56:58,185] - [root] - [INFO] - -------------------------------------------
[2026-01-23 13:56:58,186] - [root] - [INFO] - -------------------------------------------
[2026-01-23 13:56:58,186] - [root] - [INFO] - Processing 1-22-2026 5dpi 071-W2021010-323_R1.png
[2026-01-23 13:57:14,750] - [root] - [INFO] - Finished loading mask: 0m 16s
[2026-01-23 13:57:29,852] - [root] - [INFO] - Finished crop and inference: 0m 31s
[2026-01-23 13:57:31,484] - [root] - [INFO] - Analysis finished: 0m 33s
[2026-01-23 13:57:31,485] - [root] - [INFO] - -------------------------------------------
[2026-01-23 13:57:31,485] - [root] - [INFO] - -------------------------------------------
[2026-01-23 13:57:31,485] - [root] - [INFO] - Processing 1-22-2026 5dpi 077-W2021010-351_R2.png
[2026-01-23 13:57:49,585] - [root] - [INFO] - Finished loading mask: 0m 18s
[2026-01-23 13:57:58,234] - [root] - [INFO] - Finished crop and inference: 0m 26s
              timestamp time_elapsed  ... severity_rate_patch Gradient_sr2
0   2026-01-23 13:41:52       0m 24s  ...                1.74         0.04
1   2026-01-23 13:42:17       0m 25s  ...                4.36         0.11
2   2026-01-23 13:42:42       0m 26s  ...                0.85         0.02
3   2026-01-23 13:43:09       0m 29s  ...               25.47         0.67
4   2026-01-23 13:43:39       0m 30s  ...               37.39         0.99
5   2026-01-23 13:44:09       0m 26s  ...                0.45         0.01
6   2026-01-23 13:44:36       0m 29s  ...               38.62         0.91
7   2026-01-23 13:45:06       0m 29s  ...               19.86         0.56
8   2026-01-23 13:45:35       0m 29s  ...               39.61         1.05
9   2026-01-23 13:46:05       0m 26s  ...                1.79         0.05
10  2026-01-23 13:46:31       0m 26s  ...                2.79         0.07
11  2026-01-23 13:46:57       0m 28s  ...               20.77         0.49
12  2026-01-23 13:47:26       0m 27s  ...               20.60         0.51
13  2026-01-23 13:47:54       0m 27s  ...               15.28         0.35
14  2026-01-23 13:48:21       0m 30s  ...               30.18         0.79
15  2026-01-23 13:48:51       0m 29s  ...               19.25         0.48
16  2026-01-23 13:49:21       0m 38s  ...               85.84         2.58
17  2026-01-23 13:50:00       0m 26s  ...                0.76         0.02
18  2026-01-23 13:50:27       0m 28s  ...               23.22         0.57
19  2026-01-23 13:50:55       0m 34s  ...               62.76         1.72
20  2026-01-23 13:51:30       0m 26s  ...                1.10         0.03
21  2026-01-23 13:51:57       0m 28s  ...               19.31         0.52
22  2026-01-23 13:52:25       0m 30s  ...               42.05         1.16
23  2026-01-23 13:52:56       0m 24s  ...                6.56         0.18
24  2026-01-23 13:53:20       0m 24s  ...                1.51         0.04
25  2026-01-23 13:53:45       0m 26s  ...                8.51         0.22
26  2026-01-23 13:54:12       0m 27s  ...               12.12         0.31
27  2026-01-23 13:54:39       0m 29s  ...               32.69         0.79

[28 rows x 24 columns]
              timestamp time_elapsed  ... severity_rate_patch Gradient_sr2
0   2026-01-23 13:41:52       0m 24s  ...                1.74         0.04
1   2026-01-23 13:42:17       0m 25s  ...                4.36         0.11
2   2026-01-23 13:42:42       0m 26s  ...                0.85         0.02
3   2026-01-23 13:43:09       0m 29s  ...               25.47         0.67
4   2026-01-23 13:43:39       0m 30s  ...               37.39         0.99
5   2026-01-23 13:44:09       0m 26s  ...                0.45         0.01
6   2026-01-23 13:44:36       0m 29s  ...               38.62         0.91
7   2026-01-23 13:45:06       0m 29s  ...               19.86         0.56
8   2026-01-23 13:45:35       0m 29s  ...               39.61         1.05
9   2026-01-23 13:46:05       0m 26s  ...                1.79         0.05
10  2026-01-23 13:46:31       0m 26s  ...                2.79         0.07
11  2026-01-23 13:46:57       0m 28s  ...               20.77         0.49
12  2026-01-23 13:47:26       0m 27s  ...               20.60         0.51
13  2026-01-23 13:47:54       0m 27s  ...               15.28         0.35
14  2026-01-23 13:48:21       0m 30s  ...               30.18         0.79
15  2026-01-23 13:48:51       0m 29s  ...               19.25         0.48
16  2026-01-23 13:49:21       0m 38s  ...               85.84         2.58
17  2026-01-23 13:50:00       0m 26s  ...                0.76         0.02
18  2026-01-23 13:50:27       0m 28s  ...               23.22         0.57
19  2026-01-23 13:50:55       0m 34s  ...               62.76         1.72
20  2026-01-23 13:51:30       0m 26s  ...                1.10         0.03
21  2026-01-23 13:51:57       0m 28s  ...               19.31         0.52
22  2026-01-23 13:52:25       0m 30s  ...               42.05         1.16
23  2026-01-23 13:52:56       0m 24s  ...                6.56         0.18
24  2026-01-23 13:53:20       0m 24s  ...                1.51         0.04
25  2026-01-23 13:53:45       0m 26s  ...                8.51         0.22
26  2026-01-23 13:54:12       0m 27s  ...               12.12         0.31
27  2026-01-23 13:54:39       0m 29s  ...               32.69         0.79
28  2026-01-23 13:55:09       0m 26s  ...                2.15         0.06

[29 rows x 24 columns]
              timestamp time_elapsed  ... severity_rate_patch Gradient_sr2
0   2026-01-23 13:41:52       0m 24s  ...                1.74         0.04
1   2026-01-23 13:42:17       0m 25s  ...                4.36         0.11
2   2026-01-23 13:42:42       0m 26s  ...                0.85         0.02
3   2026-01-23 13:43:09       0m 29s  ...               25.47         0.67
4   2026-01-23 13:43:39       0m 30s  ...               37.39         0.99
5   2026-01-23 13:44:09       0m 26s  ...                0.45         0.01
6   2026-01-23 13:44:36       0m 29s  ...               38.62         0.91
7   2026-01-23 13:45:06       0m 29s  ...               19.86         0.56
8   2026-01-23 13:45:35       0m 29s  ...               39.61         1.05
9   2026-01-23 13:46:05       0m 26s  ...                1.79         0.05
10  2026-01-23 13:46:31       0m 26s  ...                2.79         0.07
11  2026-01-23 13:46:57       0m 28s  ...               20.77         0.49
12  2026-01-23 13:47:26       0m 27s  ...               20.60         0.51
13  2026-01-23 13:47:54       0m 27s  ...               15.28         0.35
14  2026-01-23 13:48:21       0m 30s  ...               30.18         0.79
15  2026-01-23 13:48:51       0m 29s  ...               19.25         0.48
16  2026-01-23 13:49:21       0m 38s  ...               85.84         2.58
17  2026-01-23 13:50:00       0m 26s  ...                0.76         0.02
18  2026-01-23 13:50:27       0m 28s  ...               23.22         0.57
19  2026-01-23 13:50:55       0m 34s  ...               62.76         1.72
20  2026-01-23 13:51:30       0m 26s  ...                1.10         0.03
21  2026-01-23 13:51:57       0m 28s  ...               19.31         0.52
22  2026-01-23 13:52:25       0m 30s  ...               42.05         1.16
23  2026-01-23 13:52:56       0m 24s  ...                6.56         0.18
24  2026-01-23 13:53:20       0m 24s  ...                1.51         0.04
25  2026-01-23 13:53:45       0m 26s  ...                8.51         0.22
26  2026-01-23 13:54:12       0m 27s  ...               12.12         0.31
27  2026-01-23 13:54:39       0m 29s  ...               32.69         0.79
28  2026-01-23 13:55:09       0m 26s  ...                2.15         0.06
29  2026-01-23 13:55:36       0m 26s  ...                2.94         0.07

[30 rows x 24 columns]
[2026-01-23 13:57:59,707] - [root] - [INFO] - Analysis finished: 0m 28s
[2026-01-23 13:57:59,707] - [root] - [INFO] - -------------------------------------------
[2026-01-23 13:57:59,707] - [root] - [INFO] - -------------------------------------------
[2026-01-23 13:57:59,707] - [root] - [INFO] - Processing 1-22-2026 5dpi 084-W2021010-319_R1.png
[2026-01-23 13:58:16,269] - [root] - [INFO] - Finished loading mask: 0m 16s
[2026-01-23 13:58:24,282] - [root] - [INFO] - Finished crop and inference: 0m 24s
[2026-01-23 13:58:25,782] - [root] - [INFO] - Analysis finished: 0m 26s
[2026-01-23 13:58:25,782] - [root] - [INFO] - -------------------------------------------
[2026-01-23 13:58:25,782] - [root] - [INFO] - -------------------------------------------
[2026-01-23 13:58:25,782] - [root] - [INFO] - Processing 1-22-2026 5dpi 085-W2021010-630_R1.png
[2026-01-23 13:58:42,465] - [root] - [INFO] - Finished loading mask: 0m 16s
[2026-01-23 13:58:50,443] - [root] - [INFO] - Finished crop and inference: 0m 24s
              timestamp time_elapsed  ... severity_rate_patch Gradient_sr2
0   2026-01-23 13:41:52       0m 24s  ...                1.74         0.04
1   2026-01-23 13:42:17       0m 25s  ...                4.36         0.11
2   2026-01-23 13:42:42       0m 26s  ...                0.85         0.02
3   2026-01-23 13:43:09       0m 29s  ...               25.47         0.67
4   2026-01-23 13:43:39       0m 30s  ...               37.39         0.99
5   2026-01-23 13:44:09       0m 26s  ...                0.45         0.01
6   2026-01-23 13:44:36       0m 29s  ...               38.62         0.91
7   2026-01-23 13:45:06       0m 29s  ...               19.86         0.56
8   2026-01-23 13:45:35       0m 29s  ...               39.61         1.05
9   2026-01-23 13:46:05       0m 26s  ...                1.79         0.05
10  2026-01-23 13:46:31       0m 26s  ...                2.79         0.07
11  2026-01-23 13:46:57       0m 28s  ...               20.77         0.49
12  2026-01-23 13:47:26       0m 27s  ...               20.60         0.51
13  2026-01-23 13:47:54       0m 27s  ...               15.28         0.35
14  2026-01-23 13:48:21       0m 30s  ...               30.18         0.79
15  2026-01-23 13:48:51       0m 29s  ...               19.25         0.48
16  2026-01-23 13:49:21       0m 38s  ...               85.84         2.58
17  2026-01-23 13:50:00       0m 26s  ...                0.76         0.02
18  2026-01-23 13:50:27       0m 28s  ...               23.22         0.57
19  2026-01-23 13:50:55       0m 34s  ...               62.76         1.72
20  2026-01-23 13:51:30       0m 26s  ...                1.10         0.03
21  2026-01-23 13:51:57       0m 28s  ...               19.31         0.52
22  2026-01-23 13:52:25       0m 30s  ...               42.05         1.16
23  2026-01-23 13:52:56       0m 24s  ...                6.56         0.18
24  2026-01-23 13:53:20       0m 24s  ...                1.51         0.04
25  2026-01-23 13:53:45       0m 26s  ...                8.51         0.22
26  2026-01-23 13:54:12       0m 27s  ...               12.12         0.31
27  2026-01-23 13:54:39       0m 29s  ...               32.69         0.79
28  2026-01-23 13:55:09       0m 26s  ...                2.15         0.06
29  2026-01-23 13:55:36       0m 26s  ...                2.94         0.07
30  2026-01-23 13:56:02       0m 27s  ...               12.91         0.30

[31 rows x 24 columns]
              timestamp time_elapsed  ... severity_rate_patch Gradient_sr2
0   2026-01-23 13:41:52       0m 24s  ...                1.74         0.04
1   2026-01-23 13:42:17       0m 25s  ...                4.36         0.11
2   2026-01-23 13:42:42       0m 26s  ...                0.85         0.02
3   2026-01-23 13:43:09       0m 29s  ...               25.47         0.67
4   2026-01-23 13:43:39       0m 30s  ...               37.39         0.99
5   2026-01-23 13:44:09       0m 26s  ...                0.45         0.01
6   2026-01-23 13:44:36       0m 29s  ...               38.62         0.91
7   2026-01-23 13:45:06       0m 29s  ...               19.86         0.56
8   2026-01-23 13:45:35       0m 29s  ...               39.61         1.05
9   2026-01-23 13:46:05       0m 26s  ...                1.79         0.05
10  2026-01-23 13:46:31       0m 26s  ...                2.79         0.07
11  2026-01-23 13:46:57       0m 28s  ...               20.77         0.49
12  2026-01-23 13:47:26       0m 27s  ...               20.60         0.51
13  2026-01-23 13:47:54       0m 27s  ...               15.28         0.35
14  2026-01-23 13:48:21       0m 30s  ...               30.18         0.79
15  2026-01-23 13:48:51       0m 29s  ...               19.25         0.48
16  2026-01-23 13:49:21       0m 38s  ...               85.84         2.58
17  2026-01-23 13:50:00       0m 26s  ...                0.76         0.02
18  2026-01-23 13:50:27       0m 28s  ...               23.22         0.57
19  2026-01-23 13:50:55       0m 34s  ...               62.76         1.72
20  2026-01-23 13:51:30       0m 26s  ...                1.10         0.03
21  2026-01-23 13:51:57       0m 28s  ...               19.31         0.52
22  2026-01-23 13:52:25       0m 30s  ...               42.05         1.16
23  2026-01-23 13:52:56       0m 24s  ...                6.56         0.18
24  2026-01-23 13:53:20       0m 24s  ...                1.51         0.04
25  2026-01-23 13:53:45       0m 26s  ...                8.51         0.22
26  2026-01-23 13:54:12       0m 27s  ...               12.12         0.31
27  2026-01-23 13:54:39       0m 29s  ...               32.69         0.79
28  2026-01-23 13:55:09       0m 26s  ...                2.15         0.06
29  2026-01-23 13:55:36       0m 26s  ...                2.94         0.07
30  2026-01-23 13:56:02       0m 27s  ...               12.91         0.30
31  2026-01-23 13:56:29       0m 28s  ...               42.77         1.19

[32 rows x 24 columns]
              timestamp time_elapsed  ... severity_rate_patch Gradient_sr2
0   2026-01-23 13:41:52       0m 24s  ...                1.74         0.04
1   2026-01-23 13:42:17       0m 25s  ...                4.36         0.11
2   2026-01-23 13:42:42       0m 26s  ...                0.85         0.02
3   2026-01-23 13:43:09       0m 29s  ...               25.47         0.67
4   2026-01-23 13:43:39       0m 30s  ...               37.39         0.99
5   2026-01-23 13:44:09       0m 26s  ...                0.45         0.01
6   2026-01-23 13:44:36       0m 29s  ...               38.62         0.91
7   2026-01-23 13:45:06       0m 29s  ...               19.86         0.56
8   2026-01-23 13:45:35       0m 29s  ...               39.61         1.05
9   2026-01-23 13:46:05       0m 26s  ...                1.79         0.05
10  2026-01-23 13:46:31       0m 26s  ...                2.79         0.07
11  2026-01-23 13:46:57       0m 28s  ...               20.77         0.49
12  2026-01-23 13:47:26       0m 27s  ...               20.60         0.51
13  2026-01-23 13:47:54       0m 27s  ...               15.28         0.35
14  2026-01-23 13:48:21       0m 30s  ...               30.18         0.79
15  2026-01-23 13:48:51       0m 29s  ...               19.25         0.48
16  2026-01-23 13:49:21       0m 38s  ...               85.84         2.58
17  2026-01-23 13:50:00       0m 26s  ...                0.76         0.02
18  2026-01-23 13:50:27       0m 28s  ...               23.22         0.57
19  2026-01-23 13:50:55       0m 34s  ...               62.76         1.72
20  2026-01-23 13:51:30       0m 26s  ...                1.10         0.03
21  2026-01-23 13:51:57       0m 28s  ...               19.31         0.52
22  2026-01-23 13:52:25       0m 30s  ...               42.05         1.16
23  2026-01-23 13:52:56       0m 24s  ...                6.56         0.18
24  2026-01-23 13:53:20       0m 24s  ...                1.51         0.04
25  2026-01-23 13:53:45       0m 26s  ...                8.51         0.22
26  2026-01-23 13:54:12       0m 27s  ...               12.12         0.31
27  2026-01-23 13:54:39       0m 29s  ...               32.69         0.79
28  2026-01-23 13:55:09       0m 26s  ...                2.15         0.06
29  2026-01-23 13:55:36       0m 26s  ...                2.94         0.07
30  2026-01-23 13:56:02       0m 27s  ...               12.91         0.30
31  2026-01-23 13:56:29       0m 28s  ...               42.77         1.19
32  2026-01-23 13:56:58       0m 33s  ...               65.54         1.89

[33 rows x 24 columns]
[2026-01-23 13:58:51,948] - [root] - [INFO] - Analysis finished: 0m 26s
[2026-01-23 13:58:51,948] - [root] - [INFO] - -------------------------------------------
[2026-01-23 13:58:51,948] - [root] - [INFO] - -------------------------------------------
[2026-01-23 13:58:51,948] - [root] - [INFO] - Processing 1-22-2026 5dpi 091-W2021006-056_R2.png
[2026-01-23 13:59:08,828] - [root] - [INFO] - Finished loading mask: 0m 16s
[2026-01-23 13:59:16,886] - [root] - [INFO] - Finished crop and inference: 0m 24s
[2026-01-23 13:59:18,359] - [root] - [INFO] - Analysis finished: 0m 26s
[2026-01-23 13:59:18,360] - [root] - [INFO] - -------------------------------------------
[2026-01-23 13:59:18,360] - [root] - [INFO] - -------------------------------------------
[2026-01-23 13:59:18,360] - [root] - [INFO] - Processing 1-22-2026 5dpi 094-W2021010-315_R2.png
[2026-01-23 13:59:34,728] - [root] - [INFO] - Finished loading mask: 0m 16s
[2026-01-23 13:59:42,563] - [root] - [INFO] - Finished crop and inference: 0m 24s
              timestamp time_elapsed  ... severity_rate_patch Gradient_sr2
0   2026-01-23 13:41:52       0m 24s  ...                1.74         0.04
1   2026-01-23 13:42:17       0m 25s  ...                4.36         0.11
2   2026-01-23 13:42:42       0m 26s  ...                0.85         0.02
3   2026-01-23 13:43:09       0m 29s  ...               25.47         0.67
4   2026-01-23 13:43:39       0m 30s  ...               37.39         0.99
5   2026-01-23 13:44:09       0m 26s  ...                0.45         0.01
6   2026-01-23 13:44:36       0m 29s  ...               38.62         0.91
7   2026-01-23 13:45:06       0m 29s  ...               19.86         0.56
8   2026-01-23 13:45:35       0m 29s  ...               39.61         1.05
9   2026-01-23 13:46:05       0m 26s  ...                1.79         0.05
10  2026-01-23 13:46:31       0m 26s  ...                2.79         0.07
11  2026-01-23 13:46:57       0m 28s  ...               20.77         0.49
12  2026-01-23 13:47:26       0m 27s  ...               20.60         0.51
13  2026-01-23 13:47:54       0m 27s  ...               15.28         0.35
14  2026-01-23 13:48:21       0m 30s  ...               30.18         0.79
15  2026-01-23 13:48:51       0m 29s  ...               19.25         0.48
16  2026-01-23 13:49:21       0m 38s  ...               85.84         2.58
17  2026-01-23 13:50:00       0m 26s  ...                0.76         0.02
18  2026-01-23 13:50:27       0m 28s  ...               23.22         0.57
19  2026-01-23 13:50:55       0m 34s  ...               62.76         1.72
20  2026-01-23 13:51:30       0m 26s  ...                1.10         0.03
21  2026-01-23 13:51:57       0m 28s  ...               19.31         0.52
22  2026-01-23 13:52:25       0m 30s  ...               42.05         1.16
23  2026-01-23 13:52:56       0m 24s  ...                6.56         0.18
24  2026-01-23 13:53:20       0m 24s  ...                1.51         0.04
25  2026-01-23 13:53:45       0m 26s  ...                8.51         0.22
26  2026-01-23 13:54:12       0m 27s  ...               12.12         0.31
27  2026-01-23 13:54:39       0m 29s  ...               32.69         0.79
28  2026-01-23 13:55:09       0m 26s  ...                2.15         0.06
29  2026-01-23 13:55:36       0m 26s  ...                2.94         0.07
30  2026-01-23 13:56:02       0m 27s  ...               12.91         0.30
31  2026-01-23 13:56:29       0m 28s  ...               42.77         1.19
32  2026-01-23 13:56:58       0m 33s  ...               65.54         1.89
33  2026-01-23 13:57:31       0m 28s  ...               10.11         0.24

[34 rows x 24 columns]
              timestamp time_elapsed  ... severity_rate_patch Gradient_sr2
0   2026-01-23 13:41:52       0m 24s  ...                1.74         0.04
1   2026-01-23 13:42:17       0m 25s  ...                4.36         0.11
2   2026-01-23 13:42:42       0m 26s  ...                0.85         0.02
3   2026-01-23 13:43:09       0m 29s  ...               25.47         0.67
4   2026-01-23 13:43:39       0m 30s  ...               37.39         0.99
5   2026-01-23 13:44:09       0m 26s  ...                0.45         0.01
6   2026-01-23 13:44:36       0m 29s  ...               38.62         0.91
7   2026-01-23 13:45:06       0m 29s  ...               19.86         0.56
8   2026-01-23 13:45:35       0m 29s  ...               39.61         1.05
9   2026-01-23 13:46:05       0m 26s  ...                1.79         0.05
10  2026-01-23 13:46:31       0m 26s  ...                2.79         0.07
11  2026-01-23 13:46:57       0m 28s  ...               20.77         0.49
12  2026-01-23 13:47:26       0m 27s  ...               20.60         0.51
13  2026-01-23 13:47:54       0m 27s  ...               15.28         0.35
14  2026-01-23 13:48:21       0m 30s  ...               30.18         0.79
15  2026-01-23 13:48:51       0m 29s  ...               19.25         0.48
16  2026-01-23 13:49:21       0m 38s  ...               85.84         2.58
17  2026-01-23 13:50:00       0m 26s  ...                0.76         0.02
18  2026-01-23 13:50:27       0m 28s  ...               23.22         0.57
19  2026-01-23 13:50:55       0m 34s  ...               62.76         1.72
20  2026-01-23 13:51:30       0m 26s  ...                1.10         0.03
21  2026-01-23 13:51:57       0m 28s  ...               19.31         0.52
22  2026-01-23 13:52:25       0m 30s  ...               42.05         1.16
23  2026-01-23 13:52:56       0m 24s  ...                6.56         0.18
24  2026-01-23 13:53:20       0m 24s  ...                1.51         0.04
25  2026-01-23 13:53:45       0m 26s  ...                8.51         0.22
26  2026-01-23 13:54:12       0m 27s  ...               12.12         0.31
27  2026-01-23 13:54:39       0m 29s  ...               32.69         0.79
28  2026-01-23 13:55:09       0m 26s  ...                2.15         0.06
29  2026-01-23 13:55:36       0m 26s  ...                2.94         0.07
30  2026-01-23 13:56:02       0m 27s  ...               12.91         0.30
31  2026-01-23 13:56:29       0m 28s  ...               42.77         1.19
32  2026-01-23 13:56:58       0m 33s  ...               65.54         1.89
33  2026-01-23 13:57:31       0m 28s  ...               10.11         0.24
34  2026-01-23 13:57:59       0m 26s  ...                4.05         0.11

[35 rows x 24 columns]
[2026-01-23 13:59:44,065] - [root] - [INFO] - Analysis finished: 0m 25s
[2026-01-23 13:59:44,065] - [root] - [INFO] - -------------------------------------------
[2026-01-23 13:59:44,065] - [root] - [INFO] - -------------------------------------------
[2026-01-23 13:59:44,065] - [root] - [INFO] - Processing 1-22-2026 5dpi 095-W2021011-553_R2.png
[2026-01-23 14:00:00,388] - [root] - [INFO] - Finished loading mask: 0m 16s
[2026-01-23 14:00:07,646] - [root] - [INFO] - Finished crop and inference: 0m 23s
[2026-01-23 14:00:09,150] - [root] - [INFO] - Analysis finished: 0m 25s
[2026-01-23 14:00:09,150] - [root] - [INFO] - -------------------------------------------
[2026-01-23 14:00:09,150] - [root] - [INFO] - -------------------------------------------
[2026-01-23 14:00:09,150] - [root] - [INFO] - Processing 1-22-2026 5dpi 097-W2021006-617_R2.png
[2026-01-23 14:00:26,005] - [root] - [INFO] - Finished loading mask: 0m 16s
[2026-01-23 14:00:38,834] - [root] - [INFO] - Finished crop and inference: 0m 29s
              timestamp time_elapsed  ... severity_rate_patch Gradient_sr2
0   2026-01-23 13:41:52       0m 24s  ...                1.74         0.04
1   2026-01-23 13:42:17       0m 25s  ...                4.36         0.11
2   2026-01-23 13:42:42       0m 26s  ...                0.85         0.02
3   2026-01-23 13:43:09       0m 29s  ...               25.47         0.67
4   2026-01-23 13:43:39       0m 30s  ...               37.39         0.99
5   2026-01-23 13:44:09       0m 26s  ...                0.45         0.01
6   2026-01-23 13:44:36       0m 29s  ...               38.62         0.91
7   2026-01-23 13:45:06       0m 29s  ...               19.86         0.56
8   2026-01-23 13:45:35       0m 29s  ...               39.61         1.05
9   2026-01-23 13:46:05       0m 26s  ...                1.79         0.05
10  2026-01-23 13:46:31       0m 26s  ...                2.79         0.07
11  2026-01-23 13:46:57       0m 28s  ...               20.77         0.49
12  2026-01-23 13:47:26       0m 27s  ...               20.60         0.51
13  2026-01-23 13:47:54       0m 27s  ...               15.28         0.35
14  2026-01-23 13:48:21       0m 30s  ...               30.18         0.79
15  2026-01-23 13:48:51       0m 29s  ...               19.25         0.48
16  2026-01-23 13:49:21       0m 38s  ...               85.84         2.58
17  2026-01-23 13:50:00       0m 26s  ...                0.76         0.02
18  2026-01-23 13:50:27       0m 28s  ...               23.22         0.57
19  2026-01-23 13:50:55       0m 34s  ...               62.76         1.72
20  2026-01-23 13:51:30       0m 26s  ...                1.10         0.03
21  2026-01-23 13:51:57       0m 28s  ...               19.31         0.52
22  2026-01-23 13:52:25       0m 30s  ...               42.05         1.16
23  2026-01-23 13:52:56       0m 24s  ...                6.56         0.18
24  2026-01-23 13:53:20       0m 24s  ...                1.51         0.04
25  2026-01-23 13:53:45       0m 26s  ...                8.51         0.22
26  2026-01-23 13:54:12       0m 27s  ...               12.12         0.31
27  2026-01-23 13:54:39       0m 29s  ...               32.69         0.79
28  2026-01-23 13:55:09       0m 26s  ...                2.15         0.06
29  2026-01-23 13:55:36       0m 26s  ...                2.94         0.07
30  2026-01-23 13:56:02       0m 27s  ...               12.91         0.30
31  2026-01-23 13:56:29       0m 28s  ...               42.77         1.19
32  2026-01-23 13:56:58       0m 33s  ...               65.54         1.89
33  2026-01-23 13:57:31       0m 28s  ...               10.11         0.24
34  2026-01-23 13:57:59       0m 26s  ...                4.05         0.11
35  2026-01-23 13:58:25       0m 26s  ...                1.89         0.05

[36 rows x 24 columns]
              timestamp time_elapsed  ... severity_rate_patch Gradient_sr2
0   2026-01-23 13:41:52       0m 24s  ...                1.74         0.04
1   2026-01-23 13:42:17       0m 25s  ...                4.36         0.11
2   2026-01-23 13:42:42       0m 26s  ...                0.85         0.02
3   2026-01-23 13:43:09       0m 29s  ...               25.47         0.67
4   2026-01-23 13:43:39       0m 30s  ...               37.39         0.99
5   2026-01-23 13:44:09       0m 26s  ...                0.45         0.01
6   2026-01-23 13:44:36       0m 29s  ...               38.62         0.91
7   2026-01-23 13:45:06       0m 29s  ...               19.86         0.56
8   2026-01-23 13:45:35       0m 29s  ...               39.61         1.05
9   2026-01-23 13:46:05       0m 26s  ...                1.79         0.05
10  2026-01-23 13:46:31       0m 26s  ...                2.79         0.07
11  2026-01-23 13:46:57       0m 28s  ...               20.77         0.49
12  2026-01-23 13:47:26       0m 27s  ...               20.60         0.51
13  2026-01-23 13:47:54       0m 27s  ...               15.28         0.35
14  2026-01-23 13:48:21       0m 30s  ...               30.18         0.79
15  2026-01-23 13:48:51       0m 29s  ...               19.25         0.48
16  2026-01-23 13:49:21       0m 38s  ...               85.84         2.58
17  2026-01-23 13:50:00       0m 26s  ...                0.76         0.02
18  2026-01-23 13:50:27       0m 28s  ...               23.22         0.57
19  2026-01-23 13:50:55       0m 34s  ...               62.76         1.72
20  2026-01-23 13:51:30       0m 26s  ...                1.10         0.03
21  2026-01-23 13:51:57       0m 28s  ...               19.31         0.52
22  2026-01-23 13:52:25       0m 30s  ...               42.05         1.16
23  2026-01-23 13:52:56       0m 24s  ...                6.56         0.18
24  2026-01-23 13:53:20       0m 24s  ...                1.51         0.04
25  2026-01-23 13:53:45       0m 26s  ...                8.51         0.22
26  2026-01-23 13:54:12       0m 27s  ...               12.12         0.31
27  2026-01-23 13:54:39       0m 29s  ...               32.69         0.79
28  2026-01-23 13:55:09       0m 26s  ...                2.15         0.06
29  2026-01-23 13:55:36       0m 26s  ...                2.94         0.07
30  2026-01-23 13:56:02       0m 27s  ...               12.91         0.30
31  2026-01-23 13:56:29       0m 28s  ...               42.77         1.19
32  2026-01-23 13:56:58       0m 33s  ...               65.54         1.89
33  2026-01-23 13:57:31       0m 28s  ...               10.11         0.24
34  2026-01-23 13:57:59       0m 26s  ...                4.05         0.11
35  2026-01-23 13:58:25       0m 26s  ...                1.89         0.05
36  2026-01-23 13:58:51       0m 26s  ...                5.54         0.15

[37 rows x 24 columns]
[2026-01-23 14:00:40,319] - [root] - [INFO] - Analysis finished: 0m 31s
[2026-01-23 14:00:40,319] - [root] - [INFO] - -------------------------------------------
[2026-01-23 14:00:40,319] - [root] - [INFO] - -------------------------------------------
[2026-01-23 14:00:40,319] - [root] - [INFO] - Processing 1-22-2026 5dpi 097-W2021009-163_R1.png
[2026-01-23 14:00:57,358] - [root] - [INFO] - Finished loading mask: 0m 17s
[2026-01-23 14:01:12,649] - [root] - [INFO] - Finished crop and inference: 0m 32s
[2026-01-23 14:01:14,145] - [root] - [INFO] - Analysis finished: 0m 33s
[2026-01-23 14:01:14,145] - [root] - [INFO] - -------------------------------------------
[2026-01-23 14:01:14,145] - [root] - [INFO] - -------------------------------------------
[2026-01-23 14:01:14,145] - [root] - [INFO] - Processing 1-22-2026 5dpi 099-W2021006-611_R2.png
[2026-01-23 14:01:32,045] - [root] - [INFO] - Finished loading mask: 0m 17s
[2026-01-23 14:01:45,779] - [root] - [INFO] - Finished crop and inference: 0m 31s
              timestamp time_elapsed  ... severity_rate_patch Gradient_sr2
0   2026-01-23 13:41:52       0m 24s  ...                1.74         0.04
1   2026-01-23 13:42:17       0m 25s  ...                4.36         0.11
2   2026-01-23 13:42:42       0m 26s  ...                0.85         0.02
3   2026-01-23 13:43:09       0m 29s  ...               25.47         0.67
4   2026-01-23 13:43:39       0m 30s  ...               37.39         0.99
5   2026-01-23 13:44:09       0m 26s  ...                0.45         0.01
6   2026-01-23 13:44:36       0m 29s  ...               38.62         0.91
7   2026-01-23 13:45:06       0m 29s  ...               19.86         0.56
8   2026-01-23 13:45:35       0m 29s  ...               39.61         1.05
9   2026-01-23 13:46:05       0m 26s  ...                1.79         0.05
10  2026-01-23 13:46:31       0m 26s  ...                2.79         0.07
11  2026-01-23 13:46:57       0m 28s  ...               20.77         0.49
12  2026-01-23 13:47:26       0m 27s  ...               20.60         0.51
13  2026-01-23 13:47:54       0m 27s  ...               15.28         0.35
14  2026-01-23 13:48:21       0m 30s  ...               30.18         0.79
15  2026-01-23 13:48:51       0m 29s  ...               19.25         0.48
16  2026-01-23 13:49:21       0m 38s  ...               85.84         2.58
17  2026-01-23 13:50:00       0m 26s  ...                0.76         0.02
18  2026-01-23 13:50:27       0m 28s  ...               23.22         0.57
19  2026-01-23 13:50:55       0m 34s  ...               62.76         1.72
20  2026-01-23 13:51:30       0m 26s  ...                1.10         0.03
21  2026-01-23 13:51:57       0m 28s  ...               19.31         0.52
22  2026-01-23 13:52:25       0m 30s  ...               42.05         1.16
23  2026-01-23 13:52:56       0m 24s  ...                6.56         0.18
24  2026-01-23 13:53:20       0m 24s  ...                1.51         0.04
25  2026-01-23 13:53:45       0m 26s  ...                8.51         0.22
26  2026-01-23 13:54:12       0m 27s  ...               12.12         0.31
27  2026-01-23 13:54:39       0m 29s  ...               32.69         0.79
28  2026-01-23 13:55:09       0m 26s  ...                2.15         0.06
29  2026-01-23 13:55:36       0m 26s  ...                2.94         0.07
30  2026-01-23 13:56:02       0m 27s  ...               12.91         0.30
31  2026-01-23 13:56:29       0m 28s  ...               42.77         1.19
32  2026-01-23 13:56:58       0m 33s  ...               65.54         1.89
33  2026-01-23 13:57:31       0m 28s  ...               10.11         0.24
34  2026-01-23 13:57:59       0m 26s  ...                4.05         0.11
35  2026-01-23 13:58:25       0m 26s  ...                1.89         0.05
36  2026-01-23 13:58:51       0m 26s  ...                5.54         0.15
37  2026-01-23 13:59:18       0m 25s  ...                0.46         0.01

[38 rows x 24 columns]
              timestamp time_elapsed  ... severity_rate_patch Gradient_sr2
0   2026-01-23 13:41:52       0m 24s  ...                1.74         0.04
1   2026-01-23 13:42:17       0m 25s  ...                4.36         0.11
2   2026-01-23 13:42:42       0m 26s  ...                0.85         0.02
3   2026-01-23 13:43:09       0m 29s  ...               25.47         0.67
4   2026-01-23 13:43:39       0m 30s  ...               37.39         0.99
5   2026-01-23 13:44:09       0m 26s  ...                0.45         0.01
6   2026-01-23 13:44:36       0m 29s  ...               38.62         0.91
7   2026-01-23 13:45:06       0m 29s  ...               19.86         0.56
8   2026-01-23 13:45:35       0m 29s  ...               39.61         1.05
9   2026-01-23 13:46:05       0m 26s  ...                1.79         0.05
10  2026-01-23 13:46:31       0m 26s  ...                2.79         0.07
11  2026-01-23 13:46:57       0m 28s  ...               20.77         0.49
12  2026-01-23 13:47:26       0m 27s  ...               20.60         0.51
13  2026-01-23 13:47:54       0m 27s  ...               15.28         0.35
14  2026-01-23 13:48:21       0m 30s  ...               30.18         0.79
15  2026-01-23 13:48:51       0m 29s  ...               19.25         0.48
16  2026-01-23 13:49:21       0m 38s  ...               85.84         2.58
17  2026-01-23 13:50:00       0m 26s  ...                0.76         0.02
18  2026-01-23 13:50:27       0m 28s  ...               23.22         0.57
19  2026-01-23 13:50:55       0m 34s  ...               62.76         1.72
20  2026-01-23 13:51:30       0m 26s  ...                1.10         0.03
21  2026-01-23 13:51:57       0m 28s  ...               19.31         0.52
22  2026-01-23 13:52:25       0m 30s  ...               42.05         1.16
23  2026-01-23 13:52:56       0m 24s  ...                6.56         0.18
24  2026-01-23 13:53:20       0m 24s  ...                1.51         0.04
25  2026-01-23 13:53:45       0m 26s  ...                8.51         0.22
26  2026-01-23 13:54:12       0m 27s  ...               12.12         0.31
27  2026-01-23 13:54:39       0m 29s  ...               32.69         0.79
28  2026-01-23 13:55:09       0m 26s  ...                2.15         0.06
29  2026-01-23 13:55:36       0m 26s  ...                2.94         0.07
30  2026-01-23 13:56:02       0m 27s  ...               12.91         0.30
31  2026-01-23 13:56:29       0m 28s  ...               42.77         1.19
32  2026-01-23 13:56:58       0m 33s  ...               65.54         1.89
33  2026-01-23 13:57:31       0m 28s  ...               10.11         0.24
34  2026-01-23 13:57:59       0m 26s  ...                4.05         0.11
35  2026-01-23 13:58:25       0m 26s  ...                1.89         0.05
36  2026-01-23 13:58:51       0m 26s  ...                5.54         0.15
37  2026-01-23 13:59:18       0m 25s  ...                0.46         0.01
38  2026-01-23 13:59:44       0m 25s  ...                1.59         0.04

[39 rows x 24 columns]
[2026-01-23 14:01:47,281] - [root] - [INFO] - Analysis finished: 0m 33s
[2026-01-23 14:01:47,281] - [root] - [INFO] - -------------------------------------------
[2026-01-23 14:01:47,281] - [root] - [INFO] - -------------------------------------------
[2026-01-23 14:01:47,281] - [root] - [INFO] - Processing 1-22-2026 5dpi 101-W2021011-565_R1.png
[2026-01-23 14:02:05,092] - [root] - [INFO] - Finished loading mask: 0m 17s
[2026-01-23 14:02:24,067] - [root] - [INFO] - Finished crop and inference: 0m 36s
[2026-01-23 14:02:25,610] - [root] - [INFO] - Analysis finished: 0m 38s
[2026-01-23 14:02:25,611] - [root] - [INFO] - -------------------------------------------
[2026-01-23 14:02:25,611] - [root] - [INFO] - -------------------------------------------
[2026-01-23 14:02:25,611] - [root] - [INFO] - Processing 1-22-2026 5dpi 105-W2021011-558_R1.png
[2026-01-23 14:02:43,446] - [root] - [INFO] - Finished loading mask: 0m 17s
[2026-01-23 14:02:51,209] - [root] - [INFO] - Finished crop and inference: 0m 25s
              timestamp time_elapsed  ... severity_rate_patch Gradient_sr2
0   2026-01-23 13:41:52       0m 24s  ...                1.74         0.04
1   2026-01-23 13:42:17       0m 25s  ...                4.36         0.11
2   2026-01-23 13:42:42       0m 26s  ...                0.85         0.02
3   2026-01-23 13:43:09       0m 29s  ...               25.47         0.67
4   2026-01-23 13:43:39       0m 30s  ...               37.39         0.99
5   2026-01-23 13:44:09       0m 26s  ...                0.45         0.01
6   2026-01-23 13:44:36       0m 29s  ...               38.62         0.91
7   2026-01-23 13:45:06       0m 29s  ...               19.86         0.56
8   2026-01-23 13:45:35       0m 29s  ...               39.61         1.05
9   2026-01-23 13:46:05       0m 26s  ...                1.79         0.05
10  2026-01-23 13:46:31       0m 26s  ...                2.79         0.07
11  2026-01-23 13:46:57       0m 28s  ...               20.77         0.49
12  2026-01-23 13:47:26       0m 27s  ...               20.60         0.51
13  2026-01-23 13:47:54       0m 27s  ...               15.28         0.35
14  2026-01-23 13:48:21       0m 30s  ...               30.18         0.79
15  2026-01-23 13:48:51       0m 29s  ...               19.25         0.48
16  2026-01-23 13:49:21       0m 38s  ...               85.84         2.58
17  2026-01-23 13:50:00       0m 26s  ...                0.76         0.02
18  2026-01-23 13:50:27       0m 28s  ...               23.22         0.57
19  2026-01-23 13:50:55       0m 34s  ...               62.76         1.72
20  2026-01-23 13:51:30       0m 26s  ...                1.10         0.03
21  2026-01-23 13:51:57       0m 28s  ...               19.31         0.52
22  2026-01-23 13:52:25       0m 30s  ...               42.05         1.16
23  2026-01-23 13:52:56       0m 24s  ...                6.56         0.18
24  2026-01-23 13:53:20       0m 24s  ...                1.51         0.04
25  2026-01-23 13:53:45       0m 26s  ...                8.51         0.22
26  2026-01-23 13:54:12       0m 27s  ...               12.12         0.31
27  2026-01-23 13:54:39       0m 29s  ...               32.69         0.79
28  2026-01-23 13:55:09       0m 26s  ...                2.15         0.06
29  2026-01-23 13:55:36       0m 26s  ...                2.94         0.07
30  2026-01-23 13:56:02       0m 27s  ...               12.91         0.30
31  2026-01-23 13:56:29       0m 28s  ...               42.77         1.19
32  2026-01-23 13:56:58       0m 33s  ...               65.54         1.89
33  2026-01-23 13:57:31       0m 28s  ...               10.11         0.24
34  2026-01-23 13:57:59       0m 26s  ...                4.05         0.11
35  2026-01-23 13:58:25       0m 26s  ...                1.89         0.05
36  2026-01-23 13:58:51       0m 26s  ...                5.54         0.15
37  2026-01-23 13:59:18       0m 25s  ...                0.46         0.01
38  2026-01-23 13:59:44       0m 25s  ...                1.59         0.04
39  2026-01-23 14:00:09       0m 31s  ...               43.85         1.03

[40 rows x 24 columns]
              timestamp time_elapsed  ... severity_rate_patch Gradient_sr2
0   2026-01-23 13:41:52       0m 24s  ...                1.74         0.04
1   2026-01-23 13:42:17       0m 25s  ...                4.36         0.11
2   2026-01-23 13:42:42       0m 26s  ...                0.85         0.02
3   2026-01-23 13:43:09       0m 29s  ...               25.47         0.67
4   2026-01-23 13:43:39       0m 30s  ...               37.39         0.99
5   2026-01-23 13:44:09       0m 26s  ...                0.45         0.01
6   2026-01-23 13:44:36       0m 29s  ...               38.62         0.91
7   2026-01-23 13:45:06       0m 29s  ...               19.86         0.56
8   2026-01-23 13:45:35       0m 29s  ...               39.61         1.05
9   2026-01-23 13:46:05       0m 26s  ...                1.79         0.05
10  2026-01-23 13:46:31       0m 26s  ...                2.79         0.07
11  2026-01-23 13:46:57       0m 28s  ...               20.77         0.49
12  2026-01-23 13:47:26       0m 27s  ...               20.60         0.51
13  2026-01-23 13:47:54       0m 27s  ...               15.28         0.35
14  2026-01-23 13:48:21       0m 30s  ...               30.18         0.79
15  2026-01-23 13:48:51       0m 29s  ...               19.25         0.48
16  2026-01-23 13:49:21       0m 38s  ...               85.84         2.58
17  2026-01-23 13:50:00       0m 26s  ...                0.76         0.02
18  2026-01-23 13:50:27       0m 28s  ...               23.22         0.57
19  2026-01-23 13:50:55       0m 34s  ...               62.76         1.72
20  2026-01-23 13:51:30       0m 26s  ...                1.10         0.03
21  2026-01-23 13:51:57       0m 28s  ...               19.31         0.52
22  2026-01-23 13:52:25       0m 30s  ...               42.05         1.16
23  2026-01-23 13:52:56       0m 24s  ...                6.56         0.18
24  2026-01-23 13:53:20       0m 24s  ...                1.51         0.04
25  2026-01-23 13:53:45       0m 26s  ...                8.51         0.22
26  2026-01-23 13:54:12       0m 27s  ...               12.12         0.31
27  2026-01-23 13:54:39       0m 29s  ...               32.69         0.79
28  2026-01-23 13:55:09       0m 26s  ...                2.15         0.06
29  2026-01-23 13:55:36       0m 26s  ...                2.94         0.07
30  2026-01-23 13:56:02       0m 27s  ...               12.91         0.30
31  2026-01-23 13:56:29       0m 28s  ...               42.77         1.19
32  2026-01-23 13:56:58       0m 33s  ...               65.54         1.89
33  2026-01-23 13:57:31       0m 28s  ...               10.11         0.24
34  2026-01-23 13:57:59       0m 26s  ...                4.05         0.11
35  2026-01-23 13:58:25       0m 26s  ...                1.89         0.05
36  2026-01-23 13:58:51       0m 26s  ...                5.54         0.15
37  2026-01-23 13:59:18       0m 25s  ...                0.46         0.01
38  2026-01-23 13:59:44       0m 25s  ...                1.59         0.04
39  2026-01-23 14:00:09       0m 31s  ...               43.85         1.03
40  2026-01-23 14:00:40       0m 33s  ...               61.84         1.56

[41 rows x 24 columns]
[2026-01-23 14:02:52,647] - [root] - [INFO] - Analysis finished: 0m 27s
[2026-01-23 14:02:52,647] - [root] - [INFO] - -------------------------------------------
[2026-01-23 14:02:52,647] - [root] - [INFO] - -------------------------------------------
[2026-01-23 14:02:52,647] - [root] - [INFO] - Processing 1-22-2026 5dpi 110-W2021011-454_R2.png
[2026-01-23 14:03:09,018] - [root] - [INFO] - Finished loading mask: 0m 16s
[2026-01-23 14:03:18,652] - [root] - [INFO] - Finished crop and inference: 0m 26s
[2026-01-23 14:03:20,094] - [root] - [INFO] - Analysis finished: 0m 27s
[2026-01-23 14:03:20,094] - [root] - [INFO] - -------------------------------------------
[2026-01-23 14:03:20,094] - [root] - [INFO] - -------------------------------------------
[2026-01-23 14:03:20,094] - [root] - [INFO] - Processing 1-22-2026 5dpi 111-W2021011-588_R2.png
[2026-01-23 14:03:37,294] - [root] - [INFO] - Finished loading mask: 0m 17s
[2026-01-23 14:03:45,818] - [root] - [INFO] - Finished crop and inference: 0m 25s
              timestamp time_elapsed  ... severity_rate_patch Gradient_sr2
0   2026-01-23 13:41:52       0m 24s  ...                1.74         0.04
1   2026-01-23 13:42:17       0m 25s  ...                4.36         0.11
2   2026-01-23 13:42:42       0m 26s  ...                0.85         0.02
3   2026-01-23 13:43:09       0m 29s  ...               25.47         0.67
4   2026-01-23 13:43:39       0m 30s  ...               37.39         0.99
5   2026-01-23 13:44:09       0m 26s  ...                0.45         0.01
6   2026-01-23 13:44:36       0m 29s  ...               38.62         0.91
7   2026-01-23 13:45:06       0m 29s  ...               19.86         0.56
8   2026-01-23 13:45:35       0m 29s  ...               39.61         1.05
9   2026-01-23 13:46:05       0m 26s  ...                1.79         0.05
10  2026-01-23 13:46:31       0m 26s  ...                2.79         0.07
11  2026-01-23 13:46:57       0m 28s  ...               20.77         0.49
12  2026-01-23 13:47:26       0m 27s  ...               20.60         0.51
13  2026-01-23 13:47:54       0m 27s  ...               15.28         0.35
14  2026-01-23 13:48:21       0m 30s  ...               30.18         0.79
15  2026-01-23 13:48:51       0m 29s  ...               19.25         0.48
16  2026-01-23 13:49:21       0m 38s  ...               85.84         2.58
17  2026-01-23 13:50:00       0m 26s  ...                0.76         0.02
18  2026-01-23 13:50:27       0m 28s  ...               23.22         0.57
19  2026-01-23 13:50:55       0m 34s  ...               62.76         1.72
20  2026-01-23 13:51:30       0m 26s  ...                1.10         0.03
21  2026-01-23 13:51:57       0m 28s  ...               19.31         0.52
22  2026-01-23 13:52:25       0m 30s  ...               42.05         1.16
23  2026-01-23 13:52:56       0m 24s  ...                6.56         0.18
24  2026-01-23 13:53:20       0m 24s  ...                1.51         0.04
25  2026-01-23 13:53:45       0m 26s  ...                8.51         0.22
26  2026-01-23 13:54:12       0m 27s  ...               12.12         0.31
27  2026-01-23 13:54:39       0m 29s  ...               32.69         0.79
28  2026-01-23 13:55:09       0m 26s  ...                2.15         0.06
29  2026-01-23 13:55:36       0m 26s  ...                2.94         0.07
30  2026-01-23 13:56:02       0m 27s  ...               12.91         0.30
31  2026-01-23 13:56:29       0m 28s  ...               42.77         1.19
32  2026-01-23 13:56:58       0m 33s  ...               65.54         1.89
33  2026-01-23 13:57:31       0m 28s  ...               10.11         0.24
34  2026-01-23 13:57:59       0m 26s  ...                4.05         0.11
35  2026-01-23 13:58:25       0m 26s  ...                1.89         0.05
36  2026-01-23 13:58:51       0m 26s  ...                5.54         0.15
37  2026-01-23 13:59:18       0m 25s  ...                0.46         0.01
38  2026-01-23 13:59:44       0m 25s  ...                1.59         0.04
39  2026-01-23 14:00:09       0m 31s  ...               43.85         1.03
40  2026-01-23 14:00:40       0m 33s  ...               61.84         1.56
41  2026-01-23 14:01:14       0m 33s  ...               46.89         1.19

[42 rows x 24 columns]
              timestamp time_elapsed  ... severity_rate_patch Gradient_sr2
0   2026-01-23 13:41:52       0m 24s  ...                1.74         0.04
1   2026-01-23 13:42:17       0m 25s  ...                4.36         0.11
2   2026-01-23 13:42:42       0m 26s  ...                0.85         0.02
3   2026-01-23 13:43:09       0m 29s  ...               25.47         0.67
4   2026-01-23 13:43:39       0m 30s  ...               37.39         0.99
5   2026-01-23 13:44:09       0m 26s  ...                0.45         0.01
6   2026-01-23 13:44:36       0m 29s  ...               38.62         0.91
7   2026-01-23 13:45:06       0m 29s  ...               19.86         0.56
8   2026-01-23 13:45:35       0m 29s  ...               39.61         1.05
9   2026-01-23 13:46:05       0m 26s  ...                1.79         0.05
10  2026-01-23 13:46:31       0m 26s  ...                2.79         0.07
11  2026-01-23 13:46:57       0m 28s  ...               20.77         0.49
12  2026-01-23 13:47:26       0m 27s  ...               20.60         0.51
13  2026-01-23 13:47:54       0m 27s  ...               15.28         0.35
14  2026-01-23 13:48:21       0m 30s  ...               30.18         0.79
15  2026-01-23 13:48:51       0m 29s  ...               19.25         0.48
16  2026-01-23 13:49:21       0m 38s  ...               85.84         2.58
17  2026-01-23 13:50:00       0m 26s  ...                0.76         0.02
18  2026-01-23 13:50:27       0m 28s  ...               23.22         0.57
19  2026-01-23 13:50:55       0m 34s  ...               62.76         1.72
20  2026-01-23 13:51:30       0m 26s  ...                1.10         0.03
21  2026-01-23 13:51:57       0m 28s  ...               19.31         0.52
22  2026-01-23 13:52:25       0m 30s  ...               42.05         1.16
23  2026-01-23 13:52:56       0m 24s  ...                6.56         0.18
24  2026-01-23 13:53:20       0m 24s  ...                1.51         0.04
25  2026-01-23 13:53:45       0m 26s  ...                8.51         0.22
26  2026-01-23 13:54:12       0m 27s  ...               12.12         0.31
27  2026-01-23 13:54:39       0m 29s  ...               32.69         0.79
28  2026-01-23 13:55:09       0m 26s  ...                2.15         0.06
29  2026-01-23 13:55:36       0m 26s  ...                2.94         0.07
30  2026-01-23 13:56:02       0m 27s  ...               12.91         0.30
31  2026-01-23 13:56:29       0m 28s  ...               42.77         1.19
32  2026-01-23 13:56:58       0m 33s  ...               65.54         1.89
33  2026-01-23 13:57:31       0m 28s  ...               10.11         0.24
34  2026-01-23 13:57:59       0m 26s  ...                4.05         0.11
35  2026-01-23 13:58:25       0m 26s  ...                1.89         0.05
36  2026-01-23 13:58:51       0m 26s  ...                5.54         0.15
37  2026-01-23 13:59:18       0m 25s  ...                0.46         0.01
38  2026-01-23 13:59:44       0m 25s  ...                1.59         0.04
39  2026-01-23 14:00:09       0m 31s  ...               43.85         1.03
40  2026-01-23 14:00:40       0m 33s  ...               61.84         1.56
41  2026-01-23 14:01:14       0m 33s  ...               46.89         1.19
42  2026-01-23 14:01:47       0m 38s  ...               80.70         2.32

[43 rows x 24 columns]
[2026-01-23 14:03:47,280] - [root] - [INFO] - Analysis finished: 0m 27s
[2026-01-23 14:03:47,280] - [root] - [INFO] - -------------------------------------------
[2026-01-23 14:03:47,280] - [root] - [INFO] - -------------------------------------------
[2026-01-23 14:03:47,280] - [root] - [INFO] - Processing 1-22-2026 5dpi 121-W2021009-185_R1.png
[2026-01-23 14:04:04,391] - [root] - [INFO] - Finished loading mask: 0m 17s
[2026-01-23 14:04:12,811] - [root] - [INFO] - Finished crop and inference: 0m 25s
[2026-01-23 14:04:14,349] - [root] - [INFO] - Analysis finished: 0m 27s
[2026-01-23 14:04:14,349] - [root] - [INFO] - -------------------------------------------
[2026-01-23 14:04:14,349] - [root] - [INFO] - -------------------------------------------
[2026-01-23 14:04:14,349] - [root] - [INFO] - Processing 1-22-2026 5dpi 123-W2021009-255_R2.png
[2026-01-23 14:04:31,113] - [root] - [INFO] - Finished loading mask: 0m 16s
[2026-01-23 14:04:40,527] - [root] - [INFO] - Finished crop and inference: 0m 26s
              timestamp time_elapsed  ... severity_rate_patch Gradient_sr2
0   2026-01-23 13:41:52       0m 24s  ...                1.74         0.04
1   2026-01-23 13:42:17       0m 25s  ...                4.36         0.11
2   2026-01-23 13:42:42       0m 26s  ...                0.85         0.02
3   2026-01-23 13:43:09       0m 29s  ...               25.47         0.67
4   2026-01-23 13:43:39       0m 30s  ...               37.39         0.99
5   2026-01-23 13:44:09       0m 26s  ...                0.45         0.01
6   2026-01-23 13:44:36       0m 29s  ...               38.62         0.91
7   2026-01-23 13:45:06       0m 29s  ...               19.86         0.56
8   2026-01-23 13:45:35       0m 29s  ...               39.61         1.05
9   2026-01-23 13:46:05       0m 26s  ...                1.79         0.05
10  2026-01-23 13:46:31       0m 26s  ...                2.79         0.07
11  2026-01-23 13:46:57       0m 28s  ...               20.77         0.49
12  2026-01-23 13:47:26       0m 27s  ...               20.60         0.51
13  2026-01-23 13:47:54       0m 27s  ...               15.28         0.35
14  2026-01-23 13:48:21       0m 30s  ...               30.18         0.79
15  2026-01-23 13:48:51       0m 29s  ...               19.25         0.48
16  2026-01-23 13:49:21       0m 38s  ...               85.84         2.58
17  2026-01-23 13:50:00       0m 26s  ...                0.76         0.02
18  2026-01-23 13:50:27       0m 28s  ...               23.22         0.57
19  2026-01-23 13:50:55       0m 34s  ...               62.76         1.72
20  2026-01-23 13:51:30       0m 26s  ...                1.10         0.03
21  2026-01-23 13:51:57       0m 28s  ...               19.31         0.52
22  2026-01-23 13:52:25       0m 30s  ...               42.05         1.16
23  2026-01-23 13:52:56       0m 24s  ...                6.56         0.18
24  2026-01-23 13:53:20       0m 24s  ...                1.51         0.04
25  2026-01-23 13:53:45       0m 26s  ...                8.51         0.22
26  2026-01-23 13:54:12       0m 27s  ...               12.12         0.31
27  2026-01-23 13:54:39       0m 29s  ...               32.69         0.79
28  2026-01-23 13:55:09       0m 26s  ...                2.15         0.06
29  2026-01-23 13:55:36       0m 26s  ...                2.94         0.07
30  2026-01-23 13:56:02       0m 27s  ...               12.91         0.30
31  2026-01-23 13:56:29       0m 28s  ...               42.77         1.19
32  2026-01-23 13:56:58       0m 33s  ...               65.54         1.89
33  2026-01-23 13:57:31       0m 28s  ...               10.11         0.24
34  2026-01-23 13:57:59       0m 26s  ...                4.05         0.11
35  2026-01-23 13:58:25       0m 26s  ...                1.89         0.05
36  2026-01-23 13:58:51       0m 26s  ...                5.54         0.15
37  2026-01-23 13:59:18       0m 25s  ...                0.46         0.01
38  2026-01-23 13:59:44       0m 25s  ...                1.59         0.04
39  2026-01-23 14:00:09       0m 31s  ...               43.85         1.03
40  2026-01-23 14:00:40       0m 33s  ...               61.84         1.56
41  2026-01-23 14:01:14       0m 33s  ...               46.89         1.19
42  2026-01-23 14:01:47       0m 38s  ...               80.70         2.32
43  2026-01-23 14:02:25       0m 27s  ...                2.90         0.07

[44 rows x 24 columns]
              timestamp time_elapsed  ... severity_rate_patch Gradient_sr2
0   2026-01-23 13:41:52       0m 24s  ...                1.74         0.04
1   2026-01-23 13:42:17       0m 25s  ...                4.36         0.11
2   2026-01-23 13:42:42       0m 26s  ...                0.85         0.02
3   2026-01-23 13:43:09       0m 29s  ...               25.47         0.67
4   2026-01-23 13:43:39       0m 30s  ...               37.39         0.99
5   2026-01-23 13:44:09       0m 26s  ...                0.45         0.01
6   2026-01-23 13:44:36       0m 29s  ...               38.62         0.91
7   2026-01-23 13:45:06       0m 29s  ...               19.86         0.56
8   2026-01-23 13:45:35       0m 29s  ...               39.61         1.05
9   2026-01-23 13:46:05       0m 26s  ...                1.79         0.05
10  2026-01-23 13:46:31       0m 26s  ...                2.79         0.07
11  2026-01-23 13:46:57       0m 28s  ...               20.77         0.49
12  2026-01-23 13:47:26       0m 27s  ...               20.60         0.51
13  2026-01-23 13:47:54       0m 27s  ...               15.28         0.35
14  2026-01-23 13:48:21       0m 30s  ...               30.18         0.79
15  2026-01-23 13:48:51       0m 29s  ...               19.25         0.48
16  2026-01-23 13:49:21       0m 38s  ...               85.84         2.58
17  2026-01-23 13:50:00       0m 26s  ...                0.76         0.02
18  2026-01-23 13:50:27       0m 28s  ...               23.22         0.57
19  2026-01-23 13:50:55       0m 34s  ...               62.76         1.72
20  2026-01-23 13:51:30       0m 26s  ...                1.10         0.03
21  2026-01-23 13:51:57       0m 28s  ...               19.31         0.52
22  2026-01-23 13:52:25       0m 30s  ...               42.05         1.16
23  2026-01-23 13:52:56       0m 24s  ...                6.56         0.18
24  2026-01-23 13:53:20       0m 24s  ...                1.51         0.04
25  2026-01-23 13:53:45       0m 26s  ...                8.51         0.22
26  2026-01-23 13:54:12       0m 27s  ...               12.12         0.31
27  2026-01-23 13:54:39       0m 29s  ...               32.69         0.79
28  2026-01-23 13:55:09       0m 26s  ...                2.15         0.06
29  2026-01-23 13:55:36       0m 26s  ...                2.94         0.07
30  2026-01-23 13:56:02       0m 27s  ...               12.91         0.30
31  2026-01-23 13:56:29       0m 28s  ...               42.77         1.19
32  2026-01-23 13:56:58       0m 33s  ...               65.54         1.89
33  2026-01-23 13:57:31       0m 28s  ...               10.11         0.24
34  2026-01-23 13:57:59       0m 26s  ...                4.05         0.11
35  2026-01-23 13:58:25       0m 26s  ...                1.89         0.05
36  2026-01-23 13:58:51       0m 26s  ...                5.54         0.15
37  2026-01-23 13:59:18       0m 25s  ...                0.46         0.01
38  2026-01-23 13:59:44       0m 25s  ...                1.59         0.04
39  2026-01-23 14:00:09       0m 31s  ...               43.85         1.03
40  2026-01-23 14:00:40       0m 33s  ...               61.84         1.56
41  2026-01-23 14:01:14       0m 33s  ...               46.89         1.19
42  2026-01-23 14:01:47       0m 38s  ...               80.70         2.32
43  2026-01-23 14:02:25       0m 27s  ...                2.90         0.07
44  2026-01-23 14:02:52       0m 27s  ...               11.56         0.29

[45 rows x 24 columns]
[2026-01-23 14:04:41,983] - [root] - [INFO] - Analysis finished: 0m 27s
[2026-01-23 14:04:41,983] - [root] - [INFO] - -------------------------------------------
[2026-01-23 14:04:41,983] - [root] - [INFO] - -------------------------------------------
[2026-01-23 14:04:41,983] - [root] - [INFO] - Processing 1-22-2026 5dpi 123-W2021009-621_R2.png
[2026-01-23 14:04:58,951] - [root] - [INFO] - Finished loading mask: 0m 16s
[2026-01-23 14:05:07,709] - [root] - [INFO] - Finished crop and inference: 0m 25s
[2026-01-23 14:05:09,200] - [root] - [INFO] - Analysis finished: 0m 27s
[2026-01-23 14:05:09,200] - [root] - [INFO] - -------------------------------------------
[2026-01-23 14:05:09,200] - [root] - [INFO] - -------------------------------------------
[2026-01-23 14:05:09,200] - [root] - [INFO] - Processing 1-22-2026 5dpi 127-W2021006-143_R2.png
[2026-01-23 14:05:26,319] - [root] - [INFO] - Finished loading mask: 0m 17s
[2026-01-23 14:05:33,931] - [root] - [INFO] - Finished crop and inference: 0m 24s
              timestamp time_elapsed  ... severity_rate_patch Gradient_sr2
0   2026-01-23 13:41:52       0m 24s  ...                1.74         0.04
1   2026-01-23 13:42:17       0m 25s  ...                4.36         0.11
2   2026-01-23 13:42:42       0m 26s  ...                0.85         0.02
3   2026-01-23 13:43:09       0m 29s  ...               25.47         0.67
4   2026-01-23 13:43:39       0m 30s  ...               37.39         0.99
5   2026-01-23 13:44:09       0m 26s  ...                0.45         0.01
6   2026-01-23 13:44:36       0m 29s  ...               38.62         0.91
7   2026-01-23 13:45:06       0m 29s  ...               19.86         0.56
8   2026-01-23 13:45:35       0m 29s  ...               39.61         1.05
9   2026-01-23 13:46:05       0m 26s  ...                1.79         0.05
10  2026-01-23 13:46:31       0m 26s  ...                2.79         0.07
11  2026-01-23 13:46:57       0m 28s  ...               20.77         0.49
12  2026-01-23 13:47:26       0m 27s  ...               20.60         0.51
13  2026-01-23 13:47:54       0m 27s  ...               15.28         0.35
14  2026-01-23 13:48:21       0m 30s  ...               30.18         0.79
15  2026-01-23 13:48:51       0m 29s  ...               19.25         0.48
16  2026-01-23 13:49:21       0m 38s  ...               85.84         2.58
17  2026-01-23 13:50:00       0m 26s  ...                0.76         0.02
18  2026-01-23 13:50:27       0m 28s  ...               23.22         0.57
19  2026-01-23 13:50:55       0m 34s  ...               62.76         1.72
20  2026-01-23 13:51:30       0m 26s  ...                1.10         0.03
21  2026-01-23 13:51:57       0m 28s  ...               19.31         0.52
22  2026-01-23 13:52:25       0m 30s  ...               42.05         1.16
23  2026-01-23 13:52:56       0m 24s  ...                6.56         0.18
24  2026-01-23 13:53:20       0m 24s  ...                1.51         0.04
25  2026-01-23 13:53:45       0m 26s  ...                8.51         0.22
26  2026-01-23 13:54:12       0m 27s  ...               12.12         0.31
27  2026-01-23 13:54:39       0m 29s  ...               32.69         0.79
28  2026-01-23 13:55:09       0m 26s  ...                2.15         0.06
29  2026-01-23 13:55:36       0m 26s  ...                2.94         0.07
30  2026-01-23 13:56:02       0m 27s  ...               12.91         0.30
31  2026-01-23 13:56:29       0m 28s  ...               42.77         1.19
32  2026-01-23 13:56:58       0m 33s  ...               65.54         1.89
33  2026-01-23 13:57:31       0m 28s  ...               10.11         0.24
34  2026-01-23 13:57:59       0m 26s  ...                4.05         0.11
35  2026-01-23 13:58:25       0m 26s  ...                1.89         0.05
36  2026-01-23 13:58:51       0m 26s  ...                5.54         0.15
37  2026-01-23 13:59:18       0m 25s  ...                0.46         0.01
38  2026-01-23 13:59:44       0m 25s  ...                1.59         0.04
39  2026-01-23 14:00:09       0m 31s  ...               43.85         1.03
40  2026-01-23 14:00:40       0m 33s  ...               61.84         1.56
41  2026-01-23 14:01:14       0m 33s  ...               46.89         1.19
42  2026-01-23 14:01:47       0m 38s  ...               80.70         2.32
43  2026-01-23 14:02:25       0m 27s  ...                2.90         0.07
44  2026-01-23 14:02:52       0m 27s  ...               11.56         0.29
45  2026-01-23 14:03:20       0m 27s  ...                4.11         0.11

[46 rows x 24 columns]
              timestamp time_elapsed  ... severity_rate_patch Gradient_sr2
0   2026-01-23 13:41:52       0m 24s  ...                1.74         0.04
1   2026-01-23 13:42:17       0m 25s  ...                4.36         0.11
2   2026-01-23 13:42:42       0m 26s  ...                0.85         0.02
3   2026-01-23 13:43:09       0m 29s  ...               25.47         0.67
4   2026-01-23 13:43:39       0m 30s  ...               37.39         0.99
5   2026-01-23 13:44:09       0m 26s  ...                0.45         0.01
6   2026-01-23 13:44:36       0m 29s  ...               38.62         0.91
7   2026-01-23 13:45:06       0m 29s  ...               19.86         0.56
8   2026-01-23 13:45:35       0m 29s  ...               39.61         1.05
9   2026-01-23 13:46:05       0m 26s  ...                1.79         0.05
10  2026-01-23 13:46:31       0m 26s  ...                2.79         0.07
11  2026-01-23 13:46:57       0m 28s  ...               20.77         0.49
12  2026-01-23 13:47:26       0m 27s  ...               20.60         0.51
13  2026-01-23 13:47:54       0m 27s  ...               15.28         0.35
14  2026-01-23 13:48:21       0m 30s  ...               30.18         0.79
15  2026-01-23 13:48:51       0m 29s  ...               19.25         0.48
16  2026-01-23 13:49:21       0m 38s  ...               85.84         2.58
17  2026-01-23 13:50:00       0m 26s  ...                0.76         0.02
18  2026-01-23 13:50:27       0m 28s  ...               23.22         0.57
19  2026-01-23 13:50:55       0m 34s  ...               62.76         1.72
20  2026-01-23 13:51:30       0m 26s  ...                1.10         0.03
21  2026-01-23 13:51:57       0m 28s  ...               19.31         0.52
22  2026-01-23 13:52:25       0m 30s  ...               42.05         1.16
23  2026-01-23 13:52:56       0m 24s  ...                6.56         0.18
24  2026-01-23 13:53:20       0m 24s  ...                1.51         0.04
25  2026-01-23 13:53:45       0m 26s  ...                8.51         0.22
26  2026-01-23 13:54:12       0m 27s  ...               12.12         0.31
27  2026-01-23 13:54:39       0m 29s  ...               32.69         0.79
28  2026-01-23 13:55:09       0m 26s  ...                2.15         0.06
29  2026-01-23 13:55:36       0m 26s  ...                2.94         0.07
30  2026-01-23 13:56:02       0m 27s  ...               12.91         0.30
31  2026-01-23 13:56:29       0m 28s  ...               42.77         1.19
32  2026-01-23 13:56:58       0m 33s  ...               65.54         1.89
33  2026-01-23 13:57:31       0m 28s  ...               10.11         0.24
34  2026-01-23 13:57:59       0m 26s  ...                4.05         0.11
35  2026-01-23 13:58:25       0m 26s  ...                1.89         0.05
36  2026-01-23 13:58:51       0m 26s  ...                5.54         0.15
37  2026-01-23 13:59:18       0m 25s  ...                0.46         0.01
38  2026-01-23 13:59:44       0m 25s  ...                1.59         0.04
39  2026-01-23 14:00:09       0m 31s  ...               43.85         1.03
40  2026-01-23 14:00:40       0m 33s  ...               61.84         1.56
41  2026-01-23 14:01:14       0m 33s  ...               46.89         1.19
42  2026-01-23 14:01:47       0m 38s  ...               80.70         2.32
43  2026-01-23 14:02:25       0m 27s  ...                2.90         0.07
44  2026-01-23 14:02:52       0m 27s  ...               11.56         0.29
45  2026-01-23 14:03:20       0m 27s  ...                4.11         0.11
46  2026-01-23 14:03:47       0m 27s  ...               11.45         0.30

[47 rows x 24 columns]
[2026-01-23 14:05:35,417] - [root] - [INFO] - Analysis finished: 0m 26s
[2026-01-23 14:05:35,417] - [root] - [INFO] - -------------------------------------------
[2026-01-23 14:05:35,417] - [root] - [INFO] - -------------------------------------------
[2026-01-23 14:05:35,417] - [root] - [INFO] - Processing 1-22-2026 5dpi 127-W2021009-292_R2.png
[2026-01-23 14:05:52,349] - [root] - [INFO] - Finished loading mask: 0m 16s
[2026-01-23 14:06:11,460] - [root] - [INFO] - Finished crop and inference: 0m 36s
[2026-01-23 14:06:13,033] - [root] - [INFO] - Analysis finished: 0m 37s
[2026-01-23 14:06:13,033] - [root] - [INFO] - -------------------------------------------
[2026-01-23 14:06:13,034] - [root] - [INFO] - -------------------------------------------
[2026-01-23 14:06:13,034] - [root] - [INFO] - Processing 1-22-2026 5dpi 128-W2021006-013_R1.png
[2026-01-23 14:06:30,937] - [root] - [INFO] - Finished loading mask: 0m 17s
[2026-01-23 14:06:47,255] - [root] - [INFO] - Finished crop and inference: 0m 34s
              timestamp time_elapsed  ... severity_rate_patch Gradient_sr2
0   2026-01-23 13:41:52       0m 24s  ...                1.74         0.04
1   2026-01-23 13:42:17       0m 25s  ...                4.36         0.11
2   2026-01-23 13:42:42       0m 26s  ...                0.85         0.02
3   2026-01-23 13:43:09       0m 29s  ...               25.47         0.67
4   2026-01-23 13:43:39       0m 30s  ...               37.39         0.99
5   2026-01-23 13:44:09       0m 26s  ...                0.45         0.01
6   2026-01-23 13:44:36       0m 29s  ...               38.62         0.91
7   2026-01-23 13:45:06       0m 29s  ...               19.86         0.56
8   2026-01-23 13:45:35       0m 29s  ...               39.61         1.05
9   2026-01-23 13:46:05       0m 26s  ...                1.79         0.05
10  2026-01-23 13:46:31       0m 26s  ...                2.79         0.07
11  2026-01-23 13:46:57       0m 28s  ...               20.77         0.49
12  2026-01-23 13:47:26       0m 27s  ...               20.60         0.51
13  2026-01-23 13:47:54       0m 27s  ...               15.28         0.35
14  2026-01-23 13:48:21       0m 30s  ...               30.18         0.79
15  2026-01-23 13:48:51       0m 29s  ...               19.25         0.48
16  2026-01-23 13:49:21       0m 38s  ...               85.84         2.58
17  2026-01-23 13:50:00       0m 26s  ...                0.76         0.02
18  2026-01-23 13:50:27       0m 28s  ...               23.22         0.57
19  2026-01-23 13:50:55       0m 34s  ...               62.76         1.72
20  2026-01-23 13:51:30       0m 26s  ...                1.10         0.03
21  2026-01-23 13:51:57       0m 28s  ...               19.31         0.52
22  2026-01-23 13:52:25       0m 30s  ...               42.05         1.16
23  2026-01-23 13:52:56       0m 24s  ...                6.56         0.18
24  2026-01-23 13:53:20       0m 24s  ...                1.51         0.04
25  2026-01-23 13:53:45       0m 26s  ...                8.51         0.22
26  2026-01-23 13:54:12       0m 27s  ...               12.12         0.31
27  2026-01-23 13:54:39       0m 29s  ...               32.69         0.79
28  2026-01-23 13:55:09       0m 26s  ...                2.15         0.06
29  2026-01-23 13:55:36       0m 26s  ...                2.94         0.07
30  2026-01-23 13:56:02       0m 27s  ...               12.91         0.30
31  2026-01-23 13:56:29       0m 28s  ...               42.77         1.19
32  2026-01-23 13:56:58       0m 33s  ...               65.54         1.89
33  2026-01-23 13:57:31       0m 28s  ...               10.11         0.24
34  2026-01-23 13:57:59       0m 26s  ...                4.05         0.11
35  2026-01-23 13:58:25       0m 26s  ...                1.89         0.05
36  2026-01-23 13:58:51       0m 26s  ...                5.54         0.15
37  2026-01-23 13:59:18       0m 25s  ...                0.46         0.01
38  2026-01-23 13:59:44       0m 25s  ...                1.59         0.04
39  2026-01-23 14:00:09       0m 31s  ...               43.85         1.03
40  2026-01-23 14:00:40       0m 33s  ...               61.84         1.56
41  2026-01-23 14:01:14       0m 33s  ...               46.89         1.19
42  2026-01-23 14:01:47       0m 38s  ...               80.70         2.32
43  2026-01-23 14:02:25       0m 27s  ...                2.90         0.07
44  2026-01-23 14:02:52       0m 27s  ...               11.56         0.29
45  2026-01-23 14:03:20       0m 27s  ...                4.11         0.11
46  2026-01-23 14:03:47       0m 27s  ...               11.45         0.30
47  2026-01-23 14:04:14       0m 27s  ...               11.80         0.25

[48 rows x 24 columns]
              timestamp time_elapsed  ... severity_rate_patch Gradient_sr2
0   2026-01-23 13:41:52       0m 24s  ...                1.74         0.04
1   2026-01-23 13:42:17       0m 25s  ...                4.36         0.11
2   2026-01-23 13:42:42       0m 26s  ...                0.85         0.02
3   2026-01-23 13:43:09       0m 29s  ...               25.47         0.67
4   2026-01-23 13:43:39       0m 30s  ...               37.39         0.99
5   2026-01-23 13:44:09       0m 26s  ...                0.45         0.01
6   2026-01-23 13:44:36       0m 29s  ...               38.62         0.91
7   2026-01-23 13:45:06       0m 29s  ...               19.86         0.56
8   2026-01-23 13:45:35       0m 29s  ...               39.61         1.05
9   2026-01-23 13:46:05       0m 26s  ...                1.79         0.05
10  2026-01-23 13:46:31       0m 26s  ...                2.79         0.07
11  2026-01-23 13:46:57       0m 28s  ...               20.77         0.49
12  2026-01-23 13:47:26       0m 27s  ...               20.60         0.51
13  2026-01-23 13:47:54       0m 27s  ...               15.28         0.35
14  2026-01-23 13:48:21       0m 30s  ...               30.18         0.79
15  2026-01-23 13:48:51       0m 29s  ...               19.25         0.48
16  2026-01-23 13:49:21       0m 38s  ...               85.84         2.58
17  2026-01-23 13:50:00       0m 26s  ...                0.76         0.02
18  2026-01-23 13:50:27       0m 28s  ...               23.22         0.57
19  2026-01-23 13:50:55       0m 34s  ...               62.76         1.72
20  2026-01-23 13:51:30       0m 26s  ...                1.10         0.03
21  2026-01-23 13:51:57       0m 28s  ...               19.31         0.52
22  2026-01-23 13:52:25       0m 30s  ...               42.05         1.16
23  2026-01-23 13:52:56       0m 24s  ...                6.56         0.18
24  2026-01-23 13:53:20       0m 24s  ...                1.51         0.04
25  2026-01-23 13:53:45       0m 26s  ...                8.51         0.22
26  2026-01-23 13:54:12       0m 27s  ...               12.12         0.31
27  2026-01-23 13:54:39       0m 29s  ...               32.69         0.79
28  2026-01-23 13:55:09       0m 26s  ...                2.15         0.06
29  2026-01-23 13:55:36       0m 26s  ...                2.94         0.07
30  2026-01-23 13:56:02       0m 27s  ...               12.91         0.30
31  2026-01-23 13:56:29       0m 28s  ...               42.77         1.19
32  2026-01-23 13:56:58       0m 33s  ...               65.54         1.89
33  2026-01-23 13:57:31       0m 28s  ...               10.11         0.24
34  2026-01-23 13:57:59       0m 26s  ...                4.05         0.11
35  2026-01-23 13:58:25       0m 26s  ...                1.89         0.05
36  2026-01-23 13:58:51       0m 26s  ...                5.54         0.15
37  2026-01-23 13:59:18       0m 25s  ...                0.46         0.01
38  2026-01-23 13:59:44       0m 25s  ...                1.59         0.04
39  2026-01-23 14:00:09       0m 31s  ...               43.85         1.03
40  2026-01-23 14:00:40       0m 33s  ...               61.84         1.56
41  2026-01-23 14:01:14       0m 33s  ...               46.89         1.19
42  2026-01-23 14:01:47       0m 38s  ...               80.70         2.32
43  2026-01-23 14:02:25       0m 27s  ...                2.90         0.07
44  2026-01-23 14:02:52       0m 27s  ...               11.56         0.29
45  2026-01-23 14:03:20       0m 27s  ...                4.11         0.11
46  2026-01-23 14:03:47       0m 27s  ...               11.45         0.30
47  2026-01-23 14:04:14       0m 27s  ...               11.80         0.25
48  2026-01-23 14:04:41       0m 27s  ...                6.42         0.18

[49 rows x 24 columns]
[2026-01-23 14:06:48,759] - [root] - [INFO] - Analysis finished: 0m 35s
[2026-01-23 14:06:48,759] - [root] - [INFO] - -------------------------------------------
[2026-01-23 14:06:48,759] - [root] - [INFO] - -------------------------------------------
[2026-01-23 14:06:48,759] - [root] - [INFO] - Processing 1-22-2026 5dpi 129-W2021006-119_R2.png
[2026-01-23 14:07:06,504] - [root] - [INFO] - Finished loading mask: 0m 17s
[2026-01-23 14:07:15,796] - [root] - [INFO] - Finished crop and inference: 0m 27s
[2026-01-23 14:07:17,353] - [root] - [INFO] - Analysis finished: 0m 28s
[2026-01-23 14:07:17,353] - [root] - [INFO] - -------------------------------------------
[2026-01-23 14:07:17,353] - [root] - [INFO] - -------------------------------------------
[2026-01-23 14:07:17,353] - [root] - [INFO] - Processing 1-22-2026 5dpi 132-W2021010-399_R1.png
[2026-01-23 14:07:34,037] - [root] - [INFO] - Finished loading mask: 0m 16s
[2026-01-23 14:07:41,972] - [root] - [INFO] - Finished crop and inference: 0m 24s
              timestamp time_elapsed  ... severity_rate_patch Gradient_sr2
0   2026-01-23 13:41:52       0m 24s  ...                1.74         0.04
1   2026-01-23 13:42:17       0m 25s  ...                4.36         0.11
2   2026-01-23 13:42:42       0m 26s  ...                0.85         0.02
3   2026-01-23 13:43:09       0m 29s  ...               25.47         0.67
4   2026-01-23 13:43:39       0m 30s  ...               37.39         0.99
5   2026-01-23 13:44:09       0m 26s  ...                0.45         0.01
6   2026-01-23 13:44:36       0m 29s  ...               38.62         0.91
7   2026-01-23 13:45:06       0m 29s  ...               19.86         0.56
8   2026-01-23 13:45:35       0m 29s  ...               39.61         1.05
9   2026-01-23 13:46:05       0m 26s  ...                1.79         0.05
10  2026-01-23 13:46:31       0m 26s  ...                2.79         0.07
11  2026-01-23 13:46:57       0m 28s  ...               20.77         0.49
12  2026-01-23 13:47:26       0m 27s  ...               20.60         0.51
13  2026-01-23 13:47:54       0m 27s  ...               15.28         0.35
14  2026-01-23 13:48:21       0m 30s  ...               30.18         0.79
15  2026-01-23 13:48:51       0m 29s  ...               19.25         0.48
16  2026-01-23 13:49:21       0m 38s  ...               85.84         2.58
17  2026-01-23 13:50:00       0m 26s  ...                0.76         0.02
18  2026-01-23 13:50:27       0m 28s  ...               23.22         0.57
19  2026-01-23 13:50:55       0m 34s  ...               62.76         1.72
20  2026-01-23 13:51:30       0m 26s  ...                1.10         0.03
21  2026-01-23 13:51:57       0m 28s  ...               19.31         0.52
22  2026-01-23 13:52:25       0m 30s  ...               42.05         1.16
23  2026-01-23 13:52:56       0m 24s  ...                6.56         0.18
24  2026-01-23 13:53:20       0m 24s  ...                1.51         0.04
25  2026-01-23 13:53:45       0m 26s  ...                8.51         0.22
26  2026-01-23 13:54:12       0m 27s  ...               12.12         0.31
27  2026-01-23 13:54:39       0m 29s  ...               32.69         0.79
28  2026-01-23 13:55:09       0m 26s  ...                2.15         0.06
29  2026-01-23 13:55:36       0m 26s  ...                2.94         0.07
30  2026-01-23 13:56:02       0m 27s  ...               12.91         0.30
31  2026-01-23 13:56:29       0m 28s  ...               42.77         1.19
32  2026-01-23 13:56:58       0m 33s  ...               65.54         1.89
33  2026-01-23 13:57:31       0m 28s  ...               10.11         0.24
34  2026-01-23 13:57:59       0m 26s  ...                4.05         0.11
35  2026-01-23 13:58:25       0m 26s  ...                1.89         0.05
36  2026-01-23 13:58:51       0m 26s  ...                5.54         0.15
37  2026-01-23 13:59:18       0m 25s  ...                0.46         0.01
38  2026-01-23 13:59:44       0m 25s  ...                1.59         0.04
39  2026-01-23 14:00:09       0m 31s  ...               43.85         1.03
40  2026-01-23 14:00:40       0m 33s  ...               61.84         1.56
41  2026-01-23 14:01:14       0m 33s  ...               46.89         1.19
42  2026-01-23 14:01:47       0m 38s  ...               80.70         2.32
43  2026-01-23 14:02:25       0m 27s  ...                2.90         0.07
44  2026-01-23 14:02:52       0m 27s  ...               11.56         0.29
45  2026-01-23 14:03:20       0m 27s  ...                4.11         0.11
46  2026-01-23 14:03:47       0m 27s  ...               11.45         0.30
47  2026-01-23 14:04:14       0m 27s  ...               11.80         0.25
48  2026-01-23 14:04:41       0m 27s  ...                6.42         0.18
49  2026-01-23 14:05:09       0m 26s  ...                0.78         0.02

[50 rows x 24 columns]
              timestamp time_elapsed  ... severity_rate_patch Gradient_sr2
0   2026-01-23 13:41:52       0m 24s  ...                1.74         0.04
1   2026-01-23 13:42:17       0m 25s  ...                4.36         0.11
2   2026-01-23 13:42:42       0m 26s  ...                0.85         0.02
3   2026-01-23 13:43:09       0m 29s  ...               25.47         0.67
4   2026-01-23 13:43:39       0m 30s  ...               37.39         0.99
5   2026-01-23 13:44:09       0m 26s  ...                0.45         0.01
6   2026-01-23 13:44:36       0m 29s  ...               38.62         0.91
7   2026-01-23 13:45:06       0m 29s  ...               19.86         0.56
8   2026-01-23 13:45:35       0m 29s  ...               39.61         1.05
9   2026-01-23 13:46:05       0m 26s  ...                1.79         0.05
10  2026-01-23 13:46:31       0m 26s  ...                2.79         0.07
11  2026-01-23 13:46:57       0m 28s  ...               20.77         0.49
12  2026-01-23 13:47:26       0m 27s  ...               20.60         0.51
13  2026-01-23 13:47:54       0m 27s  ...               15.28         0.35
14  2026-01-23 13:48:21       0m 30s  ...               30.18         0.79
15  2026-01-23 13:48:51       0m 29s  ...               19.25         0.48
16  2026-01-23 13:49:21       0m 38s  ...               85.84         2.58
17  2026-01-23 13:50:00       0m 26s  ...                0.76         0.02
18  2026-01-23 13:50:27       0m 28s  ...               23.22         0.57
19  2026-01-23 13:50:55       0m 34s  ...               62.76         1.72
20  2026-01-23 13:51:30       0m 26s  ...                1.10         0.03
21  2026-01-23 13:51:57       0m 28s  ...               19.31         0.52
22  2026-01-23 13:52:25       0m 30s  ...               42.05         1.16
23  2026-01-23 13:52:56       0m 24s  ...                6.56         0.18
24  2026-01-23 13:53:20       0m 24s  ...                1.51         0.04
25  2026-01-23 13:53:45       0m 26s  ...                8.51         0.22
26  2026-01-23 13:54:12       0m 27s  ...               12.12         0.31
27  2026-01-23 13:54:39       0m 29s  ...               32.69         0.79
28  2026-01-23 13:55:09       0m 26s  ...                2.15         0.06
29  2026-01-23 13:55:36       0m 26s  ...                2.94         0.07
30  2026-01-23 13:56:02       0m 27s  ...               12.91         0.30
31  2026-01-23 13:56:29       0m 28s  ...               42.77         1.19
32  2026-01-23 13:56:58       0m 33s  ...               65.54         1.89
33  2026-01-23 13:57:31       0m 28s  ...               10.11         0.24
34  2026-01-23 13:57:59       0m 26s  ...                4.05         0.11
35  2026-01-23 13:58:25       0m 26s  ...                1.89         0.05
36  2026-01-23 13:58:51       0m 26s  ...                5.54         0.15
37  2026-01-23 13:59:18       0m 25s  ...                0.46         0.01
38  2026-01-23 13:59:44       0m 25s  ...                1.59         0.04
39  2026-01-23 14:00:09       0m 31s  ...               43.85         1.03
40  2026-01-23 14:00:40       0m 33s  ...               61.84         1.56
41  2026-01-23 14:01:14       0m 33s  ...               46.89         1.19
42  2026-01-23 14:01:47       0m 38s  ...               80.70         2.32
43  2026-01-23 14:02:25       0m 27s  ...                2.90         0.07
44  2026-01-23 14:02:52       0m 27s  ...               11.56         0.29
45  2026-01-23 14:03:20       0m 27s  ...                4.11         0.11
46  2026-01-23 14:03:47       0m 27s  ...               11.45         0.30
47  2026-01-23 14:04:14       0m 27s  ...               11.80         0.25
48  2026-01-23 14:04:41       0m 27s  ...                6.42         0.18
49  2026-01-23 14:05:09       0m 26s  ...                0.78         0.02
50  2026-01-23 14:05:35       0m 37s  ...               83.75         2.58

[51 rows x 24 columns]
[2026-01-23 14:07:43,452] - [root] - [INFO] - Analysis finished: 0m 26s
[2026-01-23 14:07:43,452] - [root] - [INFO] - -------------------------------------------
[2026-01-23 14:07:43,452] - [root] - [INFO] - -------------------------------------------
[2026-01-23 14:07:43,453] - [root] - [INFO] - Processing 1-22-2026 5dpi 132-W2021011-644_R2.png
[2026-01-23 14:08:00,086] - [root] - [INFO] - Finished loading mask: 0m 16s
[2026-01-23 14:08:09,789] - [root] - [INFO] - Finished crop and inference: 0m 26s
              timestamp time_elapsed  ... severity_rate_patch Gradient_sr2
0   2026-01-23 13:41:52       0m 24s  ...                1.74         0.04
1   2026-01-23 13:42:17       0m 25s  ...                4.36         0.11
2   2026-01-23 13:42:42       0m 26s  ...                0.85         0.02
3   2026-01-23 13:43:09       0m 29s  ...               25.47         0.67
4   2026-01-23 13:43:39       0m 30s  ...               37.39         0.99
5   2026-01-23 13:44:09       0m 26s  ...                0.45         0.01
6   2026-01-23 13:44:36       0m 29s  ...               38.62         0.91
7   2026-01-23 13:45:06       0m 29s  ...               19.86         0.56
8   2026-01-23 13:45:35       0m 29s  ...               39.61         1.05
9   2026-01-23 13:46:05       0m 26s  ...                1.79         0.05
10  2026-01-23 13:46:31       0m 26s  ...                2.79         0.07
11  2026-01-23 13:46:57       0m 28s  ...               20.77         0.49
12  2026-01-23 13:47:26       0m 27s  ...               20.60         0.51
13  2026-01-23 13:47:54       0m 27s  ...               15.28         0.35
14  2026-01-23 13:48:21       0m 30s  ...               30.18         0.79
15  2026-01-23 13:48:51       0m 29s  ...               19.25         0.48
16  2026-01-23 13:49:21       0m 38s  ...               85.84         2.58
17  2026-01-23 13:50:00       0m 26s  ...                0.76         0.02
18  2026-01-23 13:50:27       0m 28s  ...               23.22         0.57
19  2026-01-23 13:50:55       0m 34s  ...               62.76         1.72
20  2026-01-23 13:51:30       0m 26s  ...                1.10         0.03
21  2026-01-23 13:51:57       0m 28s  ...               19.31         0.52
22  2026-01-23 13:52:25       0m 30s  ...               42.05         1.16
23  2026-01-23 13:52:56       0m 24s  ...                6.56         0.18
24  2026-01-23 13:53:20       0m 24s  ...                1.51         0.04
25  2026-01-23 13:53:45       0m 26s  ...                8.51         0.22
26  2026-01-23 13:54:12       0m 27s  ...               12.12         0.31
27  2026-01-23 13:54:39       0m 29s  ...               32.69         0.79
28  2026-01-23 13:55:09       0m 26s  ...                2.15         0.06
29  2026-01-23 13:55:36       0m 26s  ...                2.94         0.07
30  2026-01-23 13:56:02       0m 27s  ...               12.91         0.30
31  2026-01-23 13:56:29       0m 28s  ...               42.77         1.19
32  2026-01-23 13:56:58       0m 33s  ...               65.54         1.89
33  2026-01-23 13:57:31       0m 28s  ...               10.11         0.24
34  2026-01-23 13:57:59       0m 26s  ...                4.05         0.11
35  2026-01-23 13:58:25       0m 26s  ...                1.89         0.05
36  2026-01-23 13:58:51       0m 26s  ...                5.54         0.15
37  2026-01-23 13:59:18       0m 25s  ...                0.46         0.01
38  2026-01-23 13:59:44       0m 25s  ...                1.59         0.04
39  2026-01-23 14:00:09       0m 31s  ...               43.85         1.03
40  2026-01-23 14:00:40       0m 33s  ...               61.84         1.56
41  2026-01-23 14:01:14       0m 33s  ...               46.89         1.19
42  2026-01-23 14:01:47       0m 38s  ...               80.70         2.32
43  2026-01-23 14:02:25       0m 27s  ...                2.90         0.07
44  2026-01-23 14:02:52       0m 27s  ...               11.56         0.29
45  2026-01-23 14:03:20       0m 27s  ...                4.11         0.11
46  2026-01-23 14:03:47       0m 27s  ...               11.45         0.30
47  2026-01-23 14:04:14       0m 27s  ...               11.80         0.25
48  2026-01-23 14:04:41       0m 27s  ...                6.42         0.18
49  2026-01-23 14:05:09       0m 26s  ...                0.78         0.02
50  2026-01-23 14:05:35       0m 37s  ...               83.75         2.58
51  2026-01-23 14:06:13       0m 35s  ...               77.72         2.05

[52 rows x 24 columns]
              timestamp time_elapsed  ... severity_rate_patch Gradient_sr2
0   2026-01-23 13:41:52       0m 24s  ...                1.74         0.04
1   2026-01-23 13:42:17       0m 25s  ...                4.36         0.11
2   2026-01-23 13:42:42       0m 26s  ...                0.85         0.02
3   2026-01-23 13:43:09       0m 29s  ...               25.47         0.67
4   2026-01-23 13:43:39       0m 30s  ...               37.39         0.99
5   2026-01-23 13:44:09       0m 26s  ...                0.45         0.01
6   2026-01-23 13:44:36       0m 29s  ...               38.62         0.91
7   2026-01-23 13:45:06       0m 29s  ...               19.86         0.56
8   2026-01-23 13:45:35       0m 29s  ...               39.61         1.05
9   2026-01-23 13:46:05       0m 26s  ...                1.79         0.05
10  2026-01-23 13:46:31       0m 26s  ...                2.79         0.07
11  2026-01-23 13:46:57       0m 28s  ...               20.77         0.49
12  2026-01-23 13:47:26       0m 27s  ...               20.60         0.51
13  2026-01-23 13:47:54       0m 27s  ...               15.28         0.35
14  2026-01-23 13:48:21       0m 30s  ...               30.18         0.79
15  2026-01-23 13:48:51       0m 29s  ...               19.25         0.48
16  2026-01-23 13:49:21       0m 38s  ...               85.84         2.58
17  2026-01-23 13:50:00       0m 26s  ...                0.76         0.02
18  2026-01-23 13:50:27       0m 28s  ...               23.22         0.57
19  2026-01-23 13:50:55       0m 34s  ...               62.76         1.72
20  2026-01-23 13:51:30       0m 26s  ...                1.10         0.03
21  2026-01-23 13:51:57       0m 28s  ...               19.31         0.52
22  2026-01-23 13:52:25       0m 30s  ...               42.05         1.16
23  2026-01-23 13:52:56       0m 24s  ...                6.56         0.18
24  2026-01-23 13:53:20       0m 24s  ...                1.51         0.04
25  2026-01-23 13:53:45       0m 26s  ...                8.51         0.22
26  2026-01-23 13:54:12       0m 27s  ...               12.12         0.31
27  2026-01-23 13:54:39       0m 29s  ...               32.69         0.79
28  2026-01-23 13:55:09       0m 26s  ...                2.15         0.06
29  2026-01-23 13:55:36       0m 26s  ...                2.94         0.07
30  2026-01-23 13:56:02       0m 27s  ...               12.91         0.30
31  2026-01-23 13:56:29       0m 28s  ...               42.77         1.19
32  2026-01-23 13:56:58       0m 33s  ...               65.54         1.89
33  2026-01-23 13:57:31       0m 28s  ...               10.11         0.24
34  2026-01-23 13:57:59       0m 26s  ...                4.05         0.11
35  2026-01-23 13:58:25       0m 26s  ...                1.89         0.05
36  2026-01-23 13:58:51       0m 26s  ...                5.54         0.15
37  2026-01-23 13:59:18       0m 25s  ...                0.46         0.01
38  2026-01-23 13:59:44       0m 25s  ...                1.59         0.04
39  2026-01-23 14:00:09       0m 31s  ...               43.85         1.03
40  2026-01-23 14:00:40       0m 33s  ...               61.84         1.56
41  2026-01-23 14:01:14       0m 33s  ...               46.89         1.19
42  2026-01-23 14:01:47       0m 38s  ...               80.70         2.32
43  2026-01-23 14:02:25       0m 27s  ...                2.90         0.07
44  2026-01-23 14:02:52       0m 27s  ...               11.56         0.29
45  2026-01-23 14:03:20       0m 27s  ...                4.11         0.11
46  2026-01-23 14:03:47       0m 27s  ...               11.45         0.30
47  2026-01-23 14:04:14       0m 27s  ...               11.80         0.25
48  2026-01-23 14:04:41       0m 27s  ...                6.42         0.18
49  2026-01-23 14:05:09       0m 26s  ...                0.78         0.02
50  2026-01-23 14:05:35       0m 37s  ...               83.75         2.58
51  2026-01-23 14:06:13       0m 35s  ...               77.72         2.05
52  2026-01-23 14:06:48       0m 28s  ...                8.96         0.25

[53 rows x 24 columns]
[2026-01-23 14:08:11,259] - [root] - [INFO] - Analysis finished: 0m 27s
[2026-01-23 14:08:11,259] - [root] - [INFO] - -------------------------------------------
[2026-01-23 14:08:11,259] - [root] - [INFO] - -------------------------------------------
[2026-01-23 14:08:11,259] - [root] - [INFO] - Processing 1-22-2026 5dpi 134-W2021006-001_R1.png
[2026-01-23 14:08:28,200] - [root] - [INFO] - Finished loading mask: 0m 16s
[2026-01-23 14:08:42,082] - [root] - [INFO] - Finished crop and inference: 0m 30s
              timestamp time_elapsed  ... severity_rate_patch Gradient_sr2
0   2026-01-23 13:41:52       0m 24s  ...                1.74         0.04
1   2026-01-23 13:42:17       0m 25s  ...                4.36         0.11
2   2026-01-23 13:42:42       0m 26s  ...                0.85         0.02
3   2026-01-23 13:43:09       0m 29s  ...               25.47         0.67
4   2026-01-23 13:43:39       0m 30s  ...               37.39         0.99
5   2026-01-23 13:44:09       0m 26s  ...                0.45         0.01
6   2026-01-23 13:44:36       0m 29s  ...               38.62         0.91
7   2026-01-23 13:45:06       0m 29s  ...               19.86         0.56
8   2026-01-23 13:45:35       0m 29s  ...               39.61         1.05
9   2026-01-23 13:46:05       0m 26s  ...                1.79         0.05
10  2026-01-23 13:46:31       0m 26s  ...                2.79         0.07
11  2026-01-23 13:46:57       0m 28s  ...               20.77         0.49
12  2026-01-23 13:47:26       0m 27s  ...               20.60         0.51
13  2026-01-23 13:47:54       0m 27s  ...               15.28         0.35
14  2026-01-23 13:48:21       0m 30s  ...               30.18         0.79
15  2026-01-23 13:48:51       0m 29s  ...               19.25         0.48
16  2026-01-23 13:49:21       0m 38s  ...               85.84         2.58
17  2026-01-23 13:50:00       0m 26s  ...                0.76         0.02
18  2026-01-23 13:50:27       0m 28s  ...               23.22         0.57
19  2026-01-23 13:50:55       0m 34s  ...               62.76         1.72
20  2026-01-23 13:51:30       0m 26s  ...                1.10         0.03
21  2026-01-23 13:51:57       0m 28s  ...               19.31         0.52
22  2026-01-23 13:52:25       0m 30s  ...               42.05         1.16
23  2026-01-23 13:52:56       0m 24s  ...                6.56         0.18
24  2026-01-23 13:53:20       0m 24s  ...                1.51         0.04
25  2026-01-23 13:53:45       0m 26s  ...                8.51         0.22
26  2026-01-23 13:54:12       0m 27s  ...               12.12         0.31
27  2026-01-23 13:54:39       0m 29s  ...               32.69         0.79
28  2026-01-23 13:55:09       0m 26s  ...                2.15         0.06
29  2026-01-23 13:55:36       0m 26s  ...                2.94         0.07
30  2026-01-23 13:56:02       0m 27s  ...               12.91         0.30
31  2026-01-23 13:56:29       0m 28s  ...               42.77         1.19
32  2026-01-23 13:56:58       0m 33s  ...               65.54         1.89
33  2026-01-23 13:57:31       0m 28s  ...               10.11         0.24
34  2026-01-23 13:57:59       0m 26s  ...                4.05         0.11
35  2026-01-23 13:58:25       0m 26s  ...                1.89         0.05
36  2026-01-23 13:58:51       0m 26s  ...                5.54         0.15
37  2026-01-23 13:59:18       0m 25s  ...                0.46         0.01
38  2026-01-23 13:59:44       0m 25s  ...                1.59         0.04
39  2026-01-23 14:00:09       0m 31s  ...               43.85         1.03
40  2026-01-23 14:00:40       0m 33s  ...               61.84         1.56
41  2026-01-23 14:01:14       0m 33s  ...               46.89         1.19
42  2026-01-23 14:01:47       0m 38s  ...               80.70         2.32
43  2026-01-23 14:02:25       0m 27s  ...                2.90         0.07
44  2026-01-23 14:02:52       0m 27s  ...               11.56         0.29
45  2026-01-23 14:03:20       0m 27s  ...                4.11         0.11
46  2026-01-23 14:03:47       0m 27s  ...               11.45         0.30
47  2026-01-23 14:04:14       0m 27s  ...               11.80         0.25
48  2026-01-23 14:04:41       0m 27s  ...                6.42         0.18
49  2026-01-23 14:05:09       0m 26s  ...                0.78         0.02
50  2026-01-23 14:05:35       0m 37s  ...               83.75         2.58
51  2026-01-23 14:06:13       0m 35s  ...               77.72         2.05
52  2026-01-23 14:06:48       0m 28s  ...                8.96         0.25
53  2026-01-23 14:07:17       0m 26s  ...                1.10         0.03

[54 rows x 24 columns]
[2026-01-23 14:08:43,557] - [root] - [INFO] - Analysis finished: 0m 32s
[2026-01-23 14:08:43,557] - [root] - [INFO] - -------------------------------------------
[2026-01-23 14:08:43,558] - [root] - [INFO] - -------------------------------------------
[2026-01-23 14:08:43,558] - [root] - [INFO] - Processing 1-22-2026 5dpi 134-W2021009-275_R1.png
[2026-01-23 14:09:01,149] - [root] - [INFO] - Finished loading mask: 0m 17s
[2026-01-23 14:09:12,826] - [root] - [INFO] - Finished crop and inference: 0m 29s
              timestamp time_elapsed  ... severity_rate_patch Gradient_sr2
0   2026-01-23 13:41:52       0m 24s  ...                1.74         0.04
1   2026-01-23 13:42:17       0m 25s  ...                4.36         0.11
2   2026-01-23 13:42:42       0m 26s  ...                0.85         0.02
3   2026-01-23 13:43:09       0m 29s  ...               25.47         0.67
4   2026-01-23 13:43:39       0m 30s  ...               37.39         0.99
5   2026-01-23 13:44:09       0m 26s  ...                0.45         0.01
6   2026-01-23 13:44:36       0m 29s  ...               38.62         0.91
7   2026-01-23 13:45:06       0m 29s  ...               19.86         0.56
8   2026-01-23 13:45:35       0m 29s  ...               39.61         1.05
9   2026-01-23 13:46:05       0m 26s  ...                1.79         0.05
10  2026-01-23 13:46:31       0m 26s  ...                2.79         0.07
11  2026-01-23 13:46:57       0m 28s  ...               20.77         0.49
12  2026-01-23 13:47:26       0m 27s  ...               20.60         0.51
13  2026-01-23 13:47:54       0m 27s  ...               15.28         0.35
14  2026-01-23 13:48:21       0m 30s  ...               30.18         0.79
15  2026-01-23 13:48:51       0m 29s  ...               19.25         0.48
16  2026-01-23 13:49:21       0m 38s  ...               85.84         2.58
17  2026-01-23 13:50:00       0m 26s  ...                0.76         0.02
18  2026-01-23 13:50:27       0m 28s  ...               23.22         0.57
19  2026-01-23 13:50:55       0m 34s  ...               62.76         1.72
20  2026-01-23 13:51:30       0m 26s  ...                1.10         0.03
21  2026-01-23 13:51:57       0m 28s  ...               19.31         0.52
22  2026-01-23 13:52:25       0m 30s  ...               42.05         1.16
23  2026-01-23 13:52:56       0m 24s  ...                6.56         0.18
24  2026-01-23 13:53:20       0m 24s  ...                1.51         0.04
25  2026-01-23 13:53:45       0m 26s  ...                8.51         0.22
26  2026-01-23 13:54:12       0m 27s  ...               12.12         0.31
27  2026-01-23 13:54:39       0m 29s  ...               32.69         0.79
28  2026-01-23 13:55:09       0m 26s  ...                2.15         0.06
29  2026-01-23 13:55:36       0m 26s  ...                2.94         0.07
30  2026-01-23 13:56:02       0m 27s  ...               12.91         0.30
31  2026-01-23 13:56:29       0m 28s  ...               42.77         1.19
32  2026-01-23 13:56:58       0m 33s  ...               65.54         1.89
33  2026-01-23 13:57:31       0m 28s  ...               10.11         0.24
34  2026-01-23 13:57:59       0m 26s  ...                4.05         0.11
35  2026-01-23 13:58:25       0m 26s  ...                1.89         0.05
36  2026-01-23 13:58:51       0m 26s  ...                5.54         0.15
37  2026-01-23 13:59:18       0m 25s  ...                0.46         0.01
38  2026-01-23 13:59:44       0m 25s  ...                1.59         0.04
39  2026-01-23 14:00:09       0m 31s  ...               43.85         1.03
40  2026-01-23 14:00:40       0m 33s  ...               61.84         1.56
41  2026-01-23 14:01:14       0m 33s  ...               46.89         1.19
42  2026-01-23 14:01:47       0m 38s  ...               80.70         2.32
43  2026-01-23 14:02:25       0m 27s  ...                2.90         0.07
44  2026-01-23 14:02:52       0m 27s  ...               11.56         0.29
45  2026-01-23 14:03:20       0m 27s  ...                4.11         0.11
46  2026-01-23 14:03:47       0m 27s  ...               11.45         0.30
47  2026-01-23 14:04:14       0m 27s  ...               11.80         0.25
48  2026-01-23 14:04:41       0m 27s  ...                6.42         0.18
49  2026-01-23 14:05:09       0m 26s  ...                0.78         0.02
50  2026-01-23 14:05:35       0m 37s  ...               83.75         2.58
51  2026-01-23 14:06:13       0m 35s  ...               77.72         2.05
52  2026-01-23 14:06:48       0m 28s  ...                8.96         0.25
53  2026-01-23 14:07:17       0m 26s  ...                1.10         0.03
54  2026-01-23 14:07:43       0m 27s  ...               11.62         0.29

[55 rows x 24 columns]
[2026-01-23 14:09:14,284] - [root] - [INFO] - Analysis finished: 0m 30s
[2026-01-23 14:09:14,284] - [root] - [INFO] - -------------------------------------------
[2026-01-23 14:09:14,284] - [root] - [INFO] - -------------------------------------------
[2026-01-23 14:09:14,284] - [root] - [INFO] - Processing 1-22-2026 5dpi 137-W2021010-342_R2.png
[2026-01-23 14:09:31,573] - [root] - [INFO] - Finished loading mask: 0m 17s
[2026-01-23 14:09:39,950] - [root] - [INFO] - Finished crop and inference: 0m 25s
              timestamp time_elapsed  ... severity_rate_patch Gradient_sr2
0   2026-01-23 13:41:52       0m 24s  ...                1.74         0.04
1   2026-01-23 13:42:17       0m 25s  ...                4.36         0.11
2   2026-01-23 13:42:42       0m 26s  ...                0.85         0.02
3   2026-01-23 13:43:09       0m 29s  ...               25.47         0.67
4   2026-01-23 13:43:39       0m 30s  ...               37.39         0.99
5   2026-01-23 13:44:09       0m 26s  ...                0.45         0.01
6   2026-01-23 13:44:36       0m 29s  ...               38.62         0.91
7   2026-01-23 13:45:06       0m 29s  ...               19.86         0.56
8   2026-01-23 13:45:35       0m 29s  ...               39.61         1.05
9   2026-01-23 13:46:05       0m 26s  ...                1.79         0.05
10  2026-01-23 13:46:31       0m 26s  ...                2.79         0.07
11  2026-01-23 13:46:57       0m 28s  ...               20.77         0.49
12  2026-01-23 13:47:26       0m 27s  ...               20.60         0.51
13  2026-01-23 13:47:54       0m 27s  ...               15.28         0.35
14  2026-01-23 13:48:21       0m 30s  ...               30.18         0.79
15  2026-01-23 13:48:51       0m 29s  ...               19.25         0.48
16  2026-01-23 13:49:21       0m 38s  ...               85.84         2.58
17  2026-01-23 13:50:00       0m 26s  ...                0.76         0.02
18  2026-01-23 13:50:27       0m 28s  ...               23.22         0.57
19  2026-01-23 13:50:55       0m 34s  ...               62.76         1.72
20  2026-01-23 13:51:30       0m 26s  ...                1.10         0.03
21  2026-01-23 13:51:57       0m 28s  ...               19.31         0.52
22  2026-01-23 13:52:25       0m 30s  ...               42.05         1.16
23  2026-01-23 13:52:56       0m 24s  ...                6.56         0.18
24  2026-01-23 13:53:20       0m 24s  ...                1.51         0.04
25  2026-01-23 13:53:45       0m 26s  ...                8.51         0.22
26  2026-01-23 13:54:12       0m 27s  ...               12.12         0.31
27  2026-01-23 13:54:39       0m 29s  ...               32.69         0.79
28  2026-01-23 13:55:09       0m 26s  ...                2.15         0.06
29  2026-01-23 13:55:36       0m 26s  ...                2.94         0.07
30  2026-01-23 13:56:02       0m 27s  ...               12.91         0.30
31  2026-01-23 13:56:29       0m 28s  ...               42.77         1.19
32  2026-01-23 13:56:58       0m 33s  ...               65.54         1.89
33  2026-01-23 13:57:31       0m 28s  ...               10.11         0.24
34  2026-01-23 13:57:59       0m 26s  ...                4.05         0.11
35  2026-01-23 13:58:25       0m 26s  ...                1.89         0.05
36  2026-01-23 13:58:51       0m 26s  ...                5.54         0.15
37  2026-01-23 13:59:18       0m 25s  ...                0.46         0.01
38  2026-01-23 13:59:44       0m 25s  ...                1.59         0.04
39  2026-01-23 14:00:09       0m 31s  ...               43.85         1.03
40  2026-01-23 14:00:40       0m 33s  ...               61.84         1.56
41  2026-01-23 14:01:14       0m 33s  ...               46.89         1.19
42  2026-01-23 14:01:47       0m 38s  ...               80.70         2.32
43  2026-01-23 14:02:25       0m 27s  ...                2.90         0.07
44  2026-01-23 14:02:52       0m 27s  ...               11.56         0.29
45  2026-01-23 14:03:20       0m 27s  ...                4.11         0.11
46  2026-01-23 14:03:47       0m 27s  ...               11.45         0.30
47  2026-01-23 14:04:14       0m 27s  ...               11.80         0.25
48  2026-01-23 14:04:41       0m 27s  ...                6.42         0.18
49  2026-01-23 14:05:09       0m 26s  ...                0.78         0.02
50  2026-01-23 14:05:35       0m 37s  ...               83.75         2.58
51  2026-01-23 14:06:13       0m 35s  ...               77.72         2.05
52  2026-01-23 14:06:48       0m 28s  ...                8.96         0.25
53  2026-01-23 14:07:17       0m 26s  ...                1.10         0.03
54  2026-01-23 14:07:43       0m 27s  ...               11.62         0.29
55  2026-01-23 14:08:11       0m 32s  ...               55.20         1.46

[56 rows x 24 columns]
[2026-01-23 14:09:41,457] - [root] - [INFO] - Analysis finished: 0m 27s
[2026-01-23 14:09:41,457] - [root] - [INFO] - -------------------------------------------
[2026-01-23 14:09:41,457] - [root] - [INFO] - -------------------------------------------
[2026-01-23 14:09:41,457] - [root] - [INFO] - Processing 1-22-2026 5dpi 138-W2021010-446_R1.png
[2026-01-23 14:09:58,210] - [root] - [INFO] - Finished loading mask: 0m 16s
[2026-01-23 14:10:07,145] - [root] - [INFO] - Finished crop and inference: 0m 25s
              timestamp time_elapsed  ... severity_rate_patch Gradient_sr2
0   2026-01-23 13:41:52       0m 24s  ...                1.74         0.04
1   2026-01-23 13:42:17       0m 25s  ...                4.36         0.11
2   2026-01-23 13:42:42       0m 26s  ...                0.85         0.02
3   2026-01-23 13:43:09       0m 29s  ...               25.47         0.67
4   2026-01-23 13:43:39       0m 30s  ...               37.39         0.99
5   2026-01-23 13:44:09       0m 26s  ...                0.45         0.01
6   2026-01-23 13:44:36       0m 29s  ...               38.62         0.91
7   2026-01-23 13:45:06       0m 29s  ...               19.86         0.56
8   2026-01-23 13:45:35       0m 29s  ...               39.61         1.05
9   2026-01-23 13:46:05       0m 26s  ...                1.79         0.05
10  2026-01-23 13:46:31       0m 26s  ...                2.79         0.07
11  2026-01-23 13:46:57       0m 28s  ...               20.77         0.49
12  2026-01-23 13:47:26       0m 27s  ...               20.60         0.51
13  2026-01-23 13:47:54       0m 27s  ...               15.28         0.35
14  2026-01-23 13:48:21       0m 30s  ...               30.18         0.79
15  2026-01-23 13:48:51       0m 29s  ...               19.25         0.48
16  2026-01-23 13:49:21       0m 38s  ...               85.84         2.58
17  2026-01-23 13:50:00       0m 26s  ...                0.76         0.02
18  2026-01-23 13:50:27       0m 28s  ...               23.22         0.57
19  2026-01-23 13:50:55       0m 34s  ...               62.76         1.72
20  2026-01-23 13:51:30       0m 26s  ...                1.10         0.03
21  2026-01-23 13:51:57       0m 28s  ...               19.31         0.52
22  2026-01-23 13:52:25       0m 30s  ...               42.05         1.16
23  2026-01-23 13:52:56       0m 24s  ...                6.56         0.18
24  2026-01-23 13:53:20       0m 24s  ...                1.51         0.04
25  2026-01-23 13:53:45       0m 26s  ...                8.51         0.22
26  2026-01-23 13:54:12       0m 27s  ...               12.12         0.31
27  2026-01-23 13:54:39       0m 29s  ...               32.69         0.79
28  2026-01-23 13:55:09       0m 26s  ...                2.15         0.06
29  2026-01-23 13:55:36       0m 26s  ...                2.94         0.07
30  2026-01-23 13:56:02       0m 27s  ...               12.91         0.30
31  2026-01-23 13:56:29       0m 28s  ...               42.77         1.19
32  2026-01-23 13:56:58       0m 33s  ...               65.54         1.89
33  2026-01-23 13:57:31       0m 28s  ...               10.11         0.24
34  2026-01-23 13:57:59       0m 26s  ...                4.05         0.11
35  2026-01-23 13:58:25       0m 26s  ...                1.89         0.05
36  2026-01-23 13:58:51       0m 26s  ...                5.54         0.15
37  2026-01-23 13:59:18       0m 25s  ...                0.46         0.01
38  2026-01-23 13:59:44       0m 25s  ...                1.59         0.04
39  2026-01-23 14:00:09       0m 31s  ...               43.85         1.03
40  2026-01-23 14:00:40       0m 33s  ...               61.84         1.56
41  2026-01-23 14:01:14       0m 33s  ...               46.89         1.19
42  2026-01-23 14:01:47       0m 38s  ...               80.70         2.32
43  2026-01-23 14:02:25       0m 27s  ...                2.90         0.07
44  2026-01-23 14:02:52       0m 27s  ...               11.56         0.29
45  2026-01-23 14:03:20       0m 27s  ...                4.11         0.11
46  2026-01-23 14:03:47       0m 27s  ...               11.45         0.30
47  2026-01-23 14:04:14       0m 27s  ...               11.80         0.25
48  2026-01-23 14:04:41       0m 27s  ...                6.42         0.18
49  2026-01-23 14:05:09       0m 26s  ...                0.78         0.02
50  2026-01-23 14:05:35       0m 37s  ...               83.75         2.58
51  2026-01-23 14:06:13       0m 35s  ...               77.72         2.05
52  2026-01-23 14:06:48       0m 28s  ...                8.96         0.25
53  2026-01-23 14:07:17       0m 26s  ...                1.10         0.03
54  2026-01-23 14:07:43       0m 27s  ...               11.62         0.29
55  2026-01-23 14:08:11       0m 32s  ...               55.20         1.46
56  2026-01-23 14:08:43       0m 30s  ...               34.44         0.83

[57 rows x 24 columns]
[2026-01-23 14:10:08,648] - [root] - [INFO] - Analysis finished: 0m 27s
[2026-01-23 14:10:08,648] - [root] - [INFO] - -------------------------------------------
[2026-01-23 14:10:08,648] - [root] - [INFO] - -------------------------------------------
[2026-01-23 14:10:08,648] - [root] - [INFO] - Processing 1-22-2026 5dpi 141-W2021009-274_R1.png
[2026-01-23 14:10:25,604] - [root] - [INFO] - Finished loading mask: 0m 16s
[2026-01-23 14:10:46,218] - [root] - [INFO] - Finished crop and inference: 0m 37s
              timestamp time_elapsed  ... severity_rate_patch Gradient_sr2
0   2026-01-23 13:41:52       0m 24s  ...                1.74         0.04
1   2026-01-23 13:42:17       0m 25s  ...                4.36         0.11
2   2026-01-23 13:42:42       0m 26s  ...                0.85         0.02
3   2026-01-23 13:43:09       0m 29s  ...               25.47         0.67
4   2026-01-23 13:43:39       0m 30s  ...               37.39         0.99
5   2026-01-23 13:44:09       0m 26s  ...                0.45         0.01
6   2026-01-23 13:44:36       0m 29s  ...               38.62         0.91
7   2026-01-23 13:45:06       0m 29s  ...               19.86         0.56
8   2026-01-23 13:45:35       0m 29s  ...               39.61         1.05
9   2026-01-23 13:46:05       0m 26s  ...                1.79         0.05
10  2026-01-23 13:46:31       0m 26s  ...                2.79         0.07
11  2026-01-23 13:46:57       0m 28s  ...               20.77         0.49
12  2026-01-23 13:47:26       0m 27s  ...               20.60         0.51
13  2026-01-23 13:47:54       0m 27s  ...               15.28         0.35
14  2026-01-23 13:48:21       0m 30s  ...               30.18         0.79
15  2026-01-23 13:48:51       0m 29s  ...               19.25         0.48
16  2026-01-23 13:49:21       0m 38s  ...               85.84         2.58
17  2026-01-23 13:50:00       0m 26s  ...                0.76         0.02
18  2026-01-23 13:50:27       0m 28s  ...               23.22         0.57
19  2026-01-23 13:50:55       0m 34s  ...               62.76         1.72
20  2026-01-23 13:51:30       0m 26s  ...                1.10         0.03
21  2026-01-23 13:51:57       0m 28s  ...               19.31         0.52
22  2026-01-23 13:52:25       0m 30s  ...               42.05         1.16
23  2026-01-23 13:52:56       0m 24s  ...                6.56         0.18
24  2026-01-23 13:53:20       0m 24s  ...                1.51         0.04
25  2026-01-23 13:53:45       0m 26s  ...                8.51         0.22
26  2026-01-23 13:54:12       0m 27s  ...               12.12         0.31
27  2026-01-23 13:54:39       0m 29s  ...               32.69         0.79
28  2026-01-23 13:55:09       0m 26s  ...                2.15         0.06
29  2026-01-23 13:55:36       0m 26s  ...                2.94         0.07
30  2026-01-23 13:56:02       0m 27s  ...               12.91         0.30
31  2026-01-23 13:56:29       0m 28s  ...               42.77         1.19
32  2026-01-23 13:56:58       0m 33s  ...               65.54         1.89
33  2026-01-23 13:57:31       0m 28s  ...               10.11         0.24
34  2026-01-23 13:57:59       0m 26s  ...                4.05         0.11
35  2026-01-23 13:58:25       0m 26s  ...                1.89         0.05
36  2026-01-23 13:58:51       0m 26s  ...                5.54         0.15
37  2026-01-23 13:59:18       0m 25s  ...                0.46         0.01
38  2026-01-23 13:59:44       0m 25s  ...                1.59         0.04
39  2026-01-23 14:00:09       0m 31s  ...               43.85         1.03
40  2026-01-23 14:00:40       0m 33s  ...               61.84         1.56
41  2026-01-23 14:01:14       0m 33s  ...               46.89         1.19
42  2026-01-23 14:01:47       0m 38s  ...               80.70         2.32
43  2026-01-23 14:02:25       0m 27s  ...                2.90         0.07
44  2026-01-23 14:02:52       0m 27s  ...               11.56         0.29
45  2026-01-23 14:03:20       0m 27s  ...                4.11         0.11
46  2026-01-23 14:03:47       0m 27s  ...               11.45         0.30
47  2026-01-23 14:04:14       0m 27s  ...               11.80         0.25
48  2026-01-23 14:04:41       0m 27s  ...                6.42         0.18
49  2026-01-23 14:05:09       0m 26s  ...                0.78         0.02
50  2026-01-23 14:05:35       0m 37s  ...               83.75         2.58
51  2026-01-23 14:06:13       0m 35s  ...               77.72         2.05
52  2026-01-23 14:06:48       0m 28s  ...                8.96         0.25
53  2026-01-23 14:07:17       0m 26s  ...                1.10         0.03
54  2026-01-23 14:07:43       0m 27s  ...               11.62         0.29
55  2026-01-23 14:08:11       0m 32s  ...               55.20         1.46
56  2026-01-23 14:08:43       0m 30s  ...               34.44         0.83
57  2026-01-23 14:09:14       0m 27s  ...                4.27         0.10

[58 rows x 24 columns]
[2026-01-23 14:10:47,715] - [root] - [INFO] - Analysis finished: 0m 39s
[2026-01-23 14:10:47,716] - [root] - [INFO] - -------------------------------------------
[2026-01-23 14:10:47,716] - [root] - [INFO] - -------------------------------------------
[2026-01-23 14:10:47,716] - [root] - [INFO] - Processing 1-22-2026 5dpi 143-W2021010-313_R2.png
[2026-01-23 14:11:05,600] - [root] - [INFO] - Finished loading mask: 0m 17s
[2026-01-23 14:11:13,418] - [root] - [INFO] - Finished crop and inference: 0m 25s
[2026-01-23 14:11:14,826] - [root] - [INFO] - Analysis finished: 0m 27s
[2026-01-23 14:11:14,826] - [root] - [INFO] - -------------------------------------------
[2026-01-23 14:11:14,826] - [root] - [INFO] - -------------------------------------------
[2026-01-23 14:11:14,826] - [root] - [INFO] - Processing 1-22-2026 5dpi 148-W2021011-462_R2.png
[2026-01-23 14:11:31,825] - [root] - [INFO] - Finished loading mask: 0m 16s
[2026-01-23 14:11:43,502] - [root] - [INFO] - Finished crop and inference: 0m 28s
[2026-01-23 14:11:44,975] - [root] - [INFO] - Analysis finished: 0m 30s
[2026-01-23 14:11:44,975] - [root] - [INFO] - -------------------------------------------
[2026-01-23 14:11:44,975] - [root] - [INFO] - -------------------------------------------
[2026-01-23 14:11:44,975] - [root] - [INFO] - Processing 1-22-2026 5dpi 149-W2021010-417_R1.png
[2026-01-23 14:12:02,314] - [root] - [INFO] - Finished loading mask: 0m 17s
[2026-01-23 14:12:11,845] - [root] - [INFO] - Finished crop and inference: 0m 26s
[2026-01-23 14:12:13,329] - [root] - [INFO] - Analysis finished: 0m 28s
[2026-01-23 14:12:13,329] - [root] - [INFO] - -------------------------------------------
[2026-01-23 14:12:13,329] - [root] - [INFO] - -------------------------------------------
[2026-01-23 14:12:13,329] - [root] - [INFO] - Processing 1-22-2026 5dpi 154-W2021010-419_R1.png
[2026-01-23 14:12:29,828] - [root] - [INFO] - Finished loading mask: 0m 16s
[2026-01-23 14:12:38,267] - [root] - [INFO] - Finished crop and inference: 0m 24s
              timestamp time_elapsed  ... severity_rate_patch Gradient_sr2
0   2026-01-23 13:41:52       0m 24s  ...                1.74         0.04
1   2026-01-23 13:42:17       0m 25s  ...                4.36         0.11
2   2026-01-23 13:42:42       0m 26s  ...                0.85         0.02
3   2026-01-23 13:43:09       0m 29s  ...               25.47         0.67
4   2026-01-23 13:43:39       0m 30s  ...               37.39         0.99
5   2026-01-23 13:44:09       0m 26s  ...                0.45         0.01
6   2026-01-23 13:44:36       0m 29s  ...               38.62         0.91
7   2026-01-23 13:45:06       0m 29s  ...               19.86         0.56
8   2026-01-23 13:45:35       0m 29s  ...               39.61         1.05
9   2026-01-23 13:46:05       0m 26s  ...                1.79         0.05
10  2026-01-23 13:46:31       0m 26s  ...                2.79         0.07
11  2026-01-23 13:46:57       0m 28s  ...               20.77         0.49
12  2026-01-23 13:47:26       0m 27s  ...               20.60         0.51
13  2026-01-23 13:47:54       0m 27s  ...               15.28         0.35
14  2026-01-23 13:48:21       0m 30s  ...               30.18         0.79
15  2026-01-23 13:48:51       0m 29s  ...               19.25         0.48
16  2026-01-23 13:49:21       0m 38s  ...               85.84         2.58
17  2026-01-23 13:50:00       0m 26s  ...                0.76         0.02
18  2026-01-23 13:50:27       0m 28s  ...               23.22         0.57
19  2026-01-23 13:50:55       0m 34s  ...               62.76         1.72
20  2026-01-23 13:51:30       0m 26s  ...                1.10         0.03
21  2026-01-23 13:51:57       0m 28s  ...               19.31         0.52
22  2026-01-23 13:52:25       0m 30s  ...               42.05         1.16
23  2026-01-23 13:52:56       0m 24s  ...                6.56         0.18
24  2026-01-23 13:53:20       0m 24s  ...                1.51         0.04
25  2026-01-23 13:53:45       0m 26s  ...                8.51         0.22
26  2026-01-23 13:54:12       0m 27s  ...               12.12         0.31
27  2026-01-23 13:54:39       0m 29s  ...               32.69         0.79
28  2026-01-23 13:55:09       0m 26s  ...                2.15         0.06
29  2026-01-23 13:55:36       0m 26s  ...                2.94         0.07
30  2026-01-23 13:56:02       0m 27s  ...               12.91         0.30
31  2026-01-23 13:56:29       0m 28s  ...               42.77         1.19
32  2026-01-23 13:56:58       0m 33s  ...               65.54         1.89
33  2026-01-23 13:57:31       0m 28s  ...               10.11         0.24
34  2026-01-23 13:57:59       0m 26s  ...                4.05         0.11
35  2026-01-23 13:58:25       0m 26s  ...                1.89         0.05
36  2026-01-23 13:58:51       0m 26s  ...                5.54         0.15
37  2026-01-23 13:59:18       0m 25s  ...                0.46         0.01
38  2026-01-23 13:59:44       0m 25s  ...                1.59         0.04
39  2026-01-23 14:00:09       0m 31s  ...               43.85         1.03
40  2026-01-23 14:00:40       0m 33s  ...               61.84         1.56
41  2026-01-23 14:01:14       0m 33s  ...               46.89         1.19
42  2026-01-23 14:01:47       0m 38s  ...               80.70         2.32
43  2026-01-23 14:02:25       0m 27s  ...                2.90         0.07
44  2026-01-23 14:02:52       0m 27s  ...               11.56         0.29
45  2026-01-23 14:03:20       0m 27s  ...                4.11         0.11
46  2026-01-23 14:03:47       0m 27s  ...               11.45         0.30
47  2026-01-23 14:04:14       0m 27s  ...               11.80         0.25
48  2026-01-23 14:04:41       0m 27s  ...                6.42         0.18
49  2026-01-23 14:05:09       0m 26s  ...                0.78         0.02
50  2026-01-23 14:05:35       0m 37s  ...               83.75         2.58
51  2026-01-23 14:06:13       0m 35s  ...               77.72         2.05
52  2026-01-23 14:06:48       0m 28s  ...                8.96         0.25
53  2026-01-23 14:07:17       0m 26s  ...                1.10         0.03
54  2026-01-23 14:07:43       0m 27s  ...               11.62         0.29
55  2026-01-23 14:08:11       0m 32s  ...               55.20         1.46
56  2026-01-23 14:08:43       0m 30s  ...               34.44         0.83
57  2026-01-23 14:09:14       0m 27s  ...                4.27         0.10
58  2026-01-23 14:09:41       0m 27s  ...                8.15         0.18

[59 rows x 24 columns]
[2026-01-23 14:12:39,761] - [root] - [INFO] - Analysis finished: 0m 26s
[2026-01-23 14:12:39,761] - [root] - [INFO] - -------------------------------------------
[2026-01-23 14:12:39,761] - [root] - [INFO] - -------------------------------------------
[2026-01-23 14:12:39,761] - [root] - [INFO] - Processing 1-22-2026 5dpi 155-W2021011-639_R1.png
[2026-01-23 14:12:56,632] - [root] - [INFO] - Finished loading mask: 0m 16s
[2026-01-23 14:13:05,380] - [root] - [INFO] - Finished crop and inference: 0m 25s
[2026-01-23 14:13:06,842] - [root] - [INFO] - Analysis finished: 0m 27s
[2026-01-23 14:13:06,842] - [root] - [INFO] - -------------------------------------------
[2026-01-23 14:13:06,842] - [root] - [INFO] - -------------------------------------------
[2026-01-23 14:13:06,842] - [root] - [INFO] - Processing 1-22-2026 5dpi 156-W2021009-276_R2.png
[2026-01-23 14:13:23,705] - [root] - [INFO] - Finished loading mask: 0m 16s
[2026-01-23 14:13:33,154] - [root] - [INFO] - Finished crop and inference: 0m 26s
[2026-01-23 14:13:34,645] - [root] - [INFO] - Analysis finished: 0m 27s
[2026-01-23 14:13:34,645] - [root] - [INFO] - -------------------------------------------
[2026-01-23 14:13:34,646] - [root] - [INFO] - -------------------------------------------
[2026-01-23 14:13:34,646] - [root] - [INFO] - Processing 1-22-2026 5dpi 158-W2021006-114_R1.png
[2026-01-23 14:13:51,681] - [root] - [INFO] - Finished loading mask: 0m 17s
[2026-01-23 14:14:05,740] - [root] - [INFO] - Finished crop and inference: 0m 31s
[2026-01-23 14:14:07,244] - [root] - [INFO] - Analysis finished: 0m 32s
[2026-01-23 14:14:07,244] - [root] - [INFO] - -------------------------------------------
[2026-01-23 14:14:07,246] - [root] - [INFO] - -------------------------------------------
[2026-01-23 14:14:07,246] - [root] - [INFO] - Processing 1-22-2026 5dpi 167-W2021006-003_R2.png
[2026-01-23 14:14:24,762] - [root] - [INFO] - Finished loading mask: 0m 17s
[2026-01-23 14:14:32,132] - [root] - [INFO] - Finished crop and inference: 0m 24s
[2026-01-23 14:14:33,646] - [root] - [INFO] - Analysis finished: 0m 26s
[2026-01-23 14:14:33,646] - [root] - [INFO] - -------------------------------------------
[2026-01-23 14:14:33,647] - [root] - [INFO] - -------------------------------------------
[2026-01-23 14:14:33,647] - [root] - [INFO] - Processing 1-22-2026 5dpi 169-W2021009-623_R2.png
[2026-01-23 14:14:50,493] - [root] - [INFO] - Finished loading mask: 0m 16s
[2026-01-23 14:15:10,799] - [root] - [INFO] - Finished crop and inference: 0m 37s
[2026-01-23 14:15:12,335] - [root] - [INFO] - Analysis finished: 0m 38s
[2026-01-23 14:15:12,335] - [root] - [INFO] - -------------------------------------------
[2026-01-23 14:15:12,336] - [root] - [INFO] - -------------------------------------------
[2026-01-23 14:15:12,336] - [root] - [INFO] - Processing 1-22-2026 5dpi 169-W2021011-477_R1.png
[2026-01-23 14:15:30,485] - [root] - [INFO] - Finished loading mask: 0m 18s
[2026-01-23 14:15:44,821] - [root] - [INFO] - Finished crop and inference: 0m 32s
[2026-01-23 14:15:46,275] - [root] - [INFO] - Analysis finished: 0m 33s
[2026-01-23 14:15:46,275] - [root] - [INFO] - -------------------------------------------
[2026-01-23 14:15:46,275] - [root] - [INFO] - -------------------------------------------
[2026-01-23 14:15:46,275] - [root] - [INFO] - Processing 1-22-2026 5dpi 172-W2021011-557_R2.png
[2026-01-23 14:16:03,835] - [root] - [INFO] - Finished loading mask: 0m 17s
[2026-01-23 14:16:13,646] - [root] - [INFO] - Finished crop and inference: 0m 27s
[2026-01-23 14:16:15,087] - [root] - [INFO] - Analysis finished: 0m 28s
[2026-01-23 14:16:15,087] - [root] - [INFO] - -------------------------------------------
[2026-01-23 14:16:15,087] - [root] - [INFO] - -------------------------------------------
[2026-01-23 14:16:15,087] - [root] - [INFO] - Processing 1-22-2026 5dpi 173-W2021006-127_R2.png
[2026-01-23 14:16:32,275] - [root] - [INFO] - Finished loading mask: 0m 17s
[2026-01-23 14:16:40,476] - [root] - [INFO] - Finished crop and inference: 0m 25s
              timestamp time_elapsed  ... severity_rate_patch Gradient_sr2
0   2026-01-23 13:41:52       0m 24s  ...                1.74         0.04
1   2026-01-23 13:42:17       0m 25s  ...                4.36         0.11
2   2026-01-23 13:42:42       0m 26s  ...                0.85         0.02
3   2026-01-23 13:43:09       0m 29s  ...               25.47         0.67
4   2026-01-23 13:43:39       0m 30s  ...               37.39         0.99
5   2026-01-23 13:44:09       0m 26s  ...                0.45         0.01
6   2026-01-23 13:44:36       0m 29s  ...               38.62         0.91
7   2026-01-23 13:45:06       0m 29s  ...               19.86         0.56
8   2026-01-23 13:45:35       0m 29s  ...               39.61         1.05
9   2026-01-23 13:46:05       0m 26s  ...                1.79         0.05
10  2026-01-23 13:46:31       0m 26s  ...                2.79         0.07
11  2026-01-23 13:46:57       0m 28s  ...               20.77         0.49
12  2026-01-23 13:47:26       0m 27s  ...               20.60         0.51
13  2026-01-23 13:47:54       0m 27s  ...               15.28         0.35
14  2026-01-23 13:48:21       0m 30s  ...               30.18         0.79
15  2026-01-23 13:48:51       0m 29s  ...               19.25         0.48
16  2026-01-23 13:49:21       0m 38s  ...               85.84         2.58
17  2026-01-23 13:50:00       0m 26s  ...                0.76         0.02
18  2026-01-23 13:50:27       0m 28s  ...               23.22         0.57
19  2026-01-23 13:50:55       0m 34s  ...               62.76         1.72
20  2026-01-23 13:51:30       0m 26s  ...                1.10         0.03
21  2026-01-23 13:51:57       0m 28s  ...               19.31         0.52
22  2026-01-23 13:52:25       0m 30s  ...               42.05         1.16
23  2026-01-23 13:52:56       0m 24s  ...                6.56         0.18
24  2026-01-23 13:53:20       0m 24s  ...                1.51         0.04
25  2026-01-23 13:53:45       0m 26s  ...                8.51         0.22
26  2026-01-23 13:54:12       0m 27s  ...               12.12         0.31
27  2026-01-23 13:54:39       0m 29s  ...               32.69         0.79
28  2026-01-23 13:55:09       0m 26s  ...                2.15         0.06
29  2026-01-23 13:55:36       0m 26s  ...                2.94         0.07
30  2026-01-23 13:56:02       0m 27s  ...               12.91         0.30
31  2026-01-23 13:56:29       0m 28s  ...               42.77         1.19
32  2026-01-23 13:56:58       0m 33s  ...               65.54         1.89
33  2026-01-23 13:57:31       0m 28s  ...               10.11         0.24
34  2026-01-23 13:57:59       0m 26s  ...                4.05         0.11
35  2026-01-23 13:58:25       0m 26s  ...                1.89         0.05
36  2026-01-23 13:58:51       0m 26s  ...                5.54         0.15
37  2026-01-23 13:59:18       0m 25s  ...                0.46         0.01
38  2026-01-23 13:59:44       0m 25s  ...                1.59         0.04
39  2026-01-23 14:00:09       0m 31s  ...               43.85         1.03
40  2026-01-23 14:00:40       0m 33s  ...               61.84         1.56
41  2026-01-23 14:01:14       0m 33s  ...               46.89         1.19
42  2026-01-23 14:01:47       0m 38s  ...               80.70         2.32
43  2026-01-23 14:02:25       0m 27s  ...                2.90         0.07
44  2026-01-23 14:02:52       0m 27s  ...               11.56         0.29
45  2026-01-23 14:03:20       0m 27s  ...                4.11         0.11
46  2026-01-23 14:03:47       0m 27s  ...               11.45         0.30
47  2026-01-23 14:04:14       0m 27s  ...               11.80         0.25
48  2026-01-23 14:04:41       0m 27s  ...                6.42         0.18
49  2026-01-23 14:05:09       0m 26s  ...                0.78         0.02
50  2026-01-23 14:05:35       0m 37s  ...               83.75         2.58
51  2026-01-23 14:06:13       0m 35s  ...               77.72         2.05
52  2026-01-23 14:06:48       0m 28s  ...                8.96         0.25
53  2026-01-23 14:07:17       0m 26s  ...                1.10         0.03
54  2026-01-23 14:07:43       0m 27s  ...               11.62         0.29
55  2026-01-23 14:08:11       0m 32s  ...               55.20         1.46
56  2026-01-23 14:08:43       0m 30s  ...               34.44         0.83
57  2026-01-23 14:09:14       0m 27s  ...                4.27         0.10
58  2026-01-23 14:09:41       0m 27s  ...                8.15         0.18
59  2026-01-23 14:10:08       0m 39s  ...               86.63         2.58

[60 rows x 24 columns]
              timestamp time_elapsed  ... severity_rate_patch Gradient_sr2
0   2026-01-23 13:41:52       0m 24s  ...                1.74         0.04
1   2026-01-23 13:42:17       0m 25s  ...                4.36         0.11
2   2026-01-23 13:42:42       0m 26s  ...                0.85         0.02
3   2026-01-23 13:43:09       0m 29s  ...               25.47         0.67
4   2026-01-23 13:43:39       0m 30s  ...               37.39         0.99
..                  ...          ...  ...                 ...          ...
56  2026-01-23 14:08:43       0m 30s  ...               34.44         0.83
57  2026-01-23 14:09:14       0m 27s  ...                4.27         0.10
58  2026-01-23 14:09:41       0m 27s  ...                8.15         0.18
59  2026-01-23 14:10:08       0m 39s  ...               86.63         2.58
60  2026-01-23 14:10:47       0m 27s  ...                0.61         0.02

[61 rows x 24 columns]
              timestamp time_elapsed  ... severity_rate_patch Gradient_sr2
0   2026-01-23 13:41:52       0m 24s  ...                1.74         0.04
1   2026-01-23 13:42:17       0m 25s  ...                4.36         0.11
2   2026-01-23 13:42:42       0m 26s  ...                0.85         0.02
3   2026-01-23 13:43:09       0m 29s  ...               25.47         0.67
4   2026-01-23 13:43:39       0m 30s  ...               37.39         0.99
..                  ...          ...  ...                 ...          ...
57  2026-01-23 14:09:14       0m 27s  ...                4.27         0.10
58  2026-01-23 14:09:41       0m 27s  ...                8.15         0.18
59  2026-01-23 14:10:08       0m 39s  ...               86.63         2.58
60  2026-01-23 14:10:47       0m 27s  ...                0.61         0.02
61  2026-01-23 14:11:14       0m 30s  ...               28.01         0.73

[62 rows x 24 columns]
              timestamp time_elapsed  ... severity_rate_patch Gradient_sr2
0   2026-01-23 13:41:52       0m 24s  ...                1.74         0.04
1   2026-01-23 13:42:17       0m 25s  ...                4.36         0.11
2   2026-01-23 13:42:42       0m 26s  ...                0.85         0.02
3   2026-01-23 13:43:09       0m 29s  ...               25.47         0.67
4   2026-01-23 13:43:39       0m 30s  ...               37.39         0.99
..                  ...          ...  ...                 ...          ...
58  2026-01-23 14:09:41       0m 27s  ...                8.15         0.18
59  2026-01-23 14:10:08       0m 39s  ...               86.63         2.58
60  2026-01-23 14:10:47       0m 27s  ...                0.61         0.02
61  2026-01-23 14:11:14       0m 30s  ...               28.01         0.73
62  2026-01-23 14:11:44       0m 28s  ...               13.12         0.36

[63 rows x 24 columns]
[2026-01-23 14:16:41,989] - [root] - [INFO] - Analysis finished: 0m 26s
[2026-01-23 14:16:41,989] - [root] - [INFO] - -------------------------------------------
[2026-01-23 14:16:41,989] - [root] - [INFO] - -------------------------------------------
[2026-01-23 14:16:41,990] - [root] - [INFO] - Processing 1-22-2026 5dpi 174-W2021009-156_R2.png
[2026-01-23 14:16:58,541] - [root] - [INFO] - Finished loading mask: 0m 16s
[2026-01-23 14:17:07,298] - [root] - [INFO] - Finished crop and inference: 0m 25s
[2026-01-23 14:17:08,790] - [root] - [INFO] - Analysis finished: 0m 26s
[2026-01-23 14:17:08,790] - [root] - [INFO] - -------------------------------------------
[2026-01-23 14:17:08,790] - [root] - [INFO] - -------------------------------------------
[2026-01-23 14:17:08,790] - [root] - [INFO] - Processing 1-22-2026 5dpi 176-W2021009-256_R2.png
[2026-01-23 14:17:25,380] - [root] - [INFO] - Finished loading mask: 0m 16s
[2026-01-23 14:17:31,439] - [root] - [INFO] - Finished crop and inference: 0m 22s
[2026-01-23 14:17:32,980] - [root] - [INFO] - Analysis finished: 0m 24s
[2026-01-23 14:17:32,980] - [root] - [INFO] - -------------------------------------------
[2026-01-23 14:17:32,981] - [root] - [INFO] - -------------------------------------------
[2026-01-23 14:17:32,981] - [root] - [INFO] - Processing 1-22-2026 5dpi 177-W2021009-194_R1.png
[2026-01-23 14:17:49,664] - [root] - [INFO] - Finished loading mask: 0m 16s
[2026-01-23 14:17:58,789] - [root] - [INFO] - Finished crop and inference: 0m 25s
[2026-01-23 14:18:00,308] - [root] - [INFO] - Analysis finished: 0m 27s
[2026-01-23 14:18:00,309] - [root] - [INFO] - -------------------------------------------
[2026-01-23 14:18:00,309] - [root] - [INFO] - -------------------------------------------
[2026-01-23 14:18:00,309] - [root] - [INFO] - Processing 1-22-2026 5dpi 180-W2021009-152_R1.png
[2026-01-23 14:18:16,999] - [root] - [INFO] - Finished loading mask: 0m 16s
[2026-01-23 14:18:26,487] - [root] - [INFO] - Finished crop and inference: 0m 26s
[2026-01-23 14:18:27,981] - [root] - [INFO] - Analysis finished: 0m 27s
[2026-01-23 14:18:27,981] - [root] - [INFO] - -------------------------------------------
[2026-01-23 14:18:27,982] - [root] - [INFO] - -------------------------------------------
[2026-01-23 14:18:27,982] - [root] - [INFO] - Processing 1-22-2026 5dpi 180-W2021011-476_R2.png
[2026-01-23 14:18:44,930] - [root] - [INFO] - Finished loading mask: 0m 16s
[2026-01-23 14:19:01,172] - [root] - [INFO] - Finished crop and inference: 0m 33s
[2026-01-23 14:19:02,668] - [root] - [INFO] - Analysis finished: 0m 34s
[2026-01-23 14:19:02,669] - [root] - [INFO] - -------------------------------------------
[2026-01-23 14:19:02,669] - [root] - [INFO] - -------------------------------------------
[2026-01-23 14:19:02,669] - [root] - [INFO] - Processing 1-22-2026 5dpi 182-W2021009-251_R1.png
[2026-01-23 14:19:20,591] - [root] - [INFO] - Finished loading mask: 0m 17s
[2026-01-23 14:19:29,760] - [root] - [INFO] - Finished crop and inference: 0m 27s
[2026-01-23 14:19:31,232] - [root] - [INFO] - Analysis finished: 0m 28s
[2026-01-23 14:19:31,232] - [root] - [INFO] - -------------------------------------------
[2026-01-23 14:19:31,232] - [root] - [INFO] - -------------------------------------------
[2026-01-23 14:19:31,232] - [root] - [INFO] - Processing 1-22-2026 5dpi 183-W2021009-295_R1.png
[2026-01-23 14:19:48,007] - [root] - [INFO] - Finished loading mask: 0m 16s
[2026-01-23 14:19:55,792] - [root] - [INFO] - Finished crop and inference: 0m 24s
[2026-01-23 14:19:57,302] - [root] - [INFO] - Analysis finished: 0m 26s
[2026-01-23 14:19:57,302] - [root] - [INFO] - -------------------------------------------
[2026-01-23 14:19:57,302] - [root] - [INFO] - -------------------------------------------
[2026-01-23 14:19:57,302] - [root] - [INFO] - Processing 1-22-2026 5dpi 185-W2021009-199_R1.png
[2026-01-23 14:20:13,869] - [root] - [INFO] - Finished loading mask: 0m 16s
[2026-01-23 14:20:22,834] - [root] - [INFO] - Finished crop and inference: 0m 25s
              timestamp time_elapsed  ... severity_rate_patch Gradient_sr2
0   2026-01-23 13:41:52       0m 24s  ...                1.74         0.04
1   2026-01-23 13:42:17       0m 25s  ...                4.36         0.11
2   2026-01-23 13:42:42       0m 26s  ...                0.85         0.02
3   2026-01-23 13:43:09       0m 29s  ...               25.47         0.67
4   2026-01-23 13:43:39       0m 30s  ...               37.39         0.99
..                  ...          ...  ...                 ...          ...
59  2026-01-23 14:10:08       0m 39s  ...               86.63         2.58
60  2026-01-23 14:10:47       0m 27s  ...                0.61         0.02
61  2026-01-23 14:11:14       0m 30s  ...               28.01         0.73
62  2026-01-23 14:11:44       0m 28s  ...               13.12         0.36
63  2026-01-23 14:12:13       0m 26s  ...                2.62         0.07

[64 rows x 24 columns]
              timestamp time_elapsed  ... severity_rate_patch Gradient_sr2
0   2026-01-23 13:41:52       0m 24s  ...                1.74         0.04
1   2026-01-23 13:42:17       0m 25s  ...                4.36         0.11
2   2026-01-23 13:42:42       0m 26s  ...                0.85         0.02
3   2026-01-23 13:43:09       0m 29s  ...               25.47         0.67
4   2026-01-23 13:43:39       0m 30s  ...               37.39         0.99
..                  ...          ...  ...                 ...          ...
60  2026-01-23 14:10:47       0m 27s  ...                0.61         0.02
61  2026-01-23 14:11:14       0m 30s  ...               28.01         0.73
62  2026-01-23 14:11:44       0m 28s  ...               13.12         0.36
63  2026-01-23 14:12:13       0m 26s  ...                2.62         0.07
64  2026-01-23 14:12:39       0m 27s  ...               10.00         0.27

[65 rows x 24 columns]
              timestamp time_elapsed  ... severity_rate_patch Gradient_sr2
0   2026-01-23 13:41:52       0m 24s  ...                1.74         0.04
1   2026-01-23 13:42:17       0m 25s  ...                4.36         0.11
2   2026-01-23 13:42:42       0m 26s  ...                0.85         0.02
3   2026-01-23 13:43:09       0m 29s  ...               25.47         0.67
4   2026-01-23 13:43:39       0m 30s  ...               37.39         0.99
..                  ...          ...  ...                 ...          ...
61  2026-01-23 14:11:14       0m 30s  ...               28.01         0.73
62  2026-01-23 14:11:44       0m 28s  ...               13.12         0.36
63  2026-01-23 14:12:13       0m 26s  ...                2.62         0.07
64  2026-01-23 14:12:39       0m 27s  ...               10.00         0.27
65  2026-01-23 14:13:06       0m 27s  ...                7.64         0.19

[66 rows x 24 columns]
              timestamp time_elapsed  ... severity_rate_patch Gradient_sr2
0   2026-01-23 13:41:52       0m 24s  ...                1.74         0.04
1   2026-01-23 13:42:17       0m 25s  ...                4.36         0.11
2   2026-01-23 13:42:42       0m 26s  ...                0.85         0.02
3   2026-01-23 13:43:09       0m 29s  ...               25.47         0.67
4   2026-01-23 13:43:39       0m 30s  ...               37.39         0.99
..                  ...          ...  ...                 ...          ...
62  2026-01-23 14:11:44       0m 28s  ...               13.12         0.36
63  2026-01-23 14:12:13       0m 26s  ...                2.62         0.07
64  2026-01-23 14:12:39       0m 27s  ...               10.00         0.27
65  2026-01-23 14:13:06       0m 27s  ...                7.64         0.19
66  2026-01-23 14:13:34       0m 32s  ...               53.88         1.51

[67 rows x 24 columns]
              timestamp time_elapsed  ... severity_rate_patch Gradient_sr2
0   2026-01-23 13:41:52       0m 24s  ...                1.74         0.04
1   2026-01-23 13:42:17       0m 25s  ...                4.36         0.11
2   2026-01-23 13:42:42       0m 26s  ...                0.85         0.02
3   2026-01-23 13:43:09       0m 29s  ...               25.47         0.67
4   2026-01-23 13:43:39       0m 30s  ...               37.39         0.99
..                  ...          ...  ...                 ...          ...
63  2026-01-23 14:12:13       0m 26s  ...                2.62         0.07
64  2026-01-23 14:12:39       0m 27s  ...               10.00         0.27
65  2026-01-23 14:13:06       0m 27s  ...                7.64         0.19
66  2026-01-23 14:13:34       0m 32s  ...               53.88         1.51
67  2026-01-23 14:14:07       0m 26s  ...                2.18         0.06

[68 rows x 24 columns]
              timestamp time_elapsed  ... severity_rate_patch Gradient_sr2
0   2026-01-23 13:41:52       0m 24s  ...                1.74         0.04
1   2026-01-23 13:42:17       0m 25s  ...                4.36         0.11
2   2026-01-23 13:42:42       0m 26s  ...                0.85         0.02
3   2026-01-23 13:43:09       0m 29s  ...               25.47         0.67
4   2026-01-23 13:43:39       0m 30s  ...               37.39         0.99
..                  ...          ...  ...                 ...          ...
64  2026-01-23 14:12:39       0m 27s  ...               10.00         0.27
65  2026-01-23 14:13:06       0m 27s  ...                7.64         0.19
66  2026-01-23 14:13:34       0m 32s  ...               53.88         1.51
67  2026-01-23 14:14:07       0m 26s  ...                2.18         0.06
68  2026-01-23 14:14:33       0m 38s  ...               84.74         2.55

[69 rows x 24 columns]
              timestamp time_elapsed  ... severity_rate_patch Gradient_sr2
0   2026-01-23 13:41:52       0m 24s  ...                1.74         0.04
1   2026-01-23 13:42:17       0m 25s  ...                4.36         0.11
2   2026-01-23 13:42:42       0m 26s  ...                0.85         0.02
3   2026-01-23 13:43:09       0m 29s  ...               25.47         0.67
4   2026-01-23 13:43:39       0m 30s  ...               37.39         0.99
..                  ...          ...  ...                 ...          ...
65  2026-01-23 14:13:06       0m 27s  ...                7.64         0.19
66  2026-01-23 14:13:34       0m 32s  ...               53.88         1.51
67  2026-01-23 14:14:07       0m 26s  ...                2.18         0.06
68  2026-01-23 14:14:33       0m 38s  ...               84.74         2.55
69  2026-01-23 14:15:12       0m 33s  ...               57.21         1.60

[70 rows x 24 columns]
              timestamp time_elapsed  ... severity_rate_patch Gradient_sr2
0   2026-01-23 13:41:52       0m 24s  ...                1.74         0.04
1   2026-01-23 13:42:17       0m 25s  ...                4.36         0.11
2   2026-01-23 13:42:42       0m 26s  ...                0.85         0.02
3   2026-01-23 13:43:09       0m 29s  ...               25.47         0.67
4   2026-01-23 13:43:39       0m 30s  ...               37.39         0.99
..                  ...          ...  ...                 ...          ...
66  2026-01-23 14:13:34       0m 32s  ...               53.88         1.51
67  2026-01-23 14:14:07       0m 26s  ...                2.18         0.06
68  2026-01-23 14:14:33       0m 38s  ...               84.74         2.55
69  2026-01-23 14:15:12       0m 33s  ...               57.21         1.60
70  2026-01-23 14:15:46       0m 28s  ...                8.76         0.24

[71 rows x 24 columns]
[2026-01-23 14:20:24,312] - [root] - [INFO] - Analysis finished: 0m 27s
[2026-01-23 14:20:24,312] - [root] - [INFO] - -------------------------------------------
[2026-01-23 14:20:24,312] - [root] - [INFO] - -------------------------------------------
[2026-01-23 14:20:24,313] - [root] - [INFO] - Processing 1-22-2026 5dpi 185-W2021009-291_R2.png
[2026-01-23 14:20:41,332] - [root] - [INFO] - Finished loading mask: 0m 17s
[2026-01-23 14:20:50,664] - [root] - [INFO] - Finished crop and inference: 0m 26s
[2026-01-23 14:20:52,161] - [root] - [INFO] - Analysis finished: 0m 27s
[2026-01-23 14:20:52,161] - [root] - [INFO] - -------------------------------------------
[2026-01-23 14:20:52,162] - [root] - [INFO] - -------------------------------------------
[2026-01-23 14:20:52,162] - [root] - [INFO] - Processing 1-22-2026 5dpi 187-W2021010-348_R2.png
[2026-01-23 14:21:09,204] - [root] - [INFO] - Finished loading mask: 0m 17s
[2026-01-23 14:21:26,210] - [root] - [INFO] - Finished crop and inference: 0m 34s
[2026-01-23 14:21:27,833] - [root] - [INFO] - Analysis finished: 0m 35s
[2026-01-23 14:21:27,833] - [root] - [INFO] - -------------------------------------------
[2026-01-23 14:21:27,834] - [root] - [INFO] - -------------------------------------------
[2026-01-23 14:21:27,834] - [root] - [INFO] - Processing 1-22-2026 5dpi 191-W2021010-426_R2.png
[2026-01-23 14:21:46,798] - [root] - [INFO] - Finished loading mask: 0m 18s
[2026-01-23 14:21:56,573] - [root] - [INFO] - Finished crop and inference: 0m 28s
[2026-01-23 14:21:57,999] - [root] - [INFO] - Analysis finished: 0m 30s
[2026-01-23 14:21:57,999] - [root] - [INFO] - -------------------------------------------
[2026-01-23 14:21:57,999] - [root] - [INFO] - -------------------------------------------
[2026-01-23 14:21:57,999] - [root] - [INFO] - Processing 1-22-2026 5dpi 191-W2021010-449_R1.png
[2026-01-23 14:22:15,137] - [root] - [INFO] - Finished loading mask: 0m 17s
[2026-01-23 14:22:26,487] - [root] - [INFO] - Finished crop and inference: 0m 28s
[2026-01-23 14:22:27,899] - [root] - [INFO] - Analysis finished: 0m 29s
[2026-01-23 14:22:27,899] - [root] - [INFO] - -------------------------------------------
[2026-01-23 14:22:27,900] - [root] - [INFO] - -------------------------------------------
[2026-01-23 14:22:27,900] - [root] - [INFO] - Processing 1-22-2026 5dpi 192-W2021006-005_R1.png
[2026-01-23 14:22:45,106] - [root] - [INFO] - Finished loading mask: 0m 17s
[2026-01-23 14:22:53,336] - [root] - [INFO] - Finished crop and inference: 0m 25s
[2026-01-23 14:22:54,805] - [root] - [INFO] - Analysis finished: 0m 26s
[2026-01-23 14:22:54,805] - [root] - [INFO] - -------------------------------------------
[2026-01-23 14:22:54,805] - [root] - [INFO] - -------------------------------------------
[2026-01-23 14:22:54,805] - [root] - [INFO] - Processing 1-22-2026 5dpi 206-W2021010-344_R1.png
[2026-01-23 14:23:11,699] - [root] - [INFO] - Finished loading mask: 0m 16s
[2026-01-23 14:23:19,862] - [root] - [INFO] - Finished crop and inference: 0m 25s
[2026-01-23 14:23:21,356] - [root] - [INFO] - Analysis finished: 0m 26s
[2026-01-23 14:23:21,356] - [root] - [INFO] - -------------------------------------------
[2026-01-23 14:23:21,357] - [root] - [INFO] - -------------------------------------------
[2026-01-23 14:23:21,357] - [root] - [INFO] - Processing 1-22-2026 5dpi 207-W2021009-287_R2.png
[2026-01-23 14:23:38,070] - [root] - [INFO] - Finished loading mask: 0m 16s
[2026-01-23 14:23:46,273] - [root] - [INFO] - Finished crop and inference: 0m 24s
[2026-01-23 14:23:47,734] - [root] - [INFO] - Analysis finished: 0m 26s
[2026-01-23 14:23:47,734] - [root] - [INFO] - -------------------------------------------
[2026-01-23 14:23:47,735] - [root] - [INFO] - -------------------------------------------
[2026-01-23 14:23:47,735] - [root] - [INFO] - Processing 1-22-2026 5dpi 208-W2021009-268_R2.png
[2026-01-23 14:24:04,302] - [root] - [INFO] - Finished loading mask: 0m 16s
[2026-01-23 14:24:16,280] - [root] - [INFO] - Finished crop and inference: 0m 28s
              timestamp time_elapsed  ... severity_rate_patch Gradient_sr2
0   2026-01-23 13:41:52       0m 24s  ...                1.74         0.04
1   2026-01-23 13:42:17       0m 25s  ...                4.36         0.11
2   2026-01-23 13:42:42       0m 26s  ...                0.85         0.02
3   2026-01-23 13:43:09       0m 29s  ...               25.47         0.67
4   2026-01-23 13:43:39       0m 30s  ...               37.39         0.99
..                  ...          ...  ...                 ...          ...
67  2026-01-23 14:14:07       0m 26s  ...                2.18         0.06
68  2026-01-23 14:14:33       0m 38s  ...               84.74         2.55
69  2026-01-23 14:15:12       0m 33s  ...               57.21         1.60
70  2026-01-23 14:15:46       0m 28s  ...                8.76         0.24
71  2026-01-23 14:16:15       0m 26s  ...                1.64         0.04

[72 rows x 24 columns]
              timestamp time_elapsed  ... severity_rate_patch Gradient_sr2
0   2026-01-23 13:41:52       0m 24s  ...                1.74         0.04
1   2026-01-23 13:42:17       0m 25s  ...                4.36         0.11
2   2026-01-23 13:42:42       0m 26s  ...                0.85         0.02
3   2026-01-23 13:43:09       0m 29s  ...               25.47         0.67
4   2026-01-23 13:43:39       0m 30s  ...               37.39         0.99
..                  ...          ...  ...                 ...          ...
68  2026-01-23 14:14:33       0m 38s  ...               84.74         2.55
69  2026-01-23 14:15:12       0m 33s  ...               57.21         1.60
70  2026-01-23 14:15:46       0m 28s  ...                8.76         0.24
71  2026-01-23 14:16:15       0m 26s  ...                1.64         0.04
72  2026-01-23 14:16:41       0m 26s  ...               15.38         0.37

[73 rows x 24 columns]
              timestamp time_elapsed  ... severity_rate_patch Gradient_sr2
0   2026-01-23 13:41:52       0m 24s  ...                1.74         0.04
1   2026-01-23 13:42:17       0m 25s  ...                4.36         0.11
2   2026-01-23 13:42:42       0m 26s  ...                0.85         0.02
3   2026-01-23 13:43:09       0m 29s  ...               25.47         0.67
4   2026-01-23 13:43:39       0m 30s  ...               37.39         0.99
..                  ...          ...  ...                 ...          ...
69  2026-01-23 14:15:12       0m 33s  ...               57.21         1.60
70  2026-01-23 14:15:46       0m 28s  ...                8.76         0.24
71  2026-01-23 14:16:15       0m 26s  ...                1.64         0.04
72  2026-01-23 14:16:41       0m 26s  ...               15.38         0.37
73  2026-01-23 14:17:08       0m 24s  ...                3.28         0.08

[74 rows x 24 columns]
              timestamp time_elapsed  ... severity_rate_patch Gradient_sr2
0   2026-01-23 13:41:52       0m 24s  ...                1.74         0.04
1   2026-01-23 13:42:17       0m 25s  ...                4.36         0.11
2   2026-01-23 13:42:42       0m 26s  ...                0.85         0.02
3   2026-01-23 13:43:09       0m 29s  ...               25.47         0.67
4   2026-01-23 13:43:39       0m 30s  ...               37.39         0.99
..                  ...          ...  ...                 ...          ...
70  2026-01-23 14:15:46       0m 28s  ...                8.76         0.24
71  2026-01-23 14:16:15       0m 26s  ...                1.64         0.04
72  2026-01-23 14:16:41       0m 26s  ...               15.38         0.37
73  2026-01-23 14:17:08       0m 24s  ...                3.28         0.08
74  2026-01-23 14:17:32       0m 27s  ...               13.43         0.36

[75 rows x 24 columns]
              timestamp time_elapsed  ... severity_rate_patch Gradient_sr2
0   2026-01-23 13:41:52       0m 24s  ...                1.74         0.04
1   2026-01-23 13:42:17       0m 25s  ...                4.36         0.11
2   2026-01-23 13:42:42       0m 26s  ...                0.85         0.02
3   2026-01-23 13:43:09       0m 29s  ...               25.47         0.67
4   2026-01-23 13:43:39       0m 30s  ...               37.39         0.99
..                  ...          ...  ...                 ...          ...
71  2026-01-23 14:16:15       0m 26s  ...                1.64         0.04
72  2026-01-23 14:16:41       0m 26s  ...               15.38         0.37
73  2026-01-23 14:17:08       0m 24s  ...                3.28         0.08
74  2026-01-23 14:17:32       0m 27s  ...               13.43         0.36
75  2026-01-23 14:18:00       0m 27s  ...               24.95         0.55

[76 rows x 24 columns]
              timestamp time_elapsed  ... severity_rate_patch Gradient_sr2
0   2026-01-23 13:41:52       0m 24s  ...                1.74         0.04
1   2026-01-23 13:42:17       0m 25s  ...                4.36         0.11
2   2026-01-23 13:42:42       0m 26s  ...                0.85         0.02
3   2026-01-23 13:43:09       0m 29s  ...               25.47         0.67
4   2026-01-23 13:43:39       0m 30s  ...               37.39         0.99
..                  ...          ...  ...                 ...          ...
72  2026-01-23 14:16:41       0m 26s  ...               15.38         0.37
73  2026-01-23 14:17:08       0m 24s  ...                3.28         0.08
74  2026-01-23 14:17:32       0m 27s  ...               13.43         0.36
75  2026-01-23 14:18:00       0m 27s  ...               24.95         0.55
76  2026-01-23 14:18:27       0m 34s  ...               79.18         2.11

[77 rows x 24 columns]
              timestamp time_elapsed  ... severity_rate_patch Gradient_sr2
0   2026-01-23 13:41:52       0m 24s  ...                1.74         0.04
1   2026-01-23 13:42:17       0m 25s  ...                4.36         0.11
2   2026-01-23 13:42:42       0m 26s  ...                0.85         0.02
3   2026-01-23 13:43:09       0m 29s  ...               25.47         0.67
4   2026-01-23 13:43:39       0m 30s  ...               37.39         0.99
..                  ...          ...  ...                 ...          ...
73  2026-01-23 14:17:08       0m 24s  ...                3.28         0.08
74  2026-01-23 14:17:32       0m 27s  ...               13.43         0.36
75  2026-01-23 14:18:00       0m 27s  ...               24.95         0.55
76  2026-01-23 14:18:27       0m 34s  ...               79.18         2.11
77  2026-01-23 14:19:02       0m 28s  ...                4.96         0.12

[78 rows x 24 columns]
              timestamp time_elapsed  ... severity_rate_patch Gradient_sr2
0   2026-01-23 13:41:52       0m 24s  ...                1.74         0.04
1   2026-01-23 13:42:17       0m 25s  ...                4.36         0.11
2   2026-01-23 13:42:42       0m 26s  ...                0.85         0.02
3   2026-01-23 13:43:09       0m 29s  ...               25.47         0.67
4   2026-01-23 13:43:39       0m 30s  ...               37.39         0.99
..                  ...          ...  ...                 ...          ...
74  2026-01-23 14:17:32       0m 27s  ...               13.43         0.36
75  2026-01-23 14:18:00       0m 27s  ...               24.95         0.55
76  2026-01-23 14:18:27       0m 34s  ...               79.18         2.11
77  2026-01-23 14:19:02       0m 28s  ...                4.96         0.12
78  2026-01-23 14:19:31       0m 26s  ...                6.35         0.16

[79 rows x 24 columns]
[2026-01-23 14:24:17,745] - [root] - [INFO] - Analysis finished: 0m 30s
[2026-01-23 14:24:17,745] - [root] - [INFO] - -------------------------------------------
[2026-01-23 14:24:17,745] - [root] - [INFO] - -------------------------------------------
[2026-01-23 14:24:17,745] - [root] - [INFO] - Processing 1-22-2026 5dpi 209-W2021010-439_R2.png
[2026-01-23 14:24:35,284] - [root] - [INFO] - Finished loading mask: 0m 17s
[2026-01-23 14:24:48,403] - [root] - [INFO] - Finished crop and inference: 0m 30s
[2026-01-23 14:24:49,913] - [root] - [INFO] - Analysis finished: 0m 32s
[2026-01-23 14:24:49,914] - [root] - [INFO] - -------------------------------------------
[2026-01-23 14:24:49,914] - [root] - [INFO] - -------------------------------------------
[2026-01-23 14:24:49,914] - [root] - [INFO] - Processing 1-22-2026 5dpi 211-W2021011-598_R2.png
[2026-01-23 14:25:07,531] - [root] - [INFO] - Finished loading mask: 0m 17s
[2026-01-23 14:25:17,793] - [root] - [INFO] - Finished crop and inference: 0m 27s
[2026-01-23 14:25:19,275] - [root] - [INFO] - Analysis finished: 0m 29s
[2026-01-23 14:25:19,275] - [root] - [INFO] - -------------------------------------------
[2026-01-23 14:25:19,275] - [root] - [INFO] - -------------------------------------------
[2026-01-23 14:25:19,276] - [root] - [INFO] - Processing 1-22-2026 5dpi 215-W2021006-045_R2.png
[2026-01-23 14:25:36,472] - [root] - [INFO] - Finished loading mask: 0m 17s
[2026-01-23 14:25:45,217] - [root] - [INFO] - Finished crop and inference: 0m 25s
[2026-01-23 14:25:46,742] - [root] - [INFO] - Analysis finished: 0m 27s
[2026-01-23 14:25:46,742] - [root] - [INFO] - -------------------------------------------
[2026-01-23 14:25:46,742] - [root] - [INFO] - -------------------------------------------
[2026-01-23 14:25:46,742] - [root] - [INFO] - Processing 1-22-2026 5dpi 223-W2021010-442_R2.png
[2026-01-23 14:26:03,843] - [root] - [INFO] - Finished loading mask: 0m 17s
[2026-01-23 14:26:16,378] - [root] - [INFO] - Finished crop and inference: 0m 29s
[2026-01-23 14:26:17,876] - [root] - [INFO] - Analysis finished: 0m 31s
[2026-01-23 14:26:17,876] - [root] - [INFO] - -------------------------------------------
[2026-01-23 14:26:17,877] - [root] - [INFO] - -------------------------------------------
[2026-01-23 14:26:17,877] - [root] - [INFO] - Processing 1-22-2026 5dpi 226-W2021010-435_R1.png
[2026-01-23 14:26:35,271] - [root] - [INFO] - Finished loading mask: 0m 17s
[2026-01-23 14:26:44,355] - [root] - [INFO] - Finished crop and inference: 0m 26s
[2026-01-23 14:26:45,849] - [root] - [INFO] - Analysis finished: 0m 27s
[2026-01-23 14:26:45,849] - [root] - [INFO] - -------------------------------------------
[2026-01-23 14:26:45,849] - [root] - [INFO] - -------------------------------------------
[2026-01-23 14:26:45,849] - [root] - [INFO] - Processing 1-22-2026 5dpi 230-W2021010-373_R2.png
[2026-01-23 14:27:03,075] - [root] - [INFO] - Finished loading mask: 0m 17s
[2026-01-23 14:27:24,583] - [root] - [INFO] - Finished crop and inference: 0m 38s
[2026-01-23 14:27:26,107] - [root] - [INFO] - Analysis finished: 0m 40s
[2026-01-23 14:27:26,107] - [root] - [INFO] - -------------------------------------------
[2026-01-23 14:27:26,107] - [root] - [INFO] - -------------------------------------------
[2026-01-23 14:27:26,107] - [root] - [INFO] - Processing 1-22-2026 5dpi 233-W2021009-215_R2.png
[2026-01-23 14:27:43,867] - [root] - [INFO] - Finished loading mask: 0m 17s
[2026-01-23 14:27:54,049] - [root] - [INFO] - Finished crop and inference: 0m 27s
[2026-01-23 14:27:55,544] - [root] - [INFO] - Analysis finished: 0m 29s
[2026-01-23 14:27:55,544] - [root] - [INFO] - -------------------------------------------
[2026-01-23 14:27:55,544] - [root] - [INFO] - -------------------------------------------
[2026-01-23 14:27:55,544] - [root] - [INFO] - Processing 1-22-2026 5dpi 240-Symphony_R2.png
[2026-01-23 14:28:12,796] - [root] - [INFO] - Finished loading mask: 0m 17s
[2026-01-23 14:28:31,889] - [root] - [INFO] - Finished crop and inference: 0m 36s
              timestamp time_elapsed  ... severity_rate_patch Gradient_sr2
0   2026-01-23 13:41:52       0m 24s  ...                1.74         0.04
1   2026-01-23 13:42:17       0m 25s  ...                4.36         0.11
2   2026-01-23 13:42:42       0m 26s  ...                0.85         0.02
3   2026-01-23 13:43:09       0m 29s  ...               25.47         0.67
4   2026-01-23 13:43:39       0m 30s  ...               37.39         0.99
..                  ...          ...  ...                 ...          ...
75  2026-01-23 14:18:00       0m 27s  ...               24.95         0.55
76  2026-01-23 14:18:27       0m 34s  ...               79.18         2.11
77  2026-01-23 14:19:02       0m 28s  ...                4.96         0.12
78  2026-01-23 14:19:31       0m 26s  ...                6.35         0.16
79  2026-01-23 14:19:57       0m 26s  ...               13.00         0.28

[80 rows x 24 columns]
              timestamp time_elapsed  ... severity_rate_patch Gradient_sr2
0   2026-01-23 13:41:52       0m 24s  ...                1.74         0.04
1   2026-01-23 13:42:17       0m 25s  ...                4.36         0.11
2   2026-01-23 13:42:42       0m 26s  ...                0.85         0.02
3   2026-01-23 13:43:09       0m 29s  ...               25.47         0.67
4   2026-01-23 13:43:39       0m 30s  ...               37.39         0.99
..                  ...          ...  ...                 ...          ...
76  2026-01-23 14:18:27       0m 34s  ...               79.18         2.11
77  2026-01-23 14:19:02       0m 28s  ...                4.96         0.12
78  2026-01-23 14:19:31       0m 26s  ...                6.35         0.16
79  2026-01-23 14:19:57       0m 26s  ...               13.00         0.28
80  2026-01-23 14:20:24       0m 27s  ...                5.94         0.15

[81 rows x 24 columns]
              timestamp time_elapsed  ... severity_rate_patch Gradient_sr2
0   2026-01-23 13:41:52       0m 24s  ...                1.74         0.04
1   2026-01-23 13:42:17       0m 25s  ...                4.36         0.11
2   2026-01-23 13:42:42       0m 26s  ...                0.85         0.02
3   2026-01-23 13:43:09       0m 29s  ...               25.47         0.67
4   2026-01-23 13:43:39       0m 30s  ...               37.39         0.99
..                  ...          ...  ...                 ...          ...
77  2026-01-23 14:19:02       0m 28s  ...                4.96         0.12
78  2026-01-23 14:19:31       0m 26s  ...                6.35         0.16
79  2026-01-23 14:19:57       0m 26s  ...               13.00         0.28
80  2026-01-23 14:20:24       0m 27s  ...                5.94         0.15
81  2026-01-23 14:20:52       0m 35s  ...               85.45         2.49

[82 rows x 24 columns]
              timestamp time_elapsed  ... severity_rate_patch Gradient_sr2
0   2026-01-23 13:41:52       0m 24s  ...                1.74         0.04
1   2026-01-23 13:42:17       0m 25s  ...                4.36         0.11
2   2026-01-23 13:42:42       0m 26s  ...                0.85         0.02
3   2026-01-23 13:43:09       0m 29s  ...               25.47         0.67
4   2026-01-23 13:43:39       0m 30s  ...               37.39         0.99
..                  ...          ...  ...                 ...          ...
78  2026-01-23 14:19:31       0m 26s  ...                6.35         0.16
79  2026-01-23 14:19:57       0m 26s  ...               13.00         0.28
80  2026-01-23 14:20:24       0m 27s  ...                5.94         0.15
81  2026-01-23 14:20:52       0m 35s  ...               85.45         2.49
82  2026-01-23 14:21:27       0m 30s  ...                9.54         0.25

[83 rows x 24 columns]
              timestamp time_elapsed  ... severity_rate_patch Gradient_sr2
0   2026-01-23 13:41:52       0m 24s  ...                1.74         0.04
1   2026-01-23 13:42:17       0m 25s  ...                4.36         0.11
2   2026-01-23 13:42:42       0m 26s  ...                0.85         0.02
3   2026-01-23 13:43:09       0m 29s  ...               25.47         0.67
4   2026-01-23 13:43:39       0m 30s  ...               37.39         0.99
..                  ...          ...  ...                 ...          ...
79  2026-01-23 14:19:57       0m 26s  ...               13.00         0.28
80  2026-01-23 14:20:24       0m 27s  ...                5.94         0.15
81  2026-01-23 14:20:52       0m 35s  ...               85.45         2.49
82  2026-01-23 14:21:27       0m 30s  ...                9.54         0.25
83  2026-01-23 14:21:57       0m 29s  ...               23.32         0.63

[84 rows x 24 columns]
              timestamp time_elapsed  ... severity_rate_patch Gradient_sr2
0   2026-01-23 13:41:52       0m 24s  ...                1.74         0.04
1   2026-01-23 13:42:17       0m 25s  ...                4.36         0.11
2   2026-01-23 13:42:42       0m 26s  ...                0.85         0.02
3   2026-01-23 13:43:09       0m 29s  ...               25.47         0.67
4   2026-01-23 13:43:39       0m 30s  ...               37.39         0.99
..                  ...          ...  ...                 ...          ...
80  2026-01-23 14:20:24       0m 27s  ...                5.94         0.15
81  2026-01-23 14:20:52       0m 35s  ...               85.45         2.49
82  2026-01-23 14:21:27       0m 30s  ...                9.54         0.25
83  2026-01-23 14:21:57       0m 29s  ...               23.32         0.63
84  2026-01-23 14:22:27       0m 26s  ...                7.13         0.16

[85 rows x 24 columns]
              timestamp time_elapsed  ... severity_rate_patch Gradient_sr2
0   2026-01-23 13:41:52       0m 24s  ...                1.74         0.04
1   2026-01-23 13:42:17       0m 25s  ...                4.36         0.11
2   2026-01-23 13:42:42       0m 26s  ...                0.85         0.02
3   2026-01-23 13:43:09       0m 29s  ...               25.47         0.67
4   2026-01-23 13:43:39       0m 30s  ...               37.39         0.99
..                  ...          ...  ...                 ...          ...
81  2026-01-23 14:20:52       0m 35s  ...               85.45         2.49
82  2026-01-23 14:21:27       0m 30s  ...                9.54         0.25
83  2026-01-23 14:21:57       0m 29s  ...               23.32         0.63
84  2026-01-23 14:22:27       0m 26s  ...                7.13         0.16
85  2026-01-23 14:22:54       0m 26s  ...                6.06         0.16

[86 rows x 24 columns]
              timestamp time_elapsed  ... severity_rate_patch Gradient_sr2
0   2026-01-23 13:41:52       0m 24s  ...                1.74         0.04
1   2026-01-23 13:42:17       0m 25s  ...                4.36         0.11
2   2026-01-23 13:42:42       0m 26s  ...                0.85         0.02
3   2026-01-23 13:43:09       0m 29s  ...               25.47         0.67
4   2026-01-23 13:43:39       0m 30s  ...               37.39         0.99
..                  ...          ...  ...                 ...          ...
82  2026-01-23 14:21:27       0m 30s  ...                9.54         0.25
83  2026-01-23 14:21:57       0m 29s  ...               23.32         0.63
84  2026-01-23 14:22:27       0m 26s  ...                7.13         0.16
85  2026-01-23 14:22:54       0m 26s  ...                6.06         0.16
86  2026-01-23 14:23:21       0m 26s  ...                1.20         0.03

[87 rows x 24 columns]
[2026-01-23 14:28:33,392] - [root] - [INFO] - Analysis finished: 0m 37s
[2026-01-23 14:28:33,392] - [root] - [INFO] - -------------------------------------------
[2026-01-23 14:28:33,392] - [root] - [INFO] - -------------------------------------------
[2026-01-23 14:28:33,392] - [root] - [INFO] - Processing 1-22-2026 5dpi 254-W2021010-352_R2.png
[2026-01-23 14:28:51,097] - [root] - [INFO] - Finished loading mask: 0m 17s
[2026-01-23 14:28:57,946] - [root] - [INFO] - Finished crop and inference: 0m 24s
[2026-01-23 14:28:59,412] - [root] - [INFO] - Analysis finished: 0m 26s
[2026-01-23 14:28:59,412] - [root] - [INFO] - -------------------------------------------
[2026-01-23 14:28:59,412] - [root] - [INFO] - -------------------------------------------
[2026-01-23 14:28:59,412] - [root] - [INFO] - Processing 1-22-2026 5dpi 266-W2021009-193_R1.png
[2026-01-23 14:29:16,195] - [root] - [INFO] - Finished loading mask: 0m 16s
[2026-01-23 14:29:24,682] - [root] - [INFO] - Finished crop and inference: 0m 25s
[2026-01-23 14:29:26,209] - [root] - [INFO] - Analysis finished: 0m 26s
[2026-01-23 14:29:26,209] - [root] - [INFO] - -------------------------------------------
[2026-01-23 14:29:26,209] - [root] - [INFO] - -------------------------------------------
[2026-01-23 14:29:26,209] - [root] - [INFO] - Processing 1-22-2026 5dpi 313-W2021010-343_R1.png
[2026-01-23 14:29:42,861] - [root] - [INFO] - Finished loading mask: 0m 16s
[2026-01-23 14:29:50,714] - [root] - [INFO] - Finished crop and inference: 0m 24s
[2026-01-23 14:29:52,231] - [root] - [INFO] - Analysis finished: 0m 26s
[2026-01-23 14:29:52,231] - [root] - [INFO] - -------------------------------------------
[2026-01-23 14:29:52,231] - [root] - [INFO] - -------------------------------------------
[2026-01-23 14:29:52,231] - [root] - [INFO] - Processing 1-22-2026 5dpi 336-W2021011-506_R2.png
[2026-01-23 14:30:08,706] - [root] - [INFO] - Finished loading mask: 0m 16s
[2026-01-23 14:30:22,585] - [root] - [INFO] - Finished crop and inference: 0m 30s
[2026-01-23 14:30:24,043] - [root] - [INFO] - Analysis finished: 0m 31s
[2026-01-23 14:30:24,044] - [root] - [INFO] - -------------------------------------------
[2026-01-23 14:30:24,068] - [root] - [INFO] - Saved C:\Users\Intel User\Desktop\blackbird_scripts\data\Results\ResNet_upth0.6_downth0.1_Jan22_10-21-00_2026\1-22-2026\th_0.7\severity_rate_tray_5dpi.csv
              timestamp time_elapsed  ... severity_rate_patch Gradient_sr2
0   2026-01-23 13:41:52       0m 24s  ...                1.74         0.04
1   2026-01-23 13:42:17       0m 25s  ...                4.36         0.11
2   2026-01-23 13:42:42       0m 26s  ...                0.85         0.02
3   2026-01-23 13:43:09       0m 29s  ...               25.47         0.67
4   2026-01-23 13:43:39       0m 30s  ...               37.39         0.99
..                  ...          ...  ...                 ...          ...
83  2026-01-23 14:21:57       0m 29s  ...               23.32         0.63
84  2026-01-23 14:22:27       0m 26s  ...                7.13         0.16
85  2026-01-23 14:22:54       0m 26s  ...                6.06         0.16
86  2026-01-23 14:23:21       0m 26s  ...                1.20         0.03
87  2026-01-23 14:23:47       0m 29s  ...               31.65         0.76

[88 rows x 24 columns]
              timestamp time_elapsed  ... severity_rate_patch Gradient_sr2
0   2026-01-23 13:41:52       0m 24s  ...                1.74         0.04
1   2026-01-23 13:42:17       0m 25s  ...                4.36         0.11
2   2026-01-23 13:42:42       0m 26s  ...                0.85         0.02
3   2026-01-23 13:43:09       0m 29s  ...               25.47         0.67
4   2026-01-23 13:43:39       0m 30s  ...               37.39         0.99
..                  ...          ...  ...                 ...          ...
84  2026-01-23 14:22:27       0m 26s  ...                7.13         0.16
85  2026-01-23 14:22:54       0m 26s  ...                6.06         0.16
86  2026-01-23 14:23:21       0m 26s  ...                1.20         0.03
87  2026-01-23 14:23:47       0m 29s  ...               31.65         0.76
88  2026-01-23 14:24:17       0m 32s  ...               42.68         1.19

[89 rows x 24 columns]
              timestamp time_elapsed  ... severity_rate_patch Gradient_sr2
0   2026-01-23 13:41:52       0m 24s  ...                1.74         0.04
1   2026-01-23 13:42:17       0m 25s  ...                4.36         0.11
2   2026-01-23 13:42:42       0m 26s  ...                0.85         0.02
3   2026-01-23 13:43:09       0m 29s  ...               25.47         0.67
4   2026-01-23 13:43:39       0m 30s  ...               37.39         0.99
..                  ...          ...  ...                 ...          ...
85  2026-01-23 14:22:54       0m 26s  ...                6.06         0.16
86  2026-01-23 14:23:21       0m 26s  ...                1.20         0.03
87  2026-01-23 14:23:47       0m 29s  ...               31.65         0.76
88  2026-01-23 14:24:17       0m 32s  ...               42.68         1.19
89  2026-01-23 14:24:49       0m 29s  ...               14.13         0.40

[90 rows x 24 columns]
              timestamp time_elapsed  ... severity_rate_patch Gradient_sr2
0   2026-01-23 13:41:52       0m 24s  ...                1.74         0.04
1   2026-01-23 13:42:17       0m 25s  ...                4.36         0.11
2   2026-01-23 13:42:42       0m 26s  ...                0.85         0.02
3   2026-01-23 13:43:09       0m 29s  ...               25.47         0.67
4   2026-01-23 13:43:39       0m 30s  ...               37.39         0.99
..                  ...          ...  ...                 ...          ...
86  2026-01-23 14:23:21       0m 26s  ...                1.20         0.03
87  2026-01-23 14:23:47       0m 29s  ...               31.65         0.76
88  2026-01-23 14:24:17       0m 32s  ...               42.68         1.19
89  2026-01-23 14:24:49       0m 29s  ...               14.13         0.40
90  2026-01-23 14:25:19       0m 27s  ...               11.52         0.30

[91 rows x 24 columns]
              timestamp time_elapsed  ... severity_rate_patch Gradient_sr2
0   2026-01-23 13:41:52       0m 24s  ...                1.74         0.04
1   2026-01-23 13:42:17       0m 25s  ...                4.36         0.11
2   2026-01-23 13:42:42       0m 26s  ...                0.85         0.02
3   2026-01-23 13:43:09       0m 29s  ...               25.47         0.67
4   2026-01-23 13:43:39       0m 30s  ...               37.39         0.99
..                  ...          ...  ...                 ...          ...
87  2026-01-23 14:23:47       0m 29s  ...               31.65         0.76
88  2026-01-23 14:24:17       0m 32s  ...               42.68         1.19
89  2026-01-23 14:24:49       0m 29s  ...               14.13         0.40
90  2026-01-23 14:25:19       0m 27s  ...               11.52         0.30
91  2026-01-23 14:25:46       0m 31s  ...               45.04         1.15

[92 rows x 24 columns]
              timestamp time_elapsed  ... severity_rate_patch Gradient_sr2
0   2026-01-23 13:41:52       0m 24s  ...                1.74         0.04
1   2026-01-23 13:42:17       0m 25s  ...                4.36         0.11
2   2026-01-23 13:42:42       0m 26s  ...                0.85         0.02
3   2026-01-23 13:43:09       0m 29s  ...               25.47         0.67
4   2026-01-23 13:43:39       0m 30s  ...               37.39         0.99
..                  ...          ...  ...                 ...          ...
88  2026-01-23 14:24:17       0m 32s  ...               42.68         1.19
89  2026-01-23 14:24:49       0m 29s  ...               14.13         0.40
90  2026-01-23 14:25:19       0m 27s  ...               11.52         0.30
91  2026-01-23 14:25:46       0m 31s  ...               45.04         1.15
92  2026-01-23 14:26:17       0m 27s  ...               13.53         0.35

[93 rows x 24 columns]
              timestamp time_elapsed  ... severity_rate_patch Gradient_sr2
0   2026-01-23 13:41:52       0m 24s  ...                1.74         0.04
1   2026-01-23 13:42:17       0m 25s  ...                4.36         0.11
2   2026-01-23 13:42:42       0m 26s  ...                0.85         0.02
3   2026-01-23 13:43:09       0m 29s  ...               25.47         0.67
4   2026-01-23 13:43:39       0m 30s  ...               37.39         0.99
..                  ...          ...  ...                 ...          ...
89  2026-01-23 14:24:49       0m 29s  ...               14.13         0.40
90  2026-01-23 14:25:19       0m 27s  ...               11.52         0.30
91  2026-01-23 14:25:46       0m 31s  ...               45.04         1.15
92  2026-01-23 14:26:17       0m 27s  ...               13.53         0.35
93  2026-01-23 14:26:45       0m 40s  ...               98.85         3.19

[94 rows x 24 columns]
              timestamp time_elapsed  ... severity_rate_patch Gradient_sr2
0   2026-01-23 13:41:52       0m 24s  ...                1.74         0.04
1   2026-01-23 13:42:17       0m 25s  ...                4.36         0.11
2   2026-01-23 13:42:42       0m 26s  ...                0.85         0.02
3   2026-01-23 13:43:09       0m 29s  ...               25.47         0.67
4   2026-01-23 13:43:39       0m 30s  ...               37.39         0.99
..                  ...          ...  ...                 ...          ...
90  2026-01-23 14:25:19       0m 27s  ...               11.52         0.30
91  2026-01-23 14:25:46       0m 31s  ...               45.04         1.15
92  2026-01-23 14:26:17       0m 27s  ...               13.53         0.35
93  2026-01-23 14:26:45       0m 40s  ...               98.85         3.19
94  2026-01-23 14:27:26       0m 29s  ...               17.16         0.48

[95 rows x 24 columns]
              timestamp time_elapsed  ... severity_rate_patch Gradient_sr2
0   2026-01-23 13:41:52       0m 24s  ...                1.74         0.04
1   2026-01-23 13:42:17       0m 25s  ...                4.36         0.11
2   2026-01-23 13:42:42       0m 26s  ...                0.85         0.02
3   2026-01-23 13:43:09       0m 29s  ...               25.47         0.67
4   2026-01-23 13:43:39       0m 30s  ...               37.39         0.99
..                  ...          ...  ...                 ...          ...
91  2026-01-23 14:25:46       0m 31s  ...               45.04         1.15
92  2026-01-23 14:26:17       0m 27s  ...               13.53         0.35
93  2026-01-23 14:26:45       0m 40s  ...               98.85         3.19
94  2026-01-23 14:27:26       0m 29s  ...               17.16         0.48
95  2026-01-23 14:27:55       0m 37s  ...               83.68         2.54

[96 rows x 24 columns]
              timestamp time_elapsed  ... severity_rate_patch Gradient_sr2
0   2026-01-23 13:41:52       0m 24s  ...                1.74         0.04
1   2026-01-23 13:42:17       0m 25s  ...                4.36         0.11
2   2026-01-23 13:42:42       0m 26s  ...                0.85         0.02
3   2026-01-23 13:43:09       0m 29s  ...               25.47         0.67
4   2026-01-23 13:43:39       0m 30s  ...               37.39         0.99
..                  ...          ...  ...                 ...          ...
92  2026-01-23 14:26:17       0m 27s  ...               13.53         0.35
93  2026-01-23 14:26:45       0m 40s  ...               98.85         3.19
94  2026-01-23 14:27:26       0m 29s  ...               17.16         0.48
95  2026-01-23 14:27:55       0m 37s  ...               83.68         2.54
96  2026-01-23 14:28:33       0m 26s  ...                2.20         0.06

[97 rows x 24 columns]
              timestamp time_elapsed  ... severity_rate_patch Gradient_sr2
0   2026-01-23 13:41:52       0m 24s  ...                1.74         0.04
1   2026-01-23 13:42:17       0m 25s  ...                4.36         0.11
2   2026-01-23 13:42:42       0m 26s  ...                0.85         0.02
3   2026-01-23 13:43:09       0m 29s  ...               25.47         0.67
4   2026-01-23 13:43:39       0m 30s  ...               37.39         0.99
..                  ...          ...  ...                 ...          ...
93  2026-01-23 14:26:45       0m 40s  ...               98.85         3.19
94  2026-01-23 14:27:26       0m 29s  ...               17.16         0.48
95  2026-01-23 14:27:55       0m 37s  ...               83.68         2.54
96  2026-01-23 14:28:33       0m 26s  ...                2.20         0.06
97  2026-01-23 14:28:59       0m 26s  ...               10.16         0.27

[98 rows x 24 columns]
              timestamp time_elapsed  ... severity_rate_patch Gradient_sr2
0   2026-01-23 13:41:52       0m 24s  ...                1.74         0.04
1   2026-01-23 13:42:17       0m 25s  ...                4.36         0.11
2   2026-01-23 13:42:42       0m 26s  ...                0.85         0.02
3   2026-01-23 13:43:09       0m 29s  ...               25.47         0.67
4   2026-01-23 13:43:39       0m 30s  ...               37.39         0.99
..                  ...          ...  ...                 ...          ...
94  2026-01-23 14:27:26       0m 29s  ...               17.16         0.48
95  2026-01-23 14:27:55       0m 37s  ...               83.68         2.54
96  2026-01-23 14:28:33       0m 26s  ...                2.20         0.06
97  2026-01-23 14:28:59       0m 26s  ...               10.16         0.27
98  2026-01-23 14:29:26       0m 26s  ...                4.23         0.11

[99 rows x 24 columns]
              timestamp time_elapsed  ... severity_rate_patch Gradient_sr2
0   2026-01-23 13:41:52       0m 24s  ...                1.74         0.04
1   2026-01-23 13:42:17       0m 25s  ...                4.36         0.11
2   2026-01-23 13:42:42       0m 26s  ...                0.85         0.02
3   2026-01-23 13:43:09       0m 29s  ...               25.47         0.67
4   2026-01-23 13:43:39       0m 30s  ...               37.39         0.99
..                  ...          ...  ...                 ...          ...
95  2026-01-23 14:27:55       0m 37s  ...               83.68         2.54
96  2026-01-23 14:28:33       0m 26s  ...                2.20         0.06
97  2026-01-23 14:28:59       0m 26s  ...               10.16         0.27
98  2026-01-23 14:29:26       0m 26s  ...                4.23         0.11
99  2026-01-23 14:29:52       0m 31s  ...               47.28         1.25

[100 rows x 24 columns]

real	48m40.459s
user	0m0.015s
sys	0m0.000s
