[2026-01-23 12:45:20,005] - [root] - [INFO] - leaf_correlation_mw.py
[2026-01-23 12:45:20,006] - [root] - [INFO] - model_type       : ResNet
[2026-01-23 12:45:20,006] - [root] - [INFO] - pretrained       : True
[2026-01-23 12:45:20,006] - [root] - [INFO] - loading_epoch    : 65
[2026-01-23 12:45:20,006] - [root] - [INFO] - timestamp        : Jan22_10-21-00_2026
[2026-01-23 12:45:20,006] - [root] - [INFO] - outdim           : 2
[2026-01-23 12:45:20,006] - [root] - [INFO] - dual_head        : True
[2026-01-23 12:45:20,006] - [root] - [INFO] - model_path       : ../..
[2026-01-23 12:45:20,006] - [root] - [INFO] - step_size        : 224
[2026-01-23 12:45:20,006] - [root] - [INFO] - means            : [0.541, 0.6371, 0.4188]
[2026-01-23 12:45:20,006] - [root] - [INFO] - stds             : [0.1764, 0.165, 0.2326]
[2026-01-23 12:45:20,006] - [root] - [INFO] - target_class     : 1
[2026-01-23 12:45:20,007] - [root] - [INFO] - contam_control   : False
[2026-01-23 12:45:20,007] - [root] - [INFO] - spor_th          : 0.7
[2026-01-23 12:45:20,007] - [root] - [INFO] - inf_gate         : 0.3
[2026-01-23 12:45:20,007] - [root] - [INFO] - pm               : HPM-1269
[2026-01-23 12:45:20,007] - [root] - [INFO] - mps              : False
[2026-01-23 12:45:20,007] - [root] - [INFO] - cuda             : True
[2026-01-23 12:45:20,007] - [root] - [INFO] - cuda_id          : 0
[2026-01-23 12:45:20,007] - [root] - [INFO] - sal_threshold    : 0.5
[2026-01-23 12:45:20,007] - [root] - [INFO] - up_threshold     : 0.6
[2026-01-23 12:45:20,007] - [root] - [INFO] - down_threshold   : 0.1
[2026-01-23 12:45:20,007] - [root] - [INFO] - dataset_path     : C:/Users/Intel User/Desktop/blackbird_scripts/data/human_disk_assessments
[2026-01-23 12:45:20,007] - [root] - [INFO] - img_folder       : 1-22-2026
[2026-01-23 12:45:20,007] - [root] - [INFO] - platform         : BlackBird
[2026-01-23 12:45:20,007] - [root] - [INFO] - threshold        : ['0.7']
[2026-01-23 12:45:20,007] - [root] - [INFO] - log              : ../../results/logs/random.log
[2026-01-23 12:45:20,007] - [root] - [INFO] - dpi              : 5
[2026-01-23 12:45:20,007] - [root] - [INFO] - group            : baseline
[2026-01-23 12:45:20,007] - [root] - [INFO] - trays            : ['5dpi']
[2026-01-23 12:45:20,008] - [root] - [INFO] - sal_gradcam      : False
[2026-01-23 12:45:20,008] - [root] - [INFO] - sal_gradient     : True
[2026-01-23 12:45:20,008] - [root] - [INFO] - sal_smoothgrad   : False
[2026-01-23 12:45:20,008] - [root] - [INFO] - sal_deeplift     : False
[2026-01-23 12:45:20,008] - [root] - [INFO] - sal_thresh_method : fixed
[2026-01-23 12:45:20,008] - [root] - [INFO] - sal_thresh_p     : 95.0
[2026-01-23 12:45:21,231] - [root] - [INFO] - -------------------------------------------
[2026-01-23 12:45:21,231] - [root] - [INFO] - Processing 1-22-2026 5dpi 002-W2021006-081_R1.png
[2026-01-23 12:45:41,048] - [root] - [INFO] - Finished loading mask: 0m 19s
[2026-01-23 12:45:50,344] - [root] - [INFO] - Finished crop and inference: 0m 29s
[2026-01-23 12:45:51,897] - [root] - [INFO] - Analysis finished: 0m 30s
[2026-01-23 12:45:51,897] - [root] - [INFO] - -------------------------------------------
[2026-01-23 12:45:51,897] - [root] - [INFO] - -------------------------------------------
[2026-01-23 12:45:51,897] - [root] - [INFO] - Processing 1-22-2026 5dpi 002-W2021010-336_R2.png
[2026-01-23 12:46:11,888] - [root] - [INFO] - Finished loading mask: 0m 19s
[2026-01-23 12:46:20,726] - [root] - [INFO] - Finished crop and inference: 0m 28s
[2026-01-23 12:46:22,527] - [root] - [INFO] - Analysis finished: 0m 30s
[2026-01-23 12:46:22,527] - [root] - [INFO] - -------------------------------------------
[2026-01-23 12:46:22,527] - [root] - [INFO] - -------------------------------------------
[2026-01-23 12:46:22,527] - [root] - [INFO] - Processing 1-22-2026 5dpi 005-W2021011-592_R2.png
[2026-01-23 12:46:43,050] - [root] - [INFO] - Finished loading mask: 0m 20s
[2026-01-23 12:46:52,765] - [root] - [INFO] - Finished crop and inference: 0m 30s
[2026-01-23 12:46:54,591] - [root] - [INFO] - Analysis finished: 0m 32s
[2026-01-23 12:46:54,591] - [root] - [INFO] - -------------------------------------------
[2026-01-23 12:46:54,593] - [root] - [INFO] - -------------------------------------------
[2026-01-23 12:46:54,593] - [root] - [INFO] - Processing 1-22-2026 5dpi 009-W2021010-311_R2.png
[2026-01-23 12:47:15,570] - [root] - [INFO] - Finished loading mask: 0m 20s
[2026-01-23 12:47:28,487] - [root] - [INFO] - Finished crop and inference: 0m 33s
[2026-01-23 12:47:30,101] - [root] - [INFO] - Analysis finished: 0m 35s
[2026-01-23 12:47:30,101] - [root] - [INFO] - -------------------------------------------
[2026-01-23 12:47:30,101] - [root] - [INFO] - -------------------------------------------
[2026-01-23 12:47:30,101] - [root] - [INFO] - Processing 1-22-2026 5dpi 010-W2021010-347_R2.png
[2026-01-23 12:47:50,378] - [root] - [INFO] - Finished loading mask: 0m 20s
[2026-01-23 12:48:04,111] - [root] - [INFO] - Finished crop and inference: 0m 34s
[2026-01-23 12:48:05,711] - [root] - [INFO] - Analysis finished: 0m 35s
[2026-01-23 12:48:05,711] - [root] - [INFO] - -------------------------------------------
[2026-01-23 12:48:05,711] - [root] - [INFO] - -------------------------------------------
[2026-01-23 12:48:05,711] - [root] - [INFO] - Processing 1-22-2026 5dpi 013-W2021009-172_R2.png
[2026-01-23 12:48:25,854] - [root] - [INFO] - Finished loading mask: 0m 20s
[2026-01-23 12:48:35,154] - [root] - [INFO] - Finished crop and inference: 0m 29s
[2026-01-23 12:48:36,860] - [root] - [INFO] - Analysis finished: 0m 31s
[2026-01-23 12:48:36,860] - [root] - [INFO] - -------------------------------------------
[2026-01-23 12:48:36,860] - [root] - [INFO] - -------------------------------------------
[2026-01-23 12:48:36,860] - [root] - [INFO] - Processing 1-22-2026 5dpi 015-W2021009-160_R1.png
[2026-01-23 12:48:57,465] - [root] - [INFO] - Finished loading mask: 0m 20s
[2026-01-23 12:49:11,342] - [root] - [INFO] - Finished crop and inference: 0m 34s
[2026-01-23 12:49:12,996] - [root] - [INFO] - Analysis finished: 0m 36s
[2026-01-23 12:49:12,996] - [root] - [INFO] - -------------------------------------------
[2026-01-23 12:49:12,996] - [root] - [INFO] - -------------------------------------------
[2026-01-23 12:49:12,996] - [root] - [INFO] - Processing 1-22-2026 5dpi 015-W2021011-633_R1.png
[2026-01-23 12:49:33,028] - [root] - [INFO] - Finished loading mask: 0m 20s
[2026-01-23 12:49:45,636] - [root] - [INFO] - Finished crop and inference: 0m 32s
[2026-01-23 12:49:47,298] - [root] - [INFO] - Analysis finished: 0m 34s
[2026-01-23 12:49:47,299] - [root] - [INFO] - -------------------------------------------
[2026-01-23 12:49:47,299] - [root] - [INFO] - -------------------------------------------
[2026-01-23 12:49:47,299] - [root] - [INFO] - Processing 1-22-2026 5dpi 017-W2021006-612_R2.png
[2026-01-23 12:50:07,684] - [root] - [INFO] - Finished loading mask: 0m 20s
[2026-01-23 12:50:19,748] - [root] - [INFO] - Finished crop and inference: 0m 32s
[2026-01-23 12:50:21,381] - [root] - [INFO] - Analysis finished: 0m 34s
[2026-01-23 12:50:21,381] - [root] - [INFO] - -------------------------------------------
[2026-01-23 12:50:21,381] - [root] - [INFO] - -------------------------------------------
[2026-01-23 12:50:21,381] - [root] - [INFO] - Processing 1-22-2026 5dpi 019-W2021010-428_R2.png
[2026-01-23 12:50:41,354] - [root] - [INFO] - Finished loading mask: 0m 19s
[2026-01-23 12:50:50,114] - [root] - [INFO] - Finished crop and inference: 0m 28s
[2026-01-23 12:50:51,718] - [root] - [INFO] - Analysis finished: 0m 30s
[2026-01-23 12:50:51,718] - [root] - [INFO] - -------------------------------------------
[2026-01-23 12:50:51,718] - [root] - [INFO] - -------------------------------------------
[2026-01-23 12:50:51,718] - [root] - [INFO] - Processing 1-22-2026 5dpi 021-W2021009-175_R1.png
[2026-01-23 12:51:11,297] - [root] - [INFO] - Finished loading mask: 0m 19s
[2026-01-23 12:51:20,801] - [root] - [INFO] - Finished crop and inference: 0m 29s
[2026-01-23 12:51:22,448] - [root] - [INFO] - Analysis finished: 0m 30s
[2026-01-23 12:51:22,448] - [root] - [INFO] - -------------------------------------------
[2026-01-23 12:51:22,448] - [root] - [INFO] - -------------------------------------------
[2026-01-23 12:51:22,448] - [root] - [INFO] - Processing 1-22-2026 5dpi 022-W2021009-198_R2.png
[2026-01-23 12:51:42,745] - [root] - [INFO] - Finished loading mask: 0m 20s
[2026-01-23 12:51:54,556] - [root] - [INFO] - Finished crop and inference: 0m 32s
[2026-01-23 12:51:56,170] - [root] - [INFO] - Analysis finished: 0m 33s
[2026-01-23 12:51:56,170] - [root] - [INFO] - -------------------------------------------
[2026-01-23 12:51:56,170] - [root] - [INFO] - -------------------------------------------
[2026-01-23 12:51:56,170] - [root] - [INFO] - Processing 1-22-2026 5dpi 023-W2021006-049_R1.png
[2026-01-23 12:52:15,875] - [root] - [INFO] - Finished loading mask: 0m 19s
[2026-01-23 12:52:26,502] - [root] - [INFO] - Finished crop and inference: 0m 30s
[2026-01-23 12:52:28,087] - [root] - [INFO] - Analysis finished: 0m 31s
[2026-01-23 12:52:28,087] - [root] - [INFO] - -------------------------------------------
[2026-01-23 12:52:28,087] - [root] - [INFO] - -------------------------------------------
[2026-01-23 12:52:28,087] - [root] - [INFO] - Processing 1-22-2026 5dpi 023-W2021010-305_R2.png
[2026-01-23 12:52:48,643] - [root] - [INFO] - Finished loading mask: 0m 20s
[2026-01-23 12:52:59,080] - [root] - [INFO] - Finished crop and inference: 0m 30s
[2026-01-23 12:53:00,802] - [root] - [INFO] - Analysis finished: 0m 32s
[2026-01-23 12:53:00,802] - [root] - [INFO] - -------------------------------------------
[2026-01-23 12:53:00,802] - [root] - [INFO] - -------------------------------------------
[2026-01-23 12:53:00,802] - [root] - [INFO] - Processing 1-22-2026 5dpi 026-W2021009-622_R2.png
[2026-01-23 12:53:21,297] - [root] - [INFO] - Finished loading mask: 0m 20s
[2026-01-23 12:53:34,878] - [root] - [INFO] - Finished crop and inference: 0m 34s
[2026-01-23 12:53:36,533] - [root] - [INFO] - Analysis finished: 0m 35s
[2026-01-23 12:53:36,533] - [root] - [INFO] - -------------------------------------------
[2026-01-23 12:53:36,533] - [root] - [INFO] - -------------------------------------------
[2026-01-23 12:53:36,533] - [root] - [INFO] - Processing 1-22-2026 5dpi 032-W2021006-041_R2.png
[2026-01-23 12:53:56,982] - [root] - [INFO] - Finished loading mask: 0m 20s
[2026-01-23 12:54:09,435] - [root] - [INFO] - Finished crop and inference: 0m 32s
[2026-01-23 12:54:11,055] - [root] - [INFO] - Analysis finished: 0m 34s
[2026-01-23 12:54:11,055] - [root] - [INFO] - -------------------------------------------
[2026-01-23 12:54:11,055] - [root] - [INFO] - -------------------------------------------
[2026-01-23 12:54:11,055] - [root] - [INFO] - Processing 1-22-2026 5dpi 032-W2021009-155_R1.png
[2026-01-23 12:54:30,858] - [root] - [INFO] - Finished loading mask: 0m 19s
[2026-01-23 12:54:53,412] - [root] - [INFO] - Finished crop and inference: 0m 42s
[2026-01-23 12:54:55,019] - [root] - [INFO] - Analysis finished: 0m 43s
[2026-01-23 12:54:55,019] - [root] - [INFO] - -------------------------------------------
[2026-01-23 12:54:55,019] - [root] - [INFO] - -------------------------------------------
[2026-01-23 12:54:55,019] - [root] - [INFO] - Processing 1-22-2026 5dpi 036-W2021006-047_R2.png
[2026-01-23 12:55:14,826] - [root] - [INFO] - Finished loading mask: 0m 19s
[2026-01-23 12:55:23,719] - [root] - [INFO] - Finished crop and inference: 0m 28s
[2026-01-23 12:55:25,354] - [root] - [INFO] - Analysis finished: 0m 30s
[2026-01-23 12:55:25,354] - [root] - [INFO] - -------------------------------------------
[2026-01-23 12:55:25,354] - [root] - [INFO] - -------------------------------------------
[2026-01-23 12:55:25,354] - [root] - [INFO] - Processing 1-22-2026 5dpi 040-W2021009-207_R1.png
[2026-01-23 12:55:44,997] - [root] - [INFO] - Finished loading mask: 0m 19s
[2026-01-23 12:55:57,017] - [root] - [INFO] - Finished crop and inference: 0m 31s
[2026-01-23 12:55:58,635] - [root] - [INFO] - Analysis finished: 0m 33s
[2026-01-23 12:55:58,635] - [root] - [INFO] - -------------------------------------------
[2026-01-23 12:55:58,635] - [root] - [INFO] - -------------------------------------------
[2026-01-23 12:55:58,635] - [root] - [INFO] - Processing 1-22-2026 5dpi 042-W2021010-429_R1.png
[2026-01-23 12:56:18,853] - [root] - [INFO] - Finished loading mask: 0m 20s
[2026-01-23 12:56:36,767] - [root] - [INFO] - Finished crop and inference: 0m 38s
             timestamp time_elapsed  ... severity_rate_patch Gradient_sr2
0  2026-01-23 12:45:21       0m 30s  ...                1.74         0.04

[1 rows x 24 columns]
             timestamp time_elapsed  ... severity_rate_patch Gradient_sr2
0  2026-01-23 12:45:21       0m 30s  ...                1.74         0.04
1  2026-01-23 12:45:51       0m 30s  ...                4.36         0.11

[2 rows x 24 columns]
             timestamp time_elapsed  ... severity_rate_patch Gradient_sr2
0  2026-01-23 12:45:21       0m 30s  ...                1.74         0.04
1  2026-01-23 12:45:51       0m 30s  ...                4.36         0.11
2  2026-01-23 12:46:22       0m 32s  ...                0.85         0.02

[3 rows x 24 columns]
             timestamp time_elapsed  ... severity_rate_patch Gradient_sr2
0  2026-01-23 12:45:21       0m 30s  ...                1.74         0.04
1  2026-01-23 12:45:51       0m 30s  ...                4.36         0.11
2  2026-01-23 12:46:22       0m 32s  ...                0.85         0.02
3  2026-01-23 12:46:54       0m 35s  ...               25.47         0.67

[4 rows x 24 columns]
             timestamp time_elapsed  ... severity_rate_patch Gradient_sr2
0  2026-01-23 12:45:21       0m 30s  ...                1.74         0.04
1  2026-01-23 12:45:51       0m 30s  ...                4.36         0.11
2  2026-01-23 12:46:22       0m 32s  ...                0.85         0.02
3  2026-01-23 12:46:54       0m 35s  ...               25.47         0.67
4  2026-01-23 12:47:30       0m 35s  ...               37.39         0.99

[5 rows x 24 columns]
             timestamp time_elapsed  ... severity_rate_patch Gradient_sr2
0  2026-01-23 12:45:21       0m 30s  ...                1.74         0.04
1  2026-01-23 12:45:51       0m 30s  ...                4.36         0.11
2  2026-01-23 12:46:22       0m 32s  ...                0.85         0.02
3  2026-01-23 12:46:54       0m 35s  ...               25.47         0.67
4  2026-01-23 12:47:30       0m 35s  ...               37.39         0.99
5  2026-01-23 12:48:05       0m 31s  ...                0.45         0.01

[6 rows x 24 columns]
             timestamp time_elapsed  ... severity_rate_patch Gradient_sr2
0  2026-01-23 12:45:21       0m 30s  ...                1.74         0.04
1  2026-01-23 12:45:51       0m 30s  ...                4.36         0.11
2  2026-01-23 12:46:22       0m 32s  ...                0.85         0.02
3  2026-01-23 12:46:54       0m 35s  ...               25.47         0.67
4  2026-01-23 12:47:30       0m 35s  ...               37.39         0.99
5  2026-01-23 12:48:05       0m 31s  ...                0.45         0.01
6  2026-01-23 12:48:36       0m 36s  ...               38.62         0.91

[7 rows x 24 columns]
             timestamp time_elapsed  ... severity_rate_patch Gradient_sr2
0  2026-01-23 12:45:21       0m 30s  ...                1.74         0.04
1  2026-01-23 12:45:51       0m 30s  ...                4.36         0.11
2  2026-01-23 12:46:22       0m 32s  ...                0.85         0.02
3  2026-01-23 12:46:54       0m 35s  ...               25.47         0.67
4  2026-01-23 12:47:30       0m 35s  ...               37.39         0.99
5  2026-01-23 12:48:05       0m 31s  ...                0.45         0.01
6  2026-01-23 12:48:36       0m 36s  ...               38.62         0.91
7  2026-01-23 12:49:12       0m 34s  ...               19.86         0.56

[8 rows x 24 columns]
             timestamp time_elapsed  ... severity_rate_patch Gradient_sr2
0  2026-01-23 12:45:21       0m 30s  ...                1.74         0.04
1  2026-01-23 12:45:51       0m 30s  ...                4.36         0.11
2  2026-01-23 12:46:22       0m 32s  ...                0.85         0.02
3  2026-01-23 12:46:54       0m 35s  ...               25.47         0.67
4  2026-01-23 12:47:30       0m 35s  ...               37.39         0.99
5  2026-01-23 12:48:05       0m 31s  ...                0.45         0.01
6  2026-01-23 12:48:36       0m 36s  ...               38.62         0.91
7  2026-01-23 12:49:12       0m 34s  ...               19.86         0.56
8  2026-01-23 12:49:47       0m 34s  ...               39.61         1.05

[9 rows x 24 columns]
             timestamp time_elapsed  ... severity_rate_patch Gradient_sr2
0  2026-01-23 12:45:21       0m 30s  ...                1.74         0.04
1  2026-01-23 12:45:51       0m 30s  ...                4.36         0.11
2  2026-01-23 12:46:22       0m 32s  ...                0.85         0.02
3  2026-01-23 12:46:54       0m 35s  ...               25.47         0.67
4  2026-01-23 12:47:30       0m 35s  ...               37.39         0.99
5  2026-01-23 12:48:05       0m 31s  ...                0.45         0.01
6  2026-01-23 12:48:36       0m 36s  ...               38.62         0.91
7  2026-01-23 12:49:12       0m 34s  ...               19.86         0.56
8  2026-01-23 12:49:47       0m 34s  ...               39.61         1.05
9  2026-01-23 12:50:21       0m 30s  ...                1.79         0.05

[10 rows x 24 columns]
              timestamp time_elapsed  ... severity_rate_patch Gradient_sr2
0   2026-01-23 12:45:21       0m 30s  ...                1.74         0.04
1   2026-01-23 12:45:51       0m 30s  ...                4.36         0.11
2   2026-01-23 12:46:22       0m 32s  ...                0.85         0.02
3   2026-01-23 12:46:54       0m 35s  ...               25.47         0.67
4   2026-01-23 12:47:30       0m 35s  ...               37.39         0.99
5   2026-01-23 12:48:05       0m 31s  ...                0.45         0.01
6   2026-01-23 12:48:36       0m 36s  ...               38.62         0.91
7   2026-01-23 12:49:12       0m 34s  ...               19.86         0.56
8   2026-01-23 12:49:47       0m 34s  ...               39.61         1.05
9   2026-01-23 12:50:21       0m 30s  ...                1.79         0.05
10  2026-01-23 12:50:51       0m 30s  ...                2.79         0.07

[11 rows x 24 columns]
              timestamp time_elapsed  ... severity_rate_patch Gradient_sr2
0   2026-01-23 12:45:21       0m 30s  ...                1.74         0.04
1   2026-01-23 12:45:51       0m 30s  ...                4.36         0.11
2   2026-01-23 12:46:22       0m 32s  ...                0.85         0.02
3   2026-01-23 12:46:54       0m 35s  ...               25.47         0.67
4   2026-01-23 12:47:30       0m 35s  ...               37.39         0.99
5   2026-01-23 12:48:05       0m 31s  ...                0.45         0.01
6   2026-01-23 12:48:36       0m 36s  ...               38.62         0.91
7   2026-01-23 12:49:12       0m 34s  ...               19.86         0.56
8   2026-01-23 12:49:47       0m 34s  ...               39.61         1.05
9   2026-01-23 12:50:21       0m 30s  ...                1.79         0.05
10  2026-01-23 12:50:51       0m 30s  ...                2.79         0.07
11  2026-01-23 12:51:22       0m 33s  ...               20.77         0.49

[12 rows x 24 columns]
              timestamp time_elapsed  ... severity_rate_patch Gradient_sr2
0   2026-01-23 12:45:21       0m 30s  ...                1.74         0.04
1   2026-01-23 12:45:51       0m 30s  ...                4.36         0.11
2   2026-01-23 12:46:22       0m 32s  ...                0.85         0.02
3   2026-01-23 12:46:54       0m 35s  ...               25.47         0.67
4   2026-01-23 12:47:30       0m 35s  ...               37.39         0.99
5   2026-01-23 12:48:05       0m 31s  ...                0.45         0.01
6   2026-01-23 12:48:36       0m 36s  ...               38.62         0.91
7   2026-01-23 12:49:12       0m 34s  ...               19.86         0.56
8   2026-01-23 12:49:47       0m 34s  ...               39.61         1.05
9   2026-01-23 12:50:21       0m 30s  ...                1.79         0.05
10  2026-01-23 12:50:51       0m 30s  ...                2.79         0.07
11  2026-01-23 12:51:22       0m 33s  ...               20.77         0.49
12  2026-01-23 12:51:56       0m 31s  ...               20.60         0.51

[13 rows x 24 columns]
[2026-01-23 12:56:38,357] - [root] - [INFO] - Analysis finished: 0m 39s
[2026-01-23 12:56:38,357] - [root] - [INFO] - -------------------------------------------
[2026-01-23 12:56:38,357] - [root] - [INFO] - -------------------------------------------
[2026-01-23 12:56:38,357] - [root] - [INFO] - Processing 1-22-2026 5dpi 044-W2021009-169_R2.png
[2026-01-23 12:56:58,111] - [root] - [INFO] - Finished loading mask: 0m 19s
[2026-01-23 12:57:07,379] - [root] - [INFO] - Finished crop and inference: 0m 29s
[2026-01-23 12:57:08,958] - [root] - [INFO] - Analysis finished: 0m 30s
[2026-01-23 12:57:08,958] - [root] - [INFO] - -------------------------------------------
[2026-01-23 12:57:08,959] - [root] - [INFO] - -------------------------------------------
[2026-01-23 12:57:08,959] - [root] - [INFO] - Processing 1-22-2026 5dpi 044-W2021009-618_R1.png
[2026-01-23 12:57:29,206] - [root] - [INFO] - Finished loading mask: 0m 20s
[2026-01-23 12:57:40,985] - [root] - [INFO] - Finished crop and inference: 0m 32s
[2026-01-23 12:57:42,627] - [root] - [INFO] - Analysis finished: 0m 33s
[2026-01-23 12:57:42,627] - [root] - [INFO] - -------------------------------------------
[2026-01-23 12:57:42,628] - [root] - [INFO] - -------------------------------------------
[2026-01-23 12:57:42,628] - [root] - [INFO] - Processing 1-22-2026 5dpi 047-W2021011-482_R1.png
[2026-01-23 12:58:02,654] - [root] - [INFO] - Finished loading mask: 0m 20s
[2026-01-23 12:58:16,607] - [root] - [INFO] - Finished crop and inference: 0m 33s
[2026-01-23 12:58:18,213] - [root] - [INFO] - Analysis finished: 0m 35s
[2026-01-23 12:58:18,215] - [root] - [INFO] - -------------------------------------------
[2026-01-23 12:58:18,215] - [root] - [INFO] - -------------------------------------------
[2026-01-23 12:58:18,215] - [root] - [INFO] - Processing 1-22-2026 5dpi 048-W2021006-147_R1.png
[2026-01-23 12:58:38,279] - [root] - [INFO] - Finished loading mask: 0m 20s
[2026-01-23 12:58:45,332] - [root] - [INFO] - Finished crop and inference: 0m 27s
              timestamp time_elapsed  ... severity_rate_patch Gradient_sr2
0   2026-01-23 12:45:21       0m 30s  ...                1.74         0.04
1   2026-01-23 12:45:51       0m 30s  ...                4.36         0.11
2   2026-01-23 12:46:22       0m 32s  ...                0.85         0.02
3   2026-01-23 12:46:54       0m 35s  ...               25.47         0.67
4   2026-01-23 12:47:30       0m 35s  ...               37.39         0.99
5   2026-01-23 12:48:05       0m 31s  ...                0.45         0.01
6   2026-01-23 12:48:36       0m 36s  ...               38.62         0.91
7   2026-01-23 12:49:12       0m 34s  ...               19.86         0.56
8   2026-01-23 12:49:47       0m 34s  ...               39.61         1.05
9   2026-01-23 12:50:21       0m 30s  ...                1.79         0.05
10  2026-01-23 12:50:51       0m 30s  ...                2.79         0.07
11  2026-01-23 12:51:22       0m 33s  ...               20.77         0.49
12  2026-01-23 12:51:56       0m 31s  ...               20.60         0.51
13  2026-01-23 12:52:28       0m 32s  ...               15.28         0.35

[14 rows x 24 columns]
              timestamp time_elapsed  ... severity_rate_patch Gradient_sr2
0   2026-01-23 12:45:21       0m 30s  ...                1.74         0.04
1   2026-01-23 12:45:51       0m 30s  ...                4.36         0.11
2   2026-01-23 12:46:22       0m 32s  ...                0.85         0.02
3   2026-01-23 12:46:54       0m 35s  ...               25.47         0.67
4   2026-01-23 12:47:30       0m 35s  ...               37.39         0.99
5   2026-01-23 12:48:05       0m 31s  ...                0.45         0.01
6   2026-01-23 12:48:36       0m 36s  ...               38.62         0.91
7   2026-01-23 12:49:12       0m 34s  ...               19.86         0.56
8   2026-01-23 12:49:47       0m 34s  ...               39.61         1.05
9   2026-01-23 12:50:21       0m 30s  ...                1.79         0.05
10  2026-01-23 12:50:51       0m 30s  ...                2.79         0.07
11  2026-01-23 12:51:22       0m 33s  ...               20.77         0.49
12  2026-01-23 12:51:56       0m 31s  ...               20.60         0.51
13  2026-01-23 12:52:28       0m 32s  ...               15.28         0.35
14  2026-01-23 12:53:00       0m 35s  ...               30.18         0.79

[15 rows x 24 columns]
              timestamp time_elapsed  ... severity_rate_patch Gradient_sr2
0   2026-01-23 12:45:21       0m 30s  ...                1.74         0.04
1   2026-01-23 12:45:51       0m 30s  ...                4.36         0.11
2   2026-01-23 12:46:22       0m 32s  ...                0.85         0.02
3   2026-01-23 12:46:54       0m 35s  ...               25.47         0.67
4   2026-01-23 12:47:30       0m 35s  ...               37.39         0.99
5   2026-01-23 12:48:05       0m 31s  ...                0.45         0.01
6   2026-01-23 12:48:36       0m 36s  ...               38.62         0.91
7   2026-01-23 12:49:12       0m 34s  ...               19.86         0.56
8   2026-01-23 12:49:47       0m 34s  ...               39.61         1.05
9   2026-01-23 12:50:21       0m 30s  ...                1.79         0.05
10  2026-01-23 12:50:51       0m 30s  ...                2.79         0.07
11  2026-01-23 12:51:22       0m 33s  ...               20.77         0.49
12  2026-01-23 12:51:56       0m 31s  ...               20.60         0.51
13  2026-01-23 12:52:28       0m 32s  ...               15.28         0.35
14  2026-01-23 12:53:00       0m 35s  ...               30.18         0.79
15  2026-01-23 12:53:36       0m 34s  ...               19.25         0.48

[16 rows x 24 columns]
              timestamp time_elapsed  ... severity_rate_patch Gradient_sr2
0   2026-01-23 12:45:21       0m 30s  ...                1.74         0.04
1   2026-01-23 12:45:51       0m 30s  ...                4.36         0.11
2   2026-01-23 12:46:22       0m 32s  ...                0.85         0.02
3   2026-01-23 12:46:54       0m 35s  ...               25.47         0.67
4   2026-01-23 12:47:30       0m 35s  ...               37.39         0.99
5   2026-01-23 12:48:05       0m 31s  ...                0.45         0.01
6   2026-01-23 12:48:36       0m 36s  ...               38.62         0.91
7   2026-01-23 12:49:12       0m 34s  ...               19.86         0.56
8   2026-01-23 12:49:47       0m 34s  ...               39.61         1.05
9   2026-01-23 12:50:21       0m 30s  ...                1.79         0.05
10  2026-01-23 12:50:51       0m 30s  ...                2.79         0.07
11  2026-01-23 12:51:22       0m 33s  ...               20.77         0.49
12  2026-01-23 12:51:56       0m 31s  ...               20.60         0.51
13  2026-01-23 12:52:28       0m 32s  ...               15.28         0.35
14  2026-01-23 12:53:00       0m 35s  ...               30.18         0.79
15  2026-01-23 12:53:36       0m 34s  ...               19.25         0.48
16  2026-01-23 12:54:11       0m 43s  ...               85.84         2.58

[17 rows x 24 columns]
              timestamp time_elapsed  ... severity_rate_patch Gradient_sr2
0   2026-01-23 12:45:21       0m 30s  ...                1.74         0.04
1   2026-01-23 12:45:51       0m 30s  ...                4.36         0.11
2   2026-01-23 12:46:22       0m 32s  ...                0.85         0.02
3   2026-01-23 12:46:54       0m 35s  ...               25.47         0.67
4   2026-01-23 12:47:30       0m 35s  ...               37.39         0.99
5   2026-01-23 12:48:05       0m 31s  ...                0.45         0.01
6   2026-01-23 12:48:36       0m 36s  ...               38.62         0.91
7   2026-01-23 12:49:12       0m 34s  ...               19.86         0.56
8   2026-01-23 12:49:47       0m 34s  ...               39.61         1.05
9   2026-01-23 12:50:21       0m 30s  ...                1.79         0.05
10  2026-01-23 12:50:51       0m 30s  ...                2.79         0.07
11  2026-01-23 12:51:22       0m 33s  ...               20.77         0.49
12  2026-01-23 12:51:56       0m 31s  ...               20.60         0.51
13  2026-01-23 12:52:28       0m 32s  ...               15.28         0.35
14  2026-01-23 12:53:00       0m 35s  ...               30.18         0.79
15  2026-01-23 12:53:36       0m 34s  ...               19.25         0.48
16  2026-01-23 12:54:11       0m 43s  ...               85.84         2.58
17  2026-01-23 12:54:55       0m 30s  ...                0.76         0.02

[18 rows x 24 columns]
              timestamp time_elapsed  ... severity_rate_patch Gradient_sr2
0   2026-01-23 12:45:21       0m 30s  ...                1.74         0.04
1   2026-01-23 12:45:51       0m 30s  ...                4.36         0.11
2   2026-01-23 12:46:22       0m 32s  ...                0.85         0.02
3   2026-01-23 12:46:54       0m 35s  ...               25.47         0.67
4   2026-01-23 12:47:30       0m 35s  ...               37.39         0.99
5   2026-01-23 12:48:05       0m 31s  ...                0.45         0.01
6   2026-01-23 12:48:36       0m 36s  ...               38.62         0.91
7   2026-01-23 12:49:12       0m 34s  ...               19.86         0.56
8   2026-01-23 12:49:47       0m 34s  ...               39.61         1.05
9   2026-01-23 12:50:21       0m 30s  ...                1.79         0.05
10  2026-01-23 12:50:51       0m 30s  ...                2.79         0.07
11  2026-01-23 12:51:22       0m 33s  ...               20.77         0.49
12  2026-01-23 12:51:56       0m 31s  ...               20.60         0.51
13  2026-01-23 12:52:28       0m 32s  ...               15.28         0.35
14  2026-01-23 12:53:00       0m 35s  ...               30.18         0.79
15  2026-01-23 12:53:36       0m 34s  ...               19.25         0.48
16  2026-01-23 12:54:11       0m 43s  ...               85.84         2.58
17  2026-01-23 12:54:55       0m 30s  ...                0.76         0.02
18  2026-01-23 12:55:25       0m 33s  ...               23.22         0.57

[19 rows x 24 columns]
[2026-01-23 12:58:47,002] - [root] - [INFO] - Analysis finished: 0m 28s
[2026-01-23 12:58:47,002] - [root] - [INFO] - -------------------------------------------
[2026-01-23 12:58:47,002] - [root] - [INFO] - -------------------------------------------
[2026-01-23 12:58:47,002] - [root] - [INFO] - Processing 1-22-2026 5dpi 052-W2021006-004_R2.png
[2026-01-23 12:59:07,149] - [root] - [INFO] - Finished loading mask: 0m 20s
[2026-01-23 12:59:15,351] - [root] - [INFO] - Finished crop and inference: 0m 28s
[2026-01-23 12:59:17,063] - [root] - [INFO] - Analysis finished: 0m 30s
[2026-01-23 12:59:17,063] - [root] - [INFO] - -------------------------------------------
[2026-01-23 12:59:17,063] - [root] - [INFO] - -------------------------------------------
[2026-01-23 12:59:17,063] - [root] - [INFO] - Processing 1-22-2026 5dpi 055-W2021010-341_R2.png
[2026-01-23 12:59:37,002] - [root] - [INFO] - Finished loading mask: 0m 19s
[2026-01-23 12:59:46,941] - [root] - [INFO] - Finished crop and inference: 0m 29s
[2026-01-23 12:59:48,612] - [root] - [INFO] - Analysis finished: 0m 31s
[2026-01-23 12:59:48,613] - [root] - [INFO] - -------------------------------------------
[2026-01-23 12:59:48,613] - [root] - [INFO] - -------------------------------------------
[2026-01-23 12:59:48,613] - [root] - [INFO] - Processing 1-22-2026 5dpi 055-W2021010-397_R2.png
[2026-01-23 13:00:09,410] - [root] - [INFO] - Finished loading mask: 0m 20s
[2026-01-23 13:00:19,866] - [root] - [INFO] - Finished crop and inference: 0m 31s
[2026-01-23 13:00:21,642] - [root] - [INFO] - Analysis finished: 0m 33s
[2026-01-23 13:00:21,642] - [root] - [INFO] - -------------------------------------------
[2026-01-23 13:00:21,642] - [root] - [INFO] - -------------------------------------------
[2026-01-23 13:00:21,642] - [root] - [INFO] - Processing 1-22-2026 5dpi 056-W2021006-609_R1.png
[2026-01-23 13:00:41,925] - [root] - [INFO] - Finished loading mask: 0m 20s
[2026-01-23 13:00:54,943] - [root] - [INFO] - Finished crop and inference: 0m 33s
              timestamp time_elapsed  ... severity_rate_patch Gradient_sr2
0   2026-01-23 12:45:21       0m 30s  ...                1.74         0.04
1   2026-01-23 12:45:51       0m 30s  ...                4.36         0.11
2   2026-01-23 12:46:22       0m 32s  ...                0.85         0.02
3   2026-01-23 12:46:54       0m 35s  ...               25.47         0.67
4   2026-01-23 12:47:30       0m 35s  ...               37.39         0.99
5   2026-01-23 12:48:05       0m 31s  ...                0.45         0.01
6   2026-01-23 12:48:36       0m 36s  ...               38.62         0.91
7   2026-01-23 12:49:12       0m 34s  ...               19.86         0.56
8   2026-01-23 12:49:47       0m 34s  ...               39.61         1.05
9   2026-01-23 12:50:21       0m 30s  ...                1.79         0.05
10  2026-01-23 12:50:51       0m 30s  ...                2.79         0.07
11  2026-01-23 12:51:22       0m 33s  ...               20.77         0.49
12  2026-01-23 12:51:56       0m 31s  ...               20.60         0.51
13  2026-01-23 12:52:28       0m 32s  ...               15.28         0.35
14  2026-01-23 12:53:00       0m 35s  ...               30.18         0.79
15  2026-01-23 12:53:36       0m 34s  ...               19.25         0.48
16  2026-01-23 12:54:11       0m 43s  ...               85.84         2.58
17  2026-01-23 12:54:55       0m 30s  ...                0.76         0.02
18  2026-01-23 12:55:25       0m 33s  ...               23.22         0.57
19  2026-01-23 12:55:58       0m 39s  ...               62.76         1.72

[20 rows x 24 columns]
              timestamp time_elapsed  ... severity_rate_patch Gradient_sr2
0   2026-01-23 12:45:21       0m 30s  ...                1.74         0.04
1   2026-01-23 12:45:51       0m 30s  ...                4.36         0.11
2   2026-01-23 12:46:22       0m 32s  ...                0.85         0.02
3   2026-01-23 12:46:54       0m 35s  ...               25.47         0.67
4   2026-01-23 12:47:30       0m 35s  ...               37.39         0.99
5   2026-01-23 12:48:05       0m 31s  ...                0.45         0.01
6   2026-01-23 12:48:36       0m 36s  ...               38.62         0.91
7   2026-01-23 12:49:12       0m 34s  ...               19.86         0.56
8   2026-01-23 12:49:47       0m 34s  ...               39.61         1.05
9   2026-01-23 12:50:21       0m 30s  ...                1.79         0.05
10  2026-01-23 12:50:51       0m 30s  ...                2.79         0.07
11  2026-01-23 12:51:22       0m 33s  ...               20.77         0.49
12  2026-01-23 12:51:56       0m 31s  ...               20.60         0.51
13  2026-01-23 12:52:28       0m 32s  ...               15.28         0.35
14  2026-01-23 12:53:00       0m 35s  ...               30.18         0.79
15  2026-01-23 12:53:36       0m 34s  ...               19.25         0.48
16  2026-01-23 12:54:11       0m 43s  ...               85.84         2.58
17  2026-01-23 12:54:55       0m 30s  ...                0.76         0.02
18  2026-01-23 12:55:25       0m 33s  ...               23.22         0.57
19  2026-01-23 12:55:58       0m 39s  ...               62.76         1.72
20  2026-01-23 12:56:38       0m 30s  ...                1.10         0.03

[21 rows x 24 columns]
              timestamp time_elapsed  ... severity_rate_patch Gradient_sr2
0   2026-01-23 12:45:21       0m 30s  ...                1.74         0.04
1   2026-01-23 12:45:51       0m 30s  ...                4.36         0.11
2   2026-01-23 12:46:22       0m 32s  ...                0.85         0.02
3   2026-01-23 12:46:54       0m 35s  ...               25.47         0.67
4   2026-01-23 12:47:30       0m 35s  ...               37.39         0.99
5   2026-01-23 12:48:05       0m 31s  ...                0.45         0.01
6   2026-01-23 12:48:36       0m 36s  ...               38.62         0.91
7   2026-01-23 12:49:12       0m 34s  ...               19.86         0.56
8   2026-01-23 12:49:47       0m 34s  ...               39.61         1.05
9   2026-01-23 12:50:21       0m 30s  ...                1.79         0.05
10  2026-01-23 12:50:51       0m 30s  ...                2.79         0.07
11  2026-01-23 12:51:22       0m 33s  ...               20.77         0.49
12  2026-01-23 12:51:56       0m 31s  ...               20.60         0.51
13  2026-01-23 12:52:28       0m 32s  ...               15.28         0.35
14  2026-01-23 12:53:00       0m 35s  ...               30.18         0.79
15  2026-01-23 12:53:36       0m 34s  ...               19.25         0.48
16  2026-01-23 12:54:11       0m 43s  ...               85.84         2.58
17  2026-01-23 12:54:55       0m 30s  ...                0.76         0.02
18  2026-01-23 12:55:25       0m 33s  ...               23.22         0.57
19  2026-01-23 12:55:58       0m 39s  ...               62.76         1.72
20  2026-01-23 12:56:38       0m 30s  ...                1.10         0.03
21  2026-01-23 12:57:08       0m 33s  ...               19.31         0.52

[22 rows x 24 columns]
              timestamp time_elapsed  ... severity_rate_patch Gradient_sr2
0   2026-01-23 12:45:21       0m 30s  ...                1.74         0.04
1   2026-01-23 12:45:51       0m 30s  ...                4.36         0.11
2   2026-01-23 12:46:22       0m 32s  ...                0.85         0.02
3   2026-01-23 12:46:54       0m 35s  ...               25.47         0.67
4   2026-01-23 12:47:30       0m 35s  ...               37.39         0.99
5   2026-01-23 12:48:05       0m 31s  ...                0.45         0.01
6   2026-01-23 12:48:36       0m 36s  ...               38.62         0.91
7   2026-01-23 12:49:12       0m 34s  ...               19.86         0.56
8   2026-01-23 12:49:47       0m 34s  ...               39.61         1.05
9   2026-01-23 12:50:21       0m 30s  ...                1.79         0.05
10  2026-01-23 12:50:51       0m 30s  ...                2.79         0.07
11  2026-01-23 12:51:22       0m 33s  ...               20.77         0.49
12  2026-01-23 12:51:56       0m 31s  ...               20.60         0.51
13  2026-01-23 12:52:28       0m 32s  ...               15.28         0.35
14  2026-01-23 12:53:00       0m 35s  ...               30.18         0.79
15  2026-01-23 12:53:36       0m 34s  ...               19.25         0.48
16  2026-01-23 12:54:11       0m 43s  ...               85.84         2.58
17  2026-01-23 12:54:55       0m 30s  ...                0.76         0.02
18  2026-01-23 12:55:25       0m 33s  ...               23.22         0.57
19  2026-01-23 12:55:58       0m 39s  ...               62.76         1.72
20  2026-01-23 12:56:38       0m 30s  ...                1.10         0.03
21  2026-01-23 12:57:08       0m 33s  ...               19.31         0.52
22  2026-01-23 12:57:42       0m 35s  ...               42.05         1.16

[23 rows x 24 columns]
[2026-01-23 13:00:56,547] - [root] - [INFO] - Analysis finished: 0m 34s
[2026-01-23 13:00:56,547] - [root] - [INFO] - -------------------------------------------
[2026-01-23 13:00:56,549] - [root] - [INFO] - -------------------------------------------
[2026-01-23 13:00:56,549] - [root] - [INFO] - Processing 1-22-2026 5dpi 059-W2021010-434_R1.png
[2026-01-23 13:01:16,120] - [root] - [INFO] - Finished loading mask: 0m 19s
[2026-01-23 13:01:26,028] - [root] - [INFO] - Finished crop and inference: 0m 29s
[2026-01-23 13:01:27,629] - [root] - [INFO] - Analysis finished: 0m 31s
[2026-01-23 13:01:27,629] - [root] - [INFO] - -------------------------------------------
[2026-01-23 13:01:27,631] - [root] - [INFO] - -------------------------------------------
[2026-01-23 13:01:27,631] - [root] - [INFO] - Processing 1-22-2026 5dpi 060-W2021010-324_R2.png
[2026-01-23 13:01:48,553] - [root] - [INFO] - Finished loading mask: 0m 20s
[2026-01-23 13:01:57,900] - [root] - [INFO] - Finished crop and inference: 0m 30s
[2026-01-23 13:01:59,538] - [root] - [INFO] - Analysis finished: 0m 31s
[2026-01-23 13:01:59,538] - [root] - [INFO] - -------------------------------------------
[2026-01-23 13:01:59,538] - [root] - [INFO] - -------------------------------------------
[2026-01-23 13:01:59,538] - [root] - [INFO] - Processing 1-22-2026 5dpi 061-W2021011-483_R1.png
[2026-01-23 13:02:19,558] - [root] - [INFO] - Finished loading mask: 0m 20s
[2026-01-23 13:02:29,990] - [root] - [INFO] - Finished crop and inference: 0m 30s
              timestamp time_elapsed  ... severity_rate_patch Gradient_sr2
0   2026-01-23 12:45:21       0m 30s  ...                1.74         0.04
1   2026-01-23 12:45:51       0m 30s  ...                4.36         0.11
2   2026-01-23 12:46:22       0m 32s  ...                0.85         0.02
3   2026-01-23 12:46:54       0m 35s  ...               25.47         0.67
4   2026-01-23 12:47:30       0m 35s  ...               37.39         0.99
5   2026-01-23 12:48:05       0m 31s  ...                0.45         0.01
6   2026-01-23 12:48:36       0m 36s  ...               38.62         0.91
7   2026-01-23 12:49:12       0m 34s  ...               19.86         0.56
8   2026-01-23 12:49:47       0m 34s  ...               39.61         1.05
9   2026-01-23 12:50:21       0m 30s  ...                1.79         0.05
10  2026-01-23 12:50:51       0m 30s  ...                2.79         0.07
11  2026-01-23 12:51:22       0m 33s  ...               20.77         0.49
12  2026-01-23 12:51:56       0m 31s  ...               20.60         0.51
13  2026-01-23 12:52:28       0m 32s  ...               15.28         0.35
14  2026-01-23 12:53:00       0m 35s  ...               30.18         0.79
15  2026-01-23 12:53:36       0m 34s  ...               19.25         0.48
16  2026-01-23 12:54:11       0m 43s  ...               85.84         2.58
17  2026-01-23 12:54:55       0m 30s  ...                0.76         0.02
18  2026-01-23 12:55:25       0m 33s  ...               23.22         0.57
19  2026-01-23 12:55:58       0m 39s  ...               62.76         1.72
20  2026-01-23 12:56:38       0m 30s  ...                1.10         0.03
21  2026-01-23 12:57:08       0m 33s  ...               19.31         0.52
22  2026-01-23 12:57:42       0m 35s  ...               42.05         1.16
23  2026-01-23 12:58:18       0m 28s  ...                6.56         0.18

[24 rows x 24 columns]
              timestamp time_elapsed  ... severity_rate_patch Gradient_sr2
0   2026-01-23 12:45:21       0m 30s  ...                1.74         0.04
1   2026-01-23 12:45:51       0m 30s  ...                4.36         0.11
2   2026-01-23 12:46:22       0m 32s  ...                0.85         0.02
3   2026-01-23 12:46:54       0m 35s  ...               25.47         0.67
4   2026-01-23 12:47:30       0m 35s  ...               37.39         0.99
5   2026-01-23 12:48:05       0m 31s  ...                0.45         0.01
6   2026-01-23 12:48:36       0m 36s  ...               38.62         0.91
7   2026-01-23 12:49:12       0m 34s  ...               19.86         0.56
8   2026-01-23 12:49:47       0m 34s  ...               39.61         1.05
9   2026-01-23 12:50:21       0m 30s  ...                1.79         0.05
10  2026-01-23 12:50:51       0m 30s  ...                2.79         0.07
11  2026-01-23 12:51:22       0m 33s  ...               20.77         0.49
12  2026-01-23 12:51:56       0m 31s  ...               20.60         0.51
13  2026-01-23 12:52:28       0m 32s  ...               15.28         0.35
14  2026-01-23 12:53:00       0m 35s  ...               30.18         0.79
15  2026-01-23 12:53:36       0m 34s  ...               19.25         0.48
16  2026-01-23 12:54:11       0m 43s  ...               85.84         2.58
17  2026-01-23 12:54:55       0m 30s  ...                0.76         0.02
18  2026-01-23 12:55:25       0m 33s  ...               23.22         0.57
19  2026-01-23 12:55:58       0m 39s  ...               62.76         1.72
20  2026-01-23 12:56:38       0m 30s  ...                1.10         0.03
21  2026-01-23 12:57:08       0m 33s  ...               19.31         0.52
22  2026-01-23 12:57:42       0m 35s  ...               42.05         1.16
23  2026-01-23 12:58:18       0m 28s  ...                6.56         0.18
24  2026-01-23 12:58:47       0m 30s  ...                1.51         0.04

[25 rows x 24 columns]
              timestamp time_elapsed  ... severity_rate_patch Gradient_sr2
0   2026-01-23 12:45:21       0m 30s  ...                1.74         0.04
1   2026-01-23 12:45:51       0m 30s  ...                4.36         0.11
2   2026-01-23 12:46:22       0m 32s  ...                0.85         0.02
3   2026-01-23 12:46:54       0m 35s  ...               25.47         0.67
4   2026-01-23 12:47:30       0m 35s  ...               37.39         0.99
5   2026-01-23 12:48:05       0m 31s  ...                0.45         0.01
6   2026-01-23 12:48:36       0m 36s  ...               38.62         0.91
7   2026-01-23 12:49:12       0m 34s  ...               19.86         0.56
8   2026-01-23 12:49:47       0m 34s  ...               39.61         1.05
9   2026-01-23 12:50:21       0m 30s  ...                1.79         0.05
10  2026-01-23 12:50:51       0m 30s  ...                2.79         0.07
11  2026-01-23 12:51:22       0m 33s  ...               20.77         0.49
12  2026-01-23 12:51:56       0m 31s  ...               20.60         0.51
13  2026-01-23 12:52:28       0m 32s  ...               15.28         0.35
14  2026-01-23 12:53:00       0m 35s  ...               30.18         0.79
15  2026-01-23 12:53:36       0m 34s  ...               19.25         0.48
16  2026-01-23 12:54:11       0m 43s  ...               85.84         2.58
17  2026-01-23 12:54:55       0m 30s  ...                0.76         0.02
18  2026-01-23 12:55:25       0m 33s  ...               23.22         0.57
19  2026-01-23 12:55:58       0m 39s  ...               62.76         1.72
20  2026-01-23 12:56:38       0m 30s  ...                1.10         0.03
21  2026-01-23 12:57:08       0m 33s  ...               19.31         0.52
22  2026-01-23 12:57:42       0m 35s  ...               42.05         1.16
23  2026-01-23 12:58:18       0m 28s  ...                6.56         0.18
24  2026-01-23 12:58:47       0m 30s  ...                1.51         0.04
25  2026-01-23 12:59:17       0m 31s  ...                8.51         0.22

[26 rows x 24 columns]
              timestamp time_elapsed  ... severity_rate_patch Gradient_sr2
0   2026-01-23 12:45:21       0m 30s  ...                1.74         0.04
1   2026-01-23 12:45:51       0m 30s  ...                4.36         0.11
2   2026-01-23 12:46:22       0m 32s  ...                0.85         0.02
3   2026-01-23 12:46:54       0m 35s  ...               25.47         0.67
4   2026-01-23 12:47:30       0m 35s  ...               37.39         0.99
5   2026-01-23 12:48:05       0m 31s  ...                0.45         0.01
6   2026-01-23 12:48:36       0m 36s  ...               38.62         0.91
7   2026-01-23 12:49:12       0m 34s  ...               19.86         0.56
8   2026-01-23 12:49:47       0m 34s  ...               39.61         1.05
9   2026-01-23 12:50:21       0m 30s  ...                1.79         0.05
10  2026-01-23 12:50:51       0m 30s  ...                2.79         0.07
11  2026-01-23 12:51:22       0m 33s  ...               20.77         0.49
12  2026-01-23 12:51:56       0m 31s  ...               20.60         0.51
13  2026-01-23 12:52:28       0m 32s  ...               15.28         0.35
14  2026-01-23 12:53:00       0m 35s  ...               30.18         0.79
15  2026-01-23 12:53:36       0m 34s  ...               19.25         0.48
16  2026-01-23 12:54:11       0m 43s  ...               85.84         2.58
17  2026-01-23 12:54:55       0m 30s  ...                0.76         0.02
18  2026-01-23 12:55:25       0m 33s  ...               23.22         0.57
19  2026-01-23 12:55:58       0m 39s  ...               62.76         1.72
20  2026-01-23 12:56:38       0m 30s  ...                1.10         0.03
21  2026-01-23 12:57:08       0m 33s  ...               19.31         0.52
22  2026-01-23 12:57:42       0m 35s  ...               42.05         1.16
23  2026-01-23 12:58:18       0m 28s  ...                6.56         0.18
24  2026-01-23 12:58:47       0m 30s  ...                1.51         0.04
25  2026-01-23 12:59:17       0m 31s  ...                8.51         0.22
26  2026-01-23 12:59:48       0m 33s  ...               12.12         0.31

[27 rows x 24 columns]
[2026-01-23 13:02:31,718] - [root] - [INFO] - Analysis finished: 0m 32s
[2026-01-23 13:02:31,718] - [root] - [INFO] - -------------------------------------------
[2026-01-23 13:02:31,718] - [root] - [INFO] - -------------------------------------------
[2026-01-23 13:02:31,718] - [root] - [INFO] - Processing 1-22-2026 5dpi 070-W2021011-486_R2.png
[2026-01-23 13:02:51,168] - [root] - [INFO] - Finished loading mask: 0m 19s
[2026-01-23 13:03:02,223] - [root] - [INFO] - Finished crop and inference: 0m 30s
[2026-01-23 13:03:03,895] - [root] - [INFO] - Analysis finished: 0m 32s
[2026-01-23 13:03:03,896] - [root] - [INFO] - -------------------------------------------
[2026-01-23 13:03:03,896] - [root] - [INFO] - -------------------------------------------
[2026-01-23 13:03:03,896] - [root] - [INFO] - Processing 1-22-2026 5dpi 071-W2021010-323_R1.png
[2026-01-23 13:03:23,377] - [root] - [INFO] - Finished loading mask: 0m 19s
[2026-01-23 13:03:40,552] - [root] - [INFO] - Finished crop and inference: 0m 36s
[2026-01-23 13:03:42,240] - [root] - [INFO] - Analysis finished: 0m 38s
[2026-01-23 13:03:42,240] - [root] - [INFO] - -------------------------------------------
[2026-01-23 13:03:42,240] - [root] - [INFO] - -------------------------------------------
[2026-01-23 13:03:42,240] - [root] - [INFO] - Processing 1-22-2026 5dpi 077-W2021010-351_R2.png
[2026-01-23 13:04:02,266] - [root] - [INFO] - Finished loading mask: 0m 20s
[2026-01-23 13:04:12,066] - [root] - [INFO] - Finished crop and inference: 0m 29s
              timestamp time_elapsed  ... severity_rate_patch Gradient_sr2
0   2026-01-23 12:45:21       0m 30s  ...                1.74         0.04
1   2026-01-23 12:45:51       0m 30s  ...                4.36         0.11
2   2026-01-23 12:46:22       0m 32s  ...                0.85         0.02
3   2026-01-23 12:46:54       0m 35s  ...               25.47         0.67
4   2026-01-23 12:47:30       0m 35s  ...               37.39         0.99
5   2026-01-23 12:48:05       0m 31s  ...                0.45         0.01
6   2026-01-23 12:48:36       0m 36s  ...               38.62         0.91
7   2026-01-23 12:49:12       0m 34s  ...               19.86         0.56
8   2026-01-23 12:49:47       0m 34s  ...               39.61         1.05
9   2026-01-23 12:50:21       0m 30s  ...                1.79         0.05
10  2026-01-23 12:50:51       0m 30s  ...                2.79         0.07
11  2026-01-23 12:51:22       0m 33s  ...               20.77         0.49
12  2026-01-23 12:51:56       0m 31s  ...               20.60         0.51
13  2026-01-23 12:52:28       0m 32s  ...               15.28         0.35
14  2026-01-23 12:53:00       0m 35s  ...               30.18         0.79
15  2026-01-23 12:53:36       0m 34s  ...               19.25         0.48
16  2026-01-23 12:54:11       0m 43s  ...               85.84         2.58
17  2026-01-23 12:54:55       0m 30s  ...                0.76         0.02
18  2026-01-23 12:55:25       0m 33s  ...               23.22         0.57
19  2026-01-23 12:55:58       0m 39s  ...               62.76         1.72
20  2026-01-23 12:56:38       0m 30s  ...                1.10         0.03
21  2026-01-23 12:57:08       0m 33s  ...               19.31         0.52
22  2026-01-23 12:57:42       0m 35s  ...               42.05         1.16
23  2026-01-23 12:58:18       0m 28s  ...                6.56         0.18
24  2026-01-23 12:58:47       0m 30s  ...                1.51         0.04
25  2026-01-23 12:59:17       0m 31s  ...                8.51         0.22
26  2026-01-23 12:59:48       0m 33s  ...               12.12         0.31
27  2026-01-23 13:00:21       0m 34s  ...               32.69         0.79

[28 rows x 24 columns]
              timestamp time_elapsed  ... severity_rate_patch Gradient_sr2
0   2026-01-23 12:45:21       0m 30s  ...                1.74         0.04
1   2026-01-23 12:45:51       0m 30s  ...                4.36         0.11
2   2026-01-23 12:46:22       0m 32s  ...                0.85         0.02
3   2026-01-23 12:46:54       0m 35s  ...               25.47         0.67
4   2026-01-23 12:47:30       0m 35s  ...               37.39         0.99
5   2026-01-23 12:48:05       0m 31s  ...                0.45         0.01
6   2026-01-23 12:48:36       0m 36s  ...               38.62         0.91
7   2026-01-23 12:49:12       0m 34s  ...               19.86         0.56
8   2026-01-23 12:49:47       0m 34s  ...               39.61         1.05
9   2026-01-23 12:50:21       0m 30s  ...                1.79         0.05
10  2026-01-23 12:50:51       0m 30s  ...                2.79         0.07
11  2026-01-23 12:51:22       0m 33s  ...               20.77         0.49
12  2026-01-23 12:51:56       0m 31s  ...               20.60         0.51
13  2026-01-23 12:52:28       0m 32s  ...               15.28         0.35
14  2026-01-23 12:53:00       0m 35s  ...               30.18         0.79
15  2026-01-23 12:53:36       0m 34s  ...               19.25         0.48
16  2026-01-23 12:54:11       0m 43s  ...               85.84         2.58
17  2026-01-23 12:54:55       0m 30s  ...                0.76         0.02
18  2026-01-23 12:55:25       0m 33s  ...               23.22         0.57
19  2026-01-23 12:55:58       0m 39s  ...               62.76         1.72
20  2026-01-23 12:56:38       0m 30s  ...                1.10         0.03
21  2026-01-23 12:57:08       0m 33s  ...               19.31         0.52
22  2026-01-23 12:57:42       0m 35s  ...               42.05         1.16
23  2026-01-23 12:58:18       0m 28s  ...                6.56         0.18
24  2026-01-23 12:58:47       0m 30s  ...                1.51         0.04
25  2026-01-23 12:59:17       0m 31s  ...                8.51         0.22
26  2026-01-23 12:59:48       0m 33s  ...               12.12         0.31
27  2026-01-23 13:00:21       0m 34s  ...               32.69         0.79
28  2026-01-23 13:00:56       0m 31s  ...                2.15         0.06

[29 rows x 24 columns]
              timestamp time_elapsed  ... severity_rate_patch Gradient_sr2
0   2026-01-23 12:45:21       0m 30s  ...                1.74         0.04
1   2026-01-23 12:45:51       0m 30s  ...                4.36         0.11
2   2026-01-23 12:46:22       0m 32s  ...                0.85         0.02
3   2026-01-23 12:46:54       0m 35s  ...               25.47         0.67
4   2026-01-23 12:47:30       0m 35s  ...               37.39         0.99
5   2026-01-23 12:48:05       0m 31s  ...                0.45         0.01
6   2026-01-23 12:48:36       0m 36s  ...               38.62         0.91
7   2026-01-23 12:49:12       0m 34s  ...               19.86         0.56
8   2026-01-23 12:49:47       0m 34s  ...               39.61         1.05
9   2026-01-23 12:50:21       0m 30s  ...                1.79         0.05
10  2026-01-23 12:50:51       0m 30s  ...                2.79         0.07
11  2026-01-23 12:51:22       0m 33s  ...               20.77         0.49
12  2026-01-23 12:51:56       0m 31s  ...               20.60         0.51
13  2026-01-23 12:52:28       0m 32s  ...               15.28         0.35
14  2026-01-23 12:53:00       0m 35s  ...               30.18         0.79
15  2026-01-23 12:53:36       0m 34s  ...               19.25         0.48
16  2026-01-23 12:54:11       0m 43s  ...               85.84         2.58
17  2026-01-23 12:54:55       0m 30s  ...                0.76         0.02
18  2026-01-23 12:55:25       0m 33s  ...               23.22         0.57
19  2026-01-23 12:55:58       0m 39s  ...               62.76         1.72
20  2026-01-23 12:56:38       0m 30s  ...                1.10         0.03
21  2026-01-23 12:57:08       0m 33s  ...               19.31         0.52
22  2026-01-23 12:57:42       0m 35s  ...               42.05         1.16
23  2026-01-23 12:58:18       0m 28s  ...                6.56         0.18
24  2026-01-23 12:58:47       0m 30s  ...                1.51         0.04
25  2026-01-23 12:59:17       0m 31s  ...                8.51         0.22
26  2026-01-23 12:59:48       0m 33s  ...               12.12         0.31
27  2026-01-23 13:00:21       0m 34s  ...               32.69         0.79
28  2026-01-23 13:00:56       0m 31s  ...                2.15         0.06
29  2026-01-23 13:01:27       0m 31s  ...                2.94         0.07

[30 rows x 24 columns]
[2026-01-23 13:04:13,689] - [root] - [INFO] - Analysis finished: 0m 31s
[2026-01-23 13:04:13,689] - [root] - [INFO] - -------------------------------------------
[2026-01-23 13:04:13,689] - [root] - [INFO] - -------------------------------------------
[2026-01-23 13:04:13,704] - [root] - [INFO] - Processing 1-22-2026 5dpi 084-W2021010-319_R1.png
[2026-01-23 13:04:33,550] - [root] - [INFO] - Finished loading mask: 0m 19s
[2026-01-23 13:04:42,841] - [root] - [INFO] - Finished crop and inference: 0m 29s
[2026-01-23 13:04:44,605] - [root] - [INFO] - Analysis finished: 0m 30s
[2026-01-23 13:04:44,605] - [root] - [INFO] - -------------------------------------------
[2026-01-23 13:04:44,606] - [root] - [INFO] - -------------------------------------------
[2026-01-23 13:04:44,606] - [root] - [INFO] - Processing 1-22-2026 5dpi 085-W2021010-630_R1.png
[2026-01-23 13:05:04,630] - [root] - [INFO] - Finished loading mask: 0m 20s
[2026-01-23 13:05:13,955] - [root] - [INFO] - Finished crop and inference: 0m 29s
              timestamp time_elapsed  ... severity_rate_patch Gradient_sr2
0   2026-01-23 12:45:21       0m 30s  ...                1.74         0.04
1   2026-01-23 12:45:51       0m 30s  ...                4.36         0.11
2   2026-01-23 12:46:22       0m 32s  ...                0.85         0.02
3   2026-01-23 12:46:54       0m 35s  ...               25.47         0.67
4   2026-01-23 12:47:30       0m 35s  ...               37.39         0.99
5   2026-01-23 12:48:05       0m 31s  ...                0.45         0.01
6   2026-01-23 12:48:36       0m 36s  ...               38.62         0.91
7   2026-01-23 12:49:12       0m 34s  ...               19.86         0.56
8   2026-01-23 12:49:47       0m 34s  ...               39.61         1.05
9   2026-01-23 12:50:21       0m 30s  ...                1.79         0.05
10  2026-01-23 12:50:51       0m 30s  ...                2.79         0.07
11  2026-01-23 12:51:22       0m 33s  ...               20.77         0.49
12  2026-01-23 12:51:56       0m 31s  ...               20.60         0.51
13  2026-01-23 12:52:28       0m 32s  ...               15.28         0.35
14  2026-01-23 12:53:00       0m 35s  ...               30.18         0.79
15  2026-01-23 12:53:36       0m 34s  ...               19.25         0.48
16  2026-01-23 12:54:11       0m 43s  ...               85.84         2.58
17  2026-01-23 12:54:55       0m 30s  ...                0.76         0.02
18  2026-01-23 12:55:25       0m 33s  ...               23.22         0.57
19  2026-01-23 12:55:58       0m 39s  ...               62.76         1.72
20  2026-01-23 12:56:38       0m 30s  ...                1.10         0.03
21  2026-01-23 12:57:08       0m 33s  ...               19.31         0.52
22  2026-01-23 12:57:42       0m 35s  ...               42.05         1.16
23  2026-01-23 12:58:18       0m 28s  ...                6.56         0.18
24  2026-01-23 12:58:47       0m 30s  ...                1.51         0.04
25  2026-01-23 12:59:17       0m 31s  ...                8.51         0.22
26  2026-01-23 12:59:48       0m 33s  ...               12.12         0.31
27  2026-01-23 13:00:21       0m 34s  ...               32.69         0.79
28  2026-01-23 13:00:56       0m 31s  ...                2.15         0.06
29  2026-01-23 13:01:27       0m 31s  ...                2.94         0.07
30  2026-01-23 13:01:59       0m 32s  ...               12.91         0.30

[31 rows x 24 columns]
              timestamp time_elapsed  ... severity_rate_patch Gradient_sr2
0   2026-01-23 12:45:21       0m 30s  ...                1.74         0.04
1   2026-01-23 12:45:51       0m 30s  ...                4.36         0.11
2   2026-01-23 12:46:22       0m 32s  ...                0.85         0.02
3   2026-01-23 12:46:54       0m 35s  ...               25.47         0.67
4   2026-01-23 12:47:30       0m 35s  ...               37.39         0.99
5   2026-01-23 12:48:05       0m 31s  ...                0.45         0.01
6   2026-01-23 12:48:36       0m 36s  ...               38.62         0.91
7   2026-01-23 12:49:12       0m 34s  ...               19.86         0.56
8   2026-01-23 12:49:47       0m 34s  ...               39.61         1.05
9   2026-01-23 12:50:21       0m 30s  ...                1.79         0.05
10  2026-01-23 12:50:51       0m 30s  ...                2.79         0.07
11  2026-01-23 12:51:22       0m 33s  ...               20.77         0.49
12  2026-01-23 12:51:56       0m 31s  ...               20.60         0.51
13  2026-01-23 12:52:28       0m 32s  ...               15.28         0.35
14  2026-01-23 12:53:00       0m 35s  ...               30.18         0.79
15  2026-01-23 12:53:36       0m 34s  ...               19.25         0.48
16  2026-01-23 12:54:11       0m 43s  ...               85.84         2.58
17  2026-01-23 12:54:55       0m 30s  ...                0.76         0.02
18  2026-01-23 12:55:25       0m 33s  ...               23.22         0.57
19  2026-01-23 12:55:58       0m 39s  ...               62.76         1.72
20  2026-01-23 12:56:38       0m 30s  ...                1.10         0.03
21  2026-01-23 12:57:08       0m 33s  ...               19.31         0.52
22  2026-01-23 12:57:42       0m 35s  ...               42.05         1.16
23  2026-01-23 12:58:18       0m 28s  ...                6.56         0.18
24  2026-01-23 12:58:47       0m 30s  ...                1.51         0.04
25  2026-01-23 12:59:17       0m 31s  ...                8.51         0.22
26  2026-01-23 12:59:48       0m 33s  ...               12.12         0.31
27  2026-01-23 13:00:21       0m 34s  ...               32.69         0.79
28  2026-01-23 13:00:56       0m 31s  ...                2.15         0.06
29  2026-01-23 13:01:27       0m 31s  ...                2.94         0.07
30  2026-01-23 13:01:59       0m 32s  ...               12.91         0.30
31  2026-01-23 13:02:31       0m 32s  ...               42.77         1.19

[32 rows x 24 columns]
              timestamp time_elapsed  ... severity_rate_patch Gradient_sr2
0   2026-01-23 12:45:21       0m 30s  ...                1.74         0.04
1   2026-01-23 12:45:51       0m 30s  ...                4.36         0.11
2   2026-01-23 12:46:22       0m 32s  ...                0.85         0.02
3   2026-01-23 12:46:54       0m 35s  ...               25.47         0.67
4   2026-01-23 12:47:30       0m 35s  ...               37.39         0.99
5   2026-01-23 12:48:05       0m 31s  ...                0.45         0.01
6   2026-01-23 12:48:36       0m 36s  ...               38.62         0.91
7   2026-01-23 12:49:12       0m 34s  ...               19.86         0.56
8   2026-01-23 12:49:47       0m 34s  ...               39.61         1.05
9   2026-01-23 12:50:21       0m 30s  ...                1.79         0.05
10  2026-01-23 12:50:51       0m 30s  ...                2.79         0.07
11  2026-01-23 12:51:22       0m 33s  ...               20.77         0.49
12  2026-01-23 12:51:56       0m 31s  ...               20.60         0.51
13  2026-01-23 12:52:28       0m 32s  ...               15.28         0.35
14  2026-01-23 12:53:00       0m 35s  ...               30.18         0.79
15  2026-01-23 12:53:36       0m 34s  ...               19.25         0.48
16  2026-01-23 12:54:11       0m 43s  ...               85.84         2.58
17  2026-01-23 12:54:55       0m 30s  ...                0.76         0.02
18  2026-01-23 12:55:25       0m 33s  ...               23.22         0.57
19  2026-01-23 12:55:58       0m 39s  ...               62.76         1.72
20  2026-01-23 12:56:38       0m 30s  ...                1.10         0.03
21  2026-01-23 12:57:08       0m 33s  ...               19.31         0.52
22  2026-01-23 12:57:42       0m 35s  ...               42.05         1.16
23  2026-01-23 12:58:18       0m 28s  ...                6.56         0.18
24  2026-01-23 12:58:47       0m 30s  ...                1.51         0.04
25  2026-01-23 12:59:17       0m 31s  ...                8.51         0.22
26  2026-01-23 12:59:48       0m 33s  ...               12.12         0.31
27  2026-01-23 13:00:21       0m 34s  ...               32.69         0.79
28  2026-01-23 13:00:56       0m 31s  ...                2.15         0.06
29  2026-01-23 13:01:27       0m 31s  ...                2.94         0.07
30  2026-01-23 13:01:59       0m 32s  ...               12.91         0.30
31  2026-01-23 13:02:31       0m 32s  ...               42.77         1.19
32  2026-01-23 13:03:03       0m 38s  ...               65.54         1.89

[33 rows x 24 columns]
[2026-01-23 13:05:15,701] - [root] - [INFO] - Analysis finished: 0m 31s
[2026-01-23 13:05:15,701] - [root] - [INFO] - -------------------------------------------
[2026-01-23 13:05:15,701] - [root] - [INFO] - -------------------------------------------
[2026-01-23 13:05:15,701] - [root] - [INFO] - Processing 1-22-2026 5dpi 091-W2021006-056_R2.png
[2026-01-23 13:05:36,277] - [root] - [INFO] - Finished loading mask: 0m 20s
[2026-01-23 13:05:45,531] - [root] - [INFO] - Finished crop and inference: 0m 29s
[2026-01-23 13:05:47,250] - [root] - [INFO] - Analysis finished: 0m 31s
[2026-01-23 13:05:47,250] - [root] - [INFO] - -------------------------------------------
[2026-01-23 13:05:47,252] - [root] - [INFO] - -------------------------------------------
[2026-01-23 13:05:47,252] - [root] - [INFO] - Processing 1-22-2026 5dpi 094-W2021010-315_R2.png
[2026-01-23 13:06:06,742] - [root] - [INFO] - Finished loading mask: 0m 19s
[2026-01-23 13:06:15,853] - [root] - [INFO] - Finished crop and inference: 0m 28s
              timestamp time_elapsed  ... severity_rate_patch Gradient_sr2
0   2026-01-23 12:45:21       0m 30s  ...                1.74         0.04
1   2026-01-23 12:45:51       0m 30s  ...                4.36         0.11
2   2026-01-23 12:46:22       0m 32s  ...                0.85         0.02
3   2026-01-23 12:46:54       0m 35s  ...               25.47         0.67
4   2026-01-23 12:47:30       0m 35s  ...               37.39         0.99
5   2026-01-23 12:48:05       0m 31s  ...                0.45         0.01
6   2026-01-23 12:48:36       0m 36s  ...               38.62         0.91
7   2026-01-23 12:49:12       0m 34s  ...               19.86         0.56
8   2026-01-23 12:49:47       0m 34s  ...               39.61         1.05
9   2026-01-23 12:50:21       0m 30s  ...                1.79         0.05
10  2026-01-23 12:50:51       0m 30s  ...                2.79         0.07
11  2026-01-23 12:51:22       0m 33s  ...               20.77         0.49
12  2026-01-23 12:51:56       0m 31s  ...               20.60         0.51
13  2026-01-23 12:52:28       0m 32s  ...               15.28         0.35
14  2026-01-23 12:53:00       0m 35s  ...               30.18         0.79
15  2026-01-23 12:53:36       0m 34s  ...               19.25         0.48
16  2026-01-23 12:54:11       0m 43s  ...               85.84         2.58
17  2026-01-23 12:54:55       0m 30s  ...                0.76         0.02
18  2026-01-23 12:55:25       0m 33s  ...               23.22         0.57
19  2026-01-23 12:55:58       0m 39s  ...               62.76         1.72
20  2026-01-23 12:56:38       0m 30s  ...                1.10         0.03
21  2026-01-23 12:57:08       0m 33s  ...               19.31         0.52
22  2026-01-23 12:57:42       0m 35s  ...               42.05         1.16
23  2026-01-23 12:58:18       0m 28s  ...                6.56         0.18
24  2026-01-23 12:58:47       0m 30s  ...                1.51         0.04
25  2026-01-23 12:59:17       0m 31s  ...                8.51         0.22
26  2026-01-23 12:59:48       0m 33s  ...               12.12         0.31
27  2026-01-23 13:00:21       0m 34s  ...               32.69         0.79
28  2026-01-23 13:00:56       0m 31s  ...                2.15         0.06
29  2026-01-23 13:01:27       0m 31s  ...                2.94         0.07
30  2026-01-23 13:01:59       0m 32s  ...               12.91         0.30
31  2026-01-23 13:02:31       0m 32s  ...               42.77         1.19
32  2026-01-23 13:03:03       0m 38s  ...               65.54         1.89
33  2026-01-23 13:03:42       0m 31s  ...               10.11         0.24

[34 rows x 24 columns]
              timestamp time_elapsed  ... severity_rate_patch Gradient_sr2
0   2026-01-23 12:45:21       0m 30s  ...                1.74         0.04
1   2026-01-23 12:45:51       0m 30s  ...                4.36         0.11
2   2026-01-23 12:46:22       0m 32s  ...                0.85         0.02
3   2026-01-23 12:46:54       0m 35s  ...               25.47         0.67
4   2026-01-23 12:47:30       0m 35s  ...               37.39         0.99
5   2026-01-23 12:48:05       0m 31s  ...                0.45         0.01
6   2026-01-23 12:48:36       0m 36s  ...               38.62         0.91
7   2026-01-23 12:49:12       0m 34s  ...               19.86         0.56
8   2026-01-23 12:49:47       0m 34s  ...               39.61         1.05
9   2026-01-23 12:50:21       0m 30s  ...                1.79         0.05
10  2026-01-23 12:50:51       0m 30s  ...                2.79         0.07
11  2026-01-23 12:51:22       0m 33s  ...               20.77         0.49
12  2026-01-23 12:51:56       0m 31s  ...               20.60         0.51
13  2026-01-23 12:52:28       0m 32s  ...               15.28         0.35
14  2026-01-23 12:53:00       0m 35s  ...               30.18         0.79
15  2026-01-23 12:53:36       0m 34s  ...               19.25         0.48
16  2026-01-23 12:54:11       0m 43s  ...               85.84         2.58
17  2026-01-23 12:54:55       0m 30s  ...                0.76         0.02
18  2026-01-23 12:55:25       0m 33s  ...               23.22         0.57
19  2026-01-23 12:55:58       0m 39s  ...               62.76         1.72
20  2026-01-23 12:56:38       0m 30s  ...                1.10         0.03
21  2026-01-23 12:57:08       0m 33s  ...               19.31         0.52
22  2026-01-23 12:57:42       0m 35s  ...               42.05         1.16
23  2026-01-23 12:58:18       0m 28s  ...                6.56         0.18
24  2026-01-23 12:58:47       0m 30s  ...                1.51         0.04
25  2026-01-23 12:59:17       0m 31s  ...                8.51         0.22
26  2026-01-23 12:59:48       0m 33s  ...               12.12         0.31
27  2026-01-23 13:00:21       0m 34s  ...               32.69         0.79
28  2026-01-23 13:00:56       0m 31s  ...                2.15         0.06
29  2026-01-23 13:01:27       0m 31s  ...                2.94         0.07
30  2026-01-23 13:01:59       0m 32s  ...               12.91         0.30
31  2026-01-23 13:02:31       0m 32s  ...               42.77         1.19
32  2026-01-23 13:03:03       0m 38s  ...               65.54         1.89
33  2026-01-23 13:03:42       0m 31s  ...               10.11         0.24
34  2026-01-23 13:04:13       0m 30s  ...                4.05         0.11

[35 rows x 24 columns]
[2026-01-23 13:06:17,548] - [root] - [INFO] - Analysis finished: 0m 30s
[2026-01-23 13:06:17,548] - [root] - [INFO] - -------------------------------------------
[2026-01-23 13:06:17,548] - [root] - [INFO] - -------------------------------------------
[2026-01-23 13:06:17,548] - [root] - [INFO] - Processing 1-22-2026 5dpi 095-W2021011-553_R2.png
[2026-01-23 13:06:37,438] - [root] - [INFO] - Finished loading mask: 0m 19s
[2026-01-23 13:06:45,647] - [root] - [INFO] - Finished crop and inference: 0m 28s
[2026-01-23 13:06:47,311] - [root] - [INFO] - Analysis finished: 0m 29s
[2026-01-23 13:06:47,311] - [root] - [INFO] - -------------------------------------------
[2026-01-23 13:06:47,312] - [root] - [INFO] - -------------------------------------------
[2026-01-23 13:06:47,312] - [root] - [INFO] - Processing 1-22-2026 5dpi 097-W2021006-617_R2.png
[2026-01-23 13:07:07,038] - [root] - [INFO] - Finished loading mask: 0m 19s
[2026-01-23 13:07:21,672] - [root] - [INFO] - Finished crop and inference: 0m 34s
              timestamp time_elapsed  ... severity_rate_patch Gradient_sr2
0   2026-01-23 12:45:21       0m 30s  ...                1.74         0.04
1   2026-01-23 12:45:51       0m 30s  ...                4.36         0.11
2   2026-01-23 12:46:22       0m 32s  ...                0.85         0.02
3   2026-01-23 12:46:54       0m 35s  ...               25.47         0.67
4   2026-01-23 12:47:30       0m 35s  ...               37.39         0.99
5   2026-01-23 12:48:05       0m 31s  ...                0.45         0.01
6   2026-01-23 12:48:36       0m 36s  ...               38.62         0.91
7   2026-01-23 12:49:12       0m 34s  ...               19.86         0.56
8   2026-01-23 12:49:47       0m 34s  ...               39.61         1.05
9   2026-01-23 12:50:21       0m 30s  ...                1.79         0.05
10  2026-01-23 12:50:51       0m 30s  ...                2.79         0.07
11  2026-01-23 12:51:22       0m 33s  ...               20.77         0.49
12  2026-01-23 12:51:56       0m 31s  ...               20.60         0.51
13  2026-01-23 12:52:28       0m 32s  ...               15.28         0.35
14  2026-01-23 12:53:00       0m 35s  ...               30.18         0.79
15  2026-01-23 12:53:36       0m 34s  ...               19.25         0.48
16  2026-01-23 12:54:11       0m 43s  ...               85.84         2.58
17  2026-01-23 12:54:55       0m 30s  ...                0.76         0.02
18  2026-01-23 12:55:25       0m 33s  ...               23.22         0.57
19  2026-01-23 12:55:58       0m 39s  ...               62.76         1.72
20  2026-01-23 12:56:38       0m 30s  ...                1.10         0.03
21  2026-01-23 12:57:08       0m 33s  ...               19.31         0.52
22  2026-01-23 12:57:42       0m 35s  ...               42.05         1.16
23  2026-01-23 12:58:18       0m 28s  ...                6.56         0.18
24  2026-01-23 12:58:47       0m 30s  ...                1.51         0.04
25  2026-01-23 12:59:17       0m 31s  ...                8.51         0.22
26  2026-01-23 12:59:48       0m 33s  ...               12.12         0.31
27  2026-01-23 13:00:21       0m 34s  ...               32.69         0.79
28  2026-01-23 13:00:56       0m 31s  ...                2.15         0.06
29  2026-01-23 13:01:27       0m 31s  ...                2.94         0.07
30  2026-01-23 13:01:59       0m 32s  ...               12.91         0.30
31  2026-01-23 13:02:31       0m 32s  ...               42.77         1.19
32  2026-01-23 13:03:03       0m 38s  ...               65.54         1.89
33  2026-01-23 13:03:42       0m 31s  ...               10.11         0.24
34  2026-01-23 13:04:13       0m 30s  ...                4.05         0.11
35  2026-01-23 13:04:44       0m 31s  ...                1.89         0.05

[36 rows x 24 columns]
              timestamp time_elapsed  ... severity_rate_patch Gradient_sr2
0   2026-01-23 12:45:21       0m 30s  ...                1.74         0.04
1   2026-01-23 12:45:51       0m 30s  ...                4.36         0.11
2   2026-01-23 12:46:22       0m 32s  ...                0.85         0.02
3   2026-01-23 12:46:54       0m 35s  ...               25.47         0.67
4   2026-01-23 12:47:30       0m 35s  ...               37.39         0.99
5   2026-01-23 12:48:05       0m 31s  ...                0.45         0.01
6   2026-01-23 12:48:36       0m 36s  ...               38.62         0.91
7   2026-01-23 12:49:12       0m 34s  ...               19.86         0.56
8   2026-01-23 12:49:47       0m 34s  ...               39.61         1.05
9   2026-01-23 12:50:21       0m 30s  ...                1.79         0.05
10  2026-01-23 12:50:51       0m 30s  ...                2.79         0.07
11  2026-01-23 12:51:22       0m 33s  ...               20.77         0.49
12  2026-01-23 12:51:56       0m 31s  ...               20.60         0.51
13  2026-01-23 12:52:28       0m 32s  ...               15.28         0.35
14  2026-01-23 12:53:00       0m 35s  ...               30.18         0.79
15  2026-01-23 12:53:36       0m 34s  ...               19.25         0.48
16  2026-01-23 12:54:11       0m 43s  ...               85.84         2.58
17  2026-01-23 12:54:55       0m 30s  ...                0.76         0.02
18  2026-01-23 12:55:25       0m 33s  ...               23.22         0.57
19  2026-01-23 12:55:58       0m 39s  ...               62.76         1.72
20  2026-01-23 12:56:38       0m 30s  ...                1.10         0.03
21  2026-01-23 12:57:08       0m 33s  ...               19.31         0.52
22  2026-01-23 12:57:42       0m 35s  ...               42.05         1.16
23  2026-01-23 12:58:18       0m 28s  ...                6.56         0.18
24  2026-01-23 12:58:47       0m 30s  ...                1.51         0.04
25  2026-01-23 12:59:17       0m 31s  ...                8.51         0.22
26  2026-01-23 12:59:48       0m 33s  ...               12.12         0.31
27  2026-01-23 13:00:21       0m 34s  ...               32.69         0.79
28  2026-01-23 13:00:56       0m 31s  ...                2.15         0.06
29  2026-01-23 13:01:27       0m 31s  ...                2.94         0.07
30  2026-01-23 13:01:59       0m 32s  ...               12.91         0.30
31  2026-01-23 13:02:31       0m 32s  ...               42.77         1.19
32  2026-01-23 13:03:03       0m 38s  ...               65.54         1.89
33  2026-01-23 13:03:42       0m 31s  ...               10.11         0.24
34  2026-01-23 13:04:13       0m 30s  ...                4.05         0.11
35  2026-01-23 13:04:44       0m 31s  ...                1.89         0.05
36  2026-01-23 13:05:15       0m 31s  ...                5.54         0.15

[37 rows x 24 columns]
[2026-01-23 13:07:23,272] - [root] - [INFO] - Analysis finished: 0m 35s
[2026-01-23 13:07:23,272] - [root] - [INFO] - -------------------------------------------
[2026-01-23 13:07:23,272] - [root] - [INFO] - -------------------------------------------
[2026-01-23 13:07:23,272] - [root] - [INFO] - Processing 1-22-2026 5dpi 097-W2021009-163_R1.png
[2026-01-23 13:07:43,172] - [root] - [INFO] - Finished loading mask: 0m 19s
[2026-01-23 13:08:00,455] - [root] - [INFO] - Finished crop and inference: 0m 37s
[2026-01-23 13:08:02,024] - [root] - [INFO] - Analysis finished: 0m 38s
[2026-01-23 13:08:02,024] - [root] - [INFO] - -------------------------------------------
[2026-01-23 13:08:02,024] - [root] - [INFO] - -------------------------------------------
[2026-01-23 13:08:02,024] - [root] - [INFO] - Processing 1-22-2026 5dpi 099-W2021006-611_R2.png
[2026-01-23 13:08:22,694] - [root] - [INFO] - Finished loading mask: 0m 20s
[2026-01-23 13:08:38,651] - [root] - [INFO] - Finished crop and inference: 0m 36s
              timestamp time_elapsed  ... severity_rate_patch Gradient_sr2
0   2026-01-23 12:45:21       0m 30s  ...                1.74         0.04
1   2026-01-23 12:45:51       0m 30s  ...                4.36         0.11
2   2026-01-23 12:46:22       0m 32s  ...                0.85         0.02
3   2026-01-23 12:46:54       0m 35s  ...               25.47         0.67
4   2026-01-23 12:47:30       0m 35s  ...               37.39         0.99
5   2026-01-23 12:48:05       0m 31s  ...                0.45         0.01
6   2026-01-23 12:48:36       0m 36s  ...               38.62         0.91
7   2026-01-23 12:49:12       0m 34s  ...               19.86         0.56
8   2026-01-23 12:49:47       0m 34s  ...               39.61         1.05
9   2026-01-23 12:50:21       0m 30s  ...                1.79         0.05
10  2026-01-23 12:50:51       0m 30s  ...                2.79         0.07
11  2026-01-23 12:51:22       0m 33s  ...               20.77         0.49
12  2026-01-23 12:51:56       0m 31s  ...               20.60         0.51
13  2026-01-23 12:52:28       0m 32s  ...               15.28         0.35
14  2026-01-23 12:53:00       0m 35s  ...               30.18         0.79
15  2026-01-23 12:53:36       0m 34s  ...               19.25         0.48
16  2026-01-23 12:54:11       0m 43s  ...               85.84         2.58
17  2026-01-23 12:54:55       0m 30s  ...                0.76         0.02
18  2026-01-23 12:55:25       0m 33s  ...               23.22         0.57
19  2026-01-23 12:55:58       0m 39s  ...               62.76         1.72
20  2026-01-23 12:56:38       0m 30s  ...                1.10         0.03
21  2026-01-23 12:57:08       0m 33s  ...               19.31         0.52
22  2026-01-23 12:57:42       0m 35s  ...               42.05         1.16
23  2026-01-23 12:58:18       0m 28s  ...                6.56         0.18
24  2026-01-23 12:58:47       0m 30s  ...                1.51         0.04
25  2026-01-23 12:59:17       0m 31s  ...                8.51         0.22
26  2026-01-23 12:59:48       0m 33s  ...               12.12         0.31
27  2026-01-23 13:00:21       0m 34s  ...               32.69         0.79
28  2026-01-23 13:00:56       0m 31s  ...                2.15         0.06
29  2026-01-23 13:01:27       0m 31s  ...                2.94         0.07
30  2026-01-23 13:01:59       0m 32s  ...               12.91         0.30
31  2026-01-23 13:02:31       0m 32s  ...               42.77         1.19
32  2026-01-23 13:03:03       0m 38s  ...               65.54         1.89
33  2026-01-23 13:03:42       0m 31s  ...               10.11         0.24
34  2026-01-23 13:04:13       0m 30s  ...                4.05         0.11
35  2026-01-23 13:04:44       0m 31s  ...                1.89         0.05
36  2026-01-23 13:05:15       0m 31s  ...                5.54         0.15
37  2026-01-23 13:05:47       0m 30s  ...                0.46         0.01

[38 rows x 24 columns]
              timestamp time_elapsed  ... severity_rate_patch Gradient_sr2
0   2026-01-23 12:45:21       0m 30s  ...                1.74         0.04
1   2026-01-23 12:45:51       0m 30s  ...                4.36         0.11
2   2026-01-23 12:46:22       0m 32s  ...                0.85         0.02
3   2026-01-23 12:46:54       0m 35s  ...               25.47         0.67
4   2026-01-23 12:47:30       0m 35s  ...               37.39         0.99
5   2026-01-23 12:48:05       0m 31s  ...                0.45         0.01
6   2026-01-23 12:48:36       0m 36s  ...               38.62         0.91
7   2026-01-23 12:49:12       0m 34s  ...               19.86         0.56
8   2026-01-23 12:49:47       0m 34s  ...               39.61         1.05
9   2026-01-23 12:50:21       0m 30s  ...                1.79         0.05
10  2026-01-23 12:50:51       0m 30s  ...                2.79         0.07
11  2026-01-23 12:51:22       0m 33s  ...               20.77         0.49
12  2026-01-23 12:51:56       0m 31s  ...               20.60         0.51
13  2026-01-23 12:52:28       0m 32s  ...               15.28         0.35
14  2026-01-23 12:53:00       0m 35s  ...               30.18         0.79
15  2026-01-23 12:53:36       0m 34s  ...               19.25         0.48
16  2026-01-23 12:54:11       0m 43s  ...               85.84         2.58
17  2026-01-23 12:54:55       0m 30s  ...                0.76         0.02
18  2026-01-23 12:55:25       0m 33s  ...               23.22         0.57
19  2026-01-23 12:55:58       0m 39s  ...               62.76         1.72
20  2026-01-23 12:56:38       0m 30s  ...                1.10         0.03
21  2026-01-23 12:57:08       0m 33s  ...               19.31         0.52
22  2026-01-23 12:57:42       0m 35s  ...               42.05         1.16
23  2026-01-23 12:58:18       0m 28s  ...                6.56         0.18
24  2026-01-23 12:58:47       0m 30s  ...                1.51         0.04
25  2026-01-23 12:59:17       0m 31s  ...                8.51         0.22
26  2026-01-23 12:59:48       0m 33s  ...               12.12         0.31
27  2026-01-23 13:00:21       0m 34s  ...               32.69         0.79
28  2026-01-23 13:00:56       0m 31s  ...                2.15         0.06
29  2026-01-23 13:01:27       0m 31s  ...                2.94         0.07
30  2026-01-23 13:01:59       0m 32s  ...               12.91         0.30
31  2026-01-23 13:02:31       0m 32s  ...               42.77         1.19
32  2026-01-23 13:03:03       0m 38s  ...               65.54         1.89
33  2026-01-23 13:03:42       0m 31s  ...               10.11         0.24
34  2026-01-23 13:04:13       0m 30s  ...                4.05         0.11
35  2026-01-23 13:04:44       0m 31s  ...                1.89         0.05
36  2026-01-23 13:05:15       0m 31s  ...                5.54         0.15
37  2026-01-23 13:05:47       0m 30s  ...                0.46         0.01
38  2026-01-23 13:06:17       0m 29s  ...                1.59         0.04

[39 rows x 24 columns]
[2026-01-23 13:08:40,241] - [root] - [INFO] - Analysis finished: 0m 38s
[2026-01-23 13:08:40,241] - [root] - [INFO] - -------------------------------------------
[2026-01-23 13:08:40,241] - [root] - [INFO] - -------------------------------------------
[2026-01-23 13:08:40,241] - [root] - [INFO] - Processing 1-22-2026 5dpi 101-W2021011-565_R1.png
[2026-01-23 13:09:01,043] - [root] - [INFO] - Finished loading mask: 0m 20s
[2026-01-23 13:09:22,525] - [root] - [INFO] - Finished crop and inference: 0m 42s
[2026-01-23 13:09:24,081] - [root] - [INFO] - Analysis finished: 0m 43s
[2026-01-23 13:09:24,082] - [root] - [INFO] - -------------------------------------------
[2026-01-23 13:09:24,082] - [root] - [INFO] - -------------------------------------------
[2026-01-23 13:09:24,082] - [root] - [INFO] - Processing 1-22-2026 5dpi 105-W2021011-558_R1.png
[2026-01-23 13:09:43,960] - [root] - [INFO] - Finished loading mask: 0m 19s
[2026-01-23 13:09:52,740] - [root] - [INFO] - Finished crop and inference: 0m 28s
              timestamp time_elapsed  ... severity_rate_patch Gradient_sr2
0   2026-01-23 12:45:21       0m 30s  ...                1.74         0.04
1   2026-01-23 12:45:51       0m 30s  ...                4.36         0.11
2   2026-01-23 12:46:22       0m 32s  ...                0.85         0.02
3   2026-01-23 12:46:54       0m 35s  ...               25.47         0.67
4   2026-01-23 12:47:30       0m 35s  ...               37.39         0.99
5   2026-01-23 12:48:05       0m 31s  ...                0.45         0.01
6   2026-01-23 12:48:36       0m 36s  ...               38.62         0.91
7   2026-01-23 12:49:12       0m 34s  ...               19.86         0.56
8   2026-01-23 12:49:47       0m 34s  ...               39.61         1.05
9   2026-01-23 12:50:21       0m 30s  ...                1.79         0.05
10  2026-01-23 12:50:51       0m 30s  ...                2.79         0.07
11  2026-01-23 12:51:22       0m 33s  ...               20.77         0.49
12  2026-01-23 12:51:56       0m 31s  ...               20.60         0.51
13  2026-01-23 12:52:28       0m 32s  ...               15.28         0.35
14  2026-01-23 12:53:00       0m 35s  ...               30.18         0.79
15  2026-01-23 12:53:36       0m 34s  ...               19.25         0.48
16  2026-01-23 12:54:11       0m 43s  ...               85.84         2.58
17  2026-01-23 12:54:55       0m 30s  ...                0.76         0.02
18  2026-01-23 12:55:25       0m 33s  ...               23.22         0.57
19  2026-01-23 12:55:58       0m 39s  ...               62.76         1.72
20  2026-01-23 12:56:38       0m 30s  ...                1.10         0.03
21  2026-01-23 12:57:08       0m 33s  ...               19.31         0.52
22  2026-01-23 12:57:42       0m 35s  ...               42.05         1.16
23  2026-01-23 12:58:18       0m 28s  ...                6.56         0.18
24  2026-01-23 12:58:47       0m 30s  ...                1.51         0.04
25  2026-01-23 12:59:17       0m 31s  ...                8.51         0.22
26  2026-01-23 12:59:48       0m 33s  ...               12.12         0.31
27  2026-01-23 13:00:21       0m 34s  ...               32.69         0.79
28  2026-01-23 13:00:56       0m 31s  ...                2.15         0.06
29  2026-01-23 13:01:27       0m 31s  ...                2.94         0.07
30  2026-01-23 13:01:59       0m 32s  ...               12.91         0.30
31  2026-01-23 13:02:31       0m 32s  ...               42.77         1.19
32  2026-01-23 13:03:03       0m 38s  ...               65.54         1.89
33  2026-01-23 13:03:42       0m 31s  ...               10.11         0.24
34  2026-01-23 13:04:13       0m 30s  ...                4.05         0.11
35  2026-01-23 13:04:44       0m 31s  ...                1.89         0.05
36  2026-01-23 13:05:15       0m 31s  ...                5.54         0.15
37  2026-01-23 13:05:47       0m 30s  ...                0.46         0.01
38  2026-01-23 13:06:17       0m 29s  ...                1.59         0.04
39  2026-01-23 13:06:47       0m 35s  ...               43.85         1.03

[40 rows x 24 columns]
              timestamp time_elapsed  ... severity_rate_patch Gradient_sr2
0   2026-01-23 12:45:21       0m 30s  ...                1.74         0.04
1   2026-01-23 12:45:51       0m 30s  ...                4.36         0.11
2   2026-01-23 12:46:22       0m 32s  ...                0.85         0.02
3   2026-01-23 12:46:54       0m 35s  ...               25.47         0.67
4   2026-01-23 12:47:30       0m 35s  ...               37.39         0.99
5   2026-01-23 12:48:05       0m 31s  ...                0.45         0.01
6   2026-01-23 12:48:36       0m 36s  ...               38.62         0.91
7   2026-01-23 12:49:12       0m 34s  ...               19.86         0.56
8   2026-01-23 12:49:47       0m 34s  ...               39.61         1.05
9   2026-01-23 12:50:21       0m 30s  ...                1.79         0.05
10  2026-01-23 12:50:51       0m 30s  ...                2.79         0.07
11  2026-01-23 12:51:22       0m 33s  ...               20.77         0.49
12  2026-01-23 12:51:56       0m 31s  ...               20.60         0.51
13  2026-01-23 12:52:28       0m 32s  ...               15.28         0.35
14  2026-01-23 12:53:00       0m 35s  ...               30.18         0.79
15  2026-01-23 12:53:36       0m 34s  ...               19.25         0.48
16  2026-01-23 12:54:11       0m 43s  ...               85.84         2.58
17  2026-01-23 12:54:55       0m 30s  ...                0.76         0.02
18  2026-01-23 12:55:25       0m 33s  ...               23.22         0.57
19  2026-01-23 12:55:58       0m 39s  ...               62.76         1.72
20  2026-01-23 12:56:38       0m 30s  ...                1.10         0.03
21  2026-01-23 12:57:08       0m 33s  ...               19.31         0.52
22  2026-01-23 12:57:42       0m 35s  ...               42.05         1.16
23  2026-01-23 12:58:18       0m 28s  ...                6.56         0.18
24  2026-01-23 12:58:47       0m 30s  ...                1.51         0.04
25  2026-01-23 12:59:17       0m 31s  ...                8.51         0.22
26  2026-01-23 12:59:48       0m 33s  ...               12.12         0.31
27  2026-01-23 13:00:21       0m 34s  ...               32.69         0.79
28  2026-01-23 13:00:56       0m 31s  ...                2.15         0.06
29  2026-01-23 13:01:27       0m 31s  ...                2.94         0.07
30  2026-01-23 13:01:59       0m 32s  ...               12.91         0.30
31  2026-01-23 13:02:31       0m 32s  ...               42.77         1.19
32  2026-01-23 13:03:03       0m 38s  ...               65.54         1.89
33  2026-01-23 13:03:42       0m 31s  ...               10.11         0.24
34  2026-01-23 13:04:13       0m 30s  ...                4.05         0.11
35  2026-01-23 13:04:44       0m 31s  ...                1.89         0.05
36  2026-01-23 13:05:15       0m 31s  ...                5.54         0.15
37  2026-01-23 13:05:47       0m 30s  ...                0.46         0.01
38  2026-01-23 13:06:17       0m 29s  ...                1.59         0.04
39  2026-01-23 13:06:47       0m 35s  ...               43.85         1.03
40  2026-01-23 13:07:23       0m 38s  ...               61.84         1.56

[41 rows x 24 columns]
[2026-01-23 13:09:54,443] - [root] - [INFO] - Analysis finished: 0m 30s
[2026-01-23 13:09:54,443] - [root] - [INFO] - -------------------------------------------
[2026-01-23 13:09:54,444] - [root] - [INFO] - -------------------------------------------
[2026-01-23 13:09:54,444] - [root] - [INFO] - Processing 1-22-2026 5dpi 110-W2021011-454_R2.png
[2026-01-23 13:10:14,610] - [root] - [INFO] - Finished loading mask: 0m 20s
[2026-01-23 13:10:25,889] - [root] - [INFO] - Finished crop and inference: 0m 31s
[2026-01-23 13:10:27,534] - [root] - [INFO] - Analysis finished: 0m 33s
[2026-01-23 13:10:27,534] - [root] - [INFO] - -------------------------------------------
[2026-01-23 13:10:27,534] - [root] - [INFO] - -------------------------------------------
[2026-01-23 13:10:27,534] - [root] - [INFO] - Processing 1-22-2026 5dpi 111-W2021011-588_R2.png
[2026-01-23 13:10:48,189] - [root] - [INFO] - Finished loading mask: 0m 20s
[2026-01-23 13:10:58,008] - [root] - [INFO] - Finished crop and inference: 0m 30s
              timestamp time_elapsed  ... severity_rate_patch Gradient_sr2
0   2026-01-23 12:45:21       0m 30s  ...                1.74         0.04
1   2026-01-23 12:45:51       0m 30s  ...                4.36         0.11
2   2026-01-23 12:46:22       0m 32s  ...                0.85         0.02
3   2026-01-23 12:46:54       0m 35s  ...               25.47         0.67
4   2026-01-23 12:47:30       0m 35s  ...               37.39         0.99
5   2026-01-23 12:48:05       0m 31s  ...                0.45         0.01
6   2026-01-23 12:48:36       0m 36s  ...               38.62         0.91
7   2026-01-23 12:49:12       0m 34s  ...               19.86         0.56
8   2026-01-23 12:49:47       0m 34s  ...               39.61         1.05
9   2026-01-23 12:50:21       0m 30s  ...                1.79         0.05
10  2026-01-23 12:50:51       0m 30s  ...                2.79         0.07
11  2026-01-23 12:51:22       0m 33s  ...               20.77         0.49
12  2026-01-23 12:51:56       0m 31s  ...               20.60         0.51
13  2026-01-23 12:52:28       0m 32s  ...               15.28         0.35
14  2026-01-23 12:53:00       0m 35s  ...               30.18         0.79
15  2026-01-23 12:53:36       0m 34s  ...               19.25         0.48
16  2026-01-23 12:54:11       0m 43s  ...               85.84         2.58
17  2026-01-23 12:54:55       0m 30s  ...                0.76         0.02
18  2026-01-23 12:55:25       0m 33s  ...               23.22         0.57
19  2026-01-23 12:55:58       0m 39s  ...               62.76         1.72
20  2026-01-23 12:56:38       0m 30s  ...                1.10         0.03
21  2026-01-23 12:57:08       0m 33s  ...               19.31         0.52
22  2026-01-23 12:57:42       0m 35s  ...               42.05         1.16
23  2026-01-23 12:58:18       0m 28s  ...                6.56         0.18
24  2026-01-23 12:58:47       0m 30s  ...                1.51         0.04
25  2026-01-23 12:59:17       0m 31s  ...                8.51         0.22
26  2026-01-23 12:59:48       0m 33s  ...               12.12         0.31
27  2026-01-23 13:00:21       0m 34s  ...               32.69         0.79
28  2026-01-23 13:00:56       0m 31s  ...                2.15         0.06
29  2026-01-23 13:01:27       0m 31s  ...                2.94         0.07
30  2026-01-23 13:01:59       0m 32s  ...               12.91         0.30
31  2026-01-23 13:02:31       0m 32s  ...               42.77         1.19
32  2026-01-23 13:03:03       0m 38s  ...               65.54         1.89
33  2026-01-23 13:03:42       0m 31s  ...               10.11         0.24
34  2026-01-23 13:04:13       0m 30s  ...                4.05         0.11
35  2026-01-23 13:04:44       0m 31s  ...                1.89         0.05
36  2026-01-23 13:05:15       0m 31s  ...                5.54         0.15
37  2026-01-23 13:05:47       0m 30s  ...                0.46         0.01
38  2026-01-23 13:06:17       0m 29s  ...                1.59         0.04
39  2026-01-23 13:06:47       0m 35s  ...               43.85         1.03
40  2026-01-23 13:07:23       0m 38s  ...               61.84         1.56
41  2026-01-23 13:08:02       0m 38s  ...               46.89         1.19

[42 rows x 24 columns]
              timestamp time_elapsed  ... severity_rate_patch Gradient_sr2
0   2026-01-23 12:45:21       0m 30s  ...                1.74         0.04
1   2026-01-23 12:45:51       0m 30s  ...                4.36         0.11
2   2026-01-23 12:46:22       0m 32s  ...                0.85         0.02
3   2026-01-23 12:46:54       0m 35s  ...               25.47         0.67
4   2026-01-23 12:47:30       0m 35s  ...               37.39         0.99
5   2026-01-23 12:48:05       0m 31s  ...                0.45         0.01
6   2026-01-23 12:48:36       0m 36s  ...               38.62         0.91
7   2026-01-23 12:49:12       0m 34s  ...               19.86         0.56
8   2026-01-23 12:49:47       0m 34s  ...               39.61         1.05
9   2026-01-23 12:50:21       0m 30s  ...                1.79         0.05
10  2026-01-23 12:50:51       0m 30s  ...                2.79         0.07
11  2026-01-23 12:51:22       0m 33s  ...               20.77         0.49
12  2026-01-23 12:51:56       0m 31s  ...               20.60         0.51
13  2026-01-23 12:52:28       0m 32s  ...               15.28         0.35
14  2026-01-23 12:53:00       0m 35s  ...               30.18         0.79
15  2026-01-23 12:53:36       0m 34s  ...               19.25         0.48
16  2026-01-23 12:54:11       0m 43s  ...               85.84         2.58
17  2026-01-23 12:54:55       0m 30s  ...                0.76         0.02
18  2026-01-23 12:55:25       0m 33s  ...               23.22         0.57
19  2026-01-23 12:55:58       0m 39s  ...               62.76         1.72
20  2026-01-23 12:56:38       0m 30s  ...                1.10         0.03
21  2026-01-23 12:57:08       0m 33s  ...               19.31         0.52
22  2026-01-23 12:57:42       0m 35s  ...               42.05         1.16
23  2026-01-23 12:58:18       0m 28s  ...                6.56         0.18
24  2026-01-23 12:58:47       0m 30s  ...                1.51         0.04
25  2026-01-23 12:59:17       0m 31s  ...                8.51         0.22
26  2026-01-23 12:59:48       0m 33s  ...               12.12         0.31
27  2026-01-23 13:00:21       0m 34s  ...               32.69         0.79
28  2026-01-23 13:00:56       0m 31s  ...                2.15         0.06
29  2026-01-23 13:01:27       0m 31s  ...                2.94         0.07
30  2026-01-23 13:01:59       0m 32s  ...               12.91         0.30
31  2026-01-23 13:02:31       0m 32s  ...               42.77         1.19
32  2026-01-23 13:03:03       0m 38s  ...               65.54         1.89
33  2026-01-23 13:03:42       0m 31s  ...               10.11         0.24
34  2026-01-23 13:04:13       0m 30s  ...                4.05         0.11
35  2026-01-23 13:04:44       0m 31s  ...                1.89         0.05
36  2026-01-23 13:05:15       0m 31s  ...                5.54         0.15
37  2026-01-23 13:05:47       0m 30s  ...                0.46         0.01
38  2026-01-23 13:06:17       0m 29s  ...                1.59         0.04
39  2026-01-23 13:06:47       0m 35s  ...               43.85         1.03
40  2026-01-23 13:07:23       0m 38s  ...               61.84         1.56
41  2026-01-23 13:08:02       0m 38s  ...               46.89         1.19
42  2026-01-23 13:08:40       0m 43s  ...               80.70         2.32

[43 rows x 24 columns]
[2026-01-23 13:10:59,633] - [root] - [INFO] - Analysis finished: 0m 32s
[2026-01-23 13:10:59,633] - [root] - [INFO] - -------------------------------------------
[2026-01-23 13:10:59,633] - [root] - [INFO] - -------------------------------------------
[2026-01-23 13:10:59,633] - [root] - [INFO] - Processing 1-22-2026 5dpi 121-W2021009-185_R1.png
[2026-01-23 13:11:19,876] - [root] - [INFO] - Finished loading mask: 0m 20s
[2026-01-23 13:11:29,480] - [root] - [INFO] - Finished crop and inference: 0m 29s
[2026-01-23 13:11:31,092] - [root] - [INFO] - Analysis finished: 0m 31s
[2026-01-23 13:11:31,092] - [root] - [INFO] - -------------------------------------------
[2026-01-23 13:11:31,092] - [root] - [INFO] - -------------------------------------------
[2026-01-23 13:11:31,092] - [root] - [INFO] - Processing 1-22-2026 5dpi 123-W2021009-255_R2.png
[2026-01-23 13:11:50,892] - [root] - [INFO] - Finished loading mask: 0m 19s
[2026-01-23 13:12:01,807] - [root] - [INFO] - Finished crop and inference: 0m 30s
              timestamp time_elapsed  ... severity_rate_patch Gradient_sr2
0   2026-01-23 12:45:21       0m 30s  ...                1.74         0.04
1   2026-01-23 12:45:51       0m 30s  ...                4.36         0.11
2   2026-01-23 12:46:22       0m 32s  ...                0.85         0.02
3   2026-01-23 12:46:54       0m 35s  ...               25.47         0.67
4   2026-01-23 12:47:30       0m 35s  ...               37.39         0.99
5   2026-01-23 12:48:05       0m 31s  ...                0.45         0.01
6   2026-01-23 12:48:36       0m 36s  ...               38.62         0.91
7   2026-01-23 12:49:12       0m 34s  ...               19.86         0.56
8   2026-01-23 12:49:47       0m 34s  ...               39.61         1.05
9   2026-01-23 12:50:21       0m 30s  ...                1.79         0.05
10  2026-01-23 12:50:51       0m 30s  ...                2.79         0.07
11  2026-01-23 12:51:22       0m 33s  ...               20.77         0.49
12  2026-01-23 12:51:56       0m 31s  ...               20.60         0.51
13  2026-01-23 12:52:28       0m 32s  ...               15.28         0.35
14  2026-01-23 12:53:00       0m 35s  ...               30.18         0.79
15  2026-01-23 12:53:36       0m 34s  ...               19.25         0.48
16  2026-01-23 12:54:11       0m 43s  ...               85.84         2.58
17  2026-01-23 12:54:55       0m 30s  ...                0.76         0.02
18  2026-01-23 12:55:25       0m 33s  ...               23.22         0.57
19  2026-01-23 12:55:58       0m 39s  ...               62.76         1.72
20  2026-01-23 12:56:38       0m 30s  ...                1.10         0.03
21  2026-01-23 12:57:08       0m 33s  ...               19.31         0.52
22  2026-01-23 12:57:42       0m 35s  ...               42.05         1.16
23  2026-01-23 12:58:18       0m 28s  ...                6.56         0.18
24  2026-01-23 12:58:47       0m 30s  ...                1.51         0.04
25  2026-01-23 12:59:17       0m 31s  ...                8.51         0.22
26  2026-01-23 12:59:48       0m 33s  ...               12.12         0.31
27  2026-01-23 13:00:21       0m 34s  ...               32.69         0.79
28  2026-01-23 13:00:56       0m 31s  ...                2.15         0.06
29  2026-01-23 13:01:27       0m 31s  ...                2.94         0.07
30  2026-01-23 13:01:59       0m 32s  ...               12.91         0.30
31  2026-01-23 13:02:31       0m 32s  ...               42.77         1.19
32  2026-01-23 13:03:03       0m 38s  ...               65.54         1.89
33  2026-01-23 13:03:42       0m 31s  ...               10.11         0.24
34  2026-01-23 13:04:13       0m 30s  ...                4.05         0.11
35  2026-01-23 13:04:44       0m 31s  ...                1.89         0.05
36  2026-01-23 13:05:15       0m 31s  ...                5.54         0.15
37  2026-01-23 13:05:47       0m 30s  ...                0.46         0.01
38  2026-01-23 13:06:17       0m 29s  ...                1.59         0.04
39  2026-01-23 13:06:47       0m 35s  ...               43.85         1.03
40  2026-01-23 13:07:23       0m 38s  ...               61.84         1.56
41  2026-01-23 13:08:02       0m 38s  ...               46.89         1.19
42  2026-01-23 13:08:40       0m 43s  ...               80.70         2.32
43  2026-01-23 13:09:24       0m 30s  ...                2.90         0.07

[44 rows x 24 columns]
              timestamp time_elapsed  ... severity_rate_patch Gradient_sr2
0   2026-01-23 12:45:21       0m 30s  ...                1.74         0.04
1   2026-01-23 12:45:51       0m 30s  ...                4.36         0.11
2   2026-01-23 12:46:22       0m 32s  ...                0.85         0.02
3   2026-01-23 12:46:54       0m 35s  ...               25.47         0.67
4   2026-01-23 12:47:30       0m 35s  ...               37.39         0.99
5   2026-01-23 12:48:05       0m 31s  ...                0.45         0.01
6   2026-01-23 12:48:36       0m 36s  ...               38.62         0.91
7   2026-01-23 12:49:12       0m 34s  ...               19.86         0.56
8   2026-01-23 12:49:47       0m 34s  ...               39.61         1.05
9   2026-01-23 12:50:21       0m 30s  ...                1.79         0.05
10  2026-01-23 12:50:51       0m 30s  ...                2.79         0.07
11  2026-01-23 12:51:22       0m 33s  ...               20.77         0.49
12  2026-01-23 12:51:56       0m 31s  ...               20.60         0.51
13  2026-01-23 12:52:28       0m 32s  ...               15.28         0.35
14  2026-01-23 12:53:00       0m 35s  ...               30.18         0.79
15  2026-01-23 12:53:36       0m 34s  ...               19.25         0.48
16  2026-01-23 12:54:11       0m 43s  ...               85.84         2.58
17  2026-01-23 12:54:55       0m 30s  ...                0.76         0.02
18  2026-01-23 12:55:25       0m 33s  ...               23.22         0.57
19  2026-01-23 12:55:58       0m 39s  ...               62.76         1.72
20  2026-01-23 12:56:38       0m 30s  ...                1.10         0.03
21  2026-01-23 12:57:08       0m 33s  ...               19.31         0.52
22  2026-01-23 12:57:42       0m 35s  ...               42.05         1.16
23  2026-01-23 12:58:18       0m 28s  ...                6.56         0.18
24  2026-01-23 12:58:47       0m 30s  ...                1.51         0.04
25  2026-01-23 12:59:17       0m 31s  ...                8.51         0.22
26  2026-01-23 12:59:48       0m 33s  ...               12.12         0.31
27  2026-01-23 13:00:21       0m 34s  ...               32.69         0.79
28  2026-01-23 13:00:56       0m 31s  ...                2.15         0.06
29  2026-01-23 13:01:27       0m 31s  ...                2.94         0.07
30  2026-01-23 13:01:59       0m 32s  ...               12.91         0.30
31  2026-01-23 13:02:31       0m 32s  ...               42.77         1.19
32  2026-01-23 13:03:03       0m 38s  ...               65.54         1.89
33  2026-01-23 13:03:42       0m 31s  ...               10.11         0.24
34  2026-01-23 13:04:13       0m 30s  ...                4.05         0.11
35  2026-01-23 13:04:44       0m 31s  ...                1.89         0.05
36  2026-01-23 13:05:15       0m 31s  ...                5.54         0.15
37  2026-01-23 13:05:47       0m 30s  ...                0.46         0.01
38  2026-01-23 13:06:17       0m 29s  ...                1.59         0.04
39  2026-01-23 13:06:47       0m 35s  ...               43.85         1.03
40  2026-01-23 13:07:23       0m 38s  ...               61.84         1.56
41  2026-01-23 13:08:02       0m 38s  ...               46.89         1.19
42  2026-01-23 13:08:40       0m 43s  ...               80.70         2.32
43  2026-01-23 13:09:24       0m 30s  ...                2.90         0.07
44  2026-01-23 13:09:54       0m 33s  ...               11.56         0.29

[45 rows x 24 columns]
[2026-01-23 13:12:03,446] - [root] - [INFO] - Analysis finished: 0m 32s
[2026-01-23 13:12:03,462] - [root] - [INFO] - -------------------------------------------
[2026-01-23 13:12:03,462] - [root] - [INFO] - -------------------------------------------
[2026-01-23 13:12:03,462] - [root] - [INFO] - Processing 1-22-2026 5dpi 123-W2021009-621_R2.png
[2026-01-23 13:12:23,412] - [root] - [INFO] - Finished loading mask: 0m 19s
[2026-01-23 13:12:33,379] - [root] - [INFO] - Finished crop and inference: 0m 29s
[2026-01-23 13:12:35,056] - [root] - [INFO] - Analysis finished: 0m 31s
[2026-01-23 13:12:35,056] - [root] - [INFO] - -------------------------------------------
[2026-01-23 13:12:35,056] - [root] - [INFO] - -------------------------------------------
[2026-01-23 13:12:35,056] - [root] - [INFO] - Processing 1-22-2026 5dpi 127-W2021006-143_R2.png
[2026-01-23 13:12:55,223] - [root] - [INFO] - Finished loading mask: 0m 20s
[2026-01-23 13:13:04,262] - [root] - [INFO] - Finished crop and inference: 0m 29s
              timestamp time_elapsed  ... severity_rate_patch Gradient_sr2
0   2026-01-23 12:45:21       0m 30s  ...                1.74         0.04
1   2026-01-23 12:45:51       0m 30s  ...                4.36         0.11
2   2026-01-23 12:46:22       0m 32s  ...                0.85         0.02
3   2026-01-23 12:46:54       0m 35s  ...               25.47         0.67
4   2026-01-23 12:47:30       0m 35s  ...               37.39         0.99
5   2026-01-23 12:48:05       0m 31s  ...                0.45         0.01
6   2026-01-23 12:48:36       0m 36s  ...               38.62         0.91
7   2026-01-23 12:49:12       0m 34s  ...               19.86         0.56
8   2026-01-23 12:49:47       0m 34s  ...               39.61         1.05
9   2026-01-23 12:50:21       0m 30s  ...                1.79         0.05
10  2026-01-23 12:50:51       0m 30s  ...                2.79         0.07
11  2026-01-23 12:51:22       0m 33s  ...               20.77         0.49
12  2026-01-23 12:51:56       0m 31s  ...               20.60         0.51
13  2026-01-23 12:52:28       0m 32s  ...               15.28         0.35
14  2026-01-23 12:53:00       0m 35s  ...               30.18         0.79
15  2026-01-23 12:53:36       0m 34s  ...               19.25         0.48
16  2026-01-23 12:54:11       0m 43s  ...               85.84         2.58
17  2026-01-23 12:54:55       0m 30s  ...                0.76         0.02
18  2026-01-23 12:55:25       0m 33s  ...               23.22         0.57
19  2026-01-23 12:55:58       0m 39s  ...               62.76         1.72
20  2026-01-23 12:56:38       0m 30s  ...                1.10         0.03
21  2026-01-23 12:57:08       0m 33s  ...               19.31         0.52
22  2026-01-23 12:57:42       0m 35s  ...               42.05         1.16
23  2026-01-23 12:58:18       0m 28s  ...                6.56         0.18
24  2026-01-23 12:58:47       0m 30s  ...                1.51         0.04
25  2026-01-23 12:59:17       0m 31s  ...                8.51         0.22
26  2026-01-23 12:59:48       0m 33s  ...               12.12         0.31
27  2026-01-23 13:00:21       0m 34s  ...               32.69         0.79
28  2026-01-23 13:00:56       0m 31s  ...                2.15         0.06
29  2026-01-23 13:01:27       0m 31s  ...                2.94         0.07
30  2026-01-23 13:01:59       0m 32s  ...               12.91         0.30
31  2026-01-23 13:02:31       0m 32s  ...               42.77         1.19
32  2026-01-23 13:03:03       0m 38s  ...               65.54         1.89
33  2026-01-23 13:03:42       0m 31s  ...               10.11         0.24
34  2026-01-23 13:04:13       0m 30s  ...                4.05         0.11
35  2026-01-23 13:04:44       0m 31s  ...                1.89         0.05
36  2026-01-23 13:05:15       0m 31s  ...                5.54         0.15
37  2026-01-23 13:05:47       0m 30s  ...                0.46         0.01
38  2026-01-23 13:06:17       0m 29s  ...                1.59         0.04
39  2026-01-23 13:06:47       0m 35s  ...               43.85         1.03
40  2026-01-23 13:07:23       0m 38s  ...               61.84         1.56
41  2026-01-23 13:08:02       0m 38s  ...               46.89         1.19
42  2026-01-23 13:08:40       0m 43s  ...               80.70         2.32
43  2026-01-23 13:09:24       0m 30s  ...                2.90         0.07
44  2026-01-23 13:09:54       0m 33s  ...               11.56         0.29
45  2026-01-23 13:10:27       0m 32s  ...                4.11         0.11

[46 rows x 24 columns]
              timestamp time_elapsed  ... severity_rate_patch Gradient_sr2
0   2026-01-23 12:45:21       0m 30s  ...                1.74         0.04
1   2026-01-23 12:45:51       0m 30s  ...                4.36         0.11
2   2026-01-23 12:46:22       0m 32s  ...                0.85         0.02
3   2026-01-23 12:46:54       0m 35s  ...               25.47         0.67
4   2026-01-23 12:47:30       0m 35s  ...               37.39         0.99
5   2026-01-23 12:48:05       0m 31s  ...                0.45         0.01
6   2026-01-23 12:48:36       0m 36s  ...               38.62         0.91
7   2026-01-23 12:49:12       0m 34s  ...               19.86         0.56
8   2026-01-23 12:49:47       0m 34s  ...               39.61         1.05
9   2026-01-23 12:50:21       0m 30s  ...                1.79         0.05
10  2026-01-23 12:50:51       0m 30s  ...                2.79         0.07
11  2026-01-23 12:51:22       0m 33s  ...               20.77         0.49
12  2026-01-23 12:51:56       0m 31s  ...               20.60         0.51
13  2026-01-23 12:52:28       0m 32s  ...               15.28         0.35
14  2026-01-23 12:53:00       0m 35s  ...               30.18         0.79
15  2026-01-23 12:53:36       0m 34s  ...               19.25         0.48
16  2026-01-23 12:54:11       0m 43s  ...               85.84         2.58
17  2026-01-23 12:54:55       0m 30s  ...                0.76         0.02
18  2026-01-23 12:55:25       0m 33s  ...               23.22         0.57
19  2026-01-23 12:55:58       0m 39s  ...               62.76         1.72
20  2026-01-23 12:56:38       0m 30s  ...                1.10         0.03
21  2026-01-23 12:57:08       0m 33s  ...               19.31         0.52
22  2026-01-23 12:57:42       0m 35s  ...               42.05         1.16
23  2026-01-23 12:58:18       0m 28s  ...                6.56         0.18
24  2026-01-23 12:58:47       0m 30s  ...                1.51         0.04
25  2026-01-23 12:59:17       0m 31s  ...                8.51         0.22
26  2026-01-23 12:59:48       0m 33s  ...               12.12         0.31
27  2026-01-23 13:00:21       0m 34s  ...               32.69         0.79
28  2026-01-23 13:00:56       0m 31s  ...                2.15         0.06
29  2026-01-23 13:01:27       0m 31s  ...                2.94         0.07
30  2026-01-23 13:01:59       0m 32s  ...               12.91         0.30
31  2026-01-23 13:02:31       0m 32s  ...               42.77         1.19
32  2026-01-23 13:03:03       0m 38s  ...               65.54         1.89
33  2026-01-23 13:03:42       0m 31s  ...               10.11         0.24
34  2026-01-23 13:04:13       0m 30s  ...                4.05         0.11
35  2026-01-23 13:04:44       0m 31s  ...                1.89         0.05
36  2026-01-23 13:05:15       0m 31s  ...                5.54         0.15
37  2026-01-23 13:05:47       0m 30s  ...                0.46         0.01
38  2026-01-23 13:06:17       0m 29s  ...                1.59         0.04
39  2026-01-23 13:06:47       0m 35s  ...               43.85         1.03
40  2026-01-23 13:07:23       0m 38s  ...               61.84         1.56
41  2026-01-23 13:08:02       0m 38s  ...               46.89         1.19
42  2026-01-23 13:08:40       0m 43s  ...               80.70         2.32
43  2026-01-23 13:09:24       0m 30s  ...                2.90         0.07
44  2026-01-23 13:09:54       0m 33s  ...               11.56         0.29
45  2026-01-23 13:10:27       0m 32s  ...                4.11         0.11
46  2026-01-23 13:10:59       0m 31s  ...               11.45         0.30

[47 rows x 24 columns]
[2026-01-23 13:13:05,928] - [root] - [INFO] - Analysis finished: 0m 30s
[2026-01-23 13:13:05,928] - [root] - [INFO] - -------------------------------------------
[2026-01-23 13:13:05,928] - [root] - [INFO] - -------------------------------------------
[2026-01-23 13:13:05,928] - [root] - [INFO] - Processing 1-22-2026 5dpi 127-W2021009-292_R2.png
[2026-01-23 13:13:26,220] - [root] - [INFO] - Finished loading mask: 0m 20s
[2026-01-23 13:13:47,594] - [root] - [INFO] - Finished crop and inference: 0m 41s
[2026-01-23 13:13:49,184] - [root] - [INFO] - Analysis finished: 0m 43s
[2026-01-23 13:13:49,184] - [root] - [INFO] - -------------------------------------------
[2026-01-23 13:13:49,184] - [root] - [INFO] - -------------------------------------------
[2026-01-23 13:13:49,184] - [root] - [INFO] - Processing 1-22-2026 5dpi 128-W2021006-013_R1.png
[2026-01-23 13:14:09,370] - [root] - [INFO] - Finished loading mask: 0m 20s
[2026-01-23 13:14:27,522] - [root] - [INFO] - Finished crop and inference: 0m 38s
              timestamp time_elapsed  ... severity_rate_patch Gradient_sr2
0   2026-01-23 12:45:21       0m 30s  ...                1.74         0.04
1   2026-01-23 12:45:51       0m 30s  ...                4.36         0.11
2   2026-01-23 12:46:22       0m 32s  ...                0.85         0.02
3   2026-01-23 12:46:54       0m 35s  ...               25.47         0.67
4   2026-01-23 12:47:30       0m 35s  ...               37.39         0.99
5   2026-01-23 12:48:05       0m 31s  ...                0.45         0.01
6   2026-01-23 12:48:36       0m 36s  ...               38.62         0.91
7   2026-01-23 12:49:12       0m 34s  ...               19.86         0.56
8   2026-01-23 12:49:47       0m 34s  ...               39.61         1.05
9   2026-01-23 12:50:21       0m 30s  ...                1.79         0.05
10  2026-01-23 12:50:51       0m 30s  ...                2.79         0.07
11  2026-01-23 12:51:22       0m 33s  ...               20.77         0.49
12  2026-01-23 12:51:56       0m 31s  ...               20.60         0.51
13  2026-01-23 12:52:28       0m 32s  ...               15.28         0.35
14  2026-01-23 12:53:00       0m 35s  ...               30.18         0.79
15  2026-01-23 12:53:36       0m 34s  ...               19.25         0.48
16  2026-01-23 12:54:11       0m 43s  ...               85.84         2.58
17  2026-01-23 12:54:55       0m 30s  ...                0.76         0.02
18  2026-01-23 12:55:25       0m 33s  ...               23.22         0.57
19  2026-01-23 12:55:58       0m 39s  ...               62.76         1.72
20  2026-01-23 12:56:38       0m 30s  ...                1.10         0.03
21  2026-01-23 12:57:08       0m 33s  ...               19.31         0.52
22  2026-01-23 12:57:42       0m 35s  ...               42.05         1.16
23  2026-01-23 12:58:18       0m 28s  ...                6.56         0.18
24  2026-01-23 12:58:47       0m 30s  ...                1.51         0.04
25  2026-01-23 12:59:17       0m 31s  ...                8.51         0.22
26  2026-01-23 12:59:48       0m 33s  ...               12.12         0.31
27  2026-01-23 13:00:21       0m 34s  ...               32.69         0.79
28  2026-01-23 13:00:56       0m 31s  ...                2.15         0.06
29  2026-01-23 13:01:27       0m 31s  ...                2.94         0.07
30  2026-01-23 13:01:59       0m 32s  ...               12.91         0.30
31  2026-01-23 13:02:31       0m 32s  ...               42.77         1.19
32  2026-01-23 13:03:03       0m 38s  ...               65.54         1.89
33  2026-01-23 13:03:42       0m 31s  ...               10.11         0.24
34  2026-01-23 13:04:13       0m 30s  ...                4.05         0.11
35  2026-01-23 13:04:44       0m 31s  ...                1.89         0.05
36  2026-01-23 13:05:15       0m 31s  ...                5.54         0.15
37  2026-01-23 13:05:47       0m 30s  ...                0.46         0.01
38  2026-01-23 13:06:17       0m 29s  ...                1.59         0.04
39  2026-01-23 13:06:47       0m 35s  ...               43.85         1.03
40  2026-01-23 13:07:23       0m 38s  ...               61.84         1.56
41  2026-01-23 13:08:02       0m 38s  ...               46.89         1.19
42  2026-01-23 13:08:40       0m 43s  ...               80.70         2.32
43  2026-01-23 13:09:24       0m 30s  ...                2.90         0.07
44  2026-01-23 13:09:54       0m 33s  ...               11.56         0.29
45  2026-01-23 13:10:27       0m 32s  ...                4.11         0.11
46  2026-01-23 13:10:59       0m 31s  ...               11.45         0.30
47  2026-01-23 13:11:31       0m 32s  ...               11.80         0.25

[48 rows x 24 columns]
              timestamp time_elapsed  ... severity_rate_patch Gradient_sr2
0   2026-01-23 12:45:21       0m 30s  ...                1.74         0.04
1   2026-01-23 12:45:51       0m 30s  ...                4.36         0.11
2   2026-01-23 12:46:22       0m 32s  ...                0.85         0.02
3   2026-01-23 12:46:54       0m 35s  ...               25.47         0.67
4   2026-01-23 12:47:30       0m 35s  ...               37.39         0.99
5   2026-01-23 12:48:05       0m 31s  ...                0.45         0.01
6   2026-01-23 12:48:36       0m 36s  ...               38.62         0.91
7   2026-01-23 12:49:12       0m 34s  ...               19.86         0.56
8   2026-01-23 12:49:47       0m 34s  ...               39.61         1.05
9   2026-01-23 12:50:21       0m 30s  ...                1.79         0.05
10  2026-01-23 12:50:51       0m 30s  ...                2.79         0.07
11  2026-01-23 12:51:22       0m 33s  ...               20.77         0.49
12  2026-01-23 12:51:56       0m 31s  ...               20.60         0.51
13  2026-01-23 12:52:28       0m 32s  ...               15.28         0.35
14  2026-01-23 12:53:00       0m 35s  ...               30.18         0.79
15  2026-01-23 12:53:36       0m 34s  ...               19.25         0.48
16  2026-01-23 12:54:11       0m 43s  ...               85.84         2.58
17  2026-01-23 12:54:55       0m 30s  ...                0.76         0.02
18  2026-01-23 12:55:25       0m 33s  ...               23.22         0.57
19  2026-01-23 12:55:58       0m 39s  ...               62.76         1.72
20  2026-01-23 12:56:38       0m 30s  ...                1.10         0.03
21  2026-01-23 12:57:08       0m 33s  ...               19.31         0.52
22  2026-01-23 12:57:42       0m 35s  ...               42.05         1.16
23  2026-01-23 12:58:18       0m 28s  ...                6.56         0.18
24  2026-01-23 12:58:47       0m 30s  ...                1.51         0.04
25  2026-01-23 12:59:17       0m 31s  ...                8.51         0.22
26  2026-01-23 12:59:48       0m 33s  ...               12.12         0.31
27  2026-01-23 13:00:21       0m 34s  ...               32.69         0.79
28  2026-01-23 13:00:56       0m 31s  ...                2.15         0.06
29  2026-01-23 13:01:27       0m 31s  ...                2.94         0.07
30  2026-01-23 13:01:59       0m 32s  ...               12.91         0.30
31  2026-01-23 13:02:31       0m 32s  ...               42.77         1.19
32  2026-01-23 13:03:03       0m 38s  ...               65.54         1.89
33  2026-01-23 13:03:42       0m 31s  ...               10.11         0.24
34  2026-01-23 13:04:13       0m 30s  ...                4.05         0.11
35  2026-01-23 13:04:44       0m 31s  ...                1.89         0.05
36  2026-01-23 13:05:15       0m 31s  ...                5.54         0.15
37  2026-01-23 13:05:47       0m 30s  ...                0.46         0.01
38  2026-01-23 13:06:17       0m 29s  ...                1.59         0.04
39  2026-01-23 13:06:47       0m 35s  ...               43.85         1.03
40  2026-01-23 13:07:23       0m 38s  ...               61.84         1.56
41  2026-01-23 13:08:02       0m 38s  ...               46.89         1.19
42  2026-01-23 13:08:40       0m 43s  ...               80.70         2.32
43  2026-01-23 13:09:24       0m 30s  ...                2.90         0.07
44  2026-01-23 13:09:54       0m 33s  ...               11.56         0.29
45  2026-01-23 13:10:27       0m 32s  ...                4.11         0.11
46  2026-01-23 13:10:59       0m 31s  ...               11.45         0.30
47  2026-01-23 13:11:31       0m 32s  ...               11.80         0.25
48  2026-01-23 13:12:03       0m 31s  ...                6.42         0.18

[49 rows x 24 columns]
[2026-01-23 13:14:29,118] - [root] - [INFO] - Analysis finished: 0m 39s
[2026-01-23 13:14:29,118] - [root] - [INFO] - -------------------------------------------
[2026-01-23 13:14:29,118] - [root] - [INFO] - -------------------------------------------
[2026-01-23 13:14:29,118] - [root] - [INFO] - Processing 1-22-2026 5dpi 129-W2021006-119_R2.png
[2026-01-23 13:14:48,888] - [root] - [INFO] - Finished loading mask: 0m 19s
[2026-01-23 13:14:59,394] - [root] - [INFO] - Finished crop and inference: 0m 30s
[2026-01-23 13:15:01,085] - [root] - [INFO] - Analysis finished: 0m 31s
[2026-01-23 13:15:01,085] - [root] - [INFO] - -------------------------------------------
[2026-01-23 13:15:01,085] - [root] - [INFO] - -------------------------------------------
[2026-01-23 13:15:01,085] - [root] - [INFO] - Processing 1-22-2026 5dpi 132-W2021010-399_R1.png
[2026-01-23 13:15:20,834] - [root] - [INFO] - Finished loading mask: 0m 19s
[2026-01-23 13:15:29,928] - [root] - [INFO] - Finished crop and inference: 0m 28s
              timestamp time_elapsed  ... severity_rate_patch Gradient_sr2
0   2026-01-23 12:45:21       0m 30s  ...                1.74         0.04
1   2026-01-23 12:45:51       0m 30s  ...                4.36         0.11
2   2026-01-23 12:46:22       0m 32s  ...                0.85         0.02
3   2026-01-23 12:46:54       0m 35s  ...               25.47         0.67
4   2026-01-23 12:47:30       0m 35s  ...               37.39         0.99
5   2026-01-23 12:48:05       0m 31s  ...                0.45         0.01
6   2026-01-23 12:48:36       0m 36s  ...               38.62         0.91
7   2026-01-23 12:49:12       0m 34s  ...               19.86         0.56
8   2026-01-23 12:49:47       0m 34s  ...               39.61         1.05
9   2026-01-23 12:50:21       0m 30s  ...                1.79         0.05
10  2026-01-23 12:50:51       0m 30s  ...                2.79         0.07
11  2026-01-23 12:51:22       0m 33s  ...               20.77         0.49
12  2026-01-23 12:51:56       0m 31s  ...               20.60         0.51
13  2026-01-23 12:52:28       0m 32s  ...               15.28         0.35
14  2026-01-23 12:53:00       0m 35s  ...               30.18         0.79
15  2026-01-23 12:53:36       0m 34s  ...               19.25         0.48
16  2026-01-23 12:54:11       0m 43s  ...               85.84         2.58
17  2026-01-23 12:54:55       0m 30s  ...                0.76         0.02
18  2026-01-23 12:55:25       0m 33s  ...               23.22         0.57
19  2026-01-23 12:55:58       0m 39s  ...               62.76         1.72
20  2026-01-23 12:56:38       0m 30s  ...                1.10         0.03
21  2026-01-23 12:57:08       0m 33s  ...               19.31         0.52
22  2026-01-23 12:57:42       0m 35s  ...               42.05         1.16
23  2026-01-23 12:58:18       0m 28s  ...                6.56         0.18
24  2026-01-23 12:58:47       0m 30s  ...                1.51         0.04
25  2026-01-23 12:59:17       0m 31s  ...                8.51         0.22
26  2026-01-23 12:59:48       0m 33s  ...               12.12         0.31
27  2026-01-23 13:00:21       0m 34s  ...               32.69         0.79
28  2026-01-23 13:00:56       0m 31s  ...                2.15         0.06
29  2026-01-23 13:01:27       0m 31s  ...                2.94         0.07
30  2026-01-23 13:01:59       0m 32s  ...               12.91         0.30
31  2026-01-23 13:02:31       0m 32s  ...               42.77         1.19
32  2026-01-23 13:03:03       0m 38s  ...               65.54         1.89
33  2026-01-23 13:03:42       0m 31s  ...               10.11         0.24
34  2026-01-23 13:04:13       0m 30s  ...                4.05         0.11
35  2026-01-23 13:04:44       0m 31s  ...                1.89         0.05
36  2026-01-23 13:05:15       0m 31s  ...                5.54         0.15
37  2026-01-23 13:05:47       0m 30s  ...                0.46         0.01
38  2026-01-23 13:06:17       0m 29s  ...                1.59         0.04
39  2026-01-23 13:06:47       0m 35s  ...               43.85         1.03
40  2026-01-23 13:07:23       0m 38s  ...               61.84         1.56
41  2026-01-23 13:08:02       0m 38s  ...               46.89         1.19
42  2026-01-23 13:08:40       0m 43s  ...               80.70         2.32
43  2026-01-23 13:09:24       0m 30s  ...                2.90         0.07
44  2026-01-23 13:09:54       0m 33s  ...               11.56         0.29
45  2026-01-23 13:10:27       0m 32s  ...                4.11         0.11
46  2026-01-23 13:10:59       0m 31s  ...               11.45         0.30
47  2026-01-23 13:11:31       0m 32s  ...               11.80         0.25
48  2026-01-23 13:12:03       0m 31s  ...                6.42         0.18
49  2026-01-23 13:12:35       0m 30s  ...                0.93         0.03

[50 rows x 24 columns]
              timestamp time_elapsed  ... severity_rate_patch Gradient_sr2
0   2026-01-23 12:45:21       0m 30s  ...                1.74         0.04
1   2026-01-23 12:45:51       0m 30s  ...                4.36         0.11
2   2026-01-23 12:46:22       0m 32s  ...                0.85         0.02
3   2026-01-23 12:46:54       0m 35s  ...               25.47         0.67
4   2026-01-23 12:47:30       0m 35s  ...               37.39         0.99
5   2026-01-23 12:48:05       0m 31s  ...                0.45         0.01
6   2026-01-23 12:48:36       0m 36s  ...               38.62         0.91
7   2026-01-23 12:49:12       0m 34s  ...               19.86         0.56
8   2026-01-23 12:49:47       0m 34s  ...               39.61         1.05
9   2026-01-23 12:50:21       0m 30s  ...                1.79         0.05
10  2026-01-23 12:50:51       0m 30s  ...                2.79         0.07
11  2026-01-23 12:51:22       0m 33s  ...               20.77         0.49
12  2026-01-23 12:51:56       0m 31s  ...               20.60         0.51
13  2026-01-23 12:52:28       0m 32s  ...               15.28         0.35
14  2026-01-23 12:53:00       0m 35s  ...               30.18         0.79
15  2026-01-23 12:53:36       0m 34s  ...               19.25         0.48
16  2026-01-23 12:54:11       0m 43s  ...               85.84         2.58
17  2026-01-23 12:54:55       0m 30s  ...                0.76         0.02
18  2026-01-23 12:55:25       0m 33s  ...               23.22         0.57
19  2026-01-23 12:55:58       0m 39s  ...               62.76         1.72
20  2026-01-23 12:56:38       0m 30s  ...                1.10         0.03
21  2026-01-23 12:57:08       0m 33s  ...               19.31         0.52
22  2026-01-23 12:57:42       0m 35s  ...               42.05         1.16
23  2026-01-23 12:58:18       0m 28s  ...                6.56         0.18
24  2026-01-23 12:58:47       0m 30s  ...                1.51         0.04
25  2026-01-23 12:59:17       0m 31s  ...                8.51         0.22
26  2026-01-23 12:59:48       0m 33s  ...               12.12         0.31
27  2026-01-23 13:00:21       0m 34s  ...               32.69         0.79
28  2026-01-23 13:00:56       0m 31s  ...                2.15         0.06
29  2026-01-23 13:01:27       0m 31s  ...                2.94         0.07
30  2026-01-23 13:01:59       0m 32s  ...               12.91         0.30
31  2026-01-23 13:02:31       0m 32s  ...               42.77         1.19
32  2026-01-23 13:03:03       0m 38s  ...               65.54         1.89
33  2026-01-23 13:03:42       0m 31s  ...               10.11         0.24
34  2026-01-23 13:04:13       0m 30s  ...                4.05         0.11
35  2026-01-23 13:04:44       0m 31s  ...                1.89         0.05
36  2026-01-23 13:05:15       0m 31s  ...                5.54         0.15
37  2026-01-23 13:05:47       0m 30s  ...                0.46         0.01
38  2026-01-23 13:06:17       0m 29s  ...                1.59         0.04
39  2026-01-23 13:06:47       0m 35s  ...               43.85         1.03
40  2026-01-23 13:07:23       0m 38s  ...               61.84         1.56
41  2026-01-23 13:08:02       0m 38s  ...               46.89         1.19
42  2026-01-23 13:08:40       0m 43s  ...               80.70         2.32
43  2026-01-23 13:09:24       0m 30s  ...                2.90         0.07
44  2026-01-23 13:09:54       0m 33s  ...               11.56         0.29
45  2026-01-23 13:10:27       0m 32s  ...                4.11         0.11
46  2026-01-23 13:10:59       0m 31s  ...               11.45         0.30
47  2026-01-23 13:11:31       0m 32s  ...               11.80         0.25
48  2026-01-23 13:12:03       0m 31s  ...                6.42         0.18
49  2026-01-23 13:12:35       0m 30s  ...                0.93         0.03
50  2026-01-23 13:13:05       0m 43s  ...               83.75         2.58

[51 rows x 24 columns]
[2026-01-23 13:15:31,614] - [root] - [INFO] - Analysis finished: 0m 30s
[2026-01-23 13:15:31,614] - [root] - [INFO] - -------------------------------------------
[2026-01-23 13:15:31,614] - [root] - [INFO] - -------------------------------------------
[2026-01-23 13:15:31,614] - [root] - [INFO] - Processing 1-22-2026 5dpi 132-W2021011-644_R2.png
[2026-01-23 13:15:52,278] - [root] - [INFO] - Finished loading mask: 0m 20s
[2026-01-23 13:16:03,494] - [root] - [INFO] - Finished crop and inference: 0m 31s
              timestamp time_elapsed  ... severity_rate_patch Gradient_sr2
0   2026-01-23 12:45:21       0m 30s  ...                1.74         0.04
1   2026-01-23 12:45:51       0m 30s  ...                4.36         0.11
2   2026-01-23 12:46:22       0m 32s  ...                0.85         0.02
3   2026-01-23 12:46:54       0m 35s  ...               25.47         0.67
4   2026-01-23 12:47:30       0m 35s  ...               37.39         0.99
5   2026-01-23 12:48:05       0m 31s  ...                0.45         0.01
6   2026-01-23 12:48:36       0m 36s  ...               38.62         0.91
7   2026-01-23 12:49:12       0m 34s  ...               19.86         0.56
8   2026-01-23 12:49:47       0m 34s  ...               39.61         1.05
9   2026-01-23 12:50:21       0m 30s  ...                1.79         0.05
10  2026-01-23 12:50:51       0m 30s  ...                2.79         0.07
11  2026-01-23 12:51:22       0m 33s  ...               20.77         0.49
12  2026-01-23 12:51:56       0m 31s  ...               20.60         0.51
13  2026-01-23 12:52:28       0m 32s  ...               15.28         0.35
14  2026-01-23 12:53:00       0m 35s  ...               30.18         0.79
15  2026-01-23 12:53:36       0m 34s  ...               19.25         0.48
16  2026-01-23 12:54:11       0m 43s  ...               85.84         2.58
17  2026-01-23 12:54:55       0m 30s  ...                0.76         0.02
18  2026-01-23 12:55:25       0m 33s  ...               23.22         0.57
19  2026-01-23 12:55:58       0m 39s  ...               62.76         1.72
20  2026-01-23 12:56:38       0m 30s  ...                1.10         0.03
21  2026-01-23 12:57:08       0m 33s  ...               19.31         0.52
22  2026-01-23 12:57:42       0m 35s  ...               42.05         1.16
23  2026-01-23 12:58:18       0m 28s  ...                6.56         0.18
24  2026-01-23 12:58:47       0m 30s  ...                1.51         0.04
25  2026-01-23 12:59:17       0m 31s  ...                8.51         0.22
26  2026-01-23 12:59:48       0m 33s  ...               12.12         0.31
27  2026-01-23 13:00:21       0m 34s  ...               32.69         0.79
28  2026-01-23 13:00:56       0m 31s  ...                2.15         0.06
29  2026-01-23 13:01:27       0m 31s  ...                2.94         0.07
30  2026-01-23 13:01:59       0m 32s  ...               12.91         0.30
31  2026-01-23 13:02:31       0m 32s  ...               42.77         1.19
32  2026-01-23 13:03:03       0m 38s  ...               65.54         1.89
33  2026-01-23 13:03:42       0m 31s  ...               10.11         0.24
34  2026-01-23 13:04:13       0m 30s  ...                4.05         0.11
35  2026-01-23 13:04:44       0m 31s  ...                1.89         0.05
36  2026-01-23 13:05:15       0m 31s  ...                5.54         0.15
37  2026-01-23 13:05:47       0m 30s  ...                0.46         0.01
38  2026-01-23 13:06:17       0m 29s  ...                1.59         0.04
39  2026-01-23 13:06:47       0m 35s  ...               43.85         1.03
40  2026-01-23 13:07:23       0m 38s  ...               61.84         1.56
41  2026-01-23 13:08:02       0m 38s  ...               46.89         1.19
42  2026-01-23 13:08:40       0m 43s  ...               80.70         2.32
43  2026-01-23 13:09:24       0m 30s  ...                2.90         0.07
44  2026-01-23 13:09:54       0m 33s  ...               11.56         0.29
45  2026-01-23 13:10:27       0m 32s  ...                4.11         0.11
46  2026-01-23 13:10:59       0m 31s  ...               11.45         0.30
47  2026-01-23 13:11:31       0m 32s  ...               11.80         0.25
48  2026-01-23 13:12:03       0m 31s  ...                6.42         0.18
49  2026-01-23 13:12:35       0m 30s  ...                0.93         0.03
50  2026-01-23 13:13:05       0m 43s  ...               83.75         2.58
51  2026-01-23 13:13:49       0m 39s  ...               77.72         2.05

[52 rows x 24 columns]
              timestamp time_elapsed  ... severity_rate_patch Gradient_sr2
0   2026-01-23 12:45:21       0m 30s  ...                1.74         0.04
1   2026-01-23 12:45:51       0m 30s  ...                4.36         0.11
2   2026-01-23 12:46:22       0m 32s  ...                0.85         0.02
3   2026-01-23 12:46:54       0m 35s  ...               25.47         0.67
4   2026-01-23 12:47:30       0m 35s  ...               37.39         0.99
5   2026-01-23 12:48:05       0m 31s  ...                0.45         0.01
6   2026-01-23 12:48:36       0m 36s  ...               38.62         0.91
7   2026-01-23 12:49:12       0m 34s  ...               19.86         0.56
8   2026-01-23 12:49:47       0m 34s  ...               39.61         1.05
9   2026-01-23 12:50:21       0m 30s  ...                1.79         0.05
10  2026-01-23 12:50:51       0m 30s  ...                2.79         0.07
11  2026-01-23 12:51:22       0m 33s  ...               20.77         0.49
12  2026-01-23 12:51:56       0m 31s  ...               20.60         0.51
13  2026-01-23 12:52:28       0m 32s  ...               15.28         0.35
14  2026-01-23 12:53:00       0m 35s  ...               30.18         0.79
15  2026-01-23 12:53:36       0m 34s  ...               19.25         0.48
16  2026-01-23 12:54:11       0m 43s  ...               85.84         2.58
17  2026-01-23 12:54:55       0m 30s  ...                0.76         0.02
18  2026-01-23 12:55:25       0m 33s  ...               23.22         0.57
19  2026-01-23 12:55:58       0m 39s  ...               62.76         1.72
20  2026-01-23 12:56:38       0m 30s  ...                1.10         0.03
21  2026-01-23 12:57:08       0m 33s  ...               19.31         0.52
22  2026-01-23 12:57:42       0m 35s  ...               42.05         1.16
23  2026-01-23 12:58:18       0m 28s  ...                6.56         0.18
24  2026-01-23 12:58:47       0m 30s  ...                1.51         0.04
25  2026-01-23 12:59:17       0m 31s  ...                8.51         0.22
26  2026-01-23 12:59:48       0m 33s  ...               12.12         0.31
27  2026-01-23 13:00:21       0m 34s  ...               32.69         0.79
28  2026-01-23 13:00:56       0m 31s  ...                2.15         0.06
29  2026-01-23 13:01:27       0m 31s  ...                2.94         0.07
30  2026-01-23 13:01:59       0m 32s  ...               12.91         0.30
31  2026-01-23 13:02:31       0m 32s  ...               42.77         1.19
32  2026-01-23 13:03:03       0m 38s  ...               65.54         1.89
33  2026-01-23 13:03:42       0m 31s  ...               10.11         0.24
34  2026-01-23 13:04:13       0m 30s  ...                4.05         0.11
35  2026-01-23 13:04:44       0m 31s  ...                1.89         0.05
36  2026-01-23 13:05:15       0m 31s  ...                5.54         0.15
37  2026-01-23 13:05:47       0m 30s  ...                0.46         0.01
38  2026-01-23 13:06:17       0m 29s  ...                1.59         0.04
39  2026-01-23 13:06:47       0m 35s  ...               43.85         1.03
40  2026-01-23 13:07:23       0m 38s  ...               61.84         1.56
41  2026-01-23 13:08:02       0m 38s  ...               46.89         1.19
42  2026-01-23 13:08:40       0m 43s  ...               80.70         2.32
43  2026-01-23 13:09:24       0m 30s  ...                2.90         0.07
44  2026-01-23 13:09:54       0m 33s  ...               11.56         0.29
45  2026-01-23 13:10:27       0m 32s  ...                4.11         0.11
46  2026-01-23 13:10:59       0m 31s  ...               11.45         0.30
47  2026-01-23 13:11:31       0m 32s  ...               11.80         0.25
48  2026-01-23 13:12:03       0m 31s  ...                6.42         0.18
49  2026-01-23 13:12:35       0m 30s  ...                0.93         0.03
50  2026-01-23 13:13:05       0m 43s  ...               83.75         2.58
51  2026-01-23 13:13:49       0m 39s  ...               77.72         2.05
52  2026-01-23 13:14:29       0m 31s  ...                8.96         0.25

[53 rows x 24 columns]
[2026-01-23 13:16:05,185] - [root] - [INFO] - Analysis finished: 0m 33s
[2026-01-23 13:16:05,185] - [root] - [INFO] - -------------------------------------------
[2026-01-23 13:16:05,185] - [root] - [INFO] - -------------------------------------------
[2026-01-23 13:16:05,185] - [root] - [INFO] - Processing 1-22-2026 5dpi 134-W2021006-001_R1.png
[2026-01-23 13:16:25,725] - [root] - [INFO] - Finished loading mask: 0m 20s
[2026-01-23 13:16:41,648] - [root] - [INFO] - Finished crop and inference: 0m 36s
              timestamp time_elapsed  ... severity_rate_patch Gradient_sr2
0   2026-01-23 12:45:21       0m 30s  ...                1.74         0.04
1   2026-01-23 12:45:51       0m 30s  ...                4.36         0.11
2   2026-01-23 12:46:22       0m 32s  ...                0.85         0.02
3   2026-01-23 12:46:54       0m 35s  ...               25.47         0.67
4   2026-01-23 12:47:30       0m 35s  ...               37.39         0.99
5   2026-01-23 12:48:05       0m 31s  ...                0.45         0.01
6   2026-01-23 12:48:36       0m 36s  ...               38.62         0.91
7   2026-01-23 12:49:12       0m 34s  ...               19.86         0.56
8   2026-01-23 12:49:47       0m 34s  ...               39.61         1.05
9   2026-01-23 12:50:21       0m 30s  ...                1.79         0.05
10  2026-01-23 12:50:51       0m 30s  ...                2.79         0.07
11  2026-01-23 12:51:22       0m 33s  ...               20.77         0.49
12  2026-01-23 12:51:56       0m 31s  ...               20.60         0.51
13  2026-01-23 12:52:28       0m 32s  ...               15.28         0.35
14  2026-01-23 12:53:00       0m 35s  ...               30.18         0.79
15  2026-01-23 12:53:36       0m 34s  ...               19.25         0.48
16  2026-01-23 12:54:11       0m 43s  ...               85.84         2.58
17  2026-01-23 12:54:55       0m 30s  ...                0.76         0.02
18  2026-01-23 12:55:25       0m 33s  ...               23.22         0.57
19  2026-01-23 12:55:58       0m 39s  ...               62.76         1.72
20  2026-01-23 12:56:38       0m 30s  ...                1.10         0.03
21  2026-01-23 12:57:08       0m 33s  ...               19.31         0.52
22  2026-01-23 12:57:42       0m 35s  ...               42.05         1.16
23  2026-01-23 12:58:18       0m 28s  ...                6.56         0.18
24  2026-01-23 12:58:47       0m 30s  ...                1.51         0.04
25  2026-01-23 12:59:17       0m 31s  ...                8.51         0.22
26  2026-01-23 12:59:48       0m 33s  ...               12.12         0.31
27  2026-01-23 13:00:21       0m 34s  ...               32.69         0.79
28  2026-01-23 13:00:56       0m 31s  ...                2.15         0.06
29  2026-01-23 13:01:27       0m 31s  ...                2.94         0.07
30  2026-01-23 13:01:59       0m 32s  ...               12.91         0.30
31  2026-01-23 13:02:31       0m 32s  ...               42.77         1.19
32  2026-01-23 13:03:03       0m 38s  ...               65.54         1.89
33  2026-01-23 13:03:42       0m 31s  ...               10.11         0.24
34  2026-01-23 13:04:13       0m 30s  ...                4.05         0.11
35  2026-01-23 13:04:44       0m 31s  ...                1.89         0.05
36  2026-01-23 13:05:15       0m 31s  ...                5.54         0.15
37  2026-01-23 13:05:47       0m 30s  ...                0.46         0.01
38  2026-01-23 13:06:17       0m 29s  ...                1.59         0.04
39  2026-01-23 13:06:47       0m 35s  ...               43.85         1.03
40  2026-01-23 13:07:23       0m 38s  ...               61.84         1.56
41  2026-01-23 13:08:02       0m 38s  ...               46.89         1.19
42  2026-01-23 13:08:40       0m 43s  ...               80.70         2.32
43  2026-01-23 13:09:24       0m 30s  ...                2.90         0.07
44  2026-01-23 13:09:54       0m 33s  ...               11.56         0.29
45  2026-01-23 13:10:27       0m 32s  ...                4.11         0.11
46  2026-01-23 13:10:59       0m 31s  ...               11.45         0.30
47  2026-01-23 13:11:31       0m 32s  ...               11.80         0.25
48  2026-01-23 13:12:03       0m 31s  ...                6.42         0.18
49  2026-01-23 13:12:35       0m 30s  ...                0.93         0.03
50  2026-01-23 13:13:05       0m 43s  ...               83.75         2.58
51  2026-01-23 13:13:49       0m 39s  ...               77.72         2.05
52  2026-01-23 13:14:29       0m 31s  ...                8.96         0.25
53  2026-01-23 13:15:01       0m 30s  ...                1.10         0.03

[54 rows x 24 columns]
[2026-01-23 13:16:43,273] - [root] - [INFO] - Analysis finished: 0m 38s
[2026-01-23 13:16:43,273] - [root] - [INFO] - -------------------------------------------
[2026-01-23 13:16:43,273] - [root] - [INFO] - -------------------------------------------
[2026-01-23 13:16:43,273] - [root] - [INFO] - Processing 1-22-2026 5dpi 134-W2021009-275_R1.png
[2026-01-23 13:17:04,224] - [root] - [INFO] - Finished loading mask: 0m 20s
[2026-01-23 13:17:17,832] - [root] - [INFO] - Finished crop and inference: 0m 34s
              timestamp time_elapsed  ... severity_rate_patch Gradient_sr2
0   2026-01-23 12:45:21       0m 30s  ...                1.74         0.04
1   2026-01-23 12:45:51       0m 30s  ...                4.36         0.11
2   2026-01-23 12:46:22       0m 32s  ...                0.85         0.02
3   2026-01-23 12:46:54       0m 35s  ...               25.47         0.67
4   2026-01-23 12:47:30       0m 35s  ...               37.39         0.99
5   2026-01-23 12:48:05       0m 31s  ...                0.45         0.01
6   2026-01-23 12:48:36       0m 36s  ...               38.62         0.91
7   2026-01-23 12:49:12       0m 34s  ...               19.86         0.56
8   2026-01-23 12:49:47       0m 34s  ...               39.61         1.05
9   2026-01-23 12:50:21       0m 30s  ...                1.79         0.05
10  2026-01-23 12:50:51       0m 30s  ...                2.79         0.07
11  2026-01-23 12:51:22       0m 33s  ...               20.77         0.49
12  2026-01-23 12:51:56       0m 31s  ...               20.60         0.51
13  2026-01-23 12:52:28       0m 32s  ...               15.28         0.35
14  2026-01-23 12:53:00       0m 35s  ...               30.18         0.79
15  2026-01-23 12:53:36       0m 34s  ...               19.25         0.48
16  2026-01-23 12:54:11       0m 43s  ...               85.84         2.58
17  2026-01-23 12:54:55       0m 30s  ...                0.76         0.02
18  2026-01-23 12:55:25       0m 33s  ...               23.22         0.57
19  2026-01-23 12:55:58       0m 39s  ...               62.76         1.72
20  2026-01-23 12:56:38       0m 30s  ...                1.10         0.03
21  2026-01-23 12:57:08       0m 33s  ...               19.31         0.52
22  2026-01-23 12:57:42       0m 35s  ...               42.05         1.16
23  2026-01-23 12:58:18       0m 28s  ...                6.56         0.18
24  2026-01-23 12:58:47       0m 30s  ...                1.51         0.04
25  2026-01-23 12:59:17       0m 31s  ...                8.51         0.22
26  2026-01-23 12:59:48       0m 33s  ...               12.12         0.31
27  2026-01-23 13:00:21       0m 34s  ...               32.69         0.79
28  2026-01-23 13:00:56       0m 31s  ...                2.15         0.06
29  2026-01-23 13:01:27       0m 31s  ...                2.94         0.07
30  2026-01-23 13:01:59       0m 32s  ...               12.91         0.30
31  2026-01-23 13:02:31       0m 32s  ...               42.77         1.19
32  2026-01-23 13:03:03       0m 38s  ...               65.54         1.89
33  2026-01-23 13:03:42       0m 31s  ...               10.11         0.24
34  2026-01-23 13:04:13       0m 30s  ...                4.05         0.11
35  2026-01-23 13:04:44       0m 31s  ...                1.89         0.05
36  2026-01-23 13:05:15       0m 31s  ...                5.54         0.15
37  2026-01-23 13:05:47       0m 30s  ...                0.46         0.01
38  2026-01-23 13:06:17       0m 29s  ...                1.59         0.04
39  2026-01-23 13:06:47       0m 35s  ...               43.85         1.03
40  2026-01-23 13:07:23       0m 38s  ...               61.84         1.56
41  2026-01-23 13:08:02       0m 38s  ...               46.89         1.19
42  2026-01-23 13:08:40       0m 43s  ...               80.70         2.32
43  2026-01-23 13:09:24       0m 30s  ...                2.90         0.07
44  2026-01-23 13:09:54       0m 33s  ...               11.56         0.29
45  2026-01-23 13:10:27       0m 32s  ...                4.11         0.11
46  2026-01-23 13:10:59       0m 31s  ...               11.45         0.30
47  2026-01-23 13:11:31       0m 32s  ...               11.80         0.25
48  2026-01-23 13:12:03       0m 31s  ...                6.42         0.18
49  2026-01-23 13:12:35       0m 30s  ...                0.93         0.03
50  2026-01-23 13:13:05       0m 43s  ...               83.75         2.58
51  2026-01-23 13:13:49       0m 39s  ...               77.72         2.05
52  2026-01-23 13:14:29       0m 31s  ...                8.96         0.25
53  2026-01-23 13:15:01       0m 30s  ...                1.10         0.03
54  2026-01-23 13:15:31       0m 33s  ...               11.88         0.29

[55 rows x 24 columns]
[2026-01-23 13:17:19,599] - [root] - [INFO] - Analysis finished: 0m 36s
[2026-01-23 13:17:19,599] - [root] - [INFO] - -------------------------------------------
[2026-01-23 13:17:19,599] - [root] - [INFO] - -------------------------------------------
[2026-01-23 13:17:19,599] - [root] - [INFO] - Processing 1-22-2026 5dpi 137-W2021010-342_R2.png
[2026-01-23 13:17:40,313] - [root] - [INFO] - Finished loading mask: 0m 20s
[2026-01-23 13:17:50,576] - [root] - [INFO] - Finished crop and inference: 0m 30s
              timestamp time_elapsed  ... severity_rate_patch Gradient_sr2
0   2026-01-23 12:45:21       0m 30s  ...                1.74         0.04
1   2026-01-23 12:45:51       0m 30s  ...                4.36         0.11
2   2026-01-23 12:46:22       0m 32s  ...                0.85         0.02
3   2026-01-23 12:46:54       0m 35s  ...               25.47         0.67
4   2026-01-23 12:47:30       0m 35s  ...               37.39         0.99
5   2026-01-23 12:48:05       0m 31s  ...                0.45         0.01
6   2026-01-23 12:48:36       0m 36s  ...               38.62         0.91
7   2026-01-23 12:49:12       0m 34s  ...               19.86         0.56
8   2026-01-23 12:49:47       0m 34s  ...               39.61         1.05
9   2026-01-23 12:50:21       0m 30s  ...                1.79         0.05
10  2026-01-23 12:50:51       0m 30s  ...                2.79         0.07
11  2026-01-23 12:51:22       0m 33s  ...               20.77         0.49
12  2026-01-23 12:51:56       0m 31s  ...               20.60         0.51
13  2026-01-23 12:52:28       0m 32s  ...               15.28         0.35
14  2026-01-23 12:53:00       0m 35s  ...               30.18         0.79
15  2026-01-23 12:53:36       0m 34s  ...               19.25         0.48
16  2026-01-23 12:54:11       0m 43s  ...               85.84         2.58
17  2026-01-23 12:54:55       0m 30s  ...                0.76         0.02
18  2026-01-23 12:55:25       0m 33s  ...               23.22         0.57
19  2026-01-23 12:55:58       0m 39s  ...               62.76         1.72
20  2026-01-23 12:56:38       0m 30s  ...                1.10         0.03
21  2026-01-23 12:57:08       0m 33s  ...               19.31         0.52
22  2026-01-23 12:57:42       0m 35s  ...               42.05         1.16
23  2026-01-23 12:58:18       0m 28s  ...                6.56         0.18
24  2026-01-23 12:58:47       0m 30s  ...                1.51         0.04
25  2026-01-23 12:59:17       0m 31s  ...                8.51         0.22
26  2026-01-23 12:59:48       0m 33s  ...               12.12         0.31
27  2026-01-23 13:00:21       0m 34s  ...               32.69         0.79
28  2026-01-23 13:00:56       0m 31s  ...                2.15         0.06
29  2026-01-23 13:01:27       0m 31s  ...                2.94         0.07
30  2026-01-23 13:01:59       0m 32s  ...               12.91         0.30
31  2026-01-23 13:02:31       0m 32s  ...               42.77         1.19
32  2026-01-23 13:03:03       0m 38s  ...               65.54         1.89
33  2026-01-23 13:03:42       0m 31s  ...               10.11         0.24
34  2026-01-23 13:04:13       0m 30s  ...                4.05         0.11
35  2026-01-23 13:04:44       0m 31s  ...                1.89         0.05
36  2026-01-23 13:05:15       0m 31s  ...                5.54         0.15
37  2026-01-23 13:05:47       0m 30s  ...                0.46         0.01
38  2026-01-23 13:06:17       0m 29s  ...                1.59         0.04
39  2026-01-23 13:06:47       0m 35s  ...               43.85         1.03
40  2026-01-23 13:07:23       0m 38s  ...               61.84         1.56
41  2026-01-23 13:08:02       0m 38s  ...               46.89         1.19
42  2026-01-23 13:08:40       0m 43s  ...               80.70         2.32
43  2026-01-23 13:09:24       0m 30s  ...                2.90         0.07
44  2026-01-23 13:09:54       0m 33s  ...               11.56         0.29
45  2026-01-23 13:10:27       0m 32s  ...                4.11         0.11
46  2026-01-23 13:10:59       0m 31s  ...               11.45         0.30
47  2026-01-23 13:11:31       0m 32s  ...               11.80         0.25
48  2026-01-23 13:12:03       0m 31s  ...                6.42         0.18
49  2026-01-23 13:12:35       0m 30s  ...                0.93         0.03
50  2026-01-23 13:13:05       0m 43s  ...               83.75         2.58
51  2026-01-23 13:13:49       0m 39s  ...               77.72         2.05
52  2026-01-23 13:14:29       0m 31s  ...                8.96         0.25
53  2026-01-23 13:15:01       0m 30s  ...                1.10         0.03
54  2026-01-23 13:15:31       0m 33s  ...               11.88         0.29
55  2026-01-23 13:16:05       0m 38s  ...               55.20         1.46

[56 rows x 24 columns]
[2026-01-23 13:17:52,429] - [root] - [INFO] - Analysis finished: 0m 32s
[2026-01-23 13:17:52,429] - [root] - [INFO] - -------------------------------------------
[2026-01-23 13:17:52,429] - [root] - [INFO] - -------------------------------------------
[2026-01-23 13:17:52,429] - [root] - [INFO] - Processing 1-22-2026 5dpi 138-W2021010-446_R1.png
[2026-01-23 13:18:13,558] - [root] - [INFO] - Finished loading mask: 0m 21s
[2026-01-23 13:18:24,389] - [root] - [INFO] - Finished crop and inference: 0m 31s
              timestamp time_elapsed  ... severity_rate_patch Gradient_sr2
0   2026-01-23 12:45:21       0m 30s  ...                1.74         0.04
1   2026-01-23 12:45:51       0m 30s  ...                4.36         0.11
2   2026-01-23 12:46:22       0m 32s  ...                0.85         0.02
3   2026-01-23 12:46:54       0m 35s  ...               25.47         0.67
4   2026-01-23 12:47:30       0m 35s  ...               37.39         0.99
5   2026-01-23 12:48:05       0m 31s  ...                0.45         0.01
6   2026-01-23 12:48:36       0m 36s  ...               38.62         0.91
7   2026-01-23 12:49:12       0m 34s  ...               19.86         0.56
8   2026-01-23 12:49:47       0m 34s  ...               39.61         1.05
9   2026-01-23 12:50:21       0m 30s  ...                1.79         0.05
10  2026-01-23 12:50:51       0m 30s  ...                2.79         0.07
11  2026-01-23 12:51:22       0m 33s  ...               20.77         0.49
12  2026-01-23 12:51:56       0m 31s  ...               20.60         0.51
13  2026-01-23 12:52:28       0m 32s  ...               15.28         0.35
14  2026-01-23 12:53:00       0m 35s  ...               30.18         0.79
15  2026-01-23 12:53:36       0m 34s  ...               19.25         0.48
16  2026-01-23 12:54:11       0m 43s  ...               85.84         2.58
17  2026-01-23 12:54:55       0m 30s  ...                0.76         0.02
18  2026-01-23 12:55:25       0m 33s  ...               23.22         0.57
19  2026-01-23 12:55:58       0m 39s  ...               62.76         1.72
20  2026-01-23 12:56:38       0m 30s  ...                1.10         0.03
21  2026-01-23 12:57:08       0m 33s  ...               19.31         0.52
22  2026-01-23 12:57:42       0m 35s  ...               42.05         1.16
23  2026-01-23 12:58:18       0m 28s  ...                6.56         0.18
24  2026-01-23 12:58:47       0m 30s  ...                1.51         0.04
25  2026-01-23 12:59:17       0m 31s  ...                8.51         0.22
26  2026-01-23 12:59:48       0m 33s  ...               12.12         0.31
27  2026-01-23 13:00:21       0m 34s  ...               32.69         0.79
28  2026-01-23 13:00:56       0m 31s  ...                2.15         0.06
29  2026-01-23 13:01:27       0m 31s  ...                2.94         0.07
30  2026-01-23 13:01:59       0m 32s  ...               12.91         0.30
31  2026-01-23 13:02:31       0m 32s  ...               42.77         1.19
32  2026-01-23 13:03:03       0m 38s  ...               65.54         1.89
33  2026-01-23 13:03:42       0m 31s  ...               10.11         0.24
34  2026-01-23 13:04:13       0m 30s  ...                4.05         0.11
35  2026-01-23 13:04:44       0m 31s  ...                1.89         0.05
36  2026-01-23 13:05:15       0m 31s  ...                5.54         0.15
37  2026-01-23 13:05:47       0m 30s  ...                0.46         0.01
38  2026-01-23 13:06:17       0m 29s  ...                1.59         0.04
39  2026-01-23 13:06:47       0m 35s  ...               43.85         1.03
40  2026-01-23 13:07:23       0m 38s  ...               61.84         1.56
41  2026-01-23 13:08:02       0m 38s  ...               46.89         1.19
42  2026-01-23 13:08:40       0m 43s  ...               80.70         2.32
43  2026-01-23 13:09:24       0m 30s  ...                2.90         0.07
44  2026-01-23 13:09:54       0m 33s  ...               11.56         0.29
45  2026-01-23 13:10:27       0m 32s  ...                4.11         0.11
46  2026-01-23 13:10:59       0m 31s  ...               11.45         0.30
47  2026-01-23 13:11:31       0m 32s  ...               11.80         0.25
48  2026-01-23 13:12:03       0m 31s  ...                6.42         0.18
49  2026-01-23 13:12:35       0m 30s  ...                0.93         0.03
50  2026-01-23 13:13:05       0m 43s  ...               83.75         2.58
51  2026-01-23 13:13:49       0m 39s  ...               77.72         2.05
52  2026-01-23 13:14:29       0m 31s  ...                8.96         0.25
53  2026-01-23 13:15:01       0m 30s  ...                1.10         0.03
54  2026-01-23 13:15:31       0m 33s  ...               11.88         0.29
55  2026-01-23 13:16:05       0m 38s  ...               55.20         1.46
56  2026-01-23 13:16:43       0m 36s  ...               34.44         0.83

[57 rows x 24 columns]
[2026-01-23 13:18:26,612] - [root] - [INFO] - Analysis finished: 0m 34s
[2026-01-23 13:18:26,612] - [root] - [INFO] - -------------------------------------------
[2026-01-23 13:18:26,612] - [root] - [INFO] - -------------------------------------------
[2026-01-23 13:18:26,612] - [root] - [INFO] - Processing 1-22-2026 5dpi 141-W2021009-274_R1.png
[2026-01-23 13:18:48,019] - [root] - [INFO] - Finished loading mask: 0m 21s
[2026-01-23 13:19:12,503] - [root] - [INFO] - Finished crop and inference: 0m 45s
              timestamp time_elapsed  ... severity_rate_patch Gradient_sr2
0   2026-01-23 12:45:21       0m 30s  ...                1.74         0.04
1   2026-01-23 12:45:51       0m 30s  ...                4.36         0.11
2   2026-01-23 12:46:22       0m 32s  ...                0.85         0.02
3   2026-01-23 12:46:54       0m 35s  ...               25.47         0.67
4   2026-01-23 12:47:30       0m 35s  ...               37.39         0.99
5   2026-01-23 12:48:05       0m 31s  ...                0.45         0.01
6   2026-01-23 12:48:36       0m 36s  ...               38.62         0.91
7   2026-01-23 12:49:12       0m 34s  ...               19.86         0.56
8   2026-01-23 12:49:47       0m 34s  ...               39.61         1.05
9   2026-01-23 12:50:21       0m 30s  ...                1.79         0.05
10  2026-01-23 12:50:51       0m 30s  ...                2.79         0.07
11  2026-01-23 12:51:22       0m 33s  ...               20.77         0.49
12  2026-01-23 12:51:56       0m 31s  ...               20.60         0.51
13  2026-01-23 12:52:28       0m 32s  ...               15.28         0.35
14  2026-01-23 12:53:00       0m 35s  ...               30.18         0.79
15  2026-01-23 12:53:36       0m 34s  ...               19.25         0.48
16  2026-01-23 12:54:11       0m 43s  ...               85.84         2.58
17  2026-01-23 12:54:55       0m 30s  ...                0.76         0.02
18  2026-01-23 12:55:25       0m 33s  ...               23.22         0.57
19  2026-01-23 12:55:58       0m 39s  ...               62.76         1.72
20  2026-01-23 12:56:38       0m 30s  ...                1.10         0.03
21  2026-01-23 12:57:08       0m 33s  ...               19.31         0.52
22  2026-01-23 12:57:42       0m 35s  ...               42.05         1.16
23  2026-01-23 12:58:18       0m 28s  ...                6.56         0.18
24  2026-01-23 12:58:47       0m 30s  ...                1.51         0.04
25  2026-01-23 12:59:17       0m 31s  ...                8.51         0.22
26  2026-01-23 12:59:48       0m 33s  ...               12.12         0.31
27  2026-01-23 13:00:21       0m 34s  ...               32.69         0.79
28  2026-01-23 13:00:56       0m 31s  ...                2.15         0.06
29  2026-01-23 13:01:27       0m 31s  ...                2.94         0.07
30  2026-01-23 13:01:59       0m 32s  ...               12.91         0.30
31  2026-01-23 13:02:31       0m 32s  ...               42.77         1.19
32  2026-01-23 13:03:03       0m 38s  ...               65.54         1.89
33  2026-01-23 13:03:42       0m 31s  ...               10.11         0.24
34  2026-01-23 13:04:13       0m 30s  ...                4.05         0.11
35  2026-01-23 13:04:44       0m 31s  ...                1.89         0.05
36  2026-01-23 13:05:15       0m 31s  ...                5.54         0.15
37  2026-01-23 13:05:47       0m 30s  ...                0.46         0.01
38  2026-01-23 13:06:17       0m 29s  ...                1.59         0.04
39  2026-01-23 13:06:47       0m 35s  ...               43.85         1.03
40  2026-01-23 13:07:23       0m 38s  ...               61.84         1.56
41  2026-01-23 13:08:02       0m 38s  ...               46.89         1.19
42  2026-01-23 13:08:40       0m 43s  ...               80.70         2.32
43  2026-01-23 13:09:24       0m 30s  ...                2.90         0.07
44  2026-01-23 13:09:54       0m 33s  ...               11.56         0.29
45  2026-01-23 13:10:27       0m 32s  ...                4.11         0.11
46  2026-01-23 13:10:59       0m 31s  ...               11.45         0.30
47  2026-01-23 13:11:31       0m 32s  ...               11.80         0.25
48  2026-01-23 13:12:03       0m 31s  ...                6.42         0.18
49  2026-01-23 13:12:35       0m 30s  ...                0.93         0.03
50  2026-01-23 13:13:05       0m 43s  ...               83.75         2.58
51  2026-01-23 13:13:49       0m 39s  ...               77.72         2.05
52  2026-01-23 13:14:29       0m 31s  ...                8.96         0.25
53  2026-01-23 13:15:01       0m 30s  ...                1.10         0.03
54  2026-01-23 13:15:31       0m 33s  ...               11.88         0.29
55  2026-01-23 13:16:05       0m 38s  ...               55.20         1.46
56  2026-01-23 13:16:43       0m 36s  ...               34.44         0.83
57  2026-01-23 13:17:19       0m 32s  ...                4.27         0.10

[58 rows x 24 columns]
[2026-01-23 13:19:14,467] - [root] - [INFO] - Analysis finished: 0m 47s
[2026-01-23 13:19:14,467] - [root] - [INFO] - -------------------------------------------
[2026-01-23 13:19:14,467] - [root] - [INFO] - -------------------------------------------
[2026-01-23 13:19:14,467] - [root] - [INFO] - Processing 1-22-2026 5dpi 143-W2021010-313_R2.png
[2026-01-23 13:19:35,363] - [root] - [INFO] - Finished loading mask: 0m 20s
[2026-01-23 13:19:44,936] - [root] - [INFO] - Finished crop and inference: 0m 30s
[2026-01-23 13:19:47,003] - [root] - [INFO] - Analysis finished: 0m 32s
[2026-01-23 13:19:47,003] - [root] - [INFO] - -------------------------------------------
[2026-01-23 13:19:47,003] - [root] - [INFO] - -------------------------------------------
[2026-01-23 13:19:47,003] - [root] - [INFO] - Processing 1-22-2026 5dpi 148-W2021011-462_R2.png
[2026-01-23 13:20:09,347] - [root] - [INFO] - Finished loading mask: 0m 22s
[2026-01-23 13:20:23,287] - [root] - [INFO] - Finished crop and inference: 0m 36s
[2026-01-23 13:20:25,254] - [root] - [INFO] - Analysis finished: 0m 38s
[2026-01-23 13:20:25,255] - [root] - [INFO] - -------------------------------------------
[2026-01-23 13:20:25,255] - [root] - [INFO] - -------------------------------------------
[2026-01-23 13:20:25,255] - [root] - [INFO] - Processing 1-22-2026 5dpi 149-W2021010-417_R1.png
[2026-01-23 13:20:46,986] - [root] - [INFO] - Finished loading mask: 0m 21s
[2026-01-23 13:20:58,246] - [root] - [INFO] - Finished crop and inference: 0m 32s
[2026-01-23 13:20:59,947] - [root] - [INFO] - Analysis finished: 0m 34s
[2026-01-23 13:20:59,947] - [root] - [INFO] - -------------------------------------------
[2026-01-23 13:20:59,947] - [root] - [INFO] - -------------------------------------------
[2026-01-23 13:20:59,947] - [root] - [INFO] - Processing 1-22-2026 5dpi 154-W2021010-419_R1.png
[2026-01-23 13:21:20,063] - [root] - [INFO] - Finished loading mask: 0m 20s
[2026-01-23 13:21:30,126] - [root] - [INFO] - Finished crop and inference: 0m 30s
              timestamp time_elapsed  ... severity_rate_patch Gradient_sr2
0   2026-01-23 12:45:21       0m 30s  ...                1.74         0.04
1   2026-01-23 12:45:51       0m 30s  ...                4.36         0.11
2   2026-01-23 12:46:22       0m 32s  ...                0.85         0.02
3   2026-01-23 12:46:54       0m 35s  ...               25.47         0.67
4   2026-01-23 12:47:30       0m 35s  ...               37.39         0.99
5   2026-01-23 12:48:05       0m 31s  ...                0.45         0.01
6   2026-01-23 12:48:36       0m 36s  ...               38.62         0.91
7   2026-01-23 12:49:12       0m 34s  ...               19.86         0.56
8   2026-01-23 12:49:47       0m 34s  ...               39.61         1.05
9   2026-01-23 12:50:21       0m 30s  ...                1.79         0.05
10  2026-01-23 12:50:51       0m 30s  ...                2.79         0.07
11  2026-01-23 12:51:22       0m 33s  ...               20.77         0.49
12  2026-01-23 12:51:56       0m 31s  ...               20.60         0.51
13  2026-01-23 12:52:28       0m 32s  ...               15.28         0.35
14  2026-01-23 12:53:00       0m 35s  ...               30.18         0.79
15  2026-01-23 12:53:36       0m 34s  ...               19.25         0.48
16  2026-01-23 12:54:11       0m 43s  ...               85.84         2.58
17  2026-01-23 12:54:55       0m 30s  ...                0.76         0.02
18  2026-01-23 12:55:25       0m 33s  ...               23.22         0.57
19  2026-01-23 12:55:58       0m 39s  ...               62.76         1.72
20  2026-01-23 12:56:38       0m 30s  ...                1.10         0.03
21  2026-01-23 12:57:08       0m 33s  ...               19.31         0.52
22  2026-01-23 12:57:42       0m 35s  ...               42.05         1.16
23  2026-01-23 12:58:18       0m 28s  ...                6.56         0.18
24  2026-01-23 12:58:47       0m 30s  ...                1.51         0.04
25  2026-01-23 12:59:17       0m 31s  ...                8.51         0.22
26  2026-01-23 12:59:48       0m 33s  ...               12.12         0.31
27  2026-01-23 13:00:21       0m 34s  ...               32.69         0.79
28  2026-01-23 13:00:56       0m 31s  ...                2.15         0.06
29  2026-01-23 13:01:27       0m 31s  ...                2.94         0.07
30  2026-01-23 13:01:59       0m 32s  ...               12.91         0.30
31  2026-01-23 13:02:31       0m 32s  ...               42.77         1.19
32  2026-01-23 13:03:03       0m 38s  ...               65.54         1.89
33  2026-01-23 13:03:42       0m 31s  ...               10.11         0.24
34  2026-01-23 13:04:13       0m 30s  ...                4.05         0.11
35  2026-01-23 13:04:44       0m 31s  ...                1.89         0.05
36  2026-01-23 13:05:15       0m 31s  ...                5.54         0.15
37  2026-01-23 13:05:47       0m 30s  ...                0.46         0.01
38  2026-01-23 13:06:17       0m 29s  ...                1.59         0.04
39  2026-01-23 13:06:47       0m 35s  ...               43.85         1.03
40  2026-01-23 13:07:23       0m 38s  ...               61.84         1.56
41  2026-01-23 13:08:02       0m 38s  ...               46.89         1.19
42  2026-01-23 13:08:40       0m 43s  ...               80.70         2.32
43  2026-01-23 13:09:24       0m 30s  ...                2.90         0.07
44  2026-01-23 13:09:54       0m 33s  ...               11.56         0.29
45  2026-01-23 13:10:27       0m 32s  ...                4.11         0.11
46  2026-01-23 13:10:59       0m 31s  ...               11.45         0.30
47  2026-01-23 13:11:31       0m 32s  ...               11.80         0.25
48  2026-01-23 13:12:03       0m 31s  ...                6.42         0.18
49  2026-01-23 13:12:35       0m 30s  ...                0.93         0.03
50  2026-01-23 13:13:05       0m 43s  ...               83.75         2.58
51  2026-01-23 13:13:49       0m 39s  ...               77.72         2.05
52  2026-01-23 13:14:29       0m 31s  ...                8.96         0.25
53  2026-01-23 13:15:01       0m 30s  ...                1.10         0.03
54  2026-01-23 13:15:31       0m 33s  ...               11.88         0.29
55  2026-01-23 13:16:05       0m 38s  ...               55.20         1.46
56  2026-01-23 13:16:43       0m 36s  ...               34.44         0.83
57  2026-01-23 13:17:19       0m 32s  ...                4.27         0.10
58  2026-01-23 13:17:52       0m 34s  ...                8.31         0.19

[59 rows x 24 columns]
[2026-01-23 13:21:32,113] - [root] - [INFO] - Analysis finished: 0m 32s
[2026-01-23 13:21:32,113] - [root] - [INFO] - -------------------------------------------
[2026-01-23 13:21:32,113] - [root] - [INFO] - -------------------------------------------
[2026-01-23 13:21:32,113] - [root] - [INFO] - Processing 1-22-2026 5dpi 155-W2021011-639_R1.png
[2026-01-23 13:21:53,751] - [root] - [INFO] - Finished loading mask: 0m 21s
[2026-01-23 13:22:04,276] - [root] - [INFO] - Finished crop and inference: 0m 32s
[2026-01-23 13:22:06,066] - [root] - [INFO] - Analysis finished: 0m 33s
[2026-01-23 13:22:06,066] - [root] - [INFO] - -------------------------------------------
[2026-01-23 13:22:06,066] - [root] - [INFO] - -------------------------------------------
[2026-01-23 13:22:06,066] - [root] - [INFO] - Processing 1-22-2026 5dpi 156-W2021009-276_R2.png
[2026-01-23 13:22:27,402] - [root] - [INFO] - Finished loading mask: 0m 21s
[2026-01-23 13:22:38,829] - [root] - [INFO] - Finished crop and inference: 0m 32s
[2026-01-23 13:22:40,696] - [root] - [INFO] - Analysis finished: 0m 34s
[2026-01-23 13:22:40,696] - [root] - [INFO] - -------------------------------------------
[2026-01-23 13:22:40,696] - [root] - [INFO] - -------------------------------------------
[2026-01-23 13:22:40,696] - [root] - [INFO] - Processing 1-22-2026 5dpi 158-W2021006-114_R1.png
[2026-01-23 13:23:02,428] - [root] - [INFO] - Finished loading mask: 0m 21s
[2026-01-23 13:23:18,955] - [root] - [INFO] - Finished crop and inference: 0m 38s
[2026-01-23 13:23:20,886] - [root] - [INFO] - Analysis finished: 0m 40s
[2026-01-23 13:23:20,886] - [root] - [INFO] - -------------------------------------------
[2026-01-23 13:23:20,886] - [root] - [INFO] - -------------------------------------------
[2026-01-23 13:23:20,886] - [root] - [INFO] - Processing 1-22-2026 5dpi 167-W2021006-003_R2.png
[2026-01-23 13:23:41,540] - [root] - [INFO] - Finished loading mask: 0m 20s
[2026-01-23 13:23:50,544] - [root] - [INFO] - Finished crop and inference: 0m 29s
[2026-01-23 13:23:52,603] - [root] - [INFO] - Analysis finished: 0m 31s
[2026-01-23 13:23:52,603] - [root] - [INFO] - -------------------------------------------
[2026-01-23 13:23:52,603] - [root] - [INFO] - -------------------------------------------
[2026-01-23 13:23:52,603] - [root] - [INFO] - Processing 1-22-2026 5dpi 169-W2021009-623_R2.png
[2026-01-23 13:24:13,837] - [root] - [INFO] - Finished loading mask: 0m 21s
[2026-01-23 13:24:37,215] - [root] - [INFO] - Finished crop and inference: 0m 44s
[2026-01-23 13:24:39,118] - [root] - [INFO] - Analysis finished: 0m 46s
[2026-01-23 13:24:39,118] - [root] - [INFO] - -------------------------------------------
[2026-01-23 13:24:39,118] - [root] - [INFO] - -------------------------------------------
[2026-01-23 13:24:39,118] - [root] - [INFO] - Processing 1-22-2026 5dpi 169-W2021011-477_R1.png
[2026-01-23 13:25:00,015] - [root] - [INFO] - Finished loading mask: 0m 20s
[2026-01-23 13:25:17,071] - [root] - [INFO] - Finished crop and inference: 0m 37s
[2026-01-23 13:25:19,021] - [root] - [INFO] - Analysis finished: 0m 39s
[2026-01-23 13:25:19,021] - [root] - [INFO] - -------------------------------------------
[2026-01-23 13:25:19,021] - [root] - [INFO] - -------------------------------------------
[2026-01-23 13:25:19,021] - [root] - [INFO] - Processing 1-22-2026 5dpi 172-W2021011-557_R2.png
[2026-01-23 13:25:39,774] - [root] - [INFO] - Finished loading mask: 0m 20s
[2026-01-23 13:25:51,712] - [root] - [INFO] - Finished crop and inference: 0m 32s
[2026-01-23 13:25:53,745] - [root] - [INFO] - Analysis finished: 0m 34s
[2026-01-23 13:25:53,745] - [root] - [INFO] - -------------------------------------------
[2026-01-23 13:25:53,745] - [root] - [INFO] - -------------------------------------------
[2026-01-23 13:25:53,745] - [root] - [INFO] - Processing 1-22-2026 5dpi 173-W2021006-127_R2.png
[2026-01-23 13:26:15,177] - [root] - [INFO] - Finished loading mask: 0m 21s
[2026-01-23 13:26:24,895] - [root] - [INFO] - Finished crop and inference: 0m 31s
              timestamp time_elapsed  ... severity_rate_patch Gradient_sr2
0   2026-01-23 12:45:21       0m 30s  ...                1.74         0.04
1   2026-01-23 12:45:51       0m 30s  ...                4.36         0.11
2   2026-01-23 12:46:22       0m 32s  ...                0.85         0.02
3   2026-01-23 12:46:54       0m 35s  ...               25.47         0.67
4   2026-01-23 12:47:30       0m 35s  ...               37.39         0.99
5   2026-01-23 12:48:05       0m 31s  ...                0.45         0.01
6   2026-01-23 12:48:36       0m 36s  ...               38.62         0.91
7   2026-01-23 12:49:12       0m 34s  ...               19.86         0.56
8   2026-01-23 12:49:47       0m 34s  ...               39.61         1.05
9   2026-01-23 12:50:21       0m 30s  ...                1.79         0.05
10  2026-01-23 12:50:51       0m 30s  ...                2.79         0.07
11  2026-01-23 12:51:22       0m 33s  ...               20.77         0.49
12  2026-01-23 12:51:56       0m 31s  ...               20.60         0.51
13  2026-01-23 12:52:28       0m 32s  ...               15.28         0.35
14  2026-01-23 12:53:00       0m 35s  ...               30.18         0.79
15  2026-01-23 12:53:36       0m 34s  ...               19.25         0.48
16  2026-01-23 12:54:11       0m 43s  ...               85.84         2.58
17  2026-01-23 12:54:55       0m 30s  ...                0.76         0.02
18  2026-01-23 12:55:25       0m 33s  ...               23.22         0.57
19  2026-01-23 12:55:58       0m 39s  ...               62.76         1.72
20  2026-01-23 12:56:38       0m 30s  ...                1.10         0.03
21  2026-01-23 12:57:08       0m 33s  ...               19.31         0.52
22  2026-01-23 12:57:42       0m 35s  ...               42.05         1.16
23  2026-01-23 12:58:18       0m 28s  ...                6.56         0.18
24  2026-01-23 12:58:47       0m 30s  ...                1.51         0.04
25  2026-01-23 12:59:17       0m 31s  ...                8.51         0.22
26  2026-01-23 12:59:48       0m 33s  ...               12.12         0.31
27  2026-01-23 13:00:21       0m 34s  ...               32.69         0.79
28  2026-01-23 13:00:56       0m 31s  ...                2.15         0.06
29  2026-01-23 13:01:27       0m 31s  ...                2.94         0.07
30  2026-01-23 13:01:59       0m 32s  ...               12.91         0.30
31  2026-01-23 13:02:31       0m 32s  ...               42.77         1.19
32  2026-01-23 13:03:03       0m 38s  ...               65.54         1.89
33  2026-01-23 13:03:42       0m 31s  ...               10.11         0.24
34  2026-01-23 13:04:13       0m 30s  ...                4.05         0.11
35  2026-01-23 13:04:44       0m 31s  ...                1.89         0.05
36  2026-01-23 13:05:15       0m 31s  ...                5.54         0.15
37  2026-01-23 13:05:47       0m 30s  ...                0.46         0.01
38  2026-01-23 13:06:17       0m 29s  ...                1.59         0.04
39  2026-01-23 13:06:47       0m 35s  ...               43.85         1.03
40  2026-01-23 13:07:23       0m 38s  ...               61.84         1.56
41  2026-01-23 13:08:02       0m 38s  ...               46.89         1.19
42  2026-01-23 13:08:40       0m 43s  ...               80.70         2.32
43  2026-01-23 13:09:24       0m 30s  ...                2.90         0.07
44  2026-01-23 13:09:54       0m 33s  ...               11.56         0.29
45  2026-01-23 13:10:27       0m 32s  ...                4.11         0.11
46  2026-01-23 13:10:59       0m 31s  ...               11.45         0.30
47  2026-01-23 13:11:31       0m 32s  ...               11.80         0.25
48  2026-01-23 13:12:03       0m 31s  ...                6.42         0.18
49  2026-01-23 13:12:35       0m 30s  ...                0.93         0.03
50  2026-01-23 13:13:05       0m 43s  ...               83.75         2.58
51  2026-01-23 13:13:49       0m 39s  ...               77.72         2.05
52  2026-01-23 13:14:29       0m 31s  ...                8.96         0.25
53  2026-01-23 13:15:01       0m 30s  ...                1.10         0.03
54  2026-01-23 13:15:31       0m 33s  ...               11.88         0.29
55  2026-01-23 13:16:05       0m 38s  ...               55.20         1.46
56  2026-01-23 13:16:43       0m 36s  ...               34.44         0.83
57  2026-01-23 13:17:19       0m 32s  ...                4.27         0.10
58  2026-01-23 13:17:52       0m 34s  ...                8.31         0.19
59  2026-01-23 13:18:26       0m 47s  ...               86.63         2.58

[60 rows x 24 columns]
              timestamp time_elapsed  ... severity_rate_patch Gradient_sr2
0   2026-01-23 12:45:21       0m 30s  ...                1.74         0.04
1   2026-01-23 12:45:51       0m 30s  ...                4.36         0.11
2   2026-01-23 12:46:22       0m 32s  ...                0.85         0.02
3   2026-01-23 12:46:54       0m 35s  ...               25.47         0.67
4   2026-01-23 12:47:30       0m 35s  ...               37.39         0.99
..                  ...          ...  ...                 ...          ...
56  2026-01-23 13:16:43       0m 36s  ...               34.44         0.83
57  2026-01-23 13:17:19       0m 32s  ...                4.27         0.10
58  2026-01-23 13:17:52       0m 34s  ...                8.31         0.19
59  2026-01-23 13:18:26       0m 47s  ...               86.63         2.58
60  2026-01-23 13:19:14       0m 32s  ...                0.61         0.02

[61 rows x 24 columns]
              timestamp time_elapsed  ... severity_rate_patch Gradient_sr2
0   2026-01-23 12:45:21       0m 30s  ...                1.74         0.04
1   2026-01-23 12:45:51       0m 30s  ...                4.36         0.11
2   2026-01-23 12:46:22       0m 32s  ...                0.85         0.02
3   2026-01-23 12:46:54       0m 35s  ...               25.47         0.67
4   2026-01-23 12:47:30       0m 35s  ...               37.39         0.99
..                  ...          ...  ...                 ...          ...
57  2026-01-23 13:17:19       0m 32s  ...                4.27         0.10
58  2026-01-23 13:17:52       0m 34s  ...                8.31         0.19
59  2026-01-23 13:18:26       0m 47s  ...               86.63         2.58
60  2026-01-23 13:19:14       0m 32s  ...                0.61         0.02
61  2026-01-23 13:19:47       0m 38s  ...               28.01         0.73

[62 rows x 24 columns]
              timestamp time_elapsed  ... severity_rate_patch Gradient_sr2
0   2026-01-23 12:45:21       0m 30s  ...                1.74         0.04
1   2026-01-23 12:45:51       0m 30s  ...                4.36         0.11
2   2026-01-23 12:46:22       0m 32s  ...                0.85         0.02
3   2026-01-23 12:46:54       0m 35s  ...               25.47         0.67
4   2026-01-23 12:47:30       0m 35s  ...               37.39         0.99
..                  ...          ...  ...                 ...          ...
58  2026-01-23 13:17:52       0m 34s  ...                8.31         0.19
59  2026-01-23 13:18:26       0m 47s  ...               86.63         2.58
60  2026-01-23 13:19:14       0m 32s  ...                0.61         0.02
61  2026-01-23 13:19:47       0m 38s  ...               28.01         0.73
62  2026-01-23 13:20:25       0m 34s  ...               13.12         0.36

[63 rows x 24 columns]
[2026-01-23 13:26:26,933] - [root] - [INFO] - Analysis finished: 0m 33s
[2026-01-23 13:26:26,933] - [root] - [INFO] - -------------------------------------------
[2026-01-23 13:26:26,933] - [root] - [INFO] - -------------------------------------------
[2026-01-23 13:26:26,933] - [root] - [INFO] - Processing 1-22-2026 5dpi 174-W2021009-156_R2.png
[2026-01-23 13:26:47,550] - [root] - [INFO] - Finished loading mask: 0m 20s
[2026-01-23 13:26:57,998] - [root] - [INFO] - Finished crop and inference: 0m 31s
[2026-01-23 13:27:00,110] - [root] - [INFO] - Analysis finished: 0m 33s
[2026-01-23 13:27:00,110] - [root] - [INFO] - -------------------------------------------
[2026-01-23 13:27:00,110] - [root] - [INFO] - -------------------------------------------
[2026-01-23 13:27:00,110] - [root] - [INFO] - Processing 1-22-2026 5dpi 176-W2021009-256_R2.png
[2026-01-23 13:27:20,990] - [root] - [INFO] - Finished loading mask: 0m 20s
[2026-01-23 13:27:28,260] - [root] - [INFO] - Finished crop and inference: 0m 28s
[2026-01-23 13:27:30,343] - [root] - [INFO] - Analysis finished: 0m 30s
[2026-01-23 13:27:30,343] - [root] - [INFO] - -------------------------------------------
[2026-01-23 13:27:30,343] - [root] - [INFO] - -------------------------------------------
[2026-01-23 13:27:30,343] - [root] - [INFO] - Processing 1-22-2026 5dpi 177-W2021009-194_R1.png
[2026-01-23 13:27:51,169] - [root] - [INFO] - Finished loading mask: 0m 20s
[2026-01-23 13:28:02,033] - [root] - [INFO] - Finished crop and inference: 0m 31s
[2026-01-23 13:28:04,137] - [root] - [INFO] - Analysis finished: 0m 33s
[2026-01-23 13:28:04,137] - [root] - [INFO] - -------------------------------------------
[2026-01-23 13:28:04,145] - [root] - [INFO] - -------------------------------------------
[2026-01-23 13:28:04,145] - [root] - [INFO] - Processing 1-22-2026 5dpi 180-W2021009-152_R1.png
[2026-01-23 13:28:24,920] - [root] - [INFO] - Finished loading mask: 0m 20s
[2026-01-23 13:28:36,269] - [root] - [INFO] - Finished crop and inference: 0m 32s
[2026-01-23 13:28:38,118] - [root] - [INFO] - Analysis finished: 0m 33s
[2026-01-23 13:28:38,118] - [root] - [INFO] - -------------------------------------------
[2026-01-23 13:28:38,118] - [root] - [INFO] - -------------------------------------------
[2026-01-23 13:28:38,118] - [root] - [INFO] - Processing 1-22-2026 5dpi 180-W2021011-476_R2.png
[2026-01-23 13:28:59,284] - [root] - [INFO] - Finished loading mask: 0m 21s
[2026-01-23 13:29:18,490] - [root] - [INFO] - Finished crop and inference: 0m 40s
[2026-01-23 13:29:20,340] - [root] - [INFO] - Analysis finished: 0m 42s
[2026-01-23 13:29:20,340] - [root] - [INFO] - -------------------------------------------
[2026-01-23 13:29:20,340] - [root] - [INFO] - -------------------------------------------
[2026-01-23 13:29:20,340] - [root] - [INFO] - Processing 1-22-2026 5dpi 182-W2021009-251_R1.png
[2026-01-23 13:29:41,474] - [root] - [INFO] - Finished loading mask: 0m 21s
[2026-01-23 13:29:52,747] - [root] - [INFO] - Finished crop and inference: 0m 32s
[2026-01-23 13:29:54,500] - [root] - [INFO] - Analysis finished: 0m 34s
[2026-01-23 13:29:54,500] - [root] - [INFO] - -------------------------------------------
[2026-01-23 13:29:54,500] - [root] - [INFO] - -------------------------------------------
[2026-01-23 13:29:54,500] - [root] - [INFO] - Processing 1-22-2026 5dpi 183-W2021009-295_R1.png
[2026-01-23 13:30:15,814] - [root] - [INFO] - Finished loading mask: 0m 21s
[2026-01-23 13:30:25,082] - [root] - [INFO] - Finished crop and inference: 0m 30s
[2026-01-23 13:30:26,941] - [root] - [INFO] - Analysis finished: 0m 32s
[2026-01-23 13:30:26,941] - [root] - [INFO] - -------------------------------------------
[2026-01-23 13:30:26,941] - [root] - [INFO] - -------------------------------------------
[2026-01-23 13:30:26,941] - [root] - [INFO] - Processing 1-22-2026 5dpi 185-W2021009-199_R1.png
[2026-01-23 13:30:48,266] - [root] - [INFO] - Finished loading mask: 0m 21s
[2026-01-23 13:30:59,100] - [root] - [INFO] - Finished crop and inference: 0m 32s
              timestamp time_elapsed  ... severity_rate_patch Gradient_sr2
0   2026-01-23 12:45:21       0m 30s  ...                1.74         0.04
1   2026-01-23 12:45:51       0m 30s  ...                4.36         0.11
2   2026-01-23 12:46:22       0m 32s  ...                0.85         0.02
3   2026-01-23 12:46:54       0m 35s  ...               25.47         0.67
4   2026-01-23 12:47:30       0m 35s  ...               37.39         0.99
..                  ...          ...  ...                 ...          ...
59  2026-01-23 13:18:26       0m 47s  ...               86.63         2.58
60  2026-01-23 13:19:14       0m 32s  ...                0.61         0.02
61  2026-01-23 13:19:47       0m 38s  ...               28.01         0.73
62  2026-01-23 13:20:25       0m 34s  ...               13.12         0.36
63  2026-01-23 13:20:59       0m 32s  ...                2.62         0.07

[64 rows x 24 columns]
              timestamp time_elapsed  ... severity_rate_patch Gradient_sr2
0   2026-01-23 12:45:21       0m 30s  ...                1.74         0.04
1   2026-01-23 12:45:51       0m 30s  ...                4.36         0.11
2   2026-01-23 12:46:22       0m 32s  ...                0.85         0.02
3   2026-01-23 12:46:54       0m 35s  ...               25.47         0.67
4   2026-01-23 12:47:30       0m 35s  ...               37.39         0.99
..                  ...          ...  ...                 ...          ...
60  2026-01-23 13:19:14       0m 32s  ...                0.61         0.02
61  2026-01-23 13:19:47       0m 38s  ...               28.01         0.73
62  2026-01-23 13:20:25       0m 34s  ...               13.12         0.36
63  2026-01-23 13:20:59       0m 32s  ...                2.62         0.07
64  2026-01-23 13:21:32       0m 33s  ...               10.00         0.27

[65 rows x 24 columns]
              timestamp time_elapsed  ... severity_rate_patch Gradient_sr2
0   2026-01-23 12:45:21       0m 30s  ...                1.74         0.04
1   2026-01-23 12:45:51       0m 30s  ...                4.36         0.11
2   2026-01-23 12:46:22       0m 32s  ...                0.85         0.02
3   2026-01-23 12:46:54       0m 35s  ...               25.47         0.67
4   2026-01-23 12:47:30       0m 35s  ...               37.39         0.99
..                  ...          ...  ...                 ...          ...
61  2026-01-23 13:19:47       0m 38s  ...               28.01         0.73
62  2026-01-23 13:20:25       0m 34s  ...               13.12         0.36
63  2026-01-23 13:20:59       0m 32s  ...                2.62         0.07
64  2026-01-23 13:21:32       0m 33s  ...               10.00         0.27
65  2026-01-23 13:22:06       0m 34s  ...                7.64         0.19

[66 rows x 24 columns]
              timestamp time_elapsed  ... severity_rate_patch Gradient_sr2
0   2026-01-23 12:45:21       0m 30s  ...                1.74         0.04
1   2026-01-23 12:45:51       0m 30s  ...                4.36         0.11
2   2026-01-23 12:46:22       0m 32s  ...                0.85         0.02
3   2026-01-23 12:46:54       0m 35s  ...               25.47         0.67
4   2026-01-23 12:47:30       0m 35s  ...               37.39         0.99
..                  ...          ...  ...                 ...          ...
62  2026-01-23 13:20:25       0m 34s  ...               13.12         0.36
63  2026-01-23 13:20:59       0m 32s  ...                2.62         0.07
64  2026-01-23 13:21:32       0m 33s  ...               10.00         0.27
65  2026-01-23 13:22:06       0m 34s  ...                7.64         0.19
66  2026-01-23 13:22:40       0m 40s  ...               53.88         1.51

[67 rows x 24 columns]
              timestamp time_elapsed  ... severity_rate_patch Gradient_sr2
0   2026-01-23 12:45:21       0m 30s  ...                1.74         0.04
1   2026-01-23 12:45:51       0m 30s  ...                4.36         0.11
2   2026-01-23 12:46:22       0m 32s  ...                0.85         0.02
3   2026-01-23 12:46:54       0m 35s  ...               25.47         0.67
4   2026-01-23 12:47:30       0m 35s  ...               37.39         0.99
..                  ...          ...  ...                 ...          ...
63  2026-01-23 13:20:59       0m 32s  ...                2.62         0.07
64  2026-01-23 13:21:32       0m 33s  ...               10.00         0.27
65  2026-01-23 13:22:06       0m 34s  ...                7.64         0.19
66  2026-01-23 13:22:40       0m 40s  ...               53.88         1.51
67  2026-01-23 13:23:20       0m 31s  ...                2.18         0.06

[68 rows x 24 columns]
              timestamp time_elapsed  ... severity_rate_patch Gradient_sr2
0   2026-01-23 12:45:21       0m 30s  ...                1.74         0.04
1   2026-01-23 12:45:51       0m 30s  ...                4.36         0.11
2   2026-01-23 12:46:22       0m 32s  ...                0.85         0.02
3   2026-01-23 12:46:54       0m 35s  ...               25.47         0.67
4   2026-01-23 12:47:30       0m 35s  ...               37.39         0.99
..                  ...          ...  ...                 ...          ...
64  2026-01-23 13:21:32       0m 33s  ...               10.00         0.27
65  2026-01-23 13:22:06       0m 34s  ...                7.64         0.19
66  2026-01-23 13:22:40       0m 40s  ...               53.88         1.51
67  2026-01-23 13:23:20       0m 31s  ...                2.18         0.06
68  2026-01-23 13:23:52       0m 46s  ...               84.74         2.55

[69 rows x 24 columns]
              timestamp time_elapsed  ... severity_rate_patch Gradient_sr2
0   2026-01-23 12:45:21       0m 30s  ...                1.74         0.04
1   2026-01-23 12:45:51       0m 30s  ...                4.36         0.11
2   2026-01-23 12:46:22       0m 32s  ...                0.85         0.02
3   2026-01-23 12:46:54       0m 35s  ...               25.47         0.67
4   2026-01-23 12:47:30       0m 35s  ...               37.39         0.99
..                  ...          ...  ...                 ...          ...
65  2026-01-23 13:22:06       0m 34s  ...                7.64         0.19
66  2026-01-23 13:22:40       0m 40s  ...               53.88         1.51
67  2026-01-23 13:23:20       0m 31s  ...                2.18         0.06
68  2026-01-23 13:23:52       0m 46s  ...               84.74         2.55
69  2026-01-23 13:24:39       0m 39s  ...               57.21         1.60

[70 rows x 24 columns]
              timestamp time_elapsed  ... severity_rate_patch Gradient_sr2
0   2026-01-23 12:45:21       0m 30s  ...                1.74         0.04
1   2026-01-23 12:45:51       0m 30s  ...                4.36         0.11
2   2026-01-23 12:46:22       0m 32s  ...                0.85         0.02
3   2026-01-23 12:46:54       0m 35s  ...               25.47         0.67
4   2026-01-23 12:47:30       0m 35s  ...               37.39         0.99
..                  ...          ...  ...                 ...          ...
66  2026-01-23 13:22:40       0m 40s  ...               53.88         1.51
67  2026-01-23 13:23:20       0m 31s  ...                2.18         0.06
68  2026-01-23 13:23:52       0m 46s  ...               84.74         2.55
69  2026-01-23 13:24:39       0m 39s  ...               57.21         1.60
70  2026-01-23 13:25:19       0m 34s  ...                8.76         0.24

[71 rows x 24 columns]
[2026-01-23 13:31:00,939] - [root] - [INFO] - Analysis finished: 0m 33s
[2026-01-23 13:31:00,939] - [root] - [INFO] - -------------------------------------------
[2026-01-23 13:31:00,939] - [root] - [INFO] - -------------------------------------------
[2026-01-23 13:31:00,949] - [root] - [INFO] - Processing 1-22-2026 5dpi 185-W2021009-291_R2.png
[2026-01-23 13:31:23,001] - [root] - [INFO] - Finished loading mask: 0m 22s
[2026-01-23 13:31:34,613] - [root] - [INFO] - Finished crop and inference: 0m 33s
[2026-01-23 13:31:36,541] - [root] - [INFO] - Analysis finished: 0m 35s
[2026-01-23 13:31:36,541] - [root] - [INFO] - -------------------------------------------
[2026-01-23 13:31:36,541] - [root] - [INFO] - -------------------------------------------
[2026-01-23 13:31:36,541] - [root] - [INFO] - Processing 1-22-2026 5dpi 187-W2021010-348_R2.png
[2026-01-23 13:31:59,012] - [root] - [INFO] - Finished loading mask: 0m 22s
[2026-01-23 13:32:19,696] - [root] - [INFO] - Finished crop and inference: 0m 43s
[2026-01-23 13:32:21,647] - [root] - [INFO] - Analysis finished: 0m 45s
[2026-01-23 13:32:21,647] - [root] - [INFO] - -------------------------------------------
[2026-01-23 13:32:21,647] - [root] - [INFO] - -------------------------------------------
[2026-01-23 13:32:21,647] - [root] - [INFO] - Processing 1-22-2026 5dpi 191-W2021010-426_R2.png
[2026-01-23 13:32:43,859] - [root] - [INFO] - Finished loading mask: 0m 22s
[2026-01-23 13:32:55,796] - [root] - [INFO] - Finished crop and inference: 0m 34s
[2026-01-23 13:32:57,579] - [root] - [INFO] - Analysis finished: 0m 35s
[2026-01-23 13:32:57,579] - [root] - [INFO] - -------------------------------------------
[2026-01-23 13:32:57,579] - [root] - [INFO] - -------------------------------------------
[2026-01-23 13:32:57,579] - [root] - [INFO] - Processing 1-22-2026 5dpi 191-W2021010-449_R1.png
[2026-01-23 13:33:20,171] - [root] - [INFO] - Finished loading mask: 0m 22s
[2026-01-23 13:33:33,641] - [root] - [INFO] - Finished crop and inference: 0m 36s
[2026-01-23 13:33:35,439] - [root] - [INFO] - Analysis finished: 0m 37s
[2026-01-23 13:33:35,439] - [root] - [INFO] - -------------------------------------------
[2026-01-23 13:33:35,439] - [root] - [INFO] - -------------------------------------------
[2026-01-23 13:33:35,439] - [root] - [INFO] - Processing 1-22-2026 5dpi 192-W2021006-005_R1.png
[2026-01-23 13:33:57,108] - [root] - [INFO] - Finished loading mask: 0m 21s
[2026-01-23 13:34:07,022] - [root] - [INFO] - Finished crop and inference: 0m 31s
[2026-01-23 13:34:08,845] - [root] - [INFO] - Analysis finished: 0m 33s
[2026-01-23 13:34:08,845] - [root] - [INFO] - -------------------------------------------
[2026-01-23 13:34:08,845] - [root] - [INFO] - -------------------------------------------
[2026-01-23 13:34:08,845] - [root] - [INFO] - Processing 1-22-2026 5dpi 206-W2021010-344_R1.png
[2026-01-23 13:34:30,142] - [root] - [INFO] - Finished loading mask: 0m 21s
[2026-01-23 13:34:38,674] - [root] - [INFO] - Finished crop and inference: 0m 29s
[2026-01-23 13:34:40,190] - [root] - [INFO] - Analysis finished: 0m 31s
[2026-01-23 13:34:40,190] - [root] - [INFO] - -------------------------------------------
[2026-01-23 13:34:40,190] - [root] - [INFO] - -------------------------------------------
[2026-01-23 13:34:40,191] - [root] - [INFO] - Processing 1-22-2026 5dpi 207-W2021009-287_R2.png
[2026-01-23 13:34:57,507] - [root] - [INFO] - Finished loading mask: 0m 17s
[2026-01-23 13:35:05,691] - [root] - [INFO] - Finished crop and inference: 0m 25s
[2026-01-23 13:35:07,089] - [root] - [INFO] - Analysis finished: 0m 26s
[2026-01-23 13:35:07,089] - [root] - [INFO] - -------------------------------------------
[2026-01-23 13:35:07,089] - [root] - [INFO] - -------------------------------------------
[2026-01-23 13:35:07,089] - [root] - [INFO] - Processing 1-22-2026 5dpi 208-W2021009-268_R2.png
[2026-01-23 13:35:23,691] - [root] - [INFO] - Finished loading mask: 0m 16s
[2026-01-23 13:35:35,694] - [root] - [INFO] - Finished crop and inference: 0m 28s
              timestamp time_elapsed  ... severity_rate_patch Gradient_sr2
0   2026-01-23 12:45:21       0m 30s  ...                1.74         0.04
1   2026-01-23 12:45:51       0m 30s  ...                4.36         0.11
2   2026-01-23 12:46:22       0m 32s  ...                0.85         0.02
3   2026-01-23 12:46:54       0m 35s  ...               25.47         0.67
4   2026-01-23 12:47:30       0m 35s  ...               37.39         0.99
..                  ...          ...  ...                 ...          ...
67  2026-01-23 13:23:20       0m 31s  ...                2.18         0.06
68  2026-01-23 13:23:52       0m 46s  ...               84.74         2.55
69  2026-01-23 13:24:39       0m 39s  ...               57.21         1.60
70  2026-01-23 13:25:19       0m 34s  ...                8.76         0.24
71  2026-01-23 13:25:53       0m 33s  ...                1.64         0.04

[72 rows x 24 columns]
              timestamp time_elapsed  ... severity_rate_patch Gradient_sr2
0   2026-01-23 12:45:21       0m 30s  ...                1.74         0.04
1   2026-01-23 12:45:51       0m 30s  ...                4.36         0.11
2   2026-01-23 12:46:22       0m 32s  ...                0.85         0.02
3   2026-01-23 12:46:54       0m 35s  ...               25.47         0.67
4   2026-01-23 12:47:30       0m 35s  ...               37.39         0.99
..                  ...          ...  ...                 ...          ...
68  2026-01-23 13:23:52       0m 46s  ...               84.74         2.55
69  2026-01-23 13:24:39       0m 39s  ...               57.21         1.60
70  2026-01-23 13:25:19       0m 34s  ...                8.76         0.24
71  2026-01-23 13:25:53       0m 33s  ...                1.64         0.04
72  2026-01-23 13:26:26       0m 33s  ...               15.38         0.37

[73 rows x 24 columns]
              timestamp time_elapsed  ... severity_rate_patch Gradient_sr2
0   2026-01-23 12:45:21       0m 30s  ...                1.74         0.04
1   2026-01-23 12:45:51       0m 30s  ...                4.36         0.11
2   2026-01-23 12:46:22       0m 32s  ...                0.85         0.02
3   2026-01-23 12:46:54       0m 35s  ...               25.47         0.67
4   2026-01-23 12:47:30       0m 35s  ...               37.39         0.99
..                  ...          ...  ...                 ...          ...
69  2026-01-23 13:24:39       0m 39s  ...               57.21         1.60
70  2026-01-23 13:25:19       0m 34s  ...                8.76         0.24
71  2026-01-23 13:25:53       0m 33s  ...                1.64         0.04
72  2026-01-23 13:26:26       0m 33s  ...               15.38         0.37
73  2026-01-23 13:27:00       0m 30s  ...                3.28         0.08

[74 rows x 24 columns]
              timestamp time_elapsed  ... severity_rate_patch Gradient_sr2
0   2026-01-23 12:45:21       0m 30s  ...                1.74         0.04
1   2026-01-23 12:45:51       0m 30s  ...                4.36         0.11
2   2026-01-23 12:46:22       0m 32s  ...                0.85         0.02
3   2026-01-23 12:46:54       0m 35s  ...               25.47         0.67
4   2026-01-23 12:47:30       0m 35s  ...               37.39         0.99
..                  ...          ...  ...                 ...          ...
70  2026-01-23 13:25:19       0m 34s  ...                8.76         0.24
71  2026-01-23 13:25:53       0m 33s  ...                1.64         0.04
72  2026-01-23 13:26:26       0m 33s  ...               15.38         0.37
73  2026-01-23 13:27:00       0m 30s  ...                3.28         0.08
74  2026-01-23 13:27:30       0m 33s  ...               13.43         0.36

[75 rows x 24 columns]
              timestamp time_elapsed  ... severity_rate_patch Gradient_sr2
0   2026-01-23 12:45:21       0m 30s  ...                1.74         0.04
1   2026-01-23 12:45:51       0m 30s  ...                4.36         0.11
2   2026-01-23 12:46:22       0m 32s  ...                0.85         0.02
3   2026-01-23 12:46:54       0m 35s  ...               25.47         0.67
4   2026-01-23 12:47:30       0m 35s  ...               37.39         0.99
..                  ...          ...  ...                 ...          ...
71  2026-01-23 13:25:53       0m 33s  ...                1.64         0.04
72  2026-01-23 13:26:26       0m 33s  ...               15.38         0.37
73  2026-01-23 13:27:00       0m 30s  ...                3.28         0.08
74  2026-01-23 13:27:30       0m 33s  ...               13.43         0.36
75  2026-01-23 13:28:04       0m 33s  ...               24.95         0.55

[76 rows x 24 columns]
              timestamp time_elapsed  ... severity_rate_patch Gradient_sr2
0   2026-01-23 12:45:21       0m 30s  ...                1.74         0.04
1   2026-01-23 12:45:51       0m 30s  ...                4.36         0.11
2   2026-01-23 12:46:22       0m 32s  ...                0.85         0.02
3   2026-01-23 12:46:54       0m 35s  ...               25.47         0.67
4   2026-01-23 12:47:30       0m 35s  ...               37.39         0.99
..                  ...          ...  ...                 ...          ...
72  2026-01-23 13:26:26       0m 33s  ...               15.38         0.37
73  2026-01-23 13:27:00       0m 30s  ...                3.28         0.08
74  2026-01-23 13:27:30       0m 33s  ...               13.43         0.36
75  2026-01-23 13:28:04       0m 33s  ...               24.95         0.55
76  2026-01-23 13:28:38       0m 42s  ...               79.18         2.11

[77 rows x 24 columns]
              timestamp time_elapsed  ... severity_rate_patch Gradient_sr2
0   2026-01-23 12:45:21       0m 30s  ...                1.74         0.04
1   2026-01-23 12:45:51       0m 30s  ...                4.36         0.11
2   2026-01-23 12:46:22       0m 32s  ...                0.85         0.02
3   2026-01-23 12:46:54       0m 35s  ...               25.47         0.67
4   2026-01-23 12:47:30       0m 35s  ...               37.39         0.99
..                  ...          ...  ...                 ...          ...
73  2026-01-23 13:27:00       0m 30s  ...                3.28         0.08
74  2026-01-23 13:27:30       0m 33s  ...               13.43         0.36
75  2026-01-23 13:28:04       0m 33s  ...               24.95         0.55
76  2026-01-23 13:28:38       0m 42s  ...               79.18         2.11
77  2026-01-23 13:29:20       0m 34s  ...                4.96         0.12

[78 rows x 24 columns]
              timestamp time_elapsed  ... severity_rate_patch Gradient_sr2
0   2026-01-23 12:45:21       0m 30s  ...                1.74         0.04
1   2026-01-23 12:45:51       0m 30s  ...                4.36         0.11
2   2026-01-23 12:46:22       0m 32s  ...                0.85         0.02
3   2026-01-23 12:46:54       0m 35s  ...               25.47         0.67
4   2026-01-23 12:47:30       0m 35s  ...               37.39         0.99
..                  ...          ...  ...                 ...          ...
74  2026-01-23 13:27:30       0m 33s  ...               13.43         0.36
75  2026-01-23 13:28:04       0m 33s  ...               24.95         0.55
76  2026-01-23 13:28:38       0m 42s  ...               79.18         2.11
77  2026-01-23 13:29:20       0m 34s  ...                4.96         0.12
78  2026-01-23 13:29:54       0m 32s  ...                6.35         0.16

[79 rows x 24 columns]
[2026-01-23 13:35:37,077] - [root] - [INFO] - Analysis finished: 0m 29s
[2026-01-23 13:35:37,077] - [root] - [INFO] - -------------------------------------------
[2026-01-23 13:35:37,077] - [root] - [INFO] - -------------------------------------------
[2026-01-23 13:35:37,077] - [root] - [INFO] - Processing 1-22-2026 5dpi 209-W2021010-439_R2.png
[2026-01-23 13:35:54,503] - [root] - [INFO] - Finished loading mask: 0m 17s
[2026-01-23 13:36:07,850] - [root] - [INFO] - Finished crop and inference: 0m 30s
[2026-01-23 13:36:09,275] - [root] - [INFO] - Analysis finished: 0m 32s
[2026-01-23 13:36:09,275] - [root] - [INFO] - -------------------------------------------
[2026-01-23 13:36:09,275] - [root] - [INFO] - -------------------------------------------
[2026-01-23 13:36:09,275] - [root] - [INFO] - Processing 1-22-2026 5dpi 211-W2021011-598_R2.png
[2026-01-23 13:36:26,902] - [root] - [INFO] - Finished loading mask: 0m 17s
[2026-01-23 13:36:37,387] - [root] - [INFO] - Finished crop and inference: 0m 28s
[2026-01-23 13:36:38,730] - [root] - [INFO] - Analysis finished: 0m 29s
[2026-01-23 13:36:38,731] - [root] - [INFO] - -------------------------------------------
[2026-01-23 13:36:38,731] - [root] - [INFO] - -------------------------------------------
[2026-01-23 13:36:38,731] - [root] - [INFO] - Processing 1-22-2026 5dpi 215-W2021006-045_R2.png
[2026-01-23 13:36:55,983] - [root] - [INFO] - Finished loading mask: 0m 17s
[2026-01-23 13:37:04,779] - [root] - [INFO] - Finished crop and inference: 0m 26s
[2026-01-23 13:37:06,147] - [root] - [INFO] - Analysis finished: 0m 27s
[2026-01-23 13:37:06,147] - [root] - [INFO] - -------------------------------------------
[2026-01-23 13:37:06,147] - [root] - [INFO] - -------------------------------------------
[2026-01-23 13:37:06,148] - [root] - [INFO] - Processing 1-22-2026 5dpi 223-W2021010-442_R2.png
[2026-01-23 13:37:23,045] - [root] - [INFO] - Finished loading mask: 0m 16s
[2026-01-23 13:37:35,703] - [root] - [INFO] - Finished crop and inference: 0m 29s
[2026-01-23 13:37:37,090] - [root] - [INFO] - Analysis finished: 0m 30s
[2026-01-23 13:37:37,091] - [root] - [INFO] - -------------------------------------------
[2026-01-23 13:37:37,091] - [root] - [INFO] - -------------------------------------------
[2026-01-23 13:37:37,091] - [root] - [INFO] - Processing 1-22-2026 5dpi 226-W2021010-435_R1.png
[2026-01-23 13:37:54,551] - [root] - [INFO] - Finished loading mask: 0m 17s
[2026-01-23 13:38:03,789] - [root] - [INFO] - Finished crop and inference: 0m 26s
[2026-01-23 13:38:05,131] - [root] - [INFO] - Analysis finished: 0m 28s
[2026-01-23 13:38:05,132] - [root] - [INFO] - -------------------------------------------
[2026-01-23 13:38:05,132] - [root] - [INFO] - -------------------------------------------
[2026-01-23 13:38:05,132] - [root] - [INFO] - Processing 1-22-2026 5dpi 230-W2021010-373_R2.png
[2026-01-23 13:38:22,223] - [root] - [INFO] - Finished loading mask: 0m 17s
[2026-01-23 13:38:44,595] - [root] - [INFO] - Finished crop and inference: 0m 39s
[2026-01-23 13:38:46,074] - [root] - [INFO] - Analysis finished: 0m 40s
[2026-01-23 13:38:46,075] - [root] - [INFO] - -------------------------------------------
[2026-01-23 13:38:46,075] - [root] - [INFO] - -------------------------------------------
[2026-01-23 13:38:46,075] - [root] - [INFO] - Processing 1-22-2026 5dpi 233-W2021009-215_R2.png
[2026-01-23 13:39:03,522] - [root] - [INFO] - Finished loading mask: 0m 17s
[2026-01-23 13:39:13,837] - [root] - [INFO] - Finished crop and inference: 0m 27s
[2026-01-23 13:39:15,207] - [root] - [INFO] - Analysis finished: 0m 29s
[2026-01-23 13:39:15,207] - [root] - [INFO] - -------------------------------------------
[2026-01-23 13:39:15,207] - [root] - [INFO] - -------------------------------------------
[2026-01-23 13:39:15,207] - [root] - [INFO] - Processing 1-22-2026 5dpi 240-Symphony_R2.png
[2026-01-23 13:39:32,422] - [root] - [INFO] - Finished loading mask: 0m 17s
[2026-01-23 13:39:52,343] - [root] - [INFO] - Finished crop and inference: 0m 37s
              timestamp time_elapsed  ... severity_rate_patch Gradient_sr2
0   2026-01-23 12:45:21       0m 30s  ...                1.74         0.04
1   2026-01-23 12:45:51       0m 30s  ...                4.36         0.11
2   2026-01-23 12:46:22       0m 32s  ...                0.85         0.02
3   2026-01-23 12:46:54       0m 35s  ...               25.47         0.67
4   2026-01-23 12:47:30       0m 35s  ...               37.39         0.99
..                  ...          ...  ...                 ...          ...
75  2026-01-23 13:28:04       0m 33s  ...               24.95         0.55
76  2026-01-23 13:28:38       0m 42s  ...               79.18         2.11
77  2026-01-23 13:29:20       0m 34s  ...                4.96         0.12
78  2026-01-23 13:29:54       0m 32s  ...                6.35         0.16
79  2026-01-23 13:30:26       0m 33s  ...               13.16         0.28

[80 rows x 24 columns]
              timestamp time_elapsed  ... severity_rate_patch Gradient_sr2
0   2026-01-23 12:45:21       0m 30s  ...                1.74         0.04
1   2026-01-23 12:45:51       0m 30s  ...                4.36         0.11
2   2026-01-23 12:46:22       0m 32s  ...                0.85         0.02
3   2026-01-23 12:46:54       0m 35s  ...               25.47         0.67
4   2026-01-23 12:47:30       0m 35s  ...               37.39         0.99
..                  ...          ...  ...                 ...          ...
76  2026-01-23 13:28:38       0m 42s  ...               79.18         2.11
77  2026-01-23 13:29:20       0m 34s  ...                4.96         0.12
78  2026-01-23 13:29:54       0m 32s  ...                6.35         0.16
79  2026-01-23 13:30:26       0m 33s  ...               13.16         0.28
80  2026-01-23 13:31:00       0m 35s  ...                5.94         0.15

[81 rows x 24 columns]
              timestamp time_elapsed  ... severity_rate_patch Gradient_sr2
0   2026-01-23 12:45:21       0m 30s  ...                1.74         0.04
1   2026-01-23 12:45:51       0m 30s  ...                4.36         0.11
2   2026-01-23 12:46:22       0m 32s  ...                0.85         0.02
3   2026-01-23 12:46:54       0m 35s  ...               25.47         0.67
4   2026-01-23 12:47:30       0m 35s  ...               37.39         0.99
..                  ...          ...  ...                 ...          ...
77  2026-01-23 13:29:20       0m 34s  ...                4.96         0.12
78  2026-01-23 13:29:54       0m 32s  ...                6.35         0.16
79  2026-01-23 13:30:26       0m 33s  ...               13.16         0.28
80  2026-01-23 13:31:00       0m 35s  ...                5.94         0.15
81  2026-01-23 13:31:36       0m 45s  ...               85.45         2.49

[82 rows x 24 columns]
              timestamp time_elapsed  ... severity_rate_patch Gradient_sr2
0   2026-01-23 12:45:21       0m 30s  ...                1.74         0.04
1   2026-01-23 12:45:51       0m 30s  ...                4.36         0.11
2   2026-01-23 12:46:22       0m 32s  ...                0.85         0.02
3   2026-01-23 12:46:54       0m 35s  ...               25.47         0.67
4   2026-01-23 12:47:30       0m 35s  ...               37.39         0.99
..                  ...          ...  ...                 ...          ...
78  2026-01-23 13:29:54       0m 32s  ...                6.35         0.16
79  2026-01-23 13:30:26       0m 33s  ...               13.16         0.28
80  2026-01-23 13:31:00       0m 35s  ...                5.94         0.15
81  2026-01-23 13:31:36       0m 45s  ...               85.45         2.49
82  2026-01-23 13:32:21       0m 35s  ...                9.54         0.25

[83 rows x 24 columns]
              timestamp time_elapsed  ... severity_rate_patch Gradient_sr2
0   2026-01-23 12:45:21       0m 30s  ...                1.74         0.04
1   2026-01-23 12:45:51       0m 30s  ...                4.36         0.11
2   2026-01-23 12:46:22       0m 32s  ...                0.85         0.02
3   2026-01-23 12:46:54       0m 35s  ...               25.47         0.67
4   2026-01-23 12:47:30       0m 35s  ...               37.39         0.99
..                  ...          ...  ...                 ...          ...
79  2026-01-23 13:30:26       0m 33s  ...               13.16         0.28
80  2026-01-23 13:31:00       0m 35s  ...                5.94         0.15
81  2026-01-23 13:31:36       0m 45s  ...               85.45         2.49
82  2026-01-23 13:32:21       0m 35s  ...                9.54         0.25
83  2026-01-23 13:32:57       0m 37s  ...               23.32         0.63

[84 rows x 24 columns]
              timestamp time_elapsed  ... severity_rate_patch Gradient_sr2
0   2026-01-23 12:45:21       0m 30s  ...                1.74         0.04
1   2026-01-23 12:45:51       0m 30s  ...                4.36         0.11
2   2026-01-23 12:46:22       0m 32s  ...                0.85         0.02
3   2026-01-23 12:46:54       0m 35s  ...               25.47         0.67
4   2026-01-23 12:47:30       0m 35s  ...               37.39         0.99
..                  ...          ...  ...                 ...          ...
80  2026-01-23 13:31:00       0m 35s  ...                5.94         0.15
81  2026-01-23 13:31:36       0m 45s  ...               85.45         2.49
82  2026-01-23 13:32:21       0m 35s  ...                9.54         0.25
83  2026-01-23 13:32:57       0m 37s  ...               23.32         0.63
84  2026-01-23 13:33:35       0m 33s  ...                7.13         0.16

[85 rows x 24 columns]
              timestamp time_elapsed  ... severity_rate_patch Gradient_sr2
0   2026-01-23 12:45:21       0m 30s  ...                1.74         0.04
1   2026-01-23 12:45:51       0m 30s  ...                4.36         0.11
2   2026-01-23 12:46:22       0m 32s  ...                0.85         0.02
3   2026-01-23 12:46:54       0m 35s  ...               25.47         0.67
4   2026-01-23 12:47:30       0m 35s  ...               37.39         0.99
..                  ...          ...  ...                 ...          ...
81  2026-01-23 13:31:36       0m 45s  ...               85.45         2.49
82  2026-01-23 13:32:21       0m 35s  ...                9.54         0.25
83  2026-01-23 13:32:57       0m 37s  ...               23.32         0.63
84  2026-01-23 13:33:35       0m 33s  ...                7.13         0.16
85  2026-01-23 13:34:08       0m 31s  ...                6.06         0.16

[86 rows x 24 columns]
              timestamp time_elapsed  ... severity_rate_patch Gradient_sr2
0   2026-01-23 12:45:21       0m 30s  ...                1.74         0.04
1   2026-01-23 12:45:51       0m 30s  ...                4.36         0.11
2   2026-01-23 12:46:22       0m 32s  ...                0.85         0.02
3   2026-01-23 12:46:54       0m 35s  ...               25.47         0.67
4   2026-01-23 12:47:30       0m 35s  ...               37.39         0.99
..                  ...          ...  ...                 ...          ...
82  2026-01-23 13:32:21       0m 35s  ...                9.54         0.25
83  2026-01-23 13:32:57       0m 37s  ...               23.32         0.63
84  2026-01-23 13:33:35       0m 33s  ...                7.13         0.16
85  2026-01-23 13:34:08       0m 31s  ...                6.06         0.16
86  2026-01-23 13:34:40       0m 26s  ...                1.20         0.03

[87 rows x 24 columns]
[2026-01-23 13:39:53,868] - [root] - [INFO] - Analysis finished: 0m 38s
[2026-01-23 13:39:53,868] - [root] - [INFO] - -------------------------------------------
[2026-01-23 13:39:53,868] - [root] - [INFO] - -------------------------------------------
[2026-01-23 13:39:53,868] - [root] - [INFO] - Processing 1-22-2026 5dpi 254-W2021010-352_R2.png
[2026-01-23 13:40:10,861] - [root] - [INFO] - Finished loading mask: 0m 16s
[2026-01-23 13:40:17,681] - [root] - [INFO] - Finished crop and inference: 0m 23s
[2026-01-23 13:40:19,032] - [root] - [INFO] - Analysis finished: 0m 25s
[2026-01-23 13:40:19,032] - [root] - [INFO] - -------------------------------------------
[2026-01-23 13:40:19,032] - [root] - [INFO] - -------------------------------------------
[2026-01-23 13:40:19,032] - [root] - [INFO] - Processing 1-22-2026 5dpi 266-W2021009-193_R1.png
[2026-01-23 13:40:35,680] - [root] - [INFO] - Finished loading mask: 0m 16s
[2026-01-23 13:40:44,169] - [root] - [INFO] - Finished crop and inference: 0m 25s
[2026-01-23 13:40:45,538] - [root] - [INFO] - Analysis finished: 0m 26s
[2026-01-23 13:40:45,538] - [root] - [INFO] - -------------------------------------------
[2026-01-23 13:40:45,538] - [root] - [INFO] - -------------------------------------------
[2026-01-23 13:40:45,538] - [root] - [INFO] - Processing 1-22-2026 5dpi 313-W2021010-343_R1.png
[2026-01-23 13:41:02,093] - [root] - [INFO] - Finished loading mask: 0m 16s
[2026-01-23 13:41:09,939] - [root] - [INFO] - Finished crop and inference: 0m 24s
[2026-01-23 13:41:11,264] - [root] - [INFO] - Analysis finished: 0m 25s
[2026-01-23 13:41:11,264] - [root] - [INFO] - -------------------------------------------
[2026-01-23 13:41:11,265] - [root] - [INFO] - -------------------------------------------
[2026-01-23 13:41:11,265] - [root] - [INFO] - Processing 1-22-2026 5dpi 336-W2021011-506_R2.png
[2026-01-23 13:41:27,807] - [root] - [INFO] - Finished loading mask: 0m 16s
[2026-01-23 13:41:41,484] - [root] - [INFO] - Finished crop and inference: 0m 30s
[2026-01-23 13:41:43,037] - [root] - [INFO] - Analysis finished: 0m 31s
[2026-01-23 13:41:43,037] - [root] - [INFO] - -------------------------------------------
[2026-01-23 13:41:43,065] - [root] - [INFO] - Saved C:\Users\Intel User\Desktop\blackbird_scripts\data\Results\ResNet_upth0.6_downth0.1_Jan22_10-21-00_2026\1-22-2026\th_0.7\severity_rate_tray_5dpi.csv
              timestamp time_elapsed  ... severity_rate_patch Gradient_sr2
0   2026-01-23 12:45:21       0m 30s  ...                1.74         0.04
1   2026-01-23 12:45:51       0m 30s  ...                4.36         0.11
2   2026-01-23 12:46:22       0m 32s  ...                0.85         0.02
3   2026-01-23 12:46:54       0m 35s  ...               25.47         0.67
4   2026-01-23 12:47:30       0m 35s  ...               37.39         0.99
..                  ...          ...  ...                 ...          ...
83  2026-01-23 13:32:57       0m 37s  ...               23.32         0.63
84  2026-01-23 13:33:35       0m 33s  ...                7.13         0.16
85  2026-01-23 13:34:08       0m 31s  ...                6.06         0.16
86  2026-01-23 13:34:40       0m 26s  ...                1.20         0.03
87  2026-01-23 13:35:07       0m 29s  ...               31.65         0.76

[88 rows x 24 columns]
              timestamp time_elapsed  ... severity_rate_patch Gradient_sr2
0   2026-01-23 12:45:21       0m 30s  ...                1.74         0.04
1   2026-01-23 12:45:51       0m 30s  ...                4.36         0.11
2   2026-01-23 12:46:22       0m 32s  ...                0.85         0.02
3   2026-01-23 12:46:54       0m 35s  ...               25.47         0.67
4   2026-01-23 12:47:30       0m 35s  ...               37.39         0.99
..                  ...          ...  ...                 ...          ...
84  2026-01-23 13:33:35       0m 33s  ...                7.13         0.16
85  2026-01-23 13:34:08       0m 31s  ...                6.06         0.16
86  2026-01-23 13:34:40       0m 26s  ...                1.20         0.03
87  2026-01-23 13:35:07       0m 29s  ...               31.65         0.76
88  2026-01-23 13:35:37       0m 32s  ...               42.68         1.19

[89 rows x 24 columns]
              timestamp time_elapsed  ... severity_rate_patch Gradient_sr2
0   2026-01-23 12:45:21       0m 30s  ...                1.74         0.04
1   2026-01-23 12:45:51       0m 30s  ...                4.36         0.11
2   2026-01-23 12:46:22       0m 32s  ...                0.85         0.02
3   2026-01-23 12:46:54       0m 35s  ...               25.47         0.67
4   2026-01-23 12:47:30       0m 35s  ...               37.39         0.99
..                  ...          ...  ...                 ...          ...
85  2026-01-23 13:34:08       0m 31s  ...                6.06         0.16
86  2026-01-23 13:34:40       0m 26s  ...                1.20         0.03
87  2026-01-23 13:35:07       0m 29s  ...               31.65         0.76
88  2026-01-23 13:35:37       0m 32s  ...               42.68         1.19
89  2026-01-23 13:36:09       0m 29s  ...               14.13         0.40

[90 rows x 24 columns]
              timestamp time_elapsed  ... severity_rate_patch Gradient_sr2
0   2026-01-23 12:45:21       0m 30s  ...                1.74         0.04
1   2026-01-23 12:45:51       0m 30s  ...                4.36         0.11
2   2026-01-23 12:46:22       0m 32s  ...                0.85         0.02
3   2026-01-23 12:46:54       0m 35s  ...               25.47         0.67
4   2026-01-23 12:47:30       0m 35s  ...               37.39         0.99
..                  ...          ...  ...                 ...          ...
86  2026-01-23 13:34:40       0m 26s  ...                1.20         0.03
87  2026-01-23 13:35:07       0m 29s  ...               31.65         0.76
88  2026-01-23 13:35:37       0m 32s  ...               42.68         1.19
89  2026-01-23 13:36:09       0m 29s  ...               14.13         0.40
90  2026-01-23 13:36:38       0m 27s  ...               11.52         0.30

[91 rows x 24 columns]
              timestamp time_elapsed  ... severity_rate_patch Gradient_sr2
0   2026-01-23 12:45:21       0m 30s  ...                1.74         0.04
1   2026-01-23 12:45:51       0m 30s  ...                4.36         0.11
2   2026-01-23 12:46:22       0m 32s  ...                0.85         0.02
3   2026-01-23 12:46:54       0m 35s  ...               25.47         0.67
4   2026-01-23 12:47:30       0m 35s  ...               37.39         0.99
..                  ...          ...  ...                 ...          ...
87  2026-01-23 13:35:07       0m 29s  ...               31.65         0.76
88  2026-01-23 13:35:37       0m 32s  ...               42.68         1.19
89  2026-01-23 13:36:09       0m 29s  ...               14.13         0.40
90  2026-01-23 13:36:38       0m 27s  ...               11.52         0.30
91  2026-01-23 13:37:06       0m 30s  ...               45.04         1.15

[92 rows x 24 columns]
              timestamp time_elapsed  ... severity_rate_patch Gradient_sr2
0   2026-01-23 12:45:21       0m 30s  ...                1.74         0.04
1   2026-01-23 12:45:51       0m 30s  ...                4.36         0.11
2   2026-01-23 12:46:22       0m 32s  ...                0.85         0.02
3   2026-01-23 12:46:54       0m 35s  ...               25.47         0.67
4   2026-01-23 12:47:30       0m 35s  ...               37.39         0.99
..                  ...          ...  ...                 ...          ...
88  2026-01-23 13:35:37       0m 32s  ...               42.68         1.19
89  2026-01-23 13:36:09       0m 29s  ...               14.13         0.40
90  2026-01-23 13:36:38       0m 27s  ...               11.52         0.30
91  2026-01-23 13:37:06       0m 30s  ...               45.04         1.15
92  2026-01-23 13:37:37       0m 28s  ...               13.53         0.35

[93 rows x 24 columns]
              timestamp time_elapsed  ... severity_rate_patch Gradient_sr2
0   2026-01-23 12:45:21       0m 30s  ...                1.74         0.04
1   2026-01-23 12:45:51       0m 30s  ...                4.36         0.11
2   2026-01-23 12:46:22       0m 32s  ...                0.85         0.02
3   2026-01-23 12:46:54       0m 35s  ...               25.47         0.67
4   2026-01-23 12:47:30       0m 35s  ...               37.39         0.99
..                  ...          ...  ...                 ...          ...
89  2026-01-23 13:36:09       0m 29s  ...               14.13         0.40
90  2026-01-23 13:36:38       0m 27s  ...               11.52         0.30
91  2026-01-23 13:37:06       0m 30s  ...               45.04         1.15
92  2026-01-23 13:37:37       0m 28s  ...               13.53         0.35
93  2026-01-23 13:38:05       0m 40s  ...               98.85         3.19

[94 rows x 24 columns]
              timestamp time_elapsed  ... severity_rate_patch Gradient_sr2
0   2026-01-23 12:45:21       0m 30s  ...                1.74         0.04
1   2026-01-23 12:45:51       0m 30s  ...                4.36         0.11
2   2026-01-23 12:46:22       0m 32s  ...                0.85         0.02
3   2026-01-23 12:46:54       0m 35s  ...               25.47         0.67
4   2026-01-23 12:47:30       0m 35s  ...               37.39         0.99
..                  ...          ...  ...                 ...          ...
90  2026-01-23 13:36:38       0m 27s  ...               11.52         0.30
91  2026-01-23 13:37:06       0m 30s  ...               45.04         1.15
92  2026-01-23 13:37:37       0m 28s  ...               13.53         0.35
93  2026-01-23 13:38:05       0m 40s  ...               98.85         3.19
94  2026-01-23 13:38:46       0m 29s  ...               17.16         0.48

[95 rows x 24 columns]
              timestamp time_elapsed  ... severity_rate_patch Gradient_sr2
0   2026-01-23 12:45:21       0m 30s  ...                1.74         0.04
1   2026-01-23 12:45:51       0m 30s  ...                4.36         0.11
2   2026-01-23 12:46:22       0m 32s  ...                0.85         0.02
3   2026-01-23 12:46:54       0m 35s  ...               25.47         0.67
4   2026-01-23 12:47:30       0m 35s  ...               37.39         0.99
..                  ...          ...  ...                 ...          ...
91  2026-01-23 13:37:06       0m 30s  ...               45.04         1.15
92  2026-01-23 13:37:37       0m 28s  ...               13.53         0.35
93  2026-01-23 13:38:05       0m 40s  ...               98.85         3.19
94  2026-01-23 13:38:46       0m 29s  ...               17.16         0.48
95  2026-01-23 13:39:15       0m 38s  ...               83.68         2.54

[96 rows x 24 columns]
              timestamp time_elapsed  ... severity_rate_patch Gradient_sr2
0   2026-01-23 12:45:21       0m 30s  ...                1.74         0.04
1   2026-01-23 12:45:51       0m 30s  ...                4.36         0.11
2   2026-01-23 12:46:22       0m 32s  ...                0.85         0.02
3   2026-01-23 12:46:54       0m 35s  ...               25.47         0.67
4   2026-01-23 12:47:30       0m 35s  ...               37.39         0.99
..                  ...          ...  ...                 ...          ...
92  2026-01-23 13:37:37       0m 28s  ...               13.53         0.35
93  2026-01-23 13:38:05       0m 40s  ...               98.85         3.19
94  2026-01-23 13:38:46       0m 29s  ...               17.16         0.48
95  2026-01-23 13:39:15       0m 38s  ...               83.68         2.54
96  2026-01-23 13:39:53       0m 25s  ...                2.20         0.06

[97 rows x 24 columns]
              timestamp time_elapsed  ... severity_rate_patch Gradient_sr2
0   2026-01-23 12:45:21       0m 30s  ...                1.74         0.04
1   2026-01-23 12:45:51       0m 30s  ...                4.36         0.11
2   2026-01-23 12:46:22       0m 32s  ...                0.85         0.02
3   2026-01-23 12:46:54       0m 35s  ...               25.47         0.67
4   2026-01-23 12:47:30       0m 35s  ...               37.39         0.99
..                  ...          ...  ...                 ...          ...
93  2026-01-23 13:38:05       0m 40s  ...               98.85         3.19
94  2026-01-23 13:38:46       0m 29s  ...               17.16         0.48
95  2026-01-23 13:39:15       0m 38s  ...               83.68         2.54
96  2026-01-23 13:39:53       0m 25s  ...                2.20         0.06
97  2026-01-23 13:40:19       0m 26s  ...               10.16         0.27

[98 rows x 24 columns]
              timestamp time_elapsed  ... severity_rate_patch Gradient_sr2
0   2026-01-23 12:45:21       0m 30s  ...                1.74         0.04
1   2026-01-23 12:45:51       0m 30s  ...                4.36         0.11
2   2026-01-23 12:46:22       0m 32s  ...                0.85         0.02
3   2026-01-23 12:46:54       0m 35s  ...               25.47         0.67
4   2026-01-23 12:47:30       0m 35s  ...               37.39         0.99
..                  ...          ...  ...                 ...          ...
94  2026-01-23 13:38:46       0m 29s  ...               17.16         0.48
95  2026-01-23 13:39:15       0m 38s  ...               83.68         2.54
96  2026-01-23 13:39:53       0m 25s  ...                2.20         0.06
97  2026-01-23 13:40:19       0m 26s  ...               10.16         0.27
98  2026-01-23 13:40:45       0m 25s  ...                4.23         0.11

[99 rows x 24 columns]
              timestamp time_elapsed  ... severity_rate_patch Gradient_sr2
0   2026-01-23 12:45:21       0m 30s  ...                1.74         0.04
1   2026-01-23 12:45:51       0m 30s  ...                4.36         0.11
2   2026-01-23 12:46:22       0m 32s  ...                0.85         0.02
3   2026-01-23 12:46:54       0m 35s  ...               25.47         0.67
4   2026-01-23 12:47:30       0m 35s  ...               37.39         0.99
..                  ...          ...  ...                 ...          ...
95  2026-01-23 13:39:15       0m 38s  ...               83.68         2.54
96  2026-01-23 13:39:53       0m 25s  ...                2.20         0.06
97  2026-01-23 13:40:19       0m 26s  ...               10.16         0.27
98  2026-01-23 13:40:45       0m 25s  ...                4.23         0.11
99  2026-01-23 13:41:11       0m 31s  ...               47.28         1.25

[100 rows x 24 columns]

real	56m30.357s
user	0m0.015s
sys	0m0.015s
