[2026-01-23 15:19:28,608] - [root] - [INFO] - leaf_correlation_mw.py
[2026-01-23 15:19:28,608] - [root] - [INFO] - model_type       : ResNet
[2026-01-23 15:19:28,608] - [root] - [INFO] - pretrained       : True
[2026-01-23 15:19:28,609] - [root] - [INFO] - loading_epoch    : 65
[2026-01-23 15:19:28,609] - [root] - [INFO] - timestamp        : Jan22_10-21-00_2026
[2026-01-23 15:19:28,609] - [root] - [INFO] - outdim           : 2
[2026-01-23 15:19:28,609] - [root] - [INFO] - dual_head        : True
[2026-01-23 15:19:28,609] - [root] - [INFO] - model_path       : ../..
[2026-01-23 15:19:28,609] - [root] - [INFO] - step_size        : 224
[2026-01-23 15:19:28,609] - [root] - [INFO] - means            : [0.541, 0.6371, 0.4188]
[2026-01-23 15:19:28,609] - [root] - [INFO] - stds             : [0.1764, 0.165, 0.2326]
[2026-01-23 15:19:28,609] - [root] - [INFO] - target_class     : 1
[2026-01-23 15:19:28,610] - [root] - [INFO] - contam_control   : False
[2026-01-23 15:19:28,610] - [root] - [INFO] - spor_th          : 0.8
[2026-01-23 15:19:28,610] - [root] - [INFO] - inf_gate         : 0.6
[2026-01-23 15:19:28,610] - [root] - [INFO] - pm               : HPM-1269
[2026-01-23 15:19:28,610] - [root] - [INFO] - mps              : False
[2026-01-23 15:19:28,610] - [root] - [INFO] - cuda             : True
[2026-01-23 15:19:28,610] - [root] - [INFO] - cuda_id          : 0
[2026-01-23 15:19:28,610] - [root] - [INFO] - sal_threshold    : 0.5
[2026-01-23 15:19:28,610] - [root] - [INFO] - up_threshold     : 0.6
[2026-01-23 15:19:28,610] - [root] - [INFO] - down_threshold   : 0.1
[2026-01-23 15:19:28,611] - [root] - [INFO] - dataset_path     : C:/Users/Intel User/Desktop/blackbird_scripts/data/human_disk_assessments
[2026-01-23 15:19:28,611] - [root] - [INFO] - img_folder       : 1-22-2026
[2026-01-23 15:19:28,611] - [root] - [INFO] - platform         : BlackBird
[2026-01-23 15:19:28,611] - [root] - [INFO] - threshold        : ['0.7']
[2026-01-23 15:19:28,611] - [root] - [INFO] - log              : ../../results/logs/random.log
[2026-01-23 15:19:28,611] - [root] - [INFO] - dpi              : 5
[2026-01-23 15:19:28,611] - [root] - [INFO] - group            : baseline
[2026-01-23 15:19:28,611] - [root] - [INFO] - trays            : ['5dpi']
[2026-01-23 15:19:28,611] - [root] - [INFO] - sal_gradcam      : False
[2026-01-23 15:19:28,611] - [root] - [INFO] - sal_gradient     : True
[2026-01-23 15:19:28,612] - [root] - [INFO] - sal_smoothgrad   : False
[2026-01-23 15:19:28,612] - [root] - [INFO] - sal_deeplift     : False
[2026-01-23 15:19:28,612] - [root] - [INFO] - sal_thresh_method : fixed
[2026-01-23 15:19:28,612] - [root] - [INFO] - sal_thresh_p     : 95.0
[2026-01-23 15:19:29,615] - [root] - [INFO] - -------------------------------------------
[2026-01-23 15:19:29,616] - [root] - [INFO] - Processing 1-22-2026 5dpi 002-W2021006-081_R1.png
[2026-01-23 15:19:45,966] - [root] - [INFO] - Finished loading mask: 0m 16s
[2026-01-23 15:19:54,004] - [root] - [INFO] - Finished crop and inference: 0m 24s
[2026-01-23 15:19:55,428] - [root] - [INFO] - Analysis finished: 0m 25s
[2026-01-23 15:19:55,428] - [root] - [INFO] - -------------------------------------------
[2026-01-23 15:19:55,428] - [root] - [INFO] - -------------------------------------------
[2026-01-23 15:19:55,429] - [root] - [INFO] - Processing 1-22-2026 5dpi 002-W2021010-336_R2.png
[2026-01-23 15:20:11,494] - [root] - [INFO] - Finished loading mask: 0m 16s
[2026-01-23 15:20:19,340] - [root] - [INFO] - Finished crop and inference: 0m 23s
[2026-01-23 15:20:20,906] - [root] - [INFO] - Analysis finished: 0m 25s
[2026-01-23 15:20:20,906] - [root] - [INFO] - -------------------------------------------
[2026-01-23 15:20:20,906] - [root] - [INFO] - -------------------------------------------
[2026-01-23 15:20:20,906] - [root] - [INFO] - Processing 1-22-2026 5dpi 005-W2021011-592_R2.png
[2026-01-23 15:20:37,535] - [root] - [INFO] - Finished loading mask: 0m 16s
[2026-01-23 15:20:46,076] - [root] - [INFO] - Finished crop and inference: 0m 25s
[2026-01-23 15:20:47,621] - [root] - [INFO] - Analysis finished: 0m 26s
[2026-01-23 15:20:47,621] - [root] - [INFO] - -------------------------------------------
[2026-01-23 15:20:47,621] - [root] - [INFO] - -------------------------------------------
[2026-01-23 15:20:47,622] - [root] - [INFO] - Processing 1-22-2026 5dpi 009-W2021010-311_R2.png
[2026-01-23 15:21:04,774] - [root] - [INFO] - Finished loading mask: 0m 17s
[2026-01-23 15:21:15,956] - [root] - [INFO] - Finished crop and inference: 0m 28s
[2026-01-23 15:21:17,502] - [root] - [INFO] - Analysis finished: 0m 29s
[2026-01-23 15:21:17,502] - [root] - [INFO] - -------------------------------------------
[2026-01-23 15:21:17,502] - [root] - [INFO] - -------------------------------------------
[2026-01-23 15:21:17,502] - [root] - [INFO] - Processing 1-22-2026 5dpi 010-W2021010-347_R2.png
[2026-01-23 15:21:35,230] - [root] - [INFO] - Finished loading mask: 0m 17s
[2026-01-23 15:21:47,463] - [root] - [INFO] - Finished crop and inference: 0m 29s
[2026-01-23 15:21:49,000] - [root] - [INFO] - Analysis finished: 0m 31s
[2026-01-23 15:21:49,000] - [root] - [INFO] - -------------------------------------------
[2026-01-23 15:21:49,000] - [root] - [INFO] - -------------------------------------------
[2026-01-23 15:21:49,000] - [root] - [INFO] - Processing 1-22-2026 5dpi 013-W2021009-172_R2.png
[2026-01-23 15:22:05,121] - [root] - [INFO] - Finished loading mask: 0m 16s
[2026-01-23 15:22:13,116] - [root] - [INFO] - Finished crop and inference: 0m 24s
[2026-01-23 15:22:14,664] - [root] - [INFO] - Analysis finished: 0m 25s
[2026-01-23 15:22:14,664] - [root] - [INFO] - -------------------------------------------
[2026-01-23 15:22:14,664] - [root] - [INFO] - -------------------------------------------
[2026-01-23 15:22:14,664] - [root] - [INFO] - Processing 1-22-2026 5dpi 015-W2021009-160_R1.png
[2026-01-23 15:22:31,633] - [root] - [INFO] - Finished loading mask: 0m 16s
[2026-01-23 15:22:43,821] - [root] - [INFO] - Finished crop and inference: 0m 29s
[2026-01-23 15:22:45,322] - [root] - [INFO] - Analysis finished: 0m 30s
[2026-01-23 15:22:45,323] - [root] - [INFO] - -------------------------------------------
[2026-01-23 15:22:45,323] - [root] - [INFO] - -------------------------------------------
[2026-01-23 15:22:45,323] - [root] - [INFO] - Processing 1-22-2026 5dpi 015-W2021011-633_R1.png
[2026-01-23 15:23:02,500] - [root] - [INFO] - Finished loading mask: 0m 17s
[2026-01-23 15:23:13,555] - [root] - [INFO] - Finished crop and inference: 0m 28s
[2026-01-23 15:23:15,134] - [root] - [INFO] - Analysis finished: 0m 29s
[2026-01-23 15:23:15,134] - [root] - [INFO] - -------------------------------------------
[2026-01-23 15:23:15,134] - [root] - [INFO] - -------------------------------------------
[2026-01-23 15:23:15,134] - [root] - [INFO] - Processing 1-22-2026 5dpi 017-W2021006-612_R2.png
[2026-01-23 15:23:32,337] - [root] - [INFO] - Finished loading mask: 0m 17s
[2026-01-23 15:23:42,928] - [root] - [INFO] - Finished crop and inference: 0m 27s
[2026-01-23 15:23:44,504] - [root] - [INFO] - Analysis finished: 0m 29s
[2026-01-23 15:23:44,504] - [root] - [INFO] - -------------------------------------------
[2026-01-23 15:23:44,505] - [root] - [INFO] - -------------------------------------------
[2026-01-23 15:23:44,505] - [root] - [INFO] - Processing 1-22-2026 5dpi 019-W2021010-428_R2.png
[2026-01-23 15:24:01,180] - [root] - [INFO] - Finished loading mask: 0m 16s
[2026-01-23 15:24:08,764] - [root] - [INFO] - Finished crop and inference: 0m 24s
[2026-01-23 15:24:10,344] - [root] - [INFO] - Analysis finished: 0m 25s
[2026-01-23 15:24:10,344] - [root] - [INFO] - -------------------------------------------
[2026-01-23 15:24:10,344] - [root] - [INFO] - -------------------------------------------
[2026-01-23 15:24:10,344] - [root] - [INFO] - Processing 1-22-2026 5dpi 021-W2021009-175_R1.png
[2026-01-23 15:24:26,800] - [root] - [INFO] - Finished loading mask: 0m 16s
[2026-01-23 15:24:35,373] - [root] - [INFO] - Finished crop and inference: 0m 25s
[2026-01-23 15:24:36,936] - [root] - [INFO] - Analysis finished: 0m 26s
[2026-01-23 15:24:36,937] - [root] - [INFO] - -------------------------------------------
[2026-01-23 15:24:36,937] - [root] - [INFO] - -------------------------------------------
[2026-01-23 15:24:36,937] - [root] - [INFO] - Processing 1-22-2026 5dpi 022-W2021009-198_R2.png
[2026-01-23 15:24:53,761] - [root] - [INFO] - Finished loading mask: 0m 16s
[2026-01-23 15:25:04,170] - [root] - [INFO] - Finished crop and inference: 0m 27s
[2026-01-23 15:25:05,756] - [root] - [INFO] - Analysis finished: 0m 28s
[2026-01-23 15:25:05,756] - [root] - [INFO] - -------------------------------------------
[2026-01-23 15:25:05,756] - [root] - [INFO] - -------------------------------------------
[2026-01-23 15:25:05,756] - [root] - [INFO] - Processing 1-22-2026 5dpi 023-W2021006-049_R1.png
[2026-01-23 15:25:22,334] - [root] - [INFO] - Finished loading mask: 0m 16s
[2026-01-23 15:25:31,784] - [root] - [INFO] - Finished crop and inference: 0m 26s
[2026-01-23 15:25:33,361] - [root] - [INFO] - Analysis finished: 0m 27s
[2026-01-23 15:25:33,361] - [root] - [INFO] - -------------------------------------------
[2026-01-23 15:25:33,361] - [root] - [INFO] - -------------------------------------------
[2026-01-23 15:25:33,361] - [root] - [INFO] - Processing 1-22-2026 5dpi 023-W2021010-305_R2.png
[2026-01-23 15:25:50,129] - [root] - [INFO] - Finished loading mask: 0m 16s
[2026-01-23 15:25:59,162] - [root] - [INFO] - Finished crop and inference: 0m 25s
[2026-01-23 15:26:00,725] - [root] - [INFO] - Analysis finished: 0m 27s
[2026-01-23 15:26:00,725] - [root] - [INFO] - -------------------------------------------
[2026-01-23 15:26:00,725] - [root] - [INFO] - -------------------------------------------
[2026-01-23 15:26:00,725] - [root] - [INFO] - Processing 1-22-2026 5dpi 026-W2021009-622_R2.png
[2026-01-23 15:26:17,941] - [root] - [INFO] - Finished loading mask: 0m 17s
[2026-01-23 15:26:29,681] - [root] - [INFO] - Finished crop and inference: 0m 28s
[2026-01-23 15:26:31,232] - [root] - [INFO] - Analysis finished: 0m 30s
[2026-01-23 15:26:31,232] - [root] - [INFO] - -------------------------------------------
[2026-01-23 15:26:31,232] - [root] - [INFO] - -------------------------------------------
[2026-01-23 15:26:31,232] - [root] - [INFO] - Processing 1-22-2026 5dpi 032-W2021006-041_R2.png
[2026-01-23 15:26:48,527] - [root] - [INFO] - Finished loading mask: 0m 17s
[2026-01-23 15:26:59,431] - [root] - [INFO] - Finished crop and inference: 0m 28s
[2026-01-23 15:27:01,014] - [root] - [INFO] - Analysis finished: 0m 29s
[2026-01-23 15:27:01,014] - [root] - [INFO] - -------------------------------------------
[2026-01-23 15:27:01,014] - [root] - [INFO] - -------------------------------------------
[2026-01-23 15:27:01,014] - [root] - [INFO] - Processing 1-22-2026 5dpi 032-W2021009-155_R1.png
[2026-01-23 15:27:18,995] - [root] - [INFO] - Finished loading mask: 0m 17s
[2026-01-23 15:27:38,533] - [root] - [INFO] - Finished crop and inference: 0m 37s
[2026-01-23 15:27:40,208] - [root] - [INFO] - Analysis finished: 0m 39s
[2026-01-23 15:27:40,208] - [root] - [INFO] - -------------------------------------------
[2026-01-23 15:27:40,208] - [root] - [INFO] - -------------------------------------------
[2026-01-23 15:27:40,208] - [root] - [INFO] - Processing 1-22-2026 5dpi 036-W2021006-047_R2.png
[2026-01-23 15:27:56,877] - [root] - [INFO] - Finished loading mask: 0m 16s
[2026-01-23 15:28:04,757] - [root] - [INFO] - Finished crop and inference: 0m 24s
[2026-01-23 15:28:06,349] - [root] - [INFO] - Analysis finished: 0m 26s
[2026-01-23 15:28:06,349] - [root] - [INFO] - -------------------------------------------
[2026-01-23 15:28:06,350] - [root] - [INFO] - -------------------------------------------
[2026-01-23 15:28:06,350] - [root] - [INFO] - Processing 1-22-2026 5dpi 040-W2021009-207_R1.png
[2026-01-23 15:28:22,939] - [root] - [INFO] - Finished loading mask: 0m 16s
[2026-01-23 15:28:33,499] - [root] - [INFO] - Finished crop and inference: 0m 27s
[2026-01-23 15:28:35,028] - [root] - [INFO] - Analysis finished: 0m 28s
[2026-01-23 15:28:35,029] - [root] - [INFO] - -------------------------------------------
[2026-01-23 15:28:35,029] - [root] - [INFO] - -------------------------------------------
[2026-01-23 15:28:35,029] - [root] - [INFO] - Processing 1-22-2026 5dpi 042-W2021010-429_R1.png
[2026-01-23 15:28:52,781] - [root] - [INFO] - Finished loading mask: 0m 17s
[2026-01-23 15:29:08,437] - [root] - [INFO] - Finished crop and inference: 0m 33s
             timestamp time_elapsed  ... severity_rate_patch Gradient_sr2
0  2026-01-23 15:19:29       0m 25s  ...                1.74         0.04

[1 rows x 24 columns]
             timestamp time_elapsed  ... severity_rate_patch Gradient_sr2
0  2026-01-23 15:19:29       0m 25s  ...                1.74         0.04
1  2026-01-23 15:19:55       0m 25s  ...                4.36         0.11

[2 rows x 24 columns]
             timestamp time_elapsed  ... severity_rate_patch Gradient_sr2
0  2026-01-23 15:19:29       0m 25s  ...                1.74         0.04
1  2026-01-23 15:19:55       0m 25s  ...                4.36         0.11
2  2026-01-23 15:20:20       0m 26s  ...                0.85         0.02

[3 rows x 24 columns]
             timestamp time_elapsed  ... severity_rate_patch Gradient_sr2
0  2026-01-23 15:19:29       0m 25s  ...                1.74         0.04
1  2026-01-23 15:19:55       0m 25s  ...                4.36         0.11
2  2026-01-23 15:20:20       0m 26s  ...                0.85         0.02
3  2026-01-23 15:20:47       0m 29s  ...               25.47         0.67

[4 rows x 24 columns]
             timestamp time_elapsed  ... severity_rate_patch Gradient_sr2
0  2026-01-23 15:19:29       0m 25s  ...                1.74         0.04
1  2026-01-23 15:19:55       0m 25s  ...                4.36         0.11
2  2026-01-23 15:20:20       0m 26s  ...                0.85         0.02
3  2026-01-23 15:20:47       0m 29s  ...               25.47         0.67
4  2026-01-23 15:21:17       0m 31s  ...               37.39         0.99

[5 rows x 24 columns]
             timestamp time_elapsed  ... severity_rate_patch Gradient_sr2
0  2026-01-23 15:19:29       0m 25s  ...                1.74         0.04
1  2026-01-23 15:19:55       0m 25s  ...                4.36         0.11
2  2026-01-23 15:20:20       0m 26s  ...                0.85         0.02
3  2026-01-23 15:20:47       0m 29s  ...               25.47         0.67
4  2026-01-23 15:21:17       0m 31s  ...               37.39         0.99
5  2026-01-23 15:21:49       0m 25s  ...                0.45         0.01

[6 rows x 24 columns]
             timestamp time_elapsed  ... severity_rate_patch Gradient_sr2
0  2026-01-23 15:19:29       0m 25s  ...                1.74         0.04
1  2026-01-23 15:19:55       0m 25s  ...                4.36         0.11
2  2026-01-23 15:20:20       0m 26s  ...                0.85         0.02
3  2026-01-23 15:20:47       0m 29s  ...               25.47         0.67
4  2026-01-23 15:21:17       0m 31s  ...               37.39         0.99
5  2026-01-23 15:21:49       0m 25s  ...                0.45         0.01
6  2026-01-23 15:22:14       0m 30s  ...               38.62         0.91

[7 rows x 24 columns]
             timestamp time_elapsed  ... severity_rate_patch Gradient_sr2
0  2026-01-23 15:19:29       0m 25s  ...                1.74         0.04
1  2026-01-23 15:19:55       0m 25s  ...                4.36         0.11
2  2026-01-23 15:20:20       0m 26s  ...                0.85         0.02
3  2026-01-23 15:20:47       0m 29s  ...               25.47         0.67
4  2026-01-23 15:21:17       0m 31s  ...               37.39         0.99
5  2026-01-23 15:21:49       0m 25s  ...                0.45         0.01
6  2026-01-23 15:22:14       0m 30s  ...               38.62         0.91
7  2026-01-23 15:22:45       0m 29s  ...               19.86         0.56

[8 rows x 24 columns]
             timestamp time_elapsed  ... severity_rate_patch Gradient_sr2
0  2026-01-23 15:19:29       0m 25s  ...                1.74         0.04
1  2026-01-23 15:19:55       0m 25s  ...                4.36         0.11
2  2026-01-23 15:20:20       0m 26s  ...                0.85         0.02
3  2026-01-23 15:20:47       0m 29s  ...               25.47         0.67
4  2026-01-23 15:21:17       0m 31s  ...               37.39         0.99
5  2026-01-23 15:21:49       0m 25s  ...                0.45         0.01
6  2026-01-23 15:22:14       0m 30s  ...               38.62         0.91
7  2026-01-23 15:22:45       0m 29s  ...               19.86         0.56
8  2026-01-23 15:23:15       0m 29s  ...               39.61         1.05

[9 rows x 24 columns]
             timestamp time_elapsed  ... severity_rate_patch Gradient_sr2
0  2026-01-23 15:19:29       0m 25s  ...                1.74         0.04
1  2026-01-23 15:19:55       0m 25s  ...                4.36         0.11
2  2026-01-23 15:20:20       0m 26s  ...                0.85         0.02
3  2026-01-23 15:20:47       0m 29s  ...               25.47         0.67
4  2026-01-23 15:21:17       0m 31s  ...               37.39         0.99
5  2026-01-23 15:21:49       0m 25s  ...                0.45         0.01
6  2026-01-23 15:22:14       0m 30s  ...               38.62         0.91
7  2026-01-23 15:22:45       0m 29s  ...               19.86         0.56
8  2026-01-23 15:23:15       0m 29s  ...               39.61         1.05
9  2026-01-23 15:23:44       0m 25s  ...                1.79         0.05

[10 rows x 24 columns]
              timestamp time_elapsed  ... severity_rate_patch Gradient_sr2
0   2026-01-23 15:19:29       0m 25s  ...                1.74         0.04
1   2026-01-23 15:19:55       0m 25s  ...                4.36         0.11
2   2026-01-23 15:20:20       0m 26s  ...                0.85         0.02
3   2026-01-23 15:20:47       0m 29s  ...               25.47         0.67
4   2026-01-23 15:21:17       0m 31s  ...               37.39         0.99
5   2026-01-23 15:21:49       0m 25s  ...                0.45         0.01
6   2026-01-23 15:22:14       0m 30s  ...               38.62         0.91
7   2026-01-23 15:22:45       0m 29s  ...               19.86         0.56
8   2026-01-23 15:23:15       0m 29s  ...               39.61         1.05
9   2026-01-23 15:23:44       0m 25s  ...                1.79         0.05
10  2026-01-23 15:24:10       0m 26s  ...                2.79         0.07

[11 rows x 24 columns]
              timestamp time_elapsed  ... severity_rate_patch Gradient_sr2
0   2026-01-23 15:19:29       0m 25s  ...                1.74         0.04
1   2026-01-23 15:19:55       0m 25s  ...                4.36         0.11
2   2026-01-23 15:20:20       0m 26s  ...                0.85         0.02
3   2026-01-23 15:20:47       0m 29s  ...               25.47         0.67
4   2026-01-23 15:21:17       0m 31s  ...               37.39         0.99
5   2026-01-23 15:21:49       0m 25s  ...                0.45         0.01
6   2026-01-23 15:22:14       0m 30s  ...               38.62         0.91
7   2026-01-23 15:22:45       0m 29s  ...               19.86         0.56
8   2026-01-23 15:23:15       0m 29s  ...               39.61         1.05
9   2026-01-23 15:23:44       0m 25s  ...                1.79         0.05
10  2026-01-23 15:24:10       0m 26s  ...                2.79         0.07
11  2026-01-23 15:24:36       0m 28s  ...               20.77         0.49

[12 rows x 24 columns]
              timestamp time_elapsed  ... severity_rate_patch Gradient_sr2
0   2026-01-23 15:19:29       0m 25s  ...                1.74         0.04
1   2026-01-23 15:19:55       0m 25s  ...                4.36         0.11
2   2026-01-23 15:20:20       0m 26s  ...                0.85         0.02
3   2026-01-23 15:20:47       0m 29s  ...               25.47         0.67
4   2026-01-23 15:21:17       0m 31s  ...               37.39         0.99
5   2026-01-23 15:21:49       0m 25s  ...                0.45         0.01
6   2026-01-23 15:22:14       0m 30s  ...               38.62         0.91
7   2026-01-23 15:22:45       0m 29s  ...               19.86         0.56
8   2026-01-23 15:23:15       0m 29s  ...               39.61         1.05
9   2026-01-23 15:23:44       0m 25s  ...                1.79         0.05
10  2026-01-23 15:24:10       0m 26s  ...                2.79         0.07
11  2026-01-23 15:24:36       0m 28s  ...               20.77         0.49
12  2026-01-23 15:25:05       0m 27s  ...               20.60         0.51

[13 rows x 24 columns]
[2026-01-23 15:29:09,973] - [root] - [INFO] - Analysis finished: 0m 34s
[2026-01-23 15:29:09,973] - [root] - [INFO] - -------------------------------------------
[2026-01-23 15:29:09,973] - [root] - [INFO] - -------------------------------------------
[2026-01-23 15:29:09,973] - [root] - [INFO] - Processing 1-22-2026 5dpi 044-W2021009-169_R2.png
[2026-01-23 15:29:26,212] - [root] - [INFO] - Finished loading mask: 0m 16s
[2026-01-23 15:29:34,155] - [root] - [INFO] - Finished crop and inference: 0m 24s
[2026-01-23 15:29:35,734] - [root] - [INFO] - Analysis finished: 0m 25s
[2026-01-23 15:29:35,734] - [root] - [INFO] - -------------------------------------------
[2026-01-23 15:29:35,734] - [root] - [INFO] - -------------------------------------------
[2026-01-23 15:29:35,735] - [root] - [INFO] - Processing 1-22-2026 5dpi 044-W2021009-618_R1.png
[2026-01-23 15:29:52,554] - [root] - [INFO] - Finished loading mask: 0m 16s
[2026-01-23 15:30:02,774] - [root] - [INFO] - Finished crop and inference: 0m 27s
[2026-01-23 15:30:04,338] - [root] - [INFO] - Analysis finished: 0m 28s
[2026-01-23 15:30:04,338] - [root] - [INFO] - -------------------------------------------
[2026-01-23 15:30:04,338] - [root] - [INFO] - -------------------------------------------
[2026-01-23 15:30:04,338] - [root] - [INFO] - Processing 1-22-2026 5dpi 047-W2021011-482_R1.png
[2026-01-23 15:30:21,777] - [root] - [INFO] - Finished loading mask: 0m 17s
[2026-01-23 15:30:34,047] - [root] - [INFO] - Finished crop and inference: 0m 29s
[2026-01-23 15:30:35,577] - [root] - [INFO] - Analysis finished: 0m 31s
[2026-01-23 15:30:35,577] - [root] - [INFO] - -------------------------------------------
[2026-01-23 15:30:35,577] - [root] - [INFO] - -------------------------------------------
[2026-01-23 15:30:35,577] - [root] - [INFO] - Processing 1-22-2026 5dpi 048-W2021006-147_R1.png
[2026-01-23 15:30:51,658] - [root] - [INFO] - Finished loading mask: 0m 16s
[2026-01-23 15:30:57,739] - [root] - [INFO] - Finished crop and inference: 0m 22s
              timestamp time_elapsed  ... severity_rate_patch Gradient_sr2
0   2026-01-23 15:19:29       0m 25s  ...                1.74         0.04
1   2026-01-23 15:19:55       0m 25s  ...                4.36         0.11
2   2026-01-23 15:20:20       0m 26s  ...                0.85         0.02
3   2026-01-23 15:20:47       0m 29s  ...               25.47         0.67
4   2026-01-23 15:21:17       0m 31s  ...               37.39         0.99
5   2026-01-23 15:21:49       0m 25s  ...                0.45         0.01
6   2026-01-23 15:22:14       0m 30s  ...               38.62         0.91
7   2026-01-23 15:22:45       0m 29s  ...               19.86         0.56
8   2026-01-23 15:23:15       0m 29s  ...               39.61         1.05
9   2026-01-23 15:23:44       0m 25s  ...                1.79         0.05
10  2026-01-23 15:24:10       0m 26s  ...                2.79         0.07
11  2026-01-23 15:24:36       0m 28s  ...               20.77         0.49
12  2026-01-23 15:25:05       0m 27s  ...               20.60         0.51
13  2026-01-23 15:25:33       0m 27s  ...               15.28         0.35

[14 rows x 24 columns]
              timestamp time_elapsed  ... severity_rate_patch Gradient_sr2
0   2026-01-23 15:19:29       0m 25s  ...                1.74         0.04
1   2026-01-23 15:19:55       0m 25s  ...                4.36         0.11
2   2026-01-23 15:20:20       0m 26s  ...                0.85         0.02
3   2026-01-23 15:20:47       0m 29s  ...               25.47         0.67
4   2026-01-23 15:21:17       0m 31s  ...               37.39         0.99
5   2026-01-23 15:21:49       0m 25s  ...                0.45         0.01
6   2026-01-23 15:22:14       0m 30s  ...               38.62         0.91
7   2026-01-23 15:22:45       0m 29s  ...               19.86         0.56
8   2026-01-23 15:23:15       0m 29s  ...               39.61         1.05
9   2026-01-23 15:23:44       0m 25s  ...                1.79         0.05
10  2026-01-23 15:24:10       0m 26s  ...                2.79         0.07
11  2026-01-23 15:24:36       0m 28s  ...               20.77         0.49
12  2026-01-23 15:25:05       0m 27s  ...               20.60         0.51
13  2026-01-23 15:25:33       0m 27s  ...               15.28         0.35
14  2026-01-23 15:26:00       0m 30s  ...               30.18         0.79

[15 rows x 24 columns]
              timestamp time_elapsed  ... severity_rate_patch Gradient_sr2
0   2026-01-23 15:19:29       0m 25s  ...                1.74         0.04
1   2026-01-23 15:19:55       0m 25s  ...                4.36         0.11
2   2026-01-23 15:20:20       0m 26s  ...                0.85         0.02
3   2026-01-23 15:20:47       0m 29s  ...               25.47         0.67
4   2026-01-23 15:21:17       0m 31s  ...               37.39         0.99
5   2026-01-23 15:21:49       0m 25s  ...                0.45         0.01
6   2026-01-23 15:22:14       0m 30s  ...               38.62         0.91
7   2026-01-23 15:22:45       0m 29s  ...               19.86         0.56
8   2026-01-23 15:23:15       0m 29s  ...               39.61         1.05
9   2026-01-23 15:23:44       0m 25s  ...                1.79         0.05
10  2026-01-23 15:24:10       0m 26s  ...                2.79         0.07
11  2026-01-23 15:24:36       0m 28s  ...               20.77         0.49
12  2026-01-23 15:25:05       0m 27s  ...               20.60         0.51
13  2026-01-23 15:25:33       0m 27s  ...               15.28         0.35
14  2026-01-23 15:26:00       0m 30s  ...               30.18         0.79
15  2026-01-23 15:26:31       0m 29s  ...               19.25         0.48

[16 rows x 24 columns]
              timestamp time_elapsed  ... severity_rate_patch Gradient_sr2
0   2026-01-23 15:19:29       0m 25s  ...                1.74         0.04
1   2026-01-23 15:19:55       0m 25s  ...                4.36         0.11
2   2026-01-23 15:20:20       0m 26s  ...                0.85         0.02
3   2026-01-23 15:20:47       0m 29s  ...               25.47         0.67
4   2026-01-23 15:21:17       0m 31s  ...               37.39         0.99
5   2026-01-23 15:21:49       0m 25s  ...                0.45         0.01
6   2026-01-23 15:22:14       0m 30s  ...               38.62         0.91
7   2026-01-23 15:22:45       0m 29s  ...               19.86         0.56
8   2026-01-23 15:23:15       0m 29s  ...               39.61         1.05
9   2026-01-23 15:23:44       0m 25s  ...                1.79         0.05
10  2026-01-23 15:24:10       0m 26s  ...                2.79         0.07
11  2026-01-23 15:24:36       0m 28s  ...               20.77         0.49
12  2026-01-23 15:25:05       0m 27s  ...               20.60         0.51
13  2026-01-23 15:25:33       0m 27s  ...               15.28         0.35
14  2026-01-23 15:26:00       0m 30s  ...               30.18         0.79
15  2026-01-23 15:26:31       0m 29s  ...               19.25         0.48
16  2026-01-23 15:27:01       0m 39s  ...               85.84         2.58

[17 rows x 24 columns]
              timestamp time_elapsed  ... severity_rate_patch Gradient_sr2
0   2026-01-23 15:19:29       0m 25s  ...                1.74         0.04
1   2026-01-23 15:19:55       0m 25s  ...                4.36         0.11
2   2026-01-23 15:20:20       0m 26s  ...                0.85         0.02
3   2026-01-23 15:20:47       0m 29s  ...               25.47         0.67
4   2026-01-23 15:21:17       0m 31s  ...               37.39         0.99
5   2026-01-23 15:21:49       0m 25s  ...                0.45         0.01
6   2026-01-23 15:22:14       0m 30s  ...               38.62         0.91
7   2026-01-23 15:22:45       0m 29s  ...               19.86         0.56
8   2026-01-23 15:23:15       0m 29s  ...               39.61         1.05
9   2026-01-23 15:23:44       0m 25s  ...                1.79         0.05
10  2026-01-23 15:24:10       0m 26s  ...                2.79         0.07
11  2026-01-23 15:24:36       0m 28s  ...               20.77         0.49
12  2026-01-23 15:25:05       0m 27s  ...               20.60         0.51
13  2026-01-23 15:25:33       0m 27s  ...               15.28         0.35
14  2026-01-23 15:26:00       0m 30s  ...               30.18         0.79
15  2026-01-23 15:26:31       0m 29s  ...               19.25         0.48
16  2026-01-23 15:27:01       0m 39s  ...               85.84         2.58
17  2026-01-23 15:27:40       0m 26s  ...                0.76         0.02

[18 rows x 24 columns]
              timestamp time_elapsed  ... severity_rate_patch Gradient_sr2
0   2026-01-23 15:19:29       0m 25s  ...                1.74         0.04
1   2026-01-23 15:19:55       0m 25s  ...                4.36         0.11
2   2026-01-23 15:20:20       0m 26s  ...                0.85         0.02
3   2026-01-23 15:20:47       0m 29s  ...               25.47         0.67
4   2026-01-23 15:21:17       0m 31s  ...               37.39         0.99
5   2026-01-23 15:21:49       0m 25s  ...                0.45         0.01
6   2026-01-23 15:22:14       0m 30s  ...               38.62         0.91
7   2026-01-23 15:22:45       0m 29s  ...               19.86         0.56
8   2026-01-23 15:23:15       0m 29s  ...               39.61         1.05
9   2026-01-23 15:23:44       0m 25s  ...                1.79         0.05
10  2026-01-23 15:24:10       0m 26s  ...                2.79         0.07
11  2026-01-23 15:24:36       0m 28s  ...               20.77         0.49
12  2026-01-23 15:25:05       0m 27s  ...               20.60         0.51
13  2026-01-23 15:25:33       0m 27s  ...               15.28         0.35
14  2026-01-23 15:26:00       0m 30s  ...               30.18         0.79
15  2026-01-23 15:26:31       0m 29s  ...               19.25         0.48
16  2026-01-23 15:27:01       0m 39s  ...               85.84         2.58
17  2026-01-23 15:27:40       0m 26s  ...                0.76         0.02
18  2026-01-23 15:28:06       0m 28s  ...               23.22         0.57

[19 rows x 24 columns]
[2026-01-23 15:30:59,279] - [root] - [INFO] - Analysis finished: 0m 23s
[2026-01-23 15:30:59,279] - [root] - [INFO] - -------------------------------------------
[2026-01-23 15:30:59,279] - [root] - [INFO] - -------------------------------------------
[2026-01-23 15:30:59,279] - [root] - [INFO] - Processing 1-22-2026 5dpi 052-W2021006-004_R2.png
[2026-01-23 15:31:15,649] - [root] - [INFO] - Finished loading mask: 0m 16s
[2026-01-23 15:31:22,890] - [root] - [INFO] - Finished crop and inference: 0m 23s
[2026-01-23 15:31:24,449] - [root] - [INFO] - Analysis finished: 0m 25s
[2026-01-23 15:31:24,449] - [root] - [INFO] - -------------------------------------------
[2026-01-23 15:31:24,449] - [root] - [INFO] - -------------------------------------------
[2026-01-23 15:31:24,449] - [root] - [INFO] - Processing 1-22-2026 5dpi 055-W2021010-341_R2.png
[2026-01-23 15:31:41,150] - [root] - [INFO] - Finished loading mask: 0m 16s
[2026-01-23 15:31:49,773] - [root] - [INFO] - Finished crop and inference: 0m 25s
[2026-01-23 15:31:51,354] - [root] - [INFO] - Analysis finished: 0m 26s
[2026-01-23 15:31:51,354] - [root] - [INFO] - -------------------------------------------
[2026-01-23 15:31:51,354] - [root] - [INFO] - -------------------------------------------
[2026-01-23 15:31:51,354] - [root] - [INFO] - Processing 1-22-2026 5dpi 055-W2021010-397_R2.png
[2026-01-23 15:32:08,364] - [root] - [INFO] - Finished loading mask: 0m 17s
[2026-01-23 15:32:17,808] - [root] - [INFO] - Finished crop and inference: 0m 26s
[2026-01-23 15:32:19,382] - [root] - [INFO] - Analysis finished: 0m 28s
[2026-01-23 15:32:19,382] - [root] - [INFO] - -------------------------------------------
[2026-01-23 15:32:19,382] - [root] - [INFO] - -------------------------------------------
[2026-01-23 15:32:19,382] - [root] - [INFO] - Processing 1-22-2026 5dpi 056-W2021006-609_R1.png
[2026-01-23 15:32:36,210] - [root] - [INFO] - Finished loading mask: 0m 16s
[2026-01-23 15:32:47,781] - [root] - [INFO] - Finished crop and inference: 0m 28s
              timestamp time_elapsed  ... severity_rate_patch Gradient_sr2
0   2026-01-23 15:19:29       0m 25s  ...                1.74         0.04
1   2026-01-23 15:19:55       0m 25s  ...                4.36         0.11
2   2026-01-23 15:20:20       0m 26s  ...                0.85         0.02
3   2026-01-23 15:20:47       0m 29s  ...               25.47         0.67
4   2026-01-23 15:21:17       0m 31s  ...               37.39         0.99
5   2026-01-23 15:21:49       0m 25s  ...                0.45         0.01
6   2026-01-23 15:22:14       0m 30s  ...               38.62         0.91
7   2026-01-23 15:22:45       0m 29s  ...               19.86         0.56
8   2026-01-23 15:23:15       0m 29s  ...               39.61         1.05
9   2026-01-23 15:23:44       0m 25s  ...                1.79         0.05
10  2026-01-23 15:24:10       0m 26s  ...                2.79         0.07
11  2026-01-23 15:24:36       0m 28s  ...               20.77         0.49
12  2026-01-23 15:25:05       0m 27s  ...               20.60         0.51
13  2026-01-23 15:25:33       0m 27s  ...               15.28         0.35
14  2026-01-23 15:26:00       0m 30s  ...               30.18         0.79
15  2026-01-23 15:26:31       0m 29s  ...               19.25         0.48
16  2026-01-23 15:27:01       0m 39s  ...               85.84         2.58
17  2026-01-23 15:27:40       0m 26s  ...                0.76         0.02
18  2026-01-23 15:28:06       0m 28s  ...               23.22         0.57
19  2026-01-23 15:28:35       0m 34s  ...               62.76         1.72

[20 rows x 24 columns]
              timestamp time_elapsed  ... severity_rate_patch Gradient_sr2
0   2026-01-23 15:19:29       0m 25s  ...                1.74         0.04
1   2026-01-23 15:19:55       0m 25s  ...                4.36         0.11
2   2026-01-23 15:20:20       0m 26s  ...                0.85         0.02
3   2026-01-23 15:20:47       0m 29s  ...               25.47         0.67
4   2026-01-23 15:21:17       0m 31s  ...               37.39         0.99
5   2026-01-23 15:21:49       0m 25s  ...                0.45         0.01
6   2026-01-23 15:22:14       0m 30s  ...               38.62         0.91
7   2026-01-23 15:22:45       0m 29s  ...               19.86         0.56
8   2026-01-23 15:23:15       0m 29s  ...               39.61         1.05
9   2026-01-23 15:23:44       0m 25s  ...                1.79         0.05
10  2026-01-23 15:24:10       0m 26s  ...                2.79         0.07
11  2026-01-23 15:24:36       0m 28s  ...               20.77         0.49
12  2026-01-23 15:25:05       0m 27s  ...               20.60         0.51
13  2026-01-23 15:25:33       0m 27s  ...               15.28         0.35
14  2026-01-23 15:26:00       0m 30s  ...               30.18         0.79
15  2026-01-23 15:26:31       0m 29s  ...               19.25         0.48
16  2026-01-23 15:27:01       0m 39s  ...               85.84         2.58
17  2026-01-23 15:27:40       0m 26s  ...                0.76         0.02
18  2026-01-23 15:28:06       0m 28s  ...               23.22         0.57
19  2026-01-23 15:28:35       0m 34s  ...               62.76         1.72
20  2026-01-23 15:29:09       0m 25s  ...                1.10         0.03

[21 rows x 24 columns]
              timestamp time_elapsed  ... severity_rate_patch Gradient_sr2
0   2026-01-23 15:19:29       0m 25s  ...                1.74         0.04
1   2026-01-23 15:19:55       0m 25s  ...                4.36         0.11
2   2026-01-23 15:20:20       0m 26s  ...                0.85         0.02
3   2026-01-23 15:20:47       0m 29s  ...               25.47         0.67
4   2026-01-23 15:21:17       0m 31s  ...               37.39         0.99
5   2026-01-23 15:21:49       0m 25s  ...                0.45         0.01
6   2026-01-23 15:22:14       0m 30s  ...               38.62         0.91
7   2026-01-23 15:22:45       0m 29s  ...               19.86         0.56
8   2026-01-23 15:23:15       0m 29s  ...               39.61         1.05
9   2026-01-23 15:23:44       0m 25s  ...                1.79         0.05
10  2026-01-23 15:24:10       0m 26s  ...                2.79         0.07
11  2026-01-23 15:24:36       0m 28s  ...               20.77         0.49
12  2026-01-23 15:25:05       0m 27s  ...               20.60         0.51
13  2026-01-23 15:25:33       0m 27s  ...               15.28         0.35
14  2026-01-23 15:26:00       0m 30s  ...               30.18         0.79
15  2026-01-23 15:26:31       0m 29s  ...               19.25         0.48
16  2026-01-23 15:27:01       0m 39s  ...               85.84         2.58
17  2026-01-23 15:27:40       0m 26s  ...                0.76         0.02
18  2026-01-23 15:28:06       0m 28s  ...               23.22         0.57
19  2026-01-23 15:28:35       0m 34s  ...               62.76         1.72
20  2026-01-23 15:29:09       0m 25s  ...                1.10         0.03
21  2026-01-23 15:29:35       0m 28s  ...               19.31         0.52

[22 rows x 24 columns]
              timestamp time_elapsed  ... severity_rate_patch Gradient_sr2
0   2026-01-23 15:19:29       0m 25s  ...                1.74         0.04
1   2026-01-23 15:19:55       0m 25s  ...                4.36         0.11
2   2026-01-23 15:20:20       0m 26s  ...                0.85         0.02
3   2026-01-23 15:20:47       0m 29s  ...               25.47         0.67
4   2026-01-23 15:21:17       0m 31s  ...               37.39         0.99
5   2026-01-23 15:21:49       0m 25s  ...                0.45         0.01
6   2026-01-23 15:22:14       0m 30s  ...               38.62         0.91
7   2026-01-23 15:22:45       0m 29s  ...               19.86         0.56
8   2026-01-23 15:23:15       0m 29s  ...               39.61         1.05
9   2026-01-23 15:23:44       0m 25s  ...                1.79         0.05
10  2026-01-23 15:24:10       0m 26s  ...                2.79         0.07
11  2026-01-23 15:24:36       0m 28s  ...               20.77         0.49
12  2026-01-23 15:25:05       0m 27s  ...               20.60         0.51
13  2026-01-23 15:25:33       0m 27s  ...               15.28         0.35
14  2026-01-23 15:26:00       0m 30s  ...               30.18         0.79
15  2026-01-23 15:26:31       0m 29s  ...               19.25         0.48
16  2026-01-23 15:27:01       0m 39s  ...               85.84         2.58
17  2026-01-23 15:27:40       0m 26s  ...                0.76         0.02
18  2026-01-23 15:28:06       0m 28s  ...               23.22         0.57
19  2026-01-23 15:28:35       0m 34s  ...               62.76         1.72
20  2026-01-23 15:29:09       0m 25s  ...                1.10         0.03
21  2026-01-23 15:29:35       0m 28s  ...               19.31         0.52
22  2026-01-23 15:30:04       0m 31s  ...               42.05         1.16

[23 rows x 24 columns]
[2026-01-23 15:32:49,351] - [root] - [INFO] - Analysis finished: 0m 29s
[2026-01-23 15:32:49,351] - [root] - [INFO] - -------------------------------------------
[2026-01-23 15:32:49,351] - [root] - [INFO] - -------------------------------------------
[2026-01-23 15:32:49,351] - [root] - [INFO] - Processing 1-22-2026 5dpi 059-W2021010-434_R1.png
[2026-01-23 15:33:05,689] - [root] - [INFO] - Finished loading mask: 0m 16s
[2026-01-23 15:33:14,331] - [root] - [INFO] - Finished crop and inference: 0m 24s
[2026-01-23 15:33:15,919] - [root] - [INFO] - Analysis finished: 0m 26s
[2026-01-23 15:33:15,919] - [root] - [INFO] - -------------------------------------------
[2026-01-23 15:33:15,919] - [root] - [INFO] - -------------------------------------------
[2026-01-23 15:33:15,920] - [root] - [INFO] - Processing 1-22-2026 5dpi 060-W2021010-324_R2.png
[2026-01-23 15:33:32,363] - [root] - [INFO] - Finished loading mask: 0m 16s
[2026-01-23 15:33:40,502] - [root] - [INFO] - Finished crop and inference: 0m 24s
[2026-01-23 15:33:42,065] - [root] - [INFO] - Analysis finished: 0m 26s
[2026-01-23 15:33:42,065] - [root] - [INFO] - -------------------------------------------
[2026-01-23 15:33:42,065] - [root] - [INFO] - -------------------------------------------
[2026-01-23 15:33:42,066] - [root] - [INFO] - Processing 1-22-2026 5dpi 061-W2021011-483_R1.png
[2026-01-23 15:33:58,635] - [root] - [INFO] - Finished loading mask: 0m 16s
[2026-01-23 15:34:08,057] - [root] - [INFO] - Finished crop and inference: 0m 25s
              timestamp time_elapsed  ... severity_rate_patch Gradient_sr2
0   2026-01-23 15:19:29       0m 25s  ...                1.74         0.04
1   2026-01-23 15:19:55       0m 25s  ...                4.36         0.11
2   2026-01-23 15:20:20       0m 26s  ...                0.85         0.02
3   2026-01-23 15:20:47       0m 29s  ...               25.47         0.67
4   2026-01-23 15:21:17       0m 31s  ...               37.39         0.99
5   2026-01-23 15:21:49       0m 25s  ...                0.45         0.01
6   2026-01-23 15:22:14       0m 30s  ...               38.62         0.91
7   2026-01-23 15:22:45       0m 29s  ...               19.86         0.56
8   2026-01-23 15:23:15       0m 29s  ...               39.61         1.05
9   2026-01-23 15:23:44       0m 25s  ...                1.79         0.05
10  2026-01-23 15:24:10       0m 26s  ...                2.79         0.07
11  2026-01-23 15:24:36       0m 28s  ...               20.77         0.49
12  2026-01-23 15:25:05       0m 27s  ...               20.60         0.51
13  2026-01-23 15:25:33       0m 27s  ...               15.28         0.35
14  2026-01-23 15:26:00       0m 30s  ...               30.18         0.79
15  2026-01-23 15:26:31       0m 29s  ...               19.25         0.48
16  2026-01-23 15:27:01       0m 39s  ...               85.84         2.58
17  2026-01-23 15:27:40       0m 26s  ...                0.76         0.02
18  2026-01-23 15:28:06       0m 28s  ...               23.22         0.57
19  2026-01-23 15:28:35       0m 34s  ...               62.76         1.72
20  2026-01-23 15:29:09       0m 25s  ...                1.10         0.03
21  2026-01-23 15:29:35       0m 28s  ...               19.31         0.52
22  2026-01-23 15:30:04       0m 31s  ...               42.05         1.16
23  2026-01-23 15:30:35       0m 23s  ...                6.56         0.18

[24 rows x 24 columns]
              timestamp time_elapsed  ... severity_rate_patch Gradient_sr2
0   2026-01-23 15:19:29       0m 25s  ...                1.74         0.04
1   2026-01-23 15:19:55       0m 25s  ...                4.36         0.11
2   2026-01-23 15:20:20       0m 26s  ...                0.85         0.02
3   2026-01-23 15:20:47       0m 29s  ...               25.47         0.67
4   2026-01-23 15:21:17       0m 31s  ...               37.39         0.99
5   2026-01-23 15:21:49       0m 25s  ...                0.45         0.01
6   2026-01-23 15:22:14       0m 30s  ...               38.62         0.91
7   2026-01-23 15:22:45       0m 29s  ...               19.86         0.56
8   2026-01-23 15:23:15       0m 29s  ...               39.61         1.05
9   2026-01-23 15:23:44       0m 25s  ...                1.79         0.05
10  2026-01-23 15:24:10       0m 26s  ...                2.79         0.07
11  2026-01-23 15:24:36       0m 28s  ...               20.77         0.49
12  2026-01-23 15:25:05       0m 27s  ...               20.60         0.51
13  2026-01-23 15:25:33       0m 27s  ...               15.28         0.35
14  2026-01-23 15:26:00       0m 30s  ...               30.18         0.79
15  2026-01-23 15:26:31       0m 29s  ...               19.25         0.48
16  2026-01-23 15:27:01       0m 39s  ...               85.84         2.58
17  2026-01-23 15:27:40       0m 26s  ...                0.76         0.02
18  2026-01-23 15:28:06       0m 28s  ...               23.22         0.57
19  2026-01-23 15:28:35       0m 34s  ...               62.76         1.72
20  2026-01-23 15:29:09       0m 25s  ...                1.10         0.03
21  2026-01-23 15:29:35       0m 28s  ...               19.31         0.52
22  2026-01-23 15:30:04       0m 31s  ...               42.05         1.16
23  2026-01-23 15:30:35       0m 23s  ...                6.56         0.18
24  2026-01-23 15:30:59       0m 25s  ...                1.51         0.04

[25 rows x 24 columns]
              timestamp time_elapsed  ... severity_rate_patch Gradient_sr2
0   2026-01-23 15:19:29       0m 25s  ...                1.74         0.04
1   2026-01-23 15:19:55       0m 25s  ...                4.36         0.11
2   2026-01-23 15:20:20       0m 26s  ...                0.85         0.02
3   2026-01-23 15:20:47       0m 29s  ...               25.47         0.67
4   2026-01-23 15:21:17       0m 31s  ...               37.39         0.99
5   2026-01-23 15:21:49       0m 25s  ...                0.45         0.01
6   2026-01-23 15:22:14       0m 30s  ...               38.62         0.91
7   2026-01-23 15:22:45       0m 29s  ...               19.86         0.56
8   2026-01-23 15:23:15       0m 29s  ...               39.61         1.05
9   2026-01-23 15:23:44       0m 25s  ...                1.79         0.05
10  2026-01-23 15:24:10       0m 26s  ...                2.79         0.07
11  2026-01-23 15:24:36       0m 28s  ...               20.77         0.49
12  2026-01-23 15:25:05       0m 27s  ...               20.60         0.51
13  2026-01-23 15:25:33       0m 27s  ...               15.28         0.35
14  2026-01-23 15:26:00       0m 30s  ...               30.18         0.79
15  2026-01-23 15:26:31       0m 29s  ...               19.25         0.48
16  2026-01-23 15:27:01       0m 39s  ...               85.84         2.58
17  2026-01-23 15:27:40       0m 26s  ...                0.76         0.02
18  2026-01-23 15:28:06       0m 28s  ...               23.22         0.57
19  2026-01-23 15:28:35       0m 34s  ...               62.76         1.72
20  2026-01-23 15:29:09       0m 25s  ...                1.10         0.03
21  2026-01-23 15:29:35       0m 28s  ...               19.31         0.52
22  2026-01-23 15:30:04       0m 31s  ...               42.05         1.16
23  2026-01-23 15:30:35       0m 23s  ...                6.56         0.18
24  2026-01-23 15:30:59       0m 25s  ...                1.51         0.04
25  2026-01-23 15:31:24       0m 26s  ...                8.51         0.22

[26 rows x 24 columns]
              timestamp time_elapsed  ... severity_rate_patch Gradient_sr2
0   2026-01-23 15:19:29       0m 25s  ...                1.74         0.04
1   2026-01-23 15:19:55       0m 25s  ...                4.36         0.11
2   2026-01-23 15:20:20       0m 26s  ...                0.85         0.02
3   2026-01-23 15:20:47       0m 29s  ...               25.47         0.67
4   2026-01-23 15:21:17       0m 31s  ...               37.39         0.99
5   2026-01-23 15:21:49       0m 25s  ...                0.45         0.01
6   2026-01-23 15:22:14       0m 30s  ...               38.62         0.91
7   2026-01-23 15:22:45       0m 29s  ...               19.86         0.56
8   2026-01-23 15:23:15       0m 29s  ...               39.61         1.05
9   2026-01-23 15:23:44       0m 25s  ...                1.79         0.05
10  2026-01-23 15:24:10       0m 26s  ...                2.79         0.07
11  2026-01-23 15:24:36       0m 28s  ...               20.77         0.49
12  2026-01-23 15:25:05       0m 27s  ...               20.60         0.51
13  2026-01-23 15:25:33       0m 27s  ...               15.28         0.35
14  2026-01-23 15:26:00       0m 30s  ...               30.18         0.79
15  2026-01-23 15:26:31       0m 29s  ...               19.25         0.48
16  2026-01-23 15:27:01       0m 39s  ...               85.84         2.58
17  2026-01-23 15:27:40       0m 26s  ...                0.76         0.02
18  2026-01-23 15:28:06       0m 28s  ...               23.22         0.57
19  2026-01-23 15:28:35       0m 34s  ...               62.76         1.72
20  2026-01-23 15:29:09       0m 25s  ...                1.10         0.03
21  2026-01-23 15:29:35       0m 28s  ...               19.31         0.52
22  2026-01-23 15:30:04       0m 31s  ...               42.05         1.16
23  2026-01-23 15:30:35       0m 23s  ...                6.56         0.18
24  2026-01-23 15:30:59       0m 25s  ...                1.51         0.04
25  2026-01-23 15:31:24       0m 26s  ...                8.51         0.22
26  2026-01-23 15:31:51       0m 28s  ...               12.12         0.31

[27 rows x 24 columns]
[2026-01-23 15:34:09,644] - [root] - [INFO] - Analysis finished: 0m 27s
[2026-01-23 15:34:09,644] - [root] - [INFO] - -------------------------------------------
[2026-01-23 15:34:09,644] - [root] - [INFO] - -------------------------------------------
[2026-01-23 15:34:09,644] - [root] - [INFO] - Processing 1-22-2026 5dpi 070-W2021011-486_R2.png
[2026-01-23 15:34:26,060] - [root] - [INFO] - Finished loading mask: 0m 16s
[2026-01-23 15:34:36,033] - [root] - [INFO] - Finished crop and inference: 0m 26s
[2026-01-23 15:34:37,652] - [root] - [INFO] - Analysis finished: 0m 28s
[2026-01-23 15:34:37,652] - [root] - [INFO] - -------------------------------------------
[2026-01-23 15:34:37,652] - [root] - [INFO] - -------------------------------------------
[2026-01-23 15:34:37,652] - [root] - [INFO] - Processing 1-22-2026 5dpi 071-W2021010-323_R1.png
[2026-01-23 15:34:55,143] - [root] - [INFO] - Finished loading mask: 0m 17s
[2026-01-23 15:35:10,250] - [root] - [INFO] - Finished crop and inference: 0m 32s
[2026-01-23 15:35:11,742] - [root] - [INFO] - Analysis finished: 0m 34s
[2026-01-23 15:35:11,742] - [root] - [INFO] - -------------------------------------------
[2026-01-23 15:35:11,742] - [root] - [INFO] - -------------------------------------------
[2026-01-23 15:35:11,742] - [root] - [INFO] - Processing 1-22-2026 5dpi 077-W2021010-351_R2.png
[2026-01-23 15:35:28,679] - [root] - [INFO] - Finished loading mask: 0m 16s
[2026-01-23 15:35:37,533] - [root] - [INFO] - Finished crop and inference: 0m 25s
              timestamp time_elapsed  ... severity_rate_patch Gradient_sr2
0   2026-01-23 15:19:29       0m 25s  ...                1.74         0.04
1   2026-01-23 15:19:55       0m 25s  ...                4.36         0.11
2   2026-01-23 15:20:20       0m 26s  ...                0.85         0.02
3   2026-01-23 15:20:47       0m 29s  ...               25.47         0.67
4   2026-01-23 15:21:17       0m 31s  ...               37.39         0.99
5   2026-01-23 15:21:49       0m 25s  ...                0.45         0.01
6   2026-01-23 15:22:14       0m 30s  ...               38.62         0.91
7   2026-01-23 15:22:45       0m 29s  ...               19.86         0.56
8   2026-01-23 15:23:15       0m 29s  ...               39.61         1.05
9   2026-01-23 15:23:44       0m 25s  ...                1.79         0.05
10  2026-01-23 15:24:10       0m 26s  ...                2.79         0.07
11  2026-01-23 15:24:36       0m 28s  ...               20.77         0.49
12  2026-01-23 15:25:05       0m 27s  ...               20.60         0.51
13  2026-01-23 15:25:33       0m 27s  ...               15.28         0.35
14  2026-01-23 15:26:00       0m 30s  ...               30.18         0.79
15  2026-01-23 15:26:31       0m 29s  ...               19.25         0.48
16  2026-01-23 15:27:01       0m 39s  ...               85.84         2.58
17  2026-01-23 15:27:40       0m 26s  ...                0.76         0.02
18  2026-01-23 15:28:06       0m 28s  ...               23.22         0.57
19  2026-01-23 15:28:35       0m 34s  ...               62.76         1.72
20  2026-01-23 15:29:09       0m 25s  ...                1.10         0.03
21  2026-01-23 15:29:35       0m 28s  ...               19.31         0.52
22  2026-01-23 15:30:04       0m 31s  ...               42.05         1.16
23  2026-01-23 15:30:35       0m 23s  ...                6.56         0.18
24  2026-01-23 15:30:59       0m 25s  ...                1.51         0.04
25  2026-01-23 15:31:24       0m 26s  ...                8.51         0.22
26  2026-01-23 15:31:51       0m 28s  ...               12.12         0.31
27  2026-01-23 15:32:19       0m 29s  ...               32.69         0.79

[28 rows x 24 columns]
              timestamp time_elapsed  ... severity_rate_patch Gradient_sr2
0   2026-01-23 15:19:29       0m 25s  ...                1.74         0.04
1   2026-01-23 15:19:55       0m 25s  ...                4.36         0.11
2   2026-01-23 15:20:20       0m 26s  ...                0.85         0.02
3   2026-01-23 15:20:47       0m 29s  ...               25.47         0.67
4   2026-01-23 15:21:17       0m 31s  ...               37.39         0.99
5   2026-01-23 15:21:49       0m 25s  ...                0.45         0.01
6   2026-01-23 15:22:14       0m 30s  ...               38.62         0.91
7   2026-01-23 15:22:45       0m 29s  ...               19.86         0.56
8   2026-01-23 15:23:15       0m 29s  ...               39.61         1.05
9   2026-01-23 15:23:44       0m 25s  ...                1.79         0.05
10  2026-01-23 15:24:10       0m 26s  ...                2.79         0.07
11  2026-01-23 15:24:36       0m 28s  ...               20.77         0.49
12  2026-01-23 15:25:05       0m 27s  ...               20.60         0.51
13  2026-01-23 15:25:33       0m 27s  ...               15.28         0.35
14  2026-01-23 15:26:00       0m 30s  ...               30.18         0.79
15  2026-01-23 15:26:31       0m 29s  ...               19.25         0.48
16  2026-01-23 15:27:01       0m 39s  ...               85.84         2.58
17  2026-01-23 15:27:40       0m 26s  ...                0.76         0.02
18  2026-01-23 15:28:06       0m 28s  ...               23.22         0.57
19  2026-01-23 15:28:35       0m 34s  ...               62.76         1.72
20  2026-01-23 15:29:09       0m 25s  ...                1.10         0.03
21  2026-01-23 15:29:35       0m 28s  ...               19.31         0.52
22  2026-01-23 15:30:04       0m 31s  ...               42.05         1.16
23  2026-01-23 15:30:35       0m 23s  ...                6.56         0.18
24  2026-01-23 15:30:59       0m 25s  ...                1.51         0.04
25  2026-01-23 15:31:24       0m 26s  ...                8.51         0.22
26  2026-01-23 15:31:51       0m 28s  ...               12.12         0.31
27  2026-01-23 15:32:19       0m 29s  ...               32.69         0.79
28  2026-01-23 15:32:49       0m 26s  ...                2.15         0.06

[29 rows x 24 columns]
              timestamp time_elapsed  ... severity_rate_patch Gradient_sr2
0   2026-01-23 15:19:29       0m 25s  ...                1.74         0.04
1   2026-01-23 15:19:55       0m 25s  ...                4.36         0.11
2   2026-01-23 15:20:20       0m 26s  ...                0.85         0.02
3   2026-01-23 15:20:47       0m 29s  ...               25.47         0.67
4   2026-01-23 15:21:17       0m 31s  ...               37.39         0.99
5   2026-01-23 15:21:49       0m 25s  ...                0.45         0.01
6   2026-01-23 15:22:14       0m 30s  ...               38.62         0.91
7   2026-01-23 15:22:45       0m 29s  ...               19.86         0.56
8   2026-01-23 15:23:15       0m 29s  ...               39.61         1.05
9   2026-01-23 15:23:44       0m 25s  ...                1.79         0.05
10  2026-01-23 15:24:10       0m 26s  ...                2.79         0.07
11  2026-01-23 15:24:36       0m 28s  ...               20.77         0.49
12  2026-01-23 15:25:05       0m 27s  ...               20.60         0.51
13  2026-01-23 15:25:33       0m 27s  ...               15.28         0.35
14  2026-01-23 15:26:00       0m 30s  ...               30.18         0.79
15  2026-01-23 15:26:31       0m 29s  ...               19.25         0.48
16  2026-01-23 15:27:01       0m 39s  ...               85.84         2.58
17  2026-01-23 15:27:40       0m 26s  ...                0.76         0.02
18  2026-01-23 15:28:06       0m 28s  ...               23.22         0.57
19  2026-01-23 15:28:35       0m 34s  ...               62.76         1.72
20  2026-01-23 15:29:09       0m 25s  ...                1.10         0.03
21  2026-01-23 15:29:35       0m 28s  ...               19.31         0.52
22  2026-01-23 15:30:04       0m 31s  ...               42.05         1.16
23  2026-01-23 15:30:35       0m 23s  ...                6.56         0.18
24  2026-01-23 15:30:59       0m 25s  ...                1.51         0.04
25  2026-01-23 15:31:24       0m 26s  ...                8.51         0.22
26  2026-01-23 15:31:51       0m 28s  ...               12.12         0.31
27  2026-01-23 15:32:19       0m 29s  ...               32.69         0.79
28  2026-01-23 15:32:49       0m 26s  ...                2.15         0.06
29  2026-01-23 15:33:15       0m 26s  ...                2.94         0.07

[30 rows x 24 columns]
[2026-01-23 15:35:39,160] - [root] - [INFO] - Analysis finished: 0m 27s
[2026-01-23 15:35:39,160] - [root] - [INFO] - -------------------------------------------
[2026-01-23 15:35:39,160] - [root] - [INFO] - -------------------------------------------
[2026-01-23 15:35:39,160] - [root] - [INFO] - Processing 1-22-2026 5dpi 084-W2021010-319_R1.png
[2026-01-23 15:35:55,478] - [root] - [INFO] - Finished loading mask: 0m 16s
[2026-01-23 15:36:03,536] - [root] - [INFO] - Finished crop and inference: 0m 24s
[2026-01-23 15:36:05,085] - [root] - [INFO] - Analysis finished: 0m 25s
[2026-01-23 15:36:05,085] - [root] - [INFO] - -------------------------------------------
[2026-01-23 15:36:05,085] - [root] - [INFO] - -------------------------------------------
[2026-01-23 15:36:05,085] - [root] - [INFO] - Processing 1-22-2026 5dpi 085-W2021010-630_R1.png
[2026-01-23 15:36:21,625] - [root] - [INFO] - Finished loading mask: 0m 16s
[2026-01-23 15:36:29,681] - [root] - [INFO] - Finished crop and inference: 0m 24s
              timestamp time_elapsed  ... severity_rate_patch Gradient_sr2
0   2026-01-23 15:19:29       0m 25s  ...                1.74         0.04
1   2026-01-23 15:19:55       0m 25s  ...                4.36         0.11
2   2026-01-23 15:20:20       0m 26s  ...                0.85         0.02
3   2026-01-23 15:20:47       0m 29s  ...               25.47         0.67
4   2026-01-23 15:21:17       0m 31s  ...               37.39         0.99
5   2026-01-23 15:21:49       0m 25s  ...                0.45         0.01
6   2026-01-23 15:22:14       0m 30s  ...               38.62         0.91
7   2026-01-23 15:22:45       0m 29s  ...               19.86         0.56
8   2026-01-23 15:23:15       0m 29s  ...               39.61         1.05
9   2026-01-23 15:23:44       0m 25s  ...                1.79         0.05
10  2026-01-23 15:24:10       0m 26s  ...                2.79         0.07
11  2026-01-23 15:24:36       0m 28s  ...               20.77         0.49
12  2026-01-23 15:25:05       0m 27s  ...               20.60         0.51
13  2026-01-23 15:25:33       0m 27s  ...               15.28         0.35
14  2026-01-23 15:26:00       0m 30s  ...               30.18         0.79
15  2026-01-23 15:26:31       0m 29s  ...               19.25         0.48
16  2026-01-23 15:27:01       0m 39s  ...               85.84         2.58
17  2026-01-23 15:27:40       0m 26s  ...                0.76         0.02
18  2026-01-23 15:28:06       0m 28s  ...               23.22         0.57
19  2026-01-23 15:28:35       0m 34s  ...               62.76         1.72
20  2026-01-23 15:29:09       0m 25s  ...                1.10         0.03
21  2026-01-23 15:29:35       0m 28s  ...               19.31         0.52
22  2026-01-23 15:30:04       0m 31s  ...               42.05         1.16
23  2026-01-23 15:30:35       0m 23s  ...                6.56         0.18
24  2026-01-23 15:30:59       0m 25s  ...                1.51         0.04
25  2026-01-23 15:31:24       0m 26s  ...                8.51         0.22
26  2026-01-23 15:31:51       0m 28s  ...               12.12         0.31
27  2026-01-23 15:32:19       0m 29s  ...               32.69         0.79
28  2026-01-23 15:32:49       0m 26s  ...                2.15         0.06
29  2026-01-23 15:33:15       0m 26s  ...                2.94         0.07
30  2026-01-23 15:33:42       0m 27s  ...               12.91         0.30

[31 rows x 24 columns]
              timestamp time_elapsed  ... severity_rate_patch Gradient_sr2
0   2026-01-23 15:19:29       0m 25s  ...                1.74         0.04
1   2026-01-23 15:19:55       0m 25s  ...                4.36         0.11
2   2026-01-23 15:20:20       0m 26s  ...                0.85         0.02
3   2026-01-23 15:20:47       0m 29s  ...               25.47         0.67
4   2026-01-23 15:21:17       0m 31s  ...               37.39         0.99
5   2026-01-23 15:21:49       0m 25s  ...                0.45         0.01
6   2026-01-23 15:22:14       0m 30s  ...               38.62         0.91
7   2026-01-23 15:22:45       0m 29s  ...               19.86         0.56
8   2026-01-23 15:23:15       0m 29s  ...               39.61         1.05
9   2026-01-23 15:23:44       0m 25s  ...                1.79         0.05
10  2026-01-23 15:24:10       0m 26s  ...                2.79         0.07
11  2026-01-23 15:24:36       0m 28s  ...               20.77         0.49
12  2026-01-23 15:25:05       0m 27s  ...               20.60         0.51
13  2026-01-23 15:25:33       0m 27s  ...               15.28         0.35
14  2026-01-23 15:26:00       0m 30s  ...               30.18         0.79
15  2026-01-23 15:26:31       0m 29s  ...               19.25         0.48
16  2026-01-23 15:27:01       0m 39s  ...               85.84         2.58
17  2026-01-23 15:27:40       0m 26s  ...                0.76         0.02
18  2026-01-23 15:28:06       0m 28s  ...               23.22         0.57
19  2026-01-23 15:28:35       0m 34s  ...               62.76         1.72
20  2026-01-23 15:29:09       0m 25s  ...                1.10         0.03
21  2026-01-23 15:29:35       0m 28s  ...               19.31         0.52
22  2026-01-23 15:30:04       0m 31s  ...               42.05         1.16
23  2026-01-23 15:30:35       0m 23s  ...                6.56         0.18
24  2026-01-23 15:30:59       0m 25s  ...                1.51         0.04
25  2026-01-23 15:31:24       0m 26s  ...                8.51         0.22
26  2026-01-23 15:31:51       0m 28s  ...               12.12         0.31
27  2026-01-23 15:32:19       0m 29s  ...               32.69         0.79
28  2026-01-23 15:32:49       0m 26s  ...                2.15         0.06
29  2026-01-23 15:33:15       0m 26s  ...                2.94         0.07
30  2026-01-23 15:33:42       0m 27s  ...               12.91         0.30
31  2026-01-23 15:34:09       0m 27s  ...               42.77         1.19

[32 rows x 24 columns]
              timestamp time_elapsed  ... severity_rate_patch Gradient_sr2
0   2026-01-23 15:19:29       0m 25s  ...                1.74         0.04
1   2026-01-23 15:19:55       0m 25s  ...                4.36         0.11
2   2026-01-23 15:20:20       0m 26s  ...                0.85         0.02
3   2026-01-23 15:20:47       0m 29s  ...               25.47         0.67
4   2026-01-23 15:21:17       0m 31s  ...               37.39         0.99
5   2026-01-23 15:21:49       0m 25s  ...                0.45         0.01
6   2026-01-23 15:22:14       0m 30s  ...               38.62         0.91
7   2026-01-23 15:22:45       0m 29s  ...               19.86         0.56
8   2026-01-23 15:23:15       0m 29s  ...               39.61         1.05
9   2026-01-23 15:23:44       0m 25s  ...                1.79         0.05
10  2026-01-23 15:24:10       0m 26s  ...                2.79         0.07
11  2026-01-23 15:24:36       0m 28s  ...               20.77         0.49
12  2026-01-23 15:25:05       0m 27s  ...               20.60         0.51
13  2026-01-23 15:25:33       0m 27s  ...               15.28         0.35
14  2026-01-23 15:26:00       0m 30s  ...               30.18         0.79
15  2026-01-23 15:26:31       0m 29s  ...               19.25         0.48
16  2026-01-23 15:27:01       0m 39s  ...               85.84         2.58
17  2026-01-23 15:27:40       0m 26s  ...                0.76         0.02
18  2026-01-23 15:28:06       0m 28s  ...               23.22         0.57
19  2026-01-23 15:28:35       0m 34s  ...               62.76         1.72
20  2026-01-23 15:29:09       0m 25s  ...                1.10         0.03
21  2026-01-23 15:29:35       0m 28s  ...               19.31         0.52
22  2026-01-23 15:30:04       0m 31s  ...               42.05         1.16
23  2026-01-23 15:30:35       0m 23s  ...                6.56         0.18
24  2026-01-23 15:30:59       0m 25s  ...                1.51         0.04
25  2026-01-23 15:31:24       0m 26s  ...                8.51         0.22
26  2026-01-23 15:31:51       0m 28s  ...               12.12         0.31
27  2026-01-23 15:32:19       0m 29s  ...               32.69         0.79
28  2026-01-23 15:32:49       0m 26s  ...                2.15         0.06
29  2026-01-23 15:33:15       0m 26s  ...                2.94         0.07
30  2026-01-23 15:33:42       0m 27s  ...               12.91         0.30
31  2026-01-23 15:34:09       0m 27s  ...               42.77         1.19
32  2026-01-23 15:34:37       0m 34s  ...               65.54         1.89

[33 rows x 24 columns]
[2026-01-23 15:36:31,195] - [root] - [INFO] - Analysis finished: 0m 26s
[2026-01-23 15:36:31,196] - [root] - [INFO] - -------------------------------------------
[2026-01-23 15:36:31,196] - [root] - [INFO] - -------------------------------------------
[2026-01-23 15:36:31,196] - [root] - [INFO] - Processing 1-22-2026 5dpi 091-W2021006-056_R2.png
[2026-01-23 15:36:48,164] - [root] - [INFO] - Finished loading mask: 0m 16s
[2026-01-23 15:36:56,293] - [root] - [INFO] - Finished crop and inference: 0m 25s
[2026-01-23 15:36:57,844] - [root] - [INFO] - Analysis finished: 0m 26s
[2026-01-23 15:36:57,844] - [root] - [INFO] - -------------------------------------------
[2026-01-23 15:36:57,844] - [root] - [INFO] - -------------------------------------------
[2026-01-23 15:36:57,844] - [root] - [INFO] - Processing 1-22-2026 5dpi 094-W2021010-315_R2.png
[2026-01-23 15:37:14,112] - [root] - [INFO] - Finished loading mask: 0m 16s
[2026-01-23 15:37:21,942] - [root] - [INFO] - Finished crop and inference: 0m 24s
              timestamp time_elapsed  ... severity_rate_patch Gradient_sr2
0   2026-01-23 15:19:29       0m 25s  ...                1.74         0.04
1   2026-01-23 15:19:55       0m 25s  ...                4.36         0.11
2   2026-01-23 15:20:20       0m 26s  ...                0.85         0.02
3   2026-01-23 15:20:47       0m 29s  ...               25.47         0.67
4   2026-01-23 15:21:17       0m 31s  ...               37.39         0.99
5   2026-01-23 15:21:49       0m 25s  ...                0.45         0.01
6   2026-01-23 15:22:14       0m 30s  ...               38.62         0.91
7   2026-01-23 15:22:45       0m 29s  ...               19.86         0.56
8   2026-01-23 15:23:15       0m 29s  ...               39.61         1.05
9   2026-01-23 15:23:44       0m 25s  ...                1.79         0.05
10  2026-01-23 15:24:10       0m 26s  ...                2.79         0.07
11  2026-01-23 15:24:36       0m 28s  ...               20.77         0.49
12  2026-01-23 15:25:05       0m 27s  ...               20.60         0.51
13  2026-01-23 15:25:33       0m 27s  ...               15.28         0.35
14  2026-01-23 15:26:00       0m 30s  ...               30.18         0.79
15  2026-01-23 15:26:31       0m 29s  ...               19.25         0.48
16  2026-01-23 15:27:01       0m 39s  ...               85.84         2.58
17  2026-01-23 15:27:40       0m 26s  ...                0.76         0.02
18  2026-01-23 15:28:06       0m 28s  ...               23.22         0.57
19  2026-01-23 15:28:35       0m 34s  ...               62.76         1.72
20  2026-01-23 15:29:09       0m 25s  ...                1.10         0.03
21  2026-01-23 15:29:35       0m 28s  ...               19.31         0.52
22  2026-01-23 15:30:04       0m 31s  ...               42.05         1.16
23  2026-01-23 15:30:35       0m 23s  ...                6.56         0.18
24  2026-01-23 15:30:59       0m 25s  ...                1.51         0.04
25  2026-01-23 15:31:24       0m 26s  ...                8.51         0.22
26  2026-01-23 15:31:51       0m 28s  ...               12.12         0.31
27  2026-01-23 15:32:19       0m 29s  ...               32.69         0.79
28  2026-01-23 15:32:49       0m 26s  ...                2.15         0.06
29  2026-01-23 15:33:15       0m 26s  ...                2.94         0.07
30  2026-01-23 15:33:42       0m 27s  ...               12.91         0.30
31  2026-01-23 15:34:09       0m 27s  ...               42.77         1.19
32  2026-01-23 15:34:37       0m 34s  ...               65.54         1.89
33  2026-01-23 15:35:11       0m 27s  ...               10.11         0.24

[34 rows x 24 columns]
              timestamp time_elapsed  ... severity_rate_patch Gradient_sr2
0   2026-01-23 15:19:29       0m 25s  ...                1.74         0.04
1   2026-01-23 15:19:55       0m 25s  ...                4.36         0.11
2   2026-01-23 15:20:20       0m 26s  ...                0.85         0.02
3   2026-01-23 15:20:47       0m 29s  ...               25.47         0.67
4   2026-01-23 15:21:17       0m 31s  ...               37.39         0.99
5   2026-01-23 15:21:49       0m 25s  ...                0.45         0.01
6   2026-01-23 15:22:14       0m 30s  ...               38.62         0.91
7   2026-01-23 15:22:45       0m 29s  ...               19.86         0.56
8   2026-01-23 15:23:15       0m 29s  ...               39.61         1.05
9   2026-01-23 15:23:44       0m 25s  ...                1.79         0.05
10  2026-01-23 15:24:10       0m 26s  ...                2.79         0.07
11  2026-01-23 15:24:36       0m 28s  ...               20.77         0.49
12  2026-01-23 15:25:05       0m 27s  ...               20.60         0.51
13  2026-01-23 15:25:33       0m 27s  ...               15.28         0.35
14  2026-01-23 15:26:00       0m 30s  ...               30.18         0.79
15  2026-01-23 15:26:31       0m 29s  ...               19.25         0.48
16  2026-01-23 15:27:01       0m 39s  ...               85.84         2.58
17  2026-01-23 15:27:40       0m 26s  ...                0.76         0.02
18  2026-01-23 15:28:06       0m 28s  ...               23.22         0.57
19  2026-01-23 15:28:35       0m 34s  ...               62.76         1.72
20  2026-01-23 15:29:09       0m 25s  ...                1.10         0.03
21  2026-01-23 15:29:35       0m 28s  ...               19.31         0.52
22  2026-01-23 15:30:04       0m 31s  ...               42.05         1.16
23  2026-01-23 15:30:35       0m 23s  ...                6.56         0.18
24  2026-01-23 15:30:59       0m 25s  ...                1.51         0.04
25  2026-01-23 15:31:24       0m 26s  ...                8.51         0.22
26  2026-01-23 15:31:51       0m 28s  ...               12.12         0.31
27  2026-01-23 15:32:19       0m 29s  ...               32.69         0.79
28  2026-01-23 15:32:49       0m 26s  ...                2.15         0.06
29  2026-01-23 15:33:15       0m 26s  ...                2.94         0.07
30  2026-01-23 15:33:42       0m 27s  ...               12.91         0.30
31  2026-01-23 15:34:09       0m 27s  ...               42.77         1.19
32  2026-01-23 15:34:37       0m 34s  ...               65.54         1.89
33  2026-01-23 15:35:11       0m 27s  ...               10.11         0.24
34  2026-01-23 15:35:39       0m 25s  ...                4.05         0.11

[35 rows x 24 columns]
[2026-01-23 15:37:23,547] - [root] - [INFO] - Analysis finished: 0m 25s
[2026-01-23 15:37:23,547] - [root] - [INFO] - -------------------------------------------
[2026-01-23 15:37:23,547] - [root] - [INFO] - -------------------------------------------
[2026-01-23 15:37:23,547] - [root] - [INFO] - Processing 1-22-2026 5dpi 095-W2021011-553_R2.png
[2026-01-23 15:37:39,733] - [root] - [INFO] - Finished loading mask: 0m 16s
[2026-01-23 15:37:47,154] - [root] - [INFO] - Finished crop and inference: 0m 23s
[2026-01-23 15:37:48,725] - [root] - [INFO] - Analysis finished: 0m 25s
[2026-01-23 15:37:48,725] - [root] - [INFO] - -------------------------------------------
[2026-01-23 15:37:48,725] - [root] - [INFO] - -------------------------------------------
[2026-01-23 15:37:48,725] - [root] - [INFO] - Processing 1-22-2026 5dpi 097-W2021006-617_R2.png
[2026-01-23 15:38:06,079] - [root] - [INFO] - Finished loading mask: 0m 17s
[2026-01-23 15:38:18,883] - [root] - [INFO] - Finished crop and inference: 0m 30s
              timestamp time_elapsed  ... severity_rate_patch Gradient_sr2
0   2026-01-23 15:19:29       0m 25s  ...                1.74         0.04
1   2026-01-23 15:19:55       0m 25s  ...                4.36         0.11
2   2026-01-23 15:20:20       0m 26s  ...                0.85         0.02
3   2026-01-23 15:20:47       0m 29s  ...               25.47         0.67
4   2026-01-23 15:21:17       0m 31s  ...               37.39         0.99
5   2026-01-23 15:21:49       0m 25s  ...                0.45         0.01
6   2026-01-23 15:22:14       0m 30s  ...               38.62         0.91
7   2026-01-23 15:22:45       0m 29s  ...               19.86         0.56
8   2026-01-23 15:23:15       0m 29s  ...               39.61         1.05
9   2026-01-23 15:23:44       0m 25s  ...                1.79         0.05
10  2026-01-23 15:24:10       0m 26s  ...                2.79         0.07
11  2026-01-23 15:24:36       0m 28s  ...               20.77         0.49
12  2026-01-23 15:25:05       0m 27s  ...               20.60         0.51
13  2026-01-23 15:25:33       0m 27s  ...               15.28         0.35
14  2026-01-23 15:26:00       0m 30s  ...               30.18         0.79
15  2026-01-23 15:26:31       0m 29s  ...               19.25         0.48
16  2026-01-23 15:27:01       0m 39s  ...               85.84         2.58
17  2026-01-23 15:27:40       0m 26s  ...                0.76         0.02
18  2026-01-23 15:28:06       0m 28s  ...               23.22         0.57
19  2026-01-23 15:28:35       0m 34s  ...               62.76         1.72
20  2026-01-23 15:29:09       0m 25s  ...                1.10         0.03
21  2026-01-23 15:29:35       0m 28s  ...               19.31         0.52
22  2026-01-23 15:30:04       0m 31s  ...               42.05         1.16
23  2026-01-23 15:30:35       0m 23s  ...                6.56         0.18
24  2026-01-23 15:30:59       0m 25s  ...                1.51         0.04
25  2026-01-23 15:31:24       0m 26s  ...                8.51         0.22
26  2026-01-23 15:31:51       0m 28s  ...               12.12         0.31
27  2026-01-23 15:32:19       0m 29s  ...               32.69         0.79
28  2026-01-23 15:32:49       0m 26s  ...                2.15         0.06
29  2026-01-23 15:33:15       0m 26s  ...                2.94         0.07
30  2026-01-23 15:33:42       0m 27s  ...               12.91         0.30
31  2026-01-23 15:34:09       0m 27s  ...               42.77         1.19
32  2026-01-23 15:34:37       0m 34s  ...               65.54         1.89
33  2026-01-23 15:35:11       0m 27s  ...               10.11         0.24
34  2026-01-23 15:35:39       0m 25s  ...                4.05         0.11
35  2026-01-23 15:36:05       0m 26s  ...                1.89         0.05

[36 rows x 24 columns]
              timestamp time_elapsed  ... severity_rate_patch Gradient_sr2
0   2026-01-23 15:19:29       0m 25s  ...                1.74         0.04
1   2026-01-23 15:19:55       0m 25s  ...                4.36         0.11
2   2026-01-23 15:20:20       0m 26s  ...                0.85         0.02
3   2026-01-23 15:20:47       0m 29s  ...               25.47         0.67
4   2026-01-23 15:21:17       0m 31s  ...               37.39         0.99
5   2026-01-23 15:21:49       0m 25s  ...                0.45         0.01
6   2026-01-23 15:22:14       0m 30s  ...               38.62         0.91
7   2026-01-23 15:22:45       0m 29s  ...               19.86         0.56
8   2026-01-23 15:23:15       0m 29s  ...               39.61         1.05
9   2026-01-23 15:23:44       0m 25s  ...                1.79         0.05
10  2026-01-23 15:24:10       0m 26s  ...                2.79         0.07
11  2026-01-23 15:24:36       0m 28s  ...               20.77         0.49
12  2026-01-23 15:25:05       0m 27s  ...               20.60         0.51
13  2026-01-23 15:25:33       0m 27s  ...               15.28         0.35
14  2026-01-23 15:26:00       0m 30s  ...               30.18         0.79
15  2026-01-23 15:26:31       0m 29s  ...               19.25         0.48
16  2026-01-23 15:27:01       0m 39s  ...               85.84         2.58
17  2026-01-23 15:27:40       0m 26s  ...                0.76         0.02
18  2026-01-23 15:28:06       0m 28s  ...               23.22         0.57
19  2026-01-23 15:28:35       0m 34s  ...               62.76         1.72
20  2026-01-23 15:29:09       0m 25s  ...                1.10         0.03
21  2026-01-23 15:29:35       0m 28s  ...               19.31         0.52
22  2026-01-23 15:30:04       0m 31s  ...               42.05         1.16
23  2026-01-23 15:30:35       0m 23s  ...                6.56         0.18
24  2026-01-23 15:30:59       0m 25s  ...                1.51         0.04
25  2026-01-23 15:31:24       0m 26s  ...                8.51         0.22
26  2026-01-23 15:31:51       0m 28s  ...               12.12         0.31
27  2026-01-23 15:32:19       0m 29s  ...               32.69         0.79
28  2026-01-23 15:32:49       0m 26s  ...                2.15         0.06
29  2026-01-23 15:33:15       0m 26s  ...                2.94         0.07
30  2026-01-23 15:33:42       0m 27s  ...               12.91         0.30
31  2026-01-23 15:34:09       0m 27s  ...               42.77         1.19
32  2026-01-23 15:34:37       0m 34s  ...               65.54         1.89
33  2026-01-23 15:35:11       0m 27s  ...               10.11         0.24
34  2026-01-23 15:35:39       0m 25s  ...                4.05         0.11
35  2026-01-23 15:36:05       0m 26s  ...                1.89         0.05
36  2026-01-23 15:36:31       0m 26s  ...                5.54         0.15

[37 rows x 24 columns]
[2026-01-23 15:38:20,429] - [root] - [INFO] - Analysis finished: 0m 31s
[2026-01-23 15:38:20,430] - [root] - [INFO] - -------------------------------------------
[2026-01-23 15:38:20,430] - [root] - [INFO] - -------------------------------------------
[2026-01-23 15:38:20,430] - [root] - [INFO] - Processing 1-22-2026 5dpi 097-W2021009-163_R1.png
[2026-01-23 15:38:37,874] - [root] - [INFO] - Finished loading mask: 0m 17s
[2026-01-23 15:38:53,108] - [root] - [INFO] - Finished crop and inference: 0m 32s
[2026-01-23 15:38:54,600] - [root] - [INFO] - Analysis finished: 0m 34s
[2026-01-23 15:38:54,600] - [root] - [INFO] - -------------------------------------------
[2026-01-23 15:38:54,600] - [root] - [INFO] - -------------------------------------------
[2026-01-23 15:38:54,601] - [root] - [INFO] - Processing 1-22-2026 5dpi 099-W2021006-611_R2.png
[2026-01-23 15:39:12,022] - [root] - [INFO] - Finished loading mask: 0m 17s
[2026-01-23 15:39:25,568] - [root] - [INFO] - Finished crop and inference: 0m 30s
              timestamp time_elapsed  ... severity_rate_patch Gradient_sr2
0   2026-01-23 15:19:29       0m 25s  ...                1.74         0.04
1   2026-01-23 15:19:55       0m 25s  ...                4.36         0.11
2   2026-01-23 15:20:20       0m 26s  ...                0.85         0.02
3   2026-01-23 15:20:47       0m 29s  ...               25.47         0.67
4   2026-01-23 15:21:17       0m 31s  ...               37.39         0.99
5   2026-01-23 15:21:49       0m 25s  ...                0.45         0.01
6   2026-01-23 15:22:14       0m 30s  ...               38.62         0.91
7   2026-01-23 15:22:45       0m 29s  ...               19.86         0.56
8   2026-01-23 15:23:15       0m 29s  ...               39.61         1.05
9   2026-01-23 15:23:44       0m 25s  ...                1.79         0.05
10  2026-01-23 15:24:10       0m 26s  ...                2.79         0.07
11  2026-01-23 15:24:36       0m 28s  ...               20.77         0.49
12  2026-01-23 15:25:05       0m 27s  ...               20.60         0.51
13  2026-01-23 15:25:33       0m 27s  ...               15.28         0.35
14  2026-01-23 15:26:00       0m 30s  ...               30.18         0.79
15  2026-01-23 15:26:31       0m 29s  ...               19.25         0.48
16  2026-01-23 15:27:01       0m 39s  ...               85.84         2.58
17  2026-01-23 15:27:40       0m 26s  ...                0.76         0.02
18  2026-01-23 15:28:06       0m 28s  ...               23.22         0.57
19  2026-01-23 15:28:35       0m 34s  ...               62.76         1.72
20  2026-01-23 15:29:09       0m 25s  ...                1.10         0.03
21  2026-01-23 15:29:35       0m 28s  ...               19.31         0.52
22  2026-01-23 15:30:04       0m 31s  ...               42.05         1.16
23  2026-01-23 15:30:35       0m 23s  ...                6.56         0.18
24  2026-01-23 15:30:59       0m 25s  ...                1.51         0.04
25  2026-01-23 15:31:24       0m 26s  ...                8.51         0.22
26  2026-01-23 15:31:51       0m 28s  ...               12.12         0.31
27  2026-01-23 15:32:19       0m 29s  ...               32.69         0.79
28  2026-01-23 15:32:49       0m 26s  ...                2.15         0.06
29  2026-01-23 15:33:15       0m 26s  ...                2.94         0.07
30  2026-01-23 15:33:42       0m 27s  ...               12.91         0.30
31  2026-01-23 15:34:09       0m 27s  ...               42.77         1.19
32  2026-01-23 15:34:37       0m 34s  ...               65.54         1.89
33  2026-01-23 15:35:11       0m 27s  ...               10.11         0.24
34  2026-01-23 15:35:39       0m 25s  ...                4.05         0.11
35  2026-01-23 15:36:05       0m 26s  ...                1.89         0.05
36  2026-01-23 15:36:31       0m 26s  ...                5.54         0.15
37  2026-01-23 15:36:57       0m 25s  ...                0.46         0.01

[38 rows x 24 columns]
              timestamp time_elapsed  ... severity_rate_patch Gradient_sr2
0   2026-01-23 15:19:29       0m 25s  ...                1.74         0.04
1   2026-01-23 15:19:55       0m 25s  ...                4.36         0.11
2   2026-01-23 15:20:20       0m 26s  ...                0.85         0.02
3   2026-01-23 15:20:47       0m 29s  ...               25.47         0.67
4   2026-01-23 15:21:17       0m 31s  ...               37.39         0.99
5   2026-01-23 15:21:49       0m 25s  ...                0.45         0.01
6   2026-01-23 15:22:14       0m 30s  ...               38.62         0.91
7   2026-01-23 15:22:45       0m 29s  ...               19.86         0.56
8   2026-01-23 15:23:15       0m 29s  ...               39.61         1.05
9   2026-01-23 15:23:44       0m 25s  ...                1.79         0.05
10  2026-01-23 15:24:10       0m 26s  ...                2.79         0.07
11  2026-01-23 15:24:36       0m 28s  ...               20.77         0.49
12  2026-01-23 15:25:05       0m 27s  ...               20.60         0.51
13  2026-01-23 15:25:33       0m 27s  ...               15.28         0.35
14  2026-01-23 15:26:00       0m 30s  ...               30.18         0.79
15  2026-01-23 15:26:31       0m 29s  ...               19.25         0.48
16  2026-01-23 15:27:01       0m 39s  ...               85.84         2.58
17  2026-01-23 15:27:40       0m 26s  ...                0.76         0.02
18  2026-01-23 15:28:06       0m 28s  ...               23.22         0.57
19  2026-01-23 15:28:35       0m 34s  ...               62.76         1.72
20  2026-01-23 15:29:09       0m 25s  ...                1.10         0.03
21  2026-01-23 15:29:35       0m 28s  ...               19.31         0.52
22  2026-01-23 15:30:04       0m 31s  ...               42.05         1.16
23  2026-01-23 15:30:35       0m 23s  ...                6.56         0.18
24  2026-01-23 15:30:59       0m 25s  ...                1.51         0.04
25  2026-01-23 15:31:24       0m 26s  ...                8.51         0.22
26  2026-01-23 15:31:51       0m 28s  ...               12.12         0.31
27  2026-01-23 15:32:19       0m 29s  ...               32.69         0.79
28  2026-01-23 15:32:49       0m 26s  ...                2.15         0.06
29  2026-01-23 15:33:15       0m 26s  ...                2.94         0.07
30  2026-01-23 15:33:42       0m 27s  ...               12.91         0.30
31  2026-01-23 15:34:09       0m 27s  ...               42.77         1.19
32  2026-01-23 15:34:37       0m 34s  ...               65.54         1.89
33  2026-01-23 15:35:11       0m 27s  ...               10.11         0.24
34  2026-01-23 15:35:39       0m 25s  ...                4.05         0.11
35  2026-01-23 15:36:05       0m 26s  ...                1.89         0.05
36  2026-01-23 15:36:31       0m 26s  ...                5.54         0.15
37  2026-01-23 15:36:57       0m 25s  ...                0.46         0.01
38  2026-01-23 15:37:23       0m 25s  ...                1.59         0.04

[39 rows x 24 columns]
[2026-01-23 15:39:27,119] - [root] - [INFO] - Analysis finished: 0m 32s
[2026-01-23 15:39:27,119] - [root] - [INFO] - -------------------------------------------
[2026-01-23 15:39:27,119] - [root] - [INFO] - -------------------------------------------
[2026-01-23 15:39:27,119] - [root] - [INFO] - Processing 1-22-2026 5dpi 101-W2021011-565_R1.png
[2026-01-23 15:39:45,131] - [root] - [INFO] - Finished loading mask: 0m 18s
[2026-01-23 15:40:04,191] - [root] - [INFO] - Finished crop and inference: 0m 37s
[2026-01-23 15:40:05,833] - [root] - [INFO] - Analysis finished: 0m 38s
[2026-01-23 15:40:05,833] - [root] - [INFO] - -------------------------------------------
[2026-01-23 15:40:05,833] - [root] - [INFO] - -------------------------------------------
[2026-01-23 15:40:05,833] - [root] - [INFO] - Processing 1-22-2026 5dpi 105-W2021011-558_R1.png
[2026-01-23 15:40:22,335] - [root] - [INFO] - Finished loading mask: 0m 16s
[2026-01-23 15:40:30,097] - [root] - [INFO] - Finished crop and inference: 0m 24s
              timestamp time_elapsed  ... severity_rate_patch Gradient_sr2
0   2026-01-23 15:19:29       0m 25s  ...                1.74         0.04
1   2026-01-23 15:19:55       0m 25s  ...                4.36         0.11
2   2026-01-23 15:20:20       0m 26s  ...                0.85         0.02
3   2026-01-23 15:20:47       0m 29s  ...               25.47         0.67
4   2026-01-23 15:21:17       0m 31s  ...               37.39         0.99
5   2026-01-23 15:21:49       0m 25s  ...                0.45         0.01
6   2026-01-23 15:22:14       0m 30s  ...               38.62         0.91
7   2026-01-23 15:22:45       0m 29s  ...               19.86         0.56
8   2026-01-23 15:23:15       0m 29s  ...               39.61         1.05
9   2026-01-23 15:23:44       0m 25s  ...                1.79         0.05
10  2026-01-23 15:24:10       0m 26s  ...                2.79         0.07
11  2026-01-23 15:24:36       0m 28s  ...               20.77         0.49
12  2026-01-23 15:25:05       0m 27s  ...               20.60         0.51
13  2026-01-23 15:25:33       0m 27s  ...               15.28         0.35
14  2026-01-23 15:26:00       0m 30s  ...               30.18         0.79
15  2026-01-23 15:26:31       0m 29s  ...               19.25         0.48
16  2026-01-23 15:27:01       0m 39s  ...               85.84         2.58
17  2026-01-23 15:27:40       0m 26s  ...                0.76         0.02
18  2026-01-23 15:28:06       0m 28s  ...               23.22         0.57
19  2026-01-23 15:28:35       0m 34s  ...               62.76         1.72
20  2026-01-23 15:29:09       0m 25s  ...                1.10         0.03
21  2026-01-23 15:29:35       0m 28s  ...               19.31         0.52
22  2026-01-23 15:30:04       0m 31s  ...               42.05         1.16
23  2026-01-23 15:30:35       0m 23s  ...                6.56         0.18
24  2026-01-23 15:30:59       0m 25s  ...                1.51         0.04
25  2026-01-23 15:31:24       0m 26s  ...                8.51         0.22
26  2026-01-23 15:31:51       0m 28s  ...               12.12         0.31
27  2026-01-23 15:32:19       0m 29s  ...               32.69         0.79
28  2026-01-23 15:32:49       0m 26s  ...                2.15         0.06
29  2026-01-23 15:33:15       0m 26s  ...                2.94         0.07
30  2026-01-23 15:33:42       0m 27s  ...               12.91         0.30
31  2026-01-23 15:34:09       0m 27s  ...               42.77         1.19
32  2026-01-23 15:34:37       0m 34s  ...               65.54         1.89
33  2026-01-23 15:35:11       0m 27s  ...               10.11         0.24
34  2026-01-23 15:35:39       0m 25s  ...                4.05         0.11
35  2026-01-23 15:36:05       0m 26s  ...                1.89         0.05
36  2026-01-23 15:36:31       0m 26s  ...                5.54         0.15
37  2026-01-23 15:36:57       0m 25s  ...                0.46         0.01
38  2026-01-23 15:37:23       0m 25s  ...                1.59         0.04
39  2026-01-23 15:37:48       0m 31s  ...               43.85         1.03

[40 rows x 24 columns]
              timestamp time_elapsed  ... severity_rate_patch Gradient_sr2
0   2026-01-23 15:19:29       0m 25s  ...                1.74         0.04
1   2026-01-23 15:19:55       0m 25s  ...                4.36         0.11
2   2026-01-23 15:20:20       0m 26s  ...                0.85         0.02
3   2026-01-23 15:20:47       0m 29s  ...               25.47         0.67
4   2026-01-23 15:21:17       0m 31s  ...               37.39         0.99
5   2026-01-23 15:21:49       0m 25s  ...                0.45         0.01
6   2026-01-23 15:22:14       0m 30s  ...               38.62         0.91
7   2026-01-23 15:22:45       0m 29s  ...               19.86         0.56
8   2026-01-23 15:23:15       0m 29s  ...               39.61         1.05
9   2026-01-23 15:23:44       0m 25s  ...                1.79         0.05
10  2026-01-23 15:24:10       0m 26s  ...                2.79         0.07
11  2026-01-23 15:24:36       0m 28s  ...               20.77         0.49
12  2026-01-23 15:25:05       0m 27s  ...               20.60         0.51
13  2026-01-23 15:25:33       0m 27s  ...               15.28         0.35
14  2026-01-23 15:26:00       0m 30s  ...               30.18         0.79
15  2026-01-23 15:26:31       0m 29s  ...               19.25         0.48
16  2026-01-23 15:27:01       0m 39s  ...               85.84         2.58
17  2026-01-23 15:27:40       0m 26s  ...                0.76         0.02
18  2026-01-23 15:28:06       0m 28s  ...               23.22         0.57
19  2026-01-23 15:28:35       0m 34s  ...               62.76         1.72
20  2026-01-23 15:29:09       0m 25s  ...                1.10         0.03
21  2026-01-23 15:29:35       0m 28s  ...               19.31         0.52
22  2026-01-23 15:30:04       0m 31s  ...               42.05         1.16
23  2026-01-23 15:30:35       0m 23s  ...                6.56         0.18
24  2026-01-23 15:30:59       0m 25s  ...                1.51         0.04
25  2026-01-23 15:31:24       0m 26s  ...                8.51         0.22
26  2026-01-23 15:31:51       0m 28s  ...               12.12         0.31
27  2026-01-23 15:32:19       0m 29s  ...               32.69         0.79
28  2026-01-23 15:32:49       0m 26s  ...                2.15         0.06
29  2026-01-23 15:33:15       0m 26s  ...                2.94         0.07
30  2026-01-23 15:33:42       0m 27s  ...               12.91         0.30
31  2026-01-23 15:34:09       0m 27s  ...               42.77         1.19
32  2026-01-23 15:34:37       0m 34s  ...               65.54         1.89
33  2026-01-23 15:35:11       0m 27s  ...               10.11         0.24
34  2026-01-23 15:35:39       0m 25s  ...                4.05         0.11
35  2026-01-23 15:36:05       0m 26s  ...                1.89         0.05
36  2026-01-23 15:36:31       0m 26s  ...                5.54         0.15
37  2026-01-23 15:36:57       0m 25s  ...                0.46         0.01
38  2026-01-23 15:37:23       0m 25s  ...                1.59         0.04
39  2026-01-23 15:37:48       0m 31s  ...               43.85         1.03
40  2026-01-23 15:38:20       0m 34s  ...               61.84         1.56

[41 rows x 24 columns]
[2026-01-23 15:40:31,673] - [root] - [INFO] - Analysis finished: 0m 25s
[2026-01-23 15:40:31,673] - [root] - [INFO] - -------------------------------------------
[2026-01-23 15:40:31,673] - [root] - [INFO] - -------------------------------------------
[2026-01-23 15:40:31,673] - [root] - [INFO] - Processing 1-22-2026 5dpi 110-W2021011-454_R2.png
[2026-01-23 15:40:48,388] - [root] - [INFO] - Finished loading mask: 0m 16s
[2026-01-23 15:40:58,073] - [root] - [INFO] - Finished crop and inference: 0m 26s
[2026-01-23 15:40:59,560] - [root] - [INFO] - Analysis finished: 0m 27s
[2026-01-23 15:40:59,560] - [root] - [INFO] - -------------------------------------------
[2026-01-23 15:40:59,560] - [root] - [INFO] - -------------------------------------------
[2026-01-23 15:40:59,561] - [root] - [INFO] - Processing 1-22-2026 5dpi 111-W2021011-588_R2.png
[2026-01-23 15:41:16,618] - [root] - [INFO] - Finished loading mask: 0m 17s
[2026-01-23 15:41:25,111] - [root] - [INFO] - Finished crop and inference: 0m 25s
              timestamp time_elapsed  ... severity_rate_patch Gradient_sr2
0   2026-01-23 15:19:29       0m 25s  ...                1.74         0.04
1   2026-01-23 15:19:55       0m 25s  ...                4.36         0.11
2   2026-01-23 15:20:20       0m 26s  ...                0.85         0.02
3   2026-01-23 15:20:47       0m 29s  ...               25.47         0.67
4   2026-01-23 15:21:17       0m 31s  ...               37.39         0.99
5   2026-01-23 15:21:49       0m 25s  ...                0.45         0.01
6   2026-01-23 15:22:14       0m 30s  ...               38.62         0.91
7   2026-01-23 15:22:45       0m 29s  ...               19.86         0.56
8   2026-01-23 15:23:15       0m 29s  ...               39.61         1.05
9   2026-01-23 15:23:44       0m 25s  ...                1.79         0.05
10  2026-01-23 15:24:10       0m 26s  ...                2.79         0.07
11  2026-01-23 15:24:36       0m 28s  ...               20.77         0.49
12  2026-01-23 15:25:05       0m 27s  ...               20.60         0.51
13  2026-01-23 15:25:33       0m 27s  ...               15.28         0.35
14  2026-01-23 15:26:00       0m 30s  ...               30.18         0.79
15  2026-01-23 15:26:31       0m 29s  ...               19.25         0.48
16  2026-01-23 15:27:01       0m 39s  ...               85.84         2.58
17  2026-01-23 15:27:40       0m 26s  ...                0.76         0.02
18  2026-01-23 15:28:06       0m 28s  ...               23.22         0.57
19  2026-01-23 15:28:35       0m 34s  ...               62.76         1.72
20  2026-01-23 15:29:09       0m 25s  ...                1.10         0.03
21  2026-01-23 15:29:35       0m 28s  ...               19.31         0.52
22  2026-01-23 15:30:04       0m 31s  ...               42.05         1.16
23  2026-01-23 15:30:35       0m 23s  ...                6.56         0.18
24  2026-01-23 15:30:59       0m 25s  ...                1.51         0.04
25  2026-01-23 15:31:24       0m 26s  ...                8.51         0.22
26  2026-01-23 15:31:51       0m 28s  ...               12.12         0.31
27  2026-01-23 15:32:19       0m 29s  ...               32.69         0.79
28  2026-01-23 15:32:49       0m 26s  ...                2.15         0.06
29  2026-01-23 15:33:15       0m 26s  ...                2.94         0.07
30  2026-01-23 15:33:42       0m 27s  ...               12.91         0.30
31  2026-01-23 15:34:09       0m 27s  ...               42.77         1.19
32  2026-01-23 15:34:37       0m 34s  ...               65.54         1.89
33  2026-01-23 15:35:11       0m 27s  ...               10.11         0.24
34  2026-01-23 15:35:39       0m 25s  ...                4.05         0.11
35  2026-01-23 15:36:05       0m 26s  ...                1.89         0.05
36  2026-01-23 15:36:31       0m 26s  ...                5.54         0.15
37  2026-01-23 15:36:57       0m 25s  ...                0.46         0.01
38  2026-01-23 15:37:23       0m 25s  ...                1.59         0.04
39  2026-01-23 15:37:48       0m 31s  ...               43.85         1.03
40  2026-01-23 15:38:20       0m 34s  ...               61.84         1.56
41  2026-01-23 15:38:54       0m 32s  ...               46.89         1.19

[42 rows x 24 columns]
              timestamp time_elapsed  ... severity_rate_patch Gradient_sr2
0   2026-01-23 15:19:29       0m 25s  ...                1.74         0.04
1   2026-01-23 15:19:55       0m 25s  ...                4.36         0.11
2   2026-01-23 15:20:20       0m 26s  ...                0.85         0.02
3   2026-01-23 15:20:47       0m 29s  ...               25.47         0.67
4   2026-01-23 15:21:17       0m 31s  ...               37.39         0.99
5   2026-01-23 15:21:49       0m 25s  ...                0.45         0.01
6   2026-01-23 15:22:14       0m 30s  ...               38.62         0.91
7   2026-01-23 15:22:45       0m 29s  ...               19.86         0.56
8   2026-01-23 15:23:15       0m 29s  ...               39.61         1.05
9   2026-01-23 15:23:44       0m 25s  ...                1.79         0.05
10  2026-01-23 15:24:10       0m 26s  ...                2.79         0.07
11  2026-01-23 15:24:36       0m 28s  ...               20.77         0.49
12  2026-01-23 15:25:05       0m 27s  ...               20.60         0.51
13  2026-01-23 15:25:33       0m 27s  ...               15.28         0.35
14  2026-01-23 15:26:00       0m 30s  ...               30.18         0.79
15  2026-01-23 15:26:31       0m 29s  ...               19.25         0.48
16  2026-01-23 15:27:01       0m 39s  ...               85.84         2.58
17  2026-01-23 15:27:40       0m 26s  ...                0.76         0.02
18  2026-01-23 15:28:06       0m 28s  ...               23.22         0.57
19  2026-01-23 15:28:35       0m 34s  ...               62.76         1.72
20  2026-01-23 15:29:09       0m 25s  ...                1.10         0.03
21  2026-01-23 15:29:35       0m 28s  ...               19.31         0.52
22  2026-01-23 15:30:04       0m 31s  ...               42.05         1.16
23  2026-01-23 15:30:35       0m 23s  ...                6.56         0.18
24  2026-01-23 15:30:59       0m 25s  ...                1.51         0.04
25  2026-01-23 15:31:24       0m 26s  ...                8.51         0.22
26  2026-01-23 15:31:51       0m 28s  ...               12.12         0.31
27  2026-01-23 15:32:19       0m 29s  ...               32.69         0.79
28  2026-01-23 15:32:49       0m 26s  ...                2.15         0.06
29  2026-01-23 15:33:15       0m 26s  ...                2.94         0.07
30  2026-01-23 15:33:42       0m 27s  ...               12.91         0.30
31  2026-01-23 15:34:09       0m 27s  ...               42.77         1.19
32  2026-01-23 15:34:37       0m 34s  ...               65.54         1.89
33  2026-01-23 15:35:11       0m 27s  ...               10.11         0.24
34  2026-01-23 15:35:39       0m 25s  ...                4.05         0.11
35  2026-01-23 15:36:05       0m 26s  ...                1.89         0.05
36  2026-01-23 15:36:31       0m 26s  ...                5.54         0.15
37  2026-01-23 15:36:57       0m 25s  ...                0.46         0.01
38  2026-01-23 15:37:23       0m 25s  ...                1.59         0.04
39  2026-01-23 15:37:48       0m 31s  ...               43.85         1.03
40  2026-01-23 15:38:20       0m 34s  ...               61.84         1.56
41  2026-01-23 15:38:54       0m 32s  ...               46.89         1.19
42  2026-01-23 15:39:27       0m 38s  ...               80.70         2.32

[43 rows x 24 columns]
[2026-01-23 15:41:26,603] - [root] - [INFO] - Analysis finished: 0m 27s
[2026-01-23 15:41:26,603] - [root] - [INFO] - -------------------------------------------
[2026-01-23 15:41:26,603] - [root] - [INFO] - -------------------------------------------
[2026-01-23 15:41:26,603] - [root] - [INFO] - Processing 1-22-2026 5dpi 121-W2021009-185_R1.png
[2026-01-23 15:41:43,342] - [root] - [INFO] - Finished loading mask: 0m 16s
[2026-01-23 15:41:51,733] - [root] - [INFO] - Finished crop and inference: 0m 25s
[2026-01-23 15:41:53,337] - [root] - [INFO] - Analysis finished: 0m 26s
[2026-01-23 15:41:53,338] - [root] - [INFO] - -------------------------------------------
[2026-01-23 15:41:53,338] - [root] - [INFO] - -------------------------------------------
[2026-01-23 15:41:53,338] - [root] - [INFO] - Processing 1-22-2026 5dpi 123-W2021009-255_R2.png
[2026-01-23 15:42:09,882] - [root] - [INFO] - Finished loading mask: 0m 16s
[2026-01-23 15:42:19,369] - [root] - [INFO] - Finished crop and inference: 0m 26s
              timestamp time_elapsed  ... severity_rate_patch Gradient_sr2
0   2026-01-23 15:19:29       0m 25s  ...                1.74         0.04
1   2026-01-23 15:19:55       0m 25s  ...                4.36         0.11
2   2026-01-23 15:20:20       0m 26s  ...                0.85         0.02
3   2026-01-23 15:20:47       0m 29s  ...               25.47         0.67
4   2026-01-23 15:21:17       0m 31s  ...               37.39         0.99
5   2026-01-23 15:21:49       0m 25s  ...                0.45         0.01
6   2026-01-23 15:22:14       0m 30s  ...               38.62         0.91
7   2026-01-23 15:22:45       0m 29s  ...               19.86         0.56
8   2026-01-23 15:23:15       0m 29s  ...               39.61         1.05
9   2026-01-23 15:23:44       0m 25s  ...                1.79         0.05
10  2026-01-23 15:24:10       0m 26s  ...                2.79         0.07
11  2026-01-23 15:24:36       0m 28s  ...               20.77         0.49
12  2026-01-23 15:25:05       0m 27s  ...               20.60         0.51
13  2026-01-23 15:25:33       0m 27s  ...               15.28         0.35
14  2026-01-23 15:26:00       0m 30s  ...               30.18         0.79
15  2026-01-23 15:26:31       0m 29s  ...               19.25         0.48
16  2026-01-23 15:27:01       0m 39s  ...               85.84         2.58
17  2026-01-23 15:27:40       0m 26s  ...                0.76         0.02
18  2026-01-23 15:28:06       0m 28s  ...               23.22         0.57
19  2026-01-23 15:28:35       0m 34s  ...               62.76         1.72
20  2026-01-23 15:29:09       0m 25s  ...                1.10         0.03
21  2026-01-23 15:29:35       0m 28s  ...               19.31         0.52
22  2026-01-23 15:30:04       0m 31s  ...               42.05         1.16
23  2026-01-23 15:30:35       0m 23s  ...                6.56         0.18
24  2026-01-23 15:30:59       0m 25s  ...                1.51         0.04
25  2026-01-23 15:31:24       0m 26s  ...                8.51         0.22
26  2026-01-23 15:31:51       0m 28s  ...               12.12         0.31
27  2026-01-23 15:32:19       0m 29s  ...               32.69         0.79
28  2026-01-23 15:32:49       0m 26s  ...                2.15         0.06
29  2026-01-23 15:33:15       0m 26s  ...                2.94         0.07
30  2026-01-23 15:33:42       0m 27s  ...               12.91         0.30
31  2026-01-23 15:34:09       0m 27s  ...               42.77         1.19
32  2026-01-23 15:34:37       0m 34s  ...               65.54         1.89
33  2026-01-23 15:35:11       0m 27s  ...               10.11         0.24
34  2026-01-23 15:35:39       0m 25s  ...                4.05         0.11
35  2026-01-23 15:36:05       0m 26s  ...                1.89         0.05
36  2026-01-23 15:36:31       0m 26s  ...                5.54         0.15
37  2026-01-23 15:36:57       0m 25s  ...                0.46         0.01
38  2026-01-23 15:37:23       0m 25s  ...                1.59         0.04
39  2026-01-23 15:37:48       0m 31s  ...               43.85         1.03
40  2026-01-23 15:38:20       0m 34s  ...               61.84         1.56
41  2026-01-23 15:38:54       0m 32s  ...               46.89         1.19
42  2026-01-23 15:39:27       0m 38s  ...               80.70         2.32
43  2026-01-23 15:40:05       0m 25s  ...                2.90         0.07

[44 rows x 24 columns]
              timestamp time_elapsed  ... severity_rate_patch Gradient_sr2
0   2026-01-23 15:19:29       0m 25s  ...                1.74         0.04
1   2026-01-23 15:19:55       0m 25s  ...                4.36         0.11
2   2026-01-23 15:20:20       0m 26s  ...                0.85         0.02
3   2026-01-23 15:20:47       0m 29s  ...               25.47         0.67
4   2026-01-23 15:21:17       0m 31s  ...               37.39         0.99
5   2026-01-23 15:21:49       0m 25s  ...                0.45         0.01
6   2026-01-23 15:22:14       0m 30s  ...               38.62         0.91
7   2026-01-23 15:22:45       0m 29s  ...               19.86         0.56
8   2026-01-23 15:23:15       0m 29s  ...               39.61         1.05
9   2026-01-23 15:23:44       0m 25s  ...                1.79         0.05
10  2026-01-23 15:24:10       0m 26s  ...                2.79         0.07
11  2026-01-23 15:24:36       0m 28s  ...               20.77         0.49
12  2026-01-23 15:25:05       0m 27s  ...               20.60         0.51
13  2026-01-23 15:25:33       0m 27s  ...               15.28         0.35
14  2026-01-23 15:26:00       0m 30s  ...               30.18         0.79
15  2026-01-23 15:26:31       0m 29s  ...               19.25         0.48
16  2026-01-23 15:27:01       0m 39s  ...               85.84         2.58
17  2026-01-23 15:27:40       0m 26s  ...                0.76         0.02
18  2026-01-23 15:28:06       0m 28s  ...               23.22         0.57
19  2026-01-23 15:28:35       0m 34s  ...               62.76         1.72
20  2026-01-23 15:29:09       0m 25s  ...                1.10         0.03
21  2026-01-23 15:29:35       0m 28s  ...               19.31         0.52
22  2026-01-23 15:30:04       0m 31s  ...               42.05         1.16
23  2026-01-23 15:30:35       0m 23s  ...                6.56         0.18
24  2026-01-23 15:30:59       0m 25s  ...                1.51         0.04
25  2026-01-23 15:31:24       0m 26s  ...                8.51         0.22
26  2026-01-23 15:31:51       0m 28s  ...               12.12         0.31
27  2026-01-23 15:32:19       0m 29s  ...               32.69         0.79
28  2026-01-23 15:32:49       0m 26s  ...                2.15         0.06
29  2026-01-23 15:33:15       0m 26s  ...                2.94         0.07
30  2026-01-23 15:33:42       0m 27s  ...               12.91         0.30
31  2026-01-23 15:34:09       0m 27s  ...               42.77         1.19
32  2026-01-23 15:34:37       0m 34s  ...               65.54         1.89
33  2026-01-23 15:35:11       0m 27s  ...               10.11         0.24
34  2026-01-23 15:35:39       0m 25s  ...                4.05         0.11
35  2026-01-23 15:36:05       0m 26s  ...                1.89         0.05
36  2026-01-23 15:36:31       0m 26s  ...                5.54         0.15
37  2026-01-23 15:36:57       0m 25s  ...                0.46         0.01
38  2026-01-23 15:37:23       0m 25s  ...                1.59         0.04
39  2026-01-23 15:37:48       0m 31s  ...               43.85         1.03
40  2026-01-23 15:38:20       0m 34s  ...               61.84         1.56
41  2026-01-23 15:38:54       0m 32s  ...               46.89         1.19
42  2026-01-23 15:39:27       0m 38s  ...               80.70         2.32
43  2026-01-23 15:40:05       0m 25s  ...                2.90         0.07
44  2026-01-23 15:40:31       0m 27s  ...               11.56         0.29

[45 rows x 24 columns]
[2026-01-23 15:42:20,933] - [root] - [INFO] - Analysis finished: 0m 27s
[2026-01-23 15:42:20,933] - [root] - [INFO] - -------------------------------------------
[2026-01-23 15:42:20,933] - [root] - [INFO] - -------------------------------------------
[2026-01-23 15:42:20,933] - [root] - [INFO] - Processing 1-22-2026 5dpi 123-W2021009-621_R2.png
[2026-01-23 15:42:37,503] - [root] - [INFO] - Finished loading mask: 0m 16s
[2026-01-23 15:42:46,266] - [root] - [INFO] - Finished crop and inference: 0m 25s
[2026-01-23 15:42:47,787] - [root] - [INFO] - Analysis finished: 0m 26s
[2026-01-23 15:42:47,787] - [root] - [INFO] - -------------------------------------------
[2026-01-23 15:42:47,787] - [root] - [INFO] - -------------------------------------------
[2026-01-23 15:42:47,787] - [root] - [INFO] - Processing 1-22-2026 5dpi 127-W2021006-143_R2.png
[2026-01-23 15:43:04,420] - [root] - [INFO] - Finished loading mask: 0m 16s
[2026-01-23 15:43:12,035] - [root] - [INFO] - Finished crop and inference: 0m 24s
              timestamp time_elapsed  ... severity_rate_patch Gradient_sr2
0   2026-01-23 15:19:29       0m 25s  ...                1.74         0.04
1   2026-01-23 15:19:55       0m 25s  ...                4.36         0.11
2   2026-01-23 15:20:20       0m 26s  ...                0.85         0.02
3   2026-01-23 15:20:47       0m 29s  ...               25.47         0.67
4   2026-01-23 15:21:17       0m 31s  ...               37.39         0.99
5   2026-01-23 15:21:49       0m 25s  ...                0.45         0.01
6   2026-01-23 15:22:14       0m 30s  ...               38.62         0.91
7   2026-01-23 15:22:45       0m 29s  ...               19.86         0.56
8   2026-01-23 15:23:15       0m 29s  ...               39.61         1.05
9   2026-01-23 15:23:44       0m 25s  ...                1.79         0.05
10  2026-01-23 15:24:10       0m 26s  ...                2.79         0.07
11  2026-01-23 15:24:36       0m 28s  ...               20.77         0.49
12  2026-01-23 15:25:05       0m 27s  ...               20.60         0.51
13  2026-01-23 15:25:33       0m 27s  ...               15.28         0.35
14  2026-01-23 15:26:00       0m 30s  ...               30.18         0.79
15  2026-01-23 15:26:31       0m 29s  ...               19.25         0.48
16  2026-01-23 15:27:01       0m 39s  ...               85.84         2.58
17  2026-01-23 15:27:40       0m 26s  ...                0.76         0.02
18  2026-01-23 15:28:06       0m 28s  ...               23.22         0.57
19  2026-01-23 15:28:35       0m 34s  ...               62.76         1.72
20  2026-01-23 15:29:09       0m 25s  ...                1.10         0.03
21  2026-01-23 15:29:35       0m 28s  ...               19.31         0.52
22  2026-01-23 15:30:04       0m 31s  ...               42.05         1.16
23  2026-01-23 15:30:35       0m 23s  ...                6.56         0.18
24  2026-01-23 15:30:59       0m 25s  ...                1.51         0.04
25  2026-01-23 15:31:24       0m 26s  ...                8.51         0.22
26  2026-01-23 15:31:51       0m 28s  ...               12.12         0.31
27  2026-01-23 15:32:19       0m 29s  ...               32.69         0.79
28  2026-01-23 15:32:49       0m 26s  ...                2.15         0.06
29  2026-01-23 15:33:15       0m 26s  ...                2.94         0.07
30  2026-01-23 15:33:42       0m 27s  ...               12.91         0.30
31  2026-01-23 15:34:09       0m 27s  ...               42.77         1.19
32  2026-01-23 15:34:37       0m 34s  ...               65.54         1.89
33  2026-01-23 15:35:11       0m 27s  ...               10.11         0.24
34  2026-01-23 15:35:39       0m 25s  ...                4.05         0.11
35  2026-01-23 15:36:05       0m 26s  ...                1.89         0.05
36  2026-01-23 15:36:31       0m 26s  ...                5.54         0.15
37  2026-01-23 15:36:57       0m 25s  ...                0.46         0.01
38  2026-01-23 15:37:23       0m 25s  ...                1.59         0.04
39  2026-01-23 15:37:48       0m 31s  ...               43.85         1.03
40  2026-01-23 15:38:20       0m 34s  ...               61.84         1.56
41  2026-01-23 15:38:54       0m 32s  ...               46.89         1.19
42  2026-01-23 15:39:27       0m 38s  ...               80.70         2.32
43  2026-01-23 15:40:05       0m 25s  ...                2.90         0.07
44  2026-01-23 15:40:31       0m 27s  ...               11.56         0.29
45  2026-01-23 15:40:59       0m 27s  ...                4.11         0.11

[46 rows x 24 columns]
              timestamp time_elapsed  ... severity_rate_patch Gradient_sr2
0   2026-01-23 15:19:29       0m 25s  ...                1.74         0.04
1   2026-01-23 15:19:55       0m 25s  ...                4.36         0.11
2   2026-01-23 15:20:20       0m 26s  ...                0.85         0.02
3   2026-01-23 15:20:47       0m 29s  ...               25.47         0.67
4   2026-01-23 15:21:17       0m 31s  ...               37.39         0.99
5   2026-01-23 15:21:49       0m 25s  ...                0.45         0.01
6   2026-01-23 15:22:14       0m 30s  ...               38.62         0.91
7   2026-01-23 15:22:45       0m 29s  ...               19.86         0.56
8   2026-01-23 15:23:15       0m 29s  ...               39.61         1.05
9   2026-01-23 15:23:44       0m 25s  ...                1.79         0.05
10  2026-01-23 15:24:10       0m 26s  ...                2.79         0.07
11  2026-01-23 15:24:36       0m 28s  ...               20.77         0.49
12  2026-01-23 15:25:05       0m 27s  ...               20.60         0.51
13  2026-01-23 15:25:33       0m 27s  ...               15.28         0.35
14  2026-01-23 15:26:00       0m 30s  ...               30.18         0.79
15  2026-01-23 15:26:31       0m 29s  ...               19.25         0.48
16  2026-01-23 15:27:01       0m 39s  ...               85.84         2.58
17  2026-01-23 15:27:40       0m 26s  ...                0.76         0.02
18  2026-01-23 15:28:06       0m 28s  ...               23.22         0.57
19  2026-01-23 15:28:35       0m 34s  ...               62.76         1.72
20  2026-01-23 15:29:09       0m 25s  ...                1.10         0.03
21  2026-01-23 15:29:35       0m 28s  ...               19.31         0.52
22  2026-01-23 15:30:04       0m 31s  ...               42.05         1.16
23  2026-01-23 15:30:35       0m 23s  ...                6.56         0.18
24  2026-01-23 15:30:59       0m 25s  ...                1.51         0.04
25  2026-01-23 15:31:24       0m 26s  ...                8.51         0.22
26  2026-01-23 15:31:51       0m 28s  ...               12.12         0.31
27  2026-01-23 15:32:19       0m 29s  ...               32.69         0.79
28  2026-01-23 15:32:49       0m 26s  ...                2.15         0.06
29  2026-01-23 15:33:15       0m 26s  ...                2.94         0.07
30  2026-01-23 15:33:42       0m 27s  ...               12.91         0.30
31  2026-01-23 15:34:09       0m 27s  ...               42.77         1.19
32  2026-01-23 15:34:37       0m 34s  ...               65.54         1.89
33  2026-01-23 15:35:11       0m 27s  ...               10.11         0.24
34  2026-01-23 15:35:39       0m 25s  ...                4.05         0.11
35  2026-01-23 15:36:05       0m 26s  ...                1.89         0.05
36  2026-01-23 15:36:31       0m 26s  ...                5.54         0.15
37  2026-01-23 15:36:57       0m 25s  ...                0.46         0.01
38  2026-01-23 15:37:23       0m 25s  ...                1.59         0.04
39  2026-01-23 15:37:48       0m 31s  ...               43.85         1.03
40  2026-01-23 15:38:20       0m 34s  ...               61.84         1.56
41  2026-01-23 15:38:54       0m 32s  ...               46.89         1.19
42  2026-01-23 15:39:27       0m 38s  ...               80.70         2.32
43  2026-01-23 15:40:05       0m 25s  ...                2.90         0.07
44  2026-01-23 15:40:31       0m 27s  ...               11.56         0.29
45  2026-01-23 15:40:59       0m 27s  ...                4.11         0.11
46  2026-01-23 15:41:26       0m 26s  ...               11.45         0.30

[47 rows x 24 columns]
[2026-01-23 15:43:13,553] - [root] - [INFO] - Analysis finished: 0m 25s
[2026-01-23 15:43:13,553] - [root] - [INFO] - -------------------------------------------
[2026-01-23 15:43:13,553] - [root] - [INFO] - -------------------------------------------
[2026-01-23 15:43:13,553] - [root] - [INFO] - Processing 1-22-2026 5dpi 127-W2021009-292_R2.png
[2026-01-23 15:43:31,682] - [root] - [INFO] - Finished loading mask: 0m 18s
[2026-01-23 15:43:50,876] - [root] - [INFO] - Finished crop and inference: 0m 37s
[2026-01-23 15:43:52,538] - [root] - [INFO] - Analysis finished: 0m 38s
[2026-01-23 15:43:52,538] - [root] - [INFO] - -------------------------------------------
[2026-01-23 15:43:52,539] - [root] - [INFO] - -------------------------------------------
[2026-01-23 15:43:52,539] - [root] - [INFO] - Processing 1-22-2026 5dpi 128-W2021006-013_R1.png
[2026-01-23 15:44:10,259] - [root] - [INFO] - Finished loading mask: 0m 17s
[2026-01-23 15:44:26,100] - [root] - [INFO] - Finished crop and inference: 0m 33s
              timestamp time_elapsed  ... severity_rate_patch Gradient_sr2
0   2026-01-23 15:19:29       0m 25s  ...                1.74         0.04
1   2026-01-23 15:19:55       0m 25s  ...                4.36         0.11
2   2026-01-23 15:20:20       0m 26s  ...                0.85         0.02
3   2026-01-23 15:20:47       0m 29s  ...               25.47         0.67
4   2026-01-23 15:21:17       0m 31s  ...               37.39         0.99
5   2026-01-23 15:21:49       0m 25s  ...                0.45         0.01
6   2026-01-23 15:22:14       0m 30s  ...               38.62         0.91
7   2026-01-23 15:22:45       0m 29s  ...               19.86         0.56
8   2026-01-23 15:23:15       0m 29s  ...               39.61         1.05
9   2026-01-23 15:23:44       0m 25s  ...                1.79         0.05
10  2026-01-23 15:24:10       0m 26s  ...                2.79         0.07
11  2026-01-23 15:24:36       0m 28s  ...               20.77         0.49
12  2026-01-23 15:25:05       0m 27s  ...               20.60         0.51
13  2026-01-23 15:25:33       0m 27s  ...               15.28         0.35
14  2026-01-23 15:26:00       0m 30s  ...               30.18         0.79
15  2026-01-23 15:26:31       0m 29s  ...               19.25         0.48
16  2026-01-23 15:27:01       0m 39s  ...               85.84         2.58
17  2026-01-23 15:27:40       0m 26s  ...                0.76         0.02
18  2026-01-23 15:28:06       0m 28s  ...               23.22         0.57
19  2026-01-23 15:28:35       0m 34s  ...               62.76         1.72
20  2026-01-23 15:29:09       0m 25s  ...                1.10         0.03
21  2026-01-23 15:29:35       0m 28s  ...               19.31         0.52
22  2026-01-23 15:30:04       0m 31s  ...               42.05         1.16
23  2026-01-23 15:30:35       0m 23s  ...                6.56         0.18
24  2026-01-23 15:30:59       0m 25s  ...                1.51         0.04
25  2026-01-23 15:31:24       0m 26s  ...                8.51         0.22
26  2026-01-23 15:31:51       0m 28s  ...               12.12         0.31
27  2026-01-23 15:32:19       0m 29s  ...               32.69         0.79
28  2026-01-23 15:32:49       0m 26s  ...                2.15         0.06
29  2026-01-23 15:33:15       0m 26s  ...                2.94         0.07
30  2026-01-23 15:33:42       0m 27s  ...               12.91         0.30
31  2026-01-23 15:34:09       0m 27s  ...               42.77         1.19
32  2026-01-23 15:34:37       0m 34s  ...               65.54         1.89
33  2026-01-23 15:35:11       0m 27s  ...               10.11         0.24
34  2026-01-23 15:35:39       0m 25s  ...                4.05         0.11
35  2026-01-23 15:36:05       0m 26s  ...                1.89         0.05
36  2026-01-23 15:36:31       0m 26s  ...                5.54         0.15
37  2026-01-23 15:36:57       0m 25s  ...                0.46         0.01
38  2026-01-23 15:37:23       0m 25s  ...                1.59         0.04
39  2026-01-23 15:37:48       0m 31s  ...               43.85         1.03
40  2026-01-23 15:38:20       0m 34s  ...               61.84         1.56
41  2026-01-23 15:38:54       0m 32s  ...               46.89         1.19
42  2026-01-23 15:39:27       0m 38s  ...               80.70         2.32
43  2026-01-23 15:40:05       0m 25s  ...                2.90         0.07
44  2026-01-23 15:40:31       0m 27s  ...               11.56         0.29
45  2026-01-23 15:40:59       0m 27s  ...                4.11         0.11
46  2026-01-23 15:41:26       0m 26s  ...               11.45         0.30
47  2026-01-23 15:41:53       0m 27s  ...               11.80         0.25

[48 rows x 24 columns]
              timestamp time_elapsed  ... severity_rate_patch Gradient_sr2
0   2026-01-23 15:19:29       0m 25s  ...                1.74         0.04
1   2026-01-23 15:19:55       0m 25s  ...                4.36         0.11
2   2026-01-23 15:20:20       0m 26s  ...                0.85         0.02
3   2026-01-23 15:20:47       0m 29s  ...               25.47         0.67
4   2026-01-23 15:21:17       0m 31s  ...               37.39         0.99
5   2026-01-23 15:21:49       0m 25s  ...                0.45         0.01
6   2026-01-23 15:22:14       0m 30s  ...               38.62         0.91
7   2026-01-23 15:22:45       0m 29s  ...               19.86         0.56
8   2026-01-23 15:23:15       0m 29s  ...               39.61         1.05
9   2026-01-23 15:23:44       0m 25s  ...                1.79         0.05
10  2026-01-23 15:24:10       0m 26s  ...                2.79         0.07
11  2026-01-23 15:24:36       0m 28s  ...               20.77         0.49
12  2026-01-23 15:25:05       0m 27s  ...               20.60         0.51
13  2026-01-23 15:25:33       0m 27s  ...               15.28         0.35
14  2026-01-23 15:26:00       0m 30s  ...               30.18         0.79
15  2026-01-23 15:26:31       0m 29s  ...               19.25         0.48
16  2026-01-23 15:27:01       0m 39s  ...               85.84         2.58
17  2026-01-23 15:27:40       0m 26s  ...                0.76         0.02
18  2026-01-23 15:28:06       0m 28s  ...               23.22         0.57
19  2026-01-23 15:28:35       0m 34s  ...               62.76         1.72
20  2026-01-23 15:29:09       0m 25s  ...                1.10         0.03
21  2026-01-23 15:29:35       0m 28s  ...               19.31         0.52
22  2026-01-23 15:30:04       0m 31s  ...               42.05         1.16
23  2026-01-23 15:30:35       0m 23s  ...                6.56         0.18
24  2026-01-23 15:30:59       0m 25s  ...                1.51         0.04
25  2026-01-23 15:31:24       0m 26s  ...                8.51         0.22
26  2026-01-23 15:31:51       0m 28s  ...               12.12         0.31
27  2026-01-23 15:32:19       0m 29s  ...               32.69         0.79
28  2026-01-23 15:32:49       0m 26s  ...                2.15         0.06
29  2026-01-23 15:33:15       0m 26s  ...                2.94         0.07
30  2026-01-23 15:33:42       0m 27s  ...               12.91         0.30
31  2026-01-23 15:34:09       0m 27s  ...               42.77         1.19
32  2026-01-23 15:34:37       0m 34s  ...               65.54         1.89
33  2026-01-23 15:35:11       0m 27s  ...               10.11         0.24
34  2026-01-23 15:35:39       0m 25s  ...                4.05         0.11
35  2026-01-23 15:36:05       0m 26s  ...                1.89         0.05
36  2026-01-23 15:36:31       0m 26s  ...                5.54         0.15
37  2026-01-23 15:36:57       0m 25s  ...                0.46         0.01
38  2026-01-23 15:37:23       0m 25s  ...                1.59         0.04
39  2026-01-23 15:37:48       0m 31s  ...               43.85         1.03
40  2026-01-23 15:38:20       0m 34s  ...               61.84         1.56
41  2026-01-23 15:38:54       0m 32s  ...               46.89         1.19
42  2026-01-23 15:39:27       0m 38s  ...               80.70         2.32
43  2026-01-23 15:40:05       0m 25s  ...                2.90         0.07
44  2026-01-23 15:40:31       0m 27s  ...               11.56         0.29
45  2026-01-23 15:40:59       0m 27s  ...                4.11         0.11
46  2026-01-23 15:41:26       0m 26s  ...               11.45         0.30
47  2026-01-23 15:41:53       0m 27s  ...               11.80         0.25
48  2026-01-23 15:42:20       0m 26s  ...                6.42         0.18

[49 rows x 24 columns]
[2026-01-23 15:44:27,689] - [root] - [INFO] - Analysis finished: 0m 35s
[2026-01-23 15:44:27,689] - [root] - [INFO] - -------------------------------------------
[2026-01-23 15:44:27,689] - [root] - [INFO] - -------------------------------------------
[2026-01-23 15:44:27,689] - [root] - [INFO] - Processing 1-22-2026 5dpi 129-W2021006-119_R2.png
[2026-01-23 15:44:44,327] - [root] - [INFO] - Finished loading mask: 0m 16s
[2026-01-23 15:44:53,624] - [root] - [INFO] - Finished crop and inference: 0m 25s
[2026-01-23 15:44:55,243] - [root] - [INFO] - Analysis finished: 0m 27s
[2026-01-23 15:44:55,243] - [root] - [INFO] - -------------------------------------------
[2026-01-23 15:44:55,243] - [root] - [INFO] - -------------------------------------------
[2026-01-23 15:44:55,243] - [root] - [INFO] - Processing 1-22-2026 5dpi 132-W2021010-399_R1.png
[2026-01-23 15:45:11,456] - [root] - [INFO] - Finished loading mask: 0m 16s
[2026-01-23 15:45:19,319] - [root] - [INFO] - Finished crop and inference: 0m 24s
              timestamp time_elapsed  ... severity_rate_patch Gradient_sr2
0   2026-01-23 15:19:29       0m 25s  ...                1.74         0.04
1   2026-01-23 15:19:55       0m 25s  ...                4.36         0.11
2   2026-01-23 15:20:20       0m 26s  ...                0.85         0.02
3   2026-01-23 15:20:47       0m 29s  ...               25.47         0.67
4   2026-01-23 15:21:17       0m 31s  ...               37.39         0.99
5   2026-01-23 15:21:49       0m 25s  ...                0.45         0.01
6   2026-01-23 15:22:14       0m 30s  ...               38.62         0.91
7   2026-01-23 15:22:45       0m 29s  ...               19.86         0.56
8   2026-01-23 15:23:15       0m 29s  ...               39.61         1.05
9   2026-01-23 15:23:44       0m 25s  ...                1.79         0.05
10  2026-01-23 15:24:10       0m 26s  ...                2.79         0.07
11  2026-01-23 15:24:36       0m 28s  ...               20.77         0.49
12  2026-01-23 15:25:05       0m 27s  ...               20.60         0.51
13  2026-01-23 15:25:33       0m 27s  ...               15.28         0.35
14  2026-01-23 15:26:00       0m 30s  ...               30.18         0.79
15  2026-01-23 15:26:31       0m 29s  ...               19.25         0.48
16  2026-01-23 15:27:01       0m 39s  ...               85.84         2.58
17  2026-01-23 15:27:40       0m 26s  ...                0.76         0.02
18  2026-01-23 15:28:06       0m 28s  ...               23.22         0.57
19  2026-01-23 15:28:35       0m 34s  ...               62.76         1.72
20  2026-01-23 15:29:09       0m 25s  ...                1.10         0.03
21  2026-01-23 15:29:35       0m 28s  ...               19.31         0.52
22  2026-01-23 15:30:04       0m 31s  ...               42.05         1.16
23  2026-01-23 15:30:35       0m 23s  ...                6.56         0.18
24  2026-01-23 15:30:59       0m 25s  ...                1.51         0.04
25  2026-01-23 15:31:24       0m 26s  ...                8.51         0.22
26  2026-01-23 15:31:51       0m 28s  ...               12.12         0.31
27  2026-01-23 15:32:19       0m 29s  ...               32.69         0.79
28  2026-01-23 15:32:49       0m 26s  ...                2.15         0.06
29  2026-01-23 15:33:15       0m 26s  ...                2.94         0.07
30  2026-01-23 15:33:42       0m 27s  ...               12.91         0.30
31  2026-01-23 15:34:09       0m 27s  ...               42.77         1.19
32  2026-01-23 15:34:37       0m 34s  ...               65.54         1.89
33  2026-01-23 15:35:11       0m 27s  ...               10.11         0.24
34  2026-01-23 15:35:39       0m 25s  ...                4.05         0.11
35  2026-01-23 15:36:05       0m 26s  ...                1.89         0.05
36  2026-01-23 15:36:31       0m 26s  ...                5.54         0.15
37  2026-01-23 15:36:57       0m 25s  ...                0.46         0.01
38  2026-01-23 15:37:23       0m 25s  ...                1.59         0.04
39  2026-01-23 15:37:48       0m 31s  ...               43.85         1.03
40  2026-01-23 15:38:20       0m 34s  ...               61.84         1.56
41  2026-01-23 15:38:54       0m 32s  ...               46.89         1.19
42  2026-01-23 15:39:27       0m 38s  ...               80.70         2.32
43  2026-01-23 15:40:05       0m 25s  ...                2.90         0.07
44  2026-01-23 15:40:31       0m 27s  ...               11.56         0.29
45  2026-01-23 15:40:59       0m 27s  ...                4.11         0.11
46  2026-01-23 15:41:26       0m 26s  ...               11.45         0.30
47  2026-01-23 15:41:53       0m 27s  ...               11.80         0.25
48  2026-01-23 15:42:20       0m 26s  ...                6.42         0.18
49  2026-01-23 15:42:47       0m 25s  ...                0.78         0.02

[50 rows x 24 columns]
              timestamp time_elapsed  ... severity_rate_patch Gradient_sr2
0   2026-01-23 15:19:29       0m 25s  ...                1.74         0.04
1   2026-01-23 15:19:55       0m 25s  ...                4.36         0.11
2   2026-01-23 15:20:20       0m 26s  ...                0.85         0.02
3   2026-01-23 15:20:47       0m 29s  ...               25.47         0.67
4   2026-01-23 15:21:17       0m 31s  ...               37.39         0.99
5   2026-01-23 15:21:49       0m 25s  ...                0.45         0.01
6   2026-01-23 15:22:14       0m 30s  ...               38.62         0.91
7   2026-01-23 15:22:45       0m 29s  ...               19.86         0.56
8   2026-01-23 15:23:15       0m 29s  ...               39.61         1.05
9   2026-01-23 15:23:44       0m 25s  ...                1.79         0.05
10  2026-01-23 15:24:10       0m 26s  ...                2.79         0.07
11  2026-01-23 15:24:36       0m 28s  ...               20.77         0.49
12  2026-01-23 15:25:05       0m 27s  ...               20.60         0.51
13  2026-01-23 15:25:33       0m 27s  ...               15.28         0.35
14  2026-01-23 15:26:00       0m 30s  ...               30.18         0.79
15  2026-01-23 15:26:31       0m 29s  ...               19.25         0.48
16  2026-01-23 15:27:01       0m 39s  ...               85.84         2.58
17  2026-01-23 15:27:40       0m 26s  ...                0.76         0.02
18  2026-01-23 15:28:06       0m 28s  ...               23.22         0.57
19  2026-01-23 15:28:35       0m 34s  ...               62.76         1.72
20  2026-01-23 15:29:09       0m 25s  ...                1.10         0.03
21  2026-01-23 15:29:35       0m 28s  ...               19.31         0.52
22  2026-01-23 15:30:04       0m 31s  ...               42.05         1.16
23  2026-01-23 15:30:35       0m 23s  ...                6.56         0.18
24  2026-01-23 15:30:59       0m 25s  ...                1.51         0.04
25  2026-01-23 15:31:24       0m 26s  ...                8.51         0.22
26  2026-01-23 15:31:51       0m 28s  ...               12.12         0.31
27  2026-01-23 15:32:19       0m 29s  ...               32.69         0.79
28  2026-01-23 15:32:49       0m 26s  ...                2.15         0.06
29  2026-01-23 15:33:15       0m 26s  ...                2.94         0.07
30  2026-01-23 15:33:42       0m 27s  ...               12.91         0.30
31  2026-01-23 15:34:09       0m 27s  ...               42.77         1.19
32  2026-01-23 15:34:37       0m 34s  ...               65.54         1.89
33  2026-01-23 15:35:11       0m 27s  ...               10.11         0.24
34  2026-01-23 15:35:39       0m 25s  ...                4.05         0.11
35  2026-01-23 15:36:05       0m 26s  ...                1.89         0.05
36  2026-01-23 15:36:31       0m 26s  ...                5.54         0.15
37  2026-01-23 15:36:57       0m 25s  ...                0.46         0.01
38  2026-01-23 15:37:23       0m 25s  ...                1.59         0.04
39  2026-01-23 15:37:48       0m 31s  ...               43.85         1.03
40  2026-01-23 15:38:20       0m 34s  ...               61.84         1.56
41  2026-01-23 15:38:54       0m 32s  ...               46.89         1.19
42  2026-01-23 15:39:27       0m 38s  ...               80.70         2.32
43  2026-01-23 15:40:05       0m 25s  ...                2.90         0.07
44  2026-01-23 15:40:31       0m 27s  ...               11.56         0.29
45  2026-01-23 15:40:59       0m 27s  ...                4.11         0.11
46  2026-01-23 15:41:26       0m 26s  ...               11.45         0.30
47  2026-01-23 15:41:53       0m 27s  ...               11.80         0.25
48  2026-01-23 15:42:20       0m 26s  ...                6.42         0.18
49  2026-01-23 15:42:47       0m 25s  ...                0.78         0.02
50  2026-01-23 15:43:13       0m 38s  ...               83.75         2.58

[51 rows x 24 columns]
[2026-01-23 15:45:20,890] - [root] - [INFO] - Analysis finished: 0m 25s
[2026-01-23 15:45:20,890] - [root] - [INFO] - -------------------------------------------
[2026-01-23 15:45:20,890] - [root] - [INFO] - -------------------------------------------
[2026-01-23 15:45:20,890] - [root] - [INFO] - Processing 1-22-2026 5dpi 132-W2021011-644_R2.png
[2026-01-23 15:45:37,595] - [root] - [INFO] - Finished loading mask: 0m 16s
[2026-01-23 15:45:47,269] - [root] - [INFO] - Finished crop and inference: 0m 26s
              timestamp time_elapsed  ... severity_rate_patch Gradient_sr2
0   2026-01-23 15:19:29       0m 25s  ...                1.74         0.04
1   2026-01-23 15:19:55       0m 25s  ...                4.36         0.11
2   2026-01-23 15:20:20       0m 26s  ...                0.85         0.02
3   2026-01-23 15:20:47       0m 29s  ...               25.47         0.67
4   2026-01-23 15:21:17       0m 31s  ...               37.39         0.99
5   2026-01-23 15:21:49       0m 25s  ...                0.45         0.01
6   2026-01-23 15:22:14       0m 30s  ...               38.62         0.91
7   2026-01-23 15:22:45       0m 29s  ...               19.86         0.56
8   2026-01-23 15:23:15       0m 29s  ...               39.61         1.05
9   2026-01-23 15:23:44       0m 25s  ...                1.79         0.05
10  2026-01-23 15:24:10       0m 26s  ...                2.79         0.07
11  2026-01-23 15:24:36       0m 28s  ...               20.77         0.49
12  2026-01-23 15:25:05       0m 27s  ...               20.60         0.51
13  2026-01-23 15:25:33       0m 27s  ...               15.28         0.35
14  2026-01-23 15:26:00       0m 30s  ...               30.18         0.79
15  2026-01-23 15:26:31       0m 29s  ...               19.25         0.48
16  2026-01-23 15:27:01       0m 39s  ...               85.84         2.58
17  2026-01-23 15:27:40       0m 26s  ...                0.76         0.02
18  2026-01-23 15:28:06       0m 28s  ...               23.22         0.57
19  2026-01-23 15:28:35       0m 34s  ...               62.76         1.72
20  2026-01-23 15:29:09       0m 25s  ...                1.10         0.03
21  2026-01-23 15:29:35       0m 28s  ...               19.31         0.52
22  2026-01-23 15:30:04       0m 31s  ...               42.05         1.16
23  2026-01-23 15:30:35       0m 23s  ...                6.56         0.18
24  2026-01-23 15:30:59       0m 25s  ...                1.51         0.04
25  2026-01-23 15:31:24       0m 26s  ...                8.51         0.22
26  2026-01-23 15:31:51       0m 28s  ...               12.12         0.31
27  2026-01-23 15:32:19       0m 29s  ...               32.69         0.79
28  2026-01-23 15:32:49       0m 26s  ...                2.15         0.06
29  2026-01-23 15:33:15       0m 26s  ...                2.94         0.07
30  2026-01-23 15:33:42       0m 27s  ...               12.91         0.30
31  2026-01-23 15:34:09       0m 27s  ...               42.77         1.19
32  2026-01-23 15:34:37       0m 34s  ...               65.54         1.89
33  2026-01-23 15:35:11       0m 27s  ...               10.11         0.24
34  2026-01-23 15:35:39       0m 25s  ...                4.05         0.11
35  2026-01-23 15:36:05       0m 26s  ...                1.89         0.05
36  2026-01-23 15:36:31       0m 26s  ...                5.54         0.15
37  2026-01-23 15:36:57       0m 25s  ...                0.46         0.01
38  2026-01-23 15:37:23       0m 25s  ...                1.59         0.04
39  2026-01-23 15:37:48       0m 31s  ...               43.85         1.03
40  2026-01-23 15:38:20       0m 34s  ...               61.84         1.56
41  2026-01-23 15:38:54       0m 32s  ...               46.89         1.19
42  2026-01-23 15:39:27       0m 38s  ...               80.70         2.32
43  2026-01-23 15:40:05       0m 25s  ...                2.90         0.07
44  2026-01-23 15:40:31       0m 27s  ...               11.56         0.29
45  2026-01-23 15:40:59       0m 27s  ...                4.11         0.11
46  2026-01-23 15:41:26       0m 26s  ...               11.45         0.30
47  2026-01-23 15:41:53       0m 27s  ...               11.80         0.25
48  2026-01-23 15:42:20       0m 26s  ...                6.42         0.18
49  2026-01-23 15:42:47       0m 25s  ...                0.78         0.02
50  2026-01-23 15:43:13       0m 38s  ...               83.75         2.58
51  2026-01-23 15:43:52       0m 35s  ...               77.72         2.05

[52 rows x 24 columns]
              timestamp time_elapsed  ... severity_rate_patch Gradient_sr2
0   2026-01-23 15:19:29       0m 25s  ...                1.74         0.04
1   2026-01-23 15:19:55       0m 25s  ...                4.36         0.11
2   2026-01-23 15:20:20       0m 26s  ...                0.85         0.02
3   2026-01-23 15:20:47       0m 29s  ...               25.47         0.67
4   2026-01-23 15:21:17       0m 31s  ...               37.39         0.99
5   2026-01-23 15:21:49       0m 25s  ...                0.45         0.01
6   2026-01-23 15:22:14       0m 30s  ...               38.62         0.91
7   2026-01-23 15:22:45       0m 29s  ...               19.86         0.56
8   2026-01-23 15:23:15       0m 29s  ...               39.61         1.05
9   2026-01-23 15:23:44       0m 25s  ...                1.79         0.05
10  2026-01-23 15:24:10       0m 26s  ...                2.79         0.07
11  2026-01-23 15:24:36       0m 28s  ...               20.77         0.49
12  2026-01-23 15:25:05       0m 27s  ...               20.60         0.51
13  2026-01-23 15:25:33       0m 27s  ...               15.28         0.35
14  2026-01-23 15:26:00       0m 30s  ...               30.18         0.79
15  2026-01-23 15:26:31       0m 29s  ...               19.25         0.48
16  2026-01-23 15:27:01       0m 39s  ...               85.84         2.58
17  2026-01-23 15:27:40       0m 26s  ...                0.76         0.02
18  2026-01-23 15:28:06       0m 28s  ...               23.22         0.57
19  2026-01-23 15:28:35       0m 34s  ...               62.76         1.72
20  2026-01-23 15:29:09       0m 25s  ...                1.10         0.03
21  2026-01-23 15:29:35       0m 28s  ...               19.31         0.52
22  2026-01-23 15:30:04       0m 31s  ...               42.05         1.16
23  2026-01-23 15:30:35       0m 23s  ...                6.56         0.18
24  2026-01-23 15:30:59       0m 25s  ...                1.51         0.04
25  2026-01-23 15:31:24       0m 26s  ...                8.51         0.22
26  2026-01-23 15:31:51       0m 28s  ...               12.12         0.31
27  2026-01-23 15:32:19       0m 29s  ...               32.69         0.79
28  2026-01-23 15:32:49       0m 26s  ...                2.15         0.06
29  2026-01-23 15:33:15       0m 26s  ...                2.94         0.07
30  2026-01-23 15:33:42       0m 27s  ...               12.91         0.30
31  2026-01-23 15:34:09       0m 27s  ...               42.77         1.19
32  2026-01-23 15:34:37       0m 34s  ...               65.54         1.89
33  2026-01-23 15:35:11       0m 27s  ...               10.11         0.24
34  2026-01-23 15:35:39       0m 25s  ...                4.05         0.11
35  2026-01-23 15:36:05       0m 26s  ...                1.89         0.05
36  2026-01-23 15:36:31       0m 26s  ...                5.54         0.15
37  2026-01-23 15:36:57       0m 25s  ...                0.46         0.01
38  2026-01-23 15:37:23       0m 25s  ...                1.59         0.04
39  2026-01-23 15:37:48       0m 31s  ...               43.85         1.03
40  2026-01-23 15:38:20       0m 34s  ...               61.84         1.56
41  2026-01-23 15:38:54       0m 32s  ...               46.89         1.19
42  2026-01-23 15:39:27       0m 38s  ...               80.70         2.32
43  2026-01-23 15:40:05       0m 25s  ...                2.90         0.07
44  2026-01-23 15:40:31       0m 27s  ...               11.56         0.29
45  2026-01-23 15:40:59       0m 27s  ...                4.11         0.11
46  2026-01-23 15:41:26       0m 26s  ...               11.45         0.30
47  2026-01-23 15:41:53       0m 27s  ...               11.80         0.25
48  2026-01-23 15:42:20       0m 26s  ...                6.42         0.18
49  2026-01-23 15:42:47       0m 25s  ...                0.78         0.02
50  2026-01-23 15:43:13       0m 38s  ...               83.75         2.58
51  2026-01-23 15:43:52       0m 35s  ...               77.72         2.05
52  2026-01-23 15:44:27       0m 27s  ...                8.96         0.25

[53 rows x 24 columns]
[2026-01-23 15:45:48,780] - [root] - [INFO] - Analysis finished: 0m 27s
[2026-01-23 15:45:48,780] - [root] - [INFO] - -------------------------------------------
[2026-01-23 15:45:48,780] - [root] - [INFO] - -------------------------------------------
[2026-01-23 15:45:48,780] - [root] - [INFO] - Processing 1-22-2026 5dpi 134-W2021006-001_R1.png
[2026-01-23 15:46:06,239] - [root] - [INFO] - Finished loading mask: 0m 17s
[2026-01-23 15:46:20,151] - [root] - [INFO] - Finished crop and inference: 0m 31s
              timestamp time_elapsed  ... severity_rate_patch Gradient_sr2
0   2026-01-23 15:19:29       0m 25s  ...                1.74         0.04
1   2026-01-23 15:19:55       0m 25s  ...                4.36         0.11
2   2026-01-23 15:20:20       0m 26s  ...                0.85         0.02
3   2026-01-23 15:20:47       0m 29s  ...               25.47         0.67
4   2026-01-23 15:21:17       0m 31s  ...               37.39         0.99
5   2026-01-23 15:21:49       0m 25s  ...                0.45         0.01
6   2026-01-23 15:22:14       0m 30s  ...               38.62         0.91
7   2026-01-23 15:22:45       0m 29s  ...               19.86         0.56
8   2026-01-23 15:23:15       0m 29s  ...               39.61         1.05
9   2026-01-23 15:23:44       0m 25s  ...                1.79         0.05
10  2026-01-23 15:24:10       0m 26s  ...                2.79         0.07
11  2026-01-23 15:24:36       0m 28s  ...               20.77         0.49
12  2026-01-23 15:25:05       0m 27s  ...               20.60         0.51
13  2026-01-23 15:25:33       0m 27s  ...               15.28         0.35
14  2026-01-23 15:26:00       0m 30s  ...               30.18         0.79
15  2026-01-23 15:26:31       0m 29s  ...               19.25         0.48
16  2026-01-23 15:27:01       0m 39s  ...               85.84         2.58
17  2026-01-23 15:27:40       0m 26s  ...                0.76         0.02
18  2026-01-23 15:28:06       0m 28s  ...               23.22         0.57
19  2026-01-23 15:28:35       0m 34s  ...               62.76         1.72
20  2026-01-23 15:29:09       0m 25s  ...                1.10         0.03
21  2026-01-23 15:29:35       0m 28s  ...               19.31         0.52
22  2026-01-23 15:30:04       0m 31s  ...               42.05         1.16
23  2026-01-23 15:30:35       0m 23s  ...                6.56         0.18
24  2026-01-23 15:30:59       0m 25s  ...                1.51         0.04
25  2026-01-23 15:31:24       0m 26s  ...                8.51         0.22
26  2026-01-23 15:31:51       0m 28s  ...               12.12         0.31
27  2026-01-23 15:32:19       0m 29s  ...               32.69         0.79
28  2026-01-23 15:32:49       0m 26s  ...                2.15         0.06
29  2026-01-23 15:33:15       0m 26s  ...                2.94         0.07
30  2026-01-23 15:33:42       0m 27s  ...               12.91         0.30
31  2026-01-23 15:34:09       0m 27s  ...               42.77         1.19
32  2026-01-23 15:34:37       0m 34s  ...               65.54         1.89
33  2026-01-23 15:35:11       0m 27s  ...               10.11         0.24
34  2026-01-23 15:35:39       0m 25s  ...                4.05         0.11
35  2026-01-23 15:36:05       0m 26s  ...                1.89         0.05
36  2026-01-23 15:36:31       0m 26s  ...                5.54         0.15
37  2026-01-23 15:36:57       0m 25s  ...                0.46         0.01
38  2026-01-23 15:37:23       0m 25s  ...                1.59         0.04
39  2026-01-23 15:37:48       0m 31s  ...               43.85         1.03
40  2026-01-23 15:38:20       0m 34s  ...               61.84         1.56
41  2026-01-23 15:38:54       0m 32s  ...               46.89         1.19
42  2026-01-23 15:39:27       0m 38s  ...               80.70         2.32
43  2026-01-23 15:40:05       0m 25s  ...                2.90         0.07
44  2026-01-23 15:40:31       0m 27s  ...               11.56         0.29
45  2026-01-23 15:40:59       0m 27s  ...                4.11         0.11
46  2026-01-23 15:41:26       0m 26s  ...               11.45         0.30
47  2026-01-23 15:41:53       0m 27s  ...               11.80         0.25
48  2026-01-23 15:42:20       0m 26s  ...                6.42         0.18
49  2026-01-23 15:42:47       0m 25s  ...                0.78         0.02
50  2026-01-23 15:43:13       0m 38s  ...               83.75         2.58
51  2026-01-23 15:43:52       0m 35s  ...               77.72         2.05
52  2026-01-23 15:44:27       0m 27s  ...                8.96         0.25
53  2026-01-23 15:44:55       0m 25s  ...                1.10         0.03

[54 rows x 24 columns]
[2026-01-23 15:46:21,729] - [root] - [INFO] - Analysis finished: 0m 32s
[2026-01-23 15:46:21,729] - [root] - [INFO] - -------------------------------------------
[2026-01-23 15:46:21,729] - [root] - [INFO] - -------------------------------------------
[2026-01-23 15:46:21,729] - [root] - [INFO] - Processing 1-22-2026 5dpi 134-W2021009-275_R1.png
[2026-01-23 15:46:38,792] - [root] - [INFO] - Finished loading mask: 0m 17s
[2026-01-23 15:46:50,500] - [root] - [INFO] - Finished crop and inference: 0m 28s
              timestamp time_elapsed  ... severity_rate_patch Gradient_sr2
0   2026-01-23 15:19:29       0m 25s  ...                1.74         0.04
1   2026-01-23 15:19:55       0m 25s  ...                4.36         0.11
2   2026-01-23 15:20:20       0m 26s  ...                0.85         0.02
3   2026-01-23 15:20:47       0m 29s  ...               25.47         0.67
4   2026-01-23 15:21:17       0m 31s  ...               37.39         0.99
5   2026-01-23 15:21:49       0m 25s  ...                0.45         0.01
6   2026-01-23 15:22:14       0m 30s  ...               38.62         0.91
7   2026-01-23 15:22:45       0m 29s  ...               19.86         0.56
8   2026-01-23 15:23:15       0m 29s  ...               39.61         1.05
9   2026-01-23 15:23:44       0m 25s  ...                1.79         0.05
10  2026-01-23 15:24:10       0m 26s  ...                2.79         0.07
11  2026-01-23 15:24:36       0m 28s  ...               20.77         0.49
12  2026-01-23 15:25:05       0m 27s  ...               20.60         0.51
13  2026-01-23 15:25:33       0m 27s  ...               15.28         0.35
14  2026-01-23 15:26:00       0m 30s  ...               30.18         0.79
15  2026-01-23 15:26:31       0m 29s  ...               19.25         0.48
16  2026-01-23 15:27:01       0m 39s  ...               85.84         2.58
17  2026-01-23 15:27:40       0m 26s  ...                0.76         0.02
18  2026-01-23 15:28:06       0m 28s  ...               23.22         0.57
19  2026-01-23 15:28:35       0m 34s  ...               62.76         1.72
20  2026-01-23 15:29:09       0m 25s  ...                1.10         0.03
21  2026-01-23 15:29:35       0m 28s  ...               19.31         0.52
22  2026-01-23 15:30:04       0m 31s  ...               42.05         1.16
23  2026-01-23 15:30:35       0m 23s  ...                6.56         0.18
24  2026-01-23 15:30:59       0m 25s  ...                1.51         0.04
25  2026-01-23 15:31:24       0m 26s  ...                8.51         0.22
26  2026-01-23 15:31:51       0m 28s  ...               12.12         0.31
27  2026-01-23 15:32:19       0m 29s  ...               32.69         0.79
28  2026-01-23 15:32:49       0m 26s  ...                2.15         0.06
29  2026-01-23 15:33:15       0m 26s  ...                2.94         0.07
30  2026-01-23 15:33:42       0m 27s  ...               12.91         0.30
31  2026-01-23 15:34:09       0m 27s  ...               42.77         1.19
32  2026-01-23 15:34:37       0m 34s  ...               65.54         1.89
33  2026-01-23 15:35:11       0m 27s  ...               10.11         0.24
34  2026-01-23 15:35:39       0m 25s  ...                4.05         0.11
35  2026-01-23 15:36:05       0m 26s  ...                1.89         0.05
36  2026-01-23 15:36:31       0m 26s  ...                5.54         0.15
37  2026-01-23 15:36:57       0m 25s  ...                0.46         0.01
38  2026-01-23 15:37:23       0m 25s  ...                1.59         0.04
39  2026-01-23 15:37:48       0m 31s  ...               43.85         1.03
40  2026-01-23 15:38:20       0m 34s  ...               61.84         1.56
41  2026-01-23 15:38:54       0m 32s  ...               46.89         1.19
42  2026-01-23 15:39:27       0m 38s  ...               80.70         2.32
43  2026-01-23 15:40:05       0m 25s  ...                2.90         0.07
44  2026-01-23 15:40:31       0m 27s  ...               11.56         0.29
45  2026-01-23 15:40:59       0m 27s  ...                4.11         0.11
46  2026-01-23 15:41:26       0m 26s  ...               11.45         0.30
47  2026-01-23 15:41:53       0m 27s  ...               11.80         0.25
48  2026-01-23 15:42:20       0m 26s  ...                6.42         0.18
49  2026-01-23 15:42:47       0m 25s  ...                0.78         0.02
50  2026-01-23 15:43:13       0m 38s  ...               83.75         2.58
51  2026-01-23 15:43:52       0m 35s  ...               77.72         2.05
52  2026-01-23 15:44:27       0m 27s  ...                8.96         0.25
53  2026-01-23 15:44:55       0m 25s  ...                1.10         0.03
54  2026-01-23 15:45:20       0m 27s  ...               11.49         0.28

[55 rows x 24 columns]
[2026-01-23 15:46:52,092] - [root] - [INFO] - Analysis finished: 0m 30s
[2026-01-23 15:46:52,092] - [root] - [INFO] - -------------------------------------------
[2026-01-23 15:46:52,092] - [root] - [INFO] - -------------------------------------------
[2026-01-23 15:46:52,092] - [root] - [INFO] - Processing 1-22-2026 5dpi 137-W2021010-342_R2.png
[2026-01-23 15:47:08,921] - [root] - [INFO] - Finished loading mask: 0m 16s
[2026-01-23 15:47:17,624] - [root] - [INFO] - Finished crop and inference: 0m 25s
              timestamp time_elapsed  ... severity_rate_patch Gradient_sr2
0   2026-01-23 15:19:29       0m 25s  ...                1.74         0.04
1   2026-01-23 15:19:55       0m 25s  ...                4.36         0.11
2   2026-01-23 15:20:20       0m 26s  ...                0.85         0.02
3   2026-01-23 15:20:47       0m 29s  ...               25.47         0.67
4   2026-01-23 15:21:17       0m 31s  ...               37.39         0.99
5   2026-01-23 15:21:49       0m 25s  ...                0.45         0.01
6   2026-01-23 15:22:14       0m 30s  ...               38.62         0.91
7   2026-01-23 15:22:45       0m 29s  ...               19.86         0.56
8   2026-01-23 15:23:15       0m 29s  ...               39.61         1.05
9   2026-01-23 15:23:44       0m 25s  ...                1.79         0.05
10  2026-01-23 15:24:10       0m 26s  ...                2.79         0.07
11  2026-01-23 15:24:36       0m 28s  ...               20.77         0.49
12  2026-01-23 15:25:05       0m 27s  ...               20.60         0.51
13  2026-01-23 15:25:33       0m 27s  ...               15.28         0.35
14  2026-01-23 15:26:00       0m 30s  ...               30.18         0.79
15  2026-01-23 15:26:31       0m 29s  ...               19.25         0.48
16  2026-01-23 15:27:01       0m 39s  ...               85.84         2.58
17  2026-01-23 15:27:40       0m 26s  ...                0.76         0.02
18  2026-01-23 15:28:06       0m 28s  ...               23.22         0.57
19  2026-01-23 15:28:35       0m 34s  ...               62.76         1.72
20  2026-01-23 15:29:09       0m 25s  ...                1.10         0.03
21  2026-01-23 15:29:35       0m 28s  ...               19.31         0.52
22  2026-01-23 15:30:04       0m 31s  ...               42.05         1.16
23  2026-01-23 15:30:35       0m 23s  ...                6.56         0.18
24  2026-01-23 15:30:59       0m 25s  ...                1.51         0.04
25  2026-01-23 15:31:24       0m 26s  ...                8.51         0.22
26  2026-01-23 15:31:51       0m 28s  ...               12.12         0.31
27  2026-01-23 15:32:19       0m 29s  ...               32.69         0.79
28  2026-01-23 15:32:49       0m 26s  ...                2.15         0.06
29  2026-01-23 15:33:15       0m 26s  ...                2.94         0.07
30  2026-01-23 15:33:42       0m 27s  ...               12.91         0.30
31  2026-01-23 15:34:09       0m 27s  ...               42.77         1.19
32  2026-01-23 15:34:37       0m 34s  ...               65.54         1.89
33  2026-01-23 15:35:11       0m 27s  ...               10.11         0.24
34  2026-01-23 15:35:39       0m 25s  ...                4.05         0.11
35  2026-01-23 15:36:05       0m 26s  ...                1.89         0.05
36  2026-01-23 15:36:31       0m 26s  ...                5.54         0.15
37  2026-01-23 15:36:57       0m 25s  ...                0.46         0.01
38  2026-01-23 15:37:23       0m 25s  ...                1.59         0.04
39  2026-01-23 15:37:48       0m 31s  ...               43.85         1.03
40  2026-01-23 15:38:20       0m 34s  ...               61.84         1.56
41  2026-01-23 15:38:54       0m 32s  ...               46.89         1.19
42  2026-01-23 15:39:27       0m 38s  ...               80.70         2.32
43  2026-01-23 15:40:05       0m 25s  ...                2.90         0.07
44  2026-01-23 15:40:31       0m 27s  ...               11.56         0.29
45  2026-01-23 15:40:59       0m 27s  ...                4.11         0.11
46  2026-01-23 15:41:26       0m 26s  ...               11.45         0.30
47  2026-01-23 15:41:53       0m 27s  ...               11.80         0.25
48  2026-01-23 15:42:20       0m 26s  ...                6.42         0.18
49  2026-01-23 15:42:47       0m 25s  ...                0.78         0.02
50  2026-01-23 15:43:13       0m 38s  ...               83.75         2.58
51  2026-01-23 15:43:52       0m 35s  ...               77.72         2.05
52  2026-01-23 15:44:27       0m 27s  ...                8.96         0.25
53  2026-01-23 15:44:55       0m 25s  ...                1.10         0.03
54  2026-01-23 15:45:20       0m 27s  ...               11.49         0.28
55  2026-01-23 15:45:48       0m 32s  ...               55.20         1.46

[56 rows x 24 columns]
[2026-01-23 15:47:19,262] - [root] - [INFO] - Analysis finished: 0m 27s
[2026-01-23 15:47:19,262] - [root] - [INFO] - -------------------------------------------
[2026-01-23 15:47:19,262] - [root] - [INFO] - -------------------------------------------
[2026-01-23 15:47:19,262] - [root] - [INFO] - Processing 1-22-2026 5dpi 138-W2021010-446_R1.png
[2026-01-23 15:47:35,873] - [root] - [INFO] - Finished loading mask: 0m 16s
[2026-01-23 15:47:44,891] - [root] - [INFO] - Finished crop and inference: 0m 25s
              timestamp time_elapsed  ... severity_rate_patch Gradient_sr2
0   2026-01-23 15:19:29       0m 25s  ...                1.74         0.04
1   2026-01-23 15:19:55       0m 25s  ...                4.36         0.11
2   2026-01-23 15:20:20       0m 26s  ...                0.85         0.02
3   2026-01-23 15:20:47       0m 29s  ...               25.47         0.67
4   2026-01-23 15:21:17       0m 31s  ...               37.39         0.99
5   2026-01-23 15:21:49       0m 25s  ...                0.45         0.01
6   2026-01-23 15:22:14       0m 30s  ...               38.62         0.91
7   2026-01-23 15:22:45       0m 29s  ...               19.86         0.56
8   2026-01-23 15:23:15       0m 29s  ...               39.61         1.05
9   2026-01-23 15:23:44       0m 25s  ...                1.79         0.05
10  2026-01-23 15:24:10       0m 26s  ...                2.79         0.07
11  2026-01-23 15:24:36       0m 28s  ...               20.77         0.49
12  2026-01-23 15:25:05       0m 27s  ...               20.60         0.51
13  2026-01-23 15:25:33       0m 27s  ...               15.28         0.35
14  2026-01-23 15:26:00       0m 30s  ...               30.18         0.79
15  2026-01-23 15:26:31       0m 29s  ...               19.25         0.48
16  2026-01-23 15:27:01       0m 39s  ...               85.84         2.58
17  2026-01-23 15:27:40       0m 26s  ...                0.76         0.02
18  2026-01-23 15:28:06       0m 28s  ...               23.22         0.57
19  2026-01-23 15:28:35       0m 34s  ...               62.76         1.72
20  2026-01-23 15:29:09       0m 25s  ...                1.10         0.03
21  2026-01-23 15:29:35       0m 28s  ...               19.31         0.52
22  2026-01-23 15:30:04       0m 31s  ...               42.05         1.16
23  2026-01-23 15:30:35       0m 23s  ...                6.56         0.18
24  2026-01-23 15:30:59       0m 25s  ...                1.51         0.04
25  2026-01-23 15:31:24       0m 26s  ...                8.51         0.22
26  2026-01-23 15:31:51       0m 28s  ...               12.12         0.31
27  2026-01-23 15:32:19       0m 29s  ...               32.69         0.79
28  2026-01-23 15:32:49       0m 26s  ...                2.15         0.06
29  2026-01-23 15:33:15       0m 26s  ...                2.94         0.07
30  2026-01-23 15:33:42       0m 27s  ...               12.91         0.30
31  2026-01-23 15:34:09       0m 27s  ...               42.77         1.19
32  2026-01-23 15:34:37       0m 34s  ...               65.54         1.89
33  2026-01-23 15:35:11       0m 27s  ...               10.11         0.24
34  2026-01-23 15:35:39       0m 25s  ...                4.05         0.11
35  2026-01-23 15:36:05       0m 26s  ...                1.89         0.05
36  2026-01-23 15:36:31       0m 26s  ...                5.54         0.15
37  2026-01-23 15:36:57       0m 25s  ...                0.46         0.01
38  2026-01-23 15:37:23       0m 25s  ...                1.59         0.04
39  2026-01-23 15:37:48       0m 31s  ...               43.85         1.03
40  2026-01-23 15:38:20       0m 34s  ...               61.84         1.56
41  2026-01-23 15:38:54       0m 32s  ...               46.89         1.19
42  2026-01-23 15:39:27       0m 38s  ...               80.70         2.32
43  2026-01-23 15:40:05       0m 25s  ...                2.90         0.07
44  2026-01-23 15:40:31       0m 27s  ...               11.56         0.29
45  2026-01-23 15:40:59       0m 27s  ...                4.11         0.11
46  2026-01-23 15:41:26       0m 26s  ...               11.45         0.30
47  2026-01-23 15:41:53       0m 27s  ...               11.80         0.25
48  2026-01-23 15:42:20       0m 26s  ...                6.42         0.18
49  2026-01-23 15:42:47       0m 25s  ...                0.78         0.02
50  2026-01-23 15:43:13       0m 38s  ...               83.75         2.58
51  2026-01-23 15:43:52       0m 35s  ...               77.72         2.05
52  2026-01-23 15:44:27       0m 27s  ...                8.96         0.25
53  2026-01-23 15:44:55       0m 25s  ...                1.10         0.03
54  2026-01-23 15:45:20       0m 27s  ...               11.49         0.28
55  2026-01-23 15:45:48       0m 32s  ...               55.20         1.46
56  2026-01-23 15:46:21       0m 30s  ...               34.44         0.83

[57 rows x 24 columns]
[2026-01-23 15:47:46,480] - [root] - [INFO] - Analysis finished: 0m 27s
[2026-01-23 15:47:46,480] - [root] - [INFO] - -------------------------------------------
[2026-01-23 15:47:46,480] - [root] - [INFO] - -------------------------------------------
[2026-01-23 15:47:46,480] - [root] - [INFO] - Processing 1-22-2026 5dpi 141-W2021009-274_R1.png
[2026-01-23 15:48:04,392] - [root] - [INFO] - Finished loading mask: 0m 17s
[2026-01-23 15:48:25,362] - [root] - [INFO] - Finished crop and inference: 0m 38s
              timestamp time_elapsed  ... severity_rate_patch Gradient_sr2
0   2026-01-23 15:19:29       0m 25s  ...                1.74         0.04
1   2026-01-23 15:19:55       0m 25s  ...                4.36         0.11
2   2026-01-23 15:20:20       0m 26s  ...                0.85         0.02
3   2026-01-23 15:20:47       0m 29s  ...               25.47         0.67
4   2026-01-23 15:21:17       0m 31s  ...               37.39         0.99
5   2026-01-23 15:21:49       0m 25s  ...                0.45         0.01
6   2026-01-23 15:22:14       0m 30s  ...               38.62         0.91
7   2026-01-23 15:22:45       0m 29s  ...               19.86         0.56
8   2026-01-23 15:23:15       0m 29s  ...               39.61         1.05
9   2026-01-23 15:23:44       0m 25s  ...                1.79         0.05
10  2026-01-23 15:24:10       0m 26s  ...                2.79         0.07
11  2026-01-23 15:24:36       0m 28s  ...               20.77         0.49
12  2026-01-23 15:25:05       0m 27s  ...               20.60         0.51
13  2026-01-23 15:25:33       0m 27s  ...               15.28         0.35
14  2026-01-23 15:26:00       0m 30s  ...               30.18         0.79
15  2026-01-23 15:26:31       0m 29s  ...               19.25         0.48
16  2026-01-23 15:27:01       0m 39s  ...               85.84         2.58
17  2026-01-23 15:27:40       0m 26s  ...                0.76         0.02
18  2026-01-23 15:28:06       0m 28s  ...               23.22         0.57
19  2026-01-23 15:28:35       0m 34s  ...               62.76         1.72
20  2026-01-23 15:29:09       0m 25s  ...                1.10         0.03
21  2026-01-23 15:29:35       0m 28s  ...               19.31         0.52
22  2026-01-23 15:30:04       0m 31s  ...               42.05         1.16
23  2026-01-23 15:30:35       0m 23s  ...                6.56         0.18
24  2026-01-23 15:30:59       0m 25s  ...                1.51         0.04
25  2026-01-23 15:31:24       0m 26s  ...                8.51         0.22
26  2026-01-23 15:31:51       0m 28s  ...               12.12         0.31
27  2026-01-23 15:32:19       0m 29s  ...               32.69         0.79
28  2026-01-23 15:32:49       0m 26s  ...                2.15         0.06
29  2026-01-23 15:33:15       0m 26s  ...                2.94         0.07
30  2026-01-23 15:33:42       0m 27s  ...               12.91         0.30
31  2026-01-23 15:34:09       0m 27s  ...               42.77         1.19
32  2026-01-23 15:34:37       0m 34s  ...               65.54         1.89
33  2026-01-23 15:35:11       0m 27s  ...               10.11         0.24
34  2026-01-23 15:35:39       0m 25s  ...                4.05         0.11
35  2026-01-23 15:36:05       0m 26s  ...                1.89         0.05
36  2026-01-23 15:36:31       0m 26s  ...                5.54         0.15
37  2026-01-23 15:36:57       0m 25s  ...                0.46         0.01
38  2026-01-23 15:37:23       0m 25s  ...                1.59         0.04
39  2026-01-23 15:37:48       0m 31s  ...               43.85         1.03
40  2026-01-23 15:38:20       0m 34s  ...               61.84         1.56
41  2026-01-23 15:38:54       0m 32s  ...               46.89         1.19
42  2026-01-23 15:39:27       0m 38s  ...               80.70         2.32
43  2026-01-23 15:40:05       0m 25s  ...                2.90         0.07
44  2026-01-23 15:40:31       0m 27s  ...               11.56         0.29
45  2026-01-23 15:40:59       0m 27s  ...                4.11         0.11
46  2026-01-23 15:41:26       0m 26s  ...               11.45         0.30
47  2026-01-23 15:41:53       0m 27s  ...               11.80         0.25
48  2026-01-23 15:42:20       0m 26s  ...                6.42         0.18
49  2026-01-23 15:42:47       0m 25s  ...                0.78         0.02
50  2026-01-23 15:43:13       0m 38s  ...               83.75         2.58
51  2026-01-23 15:43:52       0m 35s  ...               77.72         2.05
52  2026-01-23 15:44:27       0m 27s  ...                8.96         0.25
53  2026-01-23 15:44:55       0m 25s  ...                1.10         0.03
54  2026-01-23 15:45:20       0m 27s  ...               11.49         0.28
55  2026-01-23 15:45:48       0m 32s  ...               55.20         1.46
56  2026-01-23 15:46:21       0m 30s  ...               34.44         0.83
57  2026-01-23 15:46:52       0m 27s  ...                4.27         0.10

[58 rows x 24 columns]
[2026-01-23 15:48:26,891] - [root] - [INFO] - Analysis finished: 0m 40s
[2026-01-23 15:48:26,891] - [root] - [INFO] - -------------------------------------------
[2026-01-23 15:48:26,892] - [root] - [INFO] - -------------------------------------------
[2026-01-23 15:48:26,892] - [root] - [INFO] - Processing 1-22-2026 5dpi 143-W2021010-313_R2.png
[2026-01-23 15:48:43,711] - [root] - [INFO] - Finished loading mask: 0m 16s
[2026-01-23 15:48:51,549] - [root] - [INFO] - Finished crop and inference: 0m 24s
[2026-01-23 15:48:53,069] - [root] - [INFO] - Analysis finished: 0m 26s
[2026-01-23 15:48:53,069] - [root] - [INFO] - -------------------------------------------
[2026-01-23 15:48:53,069] - [root] - [INFO] - -------------------------------------------
[2026-01-23 15:48:53,069] - [root] - [INFO] - Processing 1-22-2026 5dpi 148-W2021011-462_R2.png
[2026-01-23 15:49:10,081] - [root] - [INFO] - Finished loading mask: 0m 17s
[2026-01-23 15:49:21,722] - [root] - [INFO] - Finished crop and inference: 0m 28s
[2026-01-23 15:49:23,291] - [root] - [INFO] - Analysis finished: 0m 30s
[2026-01-23 15:49:23,291] - [root] - [INFO] - -------------------------------------------
[2026-01-23 15:49:23,291] - [root] - [INFO] - -------------------------------------------
[2026-01-23 15:49:23,291] - [root] - [INFO] - Processing 1-22-2026 5dpi 149-W2021010-417_R1.png
[2026-01-23 15:49:40,261] - [root] - [INFO] - Finished loading mask: 0m 16s
[2026-01-23 15:49:49,703] - [root] - [INFO] - Finished crop and inference: 0m 26s
[2026-01-23 15:49:51,273] - [root] - [INFO] - Analysis finished: 0m 27s
[2026-01-23 15:49:51,273] - [root] - [INFO] - -------------------------------------------
[2026-01-23 15:49:51,273] - [root] - [INFO] - -------------------------------------------
[2026-01-23 15:49:51,273] - [root] - [INFO] - Processing 1-22-2026 5dpi 154-W2021010-419_R1.png
[2026-01-23 15:50:07,510] - [root] - [INFO] - Finished loading mask: 0m 16s
[2026-01-23 15:50:15,825] - [root] - [INFO] - Finished crop and inference: 0m 24s
              timestamp time_elapsed  ... severity_rate_patch Gradient_sr2
0   2026-01-23 15:19:29       0m 25s  ...                1.74         0.04
1   2026-01-23 15:19:55       0m 25s  ...                4.36         0.11
2   2026-01-23 15:20:20       0m 26s  ...                0.85         0.02
3   2026-01-23 15:20:47       0m 29s  ...               25.47         0.67
4   2026-01-23 15:21:17       0m 31s  ...               37.39         0.99
5   2026-01-23 15:21:49       0m 25s  ...                0.45         0.01
6   2026-01-23 15:22:14       0m 30s  ...               38.62         0.91
7   2026-01-23 15:22:45       0m 29s  ...               19.86         0.56
8   2026-01-23 15:23:15       0m 29s  ...               39.61         1.05
9   2026-01-23 15:23:44       0m 25s  ...                1.79         0.05
10  2026-01-23 15:24:10       0m 26s  ...                2.79         0.07
11  2026-01-23 15:24:36       0m 28s  ...               20.77         0.49
12  2026-01-23 15:25:05       0m 27s  ...               20.60         0.51
13  2026-01-23 15:25:33       0m 27s  ...               15.28         0.35
14  2026-01-23 15:26:00       0m 30s  ...               30.18         0.79
15  2026-01-23 15:26:31       0m 29s  ...               19.25         0.48
16  2026-01-23 15:27:01       0m 39s  ...               85.84         2.58
17  2026-01-23 15:27:40       0m 26s  ...                0.76         0.02
18  2026-01-23 15:28:06       0m 28s  ...               23.22         0.57
19  2026-01-23 15:28:35       0m 34s  ...               62.76         1.72
20  2026-01-23 15:29:09       0m 25s  ...                1.10         0.03
21  2026-01-23 15:29:35       0m 28s  ...               19.31         0.52
22  2026-01-23 15:30:04       0m 31s  ...               42.05         1.16
23  2026-01-23 15:30:35       0m 23s  ...                6.56         0.18
24  2026-01-23 15:30:59       0m 25s  ...                1.51         0.04
25  2026-01-23 15:31:24       0m 26s  ...                8.51         0.22
26  2026-01-23 15:31:51       0m 28s  ...               12.12         0.31
27  2026-01-23 15:32:19       0m 29s  ...               32.69         0.79
28  2026-01-23 15:32:49       0m 26s  ...                2.15         0.06
29  2026-01-23 15:33:15       0m 26s  ...                2.94         0.07
30  2026-01-23 15:33:42       0m 27s  ...               12.91         0.30
31  2026-01-23 15:34:09       0m 27s  ...               42.77         1.19
32  2026-01-23 15:34:37       0m 34s  ...               65.54         1.89
33  2026-01-23 15:35:11       0m 27s  ...               10.11         0.24
34  2026-01-23 15:35:39       0m 25s  ...                4.05         0.11
35  2026-01-23 15:36:05       0m 26s  ...                1.89         0.05
36  2026-01-23 15:36:31       0m 26s  ...                5.54         0.15
37  2026-01-23 15:36:57       0m 25s  ...                0.46         0.01
38  2026-01-23 15:37:23       0m 25s  ...                1.59         0.04
39  2026-01-23 15:37:48       0m 31s  ...               43.85         1.03
40  2026-01-23 15:38:20       0m 34s  ...               61.84         1.56
41  2026-01-23 15:38:54       0m 32s  ...               46.89         1.19
42  2026-01-23 15:39:27       0m 38s  ...               80.70         2.32
43  2026-01-23 15:40:05       0m 25s  ...                2.90         0.07
44  2026-01-23 15:40:31       0m 27s  ...               11.56         0.29
45  2026-01-23 15:40:59       0m 27s  ...                4.11         0.11
46  2026-01-23 15:41:26       0m 26s  ...               11.45         0.30
47  2026-01-23 15:41:53       0m 27s  ...               11.80         0.25
48  2026-01-23 15:42:20       0m 26s  ...                6.42         0.18
49  2026-01-23 15:42:47       0m 25s  ...                0.78         0.02
50  2026-01-23 15:43:13       0m 38s  ...               83.75         2.58
51  2026-01-23 15:43:52       0m 35s  ...               77.72         2.05
52  2026-01-23 15:44:27       0m 27s  ...                8.96         0.25
53  2026-01-23 15:44:55       0m 25s  ...                1.10         0.03
54  2026-01-23 15:45:20       0m 27s  ...               11.49         0.28
55  2026-01-23 15:45:48       0m 32s  ...               55.20         1.46
56  2026-01-23 15:46:21       0m 30s  ...               34.44         0.83
57  2026-01-23 15:46:52       0m 27s  ...                4.27         0.10
58  2026-01-23 15:47:19       0m 27s  ...                8.15         0.18

[59 rows x 24 columns]
[2026-01-23 15:50:17,344] - [root] - [INFO] - Analysis finished: 0m 26s
[2026-01-23 15:50:17,344] - [root] - [INFO] - -------------------------------------------
[2026-01-23 15:50:17,344] - [root] - [INFO] - -------------------------------------------
[2026-01-23 15:50:17,344] - [root] - [INFO] - Processing 1-22-2026 5dpi 155-W2021011-639_R1.png
[2026-01-23 15:50:34,207] - [root] - [INFO] - Finished loading mask: 0m 16s
[2026-01-23 15:50:42,947] - [root] - [INFO] - Finished crop and inference: 0m 25s
[2026-01-23 15:50:44,512] - [root] - [INFO] - Analysis finished: 0m 27s
[2026-01-23 15:50:44,512] - [root] - [INFO] - -------------------------------------------
[2026-01-23 15:50:44,512] - [root] - [INFO] - -------------------------------------------
[2026-01-23 15:50:44,512] - [root] - [INFO] - Processing 1-22-2026 5dpi 156-W2021009-276_R2.png
[2026-01-23 15:51:01,071] - [root] - [INFO] - Finished loading mask: 0m 16s
[2026-01-23 15:51:10,596] - [root] - [INFO] - Finished crop and inference: 0m 26s
[2026-01-23 15:51:12,100] - [root] - [INFO] - Analysis finished: 0m 27s
[2026-01-23 15:51:12,100] - [root] - [INFO] - -------------------------------------------
[2026-01-23 15:51:12,100] - [root] - [INFO] - -------------------------------------------
[2026-01-23 15:51:12,100] - [root] - [INFO] - Processing 1-22-2026 5dpi 158-W2021006-114_R1.png
[2026-01-23 15:51:29,512] - [root] - [INFO] - Finished loading mask: 0m 17s
[2026-01-23 15:51:43,706] - [root] - [INFO] - Finished crop and inference: 0m 31s
[2026-01-23 15:51:45,197] - [root] - [INFO] - Analysis finished: 0m 33s
[2026-01-23 15:51:45,197] - [root] - [INFO] - -------------------------------------------
[2026-01-23 15:51:45,198] - [root] - [INFO] - -------------------------------------------
[2026-01-23 15:51:45,198] - [root] - [INFO] - Processing 1-22-2026 5dpi 167-W2021006-003_R2.png
[2026-01-23 15:52:01,712] - [root] - [INFO] - Finished loading mask: 0m 16s
[2026-01-23 15:52:09,278] - [root] - [INFO] - Finished crop and inference: 0m 24s
[2026-01-23 15:52:10,814] - [root] - [INFO] - Analysis finished: 0m 25s
[2026-01-23 15:52:10,814] - [root] - [INFO] - -------------------------------------------
[2026-01-23 15:52:10,814] - [root] - [INFO] - -------------------------------------------
[2026-01-23 15:52:10,814] - [root] - [INFO] - Processing 1-22-2026 5dpi 169-W2021009-623_R2.png
[2026-01-23 15:52:28,817] - [root] - [INFO] - Finished loading mask: 0m 18s
[2026-01-23 15:52:49,296] - [root] - [INFO] - Finished crop and inference: 0m 38s
[2026-01-23 15:52:50,851] - [root] - [INFO] - Analysis finished: 0m 40s
[2026-01-23 15:52:50,851] - [root] - [INFO] - -------------------------------------------
[2026-01-23 15:52:50,851] - [root] - [INFO] - -------------------------------------------
[2026-01-23 15:52:50,851] - [root] - [INFO] - Processing 1-22-2026 5dpi 169-W2021011-477_R1.png
[2026-01-23 15:53:08,494] - [root] - [INFO] - Finished loading mask: 0m 17s
[2026-01-23 15:53:23,058] - [root] - [INFO] - Finished crop and inference: 0m 32s
[2026-01-23 15:53:24,510] - [root] - [INFO] - Analysis finished: 0m 33s
[2026-01-23 15:53:24,510] - [root] - [INFO] - -------------------------------------------
[2026-01-23 15:53:24,510] - [root] - [INFO] - -------------------------------------------
[2026-01-23 15:53:24,510] - [root] - [INFO] - Processing 1-22-2026 5dpi 172-W2021011-557_R2.png
[2026-01-23 15:53:41,375] - [root] - [INFO] - Finished loading mask: 0m 16s
[2026-01-23 15:53:51,144] - [root] - [INFO] - Finished crop and inference: 0m 26s
[2026-01-23 15:53:52,595] - [root] - [INFO] - Analysis finished: 0m 28s
[2026-01-23 15:53:52,596] - [root] - [INFO] - -------------------------------------------
[2026-01-23 15:53:52,596] - [root] - [INFO] - -------------------------------------------
[2026-01-23 15:53:52,596] - [root] - [INFO] - Processing 1-22-2026 5dpi 173-W2021006-127_R2.png
[2026-01-23 15:54:09,449] - [root] - [INFO] - Finished loading mask: 0m 16s
[2026-01-23 15:54:17,655] - [root] - [INFO] - Finished crop and inference: 0m 25s
              timestamp time_elapsed  ... severity_rate_patch Gradient_sr2
0   2026-01-23 15:19:29       0m 25s  ...                1.74         0.04
1   2026-01-23 15:19:55       0m 25s  ...                4.36         0.11
2   2026-01-23 15:20:20       0m 26s  ...                0.85         0.02
3   2026-01-23 15:20:47       0m 29s  ...               25.47         0.67
4   2026-01-23 15:21:17       0m 31s  ...               37.39         0.99
5   2026-01-23 15:21:49       0m 25s  ...                0.45         0.01
6   2026-01-23 15:22:14       0m 30s  ...               38.62         0.91
7   2026-01-23 15:22:45       0m 29s  ...               19.86         0.56
8   2026-01-23 15:23:15       0m 29s  ...               39.61         1.05
9   2026-01-23 15:23:44       0m 25s  ...                1.79         0.05
10  2026-01-23 15:24:10       0m 26s  ...                2.79         0.07
11  2026-01-23 15:24:36       0m 28s  ...               20.77         0.49
12  2026-01-23 15:25:05       0m 27s  ...               20.60         0.51
13  2026-01-23 15:25:33       0m 27s  ...               15.28         0.35
14  2026-01-23 15:26:00       0m 30s  ...               30.18         0.79
15  2026-01-23 15:26:31       0m 29s  ...               19.25         0.48
16  2026-01-23 15:27:01       0m 39s  ...               85.84         2.58
17  2026-01-23 15:27:40       0m 26s  ...                0.76         0.02
18  2026-01-23 15:28:06       0m 28s  ...               23.22         0.57
19  2026-01-23 15:28:35       0m 34s  ...               62.76         1.72
20  2026-01-23 15:29:09       0m 25s  ...                1.10         0.03
21  2026-01-23 15:29:35       0m 28s  ...               19.31         0.52
22  2026-01-23 15:30:04       0m 31s  ...               42.05         1.16
23  2026-01-23 15:30:35       0m 23s  ...                6.56         0.18
24  2026-01-23 15:30:59       0m 25s  ...                1.51         0.04
25  2026-01-23 15:31:24       0m 26s  ...                8.51         0.22
26  2026-01-23 15:31:51       0m 28s  ...               12.12         0.31
27  2026-01-23 15:32:19       0m 29s  ...               32.69         0.79
28  2026-01-23 15:32:49       0m 26s  ...                2.15         0.06
29  2026-01-23 15:33:15       0m 26s  ...                2.94         0.07
30  2026-01-23 15:33:42       0m 27s  ...               12.91         0.30
31  2026-01-23 15:34:09       0m 27s  ...               42.77         1.19
32  2026-01-23 15:34:37       0m 34s  ...               65.54         1.89
33  2026-01-23 15:35:11       0m 27s  ...               10.11         0.24
34  2026-01-23 15:35:39       0m 25s  ...                4.05         0.11
35  2026-01-23 15:36:05       0m 26s  ...                1.89         0.05
36  2026-01-23 15:36:31       0m 26s  ...                5.54         0.15
37  2026-01-23 15:36:57       0m 25s  ...                0.46         0.01
38  2026-01-23 15:37:23       0m 25s  ...                1.59         0.04
39  2026-01-23 15:37:48       0m 31s  ...               43.85         1.03
40  2026-01-23 15:38:20       0m 34s  ...               61.84         1.56
41  2026-01-23 15:38:54       0m 32s  ...               46.89         1.19
42  2026-01-23 15:39:27       0m 38s  ...               80.70         2.32
43  2026-01-23 15:40:05       0m 25s  ...                2.90         0.07
44  2026-01-23 15:40:31       0m 27s  ...               11.56         0.29
45  2026-01-23 15:40:59       0m 27s  ...                4.11         0.11
46  2026-01-23 15:41:26       0m 26s  ...               11.45         0.30
47  2026-01-23 15:41:53       0m 27s  ...               11.80         0.25
48  2026-01-23 15:42:20       0m 26s  ...                6.42         0.18
49  2026-01-23 15:42:47       0m 25s  ...                0.78         0.02
50  2026-01-23 15:43:13       0m 38s  ...               83.75         2.58
51  2026-01-23 15:43:52       0m 35s  ...               77.72         2.05
52  2026-01-23 15:44:27       0m 27s  ...                8.96         0.25
53  2026-01-23 15:44:55       0m 25s  ...                1.10         0.03
54  2026-01-23 15:45:20       0m 27s  ...               11.49         0.28
55  2026-01-23 15:45:48       0m 32s  ...               55.20         1.46
56  2026-01-23 15:46:21       0m 30s  ...               34.44         0.83
57  2026-01-23 15:46:52       0m 27s  ...                4.27         0.10
58  2026-01-23 15:47:19       0m 27s  ...                8.15         0.18
59  2026-01-23 15:47:46       0m 40s  ...               86.63         2.58

[60 rows x 24 columns]
              timestamp time_elapsed  ... severity_rate_patch Gradient_sr2
0   2026-01-23 15:19:29       0m 25s  ...                1.74         0.04
1   2026-01-23 15:19:55       0m 25s  ...                4.36         0.11
2   2026-01-23 15:20:20       0m 26s  ...                0.85         0.02
3   2026-01-23 15:20:47       0m 29s  ...               25.47         0.67
4   2026-01-23 15:21:17       0m 31s  ...               37.39         0.99
..                  ...          ...  ...                 ...          ...
56  2026-01-23 15:46:21       0m 30s  ...               34.44         0.83
57  2026-01-23 15:46:52       0m 27s  ...                4.27         0.10
58  2026-01-23 15:47:19       0m 27s  ...                8.15         0.18
59  2026-01-23 15:47:46       0m 40s  ...               86.63         2.58
60  2026-01-23 15:48:26       0m 26s  ...                0.61         0.02

[61 rows x 24 columns]
              timestamp time_elapsed  ... severity_rate_patch Gradient_sr2
0   2026-01-23 15:19:29       0m 25s  ...                1.74         0.04
1   2026-01-23 15:19:55       0m 25s  ...                4.36         0.11
2   2026-01-23 15:20:20       0m 26s  ...                0.85         0.02
3   2026-01-23 15:20:47       0m 29s  ...               25.47         0.67
4   2026-01-23 15:21:17       0m 31s  ...               37.39         0.99
..                  ...          ...  ...                 ...          ...
57  2026-01-23 15:46:52       0m 27s  ...                4.27         0.10
58  2026-01-23 15:47:19       0m 27s  ...                8.15         0.18
59  2026-01-23 15:47:46       0m 40s  ...               86.63         2.58
60  2026-01-23 15:48:26       0m 26s  ...                0.61         0.02
61  2026-01-23 15:48:53       0m 30s  ...               28.01         0.73

[62 rows x 24 columns]
              timestamp time_elapsed  ... severity_rate_patch Gradient_sr2
0   2026-01-23 15:19:29       0m 25s  ...                1.74         0.04
1   2026-01-23 15:19:55       0m 25s  ...                4.36         0.11
2   2026-01-23 15:20:20       0m 26s  ...                0.85         0.02
3   2026-01-23 15:20:47       0m 29s  ...               25.47         0.67
4   2026-01-23 15:21:17       0m 31s  ...               37.39         0.99
..                  ...          ...  ...                 ...          ...
58  2026-01-23 15:47:19       0m 27s  ...                8.15         0.18
59  2026-01-23 15:47:46       0m 40s  ...               86.63         2.58
60  2026-01-23 15:48:26       0m 26s  ...                0.61         0.02
61  2026-01-23 15:48:53       0m 30s  ...               28.01         0.73
62  2026-01-23 15:49:23       0m 27s  ...               12.99         0.36

[63 rows x 24 columns]
[2026-01-23 15:54:19,209] - [root] - [INFO] - Analysis finished: 0m 26s
[2026-01-23 15:54:19,209] - [root] - [INFO] - -------------------------------------------
[2026-01-23 15:54:19,209] - [root] - [INFO] - -------------------------------------------
[2026-01-23 15:54:19,209] - [root] - [INFO] - Processing 1-22-2026 5dpi 174-W2021009-156_R2.png
[2026-01-23 15:54:35,485] - [root] - [INFO] - Finished loading mask: 0m 16s
[2026-01-23 15:54:44,186] - [root] - [INFO] - Finished crop and inference: 0m 24s
[2026-01-23 15:54:45,766] - [root] - [INFO] - Analysis finished: 0m 26s
[2026-01-23 15:54:45,766] - [root] - [INFO] - -------------------------------------------
[2026-01-23 15:54:45,766] - [root] - [INFO] - -------------------------------------------
[2026-01-23 15:54:45,767] - [root] - [INFO] - Processing 1-22-2026 5dpi 176-W2021009-256_R2.png
[2026-01-23 15:55:01,823] - [root] - [INFO] - Finished loading mask: 0m 16s
[2026-01-23 15:55:07,953] - [root] - [INFO] - Finished crop and inference: 0m 22s
[2026-01-23 15:55:09,467] - [root] - [INFO] - Analysis finished: 0m 23s
[2026-01-23 15:55:09,467] - [root] - [INFO] - -------------------------------------------
[2026-01-23 15:55:09,467] - [root] - [INFO] - -------------------------------------------
[2026-01-23 15:55:09,467] - [root] - [INFO] - Processing 1-22-2026 5dpi 177-W2021009-194_R1.png
[2026-01-23 15:55:26,489] - [root] - [INFO] - Finished loading mask: 0m 17s
[2026-01-23 15:55:35,687] - [root] - [INFO] - Finished crop and inference: 0m 26s
[2026-01-23 15:55:37,238] - [root] - [INFO] - Analysis finished: 0m 27s
[2026-01-23 15:55:37,239] - [root] - [INFO] - -------------------------------------------
[2026-01-23 15:55:37,239] - [root] - [INFO] - -------------------------------------------
[2026-01-23 15:55:37,239] - [root] - [INFO] - Processing 1-22-2026 5dpi 180-W2021009-152_R1.png
[2026-01-23 15:55:53,825] - [root] - [INFO] - Finished loading mask: 0m 16s
[2026-01-23 15:56:03,343] - [root] - [INFO] - Finished crop and inference: 0m 26s
[2026-01-23 15:56:04,826] - [root] - [INFO] - Analysis finished: 0m 27s
[2026-01-23 15:56:04,826] - [root] - [INFO] - -------------------------------------------
[2026-01-23 15:56:04,826] - [root] - [INFO] - -------------------------------------------
[2026-01-23 15:56:04,827] - [root] - [INFO] - Processing 1-22-2026 5dpi 180-W2021011-476_R2.png
[2026-01-23 15:56:22,700] - [root] - [INFO] - Finished loading mask: 0m 17s
[2026-01-23 15:56:38,840] - [root] - [INFO] - Finished crop and inference: 0m 34s
[2026-01-23 15:56:40,324] - [root] - [INFO] - Analysis finished: 0m 35s
[2026-01-23 15:56:40,324] - [root] - [INFO] - -------------------------------------------
[2026-01-23 15:56:40,324] - [root] - [INFO] - -------------------------------------------
[2026-01-23 15:56:40,324] - [root] - [INFO] - Processing 1-22-2026 5dpi 182-W2021009-251_R1.png
[2026-01-23 15:56:57,194] - [root] - [INFO] - Finished loading mask: 0m 16s
[2026-01-23 15:57:06,518] - [root] - [INFO] - Finished crop and inference: 0m 26s
[2026-01-23 15:57:08,034] - [root] - [INFO] - Analysis finished: 0m 27s
[2026-01-23 15:57:08,035] - [root] - [INFO] - -------------------------------------------
[2026-01-23 15:57:08,035] - [root] - [INFO] - -------------------------------------------
[2026-01-23 15:57:08,035] - [root] - [INFO] - Processing 1-22-2026 5dpi 183-W2021009-295_R1.png
[2026-01-23 15:57:24,433] - [root] - [INFO] - Finished loading mask: 0m 16s
[2026-01-23 15:57:32,368] - [root] - [INFO] - Finished crop and inference: 0m 24s
[2026-01-23 15:57:33,948] - [root] - [INFO] - Analysis finished: 0m 25s
[2026-01-23 15:57:33,948] - [root] - [INFO] - -------------------------------------------
[2026-01-23 15:57:33,948] - [root] - [INFO] - -------------------------------------------
[2026-01-23 15:57:33,948] - [root] - [INFO] - Processing 1-22-2026 5dpi 185-W2021009-199_R1.png
[2026-01-23 15:57:50,876] - [root] - [INFO] - Finished loading mask: 0m 16s
[2026-01-23 15:57:59,975] - [root] - [INFO] - Finished crop and inference: 0m 26s
              timestamp time_elapsed  ... severity_rate_patch Gradient_sr2
0   2026-01-23 15:19:29       0m 25s  ...                1.74         0.04
1   2026-01-23 15:19:55       0m 25s  ...                4.36         0.11
2   2026-01-23 15:20:20       0m 26s  ...                0.85         0.02
3   2026-01-23 15:20:47       0m 29s  ...               25.47         0.67
4   2026-01-23 15:21:17       0m 31s  ...               37.39         0.99
..                  ...          ...  ...                 ...          ...
59  2026-01-23 15:47:46       0m 40s  ...               86.63         2.58
60  2026-01-23 15:48:26       0m 26s  ...                0.61         0.02
61  2026-01-23 15:48:53       0m 30s  ...               28.01         0.73
62  2026-01-23 15:49:23       0m 27s  ...               12.99         0.36
63  2026-01-23 15:49:51       0m 26s  ...                2.62         0.07

[64 rows x 24 columns]
              timestamp time_elapsed  ... severity_rate_patch Gradient_sr2
0   2026-01-23 15:19:29       0m 25s  ...                1.74         0.04
1   2026-01-23 15:19:55       0m 25s  ...                4.36         0.11
2   2026-01-23 15:20:20       0m 26s  ...                0.85         0.02
3   2026-01-23 15:20:47       0m 29s  ...               25.47         0.67
4   2026-01-23 15:21:17       0m 31s  ...               37.39         0.99
..                  ...          ...  ...                 ...          ...
60  2026-01-23 15:48:26       0m 26s  ...                0.61         0.02
61  2026-01-23 15:48:53       0m 30s  ...               28.01         0.73
62  2026-01-23 15:49:23       0m 27s  ...               12.99         0.36
63  2026-01-23 15:49:51       0m 26s  ...                2.62         0.07
64  2026-01-23 15:50:17       0m 27s  ...               10.00         0.27

[65 rows x 24 columns]
              timestamp time_elapsed  ... severity_rate_patch Gradient_sr2
0   2026-01-23 15:19:29       0m 25s  ...                1.74         0.04
1   2026-01-23 15:19:55       0m 25s  ...                4.36         0.11
2   2026-01-23 15:20:20       0m 26s  ...                0.85         0.02
3   2026-01-23 15:20:47       0m 29s  ...               25.47         0.67
4   2026-01-23 15:21:17       0m 31s  ...               37.39         0.99
..                  ...          ...  ...                 ...          ...
61  2026-01-23 15:48:53       0m 30s  ...               28.01         0.73
62  2026-01-23 15:49:23       0m 27s  ...               12.99         0.36
63  2026-01-23 15:49:51       0m 26s  ...                2.62         0.07
64  2026-01-23 15:50:17       0m 27s  ...               10.00         0.27
65  2026-01-23 15:50:44       0m 27s  ...                7.64         0.19

[66 rows x 24 columns]
              timestamp time_elapsed  ... severity_rate_patch Gradient_sr2
0   2026-01-23 15:19:29       0m 25s  ...                1.74         0.04
1   2026-01-23 15:19:55       0m 25s  ...                4.36         0.11
2   2026-01-23 15:20:20       0m 26s  ...                0.85         0.02
3   2026-01-23 15:20:47       0m 29s  ...               25.47         0.67
4   2026-01-23 15:21:17       0m 31s  ...               37.39         0.99
..                  ...          ...  ...                 ...          ...
62  2026-01-23 15:49:23       0m 27s  ...               12.99         0.36
63  2026-01-23 15:49:51       0m 26s  ...                2.62         0.07
64  2026-01-23 15:50:17       0m 27s  ...               10.00         0.27
65  2026-01-23 15:50:44       0m 27s  ...                7.64         0.19
66  2026-01-23 15:51:12       0m 33s  ...               53.88         1.51

[67 rows x 24 columns]
              timestamp time_elapsed  ... severity_rate_patch Gradient_sr2
0   2026-01-23 15:19:29       0m 25s  ...                1.74         0.04
1   2026-01-23 15:19:55       0m 25s  ...                4.36         0.11
2   2026-01-23 15:20:20       0m 26s  ...                0.85         0.02
3   2026-01-23 15:20:47       0m 29s  ...               25.47         0.67
4   2026-01-23 15:21:17       0m 31s  ...               37.39         0.99
..                  ...          ...  ...                 ...          ...
63  2026-01-23 15:49:51       0m 26s  ...                2.62         0.07
64  2026-01-23 15:50:17       0m 27s  ...               10.00         0.27
65  2026-01-23 15:50:44       0m 27s  ...                7.64         0.19
66  2026-01-23 15:51:12       0m 33s  ...               53.88         1.51
67  2026-01-23 15:51:45       0m 25s  ...                2.18         0.06

[68 rows x 24 columns]
              timestamp time_elapsed  ... severity_rate_patch Gradient_sr2
0   2026-01-23 15:19:29       0m 25s  ...                1.74         0.04
1   2026-01-23 15:19:55       0m 25s  ...                4.36         0.11
2   2026-01-23 15:20:20       0m 26s  ...                0.85         0.02
3   2026-01-23 15:20:47       0m 29s  ...               25.47         0.67
4   2026-01-23 15:21:17       0m 31s  ...               37.39         0.99
..                  ...          ...  ...                 ...          ...
64  2026-01-23 15:50:17       0m 27s  ...               10.00         0.27
65  2026-01-23 15:50:44       0m 27s  ...                7.64         0.19
66  2026-01-23 15:51:12       0m 33s  ...               53.88         1.51
67  2026-01-23 15:51:45       0m 25s  ...                2.18         0.06
68  2026-01-23 15:52:10       0m 40s  ...               84.74         2.55

[69 rows x 24 columns]
              timestamp time_elapsed  ... severity_rate_patch Gradient_sr2
0   2026-01-23 15:19:29       0m 25s  ...                1.74         0.04
1   2026-01-23 15:19:55       0m 25s  ...                4.36         0.11
2   2026-01-23 15:20:20       0m 26s  ...                0.85         0.02
3   2026-01-23 15:20:47       0m 29s  ...               25.47         0.67
4   2026-01-23 15:21:17       0m 31s  ...               37.39         0.99
..                  ...          ...  ...                 ...          ...
65  2026-01-23 15:50:44       0m 27s  ...                7.64         0.19
66  2026-01-23 15:51:12       0m 33s  ...               53.88         1.51
67  2026-01-23 15:51:45       0m 25s  ...                2.18         0.06
68  2026-01-23 15:52:10       0m 40s  ...               84.74         2.55
69  2026-01-23 15:52:50       0m 33s  ...               57.21         1.60

[70 rows x 24 columns]
              timestamp time_elapsed  ... severity_rate_patch Gradient_sr2
0   2026-01-23 15:19:29       0m 25s  ...                1.74         0.04
1   2026-01-23 15:19:55       0m 25s  ...                4.36         0.11
2   2026-01-23 15:20:20       0m 26s  ...                0.85         0.02
3   2026-01-23 15:20:47       0m 29s  ...               25.47         0.67
4   2026-01-23 15:21:17       0m 31s  ...               37.39         0.99
..                  ...          ...  ...                 ...          ...
66  2026-01-23 15:51:12       0m 33s  ...               53.88         1.51
67  2026-01-23 15:51:45       0m 25s  ...                2.18         0.06
68  2026-01-23 15:52:10       0m 40s  ...               84.74         2.55
69  2026-01-23 15:52:50       0m 33s  ...               57.21         1.60
70  2026-01-23 15:53:24       0m 28s  ...                8.76         0.24

[71 rows x 24 columns]
[2026-01-23 15:58:01,528] - [root] - [INFO] - Analysis finished: 0m 27s
[2026-01-23 15:58:01,528] - [root] - [INFO] - -------------------------------------------
[2026-01-23 15:58:01,528] - [root] - [INFO] - -------------------------------------------
[2026-01-23 15:58:01,528] - [root] - [INFO] - Processing 1-22-2026 5dpi 185-W2021009-291_R2.png
[2026-01-23 15:58:18,320] - [root] - [INFO] - Finished loading mask: 0m 16s
[2026-01-23 15:58:27,605] - [root] - [INFO] - Finished crop and inference: 0m 26s
[2026-01-23 15:58:29,196] - [root] - [INFO] - Analysis finished: 0m 27s
[2026-01-23 15:58:29,196] - [root] - [INFO] - -------------------------------------------
[2026-01-23 15:58:29,196] - [root] - [INFO] - -------------------------------------------
[2026-01-23 15:58:29,196] - [root] - [INFO] - Processing 1-22-2026 5dpi 187-W2021010-348_R2.png
[2026-01-23 15:58:46,946] - [root] - [INFO] - Finished loading mask: 0m 17s
[2026-01-23 15:59:04,107] - [root] - [INFO] - Finished crop and inference: 0m 34s
[2026-01-23 15:59:05,688] - [root] - [INFO] - Analysis finished: 0m 36s
[2026-01-23 15:59:05,688] - [root] - [INFO] - -------------------------------------------
[2026-01-23 15:59:05,688] - [root] - [INFO] - -------------------------------------------
[2026-01-23 15:59:05,688] - [root] - [INFO] - Processing 1-22-2026 5dpi 191-W2021010-426_R2.png
[2026-01-23 15:59:22,737] - [root] - [INFO] - Finished loading mask: 0m 17s
[2026-01-23 15:59:32,671] - [root] - [INFO] - Finished crop and inference: 0m 26s
[2026-01-23 15:59:34,186] - [root] - [INFO] - Analysis finished: 0m 28s
[2026-01-23 15:59:34,186] - [root] - [INFO] - -------------------------------------------
[2026-01-23 15:59:34,186] - [root] - [INFO] - -------------------------------------------
[2026-01-23 15:59:34,186] - [root] - [INFO] - Processing 1-22-2026 5dpi 191-W2021010-449_R1.png
[2026-01-23 15:59:51,350] - [root] - [INFO] - Finished loading mask: 0m 17s
[2026-01-23 16:00:02,529] - [root] - [INFO] - Finished crop and inference: 0m 28s
[2026-01-23 16:00:04,124] - [root] - [INFO] - Analysis finished: 0m 29s
[2026-01-23 16:00:04,124] - [root] - [INFO] - -------------------------------------------
[2026-01-23 16:00:04,124] - [root] - [INFO] - -------------------------------------------
[2026-01-23 16:00:04,124] - [root] - [INFO] - Processing 1-22-2026 5dpi 192-W2021006-005_R1.png
[2026-01-23 16:00:20,752] - [root] - [INFO] - Finished loading mask: 0m 16s
[2026-01-23 16:00:29,013] - [root] - [INFO] - Finished crop and inference: 0m 24s
[2026-01-23 16:00:30,586] - [root] - [INFO] - Analysis finished: 0m 26s
[2026-01-23 16:00:30,586] - [root] - [INFO] - -------------------------------------------
[2026-01-23 16:00:30,586] - [root] - [INFO] - -------------------------------------------
[2026-01-23 16:00:30,586] - [root] - [INFO] - Processing 1-22-2026 5dpi 206-W2021010-344_R1.png
[2026-01-23 16:00:47,385] - [root] - [INFO] - Finished loading mask: 0m 16s
[2026-01-23 16:00:55,735] - [root] - [INFO] - Finished crop and inference: 0m 25s
[2026-01-23 16:00:57,322] - [root] - [INFO] - Analysis finished: 0m 26s
[2026-01-23 16:00:57,323] - [root] - [INFO] - -------------------------------------------
[2026-01-23 16:00:57,323] - [root] - [INFO] - -------------------------------------------
[2026-01-23 16:00:57,323] - [root] - [INFO] - Processing 1-22-2026 5dpi 207-W2021009-287_R2.png
[2026-01-23 16:01:13,602] - [root] - [INFO] - Finished loading mask: 0m 16s
[2026-01-23 16:01:21,729] - [root] - [INFO] - Finished crop and inference: 0m 24s
[2026-01-23 16:01:23,316] - [root] - [INFO] - Analysis finished: 0m 25s
[2026-01-23 16:01:23,316] - [root] - [INFO] - -------------------------------------------
[2026-01-23 16:01:23,316] - [root] - [INFO] - -------------------------------------------
[2026-01-23 16:01:23,316] - [root] - [INFO] - Processing 1-22-2026 5dpi 208-W2021009-268_R2.png
[2026-01-23 16:01:40,076] - [root] - [INFO] - Finished loading mask: 0m 16s
[2026-01-23 16:01:52,042] - [root] - [INFO] - Finished crop and inference: 0m 28s
              timestamp time_elapsed  ... severity_rate_patch Gradient_sr2
0   2026-01-23 15:19:29       0m 25s  ...                1.74         0.04
1   2026-01-23 15:19:55       0m 25s  ...                4.36         0.11
2   2026-01-23 15:20:20       0m 26s  ...                0.85         0.02
3   2026-01-23 15:20:47       0m 29s  ...               25.47         0.67
4   2026-01-23 15:21:17       0m 31s  ...               37.39         0.99
..                  ...          ...  ...                 ...          ...
67  2026-01-23 15:51:45       0m 25s  ...                2.18         0.06
68  2026-01-23 15:52:10       0m 40s  ...               84.74         2.55
69  2026-01-23 15:52:50       0m 33s  ...               57.21         1.60
70  2026-01-23 15:53:24       0m 28s  ...                8.76         0.24
71  2026-01-23 15:53:52       0m 26s  ...                1.50         0.04

[72 rows x 24 columns]
              timestamp time_elapsed  ... severity_rate_patch Gradient_sr2
0   2026-01-23 15:19:29       0m 25s  ...                1.74         0.04
1   2026-01-23 15:19:55       0m 25s  ...                4.36         0.11
2   2026-01-23 15:20:20       0m 26s  ...                0.85         0.02
3   2026-01-23 15:20:47       0m 29s  ...               25.47         0.67
4   2026-01-23 15:21:17       0m 31s  ...               37.39         0.99
..                  ...          ...  ...                 ...          ...
68  2026-01-23 15:52:10       0m 40s  ...               84.74         2.55
69  2026-01-23 15:52:50       0m 33s  ...               57.21         1.60
70  2026-01-23 15:53:24       0m 28s  ...                8.76         0.24
71  2026-01-23 15:53:52       0m 26s  ...                1.50         0.04
72  2026-01-23 15:54:19       0m 26s  ...               15.38         0.37

[73 rows x 24 columns]
              timestamp time_elapsed  ... severity_rate_patch Gradient_sr2
0   2026-01-23 15:19:29       0m 25s  ...                1.74         0.04
1   2026-01-23 15:19:55       0m 25s  ...                4.36         0.11
2   2026-01-23 15:20:20       0m 26s  ...                0.85         0.02
3   2026-01-23 15:20:47       0m 29s  ...               25.47         0.67
4   2026-01-23 15:21:17       0m 31s  ...               37.39         0.99
..                  ...          ...  ...                 ...          ...
69  2026-01-23 15:52:50       0m 33s  ...               57.21         1.60
70  2026-01-23 15:53:24       0m 28s  ...                8.76         0.24
71  2026-01-23 15:53:52       0m 26s  ...                1.50         0.04
72  2026-01-23 15:54:19       0m 26s  ...               15.38         0.37
73  2026-01-23 15:54:45       0m 23s  ...                3.06         0.08

[74 rows x 24 columns]
              timestamp time_elapsed  ... severity_rate_patch Gradient_sr2
0   2026-01-23 15:19:29       0m 25s  ...                1.74         0.04
1   2026-01-23 15:19:55       0m 25s  ...                4.36         0.11
2   2026-01-23 15:20:20       0m 26s  ...                0.85         0.02
3   2026-01-23 15:20:47       0m 29s  ...               25.47         0.67
4   2026-01-23 15:21:17       0m 31s  ...               37.39         0.99
..                  ...          ...  ...                 ...          ...
70  2026-01-23 15:53:24       0m 28s  ...                8.76         0.24
71  2026-01-23 15:53:52       0m 26s  ...                1.50         0.04
72  2026-01-23 15:54:19       0m 26s  ...               15.38         0.37
73  2026-01-23 15:54:45       0m 23s  ...                3.06         0.08
74  2026-01-23 15:55:09       0m 27s  ...               13.43         0.36

[75 rows x 24 columns]
              timestamp time_elapsed  ... severity_rate_patch Gradient_sr2
0   2026-01-23 15:19:29       0m 25s  ...                1.74         0.04
1   2026-01-23 15:19:55       0m 25s  ...                4.36         0.11
2   2026-01-23 15:20:20       0m 26s  ...                0.85         0.02
3   2026-01-23 15:20:47       0m 29s  ...               25.47         0.67
4   2026-01-23 15:21:17       0m 31s  ...               37.39         0.99
..                  ...          ...  ...                 ...          ...
71  2026-01-23 15:53:52       0m 26s  ...                1.50         0.04
72  2026-01-23 15:54:19       0m 26s  ...               15.38         0.37
73  2026-01-23 15:54:45       0m 23s  ...                3.06         0.08
74  2026-01-23 15:55:09       0m 27s  ...               13.43         0.36
75  2026-01-23 15:55:37       0m 27s  ...               24.95         0.55

[76 rows x 24 columns]
              timestamp time_elapsed  ... severity_rate_patch Gradient_sr2
0   2026-01-23 15:19:29       0m 25s  ...                1.74         0.04
1   2026-01-23 15:19:55       0m 25s  ...                4.36         0.11
2   2026-01-23 15:20:20       0m 26s  ...                0.85         0.02
3   2026-01-23 15:20:47       0m 29s  ...               25.47         0.67
4   2026-01-23 15:21:17       0m 31s  ...               37.39         0.99
..                  ...          ...  ...                 ...          ...
72  2026-01-23 15:54:19       0m 26s  ...               15.38         0.37
73  2026-01-23 15:54:45       0m 23s  ...                3.06         0.08
74  2026-01-23 15:55:09       0m 27s  ...               13.43         0.36
75  2026-01-23 15:55:37       0m 27s  ...               24.95         0.55
76  2026-01-23 15:56:04       0m 35s  ...               79.18         2.11

[77 rows x 24 columns]
              timestamp time_elapsed  ... severity_rate_patch Gradient_sr2
0   2026-01-23 15:19:29       0m 25s  ...                1.74         0.04
1   2026-01-23 15:19:55       0m 25s  ...                4.36         0.11
2   2026-01-23 15:20:20       0m 26s  ...                0.85         0.02
3   2026-01-23 15:20:47       0m 29s  ...               25.47         0.67
4   2026-01-23 15:21:17       0m 31s  ...               37.39         0.99
..                  ...          ...  ...                 ...          ...
73  2026-01-23 15:54:45       0m 23s  ...                3.06         0.08
74  2026-01-23 15:55:09       0m 27s  ...               13.43         0.36
75  2026-01-23 15:55:37       0m 27s  ...               24.95         0.55
76  2026-01-23 15:56:04       0m 35s  ...               79.18         2.11
77  2026-01-23 15:56:40       0m 27s  ...                4.96         0.12

[78 rows x 24 columns]
              timestamp time_elapsed  ... severity_rate_patch Gradient_sr2
0   2026-01-23 15:19:29       0m 25s  ...                1.74         0.04
1   2026-01-23 15:19:55       0m 25s  ...                4.36         0.11
2   2026-01-23 15:20:20       0m 26s  ...                0.85         0.02
3   2026-01-23 15:20:47       0m 29s  ...               25.47         0.67
4   2026-01-23 15:21:17       0m 31s  ...               37.39         0.99
..                  ...          ...  ...                 ...          ...
74  2026-01-23 15:55:09       0m 27s  ...               13.43         0.36
75  2026-01-23 15:55:37       0m 27s  ...               24.95         0.55
76  2026-01-23 15:56:04       0m 35s  ...               79.18         2.11
77  2026-01-23 15:56:40       0m 27s  ...                4.96         0.12
78  2026-01-23 15:57:08       0m 25s  ...                6.35         0.16

[79 rows x 24 columns]
[2026-01-23 16:01:53,572] - [root] - [INFO] - Analysis finished: 0m 30s
[2026-01-23 16:01:53,572] - [root] - [INFO] - -------------------------------------------
[2026-01-23 16:01:53,572] - [root] - [INFO] - -------------------------------------------
[2026-01-23 16:01:53,572] - [root] - [INFO] - Processing 1-22-2026 5dpi 209-W2021010-439_R2.png
[2026-01-23 16:02:11,095] - [root] - [INFO] - Finished loading mask: 0m 17s
[2026-01-23 16:02:24,335] - [root] - [INFO] - Finished crop and inference: 0m 30s
[2026-01-23 16:02:25,899] - [root] - [INFO] - Analysis finished: 0m 32s
[2026-01-23 16:02:25,899] - [root] - [INFO] - -------------------------------------------
[2026-01-23 16:02:25,900] - [root] - [INFO] - -------------------------------------------
[2026-01-23 16:02:25,900] - [root] - [INFO] - Processing 1-22-2026 5dpi 211-W2021011-598_R2.png
[2026-01-23 16:02:42,897] - [root] - [INFO] - Finished loading mask: 0m 16s
[2026-01-23 16:02:53,453] - [root] - [INFO] - Finished crop and inference: 0m 27s
[2026-01-23 16:02:54,998] - [root] - [INFO] - Analysis finished: 0m 29s
[2026-01-23 16:02:54,998] - [root] - [INFO] - -------------------------------------------
[2026-01-23 16:02:54,998] - [root] - [INFO] - -------------------------------------------
[2026-01-23 16:02:54,998] - [root] - [INFO] - Processing 1-22-2026 5dpi 215-W2021006-045_R2.png
[2026-01-23 16:03:11,890] - [root] - [INFO] - Finished loading mask: 0m 16s
[2026-01-23 16:03:20,627] - [root] - [INFO] - Finished crop and inference: 0m 25s
[2026-01-23 16:03:22,203] - [root] - [INFO] - Analysis finished: 0m 27s
[2026-01-23 16:03:22,203] - [root] - [INFO] - -------------------------------------------
[2026-01-23 16:03:22,203] - [root] - [INFO] - -------------------------------------------
[2026-01-23 16:03:22,203] - [root] - [INFO] - Processing 1-22-2026 5dpi 223-W2021010-442_R2.png
[2026-01-23 16:03:39,917] - [root] - [INFO] - Finished loading mask: 0m 17s
[2026-01-23 16:03:52,578] - [root] - [INFO] - Finished crop and inference: 0m 30s
[2026-01-23 16:03:54,145] - [root] - [INFO] - Analysis finished: 0m 31s
[2026-01-23 16:03:54,145] - [root] - [INFO] - -------------------------------------------
[2026-01-23 16:03:54,145] - [root] - [INFO] - -------------------------------------------
[2026-01-23 16:03:54,145] - [root] - [INFO] - Processing 1-22-2026 5dpi 226-W2021010-435_R1.png
[2026-01-23 16:04:11,034] - [root] - [INFO] - Finished loading mask: 0m 16s
[2026-01-23 16:04:20,183] - [root] - [INFO] - Finished crop and inference: 0m 26s
[2026-01-23 16:04:21,709] - [root] - [INFO] - Analysis finished: 0m 27s
[2026-01-23 16:04:21,709] - [root] - [INFO] - -------------------------------------------
[2026-01-23 16:04:21,709] - [root] - [INFO] - -------------------------------------------
[2026-01-23 16:04:21,709] - [root] - [INFO] - Processing 1-22-2026 5dpi 230-W2021010-373_R2.png
[2026-01-23 16:04:39,869] - [root] - [INFO] - Finished loading mask: 0m 18s
[2026-01-23 16:05:01,381] - [root] - [INFO] - Finished crop and inference: 0m 39s
[2026-01-23 16:05:03,039] - [root] - [INFO] - Analysis finished: 0m 41s
[2026-01-23 16:05:03,040] - [root] - [INFO] - -------------------------------------------
[2026-01-23 16:05:03,040] - [root] - [INFO] - -------------------------------------------
[2026-01-23 16:05:03,040] - [root] - [INFO] - Processing 1-22-2026 5dpi 233-W2021009-215_R2.png
[2026-01-23 16:05:19,671] - [root] - [INFO] - Finished loading mask: 0m 16s
[2026-01-23 16:05:30,110] - [root] - [INFO] - Finished crop and inference: 0m 27s
[2026-01-23 16:05:31,720] - [root] - [INFO] - Analysis finished: 0m 28s
[2026-01-23 16:05:31,720] - [root] - [INFO] - -------------------------------------------
[2026-01-23 16:05:31,720] - [root] - [INFO] - -------------------------------------------
[2026-01-23 16:05:31,720] - [root] - [INFO] - Processing 1-22-2026 5dpi 240-Symphony_R2.png
[2026-01-23 16:05:49,854] - [root] - [INFO] - Finished loading mask: 0m 18s
[2026-01-23 16:06:09,299] - [root] - [INFO] - Finished crop and inference: 0m 37s
              timestamp time_elapsed  ... severity_rate_patch Gradient_sr2
0   2026-01-23 15:19:29       0m 25s  ...                1.74         0.04
1   2026-01-23 15:19:55       0m 25s  ...                4.36         0.11
2   2026-01-23 15:20:20       0m 26s  ...                0.85         0.02
3   2026-01-23 15:20:47       0m 29s  ...               25.47         0.67
4   2026-01-23 15:21:17       0m 31s  ...               37.39         0.99
..                  ...          ...  ...                 ...          ...
75  2026-01-23 15:55:37       0m 27s  ...               24.95         0.55
76  2026-01-23 15:56:04       0m 35s  ...               79.18         2.11
77  2026-01-23 15:56:40       0m 27s  ...                4.96         0.12
78  2026-01-23 15:57:08       0m 25s  ...                6.35         0.16
79  2026-01-23 15:57:33       0m 27s  ...               13.00         0.28

[80 rows x 24 columns]
              timestamp time_elapsed  ... severity_rate_patch Gradient_sr2
0   2026-01-23 15:19:29       0m 25s  ...                1.74         0.04
1   2026-01-23 15:19:55       0m 25s  ...                4.36         0.11
2   2026-01-23 15:20:20       0m 26s  ...                0.85         0.02
3   2026-01-23 15:20:47       0m 29s  ...               25.47         0.67
4   2026-01-23 15:21:17       0m 31s  ...               37.39         0.99
..                  ...          ...  ...                 ...          ...
76  2026-01-23 15:56:04       0m 35s  ...               79.18         2.11
77  2026-01-23 15:56:40       0m 27s  ...                4.96         0.12
78  2026-01-23 15:57:08       0m 25s  ...                6.35         0.16
79  2026-01-23 15:57:33       0m 27s  ...               13.00         0.28
80  2026-01-23 15:58:01       0m 27s  ...                5.94         0.15

[81 rows x 24 columns]
              timestamp time_elapsed  ... severity_rate_patch Gradient_sr2
0   2026-01-23 15:19:29       0m 25s  ...                1.74         0.04
1   2026-01-23 15:19:55       0m 25s  ...                4.36         0.11
2   2026-01-23 15:20:20       0m 26s  ...                0.85         0.02
3   2026-01-23 15:20:47       0m 29s  ...               25.47         0.67
4   2026-01-23 15:21:17       0m 31s  ...               37.39         0.99
..                  ...          ...  ...                 ...          ...
77  2026-01-23 15:56:40       0m 27s  ...                4.96         0.12
78  2026-01-23 15:57:08       0m 25s  ...                6.35         0.16
79  2026-01-23 15:57:33       0m 27s  ...               13.00         0.28
80  2026-01-23 15:58:01       0m 27s  ...                5.94         0.15
81  2026-01-23 15:58:29       0m 36s  ...               85.45         2.49

[82 rows x 24 columns]
              timestamp time_elapsed  ... severity_rate_patch Gradient_sr2
0   2026-01-23 15:19:29       0m 25s  ...                1.74         0.04
1   2026-01-23 15:19:55       0m 25s  ...                4.36         0.11
2   2026-01-23 15:20:20       0m 26s  ...                0.85         0.02
3   2026-01-23 15:20:47       0m 29s  ...               25.47         0.67
4   2026-01-23 15:21:17       0m 31s  ...               37.39         0.99
..                  ...          ...  ...                 ...          ...
78  2026-01-23 15:57:08       0m 25s  ...                6.35         0.16
79  2026-01-23 15:57:33       0m 27s  ...               13.00         0.28
80  2026-01-23 15:58:01       0m 27s  ...                5.94         0.15
81  2026-01-23 15:58:29       0m 36s  ...               85.45         2.49
82  2026-01-23 15:59:05       0m 28s  ...                9.54         0.25

[83 rows x 24 columns]
              timestamp time_elapsed  ... severity_rate_patch Gradient_sr2
0   2026-01-23 15:19:29       0m 25s  ...                1.74         0.04
1   2026-01-23 15:19:55       0m 25s  ...                4.36         0.11
2   2026-01-23 15:20:20       0m 26s  ...                0.85         0.02
3   2026-01-23 15:20:47       0m 29s  ...               25.47         0.67
4   2026-01-23 15:21:17       0m 31s  ...               37.39         0.99
..                  ...          ...  ...                 ...          ...
79  2026-01-23 15:57:33       0m 27s  ...               13.00         0.28
80  2026-01-23 15:58:01       0m 27s  ...                5.94         0.15
81  2026-01-23 15:58:29       0m 36s  ...               85.45         2.49
82  2026-01-23 15:59:05       0m 28s  ...                9.54         0.25
83  2026-01-23 15:59:34       0m 29s  ...               23.32         0.63

[84 rows x 24 columns]
              timestamp time_elapsed  ... severity_rate_patch Gradient_sr2
0   2026-01-23 15:19:29       0m 25s  ...                1.74         0.04
1   2026-01-23 15:19:55       0m 25s  ...                4.36         0.11
2   2026-01-23 15:20:20       0m 26s  ...                0.85         0.02
3   2026-01-23 15:20:47       0m 29s  ...               25.47         0.67
4   2026-01-23 15:21:17       0m 31s  ...               37.39         0.99
..                  ...          ...  ...                 ...          ...
80  2026-01-23 15:58:01       0m 27s  ...                5.94         0.15
81  2026-01-23 15:58:29       0m 36s  ...               85.45         2.49
82  2026-01-23 15:59:05       0m 28s  ...                9.54         0.25
83  2026-01-23 15:59:34       0m 29s  ...               23.32         0.63
84  2026-01-23 16:00:04       0m 26s  ...                7.13         0.16

[85 rows x 24 columns]
              timestamp time_elapsed  ... severity_rate_patch Gradient_sr2
0   2026-01-23 15:19:29       0m 25s  ...                1.74         0.04
1   2026-01-23 15:19:55       0m 25s  ...                4.36         0.11
2   2026-01-23 15:20:20       0m 26s  ...                0.85         0.02
3   2026-01-23 15:20:47       0m 29s  ...               25.47         0.67
4   2026-01-23 15:21:17       0m 31s  ...               37.39         0.99
..                  ...          ...  ...                 ...          ...
81  2026-01-23 15:58:29       0m 36s  ...               85.45         2.49
82  2026-01-23 15:59:05       0m 28s  ...                9.54         0.25
83  2026-01-23 15:59:34       0m 29s  ...               23.32         0.63
84  2026-01-23 16:00:04       0m 26s  ...                7.13         0.16
85  2026-01-23 16:00:30       0m 26s  ...                6.06         0.16

[86 rows x 24 columns]
              timestamp time_elapsed  ... severity_rate_patch Gradient_sr2
0   2026-01-23 15:19:29       0m 25s  ...                1.74         0.04
1   2026-01-23 15:19:55       0m 25s  ...                4.36         0.11
2   2026-01-23 15:20:20       0m 26s  ...                0.85         0.02
3   2026-01-23 15:20:47       0m 29s  ...               25.47         0.67
4   2026-01-23 15:21:17       0m 31s  ...               37.39         0.99
..                  ...          ...  ...                 ...          ...
82  2026-01-23 15:59:05       0m 28s  ...                9.54         0.25
83  2026-01-23 15:59:34       0m 29s  ...               23.32         0.63
84  2026-01-23 16:00:04       0m 26s  ...                7.13         0.16
85  2026-01-23 16:00:30       0m 26s  ...                6.06         0.16
86  2026-01-23 16:00:57       0m 25s  ...                1.20         0.03

[87 rows x 24 columns]
[2026-01-23 16:06:10,910] - [root] - [INFO] - Analysis finished: 0m 39s
[2026-01-23 16:06:10,910] - [root] - [INFO] - -------------------------------------------
[2026-01-23 16:06:10,910] - [root] - [INFO] - -------------------------------------------
[2026-01-23 16:06:10,910] - [root] - [INFO] - Processing 1-22-2026 5dpi 254-W2021010-352_R2.png
[2026-01-23 16:06:27,094] - [root] - [INFO] - Finished loading mask: 0m 16s
[2026-01-23 16:06:34,139] - [root] - [INFO] - Finished crop and inference: 0m 23s
[2026-01-23 16:06:35,713] - [root] - [INFO] - Analysis finished: 0m 24s
[2026-01-23 16:06:35,713] - [root] - [INFO] - -------------------------------------------
[2026-01-23 16:06:35,713] - [root] - [INFO] - -------------------------------------------
[2026-01-23 16:06:35,713] - [root] - [INFO] - Processing 1-22-2026 5dpi 266-W2021009-193_R1.png
[2026-01-23 16:06:52,342] - [root] - [INFO] - Finished loading mask: 0m 16s
[2026-01-23 16:07:00,872] - [root] - [INFO] - Finished crop and inference: 0m 25s
[2026-01-23 16:07:02,430] - [root] - [INFO] - Analysis finished: 0m 26s
[2026-01-23 16:07:02,430] - [root] - [INFO] - -------------------------------------------
[2026-01-23 16:07:02,430] - [root] - [INFO] - -------------------------------------------
[2026-01-23 16:07:02,430] - [root] - [INFO] - Processing 1-22-2026 5dpi 313-W2021010-343_R1.png
[2026-01-23 16:07:18,630] - [root] - [INFO] - Finished loading mask: 0m 16s
[2026-01-23 16:07:26,567] - [root] - [INFO] - Finished crop and inference: 0m 24s
[2026-01-23 16:07:28,103] - [root] - [INFO] - Analysis finished: 0m 25s
[2026-01-23 16:07:28,103] - [root] - [INFO] - -------------------------------------------
[2026-01-23 16:07:28,103] - [root] - [INFO] - -------------------------------------------
[2026-01-23 16:07:28,103] - [root] - [INFO] - Processing 1-22-2026 5dpi 336-W2021011-506_R2.png
[2026-01-23 16:07:45,355] - [root] - [INFO] - Finished loading mask: 0m 17s
[2026-01-23 16:07:59,415] - [root] - [INFO] - Finished crop and inference: 0m 31s
[2026-01-23 16:08:00,783] - [root] - [INFO] - Analysis finished: 0m 32s
[2026-01-23 16:08:00,783] - [root] - [INFO] - -------------------------------------------
[2026-01-23 16:08:00,798] - [root] - [INFO] - Saved C:\Users\Intel User\Desktop\blackbird_scripts\data\Results\ResNet_upth0.6_downth0.1_Jan22_10-21-00_2026\1-22-2026\th_0.7\severity_rate_tray_5dpi.csv
              timestamp time_elapsed  ... severity_rate_patch Gradient_sr2
0   2026-01-23 15:19:29       0m 25s  ...                1.74         0.04
1   2026-01-23 15:19:55       0m 25s  ...                4.36         0.11
2   2026-01-23 15:20:20       0m 26s  ...                0.85         0.02
3   2026-01-23 15:20:47       0m 29s  ...               25.47         0.67
4   2026-01-23 15:21:17       0m 31s  ...               37.39         0.99
..                  ...          ...  ...                 ...          ...
83  2026-01-23 15:59:34       0m 29s  ...               23.32         0.63
84  2026-01-23 16:00:04       0m 26s  ...                7.13         0.16
85  2026-01-23 16:00:30       0m 26s  ...                6.06         0.16
86  2026-01-23 16:00:57       0m 25s  ...                1.20         0.03
87  2026-01-23 16:01:23       0m 30s  ...               31.65         0.76

[88 rows x 24 columns]
              timestamp time_elapsed  ... severity_rate_patch Gradient_sr2
0   2026-01-23 15:19:29       0m 25s  ...                1.74         0.04
1   2026-01-23 15:19:55       0m 25s  ...                4.36         0.11
2   2026-01-23 15:20:20       0m 26s  ...                0.85         0.02
3   2026-01-23 15:20:47       0m 29s  ...               25.47         0.67
4   2026-01-23 15:21:17       0m 31s  ...               37.39         0.99
..                  ...          ...  ...                 ...          ...
84  2026-01-23 16:00:04       0m 26s  ...                7.13         0.16
85  2026-01-23 16:00:30       0m 26s  ...                6.06         0.16
86  2026-01-23 16:00:57       0m 25s  ...                1.20         0.03
87  2026-01-23 16:01:23       0m 30s  ...               31.65         0.76
88  2026-01-23 16:01:53       0m 32s  ...               42.68         1.19

[89 rows x 24 columns]
              timestamp time_elapsed  ... severity_rate_patch Gradient_sr2
0   2026-01-23 15:19:29       0m 25s  ...                1.74         0.04
1   2026-01-23 15:19:55       0m 25s  ...                4.36         0.11
2   2026-01-23 15:20:20       0m 26s  ...                0.85         0.02
3   2026-01-23 15:20:47       0m 29s  ...               25.47         0.67
4   2026-01-23 15:21:17       0m 31s  ...               37.39         0.99
..                  ...          ...  ...                 ...          ...
85  2026-01-23 16:00:30       0m 26s  ...                6.06         0.16
86  2026-01-23 16:00:57       0m 25s  ...                1.20         0.03
87  2026-01-23 16:01:23       0m 30s  ...               31.65         0.76
88  2026-01-23 16:01:53       0m 32s  ...               42.68         1.19
89  2026-01-23 16:02:25       0m 29s  ...               14.13         0.40

[90 rows x 24 columns]
              timestamp time_elapsed  ... severity_rate_patch Gradient_sr2
0   2026-01-23 15:19:29       0m 25s  ...                1.74         0.04
1   2026-01-23 15:19:55       0m 25s  ...                4.36         0.11
2   2026-01-23 15:20:20       0m 26s  ...                0.85         0.02
3   2026-01-23 15:20:47       0m 29s  ...               25.47         0.67
4   2026-01-23 15:21:17       0m 31s  ...               37.39         0.99
..                  ...          ...  ...                 ...          ...
86  2026-01-23 16:00:57       0m 25s  ...                1.20         0.03
87  2026-01-23 16:01:23       0m 30s  ...               31.65         0.76
88  2026-01-23 16:01:53       0m 32s  ...               42.68         1.19
89  2026-01-23 16:02:25       0m 29s  ...               14.13         0.40
90  2026-01-23 16:02:54       0m 27s  ...               11.52         0.30

[91 rows x 24 columns]
              timestamp time_elapsed  ... severity_rate_patch Gradient_sr2
0   2026-01-23 15:19:29       0m 25s  ...                1.74         0.04
1   2026-01-23 15:19:55       0m 25s  ...                4.36         0.11
2   2026-01-23 15:20:20       0m 26s  ...                0.85         0.02
3   2026-01-23 15:20:47       0m 29s  ...               25.47         0.67
4   2026-01-23 15:21:17       0m 31s  ...               37.39         0.99
..                  ...          ...  ...                 ...          ...
87  2026-01-23 16:01:23       0m 30s  ...               31.65         0.76
88  2026-01-23 16:01:53       0m 32s  ...               42.68         1.19
89  2026-01-23 16:02:25       0m 29s  ...               14.13         0.40
90  2026-01-23 16:02:54       0m 27s  ...               11.52         0.30
91  2026-01-23 16:03:22       0m 31s  ...               45.04         1.15

[92 rows x 24 columns]
              timestamp time_elapsed  ... severity_rate_patch Gradient_sr2
0   2026-01-23 15:19:29       0m 25s  ...                1.74         0.04
1   2026-01-23 15:19:55       0m 25s  ...                4.36         0.11
2   2026-01-23 15:20:20       0m 26s  ...                0.85         0.02
3   2026-01-23 15:20:47       0m 29s  ...               25.47         0.67
4   2026-01-23 15:21:17       0m 31s  ...               37.39         0.99
..                  ...          ...  ...                 ...          ...
88  2026-01-23 16:01:53       0m 32s  ...               42.68         1.19
89  2026-01-23 16:02:25       0m 29s  ...               14.13         0.40
90  2026-01-23 16:02:54       0m 27s  ...               11.52         0.30
91  2026-01-23 16:03:22       0m 31s  ...               45.04         1.15
92  2026-01-23 16:03:54       0m 27s  ...               13.53         0.35

[93 rows x 24 columns]
              timestamp time_elapsed  ... severity_rate_patch Gradient_sr2
0   2026-01-23 15:19:29       0m 25s  ...                1.74         0.04
1   2026-01-23 15:19:55       0m 25s  ...                4.36         0.11
2   2026-01-23 15:20:20       0m 26s  ...                0.85         0.02
3   2026-01-23 15:20:47       0m 29s  ...               25.47         0.67
4   2026-01-23 15:21:17       0m 31s  ...               37.39         0.99
..                  ...          ...  ...                 ...          ...
89  2026-01-23 16:02:25       0m 29s  ...               14.13         0.40
90  2026-01-23 16:02:54       0m 27s  ...               11.52         0.30
91  2026-01-23 16:03:22       0m 31s  ...               45.04         1.15
92  2026-01-23 16:03:54       0m 27s  ...               13.53         0.35
93  2026-01-23 16:04:21       0m 41s  ...               98.85         3.19

[94 rows x 24 columns]
              timestamp time_elapsed  ... severity_rate_patch Gradient_sr2
0   2026-01-23 15:19:29       0m 25s  ...                1.74         0.04
1   2026-01-23 15:19:55       0m 25s  ...                4.36         0.11
2   2026-01-23 15:20:20       0m 26s  ...                0.85         0.02
3   2026-01-23 15:20:47       0m 29s  ...               25.47         0.67
4   2026-01-23 15:21:17       0m 31s  ...               37.39         0.99
..                  ...          ...  ...                 ...          ...
90  2026-01-23 16:02:54       0m 27s  ...               11.52         0.30
91  2026-01-23 16:03:22       0m 31s  ...               45.04         1.15
92  2026-01-23 16:03:54       0m 27s  ...               13.53         0.35
93  2026-01-23 16:04:21       0m 41s  ...               98.85         3.19
94  2026-01-23 16:05:03       0m 28s  ...               17.16         0.48

[95 rows x 24 columns]
              timestamp time_elapsed  ... severity_rate_patch Gradient_sr2
0   2026-01-23 15:19:29       0m 25s  ...                1.74         0.04
1   2026-01-23 15:19:55       0m 25s  ...                4.36         0.11
2   2026-01-23 15:20:20       0m 26s  ...                0.85         0.02
3   2026-01-23 15:20:47       0m 29s  ...               25.47         0.67
4   2026-01-23 15:21:17       0m 31s  ...               37.39         0.99
..                  ...          ...  ...                 ...          ...
91  2026-01-23 16:03:22       0m 31s  ...               45.04         1.15
92  2026-01-23 16:03:54       0m 27s  ...               13.53         0.35
93  2026-01-23 16:04:21       0m 41s  ...               98.85         3.19
94  2026-01-23 16:05:03       0m 28s  ...               17.16         0.48
95  2026-01-23 16:05:31       0m 39s  ...               83.68         2.54

[96 rows x 24 columns]
              timestamp time_elapsed  ... severity_rate_patch Gradient_sr2
0   2026-01-23 15:19:29       0m 25s  ...                1.74         0.04
1   2026-01-23 15:19:55       0m 25s  ...                4.36         0.11
2   2026-01-23 15:20:20       0m 26s  ...                0.85         0.02
3   2026-01-23 15:20:47       0m 29s  ...               25.47         0.67
4   2026-01-23 15:21:17       0m 31s  ...               37.39         0.99
..                  ...          ...  ...                 ...          ...
92  2026-01-23 16:03:54       0m 27s  ...               13.53         0.35
93  2026-01-23 16:04:21       0m 41s  ...               98.85         3.19
94  2026-01-23 16:05:03       0m 28s  ...               17.16         0.48
95  2026-01-23 16:05:31       0m 39s  ...               83.68         2.54
96  2026-01-23 16:06:10       0m 24s  ...                2.20         0.06

[97 rows x 24 columns]
              timestamp time_elapsed  ... severity_rate_patch Gradient_sr2
0   2026-01-23 15:19:29       0m 25s  ...                1.74         0.04
1   2026-01-23 15:19:55       0m 25s  ...                4.36         0.11
2   2026-01-23 15:20:20       0m 26s  ...                0.85         0.02
3   2026-01-23 15:20:47       0m 29s  ...               25.47         0.67
4   2026-01-23 15:21:17       0m 31s  ...               37.39         0.99
..                  ...          ...  ...                 ...          ...
93  2026-01-23 16:04:21       0m 41s  ...               98.85         3.19
94  2026-01-23 16:05:03       0m 28s  ...               17.16         0.48
95  2026-01-23 16:05:31       0m 39s  ...               83.68         2.54
96  2026-01-23 16:06:10       0m 24s  ...                2.20         0.06
97  2026-01-23 16:06:35       0m 26s  ...               10.16         0.27

[98 rows x 24 columns]
              timestamp time_elapsed  ... severity_rate_patch Gradient_sr2
0   2026-01-23 15:19:29       0m 25s  ...                1.74         0.04
1   2026-01-23 15:19:55       0m 25s  ...                4.36         0.11
2   2026-01-23 15:20:20       0m 26s  ...                0.85         0.02
3   2026-01-23 15:20:47       0m 29s  ...               25.47         0.67
4   2026-01-23 15:21:17       0m 31s  ...               37.39         0.99
..                  ...          ...  ...                 ...          ...
94  2026-01-23 16:05:03       0m 28s  ...               17.16         0.48
95  2026-01-23 16:05:31       0m 39s  ...               83.68         2.54
96  2026-01-23 16:06:10       0m 24s  ...                2.20         0.06
97  2026-01-23 16:06:35       0m 26s  ...               10.16         0.27
98  2026-01-23 16:07:02       0m 25s  ...                4.23         0.11

[99 rows x 24 columns]
              timestamp time_elapsed  ... severity_rate_patch Gradient_sr2
0   2026-01-23 15:19:29       0m 25s  ...                1.74         0.04
1   2026-01-23 15:19:55       0m 25s  ...                4.36         0.11
2   2026-01-23 15:20:20       0m 26s  ...                0.85         0.02
3   2026-01-23 15:20:47       0m 29s  ...               25.47         0.67
4   2026-01-23 15:21:17       0m 31s  ...               37.39         0.99
..                  ...          ...  ...                 ...          ...
95  2026-01-23 16:05:31       0m 39s  ...               83.68         2.54
96  2026-01-23 16:06:10       0m 24s  ...                2.20         0.06
97  2026-01-23 16:06:35       0m 26s  ...               10.16         0.27
98  2026-01-23 16:07:02       0m 25s  ...                4.23         0.11
99  2026-01-23 16:07:28       0m 32s  ...               47.28         1.25

[100 rows x 24 columns]

real	48m37.891s
user	0m0.000s
sys	0m0.015s
