"","filename","identifier","model_type","classes","severity_rate_patch"
"1","001-W2021006-099_R2_10dpi","MW","human","3","0"
"2","001-W2021006-099_R2_10dpi","BR","human","3","0"
"3","001-W2021006-099_R2_10dpi","CC","human","3","0"
"4","001-W2021006-099_R2_10dpi","DG","human","3","0"
"5","001-W2021006-099_R2_10dpi","Aug31_03-06-57_2023_up0.8_dwn0.2_salth0.7","computer_vision","3","4.26"
"6","001-W2021006-099_R2_10dpi","May10_16-42-59_2021_up0.8_dwn0.2_salth0.7","computer_vision","2","6.21"
"7","001-W2021006-099_R2_10dpi","May11_00-29-56_2021_up0.8_dwn0.2_salth0.7","computer_vision","2","13.99"
"8","001-W2021006-099_R2_10dpi","Jan25_15-51-04_2024_up0.8_dwn0.2_salth0.7","computer_vision","3","1.07"
"9","001-W2021006-099_R2_10dpi","Jan29_16-28-38_2024_up0.8_dwn0.3_salth0.7","computer_vision","2","2.04"
"10","001-W2021006-099_R2_10dpi","TB","human","3","0"
"11","001-W2021006-099_R2_10dpi","NW","human","3","0"
"12","001-W2021006-099_R2_10dpi","Feb01_00-00-41_2024_up0.8_dwn0.3_salth0.7","computer_vision","3","0.15"
"13","001-W2021006-099_R2_10dpi","Feb01_00-00-41_2024_up0.7_dwn0.3_salth0.7","computer_vision","3","0.46"
"14","001-W2021006-099_R2_10dpi","Feb03_04-58-39_2024_up0.8_dwn0.3_salth0.7","computer_vision","2","0.47"
"15","002-W2021006-081_R1_5dpi","TB","human","3","0"
"16","002-W2021006-081_R1_5dpi","MW","human","3","0"
"17","002-W2021006-081_R1_5dpi","BR","human","3","0"
"18","002-W2021006-081_R1_5dpi","CC","human","3","0"
"19","002-W2021006-081_R1_5dpi","DG","human","3","0"
"20","002-W2021006-081_R1_5dpi","Aug31_03-06-57_2023_up0.8_dwn0.2_salth0.7","computer_vision","3","0.15"
"21","002-W2021006-081_R1_5dpi","May10_16-42-59_2021_up0.8_dwn0.2_salth0.7","computer_vision","2","14.03"
"22","002-W2021006-081_R1_5dpi","May11_00-29-56_2021_up0.8_dwn0.2_salth0.7","computer_vision","2","13"
"23","002-W2021006-081_R1_5dpi","Jan25_15-51-04_2024_up0.8_dwn0.2_salth0.7","computer_vision","3","0.51"
"24","002-W2021006-081_R1_5dpi","Jan29_16-28-38_2024_up0.8_dwn0.3_salth0.7","computer_vision","2","0.61"
"25","002-W2021006-081_R1_5dpi","NW","human","3","0"
"26","002-W2021006-081_R1_5dpi","Feb01_00-00-41_2024_up0.8_dwn0.3_salth0.7","computer_vision","3","0"
"27","002-W2021006-081_R1_5dpi","Feb01_00-00-41_2024_up0.7_dwn0.3_salth0.7","computer_vision","3","0"
"28","002-W2021006-081_R1_5dpi","Feb03_04-58-39_2024_up0.8_dwn0.3_salth0.7","computer_vision","2","0.46"
"29","002-W2021010-336_R2_5dpi","TB","human","3","0"
"30","002-W2021010-336_R2_5dpi","MW","human","3","1"
"31","002-W2021010-336_R2_5dpi","BR","human","3","4"
"32","002-W2021010-336_R2_5dpi","CC","human","3","0"
"33","002-W2021010-336_R2_5dpi","DG","human","3","1"
"34","002-W2021010-336_R2_5dpi","Aug31_03-06-57_2023_up0.8_dwn0.2_salth0.7","computer_vision","3","20.18"
"35","002-W2021010-336_R2_5dpi","May10_16-42-59_2021_up0.8_dwn0.2_salth0.7","computer_vision","2","3.14"
"36","002-W2021010-336_R2_5dpi","May11_00-29-56_2021_up0.8_dwn0.2_salth0.7","computer_vision","2","4.43"
"37","002-W2021010-336_R2_5dpi","Jan25_15-51-04_2024_up0.8_dwn0.2_salth0.7","computer_vision","3","9.2"
"38","002-W2021010-336_R2_5dpi","Jan29_16-28-38_2024_up0.8_dwn0.3_salth0.7","computer_vision","2","2.14"
"39","002-W2021010-336_R2_5dpi","NW","human","3","0"
"40","002-W2021010-336_R2_5dpi","Feb01_00-00-41_2024_up0.8_dwn0.3_salth0.7","computer_vision","3","11.74"
"41","002-W2021010-336_R2_5dpi","Feb01_00-00-41_2024_up0.7_dwn0.3_salth0.7","computer_vision","3","18.61"
"42","002-W2021010-336_R2_5dpi","Feb03_04-58-39_2024_up0.8_dwn0.3_salth0.7","computer_vision","2","0.34"
"43","003-W2021006-150_R1_10dpi","MW","human","3","0"
"44","003-W2021006-150_R1_10dpi","BR","human","3","0"
"45","003-W2021006-150_R1_10dpi","CC","human","3","2"
"46","003-W2021006-150_R1_10dpi","DG","human","3","0"
"47","003-W2021006-150_R1_10dpi","Aug31_03-06-57_2023_up0.8_dwn0.2_salth0.7","computer_vision","3","0.69"
"48","003-W2021006-150_R1_10dpi","May10_16-42-59_2021_up0.8_dwn0.2_salth0.7","computer_vision","2","8.68"
"49","003-W2021006-150_R1_10dpi","May11_00-29-56_2021_up0.8_dwn0.2_salth0.7","computer_vision","2","16.64"
"50","003-W2021006-150_R1_10dpi","Jan25_15-51-04_2024_up0.8_dwn0.2_salth0.7","computer_vision","3","0.15"
"51","003-W2021006-150_R1_10dpi","Jan29_16-28-38_2024_up0.8_dwn0.3_salth0.7","computer_vision","2","0.64"
"52","003-W2021006-150_R1_10dpi","TB","human","3","0"
"53","003-W2021006-150_R1_10dpi","NW","human","3","0"
"54","003-W2021006-150_R1_10dpi","Feb01_00-00-41_2024_up0.8_dwn0.3_salth0.7","computer_vision","3","0.49"
"55","003-W2021006-150_R1_10dpi","Feb01_00-00-41_2024_up0.7_dwn0.3_salth0.7","computer_vision","3","0.65"
"56","003-W2021006-150_R1_10dpi","Feb03_04-58-39_2024_up0.8_dwn0.3_salth0.7","computer_vision","2","0.66"
"57","004-NUGGET_R2_10dpi","MW","human","3","55"
"58","004-NUGGET_R2_10dpi","BR","human","3","50"
"59","004-NUGGET_R2_10dpi","CC","human","3","40"
"60","004-NUGGET_R2_10dpi","DG","human","3","9"
"61","004-NUGGET_R2_10dpi","Aug31_03-06-57_2023_up0.8_dwn0.2_salth0.7","computer_vision","3","24.92"
"62","004-NUGGET_R2_10dpi","May10_16-42-59_2021_up0.8_dwn0.2_salth0.7","computer_vision","2","12.95"
"63","004-NUGGET_R2_10dpi","May11_00-29-56_2021_up0.8_dwn0.2_salth0.7","computer_vision","2","16.49"
"64","004-NUGGET_R2_10dpi","Jan25_15-51-04_2024_up0.8_dwn0.2_salth0.7","computer_vision","3","30.45"
"65","004-NUGGET_R2_10dpi","Jan29_16-28-38_2024_up0.8_dwn0.3_salth0.7","computer_vision","2","36.21"
"66","004-NUGGET_R2_10dpi","TB","human","3","35"
"67","004-NUGGET_R2_10dpi","NW","human","3","30"
"68","004-NUGGET_R2_10dpi","Feb01_00-00-41_2024_up0.8_dwn0.3_salth0.7","computer_vision","3","31.18"
"69","004-NUGGET_R2_10dpi","Feb01_00-00-41_2024_up0.7_dwn0.3_salth0.7","computer_vision","3","33.59"
"70","004-NUGGET_R2_10dpi","Feb03_04-58-39_2024_up0.8_dwn0.3_salth0.7","computer_vision","2","40"
"71","005-W2021011-592_R2_5dpi","TB","human","3","1"
"72","005-W2021011-592_R2_5dpi","MW","human","3","1"
"73","005-W2021011-592_R2_5dpi","BR","human","3","0"
"74","005-W2021011-592_R2_5dpi","CC","human","3","0"
"75","005-W2021011-592_R2_5dpi","DG","human","3","0"
"76","005-W2021011-592_R2_5dpi","Aug31_03-06-57_2023_up0.8_dwn0.2_salth0.7","computer_vision","3","1.69"
"77","005-W2021011-592_R2_5dpi","May10_16-42-59_2021_up0.8_dwn0.2_salth0.7","computer_vision","2","11.27"
"78","005-W2021011-592_R2_5dpi","May11_00-29-56_2021_up0.8_dwn0.2_salth0.7","computer_vision","2","6.85"
"79","005-W2021011-592_R2_5dpi","Jan25_15-51-04_2024_up0.8_dwn0.2_salth0.7","computer_vision","3","1.28"
"80","005-W2021011-592_R2_5dpi","Jan29_16-28-38_2024_up0.8_dwn0.3_salth0.7","computer_vision","2","0.59"
"81","005-W2021011-592_R2_5dpi","NW","human","3","0"
"82","005-W2021011-592_R2_5dpi","Feb01_00-00-41_2024_up0.8_dwn0.3_salth0.7","computer_vision","3","0.85"
"83","005-W2021011-592_R2_5dpi","Feb01_00-00-41_2024_up0.7_dwn0.3_salth0.7","computer_vision","3","1.13"
"84","005-W2021011-592_R2_5dpi","Feb03_04-58-39_2024_up0.8_dwn0.3_salth0.7","computer_vision","2","0.56"
"85","009-W2021010-311_R2_5dpi","TB","human","3","30"
"86","009-W2021010-311_R2_5dpi","MW","human","3","18"
"87","009-W2021010-311_R2_5dpi","BR","human","3","65"
"88","009-W2021010-311_R2_5dpi","CC","human","3","15"
"89","009-W2021010-311_R2_5dpi","DG","human","3","3"
"90","009-W2021010-311_R2_5dpi","Aug31_03-06-57_2023_up0.8_dwn0.2_salth0.7","computer_vision","3","25.96"
"91","009-W2021010-311_R2_5dpi","May10_16-42-59_2021_up0.8_dwn0.2_salth0.7","computer_vision","2","2.77"
"92","009-W2021010-311_R2_5dpi","May11_00-29-56_2021_up0.8_dwn0.2_salth0.7","computer_vision","2","10.62"
"93","009-W2021010-311_R2_5dpi","Jan25_15-51-04_2024_up0.8_dwn0.2_salth0.7","computer_vision","3","39.22"
"94","009-W2021010-311_R2_5dpi","Jan29_16-28-38_2024_up0.8_dwn0.3_salth0.7","computer_vision","2","19.54"
"95","009-W2021010-311_R2_5dpi","NW","human","3","12"
"96","009-W2021010-311_R2_5dpi","Feb01_00-00-41_2024_up0.8_dwn0.3_salth0.7","computer_vision","3","19.6"
"97","009-W2021010-311_R2_5dpi","Feb01_00-00-41_2024_up0.7_dwn0.3_salth0.7","computer_vision","3","21.7"
"98","009-W2021010-311_R2_5dpi","Feb03_04-58-39_2024_up0.8_dwn0.3_salth0.7","computer_vision","2","18.87"
"99","010-W2021010-347_R2_5dpi","TB","human","3","40"
"100","010-W2021010-347_R2_5dpi","MW","human","3","25"
"101","010-W2021010-347_R2_5dpi","BR","human","3","38"
"102","010-W2021010-347_R2_5dpi","CC","human","3","35"
"103","010-W2021010-347_R2_5dpi","DG","human","3","5"
"104","010-W2021010-347_R2_5dpi","Aug31_03-06-57_2023_up0.8_dwn0.2_salth0.7","computer_vision","3","15.01"
"105","010-W2021010-347_R2_5dpi","May10_16-42-59_2021_up0.8_dwn0.2_salth0.7","computer_vision","2","8.12"
"106","010-W2021010-347_R2_5dpi","May11_00-29-56_2021_up0.8_dwn0.2_salth0.7","computer_vision","2","9.54"
"107","010-W2021010-347_R2_5dpi","Jan25_15-51-04_2024_up0.8_dwn0.2_salth0.7","computer_vision","3","12.02"
"108","010-W2021010-347_R2_5dpi","Jan29_16-28-38_2024_up0.8_dwn0.3_salth0.7","computer_vision","2","23.82"
"109","010-W2021010-347_R2_5dpi","NW","human","3","30.05"
"110","010-W2021010-347_R2_5dpi","Feb01_00-00-41_2024_up0.8_dwn0.3_salth0.7","computer_vision","3","22.03"
"111","010-W2021010-347_R2_5dpi","Feb01_00-00-41_2024_up0.7_dwn0.3_salth0.7","computer_vision","3","23.88"
"112","010-W2021010-347_R2_5dpi","Feb03_04-58-39_2024_up0.8_dwn0.3_salth0.7","computer_vision","2","25.8"
"113","012-W2021011-458_R2_10dpi","MW","human","3","0"
"114","012-W2021011-458_R2_10dpi","BR","human","3","0"
"115","012-W2021011-458_R2_10dpi","CC","human","3","0"
"116","012-W2021011-458_R2_10dpi","DG","human","3","0"
"117","012-W2021011-458_R2_10dpi","Aug31_03-06-57_2023_up0.8_dwn0.2_salth0.7","computer_vision","3","0.14"
"118","012-W2021011-458_R2_10dpi","May10_16-42-59_2021_up0.8_dwn0.2_salth0.7","computer_vision","2","2.8"
"119","012-W2021011-458_R2_10dpi","May11_00-29-56_2021_up0.8_dwn0.2_salth0.7","computer_vision","2","12.46"
"120","012-W2021011-458_R2_10dpi","Jan25_15-51-04_2024_up0.8_dwn0.2_salth0.7","computer_vision","3","0.28"
"121","012-W2021011-458_R2_10dpi","Jan29_16-28-38_2024_up0.8_dwn0.3_salth0.7","computer_vision","2","0.15"
"122","012-W2021011-458_R2_10dpi","TB","human","3","0"
"123","012-W2021011-458_R2_10dpi","NW","human","3","0"
"124","012-W2021011-458_R2_10dpi","Feb01_00-00-41_2024_up0.8_dwn0.3_salth0.7","computer_vision","3","0"
"125","012-W2021011-458_R2_10dpi","Feb01_00-00-41_2024_up0.7_dwn0.3_salth0.7","computer_vision","3","0.15"
"126","012-W2021011-458_R2_10dpi","Feb03_04-58-39_2024_up0.8_dwn0.3_salth0.7","computer_vision","2","0"
"127","013-W2021009-172_R1_10dpi","MW","human","3","7"
"128","013-W2021009-172_R1_10dpi","BR","human","3","5"
"129","013-W2021009-172_R1_10dpi","CC","human","3","4"
"130","013-W2021009-172_R1_10dpi","DG","human","3","2"
"131","013-W2021009-172_R1_10dpi","Aug31_03-06-57_2023_up0.8_dwn0.2_salth0.7","computer_vision","3","1.63"
"132","013-W2021009-172_R1_10dpi","May10_16-42-59_2021_up0.8_dwn0.2_salth0.7","computer_vision","2","0.93"
"133","013-W2021009-172_R1_10dpi","May11_00-29-56_2021_up0.8_dwn0.2_salth0.7","computer_vision","2","0.4"
"134","013-W2021009-172_R1_10dpi","Jan25_15-51-04_2024_up0.8_dwn0.2_salth0.7","computer_vision","3","0.74"
"135","013-W2021009-172_R1_10dpi","Jan29_16-28-38_2024_up0.8_dwn0.3_salth0.7","computer_vision","2","6.81"
"136","013-W2021009-172_R1_10dpi","TB","human","3","8"
"137","013-W2021009-172_R1_10dpi","NW","human","3","0"
"138","013-W2021009-172_R1_10dpi","Feb01_00-00-41_2024_up0.8_dwn0.3_salth0.7","computer_vision","3","3.49"
"139","013-W2021009-172_R1_10dpi","Feb01_00-00-41_2024_up0.7_dwn0.3_salth0.7","computer_vision","3","5.23"
"140","013-W2021009-172_R1_10dpi","Feb03_04-58-39_2024_up0.8_dwn0.3_salth0.7","computer_vision","2","27.84"
"141","013-W2021009-172_R2_5dpi","TB","human","3","0"
"142","013-W2021009-172_R2_5dpi","MW","human","3","0"
"143","013-W2021009-172_R2_5dpi","BR","human","3","0"
"144","013-W2021009-172_R2_5dpi","CC","human","3","0"
"145","013-W2021009-172_R2_5dpi","DG","human","3","0"
"146","013-W2021009-172_R2_5dpi","Aug31_03-06-57_2023_up0.8_dwn0.2_salth0.7","computer_vision","3","0.14"
"147","013-W2021009-172_R2_5dpi","May10_16-42-59_2021_up0.8_dwn0.2_salth0.7","computer_vision","2","1.11"
"148","013-W2021009-172_R2_5dpi","May11_00-29-56_2021_up0.8_dwn0.2_salth0.7","computer_vision","2","1.11"
"149","013-W2021009-172_R2_5dpi","Jan25_15-51-04_2024_up0.8_dwn0.2_salth0.7","computer_vision","3","0.15"
"150","013-W2021009-172_R2_5dpi","Jan29_16-28-38_2024_up0.8_dwn0.3_salth0.7","computer_vision","2","0.3"
"151","013-W2021009-172_R2_5dpi","NW","human","3","0"
"152","013-W2021009-172_R2_5dpi","Feb01_00-00-41_2024_up0.8_dwn0.3_salth0.7","computer_vision","3","0.3"
"153","013-W2021009-172_R2_5dpi","Feb01_00-00-41_2024_up0.7_dwn0.3_salth0.7","computer_vision","3","0.44"
"154","013-W2021009-172_R2_5dpi","Feb03_04-58-39_2024_up0.8_dwn0.3_salth0.7","computer_vision","2","0.45"
"155","013-W2021011-633_R2_10dpi","MW","human","3","40"
"156","013-W2021011-633_R2_10dpi","BR","human","3","25"
"157","013-W2021011-633_R2_10dpi","CC","human","3","35"
"158","013-W2021011-633_R2_10dpi","DG","human","3","5"
"159","013-W2021011-633_R2_10dpi","Aug31_03-06-57_2023_up0.8_dwn0.2_salth0.7","computer_vision","3","16.45"
"160","013-W2021011-633_R2_10dpi","May10_16-42-59_2021_up0.8_dwn0.2_salth0.7","computer_vision","2","38.37"
"161","013-W2021011-633_R2_10dpi","May11_00-29-56_2021_up0.8_dwn0.2_salth0.7","computer_vision","2","45.72"
"162","013-W2021011-633_R2_10dpi","Jan25_15-51-04_2024_up0.8_dwn0.2_salth0.7","computer_vision","3","15.73"
"163","013-W2021011-633_R2_10dpi","Jan29_16-28-38_2024_up0.8_dwn0.3_salth0.7","computer_vision","2","26.39"
"164","013-W2021011-633_R2_10dpi","TB","human","3","50"
"165","013-W2021011-633_R2_10dpi","NW","human","3","30"
"166","013-W2021011-633_R2_10dpi","Feb01_00-00-41_2024_up0.8_dwn0.3_salth0.7","computer_vision","3","19.72"
"167","013-W2021011-633_R2_10dpi","Feb01_00-00-41_2024_up0.7_dwn0.3_salth0.7","computer_vision","3","21.54"
"168","013-W2021011-633_R2_10dpi","Feb03_04-58-39_2024_up0.8_dwn0.3_salth0.7","computer_vision","2","21.09"
"169","015-W2021009-160_R1_5dpi","TB","human","3","35"
"170","015-W2021009-160_R1_5dpi","MW","human","3","15"
"171","015-W2021009-160_R1_5dpi","BR","human","3","13"
"172","015-W2021009-160_R1_5dpi","CC","human","3","8"
"173","015-W2021009-160_R1_5dpi","DG","human","3","1"
"174","015-W2021009-160_R1_5dpi","Aug31_03-06-57_2023_up0.8_dwn0.2_salth0.7","computer_vision","3","20.97"
"175","015-W2021009-160_R1_5dpi","May10_16-42-59_2021_up0.8_dwn0.2_salth0.7","computer_vision","2","15.44"
"176","015-W2021009-160_R1_5dpi","May11_00-29-56_2021_up0.8_dwn0.2_salth0.7","computer_vision","2","18.76"
"177","015-W2021009-160_R1_5dpi","Jan25_15-51-04_2024_up0.8_dwn0.2_salth0.7","computer_vision","3","13.59"
"178","015-W2021009-160_R1_5dpi","Jan29_16-28-38_2024_up0.8_dwn0.3_salth0.7","computer_vision","2","17.45"
"179","015-W2021009-160_R1_5dpi","NW","human","3","0"
"180","015-W2021009-160_R1_5dpi","Feb01_00-00-41_2024_up0.8_dwn0.3_salth0.7","computer_vision","3","20.32"
"181","015-W2021009-160_R1_5dpi","Feb01_00-00-41_2024_up0.7_dwn0.3_salth0.7","computer_vision","3","23.01"
"182","015-W2021009-160_R1_5dpi","Feb03_04-58-39_2024_up0.8_dwn0.3_salth0.7","computer_vision","2","19.47"
"183","015-W2021010-355_R2_10dpi","MW","human","3","4"
"184","015-W2021010-355_R2_10dpi","BR","human","3","0"
"185","015-W2021010-355_R2_10dpi","CC","human","3","2"
"186","015-W2021010-355_R2_10dpi","DG","human","3","0"
"187","015-W2021010-355_R2_10dpi","Aug31_03-06-57_2023_up0.8_dwn0.2_salth0.7","computer_vision","3","1.92"
"188","015-W2021010-355_R2_10dpi","May10_16-42-59_2021_up0.8_dwn0.2_salth0.7","computer_vision","2","0.14"
"189","015-W2021010-355_R2_10dpi","May11_00-29-56_2021_up0.8_dwn0.2_salth0.7","computer_vision","2","0.14"
"190","015-W2021010-355_R2_10dpi","Jan25_15-51-04_2024_up0.8_dwn0.2_salth0.7","computer_vision","3","0.85"
"191","015-W2021010-355_R2_10dpi","Jan29_16-28-38_2024_up0.8_dwn0.3_salth0.7","computer_vision","2","6.2"
"192","015-W2021010-355_R2_10dpi","TB","human","3","25"
"193","015-W2021010-355_R2_10dpi","NW","human","3","0"
"194","015-W2021010-355_R2_10dpi","Feb01_00-00-41_2024_up0.8_dwn0.3_salth0.7","computer_vision","3","1.55"
"195","015-W2021010-355_R2_10dpi","Feb01_00-00-41_2024_up0.7_dwn0.3_salth0.7","computer_vision","3","2.73"
"196","015-W2021010-355_R2_10dpi","Feb03_04-58-39_2024_up0.8_dwn0.3_salth0.7","computer_vision","2","2.47"
"197","015-W2021011-633_R1_5dpi","TB","human","3","20"
"198","015-W2021011-633_R1_5dpi","MW","human","3","18"
"199","015-W2021011-633_R1_5dpi","BR","human","3","23"
"200","015-W2021011-633_R1_5dpi","CC","human","3","15"
"201","015-W2021011-633_R1_5dpi","DG","human","3","5"
"202","015-W2021011-633_R1_5dpi","Aug31_03-06-57_2023_up0.8_dwn0.2_salth0.7","computer_vision","3","11.99"
"203","015-W2021011-633_R1_5dpi","May10_16-42-59_2021_up0.8_dwn0.2_salth0.7","computer_vision","2","2.79"
"204","015-W2021011-633_R1_5dpi","May11_00-29-56_2021_up0.8_dwn0.2_salth0.7","computer_vision","2","8.75"
"205","015-W2021011-633_R1_5dpi","Jan25_15-51-04_2024_up0.8_dwn0.2_salth0.7","computer_vision","3","8.01"
"206","015-W2021011-633_R1_5dpi","Jan29_16-28-38_2024_up0.8_dwn0.3_salth0.7","computer_vision","2","16.33"
"207","015-W2021011-633_R1_5dpi","NW","human","3","0"
"208","015-W2021011-633_R1_5dpi","Feb01_00-00-41_2024_up0.8_dwn0.3_salth0.7","computer_vision","3","13.62"
"209","015-W2021011-633_R1_5dpi","Feb01_00-00-41_2024_up0.7_dwn0.3_salth0.7","computer_vision","3","15.78"
"210","015-W2021011-633_R1_5dpi","Feb03_04-58-39_2024_up0.8_dwn0.3_salth0.7","computer_vision","2","14.63"
"211","017-W2021006-612_R2_5dpi","TB","human","3","55"
"212","017-W2021006-612_R2_5dpi","MW","human","3","30"
"213","017-W2021006-612_R2_5dpi","BR","human","3","40"
"214","017-W2021006-612_R2_5dpi","CC","human","3","30"
"215","017-W2021006-612_R2_5dpi","DG","human","3","5"
"216","017-W2021006-612_R2_5dpi","Aug31_03-06-57_2023_up0.8_dwn0.2_salth0.7","computer_vision","3","31.08"
"217","017-W2021006-612_R2_5dpi","May10_16-42-59_2021_up0.8_dwn0.2_salth0.7","computer_vision","2","8.22"
"218","017-W2021006-612_R2_5dpi","May11_00-29-56_2021_up0.8_dwn0.2_salth0.7","computer_vision","2","13.67"
"219","017-W2021006-612_R2_5dpi","Jan25_15-51-04_2024_up0.8_dwn0.2_salth0.7","computer_vision","3","19.31"
"220","017-W2021006-612_R2_5dpi","Jan29_16-28-38_2024_up0.8_dwn0.3_salth0.7","computer_vision","2","30.98"
"221","017-W2021006-612_R2_5dpi","NW","human","3","20"
"222","017-W2021006-612_R2_5dpi","Feb01_00-00-41_2024_up0.8_dwn0.3_salth0.7","computer_vision","3","24.9"
"223","017-W2021006-612_R2_5dpi","Feb01_00-00-41_2024_up0.7_dwn0.3_salth0.7","computer_vision","3","27.52"
"224","017-W2021006-612_R2_5dpi","Feb03_04-58-39_2024_up0.8_dwn0.3_salth0.7","computer_vision","2","21.67"
"225","017-W2021010-405_R2_10dpi","MW","human","3","0"
"226","017-W2021010-405_R2_10dpi","BR","human","3","0"
"227","017-W2021010-405_R2_10dpi","CC","human","3","0"
"228","017-W2021010-405_R2_10dpi","DG","human","3","0"
"229","017-W2021010-405_R2_10dpi","Aug31_03-06-57_2023_up0.8_dwn0.2_salth0.7","computer_vision","3","0.28"
"230","017-W2021010-405_R2_10dpi","May10_16-42-59_2021_up0.8_dwn0.2_salth0.7","computer_vision","2","3.14"
"231","017-W2021010-405_R2_10dpi","May11_00-29-56_2021_up0.8_dwn0.2_salth0.7","computer_vision","2","3.78"
"232","017-W2021010-405_R2_10dpi","Jan25_15-51-04_2024_up0.8_dwn0.2_salth0.7","computer_vision","3","0.45"
"233","017-W2021010-405_R2_10dpi","Jan29_16-28-38_2024_up0.8_dwn0.3_salth0.7","computer_vision","2","0.29"
"234","017-W2021010-405_R2_10dpi","TB","human","3","0"
"235","017-W2021010-405_R2_10dpi","NW","human","3","0"
"236","017-W2021010-405_R2_10dpi","Feb01_00-00-41_2024_up0.8_dwn0.3_salth0.7","computer_vision","3","0"
"237","017-W2021010-405_R2_10dpi","Feb01_00-00-41_2024_up0.7_dwn0.3_salth0.7","computer_vision","3","0.29"
"238","017-W2021010-405_R2_10dpi","Feb03_04-58-39_2024_up0.8_dwn0.3_salth0.7","computer_vision","2","0.15"
"239","018-W2021010-405_R1_10dpi","MW","human","3","0"
"240","018-W2021010-405_R1_10dpi","BR","human","3","0"
"241","018-W2021010-405_R1_10dpi","CC","human","3","0"
"242","018-W2021010-405_R1_10dpi","DG","human","3","0"
"243","018-W2021010-405_R1_10dpi","Aug31_03-06-57_2023_up0.8_dwn0.2_salth0.7","computer_vision","3","2.2"
"244","018-W2021010-405_R1_10dpi","May10_16-42-59_2021_up0.8_dwn0.2_salth0.7","computer_vision","2","70.78"
"245","018-W2021010-405_R1_10dpi","May11_00-29-56_2021_up0.8_dwn0.2_salth0.7","computer_vision","2","66.96"
"246","018-W2021010-405_R1_10dpi","Jan25_15-51-04_2024_up0.8_dwn0.2_salth0.7","computer_vision","3","3.13"
"247","018-W2021010-405_R1_10dpi","Jan29_16-28-38_2024_up0.8_dwn0.3_salth0.7","computer_vision","2","5.86"
"248","018-W2021010-405_R1_10dpi","TB","human","3","0"
"249","018-W2021010-405_R1_10dpi","NW","human","3","0"
"250","018-W2021010-405_R1_10dpi","Feb01_00-00-41_2024_up0.8_dwn0.3_salth0.7","computer_vision","3","0.58"
"251","018-W2021010-405_R1_10dpi","Feb01_00-00-41_2024_up0.7_dwn0.3_salth0.7","computer_vision","3","1.44"
"252","018-W2021010-405_R1_10dpi","Feb03_04-58-39_2024_up0.8_dwn0.3_salth0.7","computer_vision","2","2.16"
"253","018-W2021010-405_R2_10dpi","MW","human","3","0"
"254","018-W2021010-405_R2_10dpi","BR","human","3","0"
"255","018-W2021010-405_R2_10dpi","CC","human","3","0"
"256","018-W2021010-405_R2_10dpi","DG","human","3","0"
"257","018-W2021010-405_R2_10dpi","Aug31_03-06-57_2023_up0.8_dwn0.2_salth0.7","computer_vision","3","0"
"258","018-W2021010-405_R2_10dpi","May10_16-42-59_2021_up0.8_dwn0.2_salth0.7","computer_vision","2","2.32"
"259","018-W2021010-405_R2_10dpi","May11_00-29-56_2021_up0.8_dwn0.2_salth0.7","computer_vision","2","8.57"
"260","018-W2021010-405_R2_10dpi","Jan25_15-51-04_2024_up0.8_dwn0.2_salth0.7","computer_vision","3","0.15"
"261","018-W2021010-405_R2_10dpi","Jan29_16-28-38_2024_up0.8_dwn0.3_salth0.7","computer_vision","2","0"
"262","018-W2021010-405_R2_10dpi","TB","human","3","0"
"263","018-W2021010-405_R2_10dpi","NW","human","3","0"
"264","018-W2021010-405_R2_10dpi","Feb01_00-00-41_2024_up0.8_dwn0.3_salth0.7","computer_vision","3","0.15"
"265","018-W2021010-405_R2_10dpi","Feb01_00-00-41_2024_up0.7_dwn0.3_salth0.7","computer_vision","3","0.15"
"266","018-W2021010-405_R2_10dpi","Feb03_04-58-39_2024_up0.8_dwn0.3_salth0.7","computer_vision","2","0.61"
"267","019-W2021010-428_R2_5dpi","TB","human","3","1"
"268","019-W2021010-428_R2_5dpi","MW","human","3","0"
"269","019-W2021010-428_R2_5dpi","BR","human","3","0"
"270","019-W2021010-428_R2_5dpi","CC","human","3","0"
"271","019-W2021010-428_R2_5dpi","DG","human","3","0"
"272","019-W2021010-428_R2_5dpi","Aug31_03-06-57_2023_up0.8_dwn0.2_salth0.7","computer_vision","3","1.35"
"273","019-W2021010-428_R2_5dpi","May10_16-42-59_2021_up0.8_dwn0.2_salth0.7","computer_vision","2","2.11"
"274","019-W2021010-428_R2_5dpi","May11_00-29-56_2021_up0.8_dwn0.2_salth0.7","computer_vision","2","2.26"
"275","019-W2021010-428_R2_5dpi","Jan25_15-51-04_2024_up0.8_dwn0.2_salth0.7","computer_vision","3","1.71"
"276","019-W2021010-428_R2_5dpi","Jan29_16-28-38_2024_up0.8_dwn0.3_salth0.7","computer_vision","2","0"
"277","019-W2021010-428_R2_5dpi","NW","human","3","0"
"278","019-W2021010-428_R2_5dpi","Feb01_00-00-41_2024_up0.8_dwn0.3_salth0.7","computer_vision","3","0"
"279","019-W2021010-428_R2_5dpi","Feb01_00-00-41_2024_up0.7_dwn0.3_salth0.7","computer_vision","3","0"
"280","019-W2021010-428_R2_5dpi","Feb03_04-58-39_2024_up0.8_dwn0.3_salth0.7","computer_vision","2","0"
"281","021-W2021009-175_R1_5dpi","TB","human","3","3"
"282","021-W2021009-175_R1_5dpi","MW","human","3","4"
"283","021-W2021009-175_R1_5dpi","BR","human","3","7"
"284","021-W2021009-175_R1_5dpi","CC","human","3","6"
"285","021-W2021009-175_R1_5dpi","DG","human","3","2"
"286","021-W2021009-175_R1_5dpi","Aug31_03-06-57_2023_up0.8_dwn0.2_salth0.7","computer_vision","3","0.28"
"287","021-W2021009-175_R1_5dpi","May10_16-42-59_2021_up0.8_dwn0.2_salth0.7","computer_vision","2","1.26"
"288","021-W2021009-175_R1_5dpi","May11_00-29-56_2021_up0.8_dwn0.2_salth0.7","computer_vision","2","1.7"
"289","021-W2021009-175_R1_5dpi","Jan25_15-51-04_2024_up0.8_dwn0.2_salth0.7","computer_vision","3","0.76"
"290","021-W2021009-175_R1_5dpi","Jan29_16-28-38_2024_up0.8_dwn0.3_salth0.7","computer_vision","2","1.73"
"291","021-W2021009-175_R1_5dpi","NW","human","3","0"
"292","021-W2021009-175_R1_5dpi","Feb01_00-00-41_2024_up0.8_dwn0.3_salth0.7","computer_vision","3","1.16"
"293","021-W2021009-175_R1_5dpi","Feb01_00-00-41_2024_up0.7_dwn0.3_salth0.7","computer_vision","3","1.3"
"294","021-W2021009-175_R1_5dpi","Feb03_04-58-39_2024_up0.8_dwn0.3_salth0.7","computer_vision","2","1.77"
"295","022-W2021009-198_R2_5dpi","TB","human","3","1"
"296","022-W2021009-198_R2_5dpi","MW","human","3","1"
"297","022-W2021009-198_R2_5dpi","BR","human","3","5"
"298","022-W2021009-198_R2_5dpi","CC","human","3","0"
"299","022-W2021009-198_R2_5dpi","DG","human","3","0"
"300","022-W2021009-198_R2_5dpi","Aug31_03-06-57_2023_up0.8_dwn0.2_salth0.7","computer_vision","3","38.17"
"301","022-W2021009-198_R2_5dpi","May10_16-42-59_2021_up0.8_dwn0.2_salth0.7","computer_vision","2","0.83"
"302","022-W2021009-198_R2_5dpi","May11_00-29-56_2021_up0.8_dwn0.2_salth0.7","computer_vision","2","1.65"
"303","022-W2021009-198_R2_5dpi","Jan25_15-51-04_2024_up0.8_dwn0.2_salth0.7","computer_vision","3","34.2"
"304","022-W2021009-198_R2_5dpi","Jan29_16-28-38_2024_up0.8_dwn0.3_salth0.7","computer_vision","2","14.11"
"305","022-W2021009-198_R2_5dpi","NW","human","3","0"
"306","022-W2021009-198_R2_5dpi","Feb01_00-00-41_2024_up0.8_dwn0.3_salth0.7","computer_vision","3","41.3"
"307","022-W2021009-198_R2_5dpi","Feb01_00-00-41_2024_up0.7_dwn0.3_salth0.7","computer_vision","3","43.88"
"308","022-W2021009-198_R2_5dpi","Feb03_04-58-39_2024_up0.8_dwn0.3_salth0.7","computer_vision","2","12.22"
"309","023-W2021006-049_R1_5dpi","TB","human","3","7"
"310","023-W2021006-049_R1_5dpi","MW","human","3","10"
"311","023-W2021006-049_R1_5dpi","BR","human","3","25"
"312","023-W2021006-049_R1_5dpi","CC","human","3","20"
"313","023-W2021006-049_R1_5dpi","DG","human","3","4"
"314","023-W2021006-049_R1_5dpi","Aug31_03-06-57_2023_up0.8_dwn0.2_salth0.7","computer_vision","3","8.55"
"315","023-W2021006-049_R1_5dpi","May10_16-42-59_2021_up0.8_dwn0.2_salth0.7","computer_vision","2","10.02"
"316","023-W2021006-049_R1_5dpi","May11_00-29-56_2021_up0.8_dwn0.2_salth0.7","computer_vision","2","14.35"
"317","023-W2021006-049_R1_5dpi","Jan25_15-51-04_2024_up0.8_dwn0.2_salth0.7","computer_vision","3","9.04"
"318","023-W2021006-049_R1_5dpi","Jan29_16-28-38_2024_up0.8_dwn0.3_salth0.7","computer_vision","2","13.1"
"319","023-W2021006-049_R1_5dpi","NW","human","3","15"
"320","023-W2021006-049_R1_5dpi","Feb01_00-00-41_2024_up0.8_dwn0.3_salth0.7","computer_vision","3","13.81"
"321","023-W2021006-049_R1_5dpi","Feb01_00-00-41_2024_up0.7_dwn0.3_salth0.7","computer_vision","3","15.48"
"322","023-W2021006-049_R1_5dpi","Feb03_04-58-39_2024_up0.8_dwn0.3_salth0.7","computer_vision","2","14.75"
"323","023-W2021010-305_R2_5dpi","TB","human","3","4"
"324","023-W2021010-305_R2_5dpi","MW","human","3","1"
"325","023-W2021010-305_R2_5dpi","BR","human","3","5"
"326","023-W2021010-305_R2_5dpi","CC","human","3","2"
"327","023-W2021010-305_R2_5dpi","DG","human","3","1"
"328","023-W2021010-305_R2_5dpi","Aug31_03-06-57_2023_up0.8_dwn0.2_salth0.7","computer_vision","3","6.25"
"329","023-W2021010-305_R2_5dpi","May10_16-42-59_2021_up0.8_dwn0.2_salth0.7","computer_vision","2","3.2"
"330","023-W2021010-305_R2_5dpi","May11_00-29-56_2021_up0.8_dwn0.2_salth0.7","computer_vision","2","5.03"
"331","023-W2021010-305_R2_5dpi","Jan25_15-51-04_2024_up0.8_dwn0.2_salth0.7","computer_vision","3","6.07"
"332","023-W2021010-305_R2_5dpi","Jan29_16-28-38_2024_up0.8_dwn0.3_salth0.7","computer_vision","2","4.13"
"333","023-W2021010-305_R2_5dpi","NW","human","3","0"
"334","023-W2021010-305_R2_5dpi","Feb01_00-00-41_2024_up0.8_dwn0.3_salth0.7","computer_vision","3","4.29"
"335","023-W2021010-305_R2_5dpi","Feb01_00-00-41_2024_up0.7_dwn0.3_salth0.7","computer_vision","3","5.58"
"336","023-W2021010-305_R2_5dpi","Feb03_04-58-39_2024_up0.8_dwn0.3_salth0.7","computer_vision","2","1.66"
"337","025-W2021009-622_R1_10dpi","MW","human","3","85"
"338","025-W2021009-622_R1_10dpi","BR","human","3","75"
"339","025-W2021009-622_R1_10dpi","CC","human","3","80"
"340","025-W2021009-622_R1_10dpi","DG","human","3","60"
"341","025-W2021009-622_R1_10dpi","Aug31_03-06-57_2023_up0.8_dwn0.2_salth0.7","computer_vision","3","73.14"
"342","025-W2021009-622_R1_10dpi","May10_16-42-59_2021_up0.8_dwn0.2_salth0.7","computer_vision","2","19.32"
"343","025-W2021009-622_R1_10dpi","May11_00-29-56_2021_up0.8_dwn0.2_salth0.7","computer_vision","2","29.2"
"344","025-W2021009-622_R1_10dpi","Jan25_15-51-04_2024_up0.8_dwn0.2_salth0.7","computer_vision","3","81.34"
"345","025-W2021009-622_R1_10dpi","Jan29_16-28-38_2024_up0.8_dwn0.3_salth0.7","computer_vision","2","82.64"
"346","025-W2021009-622_R1_10dpi","TB","human","3","90"
"347","025-W2021009-622_R1_10dpi","NW","human","3","95"
"348","025-W2021009-622_R1_10dpi","Feb01_00-00-41_2024_up0.8_dwn0.3_salth0.7","computer_vision","3","73.74"
"349","025-W2021009-622_R1_10dpi","Feb01_00-00-41_2024_up0.7_dwn0.3_salth0.7","computer_vision","3","77.32"
"350","025-W2021009-622_R1_10dpi","Feb03_04-58-39_2024_up0.8_dwn0.3_salth0.7","computer_vision","2","87.75"
"351","026-W2021009-622_R2_5dpi","TB","human","3","15"
"352","026-W2021009-622_R2_5dpi","MW","human","3","31"
"353","026-W2021009-622_R2_5dpi","BR","human","3","25"
"354","026-W2021009-622_R2_5dpi","CC","human","3","8"
"355","026-W2021009-622_R2_5dpi","DG","human","3","4"
"356","026-W2021009-622_R2_5dpi","Aug31_03-06-57_2023_up0.8_dwn0.2_salth0.7","computer_vision","3","15.74"
"357","026-W2021009-622_R2_5dpi","May10_16-42-59_2021_up0.8_dwn0.2_salth0.7","computer_vision","2","2.92"
"358","026-W2021009-622_R2_5dpi","May11_00-29-56_2021_up0.8_dwn0.2_salth0.7","computer_vision","2","8.25"
"359","026-W2021009-622_R2_5dpi","Jan25_15-51-04_2024_up0.8_dwn0.2_salth0.7","computer_vision","3","10.06"
"360","026-W2021009-622_R2_5dpi","Jan29_16-28-38_2024_up0.8_dwn0.3_salth0.7","computer_vision","2","13.85"
"361","026-W2021009-622_R2_5dpi","NW","human","3","10"
"362","026-W2021009-622_R2_5dpi","Feb01_00-00-41_2024_up0.8_dwn0.3_salth0.7","computer_vision","3","16.29"
"363","026-W2021009-622_R2_5dpi","Feb01_00-00-41_2024_up0.7_dwn0.3_salth0.7","computer_vision","3","18.4"
"364","026-W2021009-622_R2_5dpi","Feb03_04-58-39_2024_up0.8_dwn0.3_salth0.7","computer_vision","2","20.98"
"365","026-W2021010-346_R2_10dpi","MW","human","3","0"
"366","026-W2021010-346_R2_10dpi","BR","human","3","0"
"367","026-W2021010-346_R2_10dpi","CC","human","3","0"
"368","026-W2021010-346_R2_10dpi","DG","human","3","0"
"369","026-W2021010-346_R2_10dpi","Aug31_03-06-57_2023_up0.8_dwn0.2_salth0.7","computer_vision","3","0.92"
"370","026-W2021010-346_R2_10dpi","May10_16-42-59_2021_up0.8_dwn0.2_salth0.7","computer_vision","2","0.39"
"371","026-W2021010-346_R2_10dpi","May11_00-29-56_2021_up0.8_dwn0.2_salth0.7","computer_vision","2","1.86"
"372","026-W2021010-346_R2_10dpi","Jan25_15-51-04_2024_up0.8_dwn0.2_salth0.7","computer_vision","3","0.41"
"373","026-W2021010-346_R2_10dpi","Jan29_16-28-38_2024_up0.8_dwn0.3_salth0.7","computer_vision","2","0.14"
"374","026-W2021010-346_R2_10dpi","TB","human","3","5"
"375","026-W2021010-346_R2_10dpi","NW","human","3","0"
"376","026-W2021010-346_R2_10dpi","Feb01_00-00-41_2024_up0.8_dwn0.3_salth0.7","computer_vision","3","0.14"
"377","026-W2021010-346_R2_10dpi","Feb01_00-00-41_2024_up0.7_dwn0.3_salth0.7","computer_vision","3","0.27"
"378","026-W2021010-346_R2_10dpi","Feb03_04-58-39_2024_up0.8_dwn0.3_salth0.7","computer_vision","2","0.42"
"379","027-W2021009-622_R2_10dpi","MW","human","3","80"
"380","027-W2021009-622_R2_10dpi","BR","human","3","50"
"381","027-W2021009-622_R2_10dpi","CC","human","3","40"
"382","027-W2021009-622_R2_10dpi","DG","human","3","15"
"383","027-W2021009-622_R2_10dpi","Aug31_03-06-57_2023_up0.8_dwn0.2_salth0.7","computer_vision","3","35.53"
"384","027-W2021009-622_R2_10dpi","May10_16-42-59_2021_up0.8_dwn0.2_salth0.7","computer_vision","2","19.35"
"385","027-W2021009-622_R2_10dpi","May11_00-29-56_2021_up0.8_dwn0.2_salth0.7","computer_vision","2","28.64"
"386","027-W2021009-622_R2_10dpi","Jan25_15-51-04_2024_up0.8_dwn0.2_salth0.7","computer_vision","3","43.27"
"387","027-W2021009-622_R2_10dpi","Jan29_16-28-38_2024_up0.8_dwn0.3_salth0.7","computer_vision","2","56.33"
"388","027-W2021009-622_R2_10dpi","TB","human","3","80"
"389","027-W2021009-622_R2_10dpi","NW","human","3","50"
"390","027-W2021009-622_R2_10dpi","Feb01_00-00-41_2024_up0.8_dwn0.3_salth0.7","computer_vision","3","44.82"
"391","027-W2021009-622_R2_10dpi","Feb01_00-00-41_2024_up0.7_dwn0.3_salth0.7","computer_vision","3","49.09"
"392","027-W2021009-622_R2_10dpi","Feb03_04-58-39_2024_up0.8_dwn0.3_salth0.7","computer_vision","2","58.21"
"393","028-W2021010-354_R2_10dpi","MW","human","3","15"
"394","028-W2021010-354_R2_10dpi","BR","human","3","10"
"395","028-W2021010-354_R2_10dpi","CC","human","3","35"
"396","028-W2021010-354_R2_10dpi","DG","human","3","5"
"397","028-W2021010-354_R2_10dpi","Aug31_03-06-57_2023_up0.8_dwn0.2_salth0.7","computer_vision","3","13.69"
"398","028-W2021010-354_R2_10dpi","May10_16-42-59_2021_up0.8_dwn0.2_salth0.7","computer_vision","2","8.3"
"399","028-W2021010-354_R2_10dpi","May11_00-29-56_2021_up0.8_dwn0.2_salth0.7","computer_vision","2","13.08"
"400","028-W2021010-354_R2_10dpi","Jan25_15-51-04_2024_up0.8_dwn0.2_salth0.7","computer_vision","3","14.39"
"401","028-W2021010-354_R2_10dpi","Jan29_16-28-38_2024_up0.8_dwn0.3_salth0.7","computer_vision","2","20"
"402","028-W2021010-354_R2_10dpi","TB","human","3","40"
"403","028-W2021010-354_R2_10dpi","NW","human","3","20"
"404","028-W2021010-354_R2_10dpi","Feb01_00-00-41_2024_up0.8_dwn0.3_salth0.7","computer_vision","3","16.8"
"405","028-W2021010-354_R2_10dpi","Feb01_00-00-41_2024_up0.7_dwn0.3_salth0.7","computer_vision","3","18.92"
"406","028-W2021010-354_R2_10dpi","Feb03_04-58-39_2024_up0.8_dwn0.3_salth0.7","computer_vision","2","19.43"
"407","029-W2021010-354_R1_10dpi","MW","human","3","45"
"408","029-W2021010-354_R1_10dpi","BR","human","3","40"
"409","029-W2021010-354_R1_10dpi","CC","human","3","60"
"410","029-W2021010-354_R1_10dpi","DG","human","3","18"
"411","029-W2021010-354_R1_10dpi","Aug31_03-06-57_2023_up0.8_dwn0.2_salth0.7","computer_vision","3","32.65"
"412","029-W2021010-354_R1_10dpi","May10_16-42-59_2021_up0.8_dwn0.2_salth0.7","computer_vision","2","34.94"
"413","029-W2021010-354_R1_10dpi","May11_00-29-56_2021_up0.8_dwn0.2_salth0.7","computer_vision","2","34.21"
"414","029-W2021010-354_R1_10dpi","Jan25_15-51-04_2024_up0.8_dwn0.2_salth0.7","computer_vision","3","32.03"
"415","029-W2021010-354_R1_10dpi","Jan29_16-28-38_2024_up0.8_dwn0.3_salth0.7","computer_vision","2","54.59"
"416","029-W2021010-354_R1_10dpi","TB","human","3","80"
"417","029-W2021010-354_R1_10dpi","NW","human","3","35"
"418","029-W2021010-354_R1_10dpi","Feb01_00-00-41_2024_up0.8_dwn0.3_salth0.7","computer_vision","3","48.85"
"419","029-W2021010-354_R1_10dpi","Feb01_00-00-41_2024_up0.7_dwn0.3_salth0.7","computer_vision","3","53.29"
"420","029-W2021010-354_R1_10dpi","Feb03_04-58-39_2024_up0.8_dwn0.3_salth0.7","computer_vision","2","58.54"
"421","032-W2021006-041_R2_5dpi","TB","human","3","3"
"422","032-W2021006-041_R2_5dpi","MW","human","3","11"
"423","032-W2021006-041_R2_5dpi","BR","human","3","10"
"424","032-W2021006-041_R2_5dpi","CC","human","3","4"
"425","032-W2021006-041_R2_5dpi","DG","human","3","3"
"426","032-W2021006-041_R2_5dpi","Aug31_03-06-57_2023_up0.8_dwn0.2_salth0.7","computer_vision","3","3.55"
"427","032-W2021006-041_R2_5dpi","May10_16-42-59_2021_up0.8_dwn0.2_salth0.7","computer_vision","2","2.56"
"428","032-W2021006-041_R2_5dpi","May11_00-29-56_2021_up0.8_dwn0.2_salth0.7","computer_vision","2","3.47"
"429","032-W2021006-041_R2_5dpi","Jan25_15-51-04_2024_up0.8_dwn0.2_salth0.7","computer_vision","3","3.47"
"430","032-W2021006-041_R2_5dpi","Jan29_16-28-38_2024_up0.8_dwn0.3_salth0.7","computer_vision","2","6.7"
"431","032-W2021006-041_R2_5dpi","NW","human","3","0"
"432","032-W2021006-041_R2_5dpi","Feb01_00-00-41_2024_up0.8_dwn0.3_salth0.7","computer_vision","3","6.61"
"433","032-W2021006-041_R2_5dpi","Feb01_00-00-41_2024_up0.7_dwn0.3_salth0.7","computer_vision","3","7.93"
"434","032-W2021006-041_R2_5dpi","Feb03_04-58-39_2024_up0.8_dwn0.3_salth0.7","computer_vision","2","8.96"
"435","032-W2021009-155_R1_5dpi","TB","human","3","90"
"436","032-W2021009-155_R1_5dpi","MW","human","3","77"
"437","032-W2021009-155_R1_5dpi","BR","human","3","90"
"438","032-W2021009-155_R1_5dpi","CC","human","3","67"
"439","032-W2021009-155_R1_5dpi","DG","human","3","30"
"440","032-W2021009-155_R1_5dpi","Aug31_03-06-57_2023_up0.8_dwn0.2_salth0.7","computer_vision","3","84.32"
"441","032-W2021009-155_R1_5dpi","May10_16-42-59_2021_up0.8_dwn0.2_salth0.7","computer_vision","2","49.18"
"442","032-W2021009-155_R1_5dpi","May11_00-29-56_2021_up0.8_dwn0.2_salth0.7","computer_vision","2","73.87"
"443","032-W2021009-155_R1_5dpi","Jan25_15-51-04_2024_up0.8_dwn0.2_salth0.7","computer_vision","3","83.57"
"444","032-W2021009-155_R1_5dpi","Jan29_16-28-38_2024_up0.8_dwn0.3_salth0.7","computer_vision","2","79.56"
"445","032-W2021009-155_R1_5dpi","NW","human","3","80"
"446","032-W2021009-155_R1_5dpi","Feb01_00-00-41_2024_up0.8_dwn0.3_salth0.7","computer_vision","3","83.38"
"447","032-W2021009-155_R1_5dpi","Feb01_00-00-41_2024_up0.7_dwn0.3_salth0.7","computer_vision","3","83.89"
"448","032-W2021009-155_R1_5dpi","Feb03_04-58-39_2024_up0.8_dwn0.3_salth0.7","computer_vision","2","83.21"
"449","036-W2021006-047_R2_5dpi","TB","human","3","1"
"450","036-W2021006-047_R2_5dpi","MW","human","3","0"
"451","036-W2021006-047_R2_5dpi","BR","human","3","0"
"452","036-W2021006-047_R2_5dpi","CC","human","3","0"
"453","036-W2021006-047_R2_5dpi","DG","human","3","0"
"454","036-W2021006-047_R2_5dpi","Aug31_03-06-57_2023_up0.8_dwn0.2_salth0.7","computer_vision","3","0.15"
"455","036-W2021006-047_R2_5dpi","May10_16-42-59_2021_up0.8_dwn0.2_salth0.7","computer_vision","2","1.19"
"456","036-W2021006-047_R2_5dpi","May11_00-29-56_2021_up0.8_dwn0.2_salth0.7","computer_vision","2","1.34"
"457","036-W2021006-047_R2_5dpi","Jan25_15-51-04_2024_up0.8_dwn0.2_salth0.7","computer_vision","3","0.16"
"458","036-W2021006-047_R2_5dpi","Jan29_16-28-38_2024_up0.8_dwn0.3_salth0.7","computer_vision","2","0.6"
"459","036-W2021006-047_R2_5dpi","NW","human","3","0"
"460","036-W2021006-047_R2_5dpi","Feb01_00-00-41_2024_up0.8_dwn0.3_salth0.7","computer_vision","3","0.6"
"461","036-W2021006-047_R2_5dpi","Feb01_00-00-41_2024_up0.7_dwn0.3_salth0.7","computer_vision","3","0.75"
"462","036-W2021006-047_R2_5dpi","Feb03_04-58-39_2024_up0.8_dwn0.3_salth0.7","computer_vision","2","0.15"
"463","037-W2021009-198_R2_10dpi","MW","human","3","0"
"464","037-W2021009-198_R2_10dpi","BR","human","3","0"
"465","037-W2021009-198_R2_10dpi","CC","human","3","0"
"466","037-W2021009-198_R2_10dpi","DG","human","3","0"
"467","037-W2021009-198_R2_10dpi","Aug31_03-06-57_2023_up0.8_dwn0.2_salth0.7","computer_vision","3","0.86"
"468","037-W2021009-198_R2_10dpi","May10_16-42-59_2021_up0.8_dwn0.2_salth0.7","computer_vision","2","0.28"
"469","037-W2021009-198_R2_10dpi","May11_00-29-56_2021_up0.8_dwn0.2_salth0.7","computer_vision","2","1.28"
"470","037-W2021009-198_R2_10dpi","Jan25_15-51-04_2024_up0.8_dwn0.2_salth0.7","computer_vision","3","3.31"
"471","037-W2021009-198_R2_10dpi","Jan29_16-28-38_2024_up0.8_dwn0.3_salth0.7","computer_vision","2","1.14"
"472","037-W2021009-198_R2_10dpi","TB","human","3","0"
"473","037-W2021009-198_R2_10dpi","NW","human","3","0"
"474","037-W2021009-198_R2_10dpi","Feb01_00-00-41_2024_up0.8_dwn0.3_salth0.7","computer_vision","3","0.32"
"475","037-W2021009-198_R2_10dpi","Feb01_00-00-41_2024_up0.7_dwn0.3_salth0.7","computer_vision","3","0.48"
"476","037-W2021009-198_R2_10dpi","Feb03_04-58-39_2024_up0.8_dwn0.3_salth0.7","computer_vision","2","2.13"
"477","037-W2021009-277_R1_10dpi","MW","human","3","80"
"478","037-W2021009-277_R1_10dpi","BR","human","3","60"
"479","037-W2021009-277_R1_10dpi","CC","human","3","85"
"480","037-W2021009-277_R1_10dpi","DG","human","3","40"
"481","037-W2021009-277_R1_10dpi","Aug31_03-06-57_2023_up0.8_dwn0.2_salth0.7","computer_vision","3","74.07"
"482","037-W2021009-277_R1_10dpi","May10_16-42-59_2021_up0.8_dwn0.2_salth0.7","computer_vision","2","23.9"
"483","037-W2021009-277_R1_10dpi","May11_00-29-56_2021_up0.8_dwn0.2_salth0.7","computer_vision","2","29.91"
"484","037-W2021009-277_R1_10dpi","Jan25_15-51-04_2024_up0.8_dwn0.2_salth0.7","computer_vision","3","85.16"
"485","037-W2021009-277_R1_10dpi","Jan29_16-28-38_2024_up0.8_dwn0.3_salth0.7","computer_vision","2","86.94"
"486","037-W2021009-277_R1_10dpi","TB","human","3","100"
"487","037-W2021009-277_R1_10dpi","NW","human","3","85"
"488","037-W2021009-277_R1_10dpi","Feb01_00-00-41_2024_up0.8_dwn0.3_salth0.7","computer_vision","3","78.95"
"489","037-W2021009-277_R1_10dpi","Feb01_00-00-41_2024_up0.7_dwn0.3_salth0.7","computer_vision","3","83.25"
"490","037-W2021009-277_R1_10dpi","Feb03_04-58-39_2024_up0.8_dwn0.3_salth0.7","computer_vision","2","93.06"
"491","040-W2021009-207_R1_5dpi","TB","human","3","10"
"492","040-W2021009-207_R1_5dpi","MW","human","3","8"
"493","040-W2021009-207_R1_5dpi","BR","human","3","25"
"494","040-W2021009-207_R1_5dpi","CC","human","3","6"
"495","040-W2021009-207_R1_5dpi","DG","human","3","3"
"496","040-W2021009-207_R1_5dpi","Aug31_03-06-57_2023_up0.8_dwn0.2_salth0.7","computer_vision","3","17.06"
"497","040-W2021009-207_R1_5dpi","May10_16-42-59_2021_up0.8_dwn0.2_salth0.7","computer_vision","2","4.1"
"498","040-W2021009-207_R1_5dpi","May11_00-29-56_2021_up0.8_dwn0.2_salth0.7","computer_vision","2","10.69"
"499","040-W2021009-207_R1_5dpi","Jan25_15-51-04_2024_up0.8_dwn0.2_salth0.7","computer_vision","3","8.04"
"500","040-W2021009-207_R1_5dpi","Jan29_16-28-38_2024_up0.8_dwn0.3_salth0.7","computer_vision","2","19.57"
"501","040-W2021009-207_R1_5dpi","NW","human","3","0"
"502","040-W2021009-207_R1_5dpi","Feb01_00-00-41_2024_up0.8_dwn0.3_salth0.7","computer_vision","3","24.49"
"503","040-W2021009-207_R1_5dpi","Feb01_00-00-41_2024_up0.7_dwn0.3_salth0.7","computer_vision","3","28.95"
"504","040-W2021009-207_R1_5dpi","Feb03_04-58-39_2024_up0.8_dwn0.3_salth0.7","computer_vision","2","17.68"
"505","042-W2021006-015_R1_10dpi","MW","human","3","37"
"506","042-W2021006-015_R1_10dpi","BR","human","3","20"
"507","042-W2021006-015_R1_10dpi","CC","human","3","8"
"508","042-W2021006-015_R1_10dpi","DG","human","3","3"
"509","042-W2021006-015_R1_10dpi","Aug31_03-06-57_2023_up0.8_dwn0.2_salth0.7","computer_vision","3","3.47"
"510","042-W2021006-015_R1_10dpi","May10_16-42-59_2021_up0.8_dwn0.2_salth0.7","computer_vision","2","15.82"
"511","042-W2021006-015_R1_10dpi","May11_00-29-56_2021_up0.8_dwn0.2_salth0.7","computer_vision","2","25.69"
"512","042-W2021006-015_R1_10dpi","Jan25_15-51-04_2024_up0.8_dwn0.2_salth0.7","computer_vision","3","2.73"
"513","042-W2021006-015_R1_10dpi","Jan29_16-28-38_2024_up0.8_dwn0.3_salth0.7","computer_vision","2","17.97"
"514","042-W2021006-015_R1_10dpi","TB","human","3","45"
"515","042-W2021006-015_R1_10dpi","NW","human","3","5"
"516","042-W2021006-015_R1_10dpi","Feb01_00-00-41_2024_up0.8_dwn0.3_salth0.7","computer_vision","3","11.7"
"517","042-W2021006-015_R1_10dpi","Feb01_00-00-41_2024_up0.7_dwn0.3_salth0.7","computer_vision","3","13.69"
"518","042-W2021006-015_R1_10dpi","Feb03_04-58-39_2024_up0.8_dwn0.3_salth0.7","computer_vision","2","8.01"
"519","042-W2021010-429_R1_5dpi","TB","human","3","75"
"520","042-W2021010-429_R1_5dpi","MW","human","3","57"
"521","042-W2021010-429_R1_5dpi","BR","human","3","80"
"522","042-W2021010-429_R1_5dpi","CC","human","3","25"
"523","042-W2021010-429_R1_5dpi","DG","human","3","10"
"524","042-W2021010-429_R1_5dpi","Aug31_03-06-57_2023_up0.8_dwn0.2_salth0.7","computer_vision","3","57.06"
"525","042-W2021010-429_R1_5dpi","May10_16-42-59_2021_up0.8_dwn0.2_salth0.7","computer_vision","2","9.73"
"526","042-W2021010-429_R1_5dpi","May11_00-29-56_2021_up0.8_dwn0.2_salth0.7","computer_vision","2","17.05"
"527","042-W2021010-429_R1_5dpi","Jan25_15-51-04_2024_up0.8_dwn0.2_salth0.7","computer_vision","3","46.35"
"528","042-W2021010-429_R1_5dpi","Jan29_16-28-38_2024_up0.8_dwn0.3_salth0.7","computer_vision","2","56.25"
"529","042-W2021010-429_R1_5dpi","NW","human","3","30"
"530","042-W2021010-429_R1_5dpi","Feb01_00-00-41_2024_up0.8_dwn0.3_salth0.7","computer_vision","3","50.33"
"531","042-W2021010-429_R1_5dpi","Feb01_00-00-41_2024_up0.7_dwn0.3_salth0.7","computer_vision","3","51.84"
"532","042-W2021010-429_R1_5dpi","Feb03_04-58-39_2024_up0.8_dwn0.3_salth0.7","computer_vision","2","51.41"
"533","044-W2021009-169_R2_5dpi","TB","human","3","0"
"534","044-W2021009-169_R2_5dpi","MW","human","3","0"
"535","044-W2021009-169_R2_5dpi","BR","human","3","0"
"536","044-W2021009-169_R2_5dpi","CC","human","3","0"
"537","044-W2021009-169_R2_5dpi","DG","human","3","0"
"538","044-W2021009-169_R2_5dpi","Aug31_03-06-57_2023_up0.8_dwn0.2_salth0.7","computer_vision","3","0.14"
"539","044-W2021009-169_R2_5dpi","May10_16-42-59_2021_up0.8_dwn0.2_salth0.7","computer_vision","2","7.18"
"540","044-W2021009-169_R2_5dpi","May11_00-29-56_2021_up0.8_dwn0.2_salth0.7","computer_vision","2","9.68"
"541","044-W2021009-169_R2_5dpi","Jan25_15-51-04_2024_up0.8_dwn0.2_salth0.7","computer_vision","3","0.59"
"542","044-W2021009-169_R2_5dpi","Jan29_16-28-38_2024_up0.8_dwn0.3_salth0.7","computer_vision","2","0.45"
"543","044-W2021009-169_R2_5dpi","NW","human","3","0"
"544","044-W2021009-169_R2_5dpi","Feb01_00-00-41_2024_up0.8_dwn0.3_salth0.7","computer_vision","3","0.15"
"545","044-W2021009-169_R2_5dpi","Feb01_00-00-41_2024_up0.7_dwn0.3_salth0.7","computer_vision","3","0.3"
"546","044-W2021009-169_R2_5dpi","Feb03_04-58-39_2024_up0.8_dwn0.3_salth0.7","computer_vision","2","0.15"
"547","044-W2021009-618_R1_5dpi","TB","human","3","15"
"548","044-W2021009-618_R1_5dpi","MW","human","3","13"
"549","044-W2021009-618_R1_5dpi","BR","human","3","15"
"550","044-W2021009-618_R1_5dpi","CC","human","3","8"
"551","044-W2021009-618_R1_5dpi","DG","human","3","2"
"552","044-W2021009-618_R1_5dpi","Aug31_03-06-57_2023_up0.8_dwn0.2_salth0.7","computer_vision","3","8.7"
"553","044-W2021009-618_R1_5dpi","May10_16-42-59_2021_up0.8_dwn0.2_salth0.7","computer_vision","2","7.06"
"554","044-W2021009-618_R1_5dpi","May11_00-29-56_2021_up0.8_dwn0.2_salth0.7","computer_vision","2","10.43"
"555","044-W2021009-618_R1_5dpi","Jan25_15-51-04_2024_up0.8_dwn0.2_salth0.7","computer_vision","3","5.41"
"556","044-W2021009-618_R1_5dpi","Jan29_16-28-38_2024_up0.8_dwn0.3_salth0.7","computer_vision","2","11.65"
"557","044-W2021009-618_R1_5dpi","NW","human","3","0"
"558","044-W2021009-618_R1_5dpi","Feb01_00-00-41_2024_up0.8_dwn0.3_salth0.7","computer_vision","3","11.87"
"559","044-W2021009-618_R1_5dpi","Feb01_00-00-41_2024_up0.7_dwn0.3_salth0.7","computer_vision","3","12.42"
"560","044-W2021009-618_R1_5dpi","Feb03_04-58-39_2024_up0.8_dwn0.3_salth0.7","computer_vision","2","11.2"
"561","046-W2021009-208_R2_10dpi","MW","human","3","6"
"562","046-W2021009-208_R2_10dpi","BR","human","3","5"
"563","046-W2021009-208_R2_10dpi","CC","human","3","8"
"564","046-W2021009-208_R2_10dpi","DG","human","3","3"
"565","046-W2021009-208_R2_10dpi","Aug31_03-06-57_2023_up0.8_dwn0.2_salth0.7","computer_vision","3","1.99"
"566","046-W2021009-208_R2_10dpi","May10_16-42-59_2021_up0.8_dwn0.2_salth0.7","computer_vision","2","2.69"
"567","046-W2021009-208_R2_10dpi","May11_00-29-56_2021_up0.8_dwn0.2_salth0.7","computer_vision","2","5.46"
"568","046-W2021009-208_R2_10dpi","Jan25_15-51-04_2024_up0.8_dwn0.2_salth0.7","computer_vision","3","0.85"
"569","046-W2021009-208_R2_10dpi","Jan29_16-28-38_2024_up0.8_dwn0.3_salth0.7","computer_vision","2","2.91"
"570","046-W2021009-208_R2_10dpi","TB","human","3","16"
"571","046-W2021009-208_R2_10dpi","NW","human","3","8"
"572","046-W2021009-208_R2_10dpi","Feb01_00-00-41_2024_up0.8_dwn0.3_salth0.7","computer_vision","3","1.82"
"573","046-W2021009-208_R2_10dpi","Feb01_00-00-41_2024_up0.7_dwn0.3_salth0.7","computer_vision","3","2.41"
"574","046-W2021009-208_R2_10dpi","Feb03_04-58-39_2024_up0.8_dwn0.3_salth0.7","computer_vision","2","3.88"
"575","047-W2021011-482_R1_5dpi","TB","human","3","40"
"576","047-W2021011-482_R1_5dpi","MW","human","3","40"
"577","047-W2021011-482_R1_5dpi","BR","human","3","20"
"578","047-W2021011-482_R1_5dpi","CC","human","3","20"
"579","047-W2021011-482_R1_5dpi","DG","human","3","12"
"580","047-W2021011-482_R1_5dpi","Aug31_03-06-57_2023_up0.8_dwn0.2_salth0.7","computer_vision","3","27.05"
"581","047-W2021011-482_R1_5dpi","May10_16-42-59_2021_up0.8_dwn0.2_salth0.7","computer_vision","2","3.28"
"582","047-W2021011-482_R1_5dpi","May11_00-29-56_2021_up0.8_dwn0.2_salth0.7","computer_vision","2","4.2"
"583","047-W2021011-482_R1_5dpi","Jan25_15-51-04_2024_up0.8_dwn0.2_salth0.7","computer_vision","3","25.05"
"584","047-W2021011-482_R1_5dpi","Jan29_16-28-38_2024_up0.8_dwn0.3_salth0.7","computer_vision","2","37.34"
"585","047-W2021011-482_R1_5dpi","NW","human","3","40"
"586","047-W2021011-482_R1_5dpi","Feb01_00-00-41_2024_up0.8_dwn0.3_salth0.7","computer_vision","3","30.98"
"587","047-W2021011-482_R1_5dpi","Feb01_00-00-41_2024_up0.7_dwn0.3_salth0.7","computer_vision","3","33.28"
"588","047-W2021011-482_R1_5dpi","Feb03_04-58-39_2024_up0.8_dwn0.3_salth0.7","computer_vision","2","46.57"
"589","048-W2021006-147_R1_5dpi","TB","human","3","8"
"590","048-W2021006-147_R1_5dpi","MW","human","3","10"
"591","048-W2021006-147_R1_5dpi","BR","human","3","10"
"592","048-W2021006-147_R1_5dpi","CC","human","3","3"
"593","048-W2021006-147_R1_5dpi","DG","human","3","3"
"594","048-W2021006-147_R1_5dpi","Aug31_03-06-57_2023_up0.8_dwn0.2_salth0.7","computer_vision","3","9.73"
"595","048-W2021006-147_R1_5dpi","May10_16-42-59_2021_up0.8_dwn0.2_salth0.7","computer_vision","2","2.25"
"596","048-W2021006-147_R1_5dpi","May11_00-29-56_2021_up0.8_dwn0.2_salth0.7","computer_vision","2","5.01"
"597","048-W2021006-147_R1_5dpi","Jan25_15-51-04_2024_up0.8_dwn0.2_salth0.7","computer_vision","3","3.56"
"598","048-W2021006-147_R1_5dpi","Jan29_16-28-38_2024_up0.8_dwn0.3_salth0.7","computer_vision","2","5.19"
"599","048-W2021006-147_R1_5dpi","NW","human","3","0"
"600","048-W2021006-147_R1_5dpi","Feb01_00-00-41_2024_up0.8_dwn0.3_salth0.7","computer_vision","3","5.21"
"601","048-W2021006-147_R1_5dpi","Feb01_00-00-41_2024_up0.7_dwn0.3_salth0.7","computer_vision","3","5.88"
"602","048-W2021006-147_R1_5dpi","Feb03_04-58-39_2024_up0.8_dwn0.3_salth0.7","computer_vision","2","3.74"
"603","049-W2021011-583_R1_10dpi","MW","human","3","20"
"604","049-W2021011-583_R1_10dpi","BR","human","3","15"
"605","049-W2021011-583_R1_10dpi","CC","human","3","50"
"606","049-W2021011-583_R1_10dpi","DG","human","3","8"
"607","049-W2021011-583_R1_10dpi","Aug31_03-06-57_2023_up0.8_dwn0.2_salth0.7","computer_vision","3","15.38"
"608","049-W2021011-583_R1_10dpi","May10_16-42-59_2021_up0.8_dwn0.2_salth0.7","computer_vision","2","10.01"
"609","049-W2021011-583_R1_10dpi","May11_00-29-56_2021_up0.8_dwn0.2_salth0.7","computer_vision","2","15.82"
"610","049-W2021011-583_R1_10dpi","Jan25_15-51-04_2024_up0.8_dwn0.2_salth0.7","computer_vision","3","18.37"
"611","049-W2021011-583_R1_10dpi","Jan29_16-28-38_2024_up0.8_dwn0.3_salth0.7","computer_vision","2","25.37"
"612","049-W2021011-583_R1_10dpi","TB","human","3","55"
"613","049-W2021011-583_R1_10dpi","NW","human","3","0"
"614","049-W2021011-583_R1_10dpi","Feb01_00-00-41_2024_up0.8_dwn0.3_salth0.7","computer_vision","3","19.25"
"615","049-W2021011-583_R1_10dpi","Feb01_00-00-41_2024_up0.7_dwn0.3_salth0.7","computer_vision","3","21.76"
"616","049-W2021011-583_R1_10dpi","Feb03_04-58-39_2024_up0.8_dwn0.3_salth0.7","computer_vision","2","26.35"
"617","051-W2021010-443_R1_10dpi","MW","human","3","0"
"618","051-W2021010-443_R1_10dpi","BR","human","3","0"
"619","051-W2021010-443_R1_10dpi","CC","human","3","0"
"620","051-W2021010-443_R1_10dpi","DG","human","3","0"
"621","051-W2021010-443_R1_10dpi","Aug31_03-06-57_2023_up0.8_dwn0.2_salth0.7","computer_vision","3","0"
"622","051-W2021010-443_R1_10dpi","May10_16-42-59_2021_up0.8_dwn0.2_salth0.7","computer_vision","2","0.8"
"623","051-W2021010-443_R1_10dpi","May11_00-29-56_2021_up0.8_dwn0.2_salth0.7","computer_vision","2","1.07"
"624","051-W2021010-443_R1_10dpi","Jan25_15-51-04_2024_up0.8_dwn0.2_salth0.7","computer_vision","3","0.42"
"625","051-W2021010-443_R1_10dpi","Jan29_16-28-38_2024_up0.8_dwn0.3_salth0.7","computer_vision","2","0.59"
"626","051-W2021010-443_R1_10dpi","TB","human","3","0"
"627","051-W2021010-443_R1_10dpi","NW","human","3","0"
"628","051-W2021010-443_R1_10dpi","Feb01_00-00-41_2024_up0.8_dwn0.3_salth0.7","computer_vision","3","0"
"629","051-W2021010-443_R1_10dpi","Feb01_00-00-41_2024_up0.7_dwn0.3_salth0.7","computer_vision","3","0.57"
"630","051-W2021010-443_R1_10dpi","Feb03_04-58-39_2024_up0.8_dwn0.3_salth0.7","computer_vision","2","0.44"
"631","051-W2021011-583_R1_10dpi","MW","human","3","85"
"632","051-W2021011-583_R1_10dpi","BR","human","3","65"
"633","051-W2021011-583_R1_10dpi","CC","human","3","85"
"634","051-W2021011-583_R1_10dpi","DG","human","3","45"
"635","051-W2021011-583_R1_10dpi","Aug31_03-06-57_2023_up0.8_dwn0.2_salth0.7","computer_vision","3","76.17"
"636","051-W2021011-583_R1_10dpi","May10_16-42-59_2021_up0.8_dwn0.2_salth0.7","computer_vision","2","22.29"
"637","051-W2021011-583_R1_10dpi","May11_00-29-56_2021_up0.8_dwn0.2_salth0.7","computer_vision","2","32.15"
"638","051-W2021011-583_R1_10dpi","Jan25_15-51-04_2024_up0.8_dwn0.2_salth0.7","computer_vision","3","81.69"
"639","051-W2021011-583_R1_10dpi","Jan29_16-28-38_2024_up0.8_dwn0.3_salth0.7","computer_vision","2","83.76"
"640","051-W2021011-583_R1_10dpi","TB","human","3","90"
"641","051-W2021011-583_R1_10dpi","NW","human","3","95"
"642","051-W2021011-583_R1_10dpi","Feb01_00-00-41_2024_up0.8_dwn0.3_salth0.7","computer_vision","3","79.69"
"643","051-W2021011-583_R1_10dpi","Feb01_00-00-41_2024_up0.7_dwn0.3_salth0.7","computer_vision","3","83.85"
"644","051-W2021011-583_R1_10dpi","Feb03_04-58-39_2024_up0.8_dwn0.3_salth0.7","computer_vision","2","87.2"
"645","051-W2021011-583_R2_10dpi","MW","human","3","29"
"646","051-W2021011-583_R2_10dpi","BR","human","3","28"
"647","051-W2021011-583_R2_10dpi","CC","human","3","50"
"648","051-W2021011-583_R2_10dpi","DG","human","3","10"
"649","051-W2021011-583_R2_10dpi","Aug31_03-06-57_2023_up0.8_dwn0.2_salth0.7","computer_vision","3","18.46"
"650","051-W2021011-583_R2_10dpi","May10_16-42-59_2021_up0.8_dwn0.2_salth0.7","computer_vision","2","11.78"
"651","051-W2021011-583_R2_10dpi","May11_00-29-56_2021_up0.8_dwn0.2_salth0.7","computer_vision","2","18.13"
"652","051-W2021011-583_R2_10dpi","Jan25_15-51-04_2024_up0.8_dwn0.2_salth0.7","computer_vision","3","18.99"
"653","051-W2021011-583_R2_10dpi","Jan29_16-28-38_2024_up0.8_dwn0.3_salth0.7","computer_vision","2","28.88"
"654","051-W2021011-583_R2_10dpi","TB","human","3","45"
"655","051-W2021011-583_R2_10dpi","NW","human","3","30"
"656","051-W2021011-583_R2_10dpi","Feb01_00-00-41_2024_up0.8_dwn0.3_salth0.7","computer_vision","3","24.96"
"657","051-W2021011-583_R2_10dpi","Feb01_00-00-41_2024_up0.7_dwn0.3_salth0.7","computer_vision","3","27.79"
"658","051-W2021011-583_R2_10dpi","Feb03_04-58-39_2024_up0.8_dwn0.3_salth0.7","computer_vision","2","31.72"
"659","052-W2021006-004_R2_5dpi","TB","human","3","0"
"660","052-W2021006-004_R2_5dpi","MW","human","3","0"
"661","052-W2021006-004_R2_5dpi","BR","human","3","0"
"662","052-W2021006-004_R2_5dpi","CC","human","3","0"
"663","052-W2021006-004_R2_5dpi","DG","human","3","0"
"664","052-W2021006-004_R2_5dpi","Aug31_03-06-57_2023_up0.8_dwn0.2_salth0.7","computer_vision","3","0"
"665","052-W2021006-004_R2_5dpi","May10_16-42-59_2021_up0.8_dwn0.2_salth0.7","computer_vision","2","9.77"
"666","052-W2021006-004_R2_5dpi","May11_00-29-56_2021_up0.8_dwn0.2_salth0.7","computer_vision","2","9.83"
"667","052-W2021006-004_R2_5dpi","Jan25_15-51-04_2024_up0.8_dwn0.2_salth0.7","computer_vision","3","0"
"668","052-W2021006-004_R2_5dpi","Jan29_16-28-38_2024_up0.8_dwn0.3_salth0.7","computer_vision","2","0.51"
"669","052-W2021006-004_R2_5dpi","NW","human","3","0"
"670","052-W2021006-004_R2_5dpi","Feb01_00-00-41_2024_up0.8_dwn0.3_salth0.7","computer_vision","3","0"
"671","052-W2021006-004_R2_5dpi","Feb01_00-00-41_2024_up0.7_dwn0.3_salth0.7","computer_vision","3","0"
"672","052-W2021006-004_R2_5dpi","Feb03_04-58-39_2024_up0.8_dwn0.3_salth0.7","computer_vision","2","0.17"
"673","055-W2021010-341_R2_5dpi","TB","human","3","2"
"674","055-W2021010-341_R2_5dpi","MW","human","3","0"
"675","055-W2021010-341_R2_5dpi","BR","human","3","0"
"676","055-W2021010-341_R2_5dpi","CC","human","3","1"
"677","055-W2021010-341_R2_5dpi","DG","human","3","0"
"678","055-W2021010-341_R2_5dpi","Aug31_03-06-57_2023_up0.8_dwn0.2_salth0.7","computer_vision","3","2.08"
"679","055-W2021010-341_R2_5dpi","May10_16-42-59_2021_up0.8_dwn0.2_salth0.7","computer_vision","2","1.72"
"680","055-W2021010-341_R2_5dpi","May11_00-29-56_2021_up0.8_dwn0.2_salth0.7","computer_vision","2","1.37"
"681","055-W2021010-341_R2_5dpi","Jan25_15-51-04_2024_up0.8_dwn0.2_salth0.7","computer_vision","3","5.11"
"682","055-W2021010-341_R2_5dpi","Jan29_16-28-38_2024_up0.8_dwn0.3_salth0.7","computer_vision","2","1.83"
"683","055-W2021010-341_R2_5dpi","NW","human","3","0"
"684","055-W2021010-341_R2_5dpi","Feb01_00-00-41_2024_up0.8_dwn0.3_salth0.7","computer_vision","3","1.43"
"685","055-W2021010-341_R2_5dpi","Feb01_00-00-41_2024_up0.7_dwn0.3_salth0.7","computer_vision","3","1.74"
"686","055-W2021010-341_R2_5dpi","Feb03_04-58-39_2024_up0.8_dwn0.3_salth0.7","computer_vision","2","1.09"
"687","055-W2021010-397_R2_5dpi","TB","human","3","4"
"688","055-W2021010-397_R2_5dpi","MW","human","3","8"
"689","055-W2021010-397_R2_5dpi","BR","human","3","0"
"690","055-W2021010-397_R2_5dpi","CC","human","3","2"
"691","055-W2021010-397_R2_5dpi","DG","human","3","0"
"692","055-W2021010-397_R2_5dpi","Aug31_03-06-57_2023_up0.8_dwn0.2_salth0.7","computer_vision","3","2.93"
"693","055-W2021010-397_R2_5dpi","May10_16-42-59_2021_up0.8_dwn0.2_salth0.7","computer_vision","2","2.97"
"694","055-W2021010-397_R2_5dpi","May11_00-29-56_2021_up0.8_dwn0.2_salth0.7","computer_vision","2","2.23"
"695","055-W2021010-397_R2_5dpi","Jan25_15-51-04_2024_up0.8_dwn0.2_salth0.7","computer_vision","3","0.8"
"696","055-W2021010-397_R2_5dpi","Jan29_16-28-38_2024_up0.8_dwn0.3_salth0.7","computer_vision","2","5.65"
"697","055-W2021010-397_R2_5dpi","NW","human","3","0"
"698","055-W2021010-397_R2_5dpi","Feb01_00-00-41_2024_up0.8_dwn0.3_salth0.7","computer_vision","3","5.53"
"699","055-W2021010-397_R2_5dpi","Feb01_00-00-41_2024_up0.7_dwn0.3_salth0.7","computer_vision","3","6.42"
"700","055-W2021010-397_R2_5dpi","Feb03_04-58-39_2024_up0.8_dwn0.3_salth0.7","computer_vision","2","4.82"
"701","056-W2021006-609_R1_5dpi","TB","human","3","30"
"702","056-W2021006-609_R1_5dpi","MW","human","3","15"
"703","056-W2021006-609_R1_5dpi","BR","human","3","30"
"704","056-W2021006-609_R1_5dpi","CC","human","3","15"
"705","056-W2021006-609_R1_5dpi","DG","human","3","4"
"706","056-W2021006-609_R1_5dpi","Aug31_03-06-57_2023_up0.8_dwn0.2_salth0.7","computer_vision","3","27.27"
"707","056-W2021006-609_R1_5dpi","May10_16-42-59_2021_up0.8_dwn0.2_salth0.7","computer_vision","2","1.01"
"708","056-W2021006-609_R1_5dpi","May11_00-29-56_2021_up0.8_dwn0.2_salth0.7","computer_vision","2","2.55"
"709","056-W2021006-609_R1_5dpi","Jan25_15-51-04_2024_up0.8_dwn0.2_salth0.7","computer_vision","3","39.88"
"710","056-W2021006-609_R1_5dpi","Jan29_16-28-38_2024_up0.8_dwn0.3_salth0.7","computer_vision","2","22.24"
"711","056-W2021006-609_R1_5dpi","NW","human","3","5"
"712","056-W2021006-609_R1_5dpi","Feb01_00-00-41_2024_up0.8_dwn0.3_salth0.7","computer_vision","3","14.6"
"713","056-W2021006-609_R1_5dpi","Feb01_00-00-41_2024_up0.7_dwn0.3_salth0.7","computer_vision","3","17.31"
"714","056-W2021006-609_R1_5dpi","Feb03_04-58-39_2024_up0.8_dwn0.3_salth0.7","computer_vision","2","20.07"
"715","057-W2021011-504_R2_10dpi","MW","human","3","0"
"716","057-W2021011-504_R2_10dpi","BR","human","3","0"
"717","057-W2021011-504_R2_10dpi","CC","human","3","0"
"718","057-W2021011-504_R2_10dpi","DG","human","3","0"
"719","057-W2021011-504_R2_10dpi","Aug31_03-06-57_2023_up0.8_dwn0.2_salth0.7","computer_vision","3","3.31"
"720","057-W2021011-504_R2_10dpi","May10_16-42-59_2021_up0.8_dwn0.2_salth0.7","computer_vision","2","4.46"
"721","057-W2021011-504_R2_10dpi","May11_00-29-56_2021_up0.8_dwn0.2_salth0.7","computer_vision","2","5.16"
"722","057-W2021011-504_R2_10dpi","Jan25_15-51-04_2024_up0.8_dwn0.2_salth0.7","computer_vision","3","1.31"
"723","057-W2021011-504_R2_10dpi","Jan29_16-28-38_2024_up0.8_dwn0.3_salth0.7","computer_vision","2","5.32"
"724","057-W2021011-504_R2_10dpi","TB","human","3","0"
"725","057-W2021011-504_R2_10dpi","NW","human","3","0"
"726","057-W2021011-504_R2_10dpi","Feb01_00-00-41_2024_up0.8_dwn0.3_salth0.7","computer_vision","3","2"
"727","057-W2021011-504_R2_10dpi","Feb01_00-00-41_2024_up0.7_dwn0.3_salth0.7","computer_vision","3","3.14"
"728","057-W2021011-504_R2_10dpi","Feb03_04-58-39_2024_up0.8_dwn0.3_salth0.7","computer_vision","2","4.4"
"729","059-W2021010-434_R1_5dpi","TB","human","3","0"
"730","059-W2021010-434_R1_5dpi","MW","human","3","0"
"731","059-W2021010-434_R1_5dpi","BR","human","3","0"
"732","059-W2021010-434_R1_5dpi","CC","human","3","0"
"733","059-W2021010-434_R1_5dpi","DG","human","3","0"
"734","059-W2021010-434_R1_5dpi","Aug31_03-06-57_2023_up0.8_dwn0.2_salth0.7","computer_vision","3","0"
"735","059-W2021010-434_R1_5dpi","May10_16-42-59_2021_up0.8_dwn0.2_salth0.7","computer_vision","2","26.79"
"736","059-W2021010-434_R1_5dpi","May11_00-29-56_2021_up0.8_dwn0.2_salth0.7","computer_vision","2","22.4"
"737","059-W2021010-434_R1_5dpi","Jan25_15-51-04_2024_up0.8_dwn0.2_salth0.7","computer_vision","3","0"
"738","059-W2021010-434_R1_5dpi","Jan29_16-28-38_2024_up0.8_dwn0.3_salth0.7","computer_vision","2","0.56"
"739","059-W2021010-434_R1_5dpi","NW","human","3","0"
"740","059-W2021010-434_R1_5dpi","Feb01_00-00-41_2024_up0.8_dwn0.3_salth0.7","computer_vision","3","0"
"741","059-W2021010-434_R1_5dpi","Feb01_00-00-41_2024_up0.7_dwn0.3_salth0.7","computer_vision","3","0.14"
"742","059-W2021010-434_R1_5dpi","Feb03_04-58-39_2024_up0.8_dwn0.3_salth0.7","computer_vision","2","0.14"
"743","060-W2021010-324_R2_5dpi","TB","human","3","0"
"744","060-W2021010-324_R2_5dpi","MW","human","3","1"
"745","060-W2021010-324_R2_5dpi","BR","human","3","0"
"746","060-W2021010-324_R2_5dpi","CC","human","3","0"
"747","060-W2021010-324_R2_5dpi","DG","human","3","0"
"748","060-W2021010-324_R2_5dpi","Aug31_03-06-57_2023_up0.8_dwn0.2_salth0.7","computer_vision","3","0.14"
"749","060-W2021010-324_R2_5dpi","May10_16-42-59_2021_up0.8_dwn0.2_salth0.7","computer_vision","2","5.25"
"750","060-W2021010-324_R2_5dpi","May11_00-29-56_2021_up0.8_dwn0.2_salth0.7","computer_vision","2","8.76"
"751","060-W2021010-324_R2_5dpi","Jan25_15-51-04_2024_up0.8_dwn0.2_salth0.7","computer_vision","3","0.96"
"752","060-W2021010-324_R2_5dpi","Jan29_16-28-38_2024_up0.8_dwn0.3_salth0.7","computer_vision","2","0.46"
"753","060-W2021010-324_R2_5dpi","NW","human","3","0"
"754","060-W2021010-324_R2_5dpi","Feb01_00-00-41_2024_up0.8_dwn0.3_salth0.7","computer_vision","3","0.62"
"755","060-W2021010-324_R2_5dpi","Feb01_00-00-41_2024_up0.7_dwn0.3_salth0.7","computer_vision","3","1.38"
"756","060-W2021010-324_R2_5dpi","Feb03_04-58-39_2024_up0.8_dwn0.3_salth0.7","computer_vision","2","0.15"
"757","061-W2021011-483_R1_10dpi","Feb01_00-00-41_2024_up0.8_dwn0.3_salth0.7","computer_vision","3","6.58"
"758","061-W2021011-483_R1_10dpi","Feb01_00-00-41_2024_up0.7_dwn0.3_salth0.7","computer_vision","3","9.64"
"759","061-W2021011-483_R1_10dpi","Feb03_04-58-39_2024_up0.8_dwn0.3_salth0.7","computer_vision","2","6.15"
"760","061-W2021011-483_R1_5dpi","Feb01_00-00-41_2024_up0.8_dwn0.3_salth0.7","computer_vision","3","5.34"
"761","061-W2021011-483_R1_5dpi","Feb01_00-00-41_2024_up0.7_dwn0.3_salth0.7","computer_vision","3","7.65"
"762","061-W2021011-483_R1_5dpi","Feb03_04-58-39_2024_up0.8_dwn0.3_salth0.7","computer_vision","2","3.94"
"763","061-W2021011-483_R1_10dpi","MW","human","3","2"
"764","061-W2021011-483_R1_10dpi","BR","human","3","1"
"765","061-W2021011-483_R1_10dpi","CC","human","3","4"
"766","061-W2021011-483_R1_10dpi","DG","human","3","1"
"767","061-W2021011-483_R1_10dpi","Aug31_03-06-57_2023_up0.8_dwn0.2_salth0.7","computer_vision","3","3.07"
"768","061-W2021011-483_R1_10dpi","May10_16-42-59_2021_up0.8_dwn0.2_salth0.7","computer_vision","2","76.66"
"769","061-W2021011-483_R1_10dpi","May11_00-29-56_2021_up0.8_dwn0.2_salth0.7","computer_vision","2","76.83"
"770","061-W2021011-483_R1_10dpi","Jan25_15-51-04_2024_up0.8_dwn0.2_salth0.7","computer_vision","3","30.6"
"771","061-W2021011-483_R1_10dpi","Jan29_16-28-38_2024_up0.8_dwn0.3_salth0.7","computer_vision","2","6.41"
"772","061-W2021011-483_R1_10dpi","TB","human","3","0"
"773","061-W2021011-483_R1_10dpi","NW","human","3","0"
"774","061-W2021011-483_R1_5dpi","TB","human","3","15"
"775","061-W2021011-483_R1_5dpi","MW","human","3","1"
"776","061-W2021011-483_R1_5dpi","BR","human","3","10"
"777","061-W2021011-483_R1_5dpi","CC","human","3","2"
"778","061-W2021011-483_R1_5dpi","DG","human","3","0"
"779","061-W2021011-483_R1_5dpi","Aug31_03-06-57_2023_up0.8_dwn0.2_salth0.7","computer_vision","3","1.47"
"780","061-W2021011-483_R1_5dpi","May10_16-42-59_2021_up0.8_dwn0.2_salth0.7","computer_vision","2","7.1"
"781","061-W2021011-483_R1_5dpi","May11_00-29-56_2021_up0.8_dwn0.2_salth0.7","computer_vision","2","11.94"
"782","061-W2021011-483_R1_5dpi","Jan25_15-51-04_2024_up0.8_dwn0.2_salth0.7","computer_vision","3","0.43"
"783","061-W2021011-483_R1_5dpi","Jan29_16-28-38_2024_up0.8_dwn0.3_salth0.7","computer_vision","2","4.45"
"784","061-W2021011-483_R1_5dpi","NW","human","3","0"
"785","062-W2021010-432_R2_10dpi","MW","human","3","50"
"786","062-W2021010-432_R2_10dpi","BR","human","3","50"
"787","062-W2021010-432_R2_10dpi","CC","human","3","40"
"788","062-W2021010-432_R2_10dpi","DG","human","3","30"
"789","062-W2021010-432_R2_10dpi","Aug31_03-06-57_2023_up0.8_dwn0.2_salth0.7","computer_vision","3","34.92"
"790","062-W2021010-432_R2_10dpi","May10_16-42-59_2021_up0.8_dwn0.2_salth0.7","computer_vision","2","55.41"
"791","062-W2021010-432_R2_10dpi","May11_00-29-56_2021_up0.8_dwn0.2_salth0.7","computer_vision","2","61.22"
"792","062-W2021010-432_R2_10dpi","Jan25_15-51-04_2024_up0.8_dwn0.2_salth0.7","computer_vision","3","35.66"
"793","062-W2021010-432_R2_10dpi","Jan29_16-28-38_2024_up0.8_dwn0.3_salth0.7","computer_vision","2","38.87"
"794","062-W2021010-432_R2_10dpi","TB","human","3","81"
"795","062-W2021010-432_R2_10dpi","NW","human","3","40"
"796","062-W2021010-432_R2_10dpi","Feb01_00-00-41_2024_up0.8_dwn0.3_salth0.7","computer_vision","3","24.78"
"797","062-W2021010-432_R2_10dpi","Feb01_00-00-41_2024_up0.7_dwn0.3_salth0.7","computer_vision","3","29.39"
"798","062-W2021010-432_R2_10dpi","Feb03_04-58-39_2024_up0.8_dwn0.3_salth0.7","computer_vision","2","44.44"
"799","062-W2021011-483_R2_10dpi","MW","human","3","45"
"800","062-W2021011-483_R2_10dpi","BR","human","3","45"
"801","062-W2021011-483_R2_10dpi","CC","human","3","40"
"802","062-W2021011-483_R2_10dpi","DG","human","3","30"
"803","062-W2021011-483_R2_10dpi","Aug31_03-06-57_2023_up0.8_dwn0.2_salth0.7","computer_vision","3","40.17"
"804","062-W2021011-483_R2_10dpi","May10_16-42-59_2021_up0.8_dwn0.2_salth0.7","computer_vision","2","48.85"
"805","062-W2021011-483_R2_10dpi","May11_00-29-56_2021_up0.8_dwn0.2_salth0.7","computer_vision","2","56.47"
"806","062-W2021011-483_R2_10dpi","Jan25_15-51-04_2024_up0.8_dwn0.2_salth0.7","computer_vision","3","43.41"
"807","062-W2021011-483_R2_10dpi","Jan29_16-28-38_2024_up0.8_dwn0.3_salth0.7","computer_vision","2","53.01"
"808","062-W2021011-483_R2_10dpi","TB","human","3","70"
"809","062-W2021011-483_R2_10dpi","NW","human","3","40"
"810","062-W2021011-483_R2_10dpi","Feb01_00-00-41_2024_up0.8_dwn0.3_salth0.7","computer_vision","3","40.34"
"811","062-W2021011-483_R2_10dpi","Feb01_00-00-41_2024_up0.7_dwn0.3_salth0.7","computer_vision","3","44.37"
"812","062-W2021011-483_R2_10dpi","Feb03_04-58-39_2024_up0.8_dwn0.3_salth0.7","computer_vision","2","52.68"
"813","063-W2021011-594_R1_10dpi","MW","human","3","60"
"814","063-W2021011-594_R1_10dpi","BR","human","3","40"
"815","063-W2021011-594_R1_10dpi","CC","human","3","60"
"816","063-W2021011-594_R1_10dpi","DG","human","3","20"
"817","063-W2021011-594_R1_10dpi","Aug31_03-06-57_2023_up0.8_dwn0.2_salth0.7","computer_vision","3","26.37"
"818","063-W2021011-594_R1_10dpi","May10_16-42-59_2021_up0.8_dwn0.2_salth0.7","computer_vision","2","12.93"
"819","063-W2021011-594_R1_10dpi","May11_00-29-56_2021_up0.8_dwn0.2_salth0.7","computer_vision","2","20.96"
"820","063-W2021011-594_R1_10dpi","Jan25_15-51-04_2024_up0.8_dwn0.2_salth0.7","computer_vision","3","34.39"
"821","063-W2021011-594_R1_10dpi","Jan29_16-28-38_2024_up0.8_dwn0.3_salth0.7","computer_vision","2","49.22"
"822","063-W2021011-594_R1_10dpi","TB","human","3","70"
"823","063-W2021011-594_R1_10dpi","NW","human","3","25"
"824","063-W2021011-594_R1_10dpi","Feb01_00-00-41_2024_up0.8_dwn0.3_salth0.7","computer_vision","3","44.29"
"825","063-W2021011-594_R1_10dpi","Feb01_00-00-41_2024_up0.7_dwn0.3_salth0.7","computer_vision","3","47.82"
"826","063-W2021011-594_R1_10dpi","Feb03_04-58-39_2024_up0.8_dwn0.3_salth0.7","computer_vision","2","60.55"
"827","068-W2021011-574_R2_10dpi","MW","human","3","27"
"828","068-W2021011-574_R2_10dpi","BR","human","3","15"
"829","068-W2021011-574_R2_10dpi","CC","human","3","40"
"830","068-W2021011-574_R2_10dpi","DG","human","3","15"
"831","068-W2021011-574_R2_10dpi","Aug31_03-06-57_2023_up0.8_dwn0.2_salth0.7","computer_vision","3","29.08"
"832","068-W2021011-574_R2_10dpi","May10_16-42-59_2021_up0.8_dwn0.2_salth0.7","computer_vision","2","31.83"
"833","068-W2021011-574_R2_10dpi","May11_00-29-56_2021_up0.8_dwn0.2_salth0.7","computer_vision","2","33.23"
"834","068-W2021011-574_R2_10dpi","Jan25_15-51-04_2024_up0.8_dwn0.2_salth0.7","computer_vision","3","30.58"
"835","068-W2021011-574_R2_10dpi","Jan29_16-28-38_2024_up0.8_dwn0.3_salth0.7","computer_vision","2","34.39"
"836","068-W2021011-574_R2_10dpi","TB","human","3","45"
"837","068-W2021011-574_R2_10dpi","NW","human","3","20"
"838","068-W2021011-574_R2_10dpi","Feb01_00-00-41_2024_up0.8_dwn0.3_salth0.7","computer_vision","3","31.03"
"839","068-W2021011-574_R2_10dpi","Feb01_00-00-41_2024_up0.7_dwn0.3_salth0.7","computer_vision","3","33.59"
"840","068-W2021011-574_R2_10dpi","Feb03_04-58-39_2024_up0.8_dwn0.3_salth0.7","computer_vision","2","42.16"
"841","069-W2021011-574_R1_10dpi","MW","human","3","15"
"842","069-W2021011-574_R1_10dpi","BR","human","3","7"
"843","069-W2021011-574_R1_10dpi","CC","human","3","18"
"844","069-W2021011-574_R1_10dpi","DG","human","3","4"
"845","069-W2021011-574_R1_10dpi","Aug31_03-06-57_2023_up0.8_dwn0.2_salth0.7","computer_vision","3","6.54"
"846","069-W2021011-574_R1_10dpi","May10_16-42-59_2021_up0.8_dwn0.2_salth0.7","computer_vision","2","7.03"
"847","069-W2021011-574_R1_10dpi","May11_00-29-56_2021_up0.8_dwn0.2_salth0.7","computer_vision","2","12.2"
"848","069-W2021011-574_R1_10dpi","Jan25_15-51-04_2024_up0.8_dwn0.2_salth0.7","computer_vision","3","7.83"
"849","069-W2021011-574_R1_10dpi","Jan29_16-28-38_2024_up0.8_dwn0.3_salth0.7","computer_vision","2","9.41"
"850","069-W2021011-574_R1_10dpi","TB","human","3","21"
"851","069-W2021011-574_R1_10dpi","NW","human","3","10"
"852","069-W2021011-574_R1_10dpi","Feb01_00-00-41_2024_up0.8_dwn0.3_salth0.7","computer_vision","3","8.28"
"853","069-W2021011-574_R1_10dpi","Feb01_00-00-41_2024_up0.7_dwn0.3_salth0.7","computer_vision","3","9.15"
"854","069-W2021011-574_R1_10dpi","Feb03_04-58-39_2024_up0.8_dwn0.3_salth0.7","computer_vision","2","10.86"
"855","070-W2021011-486_R2_5dpi","TB","human","3","60"
"856","070-W2021011-486_R2_5dpi","MW","human","3","67"
"857","070-W2021011-486_R2_5dpi","BR","human","3","88"
"858","070-W2021011-486_R2_5dpi","CC","human","3","50"
"859","070-W2021011-486_R2_5dpi","DG","human","3","20"
"860","070-W2021011-486_R2_5dpi","Aug31_03-06-57_2023_up0.8_dwn0.2_salth0.7","computer_vision","3","38.59"
"861","070-W2021011-486_R2_5dpi","May10_16-42-59_2021_up0.8_dwn0.2_salth0.7","computer_vision","2","21.02"
"862","070-W2021011-486_R2_5dpi","May11_00-29-56_2021_up0.8_dwn0.2_salth0.7","computer_vision","2","21.11"
"863","070-W2021011-486_R2_5dpi","Jan25_15-51-04_2024_up0.8_dwn0.2_salth0.7","computer_vision","3","20.21"
"864","070-W2021011-486_R2_5dpi","Jan29_16-28-38_2024_up0.8_dwn0.3_salth0.7","computer_vision","2","39.87"
"865","070-W2021011-486_R2_5dpi","NW","human","3","75"
"866","070-W2021011-486_R2_5dpi","Feb01_00-00-41_2024_up0.8_dwn0.3_salth0.7","computer_vision","3","38.98"
"867","070-W2021011-486_R2_5dpi","Feb01_00-00-41_2024_up0.7_dwn0.3_salth0.7","computer_vision","3","40.31"
"868","070-W2021011-486_R2_5dpi","Feb03_04-58-39_2024_up0.8_dwn0.3_salth0.7","computer_vision","2","33.62"
"869","071-W2021006-142_R1_10dpi","MW","human","3","45"
"870","071-W2021006-142_R1_10dpi","BR","human","3","75"
"871","071-W2021006-142_R1_10dpi","CC","human","3","80"
"872","071-W2021006-142_R1_10dpi","DG","human","3","60"
"873","071-W2021006-142_R1_10dpi","Aug31_03-06-57_2023_up0.8_dwn0.2_salth0.7","computer_vision","3","19.42"
"874","071-W2021006-142_R1_10dpi","May10_16-42-59_2021_up0.8_dwn0.2_salth0.7","computer_vision","2","70.59"
"875","071-W2021006-142_R1_10dpi","May11_00-29-56_2021_up0.8_dwn0.2_salth0.7","computer_vision","2","67.6"
"876","071-W2021006-142_R1_10dpi","Jan25_15-51-04_2024_up0.8_dwn0.2_salth0.7","computer_vision","3","17.37"
"877","071-W2021006-142_R1_10dpi","Jan29_16-28-38_2024_up0.8_dwn0.3_salth0.7","computer_vision","2","41.04"
"878","071-W2021006-142_R1_10dpi","TB","human","3","85"
"879","071-W2021006-142_R1_10dpi","NW","human","3","40"
"880","071-W2021006-142_R1_10dpi","Feb01_00-00-41_2024_up0.8_dwn0.3_salth0.7","computer_vision","3","18.31"
"881","071-W2021006-142_R1_10dpi","Feb01_00-00-41_2024_up0.7_dwn0.3_salth0.7","computer_vision","3","25.21"
"882","071-W2021006-142_R1_10dpi","Feb03_04-58-39_2024_up0.8_dwn0.3_salth0.7","computer_vision","2","40.13"
"883","071-W2021010-323_R1_5dpi","TB","human","3","70"
"884","071-W2021010-323_R1_5dpi","MW","human","3","72"
"885","071-W2021010-323_R1_5dpi","BR","human","3","73"
"886","071-W2021010-323_R1_5dpi","CC","human","3","60"
"887","071-W2021010-323_R1_5dpi","DG","human","3","40"
"888","071-W2021010-323_R1_5dpi","Aug31_03-06-57_2023_up0.8_dwn0.2_salth0.7","computer_vision","3","49.02"
"889","071-W2021010-323_R1_5dpi","May10_16-42-59_2021_up0.8_dwn0.2_salth0.7","computer_vision","2","13.78"
"890","071-W2021010-323_R1_5dpi","May11_00-29-56_2021_up0.8_dwn0.2_salth0.7","computer_vision","2","37.08"
"891","071-W2021010-323_R1_5dpi","Jan25_15-51-04_2024_up0.8_dwn0.2_salth0.7","computer_vision","3","47.25"
"892","071-W2021010-323_R1_5dpi","Jan29_16-28-38_2024_up0.8_dwn0.3_salth0.7","computer_vision","2","55.95"
"893","071-W2021010-323_R1_5dpi","NW","human","3","60.05"
"894","071-W2021010-323_R1_5dpi","Feb01_00-00-41_2024_up0.8_dwn0.3_salth0.7","computer_vision","3","60.85"
"895","071-W2021010-323_R1_5dpi","Feb01_00-00-41_2024_up0.7_dwn0.3_salth0.7","computer_vision","3","62.35"
"896","071-W2021010-323_R1_5dpi","Feb03_04-58-39_2024_up0.8_dwn0.3_salth0.7","computer_vision","2","62.9"
"897","077-W2021010-351_R2_5dpi","TB","human","3","1"
"898","077-W2021010-351_R2_5dpi","MW","human","3","0"
"899","077-W2021010-351_R2_5dpi","BR","human","3","0"
"900","077-W2021010-351_R2_5dpi","CC","human","3","0"
"901","077-W2021010-351_R2_5dpi","DG","human","3","0"
"902","077-W2021010-351_R2_5dpi","Aug31_03-06-57_2023_up0.8_dwn0.2_salth0.7","computer_vision","3","77.27"
"903","077-W2021010-351_R2_5dpi","May10_16-42-59_2021_up0.8_dwn0.2_salth0.7","computer_vision","2","0"
"904","077-W2021010-351_R2_5dpi","May11_00-29-56_2021_up0.8_dwn0.2_salth0.7","computer_vision","2","0.14"
"905","077-W2021010-351_R2_5dpi","Jan25_15-51-04_2024_up0.8_dwn0.2_salth0.7","computer_vision","3","56.64"
"906","077-W2021010-351_R2_5dpi","Jan29_16-28-38_2024_up0.8_dwn0.3_salth0.7","computer_vision","2","19.32"
"907","077-W2021010-351_R2_5dpi","NW","human","3","0"
"908","077-W2021010-351_R2_5dpi","Feb01_00-00-41_2024_up0.8_dwn0.3_salth0.7","computer_vision","3","63.77"
"909","077-W2021010-351_R2_5dpi","Feb01_00-00-41_2024_up0.7_dwn0.3_salth0.7","computer_vision","3","69.33"
"910","077-W2021010-351_R2_5dpi","Feb03_04-58-39_2024_up0.8_dwn0.3_salth0.7","computer_vision","2","0.16"
"911","080-W2021011-586_R2_10dpi","MW","human","3","85"
"912","080-W2021011-586_R2_10dpi","BR","human","3","85"
"913","080-W2021011-586_R2_10dpi","CC","human","3","90"
"914","080-W2021011-586_R2_10dpi","DG","human","3","85"
"915","080-W2021011-586_R2_10dpi","Aug31_03-06-57_2023_up0.8_dwn0.2_salth0.7","computer_vision","3","87.64"
"916","080-W2021011-586_R2_10dpi","May10_16-42-59_2021_up0.8_dwn0.2_salth0.7","computer_vision","2","7.5"
"917","080-W2021011-586_R2_10dpi","May11_00-29-56_2021_up0.8_dwn0.2_salth0.7","computer_vision","2","13"
"918","080-W2021011-586_R2_10dpi","Jan25_15-51-04_2024_up0.8_dwn0.2_salth0.7","computer_vision","3","90.74"
"919","080-W2021011-586_R2_10dpi","Jan29_16-28-38_2024_up0.8_dwn0.3_salth0.7","computer_vision","2","91.36"
"920","080-W2021011-586_R2_10dpi","TB","human","3","98"
"921","080-W2021011-586_R2_10dpi","NW","human","3","85"
"922","080-W2021011-586_R2_10dpi","Feb01_00-00-41_2024_up0.8_dwn0.3_salth0.7","computer_vision","3","85.14"
"923","080-W2021011-586_R2_10dpi","Feb01_00-00-41_2024_up0.7_dwn0.3_salth0.7","computer_vision","3","89.81"
"924","080-W2021011-586_R2_10dpi","Feb03_04-58-39_2024_up0.8_dwn0.3_salth0.7","computer_vision","2","95.92"
"925","084-W2021010-319_R1_5dpi","TB","human","3","0"
"926","084-W2021010-319_R1_5dpi","MW","human","3","0"
"927","084-W2021010-319_R1_5dpi","BR","human","3","0"
"928","084-W2021010-319_R1_5dpi","CC","human","3","0"
"929","084-W2021010-319_R1_5dpi","DG","human","3","0"
"930","084-W2021010-319_R1_5dpi","Aug31_03-06-57_2023_up0.8_dwn0.2_salth0.7","computer_vision","3","0"
"931","084-W2021010-319_R1_5dpi","May10_16-42-59_2021_up0.8_dwn0.2_salth0.7","computer_vision","2","11.59"
"932","084-W2021010-319_R1_5dpi","May11_00-29-56_2021_up0.8_dwn0.2_salth0.7","computer_vision","2","9.52"
"933","084-W2021010-319_R1_5dpi","Jan25_15-51-04_2024_up0.8_dwn0.2_salth0.7","computer_vision","3","0.2"
"934","084-W2021010-319_R1_5dpi","Jan29_16-28-38_2024_up0.8_dwn0.3_salth0.7","computer_vision","2","2.22"
"935","084-W2021010-319_R1_5dpi","NW","human","3","0"
"936","084-W2021010-319_R1_5dpi","Feb01_00-00-41_2024_up0.8_dwn0.3_salth0.7","computer_vision","3","0.49"
"937","084-W2021010-319_R1_5dpi","Feb01_00-00-41_2024_up0.7_dwn0.3_salth0.7","computer_vision","3","1.63"
"938","084-W2021010-319_R1_5dpi","Feb03_04-58-39_2024_up0.8_dwn0.3_salth0.7","computer_vision","2","2.86"
"939","085-W2021010-630_R1_5dpi","TB","human","3","0"
"940","085-W2021010-630_R1_5dpi","MW","human","3","0"
"941","085-W2021010-630_R1_5dpi","BR","human","3","0"
"942","085-W2021010-630_R1_5dpi","CC","human","3","0"
"943","085-W2021010-630_R1_5dpi","DG","human","3","0"
"944","085-W2021010-630_R1_5dpi","Aug31_03-06-57_2023_up0.8_dwn0.2_salth0.7","computer_vision","3","0.46"
"945","085-W2021010-630_R1_5dpi","May10_16-42-59_2021_up0.8_dwn0.2_salth0.7","computer_vision","2","0.14"
"946","085-W2021010-630_R1_5dpi","May11_00-29-56_2021_up0.8_dwn0.2_salth0.7","computer_vision","2","0.14"
"947","085-W2021010-630_R1_5dpi","Jan25_15-51-04_2024_up0.8_dwn0.2_salth0.7","computer_vision","3","0.16"
"948","085-W2021010-630_R1_5dpi","Jan29_16-28-38_2024_up0.8_dwn0.3_salth0.7","computer_vision","2","0.93"
"949","085-W2021010-630_R1_5dpi","NW","human","3","0"
"950","085-W2021010-630_R1_5dpi","Feb01_00-00-41_2024_up0.8_dwn0.3_salth0.7","computer_vision","3","0.15"
"951","085-W2021010-630_R1_5dpi","Feb01_00-00-41_2024_up0.7_dwn0.3_salth0.7","computer_vision","3","0.3"
"952","085-W2021010-630_R1_5dpi","Feb03_04-58-39_2024_up0.8_dwn0.3_salth0.7","computer_vision","2","0"
"953","088-W2021009-288_R2_10dpi","MW","human","3","95"
"954","088-W2021009-288_R2_10dpi","BR","human","3","90"
"955","088-W2021009-288_R2_10dpi","CC","human","3","90"
"956","088-W2021009-288_R2_10dpi","DG","human","3","90"
"957","088-W2021009-288_R2_10dpi","Aug31_03-06-57_2023_up0.8_dwn0.2_salth0.7","computer_vision","3","82.85"
"958","088-W2021009-288_R2_10dpi","May10_16-42-59_2021_up0.8_dwn0.2_salth0.7","computer_vision","2","15.24"
"959","088-W2021009-288_R2_10dpi","May11_00-29-56_2021_up0.8_dwn0.2_salth0.7","computer_vision","2","18.46"
"960","088-W2021009-288_R2_10dpi","Jan25_15-51-04_2024_up0.8_dwn0.2_salth0.7","computer_vision","3","84.49"
"961","088-W2021009-288_R2_10dpi","Jan29_16-28-38_2024_up0.8_dwn0.3_salth0.7","computer_vision","2","89.2"
"962","088-W2021009-288_R2_10dpi","TB","human","3","100"
"963","088-W2021009-288_R2_10dpi","NW","human","3","85"
"964","088-W2021009-288_R2_10dpi","Feb01_00-00-41_2024_up0.8_dwn0.3_salth0.7","computer_vision","3","82.65"
"965","088-W2021009-288_R2_10dpi","Feb01_00-00-41_2024_up0.7_dwn0.3_salth0.7","computer_vision","3","85.78"
"966","088-W2021009-288_R2_10dpi","Feb03_04-58-39_2024_up0.8_dwn0.3_salth0.7","computer_vision","2","88.41"
"967","091-W2021006-056_R2_5dpi","TB","human","3","0"
"968","091-W2021006-056_R2_5dpi","MW","human","3","5"
"969","091-W2021006-056_R2_5dpi","BR","human","3","5"
"970","091-W2021006-056_R2_5dpi","CC","human","3","0"
"971","091-W2021006-056_R2_5dpi","DG","human","3","0"
"972","091-W2021006-056_R2_5dpi","Aug31_03-06-57_2023_up0.8_dwn0.2_salth0.7","computer_vision","3","1.41"
"973","091-W2021006-056_R2_5dpi","May10_16-42-59_2021_up0.8_dwn0.2_salth0.7","computer_vision","2","2.98"
"974","091-W2021006-056_R2_5dpi","May11_00-29-56_2021_up0.8_dwn0.2_salth0.7","computer_vision","2","3.21"
"975","091-W2021006-056_R2_5dpi","Jan25_15-51-04_2024_up0.8_dwn0.2_salth0.7","computer_vision","3","0.53"
"976","091-W2021006-056_R2_5dpi","Jan29_16-28-38_2024_up0.8_dwn0.3_salth0.7","computer_vision","2","1.93"
"977","091-W2021006-056_R2_5dpi","NW","human","3","0"
"978","091-W2021006-056_R2_5dpi","Feb01_00-00-41_2024_up0.8_dwn0.3_salth0.7","computer_vision","3","1.14"
"979","091-W2021006-056_R2_5dpi","Feb01_00-00-41_2024_up0.7_dwn0.3_salth0.7","computer_vision","3","1.78"
"980","091-W2021006-056_R2_5dpi","Feb03_04-58-39_2024_up0.8_dwn0.3_salth0.7","computer_vision","2","0.47"
"981","091-W2021010-394_R2_10dpi","MW","human","3","0"
"982","091-W2021010-394_R2_10dpi","BR","human","3","0"
"983","091-W2021010-394_R2_10dpi","CC","human","3","0"
"984","091-W2021010-394_R2_10dpi","DG","human","3","0"
"985","091-W2021010-394_R2_10dpi","Aug31_03-06-57_2023_up0.8_dwn0.2_salth0.7","computer_vision","3","0"
"986","091-W2021010-394_R2_10dpi","May10_16-42-59_2021_up0.8_dwn0.2_salth0.7","computer_vision","2","0.27"
"987","091-W2021010-394_R2_10dpi","May11_00-29-56_2021_up0.8_dwn0.2_salth0.7","computer_vision","2","0.41"
"988","091-W2021010-394_R2_10dpi","Jan25_15-51-04_2024_up0.8_dwn0.2_salth0.7","computer_vision","3","0.14"
"989","091-W2021010-394_R2_10dpi","Jan29_16-28-38_2024_up0.8_dwn0.3_salth0.7","computer_vision","2","1.15"
"990","091-W2021010-394_R2_10dpi","TB","human","3","0"
"991","091-W2021010-394_R2_10dpi","NW","human","3","0"
"992","091-W2021010-394_R2_10dpi","Feb01_00-00-41_2024_up0.8_dwn0.3_salth0.7","computer_vision","3","0.14"
"993","091-W2021010-394_R2_10dpi","Feb01_00-00-41_2024_up0.7_dwn0.3_salth0.7","computer_vision","3","0.27"
"994","091-W2021010-394_R2_10dpi","Feb03_04-58-39_2024_up0.8_dwn0.3_salth0.7","computer_vision","2","0.43"
"995","092-W2021010-394_R1_10dpi","MW","human","3","0"
"996","092-W2021010-394_R1_10dpi","BR","human","3","0"
"997","092-W2021010-394_R1_10dpi","CC","human","3","2"
"998","092-W2021010-394_R1_10dpi","DG","human","3","0"
"999","092-W2021010-394_R1_10dpi","Aug31_03-06-57_2023_up0.8_dwn0.2_salth0.7","computer_vision","3","19.66"
"1000","092-W2021010-394_R1_10dpi","May10_16-42-59_2021_up0.8_dwn0.2_salth0.7","computer_vision","2","17.72"
"1001","092-W2021010-394_R1_10dpi","May11_00-29-56_2021_up0.8_dwn0.2_salth0.7","computer_vision","2","17.33"
"1002","092-W2021010-394_R1_10dpi","Jan25_15-51-04_2024_up0.8_dwn0.2_salth0.7","computer_vision","3","1.03"
"1003","092-W2021010-394_R1_10dpi","Jan29_16-28-38_2024_up0.8_dwn0.3_salth0.7","computer_vision","2","6.94"
"1004","092-W2021010-394_R1_10dpi","TB","human","3","0"
"1005","092-W2021010-394_R1_10dpi","NW","human","3","0"
"1006","092-W2021010-394_R1_10dpi","Feb01_00-00-41_2024_up0.8_dwn0.3_salth0.7","computer_vision","3","6.78"
"1007","092-W2021010-394_R1_10dpi","Feb01_00-00-41_2024_up0.7_dwn0.3_salth0.7","computer_vision","3","9.75"
"1008","092-W2021010-394_R1_10dpi","Feb03_04-58-39_2024_up0.8_dwn0.3_salth0.7","computer_vision","2","8.96"
"1009","094-W2021010-315_R2_5dpi","TB","human","3","1"
"1010","094-W2021010-315_R2_5dpi","MW","human","3","0"
"1011","094-W2021010-315_R2_5dpi","BR","human","3","0"
"1012","094-W2021010-315_R2_5dpi","CC","human","3","0"
"1013","094-W2021010-315_R2_5dpi","DG","human","3","0"
"1014","094-W2021010-315_R2_5dpi","Aug31_03-06-57_2023_up0.8_dwn0.2_salth0.7","computer_vision","3","0"
"1015","094-W2021010-315_R2_5dpi","May10_16-42-59_2021_up0.8_dwn0.2_salth0.7","computer_vision","2","2.15"
"1016","094-W2021010-315_R2_5dpi","May11_00-29-56_2021_up0.8_dwn0.2_salth0.7","computer_vision","2","2.19"
"1017","094-W2021010-315_R2_5dpi","Jan25_15-51-04_2024_up0.8_dwn0.2_salth0.7","computer_vision","3","0.32"
"1018","094-W2021010-315_R2_5dpi","Jan29_16-28-38_2024_up0.8_dwn0.3_salth0.7","computer_vision","2","0.15"
"1019","094-W2021010-315_R2_5dpi","NW","human","3","0"
"1020","094-W2021010-315_R2_5dpi","Feb01_00-00-41_2024_up0.8_dwn0.3_salth0.7","computer_vision","3","0"
"1021","094-W2021010-315_R2_5dpi","Feb01_00-00-41_2024_up0.7_dwn0.3_salth0.7","computer_vision","3","0.3"
"1022","094-W2021010-315_R2_5dpi","Feb03_04-58-39_2024_up0.8_dwn0.3_salth0.7","computer_vision","2","0.16"
"1023","095-W2021009-283_R1_10dpi","MW","human","3","0"
"1024","095-W2021009-283_R1_10dpi","BR","human","3","0"
"1025","095-W2021009-283_R1_10dpi","CC","human","3","0"
"1026","095-W2021009-283_R1_10dpi","DG","human","3","0"
"1027","095-W2021009-283_R1_10dpi","Aug31_03-06-57_2023_up0.8_dwn0.2_salth0.7","computer_vision","3","9.47"
"1028","095-W2021009-283_R1_10dpi","May10_16-42-59_2021_up0.8_dwn0.2_salth0.7","computer_vision","2","9.35"
"1029","095-W2021009-283_R1_10dpi","May11_00-29-56_2021_up0.8_dwn0.2_salth0.7","computer_vision","2","13.79"
"1030","095-W2021009-283_R1_10dpi","Jan25_15-51-04_2024_up0.8_dwn0.2_salth0.7","computer_vision","3","4.52"
"1031","095-W2021009-283_R1_10dpi","Jan29_16-28-38_2024_up0.8_dwn0.3_salth0.7","computer_vision","2","7.68"
"1032","095-W2021009-283_R1_10dpi","TB","human","3","0"
"1033","095-W2021009-283_R1_10dpi","NW","human","3","0"
"1034","095-W2021009-283_R1_10dpi","Feb01_00-00-41_2024_up0.8_dwn0.3_salth0.7","computer_vision","3","2.93"
"1035","095-W2021009-283_R1_10dpi","Feb01_00-00-41_2024_up0.7_dwn0.3_salth0.7","computer_vision","3","4.51"
"1036","095-W2021009-283_R1_10dpi","Feb03_04-58-39_2024_up0.8_dwn0.3_salth0.7","computer_vision","2","14.74"
"1037","095-W2021011-553_R2_5dpi","TB","human","3","0"
"1038","095-W2021011-553_R2_5dpi","MW","human","3","1"
"1039","095-W2021011-553_R2_5dpi","BR","human","3","0"
"1040","095-W2021011-553_R2_5dpi","CC","human","3","1"
"1041","095-W2021011-553_R2_5dpi","DG","human","3","0"
"1042","095-W2021011-553_R2_5dpi","Aug31_03-06-57_2023_up0.8_dwn0.2_salth0.7","computer_vision","3","4.64"
"1043","095-W2021011-553_R2_5dpi","May10_16-42-59_2021_up0.8_dwn0.2_salth0.7","computer_vision","2","0.46"
"1044","095-W2021011-553_R2_5dpi","May11_00-29-56_2021_up0.8_dwn0.2_salth0.7","computer_vision","2","0.85"
"1045","095-W2021011-553_R2_5dpi","Jan25_15-51-04_2024_up0.8_dwn0.2_salth0.7","computer_vision","3","0.28"
"1046","095-W2021011-553_R2_5dpi","Jan29_16-28-38_2024_up0.8_dwn0.3_salth0.7","computer_vision","2","0.85"
"1047","095-W2021011-553_R2_5dpi","NW","human","3","0"
"1048","095-W2021011-553_R2_5dpi","Feb01_00-00-41_2024_up0.8_dwn0.3_salth0.7","computer_vision","3","0"
"1049","095-W2021011-553_R2_5dpi","Feb01_00-00-41_2024_up0.7_dwn0.3_salth0.7","computer_vision","3","0.17"
"1050","095-W2021011-553_R2_5dpi","Feb03_04-58-39_2024_up0.8_dwn0.3_salth0.7","computer_vision","2","0.52"
"1051","097-W2021006-126_R2_10dpi","MW","human","3","75"
"1052","097-W2021006-126_R2_10dpi","BR","human","3","80"
"1053","097-W2021006-126_R2_10dpi","CC","human","3","85"
"1054","097-W2021006-126_R2_10dpi","DG","human","3","65"
"1055","097-W2021006-126_R2_10dpi","Aug31_03-06-57_2023_up0.8_dwn0.2_salth0.7","computer_vision","3","70.89"
"1056","097-W2021006-126_R2_10dpi","May10_16-42-59_2021_up0.8_dwn0.2_salth0.7","computer_vision","2","18.02"
"1057","097-W2021006-126_R2_10dpi","May11_00-29-56_2021_up0.8_dwn0.2_salth0.7","computer_vision","2","22.99"
"1058","097-W2021006-126_R2_10dpi","Jan25_15-51-04_2024_up0.8_dwn0.2_salth0.7","computer_vision","3","79.14"
"1059","097-W2021006-126_R2_10dpi","Jan29_16-28-38_2024_up0.8_dwn0.3_salth0.7","computer_vision","2","85.82"
"1060","097-W2021006-126_R2_10dpi","TB","human","3","93"
"1061","097-W2021006-126_R2_10dpi","NW","human","3","85"
"1062","097-W2021006-126_R2_10dpi","Feb01_00-00-41_2024_up0.8_dwn0.3_salth0.7","computer_vision","3","78.16"
"1063","097-W2021006-126_R2_10dpi","Feb01_00-00-41_2024_up0.7_dwn0.3_salth0.7","computer_vision","3","83.18"
"1064","097-W2021006-126_R2_10dpi","Feb03_04-58-39_2024_up0.8_dwn0.3_salth0.7","computer_vision","2","86.73"
"1065","097-W2021006-611_R1_10dpi","MW","human","3","100"
"1066","097-W2021006-611_R1_10dpi","BR","human","3","100"
"1067","097-W2021006-611_R1_10dpi","CC","human","3","98"
"1068","097-W2021006-611_R1_10dpi","DG","human","3","90"
"1069","097-W2021006-611_R1_10dpi","Aug31_03-06-57_2023_up0.8_dwn0.2_salth0.7","computer_vision","3","94.56"
"1070","097-W2021006-611_R1_10dpi","May10_16-42-59_2021_up0.8_dwn0.2_salth0.7","computer_vision","2","25.2"
"1071","097-W2021006-611_R1_10dpi","May11_00-29-56_2021_up0.8_dwn0.2_salth0.7","computer_vision","2","40.04"
"1072","097-W2021006-611_R1_10dpi","Jan25_15-51-04_2024_up0.8_dwn0.2_salth0.7","computer_vision","3","95.38"
"1073","097-W2021006-611_R1_10dpi","Jan29_16-28-38_2024_up0.8_dwn0.3_salth0.7","computer_vision","2","98.72"
"1074","097-W2021006-611_R1_10dpi","TB","human","3","100"
"1075","097-W2021006-611_R1_10dpi","NW","human","3","100"
"1076","097-W2021006-611_R1_10dpi","Feb01_00-00-41_2024_up0.8_dwn0.3_salth0.7","computer_vision","3","95.31"
"1077","097-W2021006-611_R1_10dpi","Feb01_00-00-41_2024_up0.7_dwn0.3_salth0.7","computer_vision","3","98.4"
"1078","097-W2021006-611_R1_10dpi","Feb03_04-58-39_2024_up0.8_dwn0.3_salth0.7","computer_vision","2","99.82"
"1079","097-W2021006-617_R2_5dpi","TB","human","3","65"
"1080","097-W2021006-617_R2_5dpi","MW","human","3","26"
"1081","097-W2021006-617_R2_5dpi","BR","human","3","60"
"1082","097-W2021006-617_R2_5dpi","CC","human","3","15"
"1083","097-W2021006-617_R2_5dpi","DG","human","3","8"
"1084","097-W2021006-617_R2_5dpi","Aug31_03-06-57_2023_up0.8_dwn0.2_salth0.7","computer_vision","3","34.32"
"1085","097-W2021006-617_R2_5dpi","May10_16-42-59_2021_up0.8_dwn0.2_salth0.7","computer_vision","2","1.64"
"1086","097-W2021006-617_R2_5dpi","May11_00-29-56_2021_up0.8_dwn0.2_salth0.7","computer_vision","2","3.45"
"1087","097-W2021006-617_R2_5dpi","Jan25_15-51-04_2024_up0.8_dwn0.2_salth0.7","computer_vision","3","29.46"
"1088","097-W2021006-617_R2_5dpi","Jan29_16-28-38_2024_up0.8_dwn0.3_salth0.7","computer_vision","2","34.81"
"1089","097-W2021006-617_R2_5dpi","NW","human","3","20"
"1090","097-W2021006-617_R2_5dpi","Feb01_00-00-41_2024_up0.8_dwn0.3_salth0.7","computer_vision","3","34.56"
"1091","097-W2021006-617_R2_5dpi","Feb01_00-00-41_2024_up0.7_dwn0.3_salth0.7","computer_vision","3","37.87"
"1092","097-W2021006-617_R2_5dpi","Feb03_04-58-39_2024_up0.8_dwn0.3_salth0.7","computer_vision","2","23.66"
"1093","097-W2021009-163_R1_5dpi","TB","human","3","50"
"1094","097-W2021009-163_R1_5dpi","MW","human","3","31"
"1095","097-W2021009-163_R1_5dpi","BR","human","3","85"
"1096","097-W2021009-163_R1_5dpi","CC","human","3","25"
"1097","097-W2021009-163_R1_5dpi","DG","human","3","4"
"1098","097-W2021009-163_R1_5dpi","Aug31_03-06-57_2023_up0.8_dwn0.2_salth0.7","computer_vision","3","39.53"
"1099","097-W2021009-163_R1_5dpi","May10_16-42-59_2021_up0.8_dwn0.2_salth0.7","computer_vision","2","30.38"
"1100","097-W2021009-163_R1_5dpi","May11_00-29-56_2021_up0.8_dwn0.2_salth0.7","computer_vision","2","42.48"
"1101","097-W2021009-163_R1_5dpi","Jan25_15-51-04_2024_up0.8_dwn0.2_salth0.7","computer_vision","3","33.74"
"1102","097-W2021009-163_R1_5dpi","Jan29_16-28-38_2024_up0.8_dwn0.3_salth0.7","computer_vision","2","47.18"
"1103","097-W2021009-163_R1_5dpi","NW","human","3","0"
"1104","097-W2021009-163_R1_5dpi","Feb01_00-00-41_2024_up0.8_dwn0.3_salth0.7","computer_vision","3","50.79"
"1105","097-W2021009-163_R1_5dpi","Feb01_00-00-41_2024_up0.7_dwn0.3_salth0.7","computer_vision","3","53.54"
"1106","097-W2021009-163_R1_5dpi","Feb03_04-58-39_2024_up0.8_dwn0.3_salth0.7","computer_vision","2","54.27"
"1107","098-W2021006-126_R1_10dpi","MW","human","3","60"
"1108","098-W2021006-126_R1_10dpi","BR","human","3","45"
"1109","098-W2021006-126_R1_10dpi","CC","human","3","60"
"1110","098-W2021006-126_R1_10dpi","DG","human","3","45"
"1111","098-W2021006-126_R1_10dpi","Aug31_03-06-57_2023_up0.8_dwn0.2_salth0.7","computer_vision","3","62.33"
"1112","098-W2021006-126_R1_10dpi","May10_16-42-59_2021_up0.8_dwn0.2_salth0.7","computer_vision","2","26.96"
"1113","098-W2021006-126_R1_10dpi","May11_00-29-56_2021_up0.8_dwn0.2_salth0.7","computer_vision","2","33.38"
"1114","098-W2021006-126_R1_10dpi","Jan25_15-51-04_2024_up0.8_dwn0.2_salth0.7","computer_vision","3","70.19"
"1115","098-W2021006-126_R1_10dpi","Jan29_16-28-38_2024_up0.8_dwn0.3_salth0.7","computer_vision","2","80.03"
"1116","098-W2021006-126_R1_10dpi","TB","human","3","95"
"1117","098-W2021006-126_R1_10dpi","NW","human","3","55"
"1118","098-W2021006-126_R1_10dpi","Feb01_00-00-41_2024_up0.8_dwn0.3_salth0.7","computer_vision","3","69.45"
"1119","098-W2021006-126_R1_10dpi","Feb01_00-00-41_2024_up0.7_dwn0.3_salth0.7","computer_vision","3","72.85"
"1120","098-W2021006-126_R1_10dpi","Feb03_04-58-39_2024_up0.8_dwn0.3_salth0.7","computer_vision","2","81.87"
"1121","099-W2021006-611_R2_10dpi","Feb01_00-00-41_2024_up0.8_dwn0.3_salth0.7","computer_vision","3","20.86"
"1122","099-W2021006-611_R2_10dpi","Feb01_00-00-41_2024_up0.7_dwn0.3_salth0.7","computer_vision","3","24.17"
"1123","099-W2021006-611_R2_10dpi","Feb03_04-58-39_2024_up0.8_dwn0.3_salth0.7","computer_vision","2","26.19"
"1124","099-W2021006-611_R2_5dpi","Feb01_00-00-41_2024_up0.8_dwn0.3_salth0.7","computer_vision","3","22.84"
"1125","099-W2021006-611_R2_5dpi","Feb01_00-00-41_2024_up0.7_dwn0.3_salth0.7","computer_vision","3","25.51"
"1126","099-W2021006-611_R2_5dpi","Feb03_04-58-39_2024_up0.8_dwn0.3_salth0.7","computer_vision","2","29.82"
"1127","099-W2021006-611_R2_10dpi","MW","human","3","20"
"1128","099-W2021006-611_R2_10dpi","BR","human","3","25"
"1129","099-W2021006-611_R2_10dpi","CC","human","3","25"
"1130","099-W2021006-611_R2_10dpi","DG","human","3","8"
"1131","099-W2021006-611_R2_10dpi","Aug31_03-06-57_2023_up0.8_dwn0.2_salth0.7","computer_vision","3","21.59"
"1132","099-W2021006-611_R2_10dpi","May10_16-42-59_2021_up0.8_dwn0.2_salth0.7","computer_vision","2","28.05"
"1133","099-W2021006-611_R2_10dpi","May11_00-29-56_2021_up0.8_dwn0.2_salth0.7","computer_vision","2","29.74"
"1134","099-W2021006-611_R2_10dpi","Jan25_15-51-04_2024_up0.8_dwn0.2_salth0.7","computer_vision","3","19.04"
"1135","099-W2021006-611_R2_10dpi","Jan29_16-28-38_2024_up0.8_dwn0.3_salth0.7","computer_vision","2","24.69"
"1136","099-W2021006-611_R2_10dpi","TB","human","3","70"
"1137","099-W2021006-611_R2_10dpi","NW","human","3","20"
"1138","099-W2021006-611_R2_5dpi","TB","human","3","40"
"1139","099-W2021006-611_R2_5dpi","MW","human","3","19"
"1140","099-W2021006-611_R2_5dpi","BR","human","3","50"
"1141","099-W2021006-611_R2_5dpi","CC","human","3","16"
"1142","099-W2021006-611_R2_5dpi","DG","human","3","8"
"1143","099-W2021006-611_R2_5dpi","Aug31_03-06-57_2023_up0.8_dwn0.2_salth0.7","computer_vision","3","21.88"
"1144","099-W2021006-611_R2_5dpi","May10_16-42-59_2021_up0.8_dwn0.2_salth0.7","computer_vision","2","2.15"
"1145","099-W2021006-611_R2_5dpi","May11_00-29-56_2021_up0.8_dwn0.2_salth0.7","computer_vision","2","8.88"
"1146","099-W2021006-611_R2_5dpi","Jan25_15-51-04_2024_up0.8_dwn0.2_salth0.7","computer_vision","3","24.64"
"1147","099-W2021006-611_R2_5dpi","Jan29_16-28-38_2024_up0.8_dwn0.3_salth0.7","computer_vision","2","21.27"
"1148","099-W2021006-611_R2_5dpi","NW","human","3","0"
"1149","101-W2021011-565_R1_5dpi","TB","human","3","88"
"1150","101-W2021011-565_R1_5dpi","MW","human","3","80"
"1151","101-W2021011-565_R1_5dpi","BR","human","3","90"
"1152","101-W2021011-565_R1_5dpi","CC","human","3","60"
"1153","101-W2021011-565_R1_5dpi","DG","human","3","30"
"1154","101-W2021011-565_R1_5dpi","Aug31_03-06-57_2023_up0.8_dwn0.2_salth0.7","computer_vision","3","84.12"
"1155","101-W2021011-565_R1_5dpi","May10_16-42-59_2021_up0.8_dwn0.2_salth0.7","computer_vision","2","60.92"
"1156","101-W2021011-565_R1_5dpi","May11_00-29-56_2021_up0.8_dwn0.2_salth0.7","computer_vision","2","75.15"
"1157","101-W2021011-565_R1_5dpi","Jan25_15-51-04_2024_up0.8_dwn0.2_salth0.7","computer_vision","3","74.8"
"1158","101-W2021011-565_R1_5dpi","Jan29_16-28-38_2024_up0.8_dwn0.3_salth0.7","computer_vision","2","77.71"
"1159","101-W2021011-565_R1_5dpi","NW","human","3","0"
"1160","101-W2021011-565_R1_5dpi","Feb01_00-00-41_2024_up0.8_dwn0.3_salth0.7","computer_vision","3","77.81"
"1161","101-W2021011-565_R1_5dpi","Feb01_00-00-41_2024_up0.7_dwn0.3_salth0.7","computer_vision","3","78.87"
"1162","101-W2021011-565_R1_5dpi","Feb03_04-58-39_2024_up0.8_dwn0.3_salth0.7","computer_vision","2","71.22"
"1163","102-W2021011-565_R2_10dpi","MW","human","3","75"
"1164","102-W2021011-565_R2_10dpi","BR","human","3","70"
"1165","102-W2021011-565_R2_10dpi","CC","human","3","80"
"1166","102-W2021011-565_R2_10dpi","DG","human","3","60"
"1167","102-W2021011-565_R2_10dpi","Aug31_03-06-57_2023_up0.8_dwn0.2_salth0.7","computer_vision","3","77.27"
"1168","102-W2021011-565_R2_10dpi","May10_16-42-59_2021_up0.8_dwn0.2_salth0.7","computer_vision","2","16.74"
"1169","102-W2021011-565_R2_10dpi","May11_00-29-56_2021_up0.8_dwn0.2_salth0.7","computer_vision","2","22.8"
"1170","102-W2021011-565_R2_10dpi","Jan25_15-51-04_2024_up0.8_dwn0.2_salth0.7","computer_vision","3","75.61"
"1171","102-W2021011-565_R2_10dpi","Jan29_16-28-38_2024_up0.8_dwn0.3_salth0.7","computer_vision","2","92.06"
"1172","102-W2021011-565_R2_10dpi","TB","human","3","96"
"1173","102-W2021011-565_R2_10dpi","NW","human","3","90"
"1174","102-W2021011-565_R2_10dpi","Feb01_00-00-41_2024_up0.8_dwn0.3_salth0.7","computer_vision","3","78.71"
"1175","102-W2021011-565_R2_10dpi","Feb01_00-00-41_2024_up0.7_dwn0.3_salth0.7","computer_vision","3","83.93"
"1176","102-W2021011-565_R2_10dpi","Feb03_04-58-39_2024_up0.8_dwn0.3_salth0.7","computer_vision","2","91.72"
"1177","103-W2021011-591_R2_10dpi","MW","human","3","35"
"1178","103-W2021011-591_R2_10dpi","BR","human","3","35"
"1179","103-W2021011-591_R2_10dpi","CC","human","3","50"
"1180","103-W2021011-591_R2_10dpi","DG","human","3","30"
"1181","103-W2021011-591_R2_10dpi","Aug31_03-06-57_2023_up0.8_dwn0.2_salth0.7","computer_vision","3","27.23"
"1182","103-W2021011-591_R2_10dpi","May10_16-42-59_2021_up0.8_dwn0.2_salth0.7","computer_vision","2","7.58"
"1183","103-W2021011-591_R2_10dpi","May11_00-29-56_2021_up0.8_dwn0.2_salth0.7","computer_vision","2","6.7"
"1184","103-W2021011-591_R2_10dpi","Jan25_15-51-04_2024_up0.8_dwn0.2_salth0.7","computer_vision","3","29.2"
"1185","103-W2021011-591_R2_10dpi","Jan29_16-28-38_2024_up0.8_dwn0.3_salth0.7","computer_vision","2","47.29"
"1186","103-W2021011-591_R2_10dpi","TB","human","3","50"
"1187","103-W2021011-591_R2_10dpi","NW","human","3","55"
"1188","103-W2021011-591_R2_10dpi","Feb01_00-00-41_2024_up0.8_dwn0.3_salth0.7","computer_vision","3","39.23"
"1189","103-W2021011-591_R2_10dpi","Feb01_00-00-41_2024_up0.7_dwn0.3_salth0.7","computer_vision","3","42.96"
"1190","103-W2021011-591_R2_10dpi","Feb03_04-58-39_2024_up0.8_dwn0.3_salth0.7","computer_vision","2","45.47"
"1191","105-W2021010-625_R1_10dpi","MW","human","3","60"
"1192","105-W2021010-625_R1_10dpi","BR","human","3","30"
"1193","105-W2021010-625_R1_10dpi","CC","human","3","70"
"1194","105-W2021010-625_R1_10dpi","DG","human","3","50"
"1195","105-W2021010-625_R1_10dpi","Aug31_03-06-57_2023_up0.8_dwn0.2_salth0.7","computer_vision","3","34.99"
"1196","105-W2021010-625_R1_10dpi","May10_16-42-59_2021_up0.8_dwn0.2_salth0.7","computer_vision","2","51.85"
"1197","105-W2021010-625_R1_10dpi","May11_00-29-56_2021_up0.8_dwn0.2_salth0.7","computer_vision","2","54.46"
"1198","105-W2021010-625_R1_10dpi","Jan25_15-51-04_2024_up0.8_dwn0.2_salth0.7","computer_vision","3","31.9"
"1199","105-W2021010-625_R1_10dpi","Jan29_16-28-38_2024_up0.8_dwn0.3_salth0.7","computer_vision","2","68.21"
"1200","105-W2021010-625_R1_10dpi","TB","human","3","85"
"1201","105-W2021010-625_R1_10dpi","NW","human","3","25"
"1202","105-W2021010-625_R1_10dpi","Feb01_00-00-41_2024_up0.8_dwn0.3_salth0.7","computer_vision","3","37.9"
"1203","105-W2021010-625_R1_10dpi","Feb01_00-00-41_2024_up0.7_dwn0.3_salth0.7","computer_vision","3","43.42"
"1204","105-W2021010-625_R1_10dpi","Feb03_04-58-39_2024_up0.8_dwn0.3_salth0.7","computer_vision","2","63.48"
"1205","105-W2021011-558_R1_5dpi","TB","human","3","0"
"1206","105-W2021011-558_R1_5dpi","MW","human","3","3"
"1207","105-W2021011-558_R1_5dpi","BR","human","3","0"
"1208","105-W2021011-558_R1_5dpi","CC","human","3","0"
"1209","105-W2021011-558_R1_5dpi","DG","human","3","0"
"1210","105-W2021011-558_R1_5dpi","Aug31_03-06-57_2023_up0.8_dwn0.2_salth0.7","computer_vision","3","10.29"
"1211","105-W2021011-558_R1_5dpi","May10_16-42-59_2021_up0.8_dwn0.2_salth0.7","computer_vision","2","0.14"
"1212","105-W2021011-558_R1_5dpi","May11_00-29-56_2021_up0.8_dwn0.2_salth0.7","computer_vision","2","0.9"
"1213","105-W2021011-558_R1_5dpi","Jan25_15-51-04_2024_up0.8_dwn0.2_salth0.7","computer_vision","3","1.49"
"1214","105-W2021011-558_R1_5dpi","Jan29_16-28-38_2024_up0.8_dwn0.3_salth0.7","computer_vision","2","0.65"
"1215","105-W2021011-558_R1_5dpi","NW","human","3","0"
"1216","105-W2021011-558_R1_5dpi","Feb01_00-00-41_2024_up0.8_dwn0.3_salth0.7","computer_vision","3","0.33"
"1217","105-W2021011-558_R1_5dpi","Feb01_00-00-41_2024_up0.7_dwn0.3_salth0.7","computer_vision","3","0.66"
"1218","105-W2021011-558_R1_5dpi","Feb03_04-58-39_2024_up0.8_dwn0.3_salth0.7","computer_vision","2","0.32"
"1219","108-W2021011-550_R2_10dpi","MW","human","3","11"
"1220","108-W2021011-550_R2_10dpi","BR","human","3","8"
"1221","108-W2021011-550_R2_10dpi","CC","human","3","30"
"1222","108-W2021011-550_R2_10dpi","DG","human","3","9"
"1223","108-W2021011-550_R2_10dpi","Aug31_03-06-57_2023_up0.8_dwn0.2_salth0.7","computer_vision","3","8.65"
"1224","108-W2021011-550_R2_10dpi","May10_16-42-59_2021_up0.8_dwn0.2_salth0.7","computer_vision","2","13.97"
"1225","108-W2021011-550_R2_10dpi","May11_00-29-56_2021_up0.8_dwn0.2_salth0.7","computer_vision","2","16.33"
"1226","108-W2021011-550_R2_10dpi","Jan25_15-51-04_2024_up0.8_dwn0.2_salth0.7","computer_vision","3","10.7"
"1227","108-W2021011-550_R2_10dpi","Jan29_16-28-38_2024_up0.8_dwn0.3_salth0.7","computer_vision","2","9.95"
"1228","108-W2021011-550_R2_10dpi","TB","human","3","29"
"1229","108-W2021011-550_R2_10dpi","NW","human","3","15"
"1230","108-W2021011-550_R2_10dpi","Feb01_00-00-41_2024_up0.8_dwn0.3_salth0.7","computer_vision","3","8.87"
"1231","108-W2021011-550_R2_10dpi","Feb01_00-00-41_2024_up0.7_dwn0.3_salth0.7","computer_vision","3","10.1"
"1232","108-W2021011-550_R2_10dpi","Feb03_04-58-39_2024_up0.8_dwn0.3_salth0.7","computer_vision","2","12.39"
"1233","109-W2021006-102_R2_10dpi","MW","human","3","90"
"1234","109-W2021006-102_R2_10dpi","BR","human","3","90"
"1235","109-W2021006-102_R2_10dpi","CC","human","3","90"
"1236","109-W2021006-102_R2_10dpi","DG","human","3","85"
"1237","109-W2021006-102_R2_10dpi","Aug31_03-06-57_2023_up0.8_dwn0.2_salth0.7","computer_vision","3","89.28"
"1238","109-W2021006-102_R2_10dpi","May10_16-42-59_2021_up0.8_dwn0.2_salth0.7","computer_vision","2","4.98"
"1239","109-W2021006-102_R2_10dpi","May11_00-29-56_2021_up0.8_dwn0.2_salth0.7","computer_vision","2","7.52"
"1240","109-W2021006-102_R2_10dpi","Jan25_15-51-04_2024_up0.8_dwn0.2_salth0.7","computer_vision","3","89.66"
"1241","109-W2021006-102_R2_10dpi","Jan29_16-28-38_2024_up0.8_dwn0.3_salth0.7","computer_vision","2","95.45"
"1242","109-W2021006-102_R2_10dpi","TB","human","3","100"
"1243","109-W2021006-102_R2_10dpi","NW","human","3","85"
"1244","109-W2021006-102_R2_10dpi","Feb01_00-00-41_2024_up0.8_dwn0.3_salth0.7","computer_vision","3","89.89"
"1245","109-W2021006-102_R2_10dpi","Feb01_00-00-41_2024_up0.7_dwn0.3_salth0.7","computer_vision","3","92.76"
"1246","109-W2021006-102_R2_10dpi","Feb03_04-58-39_2024_up0.8_dwn0.3_salth0.7","computer_vision","2","98.1"
"1247","110-W2021011-454_R2_5dpi","TB","human","3","12"
"1248","110-W2021011-454_R2_5dpi","MW","human","3","15"
"1249","110-W2021011-454_R2_5dpi","BR","human","3","5"
"1250","110-W2021011-454_R2_5dpi","CC","human","3","12"
"1251","110-W2021011-454_R2_5dpi","DG","human","3","2"
"1252","110-W2021011-454_R2_5dpi","Aug31_03-06-57_2023_up0.8_dwn0.2_salth0.7","computer_vision","3","3.11"
"1253","110-W2021011-454_R2_5dpi","May10_16-42-59_2021_up0.8_dwn0.2_salth0.7","computer_vision","2","7.69"
"1254","110-W2021011-454_R2_5dpi","May11_00-29-56_2021_up0.8_dwn0.2_salth0.7","computer_vision","2","12.9"
"1255","110-W2021011-454_R2_5dpi","Jan25_15-51-04_2024_up0.8_dwn0.2_salth0.7","computer_vision","3","1.54"
"1256","110-W2021011-454_R2_5dpi","Jan29_16-28-38_2024_up0.8_dwn0.3_salth0.7","computer_vision","2","7.57"
"1257","110-W2021011-454_R2_5dpi","NW","human","3","0"
"1258","110-W2021011-454_R2_5dpi","Feb01_00-00-41_2024_up0.8_dwn0.3_salth0.7","computer_vision","3","7.54"
"1259","110-W2021011-454_R2_5dpi","Feb01_00-00-41_2024_up0.7_dwn0.3_salth0.7","computer_vision","3","9.2"
"1260","110-W2021011-454_R2_5dpi","Feb03_04-58-39_2024_up0.8_dwn0.3_salth0.7","computer_vision","2","8.48"
"1261","111-W2021011-588_R2_5dpi","TB","human","3","5"
"1262","111-W2021011-588_R2_5dpi","MW","human","3","6"
"1263","111-W2021011-588_R2_5dpi","BR","human","3","5"
"1264","111-W2021011-588_R2_5dpi","CC","human","3","3"
"1265","111-W2021011-588_R2_5dpi","DG","human","3","1"
"1266","111-W2021011-588_R2_5dpi","Aug31_03-06-57_2023_up0.8_dwn0.2_salth0.7","computer_vision","3","3.61"
"1267","111-W2021011-588_R2_5dpi","May10_16-42-59_2021_up0.8_dwn0.2_salth0.7","computer_vision","2","1.42"
"1268","111-W2021011-588_R2_5dpi","May11_00-29-56_2021_up0.8_dwn0.2_salth0.7","computer_vision","2","3"
"1269","111-W2021011-588_R2_5dpi","Jan25_15-51-04_2024_up0.8_dwn0.2_salth0.7","computer_vision","3","1.43"
"1270","111-W2021011-588_R2_5dpi","Jan29_16-28-38_2024_up0.8_dwn0.3_salth0.7","computer_vision","2","3.78"
"1271","111-W2021011-588_R2_5dpi","NW","human","3","0"
"1272","111-W2021011-588_R2_5dpi","Feb01_00-00-41_2024_up0.8_dwn0.3_salth0.7","computer_vision","3","3.71"
"1273","111-W2021011-588_R2_5dpi","Feb01_00-00-41_2024_up0.7_dwn0.3_salth0.7","computer_vision","3","4.28"
"1274","111-W2021011-588_R2_5dpi","Feb03_04-58-39_2024_up0.8_dwn0.3_salth0.7","computer_vision","2","2.38"
"1275","112-W2021006-046_R1_10dpi","MW","human","3","1"
"1276","112-W2021006-046_R1_10dpi","BR","human","3","0"
"1277","112-W2021006-046_R1_10dpi","CC","human","3","3"
"1278","112-W2021006-046_R1_10dpi","DG","human","3","0"
"1279","112-W2021006-046_R1_10dpi","Aug31_03-06-57_2023_up0.8_dwn0.2_salth0.7","computer_vision","3","0.8"
"1280","112-W2021006-046_R1_10dpi","May10_16-42-59_2021_up0.8_dwn0.2_salth0.7","computer_vision","2","15.03"
"1281","112-W2021006-046_R1_10dpi","May11_00-29-56_2021_up0.8_dwn0.2_salth0.7","computer_vision","2","13.43"
"1282","112-W2021006-046_R1_10dpi","Jan25_15-51-04_2024_up0.8_dwn0.2_salth0.7","computer_vision","3","4.28"
"1283","112-W2021006-046_R1_10dpi","Jan29_16-28-38_2024_up0.8_dwn0.3_salth0.7","computer_vision","2","1.94"
"1284","112-W2021006-046_R1_10dpi","TB","human","3","4"
"1285","112-W2021006-046_R1_10dpi","NW","human","3","15"
"1286","112-W2021006-046_R1_10dpi","Feb01_00-00-41_2024_up0.8_dwn0.3_salth0.7","computer_vision","3","1.73"
"1287","112-W2021006-046_R1_10dpi","Feb01_00-00-41_2024_up0.7_dwn0.3_salth0.7","computer_vision","3","2.8"
"1288","112-W2021006-046_R1_10dpi","Feb03_04-58-39_2024_up0.8_dwn0.3_salth0.7","computer_vision","2","0.75"
"1289","112-W2021011-554_R1_10dpi","MW","human","3","5"
"1290","112-W2021011-554_R1_10dpi","BR","human","3","10"
"1291","112-W2021011-554_R1_10dpi","CC","human","3","25"
"1292","112-W2021011-554_R1_10dpi","DG","human","3","6"
"1293","112-W2021011-554_R1_10dpi","Aug31_03-06-57_2023_up0.8_dwn0.2_salth0.7","computer_vision","3","3.3"
"1294","112-W2021011-554_R1_10dpi","May10_16-42-59_2021_up0.8_dwn0.2_salth0.7","computer_vision","2","4.16"
"1295","112-W2021011-554_R1_10dpi","May11_00-29-56_2021_up0.8_dwn0.2_salth0.7","computer_vision","2","13.33"
"1296","112-W2021011-554_R1_10dpi","Jan25_15-51-04_2024_up0.8_dwn0.2_salth0.7","computer_vision","3","7.06"
"1297","112-W2021011-554_R1_10dpi","Jan29_16-28-38_2024_up0.8_dwn0.3_salth0.7","computer_vision","2","11.86"
"1298","112-W2021011-554_R1_10dpi","TB","human","3","25"
"1299","112-W2021011-554_R1_10dpi","NW","human","3","15"
"1300","112-W2021011-554_R1_10dpi","Feb01_00-00-41_2024_up0.8_dwn0.3_salth0.7","computer_vision","3","9.73"
"1301","112-W2021011-554_R1_10dpi","Feb01_00-00-41_2024_up0.7_dwn0.3_salth0.7","computer_vision","3","11.69"
"1302","112-W2021011-554_R1_10dpi","Feb03_04-58-39_2024_up0.8_dwn0.3_salth0.7","computer_vision","2","13.49"
"1303","115-W2021011-638_R1_10dpi","MW","human","3","70"
"1304","115-W2021011-638_R1_10dpi","BR","human","3","40"
"1305","115-W2021011-638_R1_10dpi","CC","human","3","80"
"1306","115-W2021011-638_R1_10dpi","DG","human","3","9"
"1307","115-W2021011-638_R1_10dpi","Aug31_03-06-57_2023_up0.8_dwn0.2_salth0.7","computer_vision","3","18.01"
"1308","115-W2021011-638_R1_10dpi","May10_16-42-59_2021_up0.8_dwn0.2_salth0.7","computer_vision","2","12.92"
"1309","115-W2021011-638_R1_10dpi","May11_00-29-56_2021_up0.8_dwn0.2_salth0.7","computer_vision","2","18.82"
"1310","115-W2021011-638_R1_10dpi","Jan25_15-51-04_2024_up0.8_dwn0.2_salth0.7","computer_vision","3","26.51"
"1311","115-W2021011-638_R1_10dpi","Jan29_16-28-38_2024_up0.8_dwn0.3_salth0.7","computer_vision","2","51.11"
"1312","115-W2021011-638_R1_10dpi","TB","human","3","85"
"1313","115-W2021011-638_R1_10dpi","NW","human","3","35"
"1314","115-W2021011-638_R1_10dpi","Feb01_00-00-41_2024_up0.8_dwn0.3_salth0.7","computer_vision","3","32.68"
"1315","115-W2021011-638_R1_10dpi","Feb01_00-00-41_2024_up0.7_dwn0.3_salth0.7","computer_vision","3","39.1"
"1316","115-W2021011-638_R1_10dpi","Feb03_04-58-39_2024_up0.8_dwn0.3_salth0.7","computer_vision","2","56.51"
"1317","116-W2021011-504_R2_10dpi","MW","human","3","0"
"1318","116-W2021011-504_R2_10dpi","BR","human","3","0"
"1319","116-W2021011-504_R2_10dpi","CC","human","3","0"
"1320","116-W2021011-504_R2_10dpi","DG","human","3","0"
"1321","116-W2021011-504_R2_10dpi","Aug31_03-06-57_2023_up0.8_dwn0.2_salth0.7","computer_vision","3","0.43"
"1322","116-W2021011-504_R2_10dpi","May10_16-42-59_2021_up0.8_dwn0.2_salth0.7","computer_vision","2","48.96"
"1323","116-W2021011-504_R2_10dpi","May11_00-29-56_2021_up0.8_dwn0.2_salth0.7","computer_vision","2","35.88"
"1324","116-W2021011-504_R2_10dpi","Jan25_15-51-04_2024_up0.8_dwn0.2_salth0.7","computer_vision","3","2.04"
"1325","116-W2021011-504_R2_10dpi","Jan29_16-28-38_2024_up0.8_dwn0.3_salth0.7","computer_vision","2","1.7"
"1326","116-W2021011-504_R2_10dpi","TB","human","3","0"
"1327","116-W2021011-504_R2_10dpi","NW","human","3","0"
"1328","116-W2021011-504_R2_10dpi","Feb01_00-00-41_2024_up0.8_dwn0.3_salth0.7","computer_vision","3","3.5"
"1329","116-W2021011-504_R2_10dpi","Feb01_00-00-41_2024_up0.7_dwn0.3_salth0.7","computer_vision","3","5.02"
"1330","116-W2021011-504_R2_10dpi","Feb03_04-58-39_2024_up0.8_dwn0.3_salth0.7","computer_vision","2","1.88"
"1331","117-W2021011-504_R1_10dpi","MW","human","3","0"
"1332","117-W2021011-504_R1_10dpi","BR","human","3","0"
"1333","117-W2021011-504_R1_10dpi","CC","human","3","5"
"1334","117-W2021011-504_R1_10dpi","DG","human","3","0"
"1335","117-W2021011-504_R1_10dpi","Aug31_03-06-57_2023_up0.8_dwn0.2_salth0.7","computer_vision","3","2.46"
"1336","117-W2021011-504_R1_10dpi","May10_16-42-59_2021_up0.8_dwn0.2_salth0.7","computer_vision","2","9.5"
"1337","117-W2021011-504_R1_10dpi","May11_00-29-56_2021_up0.8_dwn0.2_salth0.7","computer_vision","2","9.67"
"1338","117-W2021011-504_R1_10dpi","Jan25_15-51-04_2024_up0.8_dwn0.2_salth0.7","computer_vision","3","0.69"
"1339","117-W2021011-504_R1_10dpi","Jan29_16-28-38_2024_up0.8_dwn0.3_salth0.7","computer_vision","2","1.98"
"1340","117-W2021011-504_R1_10dpi","TB","human","3","0"
"1341","117-W2021011-504_R1_10dpi","NW","human","3","0"
"1342","117-W2021011-504_R1_10dpi","Feb01_00-00-41_2024_up0.8_dwn0.3_salth0.7","computer_vision","3","8.06"
"1343","117-W2021011-504_R1_10dpi","Feb01_00-00-41_2024_up0.7_dwn0.3_salth0.7","computer_vision","3","10.82"
"1344","117-W2021011-504_R1_10dpi","Feb03_04-58-39_2024_up0.8_dwn0.3_salth0.7","computer_vision","2","1.53"
"1345","119-W2021009-171_R2_10dpi","MW","human","3","5"
"1346","119-W2021009-171_R2_10dpi","BR","human","3","8"
"1347","119-W2021009-171_R2_10dpi","CC","human","3","7"
"1348","119-W2021009-171_R2_10dpi","DG","human","3","0"
"1349","119-W2021009-171_R2_10dpi","Aug31_03-06-57_2023_up0.8_dwn0.2_salth0.7","computer_vision","3","22.45"
"1350","119-W2021009-171_R2_10dpi","May10_16-42-59_2021_up0.8_dwn0.2_salth0.7","computer_vision","2","77.86"
"1351","119-W2021009-171_R2_10dpi","May11_00-29-56_2021_up0.8_dwn0.2_salth0.7","computer_vision","2","76.7"
"1352","119-W2021009-171_R2_10dpi","Jan25_15-51-04_2024_up0.8_dwn0.2_salth0.7","computer_vision","3","49.25"
"1353","119-W2021009-171_R2_10dpi","Jan29_16-28-38_2024_up0.8_dwn0.3_salth0.7","computer_vision","2","23.97"
"1354","119-W2021009-171_R2_10dpi","TB","human","3","20"
"1355","119-W2021009-171_R2_10dpi","NW","human","3","0"
"1356","119-W2021009-171_R2_10dpi","Feb01_00-00-41_2024_up0.8_dwn0.3_salth0.7","computer_vision","3","18.06"
"1357","119-W2021009-171_R2_10dpi","Feb01_00-00-41_2024_up0.7_dwn0.3_salth0.7","computer_vision","3","22.38"
"1358","119-W2021009-171_R2_10dpi","Feb03_04-58-39_2024_up0.8_dwn0.3_salth0.7","computer_vision","2","22.26"
"1359","119-W2021009-299_R2_10dpi","MW","human","3","50"
"1360","119-W2021009-299_R2_10dpi","BR","human","3","80"
"1361","119-W2021009-299_R2_10dpi","CC","human","3","70"
"1362","119-W2021009-299_R2_10dpi","DG","human","3","50"
"1363","119-W2021009-299_R2_10dpi","Aug31_03-06-57_2023_up0.8_dwn0.2_salth0.7","computer_vision","3","45.12"
"1364","119-W2021009-299_R2_10dpi","May10_16-42-59_2021_up0.8_dwn0.2_salth0.7","computer_vision","2","24.53"
"1365","119-W2021009-299_R2_10dpi","May11_00-29-56_2021_up0.8_dwn0.2_salth0.7","computer_vision","2","43.71"
"1366","119-W2021009-299_R2_10dpi","Jan25_15-51-04_2024_up0.8_dwn0.2_salth0.7","computer_vision","3","56.1"
"1367","119-W2021009-299_R2_10dpi","Jan29_16-28-38_2024_up0.8_dwn0.3_salth0.7","computer_vision","2","66.96"
"1368","119-W2021009-299_R2_10dpi","TB","human","3","80"
"1369","119-W2021009-299_R2_10dpi","NW","human","3","10"
"1370","119-W2021009-299_R2_10dpi","Feb01_00-00-41_2024_up0.8_dwn0.3_salth0.7","computer_vision","3","55.24"
"1371","119-W2021009-299_R2_10dpi","Feb01_00-00-41_2024_up0.7_dwn0.3_salth0.7","computer_vision","3","59.82"
"1372","119-W2021009-299_R2_10dpi","Feb03_04-58-39_2024_up0.8_dwn0.3_salth0.7","computer_vision","2","73.44"
"1373","121-W2021009-185_R1_5dpi","TB","human","3","4"
"1374","121-W2021009-185_R1_5dpi","MW","human","3","7"
"1375","121-W2021009-185_R1_5dpi","BR","human","3","0"
"1376","121-W2021009-185_R1_5dpi","CC","human","3","1"
"1377","121-W2021009-185_R1_5dpi","DG","human","3","0"
"1378","121-W2021009-185_R1_5dpi","Aug31_03-06-57_2023_up0.8_dwn0.2_salth0.7","computer_vision","3","4.63"
"1379","121-W2021009-185_R1_5dpi","May10_16-42-59_2021_up0.8_dwn0.2_salth0.7","computer_vision","2","0.32"
"1380","121-W2021009-185_R1_5dpi","May11_00-29-56_2021_up0.8_dwn0.2_salth0.7","computer_vision","2","0.96"
"1381","121-W2021009-185_R1_5dpi","Jan25_15-51-04_2024_up0.8_dwn0.2_salth0.7","computer_vision","3","7.1"
"1382","121-W2021009-185_R1_5dpi","Jan29_16-28-38_2024_up0.8_dwn0.3_salth0.7","computer_vision","2","3.89"
"1383","121-W2021009-185_R1_5dpi","NW","human","3","0"
"1384","121-W2021009-185_R1_5dpi","Feb01_00-00-41_2024_up0.8_dwn0.3_salth0.7","computer_vision","3","2.28"
"1385","121-W2021009-185_R1_5dpi","Feb01_00-00-41_2024_up0.7_dwn0.3_salth0.7","computer_vision","3","3.8"
"1386","121-W2021009-185_R1_5dpi","Feb03_04-58-39_2024_up0.8_dwn0.3_salth0.7","computer_vision","2","17.43"
"1387","122-W2021009-267_R2_10dpi","MW","human","3","2"
"1388","122-W2021009-267_R2_10dpi","BR","human","3","2"
"1389","122-W2021009-267_R2_10dpi","CC","human","3","3"
"1390","122-W2021009-267_R2_10dpi","DG","human","3","2"
"1391","122-W2021009-267_R2_10dpi","Aug31_03-06-57_2023_up0.8_dwn0.2_salth0.7","computer_vision","3","2.02"
"1392","122-W2021009-267_R2_10dpi","May10_16-42-59_2021_up0.8_dwn0.2_salth0.7","computer_vision","2","17.64"
"1393","122-W2021009-267_R2_10dpi","May11_00-29-56_2021_up0.8_dwn0.2_salth0.7","computer_vision","2","22.82"
"1394","122-W2021009-267_R2_10dpi","Jan25_15-51-04_2024_up0.8_dwn0.2_salth0.7","computer_vision","3","0.76"
"1395","122-W2021009-267_R2_10dpi","Jan29_16-28-38_2024_up0.8_dwn0.3_salth0.7","computer_vision","2","2.61"
"1396","122-W2021009-267_R2_10dpi","TB","human","3","0"
"1397","122-W2021009-267_R2_10dpi","NW","human","3","0"
"1398","122-W2021009-267_R2_10dpi","Feb01_00-00-41_2024_up0.8_dwn0.3_salth0.7","computer_vision","3","1.03"
"1399","122-W2021009-267_R2_10dpi","Feb01_00-00-41_2024_up0.7_dwn0.3_salth0.7","computer_vision","3","1.9"
"1400","122-W2021009-267_R2_10dpi","Feb03_04-58-39_2024_up0.8_dwn0.3_salth0.7","computer_vision","2","0.72"
"1401","123-W2021009-255_R2_5dpi","TB","human","3","2"
"1402","123-W2021009-255_R2_5dpi","MW","human","3","4"
"1403","123-W2021009-255_R2_5dpi","BR","human","3","5"
"1404","123-W2021009-255_R2_5dpi","CC","human","3","4"
"1405","123-W2021009-255_R2_5dpi","DG","human","3","1"
"1406","123-W2021009-255_R2_5dpi","Aug31_03-06-57_2023_up0.8_dwn0.2_salth0.7","computer_vision","3","12.96"
"1407","123-W2021009-255_R2_5dpi","May10_16-42-59_2021_up0.8_dwn0.2_salth0.7","computer_vision","2","1.74"
"1408","123-W2021009-255_R2_5dpi","May11_00-29-56_2021_up0.8_dwn0.2_salth0.7","computer_vision","2","2.22"
"1409","123-W2021009-255_R2_5dpi","Jan25_15-51-04_2024_up0.8_dwn0.2_salth0.7","computer_vision","3","6"
"1410","123-W2021009-255_R2_5dpi","Jan29_16-28-38_2024_up0.8_dwn0.3_salth0.7","computer_vision","2","3.37"
"1411","123-W2021009-255_R2_5dpi","NW","human","3","0"
"1412","123-W2021009-255_R2_5dpi","Feb01_00-00-41_2024_up0.8_dwn0.3_salth0.7","computer_vision","3","3.25"
"1413","123-W2021009-255_R2_5dpi","Feb01_00-00-41_2024_up0.7_dwn0.3_salth0.7","computer_vision","3","4.28"
"1414","123-W2021009-255_R2_5dpi","Feb03_04-58-39_2024_up0.8_dwn0.3_salth0.7","computer_vision","2","5.43"
"1415","123-W2021009-267_R1_10dpi","MW","human","3","25"
"1416","123-W2021009-267_R1_10dpi","Aug31_03-06-57_2023_up0.8_dwn0.2_salth0.7","computer_vision","3","3.86"
"1417","123-W2021009-267_R1_10dpi","May10_16-42-59_2021_up0.8_dwn0.2_salth0.7","computer_vision","2","0"
"1418","123-W2021009-267_R1_10dpi","May11_00-29-56_2021_up0.8_dwn0.2_salth0.7","computer_vision","2","0"
"1419","123-W2021009-267_R1_10dpi","Jan25_15-51-04_2024_up0.8_dwn0.2_salth0.7","computer_vision","3","0.28"
"1420","123-W2021009-621_R2_5dpi","TB","human","3","7"
"1421","123-W2021009-621_R2_5dpi","MW","human","3","5"
"1422","123-W2021009-621_R2_5dpi","BR","human","3","5"
"1423","123-W2021009-621_R2_5dpi","CC","human","3","8"
"1424","123-W2021009-621_R2_5dpi","DG","human","3","0"
"1425","123-W2021009-621_R2_5dpi","Aug31_03-06-57_2023_up0.8_dwn0.2_salth0.7","computer_vision","3","3.52"
"1426","123-W2021009-621_R2_5dpi","May10_16-42-59_2021_up0.8_dwn0.2_salth0.7","computer_vision","2","1.46"
"1427","123-W2021009-621_R2_5dpi","May11_00-29-56_2021_up0.8_dwn0.2_salth0.7","computer_vision","2","3.46"
"1428","123-W2021009-621_R2_5dpi","Jan25_15-51-04_2024_up0.8_dwn0.2_salth0.7","computer_vision","3","3.16"
"1429","123-W2021009-621_R2_5dpi","Jan29_16-28-38_2024_up0.8_dwn0.3_salth0.7","computer_vision","2","3.31"
"1430","123-W2021009-621_R2_5dpi","NW","human","3","0"
"1431","123-W2021009-621_R2_5dpi","Feb01_00-00-41_2024_up0.8_dwn0.3_salth0.7","computer_vision","3","4.59"
"1432","123-W2021009-621_R2_5dpi","Feb01_00-00-41_2024_up0.7_dwn0.3_salth0.7","computer_vision","3","4.87"
"1433","123-W2021009-621_R2_5dpi","Feb03_04-58-39_2024_up0.8_dwn0.3_salth0.7","computer_vision","2","4.73"
"1434","124-W2021009-278_R1_10dpi","MW","human","3","40"
"1435","124-W2021009-278_R1_10dpi","BR","human","3","50"
"1436","124-W2021009-278_R1_10dpi","CC","human","3","40"
"1437","124-W2021009-278_R1_10dpi","DG","human","3","15"
"1438","124-W2021009-278_R1_10dpi","Aug31_03-06-57_2023_up0.8_dwn0.2_salth0.7","computer_vision","3","21.66"
"1439","124-W2021009-278_R1_10dpi","May10_16-42-59_2021_up0.8_dwn0.2_salth0.7","computer_vision","2","13.05"
"1440","124-W2021009-278_R1_10dpi","May11_00-29-56_2021_up0.8_dwn0.2_salth0.7","computer_vision","2","22.64"
"1441","124-W2021009-278_R1_10dpi","Jan25_15-51-04_2024_up0.8_dwn0.2_salth0.7","computer_vision","3","22.64"
"1442","124-W2021009-278_R1_10dpi","Jan29_16-28-38_2024_up0.8_dwn0.3_salth0.7","computer_vision","2","36.5"
"1443","124-W2021009-278_R1_10dpi","TB","human","3","60"
"1444","124-W2021009-278_R1_10dpi","NW","human","3","35"
"1445","124-W2021009-278_R1_10dpi","Feb01_00-00-41_2024_up0.8_dwn0.3_salth0.7","computer_vision","3","26.97"
"1446","124-W2021009-278_R1_10dpi","Feb01_00-00-41_2024_up0.7_dwn0.3_salth0.7","computer_vision","3","30.6"
"1447","124-W2021009-278_R1_10dpi","Feb03_04-58-39_2024_up0.8_dwn0.3_salth0.7","computer_vision","2","38.92"
"1448","126-W2021009-278_R2_10dpi","MW","human","3","45"
"1449","126-W2021009-278_R2_10dpi","BR","human","3","35"
"1450","126-W2021009-278_R2_10dpi","CC","human","3","40"
"1451","126-W2021009-278_R2_10dpi","DG","human","3","30"
"1452","126-W2021009-278_R2_10dpi","Aug31_03-06-57_2023_up0.8_dwn0.2_salth0.7","computer_vision","3","24.39"
"1453","126-W2021009-278_R2_10dpi","May10_16-42-59_2021_up0.8_dwn0.2_salth0.7","computer_vision","2","9.1"
"1454","126-W2021009-278_R2_10dpi","May11_00-29-56_2021_up0.8_dwn0.2_salth0.7","computer_vision","2","19.36"
"1455","126-W2021009-278_R2_10dpi","Jan25_15-51-04_2024_up0.8_dwn0.2_salth0.7","computer_vision","3","28.29"
"1456","126-W2021009-278_R2_10dpi","Jan29_16-28-38_2024_up0.8_dwn0.3_salth0.7","computer_vision","2","37.37"
"1457","126-W2021009-278_R2_10dpi","TB","human","3","50"
"1458","126-W2021009-278_R2_10dpi","NW","human","3","25"
"1459","126-W2021009-278_R2_10dpi","Feb01_00-00-41_2024_up0.8_dwn0.3_salth0.7","computer_vision","3","30.51"
"1460","126-W2021009-278_R2_10dpi","Feb01_00-00-41_2024_up0.7_dwn0.3_salth0.7","computer_vision","3","35.67"
"1461","126-W2021009-278_R2_10dpi","Feb03_04-58-39_2024_up0.8_dwn0.3_salth0.7","computer_vision","2","44.7"
"1462","127-W2021006-143_R2_5dpi","TB","human","3","1"
"1463","127-W2021006-143_R2_5dpi","MW","human","3","3"
"1464","127-W2021006-143_R2_5dpi","BR","human","3","0"
"1465","127-W2021006-143_R2_5dpi","CC","human","3","0"
"1466","127-W2021006-143_R2_5dpi","DG","human","3","1"
"1467","127-W2021006-143_R2_5dpi","Aug31_03-06-57_2023_up0.8_dwn0.2_salth0.7","computer_vision","3","1.37"
"1468","127-W2021006-143_R2_5dpi","May10_16-42-59_2021_up0.8_dwn0.2_salth0.7","computer_vision","2","1.29"
"1469","127-W2021006-143_R2_5dpi","May11_00-29-56_2021_up0.8_dwn0.2_salth0.7","computer_vision","2","1.53"
"1470","127-W2021006-143_R2_5dpi","Jan25_15-51-04_2024_up0.8_dwn0.2_salth0.7","computer_vision","3","1.51"
"1471","127-W2021006-143_R2_5dpi","Jan29_16-28-38_2024_up0.8_dwn0.3_salth0.7","computer_vision","2","0.78"
"1472","127-W2021006-143_R2_5dpi","NW","human","3","0"
"1473","127-W2021006-143_R2_5dpi","Feb01_00-00-41_2024_up0.8_dwn0.3_salth0.7","computer_vision","3","0.16"
"1474","127-W2021006-143_R2_5dpi","Feb01_00-00-41_2024_up0.7_dwn0.3_salth0.7","computer_vision","3","0.62"
"1475","127-W2021006-143_R2_5dpi","Feb03_04-58-39_2024_up0.8_dwn0.3_salth0.7","computer_vision","2","0.15"
"1476","127-W2021009-292_R2_5dpi","TB","human","3","86"
"1477","127-W2021009-292_R2_5dpi","MW","human","3","73"
"1478","127-W2021009-292_R2_5dpi","BR","human","3","80"
"1479","127-W2021009-292_R2_5dpi","CC","human","3","55"
"1480","127-W2021009-292_R2_5dpi","DG","human","3","50"
"1481","127-W2021009-292_R2_5dpi","Aug31_03-06-57_2023_up0.8_dwn0.2_salth0.7","computer_vision","3","81.16"
"1482","127-W2021009-292_R2_5dpi","May10_16-42-59_2021_up0.8_dwn0.2_salth0.7","computer_vision","2","13.2"
"1483","127-W2021009-292_R2_5dpi","May11_00-29-56_2021_up0.8_dwn0.2_salth0.7","computer_vision","2","43.15"
"1484","127-W2021009-292_R2_5dpi","Jan25_15-51-04_2024_up0.8_dwn0.2_salth0.7","computer_vision","3","93.16"
"1485","127-W2021009-292_R2_5dpi","Jan29_16-28-38_2024_up0.8_dwn0.3_salth0.7","computer_vision","2","80.8"
"1486","127-W2021009-292_R2_5dpi","NW","human","3","80"
"1487","127-W2021009-292_R2_5dpi","Feb01_00-00-41_2024_up0.8_dwn0.3_salth0.7","computer_vision","3","80.35"
"1488","127-W2021009-292_R2_5dpi","Feb01_00-00-41_2024_up0.7_dwn0.3_salth0.7","computer_vision","3","81.48"
"1489","127-W2021009-292_R2_5dpi","Feb03_04-58-39_2024_up0.8_dwn0.3_salth0.7","computer_vision","2","82.05"
"1490","128-W2021006-013_R1_5dpi","TB","human","3","70"
"1491","128-W2021006-013_R1_5dpi","MW","human","3","50"
"1492","128-W2021006-013_R1_5dpi","BR","human","3","75"
"1493","128-W2021006-013_R1_5dpi","CC","human","3","15"
"1494","128-W2021006-013_R1_5dpi","DG","human","3","8"
"1495","128-W2021006-013_R1_5dpi","Aug31_03-06-57_2023_up0.8_dwn0.2_salth0.7","computer_vision","3","77.66"
"1496","128-W2021006-013_R1_5dpi","May10_16-42-59_2021_up0.8_dwn0.2_salth0.7","computer_vision","2","34.5"
"1497","128-W2021006-013_R1_5dpi","May11_00-29-56_2021_up0.8_dwn0.2_salth0.7","computer_vision","2","30.94"
"1498","128-W2021006-013_R1_5dpi","Jan25_15-51-04_2024_up0.8_dwn0.2_salth0.7","computer_vision","3","68.72"
"1499","128-W2021006-013_R1_5dpi","Jan29_16-28-38_2024_up0.8_dwn0.3_salth0.7","computer_vision","2","68.23"
"1500","128-W2021006-013_R1_5dpi","NW","human","3","0"
"1501","128-W2021006-013_R1_5dpi","Feb01_00-00-41_2024_up0.8_dwn0.3_salth0.7","computer_vision","3","73.8"
"1502","128-W2021006-013_R1_5dpi","Feb01_00-00-41_2024_up0.7_dwn0.3_salth0.7","computer_vision","3","75.05"
"1503","128-W2021006-013_R1_5dpi","Feb03_04-58-39_2024_up0.8_dwn0.3_salth0.7","computer_vision","2","61.14"
"1504","129-W2021006-119_R2_5dpi","TB","human","3","8"
"1505","129-W2021006-119_R2_5dpi","MW","human","3","11"
"1506","129-W2021006-119_R2_5dpi","BR","human","3","0"
"1507","129-W2021006-119_R2_5dpi","CC","human","3","2"
"1508","129-W2021006-119_R2_5dpi","DG","human","3","2"
"1509","129-W2021006-119_R2_5dpi","Aug31_03-06-57_2023_up0.8_dwn0.2_salth0.7","computer_vision","3","2.33"
"1510","129-W2021006-119_R2_5dpi","May10_16-42-59_2021_up0.8_dwn0.2_salth0.7","computer_vision","2","5.87"
"1511","129-W2021006-119_R2_5dpi","May11_00-29-56_2021_up0.8_dwn0.2_salth0.7","computer_vision","2","11.98"
"1512","129-W2021006-119_R2_5dpi","Jan25_15-51-04_2024_up0.8_dwn0.2_salth0.7","computer_vision","3","0.79"
"1513","129-W2021006-119_R2_5dpi","Jan29_16-28-38_2024_up0.8_dwn0.3_salth0.7","computer_vision","2","9.81"
"1514","129-W2021006-119_R2_5dpi","NW","human","3","0"
"1515","129-W2021006-119_R2_5dpi","Feb01_00-00-41_2024_up0.8_dwn0.3_salth0.7","computer_vision","3","5.97"
"1516","129-W2021006-119_R2_5dpi","Feb01_00-00-41_2024_up0.7_dwn0.3_salth0.7","computer_vision","3","7.56"
"1517","129-W2021006-119_R2_5dpi","Feb03_04-58-39_2024_up0.8_dwn0.3_salth0.7","computer_vision","2","6.18"
"1518","131-W2021009-252_R2_10dpi","MW","human","3","5"
"1519","131-W2021009-252_R2_10dpi","BR","human","3","5"
"1520","131-W2021009-252_R2_10dpi","CC","human","3","5"
"1521","131-W2021009-252_R2_10dpi","DG","human","3","3"
"1522","131-W2021009-252_R2_10dpi","Aug31_03-06-57_2023_up0.8_dwn0.2_salth0.7","computer_vision","3","2.42"
"1523","131-W2021009-252_R2_10dpi","May10_16-42-59_2021_up0.8_dwn0.2_salth0.7","computer_vision","2","4.55"
"1524","131-W2021009-252_R2_10dpi","May11_00-29-56_2021_up0.8_dwn0.2_salth0.7","computer_vision","2","7.88"
"1525","131-W2021009-252_R2_10dpi","Jan25_15-51-04_2024_up0.8_dwn0.2_salth0.7","computer_vision","3","1.14"
"1526","131-W2021009-252_R2_10dpi","Jan29_16-28-38_2024_up0.8_dwn0.3_salth0.7","computer_vision","2","4.91"
"1527","131-W2021009-252_R2_10dpi","TB","human","3","10"
"1528","131-W2021009-252_R2_10dpi","NW","human","3","0"
"1529","131-W2021009-252_R2_10dpi","Feb01_00-00-41_2024_up0.8_dwn0.3_salth0.7","computer_vision","3","2.84"
"1530","131-W2021009-252_R2_10dpi","Feb01_00-00-41_2024_up0.7_dwn0.3_salth0.7","computer_vision","3","3.49"
"1531","131-W2021009-252_R2_10dpi","Feb03_04-58-39_2024_up0.8_dwn0.3_salth0.7","computer_vision","2","3.58"
"1532","132-W2021009-252_R1_10dpi","MW","human","3","2"
"1533","132-W2021009-252_R1_10dpi","BR","human","3","0"
"1534","132-W2021009-252_R1_10dpi","CC","human","3","0"
"1535","132-W2021009-252_R1_10dpi","DG","human","3","0"
"1536","132-W2021009-252_R1_10dpi","Aug31_03-06-57_2023_up0.8_dwn0.2_salth0.7","computer_vision","3","3.42"
"1537","132-W2021009-252_R1_10dpi","May10_16-42-59_2021_up0.8_dwn0.2_salth0.7","computer_vision","2","0.72"
"1538","132-W2021009-252_R1_10dpi","May11_00-29-56_2021_up0.8_dwn0.2_salth0.7","computer_vision","2","0.28"
"1539","132-W2021009-252_R1_10dpi","Jan25_15-51-04_2024_up0.8_dwn0.2_salth0.7","computer_vision","3","0.94"
"1540","132-W2021009-252_R1_10dpi","Jan29_16-28-38_2024_up0.8_dwn0.3_salth0.7","computer_vision","2","0.32"
"1541","132-W2021009-252_R1_10dpi","TB","human","3","0"
"1542","132-W2021009-252_R1_10dpi","NW","human","3","0"
"1543","132-W2021009-252_R1_10dpi","Feb01_00-00-41_2024_up0.8_dwn0.3_salth0.7","computer_vision","3","0.15"
"1544","132-W2021009-252_R1_10dpi","Feb01_00-00-41_2024_up0.7_dwn0.3_salth0.7","computer_vision","3","0.15"
"1545","132-W2021009-252_R1_10dpi","Feb03_04-58-39_2024_up0.8_dwn0.3_salth0.7","computer_vision","2","0.48"
"1546","132-W2021010-399_R1_5dpi","TB","human","3","1"
"1547","132-W2021010-399_R1_5dpi","MW","human","3","1"
"1548","132-W2021010-399_R1_5dpi","BR","human","3","0"
"1549","132-W2021010-399_R1_5dpi","CC","human","3","0"
"1550","132-W2021010-399_R1_5dpi","DG","human","3","0"
"1551","132-W2021010-399_R1_5dpi","Aug31_03-06-57_2023_up0.8_dwn0.2_salth0.7","computer_vision","3","0.98"
"1552","132-W2021010-399_R1_5dpi","May10_16-42-59_2021_up0.8_dwn0.2_salth0.7","computer_vision","2","0.42"
"1553","132-W2021010-399_R1_5dpi","May11_00-29-56_2021_up0.8_dwn0.2_salth0.7","computer_vision","2","2.72"
"1554","132-W2021010-399_R1_5dpi","Jan25_15-51-04_2024_up0.8_dwn0.2_salth0.7","computer_vision","3","1.22"
"1555","132-W2021010-399_R1_5dpi","Jan29_16-28-38_2024_up0.8_dwn0.3_salth0.7","computer_vision","2","0.47"
"1556","132-W2021010-399_R1_5dpi","NW","human","3","0"
"1557","132-W2021010-399_R1_5dpi","Feb01_00-00-41_2024_up0.8_dwn0.3_salth0.7","computer_vision","3","0.32"
"1558","132-W2021010-399_R1_5dpi","Feb01_00-00-41_2024_up0.7_dwn0.3_salth0.7","computer_vision","3","0.63"
"1559","132-W2021010-399_R1_5dpi","Feb03_04-58-39_2024_up0.8_dwn0.3_salth0.7","computer_vision","2","0.31"
"1560","132-W2021011-644_R2_5dpi","TB","human","3","15"
"1561","132-W2021011-644_R2_5dpi","MW","human","3","22"
"1562","132-W2021011-644_R2_5dpi","BR","human","3","10"
"1563","132-W2021011-644_R2_5dpi","CC","human","3","8"
"1564","132-W2021011-644_R2_5dpi","DG","human","3","2"
"1565","132-W2021011-644_R2_5dpi","Aug31_03-06-57_2023_up0.8_dwn0.2_salth0.7","computer_vision","3","5.96"
"1566","132-W2021011-644_R2_5dpi","May10_16-42-59_2021_up0.8_dwn0.2_salth0.7","computer_vision","2","6.23"
"1567","132-W2021011-644_R2_5dpi","May11_00-29-56_2021_up0.8_dwn0.2_salth0.7","computer_vision","2","7.53"
"1568","132-W2021011-644_R2_5dpi","Jan25_15-51-04_2024_up0.8_dwn0.2_salth0.7","computer_vision","3","5.45"
"1569","132-W2021011-644_R2_5dpi","Jan29_16-28-38_2024_up0.8_dwn0.3_salth0.7","computer_vision","2","7.94"
"1570","132-W2021011-644_R2_5dpi","NW","human","3","0"
"1571","132-W2021011-644_R2_5dpi","Feb01_00-00-41_2024_up0.8_dwn0.3_salth0.7","computer_vision","3","7.7"
"1572","132-W2021011-644_R2_5dpi","Feb01_00-00-41_2024_up0.7_dwn0.3_salth0.7","computer_vision","3","9.04"
"1573","132-W2021011-644_R2_5dpi","Feb03_04-58-39_2024_up0.8_dwn0.3_salth0.7","computer_vision","2","7.53"
"1574","134-W2021006-001_R1_5dpi","TB","human","3","45"
"1575","134-W2021006-001_R1_5dpi","MW","human","3","60"
"1576","134-W2021006-001_R1_5dpi","BR","human","3","26"
"1577","134-W2021006-001_R1_5dpi","CC","human","3","12"
"1578","134-W2021006-001_R1_5dpi","DG","human","3","6"
"1579","134-W2021006-001_R1_5dpi","Aug31_03-06-57_2023_up0.8_dwn0.2_salth0.7","computer_vision","3","46.14"
"1580","134-W2021006-001_R1_5dpi","May10_16-42-59_2021_up0.8_dwn0.2_salth0.7","computer_vision","2","9.56"
"1581","134-W2021006-001_R1_5dpi","May11_00-29-56_2021_up0.8_dwn0.2_salth0.7","computer_vision","2","16.08"
"1582","134-W2021006-001_R1_5dpi","Jan25_15-51-04_2024_up0.8_dwn0.2_salth0.7","computer_vision","3","41.9"
"1583","134-W2021006-001_R1_5dpi","Jan29_16-28-38_2024_up0.8_dwn0.3_salth0.7","computer_vision","2","40.6"
"1584","134-W2021006-001_R1_5dpi","NW","human","3","30"
"1585","134-W2021006-001_R1_5dpi","Feb01_00-00-41_2024_up0.8_dwn0.3_salth0.7","computer_vision","3","41.85"
"1586","134-W2021006-001_R1_5dpi","Feb01_00-00-41_2024_up0.7_dwn0.3_salth0.7","computer_vision","3","44.37"
"1587","134-W2021006-001_R1_5dpi","Feb03_04-58-39_2024_up0.8_dwn0.3_salth0.7","computer_vision","2","36.33"
"1588","134-W2021009-275_R1_5dpi","TB","human","3","35"
"1589","134-W2021009-275_R1_5dpi","MW","human","3","35"
"1590","134-W2021009-275_R1_5dpi","BR","human","3","15"
"1591","134-W2021009-275_R1_5dpi","CC","human","3","6"
"1592","134-W2021009-275_R1_5dpi","DG","human","3","2"
"1593","134-W2021009-275_R1_5dpi","Aug31_03-06-57_2023_up0.8_dwn0.2_salth0.7","computer_vision","3","22.47"
"1594","134-W2021009-275_R1_5dpi","May10_16-42-59_2021_up0.8_dwn0.2_salth0.7","computer_vision","2","3.9"
"1595","134-W2021009-275_R1_5dpi","May11_00-29-56_2021_up0.8_dwn0.2_salth0.7","computer_vision","2","7.68"
"1596","134-W2021009-275_R1_5dpi","Jan25_15-51-04_2024_up0.8_dwn0.2_salth0.7","computer_vision","3","31.78"
"1597","134-W2021009-275_R1_5dpi","Jan29_16-28-38_2024_up0.8_dwn0.3_salth0.7","computer_vision","2","22.7"
"1598","134-W2021009-275_R1_5dpi","NW","human","3","10"
"1599","134-W2021009-275_R1_5dpi","Feb01_00-00-41_2024_up0.8_dwn0.3_salth0.7","computer_vision","3","17.65"
"1600","134-W2021009-275_R1_5dpi","Feb01_00-00-41_2024_up0.7_dwn0.3_salth0.7","computer_vision","3","20.34"
"1601","134-W2021009-275_R1_5dpi","Feb03_04-58-39_2024_up0.8_dwn0.3_salth0.7","computer_vision","2","30.5"
"1602","135-W2021011-581_R1_10dpi","MW","human","3","40"
"1603","135-W2021011-581_R1_10dpi","BR","human","3","45"
"1604","135-W2021011-581_R1_10dpi","CC","human","3","50"
"1605","135-W2021011-581_R1_10dpi","DG","human","3","12"
"1606","135-W2021011-581_R1_10dpi","Aug31_03-06-57_2023_up0.8_dwn0.2_salth0.7","computer_vision","3","19.43"
"1607","135-W2021011-581_R1_10dpi","May10_16-42-59_2021_up0.8_dwn0.2_salth0.7","computer_vision","2","13.64"
"1608","135-W2021011-581_R1_10dpi","May11_00-29-56_2021_up0.8_dwn0.2_salth0.7","computer_vision","2","25.25"
"1609","135-W2021011-581_R1_10dpi","Jan25_15-51-04_2024_up0.8_dwn0.2_salth0.7","computer_vision","3","15.27"
"1610","135-W2021011-581_R1_10dpi","Jan29_16-28-38_2024_up0.8_dwn0.3_salth0.7","computer_vision","2","35.25"
"1611","135-W2021011-581_R1_10dpi","TB","human","3","70"
"1612","135-W2021011-581_R1_10dpi","NW","human","3","10"
"1613","135-W2021011-581_R1_10dpi","Feb01_00-00-41_2024_up0.8_dwn0.3_salth0.7","computer_vision","3","29.17"
"1614","135-W2021011-581_R1_10dpi","Feb01_00-00-41_2024_up0.7_dwn0.3_salth0.7","computer_vision","3","33.74"
"1615","135-W2021011-581_R1_10dpi","Feb03_04-58-39_2024_up0.8_dwn0.3_salth0.7","computer_vision","2","34.09"
"1616","137-W2021006-128_R2_10dpi","MW","human","3","90"
"1617","137-W2021006-128_R2_10dpi","BR","human","3","90"
"1618","137-W2021006-128_R2_10dpi","CC","human","3","85"
"1619","137-W2021006-128_R2_10dpi","DG","human","3","90"
"1620","137-W2021006-128_R2_10dpi","Aug31_03-06-57_2023_up0.8_dwn0.2_salth0.7","computer_vision","3","76.7"
"1621","137-W2021006-128_R2_10dpi","May10_16-42-59_2021_up0.8_dwn0.2_salth0.7","computer_vision","2","2.59"
"1622","137-W2021006-128_R2_10dpi","May11_00-29-56_2021_up0.8_dwn0.2_salth0.7","computer_vision","2","4.79"
"1623","137-W2021006-128_R2_10dpi","Jan25_15-51-04_2024_up0.8_dwn0.2_salth0.7","computer_vision","3","82"
"1624","137-W2021006-128_R2_10dpi","Jan29_16-28-38_2024_up0.8_dwn0.3_salth0.7","computer_vision","2","89.01"
"1625","137-W2021006-128_R2_10dpi","TB","human","3","100"
"1626","137-W2021006-128_R2_10dpi","NW","human","3","100"
"1627","137-W2021006-128_R2_10dpi","Feb01_00-00-41_2024_up0.8_dwn0.3_salth0.7","computer_vision","3","79.48"
"1628","137-W2021006-128_R2_10dpi","Feb01_00-00-41_2024_up0.7_dwn0.3_salth0.7","computer_vision","3","85"
"1629","137-W2021006-128_R2_10dpi","Feb03_04-58-39_2024_up0.8_dwn0.3_salth0.7","computer_vision","2","94.89"
"1630","137-W2021010-342_R2_5dpi","TB","human","3","1"
"1631","137-W2021010-342_R2_5dpi","MW","human","3","0"
"1632","137-W2021010-342_R2_5dpi","BR","human","3","0"
"1633","137-W2021010-342_R2_5dpi","CC","human","3","0"
"1634","137-W2021010-342_R2_5dpi","DG","human","3","0"
"1635","137-W2021010-342_R2_5dpi","Aug31_03-06-57_2023_up0.8_dwn0.2_salth0.7","computer_vision","3","2.95"
"1636","137-W2021010-342_R2_5dpi","May10_16-42-59_2021_up0.8_dwn0.2_salth0.7","computer_vision","2","3.87"
"1637","137-W2021010-342_R2_5dpi","May11_00-29-56_2021_up0.8_dwn0.2_salth0.7","computer_vision","2","5.57"
"1638","137-W2021010-342_R2_5dpi","Jan25_15-51-04_2024_up0.8_dwn0.2_salth0.7","computer_vision","3","5.19"
"1639","137-W2021010-342_R2_5dpi","Jan29_16-28-38_2024_up0.8_dwn0.3_salth0.7","computer_vision","2","2.42"
"1640","137-W2021010-342_R2_5dpi","NW","human","3","0"
"1641","137-W2021010-342_R2_5dpi","Feb01_00-00-41_2024_up0.8_dwn0.3_salth0.7","computer_vision","3","1.81"
"1642","137-W2021010-342_R2_5dpi","Feb01_00-00-41_2024_up0.7_dwn0.3_salth0.7","computer_vision","3","4.76"
"1643","137-W2021010-342_R2_5dpi","Feb03_04-58-39_2024_up0.8_dwn0.3_salth0.7","computer_vision","2","2.12"
"1644","138-W2021010-446_R1_5dpi","TB","human","3","0"
"1645","138-W2021010-446_R1_5dpi","MW","human","3","0"
"1646","138-W2021010-446_R1_5dpi","BR","human","3","0"
"1647","138-W2021010-446_R1_5dpi","CC","human","3","0"
"1648","138-W2021010-446_R1_5dpi","DG","human","3","0"
"1649","138-W2021010-446_R1_5dpi","Aug31_03-06-57_2023_up0.8_dwn0.2_salth0.7","computer_vision","3","2.86"
"1650","138-W2021010-446_R1_5dpi","May10_16-42-59_2021_up0.8_dwn0.2_salth0.7","computer_vision","2","1.74"
"1651","138-W2021010-446_R1_5dpi","May11_00-29-56_2021_up0.8_dwn0.2_salth0.7","computer_vision","2","3.68"
"1652","138-W2021010-446_R1_5dpi","Jan25_15-51-04_2024_up0.8_dwn0.2_salth0.7","computer_vision","3","2.41"
"1653","138-W2021010-446_R1_5dpi","Jan29_16-28-38_2024_up0.8_dwn0.3_salth0.7","computer_vision","2","1.25"
"1654","138-W2021010-446_R1_5dpi","NW","human","3","0"
"1655","138-W2021010-446_R1_5dpi","Feb01_00-00-41_2024_up0.8_dwn0.3_salth0.7","computer_vision","3","0.61"
"1656","138-W2021010-446_R1_5dpi","Feb01_00-00-41_2024_up0.7_dwn0.3_salth0.7","computer_vision","3","1.52"
"1657","138-W2021010-446_R1_5dpi","Feb03_04-58-39_2024_up0.8_dwn0.3_salth0.7","computer_vision","2","2.46"
"1658","141-W2021009-274_R1_5dpi","TB","human","3","90"
"1659","141-W2021009-274_R1_5dpi","MW","human","3","80"
"1660","141-W2021009-274_R1_5dpi","BR","human","3","75"
"1661","141-W2021009-274_R1_5dpi","CC","human","3","35"
"1662","141-W2021009-274_R1_5dpi","DG","human","3","30"
"1663","141-W2021009-274_R1_5dpi","Aug31_03-06-57_2023_up0.8_dwn0.2_salth0.7","computer_vision","3","88.33"
"1664","141-W2021009-274_R1_5dpi","May10_16-42-59_2021_up0.8_dwn0.2_salth0.7","computer_vision","2","62.58"
"1665","141-W2021009-274_R1_5dpi","May11_00-29-56_2021_up0.8_dwn0.2_salth0.7","computer_vision","2","79.26"
"1666","141-W2021009-274_R1_5dpi","Jan25_15-51-04_2024_up0.8_dwn0.2_salth0.7","computer_vision","3","80.9"
"1667","141-W2021009-274_R1_5dpi","Jan29_16-28-38_2024_up0.8_dwn0.3_salth0.7","computer_vision","2","79.57"
"1668","141-W2021009-274_R1_5dpi","NW","human","3","0"
"1669","141-W2021009-274_R1_5dpi","Feb01_00-00-41_2024_up0.8_dwn0.3_salth0.7","computer_vision","3","80.49"
"1670","141-W2021009-274_R1_5dpi","Feb01_00-00-41_2024_up0.7_dwn0.3_salth0.7","computer_vision","3","81.64"
"1671","141-W2021009-274_R1_5dpi","Feb03_04-58-39_2024_up0.8_dwn0.3_salth0.7","computer_vision","2","85.08"
"1672","143-W2021010-313_R2_5dpi","TB","human","3","0"
"1673","143-W2021010-313_R2_5dpi","MW","human","3","0"
"1674","143-W2021010-313_R2_5dpi","BR","human","3","0"
"1675","143-W2021010-313_R2_5dpi","CC","human","3","0"
"1676","143-W2021010-313_R2_5dpi","DG","human","3","0"
"1677","143-W2021010-313_R2_5dpi","Aug31_03-06-57_2023_up0.8_dwn0.2_salth0.7","computer_vision","3","1.16"
"1678","143-W2021010-313_R2_5dpi","May10_16-42-59_2021_up0.8_dwn0.2_salth0.7","computer_vision","2","1.77"
"1679","143-W2021010-313_R2_5dpi","May11_00-29-56_2021_up0.8_dwn0.2_salth0.7","computer_vision","2","0.86"
"1680","143-W2021010-313_R2_5dpi","Jan25_15-51-04_2024_up0.8_dwn0.2_salth0.7","computer_vision","3","0.52"
"1681","143-W2021010-313_R2_5dpi","Jan29_16-28-38_2024_up0.8_dwn0.3_salth0.7","computer_vision","2","0.15"
"1682","143-W2021010-313_R2_5dpi","NW","human","3","0"
"1683","143-W2021010-313_R2_5dpi","Feb01_00-00-41_2024_up0.8_dwn0.3_salth0.7","computer_vision","3","0.3"
"1684","143-W2021010-313_R2_5dpi","Feb01_00-00-41_2024_up0.7_dwn0.3_salth0.7","computer_vision","3","0.6"
"1685","143-W2021010-313_R2_5dpi","Feb03_04-58-39_2024_up0.8_dwn0.3_salth0.7","computer_vision","2","0"
"1686","146-W2021006-613_R1_10dpi","MW","human","3","80"
"1687","146-W2021006-613_R1_10dpi","BR","human","3","70"
"1688","146-W2021006-613_R1_10dpi","CC","human","3","60"
"1689","146-W2021006-613_R1_10dpi","DG","human","3","80"
"1690","146-W2021006-613_R1_10dpi","Aug31_03-06-57_2023_up0.8_dwn0.2_salth0.7","computer_vision","3","29.66"
"1691","146-W2021006-613_R1_10dpi","May10_16-42-59_2021_up0.8_dwn0.2_salth0.7","computer_vision","2","22.2"
"1692","146-W2021006-613_R1_10dpi","May11_00-29-56_2021_up0.8_dwn0.2_salth0.7","computer_vision","2","24.46"
"1693","146-W2021006-613_R1_10dpi","Jan25_15-51-04_2024_up0.8_dwn0.2_salth0.7","computer_vision","3","23.75"
"1694","146-W2021006-613_R1_10dpi","Jan29_16-28-38_2024_up0.8_dwn0.3_salth0.7","computer_vision","2","63.49"
"1695","146-W2021006-613_R1_10dpi","TB","human","3","90"
"1696","146-W2021006-613_R1_10dpi","NW","human","3","60"
"1697","146-W2021006-613_R1_10dpi","Feb01_00-00-41_2024_up0.8_dwn0.3_salth0.7","computer_vision","3","26.17"
"1698","146-W2021006-613_R1_10dpi","Feb01_00-00-41_2024_up0.7_dwn0.3_salth0.7","computer_vision","3","38.38"
"1699","146-W2021006-613_R1_10dpi","Feb03_04-58-39_2024_up0.8_dwn0.3_salth0.7","computer_vision","2","63.55"
"1700","148-W2021011-462_R2_5dpi","TB","human","3","30"
"1701","148-W2021011-462_R2_5dpi","MW","human","3","35"
"1702","148-W2021011-462_R2_5dpi","BR","human","3","12"
"1703","148-W2021011-462_R2_5dpi","CC","human","3","6"
"1704","148-W2021011-462_R2_5dpi","DG","human","3","0"
"1705","148-W2021011-462_R2_5dpi","Aug31_03-06-57_2023_up0.8_dwn0.2_salth0.7","computer_vision","3","17.13"
"1706","148-W2021011-462_R2_5dpi","May10_16-42-59_2021_up0.8_dwn0.2_salth0.7","computer_vision","2","6.33"
"1707","148-W2021011-462_R2_5dpi","May11_00-29-56_2021_up0.8_dwn0.2_salth0.7","computer_vision","2","8.19"
"1708","148-W2021011-462_R2_5dpi","Jan25_15-51-04_2024_up0.8_dwn0.2_salth0.7","computer_vision","3","11.44"
"1709","148-W2021011-462_R2_5dpi","Jan29_16-28-38_2024_up0.8_dwn0.3_salth0.7","computer_vision","2","23.13"
"1710","148-W2021011-462_R2_5dpi","NW","human","3","0"
"1711","148-W2021011-462_R2_5dpi","Feb01_00-00-41_2024_up0.8_dwn0.3_salth0.7","computer_vision","3","19.8"
"1712","148-W2021011-462_R2_5dpi","Feb01_00-00-41_2024_up0.7_dwn0.3_salth0.7","computer_vision","3","22.96"
"1713","148-W2021011-462_R2_5dpi","Feb03_04-58-39_2024_up0.8_dwn0.3_salth0.7","computer_vision","2","15.14"
"1714","149-W2021010-417_R1_5dpi","TB","human","3","10"
"1715","149-W2021010-417_R1_5dpi","MW","human","3","12"
"1716","149-W2021010-417_R1_5dpi","BR","human","3","5"
"1717","149-W2021010-417_R1_5dpi","CC","human","3","5"
"1718","149-W2021010-417_R1_5dpi","DG","human","3","3"
"1719","149-W2021010-417_R1_5dpi","Aug31_03-06-57_2023_up0.8_dwn0.2_salth0.7","computer_vision","3","3"
"1720","149-W2021010-417_R1_5dpi","May10_16-42-59_2021_up0.8_dwn0.2_salth0.7","computer_vision","2","2.53"
"1721","149-W2021010-417_R1_5dpi","May11_00-29-56_2021_up0.8_dwn0.2_salth0.7","computer_vision","2","8.9"
"1722","149-W2021010-417_R1_5dpi","Jan25_15-51-04_2024_up0.8_dwn0.2_salth0.7","computer_vision","3","3.6"
"1723","149-W2021010-417_R1_5dpi","Jan29_16-28-38_2024_up0.8_dwn0.3_salth0.7","computer_vision","2","5.68"
"1724","149-W2021010-417_R1_5dpi","NW","human","3","5"
"1725","149-W2021010-417_R1_5dpi","Feb01_00-00-41_2024_up0.8_dwn0.3_salth0.7","computer_vision","3","6.92"
"1726","149-W2021010-417_R1_5dpi","Feb01_00-00-41_2024_up0.7_dwn0.3_salth0.7","computer_vision","3","9.15"
"1727","149-W2021010-417_R1_5dpi","Feb03_04-58-39_2024_up0.8_dwn0.3_salth0.7","computer_vision","2","10.45"
"1728","149-W2021011-462_R1_10dpi","MW","human","3","70"
"1729","149-W2021011-462_R1_10dpi","BR","human","3","75"
"1730","149-W2021011-462_R1_10dpi","CC","human","3","50"
"1731","149-W2021011-462_R1_10dpi","DG","human","3","30"
"1732","149-W2021011-462_R1_10dpi","Aug31_03-06-57_2023_up0.8_dwn0.2_salth0.7","computer_vision","3","63.01"
"1733","149-W2021011-462_R1_10dpi","May10_16-42-59_2021_up0.8_dwn0.2_salth0.7","computer_vision","2","51.83"
"1734","149-W2021011-462_R1_10dpi","May11_00-29-56_2021_up0.8_dwn0.2_salth0.7","computer_vision","2","47.76"
"1735","149-W2021011-462_R1_10dpi","Jan25_15-51-04_2024_up0.8_dwn0.2_salth0.7","computer_vision","3","60.06"
"1736","149-W2021011-462_R1_10dpi","Jan29_16-28-38_2024_up0.8_dwn0.3_salth0.7","computer_vision","2","84.88"
"1737","149-W2021011-462_R1_10dpi","TB","human","3","90"
"1738","149-W2021011-462_R1_10dpi","NW","human","3","0"
"1739","149-W2021011-462_R1_10dpi","Feb01_00-00-41_2024_up0.8_dwn0.3_salth0.7","computer_vision","3","76.2"
"1740","149-W2021011-462_R1_10dpi","Feb01_00-00-41_2024_up0.7_dwn0.3_salth0.7","computer_vision","3","79.51"
"1741","149-W2021011-462_R1_10dpi","Feb03_04-58-39_2024_up0.8_dwn0.3_salth0.7","computer_vision","2","81.07"
"1742","151-W2021011-479_R2_10dpi","MW","human","3","90"
"1743","151-W2021011-479_R2_10dpi","BR","human","3","95"
"1744","151-W2021011-479_R2_10dpi","CC","human","3","90"
"1745","151-W2021011-479_R2_10dpi","DG","human","3","55"
"1746","151-W2021011-479_R2_10dpi","Aug31_03-06-57_2023_up0.8_dwn0.2_salth0.7","computer_vision","3","98.44"
"1747","151-W2021011-479_R2_10dpi","May10_16-42-59_2021_up0.8_dwn0.2_salth0.7","computer_vision","2","6.5"
"1748","151-W2021011-479_R2_10dpi","May11_00-29-56_2021_up0.8_dwn0.2_salth0.7","computer_vision","2","6.97"
"1749","151-W2021011-479_R2_10dpi","Jan25_15-51-04_2024_up0.8_dwn0.2_salth0.7","computer_vision","3","97.71"
"1750","151-W2021011-479_R2_10dpi","Jan29_16-28-38_2024_up0.8_dwn0.3_salth0.7","computer_vision","2","99.19"
"1751","151-W2021011-479_R2_10dpi","TB","human","3","100"
"1752","151-W2021011-479_R2_10dpi","NW","human","3","90"
"1753","151-W2021011-479_R2_10dpi","Feb01_00-00-41_2024_up0.8_dwn0.3_salth0.7","computer_vision","3","90.99"
"1754","151-W2021011-479_R2_10dpi","Feb01_00-00-41_2024_up0.7_dwn0.3_salth0.7","computer_vision","3","96.96"
"1755","151-W2021011-479_R2_10dpi","Feb03_04-58-39_2024_up0.8_dwn0.3_salth0.7","computer_vision","2","99.36"
"1756","152-W2021010-301_R2_10dpi","MW","human","3","0"
"1757","152-W2021010-301_R2_10dpi","BR","human","3","0"
"1758","152-W2021010-301_R2_10dpi","CC","human","3","0"
"1759","152-W2021010-301_R2_10dpi","DG","human","3","0"
"1760","152-W2021010-301_R2_10dpi","Aug31_03-06-57_2023_up0.8_dwn0.2_salth0.7","computer_vision","3","0"
"1761","152-W2021010-301_R2_10dpi","May10_16-42-59_2021_up0.8_dwn0.2_salth0.7","computer_vision","2","0.13"
"1762","152-W2021010-301_R2_10dpi","May11_00-29-56_2021_up0.8_dwn0.2_salth0.7","computer_vision","2","1.36"
"1763","152-W2021010-301_R2_10dpi","Jan25_15-51-04_2024_up0.8_dwn0.2_salth0.7","computer_vision","3","0.14"
"1764","152-W2021010-301_R2_10dpi","Jan29_16-28-38_2024_up0.8_dwn0.3_salth0.7","computer_vision","2","0.57"
"1765","152-W2021010-301_R2_10dpi","TB","human","3","0"
"1766","152-W2021010-301_R2_10dpi","NW","human","3","0"
"1767","152-W2021010-301_R2_10dpi","Feb01_00-00-41_2024_up0.8_dwn0.3_salth0.7","computer_vision","3","0"
"1768","152-W2021010-301_R2_10dpi","Feb01_00-00-41_2024_up0.7_dwn0.3_salth0.7","computer_vision","3","0.14"
"1769","152-W2021010-301_R2_10dpi","Feb03_04-58-39_2024_up0.8_dwn0.3_salth0.7","computer_vision","2","0.58"
"1770","152-W2021011-479_R1_10dpi","MW","human","3","40"
"1771","152-W2021011-479_R1_10dpi","BR","human","3","55"
"1772","152-W2021011-479_R1_10dpi","CC","human","3","45"
"1773","152-W2021011-479_R1_10dpi","DG","human","3","30"
"1774","152-W2021011-479_R1_10dpi","Aug31_03-06-57_2023_up0.8_dwn0.2_salth0.7","computer_vision","3","24.57"
"1775","152-W2021011-479_R1_10dpi","May10_16-42-59_2021_up0.8_dwn0.2_salth0.7","computer_vision","2","25.66"
"1776","152-W2021011-479_R1_10dpi","May11_00-29-56_2021_up0.8_dwn0.2_salth0.7","computer_vision","2","28.83"
"1777","152-W2021011-479_R1_10dpi","Jan25_15-51-04_2024_up0.8_dwn0.2_salth0.7","computer_vision","3","24.41"
"1778","152-W2021011-479_R1_10dpi","Jan29_16-28-38_2024_up0.8_dwn0.3_salth0.7","computer_vision","2","41.8"
"1779","152-W2021011-479_R1_10dpi","TB","human","3","55"
"1780","152-W2021011-479_R1_10dpi","NW","human","3","45"
"1781","152-W2021011-479_R1_10dpi","Feb01_00-00-41_2024_up0.8_dwn0.3_salth0.7","computer_vision","3","31.02"
"1782","152-W2021011-479_R1_10dpi","Feb01_00-00-41_2024_up0.7_dwn0.3_salth0.7","computer_vision","3","34.31"
"1783","152-W2021011-479_R1_10dpi","Feb03_04-58-39_2024_up0.8_dwn0.3_salth0.7","computer_vision","2","39.94"
"1784","154-W2021010-419_R1_5dpi","TB","human","3","0"
"1785","154-W2021010-419_R1_5dpi","MW","human","3","0"
"1786","154-W2021010-419_R1_5dpi","BR","human","3","0"
"1787","154-W2021010-419_R1_5dpi","CC","human","3","0"
"1788","154-W2021010-419_R1_5dpi","DG","human","3","0"
"1789","154-W2021010-419_R1_5dpi","Aug31_03-06-57_2023_up0.8_dwn0.2_salth0.7","computer_vision","3","1.03"
"1790","154-W2021010-419_R1_5dpi","May10_16-42-59_2021_up0.8_dwn0.2_salth0.7","computer_vision","2","2.46"
"1791","154-W2021010-419_R1_5dpi","May11_00-29-56_2021_up0.8_dwn0.2_salth0.7","computer_vision","2","4.05"
"1792","154-W2021010-419_R1_5dpi","Jan25_15-51-04_2024_up0.8_dwn0.2_salth0.7","computer_vision","3","1.36"
"1793","154-W2021010-419_R1_5dpi","Jan29_16-28-38_2024_up0.8_dwn0.3_salth0.7","computer_vision","2","0.43"
"1794","154-W2021010-419_R1_5dpi","NW","human","3","0"
"1795","154-W2021010-419_R1_5dpi","Feb01_00-00-41_2024_up0.8_dwn0.3_salth0.7","computer_vision","3","0.15"
"1796","154-W2021010-419_R1_5dpi","Feb01_00-00-41_2024_up0.7_dwn0.3_salth0.7","computer_vision","3","0.3"
"1797","154-W2021010-419_R1_5dpi","Feb03_04-58-39_2024_up0.8_dwn0.3_salth0.7","computer_vision","2","0.3"
"1798","154-W2021010-419_R2_10dpi","MW","human","3","0"
"1799","154-W2021010-419_R2_10dpi","BR","human","3","0"
"1800","154-W2021010-419_R2_10dpi","CC","human","3","0"
"1801","154-W2021010-419_R2_10dpi","DG","human","3","0"
"1802","154-W2021010-419_R2_10dpi","Aug31_03-06-57_2023_up0.8_dwn0.2_salth0.7","computer_vision","3","2.7"
"1803","154-W2021010-419_R2_10dpi","May10_16-42-59_2021_up0.8_dwn0.2_salth0.7","computer_vision","2","2.61"
"1804","154-W2021010-419_R2_10dpi","May11_00-29-56_2021_up0.8_dwn0.2_salth0.7","computer_vision","2","5.02"
"1805","154-W2021010-419_R2_10dpi","Jan25_15-51-04_2024_up0.8_dwn0.2_salth0.7","computer_vision","3","3.87"
"1806","154-W2021010-419_R2_10dpi","Jan29_16-28-38_2024_up0.8_dwn0.3_salth0.7","computer_vision","2","0.16"
"1807","154-W2021010-419_R2_10dpi","TB","human","3","0"
"1808","154-W2021010-419_R2_10dpi","NW","human","3","0"
"1809","154-W2021010-419_R2_10dpi","Feb01_00-00-41_2024_up0.8_dwn0.3_salth0.7","computer_vision","3","0.16"
"1810","154-W2021010-419_R2_10dpi","Feb01_00-00-41_2024_up0.7_dwn0.3_salth0.7","computer_vision","3","0.16"
"1811","154-W2021010-419_R2_10dpi","Feb03_04-58-39_2024_up0.8_dwn0.3_salth0.7","computer_vision","2","0.49"
"1812","155-W2021010-419_R1_10dpi","Aug31_03-06-57_2023_up0.8_dwn0.2_salth0.7","computer_vision","3","1.25"
"1813","155-W2021010-419_R1_10dpi","May10_16-42-59_2021_up0.8_dwn0.2_salth0.7","computer_vision","2","0"
"1814","155-W2021010-419_R1_10dpi","May11_00-29-56_2021_up0.8_dwn0.2_salth0.7","computer_vision","2","0"
"1815","155-W2021010-419_R1_10dpi","Jan25_15-51-04_2024_up0.8_dwn0.2_salth0.7","computer_vision","3","0"
"1816","155-W2021011-639_R1_5dpi","TB","human","3","5"
"1817","155-W2021011-639_R1_5dpi","MW","human","3","3"
"1818","155-W2021011-639_R1_5dpi","BR","human","3","2"
"1819","155-W2021011-639_R1_5dpi","CC","human","3","2"
"1820","155-W2021011-639_R1_5dpi","DG","human","3","1"
"1821","155-W2021011-639_R1_5dpi","Aug31_03-06-57_2023_up0.8_dwn0.2_salth0.7","computer_vision","3","2.02"
"1822","155-W2021011-639_R1_5dpi","May10_16-42-59_2021_up0.8_dwn0.2_salth0.7","computer_vision","2","0.47"
"1823","155-W2021011-639_R1_5dpi","May11_00-29-56_2021_up0.8_dwn0.2_salth0.7","computer_vision","2","2.24"
"1824","155-W2021011-639_R1_5dpi","Jan25_15-51-04_2024_up0.8_dwn0.2_salth0.7","computer_vision","3","0.76"
"1825","155-W2021011-639_R1_5dpi","Jan29_16-28-38_2024_up0.8_dwn0.3_salth0.7","computer_vision","2","5.38"
"1826","155-W2021011-639_R1_5dpi","NW","human","3","0"
"1827","155-W2021011-639_R1_5dpi","Feb01_00-00-41_2024_up0.8_dwn0.3_salth0.7","computer_vision","3","2.53"
"1828","155-W2021011-639_R1_5dpi","Feb01_00-00-41_2024_up0.7_dwn0.3_salth0.7","computer_vision","3","4.46"
"1829","155-W2021011-639_R1_5dpi","Feb03_04-58-39_2024_up0.8_dwn0.3_salth0.7","computer_vision","2","4.4"
"1830","156-W2021009-276_R2_5dpi","TB","human","3","6"
"1831","156-W2021009-276_R2_5dpi","MW","human","3","7"
"1832","156-W2021009-276_R2_5dpi","BR","human","3","10"
"1833","156-W2021009-276_R2_5dpi","CC","human","3","4"
"1834","156-W2021009-276_R2_5dpi","DG","human","3","1"
"1835","156-W2021009-276_R2_5dpi","Aug31_03-06-57_2023_up0.8_dwn0.2_salth0.7","computer_vision","3","6.16"
"1836","156-W2021009-276_R2_5dpi","May10_16-42-59_2021_up0.8_dwn0.2_salth0.7","computer_vision","2","2.37"
"1837","156-W2021009-276_R2_5dpi","May11_00-29-56_2021_up0.8_dwn0.2_salth0.7","computer_vision","2","4.2"
"1838","156-W2021009-276_R2_5dpi","Jan25_15-51-04_2024_up0.8_dwn0.2_salth0.7","computer_vision","3","2.81"
"1839","156-W2021009-276_R2_5dpi","Jan29_16-28-38_2024_up0.8_dwn0.3_salth0.7","computer_vision","2","2.43"
"1840","156-W2021009-276_R2_5dpi","NW","human","3","0"
"1841","156-W2021009-276_R2_5dpi","Feb01_00-00-41_2024_up0.8_dwn0.3_salth0.7","computer_vision","3","3.79"
"1842","156-W2021009-276_R2_5dpi","Feb01_00-00-41_2024_up0.7_dwn0.3_salth0.7","computer_vision","3","5.17"
"1843","156-W2021009-276_R2_5dpi","Feb03_04-58-39_2024_up0.8_dwn0.3_salth0.7","computer_vision","2","6.74"
"1844","158-W2021006-114_R1_5dpi","TB","human","3","80"
"1845","158-W2021006-114_R1_5dpi","MW","human","3","85"
"1846","158-W2021006-114_R1_5dpi","BR","human","3","82"
"1847","158-W2021006-114_R1_5dpi","CC","human","3","40"
"1848","158-W2021006-114_R1_5dpi","DG","human","3","24"
"1849","158-W2021006-114_R1_5dpi","Aug31_03-06-57_2023_up0.8_dwn0.2_salth0.7","computer_vision","3","44.29"
"1850","158-W2021006-114_R1_5dpi","May10_16-42-59_2021_up0.8_dwn0.2_salth0.7","computer_vision","2","4.02"
"1851","158-W2021006-114_R1_5dpi","May11_00-29-56_2021_up0.8_dwn0.2_salth0.7","computer_vision","2","15.08"
"1852","158-W2021006-114_R1_5dpi","Jan25_15-51-04_2024_up0.8_dwn0.2_salth0.7","computer_vision","3","39.9"
"1853","158-W2021006-114_R1_5dpi","Jan29_16-28-38_2024_up0.8_dwn0.3_salth0.7","computer_vision","2","42.66"
"1854","158-W2021006-114_R1_5dpi","NW","human","3","90"
"1855","158-W2021006-114_R1_5dpi","Feb01_00-00-41_2024_up0.8_dwn0.3_salth0.7","computer_vision","3","47.75"
"1856","158-W2021006-114_R1_5dpi","Feb01_00-00-41_2024_up0.7_dwn0.3_salth0.7","computer_vision","3","49.91"
"1857","158-W2021006-114_R1_5dpi","Feb03_04-58-39_2024_up0.8_dwn0.3_salth0.7","computer_vision","2","56.72"
"1858","162-W2021011-551_R2_10dpi","MW","human","3","75"
"1859","162-W2021011-551_R2_10dpi","BR","human","3","75"
"1860","162-W2021011-551_R2_10dpi","CC","human","3","70"
"1861","162-W2021011-551_R2_10dpi","DG","human","3","50"
"1862","162-W2021011-551_R2_10dpi","Aug31_03-06-57_2023_up0.8_dwn0.2_salth0.7","computer_vision","3","75.64"
"1863","162-W2021011-551_R2_10dpi","May10_16-42-59_2021_up0.8_dwn0.2_salth0.7","computer_vision","2","35.22"
"1864","162-W2021011-551_R2_10dpi","May11_00-29-56_2021_up0.8_dwn0.2_salth0.7","computer_vision","2","46.04"
"1865","162-W2021011-551_R2_10dpi","Jan25_15-51-04_2024_up0.8_dwn0.2_salth0.7","computer_vision","3","82.83"
"1866","162-W2021011-551_R2_10dpi","Jan29_16-28-38_2024_up0.8_dwn0.3_salth0.7","computer_vision","2","78.78"
"1867","162-W2021011-551_R2_10dpi","TB","human","3","90"
"1868","162-W2021011-551_R2_10dpi","NW","human","3","85"
"1869","162-W2021011-551_R2_10dpi","Feb01_00-00-41_2024_up0.8_dwn0.3_salth0.7","computer_vision","3","73.52"
"1870","162-W2021011-551_R2_10dpi","Feb01_00-00-41_2024_up0.7_dwn0.3_salth0.7","computer_vision","3","77.39"
"1871","162-W2021011-551_R2_10dpi","Feb03_04-58-39_2024_up0.8_dwn0.3_salth0.7","computer_vision","2","83.03"
"1872","166-W2021006-123_R1_10dpi","MW","human","3","0"
"1873","166-W2021006-123_R1_10dpi","BR","human","3","0"
"1874","166-W2021006-123_R1_10dpi","CC","human","3","0"
"1875","166-W2021006-123_R1_10dpi","DG","human","3","0"
"1876","166-W2021006-123_R1_10dpi","Aug31_03-06-57_2023_up0.8_dwn0.2_salth0.7","computer_vision","3","1.97"
"1877","166-W2021006-123_R1_10dpi","May10_16-42-59_2021_up0.8_dwn0.2_salth0.7","computer_vision","2","0.65"
"1878","166-W2021006-123_R1_10dpi","May11_00-29-56_2021_up0.8_dwn0.2_salth0.7","computer_vision","2","1.3"
"1879","166-W2021006-123_R1_10dpi","Jan25_15-51-04_2024_up0.8_dwn0.2_salth0.7","computer_vision","3","2.21"
"1880","166-W2021006-123_R1_10dpi","Jan29_16-28-38_2024_up0.8_dwn0.3_salth0.7","computer_vision","2","1.91"
"1881","166-W2021006-123_R1_10dpi","TB","human","3","0"
"1882","166-W2021006-123_R1_10dpi","NW","human","3","0"
"1883","166-W2021006-123_R1_10dpi","Feb01_00-00-41_2024_up0.8_dwn0.3_salth0.7","computer_vision","3","0"
"1884","166-W2021006-123_R1_10dpi","Feb01_00-00-41_2024_up0.7_dwn0.3_salth0.7","computer_vision","3","0"
"1885","166-W2021006-123_R1_10dpi","Feb03_04-58-39_2024_up0.8_dwn0.3_salth0.7","computer_vision","2","0"
"1886","166-W2021006-146_R1_10dpi","MW","human","3","50"
"1887","166-W2021006-146_R1_10dpi","BR","human","3","50"
"1888","166-W2021006-146_R1_10dpi","CC","human","3","40"
"1889","166-W2021006-146_R1_10dpi","DG","human","3","30"
"1890","166-W2021006-146_R1_10dpi","Aug31_03-06-57_2023_up0.8_dwn0.2_salth0.7","computer_vision","3","34.72"
"1891","166-W2021006-146_R1_10dpi","May10_16-42-59_2021_up0.8_dwn0.2_salth0.7","computer_vision","2","11.06"
"1892","166-W2021006-146_R1_10dpi","May11_00-29-56_2021_up0.8_dwn0.2_salth0.7","computer_vision","2","29.33"
"1893","166-W2021006-146_R1_10dpi","Jan25_15-51-04_2024_up0.8_dwn0.2_salth0.7","computer_vision","3","36.82"
"1894","166-W2021006-146_R1_10dpi","Jan29_16-28-38_2024_up0.8_dwn0.3_salth0.7","computer_vision","2","52.56"
"1895","166-W2021006-146_R1_10dpi","TB","human","3","70"
"1896","166-W2021006-146_R1_10dpi","NW","human","3","45"
"1897","166-W2021006-146_R1_10dpi","Feb01_00-00-41_2024_up0.8_dwn0.3_salth0.7","computer_vision","3","41.14"
"1898","166-W2021006-146_R1_10dpi","Feb01_00-00-41_2024_up0.7_dwn0.3_salth0.7","computer_vision","3","44.85"
"1899","166-W2021006-146_R1_10dpi","Feb03_04-58-39_2024_up0.8_dwn0.3_salth0.7","computer_vision","2","49.53"
"1900","166-W2021006-146_R2_10dpi","MW","human","3","16"
"1901","166-W2021006-146_R2_10dpi","BR","human","3","5"
"1902","166-W2021006-146_R2_10dpi","CC","human","3","16"
"1903","166-W2021006-146_R2_10dpi","DG","human","3","0"
"1904","166-W2021006-146_R2_10dpi","Aug31_03-06-57_2023_up0.8_dwn0.2_salth0.7","computer_vision","3","4.38"
"1905","166-W2021006-146_R2_10dpi","May10_16-42-59_2021_up0.8_dwn0.2_salth0.7","computer_vision","2","8.27"
"1906","166-W2021006-146_R2_10dpi","May11_00-29-56_2021_up0.8_dwn0.2_salth0.7","computer_vision","2","9.04"
"1907","166-W2021006-146_R2_10dpi","Jan25_15-51-04_2024_up0.8_dwn0.2_salth0.7","computer_vision","3","2.21"
"1908","166-W2021006-146_R2_10dpi","Jan29_16-28-38_2024_up0.8_dwn0.3_salth0.7","computer_vision","2","10.18"
"1909","166-W2021006-146_R2_10dpi","TB","human","3","15"
"1910","166-W2021006-146_R2_10dpi","NW","human","3","0"
"1911","166-W2021006-146_R2_10dpi","Feb01_00-00-41_2024_up0.8_dwn0.3_salth0.7","computer_vision","3","7.03"
"1912","166-W2021006-146_R2_10dpi","Feb01_00-00-41_2024_up0.7_dwn0.3_salth0.7","computer_vision","3","8.12"
"1913","166-W2021006-146_R2_10dpi","Feb03_04-58-39_2024_up0.8_dwn0.3_salth0.7","computer_vision","2","13.18"
"1914","167-W2021006-003_R2_5dpi","TB","human","3","3"
"1915","167-W2021006-003_R2_5dpi","MW","human","3","8"
"1916","167-W2021006-003_R2_5dpi","BR","human","3","0"
"1917","167-W2021006-003_R2_5dpi","CC","human","3","1"
"1918","167-W2021006-003_R2_5dpi","DG","human","3","1"
"1919","167-W2021006-003_R2_5dpi","Aug31_03-06-57_2023_up0.8_dwn0.2_salth0.7","computer_vision","3","2.51"
"1920","167-W2021006-003_R2_5dpi","May10_16-42-59_2021_up0.8_dwn0.2_salth0.7","computer_vision","2","5.23"
"1921","167-W2021006-003_R2_5dpi","May11_00-29-56_2021_up0.8_dwn0.2_salth0.7","computer_vision","2","6.58"
"1922","167-W2021006-003_R2_5dpi","Jan25_15-51-04_2024_up0.8_dwn0.2_salth0.7","computer_vision","3","3.51"
"1923","167-W2021006-003_R2_5dpi","Jan29_16-28-38_2024_up0.8_dwn0.3_salth0.7","computer_vision","2","2.08"
"1924","167-W2021006-003_R2_5dpi","NW","human","3","0"
"1925","167-W2021006-003_R2_5dpi","Feb01_00-00-41_2024_up0.8_dwn0.3_salth0.7","computer_vision","3","2.09"
"1926","167-W2021006-003_R2_5dpi","Feb01_00-00-41_2024_up0.7_dwn0.3_salth0.7","computer_vision","3","2.93"
"1927","167-W2021006-003_R2_5dpi","Feb03_04-58-39_2024_up0.8_dwn0.3_salth0.7","computer_vision","2","1.85"
"1928","169-W2021009-623_R2_5dpi","TB","human","3","98"
"1929","169-W2021009-623_R2_5dpi","MW","human","3","75"
"1930","169-W2021009-623_R2_5dpi","BR","human","3","80"
"1931","169-W2021009-623_R2_5dpi","CC","human","3","60"
"1932","169-W2021009-623_R2_5dpi","DG","human","3","40"
"1933","169-W2021009-623_R2_5dpi","Aug31_03-06-57_2023_up0.8_dwn0.2_salth0.7","computer_vision","3","80.68"
"1934","169-W2021009-623_R2_5dpi","May10_16-42-59_2021_up0.8_dwn0.2_salth0.7","computer_vision","2","24.26"
"1935","169-W2021009-623_R2_5dpi","May11_00-29-56_2021_up0.8_dwn0.2_salth0.7","computer_vision","2","54.36"
"1936","169-W2021009-623_R2_5dpi","Jan25_15-51-04_2024_up0.8_dwn0.2_salth0.7","computer_vision","3","85.4"
"1937","169-W2021009-623_R2_5dpi","Jan29_16-28-38_2024_up0.8_dwn0.3_salth0.7","computer_vision","2","77.26"
"1938","169-W2021009-623_R2_5dpi","NW","human","3","80"
"1939","169-W2021009-623_R2_5dpi","Feb01_00-00-41_2024_up0.8_dwn0.3_salth0.7","computer_vision","3","77.7"
"1940","169-W2021009-623_R2_5dpi","Feb01_00-00-41_2024_up0.7_dwn0.3_salth0.7","computer_vision","3","78.25"
"1941","169-W2021009-623_R2_5dpi","Feb03_04-58-39_2024_up0.8_dwn0.3_salth0.7","computer_vision","2","79.83"
"1942","169-W2021011-477_R1_5dpi","TB","human","3","75"
"1943","169-W2021011-477_R1_5dpi","MW","human","3","40"
"1944","169-W2021011-477_R1_5dpi","BR","human","3","55"
"1945","169-W2021011-477_R1_5dpi","CC","human","3","50"
"1946","169-W2021011-477_R1_5dpi","DG","human","3","15"
"1947","169-W2021011-477_R1_5dpi","Aug31_03-06-57_2023_up0.8_dwn0.2_salth0.7","computer_vision","3","28.33"
"1948","169-W2021011-477_R1_5dpi","May10_16-42-59_2021_up0.8_dwn0.2_salth0.7","computer_vision","2","0.46"
"1949","169-W2021011-477_R1_5dpi","May11_00-29-56_2021_up0.8_dwn0.2_salth0.7","computer_vision","2","4.38"
"1950","169-W2021011-477_R1_5dpi","Jan25_15-51-04_2024_up0.8_dwn0.2_salth0.7","computer_vision","3","37.53"
"1951","169-W2021011-477_R1_5dpi","Jan29_16-28-38_2024_up0.8_dwn0.3_salth0.7","computer_vision","2","35.34"
"1952","169-W2021011-477_R1_5dpi","NW","human","3","50"
"1953","169-W2021011-477_R1_5dpi","Feb01_00-00-41_2024_up0.8_dwn0.3_salth0.7","computer_vision","3","33.33"
"1954","169-W2021011-477_R1_5dpi","Feb01_00-00-41_2024_up0.7_dwn0.3_salth0.7","computer_vision","3","34.85"
"1955","169-W2021011-477_R1_5dpi","Feb03_04-58-39_2024_up0.8_dwn0.3_salth0.7","computer_vision","2","49.73"
"1956","171-W2021011-584_R1_10dpi","MW","human","3","70"
"1957","171-W2021011-584_R1_10dpi","BR","human","3","60"
"1958","171-W2021011-584_R1_10dpi","CC","human","3","60"
"1959","171-W2021011-584_R1_10dpi","DG","human","3","30"
"1960","171-W2021011-584_R1_10dpi","Aug31_03-06-57_2023_up0.8_dwn0.2_salth0.7","computer_vision","3","29.01"
"1961","171-W2021011-584_R1_10dpi","May10_16-42-59_2021_up0.8_dwn0.2_salth0.7","computer_vision","2","28.28"
"1962","171-W2021011-584_R1_10dpi","May11_00-29-56_2021_up0.8_dwn0.2_salth0.7","computer_vision","2","36.13"
"1963","171-W2021011-584_R1_10dpi","Jan25_15-51-04_2024_up0.8_dwn0.2_salth0.7","computer_vision","3","34.66"
"1964","171-W2021011-584_R1_10dpi","Jan29_16-28-38_2024_up0.8_dwn0.3_salth0.7","computer_vision","2","65.53"
"1965","171-W2021011-584_R1_10dpi","TB","human","3","85"
"1966","171-W2021011-584_R1_10dpi","NW","human","3","45"
"1967","171-W2021011-584_R1_10dpi","Feb01_00-00-41_2024_up0.8_dwn0.3_salth0.7","computer_vision","3","41.53"
"1968","171-W2021011-584_R1_10dpi","Feb01_00-00-41_2024_up0.7_dwn0.3_salth0.7","computer_vision","3","48.66"
"1969","171-W2021011-584_R1_10dpi","Feb03_04-58-39_2024_up0.8_dwn0.3_salth0.7","computer_vision","2","62.7"
"1970","171-W2021011-584_R2_10dpi","MW","human","3","95"
"1971","171-W2021011-584_R2_10dpi","BR","human","3","95"
"1972","171-W2021011-584_R2_10dpi","CC","human","3","92"
"1973","171-W2021011-584_R2_10dpi","DG","human","3","90"
"1974","171-W2021011-584_R2_10dpi","Aug31_03-06-57_2023_up0.8_dwn0.2_salth0.7","computer_vision","3","85.53"
"1975","171-W2021011-584_R2_10dpi","May10_16-42-59_2021_up0.8_dwn0.2_salth0.7","computer_vision","2","27.33"
"1976","171-W2021011-584_R2_10dpi","May11_00-29-56_2021_up0.8_dwn0.2_salth0.7","computer_vision","2","36.23"
"1977","171-W2021011-584_R2_10dpi","Jan25_15-51-04_2024_up0.8_dwn0.2_salth0.7","computer_vision","3","79.48"
"1978","171-W2021011-584_R2_10dpi","Jan29_16-28-38_2024_up0.8_dwn0.3_salth0.7","computer_vision","2","98.85"
"1979","171-W2021011-584_R2_10dpi","TB","human","3","100"
"1980","171-W2021011-584_R2_10dpi","NW","human","3","95"
"1981","171-W2021011-584_R2_10dpi","Feb01_00-00-41_2024_up0.8_dwn0.3_salth0.7","computer_vision","3","80.56"
"1982","171-W2021011-584_R2_10dpi","Feb01_00-00-41_2024_up0.7_dwn0.3_salth0.7","computer_vision","3","88.61"
"1983","171-W2021011-584_R2_10dpi","Feb03_04-58-39_2024_up0.8_dwn0.3_salth0.7","computer_vision","2","98.57"
"1984","172-W2021009-156_R2_10dpi","MW","human","3","3"
"1985","172-W2021009-156_R2_10dpi","BR","human","3","5"
"1986","172-W2021009-156_R2_10dpi","CC","human","3","5"
"1987","172-W2021009-156_R2_10dpi","DG","human","3","1"
"1988","172-W2021009-156_R2_10dpi","Aug31_03-06-57_2023_up0.8_dwn0.2_salth0.7","computer_vision","3","2"
"1989","172-W2021009-156_R2_10dpi","May10_16-42-59_2021_up0.8_dwn0.2_salth0.7","computer_vision","2","2.8"
"1990","172-W2021009-156_R2_10dpi","May11_00-29-56_2021_up0.8_dwn0.2_salth0.7","computer_vision","2","7.4"
"1991","172-W2021009-156_R2_10dpi","Jan25_15-51-04_2024_up0.8_dwn0.2_salth0.7","computer_vision","3","2.1"
"1992","172-W2021009-156_R2_10dpi","Jan29_16-28-38_2024_up0.8_dwn0.3_salth0.7","computer_vision","2","3.45"
"1993","172-W2021009-156_R2_10dpi","TB","human","3","10"
"1994","172-W2021009-156_R2_10dpi","NW","human","3","0"
"1995","172-W2021009-156_R2_10dpi","Feb01_00-00-41_2024_up0.8_dwn0.3_salth0.7","computer_vision","3","1.62"
"1996","172-W2021009-156_R2_10dpi","Feb01_00-00-41_2024_up0.7_dwn0.3_salth0.7","computer_vision","3","1.97"
"1997","172-W2021009-156_R2_10dpi","Feb03_04-58-39_2024_up0.8_dwn0.3_salth0.7","computer_vision","2","2.38"
"1998","172-W2021011-557_R2_5dpi","TB","human","3","20"
"1999","172-W2021011-557_R2_5dpi","MW","human","3","31"
"2000","172-W2021011-557_R2_5dpi","BR","human","3","20"
"2001","172-W2021011-557_R2_5dpi","CC","human","3","8"
"2002","172-W2021011-557_R2_5dpi","DG","human","3","2"
"2003","172-W2021011-557_R2_5dpi","Aug31_03-06-57_2023_up0.8_dwn0.2_salth0.7","computer_vision","3","6.66"
"2004","172-W2021011-557_R2_5dpi","May10_16-42-59_2021_up0.8_dwn0.2_salth0.7","computer_vision","2","1.22"
"2005","172-W2021011-557_R2_5dpi","May11_00-29-56_2021_up0.8_dwn0.2_salth0.7","computer_vision","2","3.98"
"2006","172-W2021011-557_R2_5dpi","Jan25_15-51-04_2024_up0.8_dwn0.2_salth0.7","computer_vision","3","2.46"
"2007","172-W2021011-557_R2_5dpi","Jan29_16-28-38_2024_up0.8_dwn0.3_salth0.7","computer_vision","2","6.14"
"2008","172-W2021011-557_R2_5dpi","NW","human","3","0"
"2009","172-W2021011-557_R2_5dpi","Feb01_00-00-41_2024_up0.8_dwn0.3_salth0.7","computer_vision","3","5.97"
"2010","172-W2021011-557_R2_5dpi","Feb01_00-00-41_2024_up0.7_dwn0.3_salth0.7","computer_vision","3","7.16"
"2011","172-W2021011-557_R2_5dpi","Feb03_04-58-39_2024_up0.8_dwn0.3_salth0.7","computer_vision","2","5.2"
"2012","173-W2021006-127_R2_5dpi","TB","human","3","1"
"2013","173-W2021006-127_R2_5dpi","MW","human","3","5"
"2014","173-W2021006-127_R2_5dpi","BR","human","3","0"
"2015","173-W2021006-127_R2_5dpi","CC","human","3","1"
"2016","173-W2021006-127_R2_5dpi","DG","human","3","1"
"2017","173-W2021006-127_R2_5dpi","Aug31_03-06-57_2023_up0.8_dwn0.2_salth0.7","computer_vision","3","3.11"
"2018","173-W2021006-127_R2_5dpi","May10_16-42-59_2021_up0.8_dwn0.2_salth0.7","computer_vision","2","1.46"
"2019","173-W2021006-127_R2_5dpi","May11_00-29-56_2021_up0.8_dwn0.2_salth0.7","computer_vision","2","2.97"
"2020","173-W2021006-127_R2_5dpi","Jan25_15-51-04_2024_up0.8_dwn0.2_salth0.7","computer_vision","3","1.19"
"2021","173-W2021006-127_R2_5dpi","Jan29_16-28-38_2024_up0.8_dwn0.3_salth0.7","computer_vision","2","1.03"
"2022","173-W2021006-127_R2_5dpi","NW","human","3","0"
"2023","173-W2021006-127_R2_5dpi","Feb01_00-00-41_2024_up0.8_dwn0.3_salth0.7","computer_vision","3","0.74"
"2024","173-W2021006-127_R2_5dpi","Feb01_00-00-41_2024_up0.7_dwn0.3_salth0.7","computer_vision","3","0.74"
"2025","173-W2021006-127_R2_5dpi","Feb03_04-58-39_2024_up0.8_dwn0.3_salth0.7","computer_vision","2","0.89"
"2026","174-W2021009-156_R2_5dpi","TB","human","3","25"
"2027","174-W2021009-156_R2_5dpi","MW","human","3","10"
"2028","174-W2021009-156_R2_5dpi","BR","human","3","5"
"2029","174-W2021009-156_R2_5dpi","CC","human","3","3"
"2030","174-W2021009-156_R2_5dpi","DG","human","3","1"
"2031","174-W2021009-156_R2_5dpi","Aug31_03-06-57_2023_up0.8_dwn0.2_salth0.7","computer_vision","3","6.53"
"2032","174-W2021009-156_R2_5dpi","May10_16-42-59_2021_up0.8_dwn0.2_salth0.7","computer_vision","2","10.03"
"2033","174-W2021009-156_R2_5dpi","May11_00-29-56_2021_up0.8_dwn0.2_salth0.7","computer_vision","2","30.48"
"2034","174-W2021009-156_R2_5dpi","Jan25_15-51-04_2024_up0.8_dwn0.2_salth0.7","computer_vision","3","3.34"
"2035","174-W2021009-156_R2_5dpi","Jan29_16-28-38_2024_up0.8_dwn0.3_salth0.7","computer_vision","2","7.09"
"2036","174-W2021009-156_R2_5dpi","NW","human","3","0"
"2037","174-W2021009-156_R2_5dpi","Feb01_00-00-41_2024_up0.8_dwn0.3_salth0.7","computer_vision","3","7.96"
"2038","174-W2021009-156_R2_5dpi","Feb01_00-00-41_2024_up0.7_dwn0.3_salth0.7","computer_vision","3","8.93"
"2039","174-W2021009-156_R2_5dpi","Feb03_04-58-39_2024_up0.8_dwn0.3_salth0.7","computer_vision","2","8.22"
"2040","176-W2021009-256_R2_10dpi","Feb01_00-00-41_2024_up0.8_dwn0.3_salth0.7","computer_vision","3","0.18"
"2041","176-W2021009-256_R2_10dpi","Feb01_00-00-41_2024_up0.7_dwn0.3_salth0.7","computer_vision","3","0.54"
"2042","176-W2021009-256_R2_10dpi","Feb03_04-58-39_2024_up0.8_dwn0.3_salth0.7","computer_vision","2","2.9"
"2043","176-W2021009-256_R2_5dpi","Feb01_00-00-41_2024_up0.8_dwn0.3_salth0.7","computer_vision","3","0.42"
"2044","176-W2021009-256_R2_5dpi","Feb01_00-00-41_2024_up0.7_dwn0.3_salth0.7","computer_vision","3","0.63"
"2045","176-W2021009-256_R2_5dpi","Feb03_04-58-39_2024_up0.8_dwn0.3_salth0.7","computer_vision","2","1.32"
"2046","176-W2021009-256_R2_10dpi","MW","human","3","5"
"2047","176-W2021009-256_R2_10dpi","BR","human","3","0"
"2048","176-W2021009-256_R2_10dpi","CC","human","3","0"
"2049","176-W2021009-256_R2_10dpi","DG","human","3","0"
"2050","176-W2021009-256_R2_10dpi","Aug31_03-06-57_2023_up0.8_dwn0.2_salth0.7","computer_vision","3","0.99"
"2051","176-W2021009-256_R2_10dpi","May10_16-42-59_2021_up0.8_dwn0.2_salth0.7","computer_vision","2","5.8"
"2052","176-W2021009-256_R2_10dpi","May11_00-29-56_2021_up0.8_dwn0.2_salth0.7","computer_vision","2","11.27"
"2053","176-W2021009-256_R2_10dpi","Jan25_15-51-04_2024_up0.8_dwn0.2_salth0.7","computer_vision","3","1.29"
"2054","176-W2021009-256_R2_10dpi","Jan29_16-28-38_2024_up0.8_dwn0.3_salth0.7","computer_vision","2","0.38"
"2055","176-W2021009-256_R2_10dpi","TB","human","3","4"
"2056","176-W2021009-256_R2_10dpi","NW","human","3","0"
"2057","176-W2021009-256_R2_5dpi","TB","human","3","1"
"2058","176-W2021009-256_R2_5dpi","MW","human","3","2"
"2059","176-W2021009-256_R2_5dpi","BR","human","3","0"
"2060","176-W2021009-256_R2_5dpi","CC","human","3","1"
"2061","176-W2021009-256_R2_5dpi","DG","human","3","0"
"2062","176-W2021009-256_R2_5dpi","Aug31_03-06-57_2023_up0.8_dwn0.2_salth0.7","computer_vision","3","0.22"
"2063","176-W2021009-256_R2_5dpi","May10_16-42-59_2021_up0.8_dwn0.2_salth0.7","computer_vision","2","2.65"
"2064","176-W2021009-256_R2_5dpi","May11_00-29-56_2021_up0.8_dwn0.2_salth0.7","computer_vision","2","13.48"
"2065","176-W2021009-256_R2_5dpi","Jan25_15-51-04_2024_up0.8_dwn0.2_salth0.7","computer_vision","3","1.77"
"2066","176-W2021009-256_R2_5dpi","Jan29_16-28-38_2024_up0.8_dwn0.3_salth0.7","computer_vision","2","0.63"
"2067","176-W2021009-256_R2_5dpi","NW","human","3","0"
"2068","177-W2021009-194_R1_5dpi","TB","human","3","12"
"2069","177-W2021009-194_R1_5dpi","MW","human","3","7"
"2070","177-W2021009-194_R1_5dpi","BR","human","3","5"
"2071","177-W2021009-194_R1_5dpi","CC","human","3","3"
"2072","177-W2021009-194_R1_5dpi","DG","human","3","0"
"2073","177-W2021009-194_R1_5dpi","Aug31_03-06-57_2023_up0.8_dwn0.2_salth0.7","computer_vision","3","7.07"
"2074","177-W2021009-194_R1_5dpi","May10_16-42-59_2021_up0.8_dwn0.2_salth0.7","computer_vision","2","0.14"
"2075","177-W2021009-194_R1_5dpi","May11_00-29-56_2021_up0.8_dwn0.2_salth0.7","computer_vision","2","2.05"
"2076","177-W2021009-194_R1_5dpi","Jan25_15-51-04_2024_up0.8_dwn0.2_salth0.7","computer_vision","3","16.42"
"2077","177-W2021009-194_R1_5dpi","Jan29_16-28-38_2024_up0.8_dwn0.3_salth0.7","computer_vision","2","5.46"
"2078","177-W2021009-194_R1_5dpi","NW","human","3","0"
"2079","177-W2021009-194_R1_5dpi","Feb01_00-00-41_2024_up0.8_dwn0.3_salth0.7","computer_vision","3","3.06"
"2080","177-W2021009-194_R1_5dpi","Feb01_00-00-41_2024_up0.7_dwn0.3_salth0.7","computer_vision","3","5.06"
"2081","177-W2021009-194_R1_5dpi","Feb03_04-58-39_2024_up0.8_dwn0.3_salth0.7","computer_vision","2","14.7"
"2082","177-W2021009-194_R2_10dpi","MW","human","3","75"
"2083","177-W2021009-194_R2_10dpi","BR","human","3","85"
"2084","177-W2021009-194_R2_10dpi","CC","human","3","60"
"2085","177-W2021009-194_R2_10dpi","DG","human","3","30"
"2086","177-W2021009-194_R2_10dpi","Aug31_03-06-57_2023_up0.8_dwn0.2_salth0.7","computer_vision","3","65.22"
"2087","177-W2021009-194_R2_10dpi","May10_16-42-59_2021_up0.8_dwn0.2_salth0.7","computer_vision","2","14.52"
"2088","177-W2021009-194_R2_10dpi","May11_00-29-56_2021_up0.8_dwn0.2_salth0.7","computer_vision","2","15.28"
"2089","177-W2021009-194_R2_10dpi","Jan25_15-51-04_2024_up0.8_dwn0.2_salth0.7","computer_vision","3","64.66"
"2090","177-W2021009-194_R2_10dpi","Jan29_16-28-38_2024_up0.8_dwn0.3_salth0.7","computer_vision","2","85.67"
"2091","177-W2021009-194_R2_10dpi","TB","human","3","95"
"2092","177-W2021009-194_R2_10dpi","NW","human","3","90"
"2093","177-W2021009-194_R2_10dpi","Feb01_00-00-41_2024_up0.8_dwn0.3_salth0.7","computer_vision","3","72.92"
"2094","177-W2021009-194_R2_10dpi","Feb01_00-00-41_2024_up0.7_dwn0.3_salth0.7","computer_vision","3","78.75"
"2095","177-W2021009-194_R2_10dpi","Feb03_04-58-39_2024_up0.8_dwn0.3_salth0.7","computer_vision","2","87.35"
"2096","177-W2021009-256_R1_10dpi","MW","human","3","5"
"2097","177-W2021009-256_R1_10dpi","BR","human","3","2"
"2098","177-W2021009-256_R1_10dpi","CC","human","3","5"
"2099","177-W2021009-256_R1_10dpi","DG","human","3","0"
"2100","177-W2021009-256_R1_10dpi","Aug31_03-06-57_2023_up0.8_dwn0.2_salth0.7","computer_vision","3","1.37"
"2101","177-W2021009-256_R1_10dpi","May10_16-42-59_2021_up0.8_dwn0.2_salth0.7","computer_vision","2","2.02"
"2102","177-W2021009-256_R1_10dpi","May11_00-29-56_2021_up0.8_dwn0.2_salth0.7","computer_vision","2","1.14"
"2103","177-W2021009-256_R1_10dpi","Jan25_15-51-04_2024_up0.8_dwn0.2_salth0.7","computer_vision","3","2.73"
"2104","177-W2021009-256_R1_10dpi","Jan29_16-28-38_2024_up0.8_dwn0.3_salth0.7","computer_vision","2","4.38"
"2105","177-W2021009-256_R1_10dpi","TB","human","3","15"
"2106","177-W2021009-256_R1_10dpi","NW","human","3","0"
"2107","177-W2021009-256_R1_10dpi","Feb01_00-00-41_2024_up0.8_dwn0.3_salth0.7","computer_vision","3","2.41"
"2108","177-W2021009-256_R1_10dpi","Feb01_00-00-41_2024_up0.7_dwn0.3_salth0.7","computer_vision","3","3"
"2109","177-W2021009-256_R1_10dpi","Feb03_04-58-39_2024_up0.8_dwn0.3_salth0.7","computer_vision","2","5.09"
"2110","180-W2021009-152_R1_5dpi","TB","human","3","10"
"2111","180-W2021009-152_R1_5dpi","MW","human","3","30"
"2112","180-W2021009-152_R1_5dpi","BR","human","3","5"
"2113","180-W2021009-152_R1_5dpi","CC","human","3","3"
"2114","180-W2021009-152_R1_5dpi","DG","human","3","1"
"2115","180-W2021009-152_R1_5dpi","Aug31_03-06-57_2023_up0.8_dwn0.2_salth0.7","computer_vision","3","18.6"
"2116","180-W2021009-152_R1_5dpi","May10_16-42-59_2021_up0.8_dwn0.2_salth0.7","computer_vision","2","9.84"
"2117","180-W2021009-152_R1_5dpi","May11_00-29-56_2021_up0.8_dwn0.2_salth0.7","computer_vision","2","20.83"
"2118","180-W2021009-152_R1_5dpi","Jan25_15-51-04_2024_up0.8_dwn0.2_salth0.7","computer_vision","3","21.83"
"2119","180-W2021009-152_R1_5dpi","Jan29_16-28-38_2024_up0.8_dwn0.3_salth0.7","computer_vision","2","10.39"
"2120","180-W2021009-152_R1_5dpi","NW","human","3","0"
"2121","180-W2021009-152_R1_5dpi","Feb01_00-00-41_2024_up0.8_dwn0.3_salth0.7","computer_vision","3","11.74"
"2122","180-W2021009-152_R1_5dpi","Feb01_00-00-41_2024_up0.7_dwn0.3_salth0.7","computer_vision","3","14.58"
"2123","180-W2021009-152_R1_5dpi","Feb03_04-58-39_2024_up0.8_dwn0.3_salth0.7","computer_vision","2","16.06"
"2124","180-W2021011-476_R2_5dpi","TB","human","3","80"
"2125","180-W2021011-476_R2_5dpi","MW","human","3","68"
"2126","180-W2021011-476_R2_5dpi","BR","human","3","85"
"2127","180-W2021011-476_R2_5dpi","CC","human","3","36"
"2128","180-W2021011-476_R2_5dpi","DG","human","3","12"
"2129","180-W2021011-476_R2_5dpi","Aug31_03-06-57_2023_up0.8_dwn0.2_salth0.7","computer_vision","3","83.47"
"2130","180-W2021011-476_R2_5dpi","May10_16-42-59_2021_up0.8_dwn0.2_salth0.7","computer_vision","2","1.43"
"2131","180-W2021011-476_R2_5dpi","May11_00-29-56_2021_up0.8_dwn0.2_salth0.7","computer_vision","2","1.41"
"2132","180-W2021011-476_R2_5dpi","Jan25_15-51-04_2024_up0.8_dwn0.2_salth0.7","computer_vision","3","84.84"
"2133","180-W2021011-476_R2_5dpi","Jan29_16-28-38_2024_up0.8_dwn0.3_salth0.7","computer_vision","2","68.09"
"2134","180-W2021011-476_R2_5dpi","NW","human","3","50"
"2135","180-W2021011-476_R2_5dpi","Feb01_00-00-41_2024_up0.8_dwn0.3_salth0.7","computer_vision","3","88.85"
"2136","180-W2021011-476_R2_5dpi","Feb01_00-00-41_2024_up0.7_dwn0.3_salth0.7","computer_vision","3","89.46"
"2137","180-W2021011-476_R2_5dpi","Feb03_04-58-39_2024_up0.8_dwn0.3_salth0.7","computer_vision","2","90.84"
"2138","181-W2021009-251_R2_10dpi","MW","human","3","10"
"2139","181-W2021009-251_R2_10dpi","BR","human","3","5"
"2140","181-W2021009-251_R2_10dpi","CC","human","3","8"
"2141","181-W2021009-251_R2_10dpi","DG","human","3","0"
"2142","181-W2021009-251_R2_10dpi","Aug31_03-06-57_2023_up0.8_dwn0.2_salth0.7","computer_vision","3","1.7"
"2143","181-W2021009-251_R2_10dpi","May10_16-42-59_2021_up0.8_dwn0.2_salth0.7","computer_vision","2","6.77"
"2144","181-W2021009-251_R2_10dpi","May11_00-29-56_2021_up0.8_dwn0.2_salth0.7","computer_vision","2","13.83"
"2145","181-W2021009-251_R2_10dpi","Jan25_15-51-04_2024_up0.8_dwn0.2_salth0.7","computer_vision","3","0.7"
"2146","181-W2021009-251_R2_10dpi","Jan29_16-28-38_2024_up0.8_dwn0.3_salth0.7","computer_vision","2","5.7"
"2147","181-W2021009-251_R2_10dpi","TB","human","3","17"
"2148","181-W2021009-251_R2_10dpi","NW","human","3","0"
"2149","181-W2021009-251_R2_10dpi","Feb01_00-00-41_2024_up0.8_dwn0.3_salth0.7","computer_vision","3","3.6"
"2150","181-W2021009-251_R2_10dpi","Feb01_00-00-41_2024_up0.7_dwn0.3_salth0.7","computer_vision","3","4.8"
"2151","181-W2021009-251_R2_10dpi","Feb03_04-58-39_2024_up0.8_dwn0.3_salth0.7","computer_vision","2","4.8"
"2152","181-W2021009-295_R2_10dpi","MW","human","3","28"
"2153","181-W2021009-295_R2_10dpi","BR","human","3","20"
"2154","181-W2021009-295_R2_10dpi","CC","human","3","7"
"2155","181-W2021009-295_R2_10dpi","DG","human","3","2"
"2156","181-W2021009-295_R2_10dpi","Aug31_03-06-57_2023_up0.8_dwn0.2_salth0.7","computer_vision","3","10.53"
"2157","181-W2021009-295_R2_10dpi","May10_16-42-59_2021_up0.8_dwn0.2_salth0.7","computer_vision","2","21.09"
"2158","181-W2021009-295_R2_10dpi","May11_00-29-56_2021_up0.8_dwn0.2_salth0.7","computer_vision","2","22.62"
"2159","181-W2021009-295_R2_10dpi","Jan25_15-51-04_2024_up0.8_dwn0.2_salth0.7","computer_vision","3","6.18"
"2160","181-W2021009-295_R2_10dpi","Jan29_16-28-38_2024_up0.8_dwn0.3_salth0.7","computer_vision","2","22.64"
"2161","181-W2021009-295_R2_10dpi","TB","human","3","25"
"2162","181-W2021009-295_R2_10dpi","NW","human","3","0"
"2163","181-W2021009-295_R2_10dpi","Feb01_00-00-41_2024_up0.8_dwn0.3_salth0.7","computer_vision","3","19.53"
"2164","181-W2021009-295_R2_10dpi","Feb01_00-00-41_2024_up0.7_dwn0.3_salth0.7","computer_vision","3","21.38"
"2165","181-W2021009-295_R2_10dpi","Feb03_04-58-39_2024_up0.8_dwn0.3_salth0.7","computer_vision","2","14.4"
"2166","182-W2021009-251_R1_10dpi","Feb01_00-00-41_2024_up0.8_dwn0.3_salth0.7","computer_vision","3","0.86"
"2167","182-W2021009-251_R1_10dpi","Feb01_00-00-41_2024_up0.7_dwn0.3_salth0.7","computer_vision","3","1.14"
"2168","182-W2021009-251_R1_10dpi","Feb03_04-58-39_2024_up0.8_dwn0.3_salth0.7","computer_vision","2","7.05"
"2169","182-W2021009-251_R1_5dpi","Feb01_00-00-41_2024_up0.8_dwn0.3_salth0.7","computer_vision","3","0.42"
"2170","182-W2021009-251_R1_5dpi","Feb01_00-00-41_2024_up0.7_dwn0.3_salth0.7","computer_vision","3","1.52"
"2171","182-W2021009-251_R1_5dpi","Feb03_04-58-39_2024_up0.8_dwn0.3_salth0.7","computer_vision","2","2.61"
"2172","182-W2021009-251_R1_10dpi","MW","human","3","20"
"2173","182-W2021009-251_R1_10dpi","BR","human","3","3"
"2174","182-W2021009-251_R1_10dpi","CC","human","3","6"
"2175","182-W2021009-251_R1_10dpi","DG","human","3","0"
"2176","182-W2021009-251_R1_10dpi","Aug31_03-06-57_2023_up0.8_dwn0.2_salth0.7","computer_vision","3","1.58"
"2177","182-W2021009-251_R1_10dpi","May10_16-42-59_2021_up0.8_dwn0.2_salth0.7","computer_vision","2","1.94"
"2178","182-W2021009-251_R1_10dpi","May11_00-29-56_2021_up0.8_dwn0.2_salth0.7","computer_vision","2","3.58"
"2179","182-W2021009-251_R1_10dpi","Jan25_15-51-04_2024_up0.8_dwn0.2_salth0.7","computer_vision","3","1.01"
"2180","182-W2021009-251_R1_10dpi","Jan29_16-28-38_2024_up0.8_dwn0.3_salth0.7","computer_vision","2","3.14"
"2181","182-W2021009-251_R1_10dpi","TB","human","3","25"
"2182","182-W2021009-251_R1_10dpi","NW","human","3","10"
"2183","182-W2021009-251_R1_5dpi","TB","human","3","0"
"2184","182-W2021009-251_R1_5dpi","MW","human","3","2"
"2185","182-W2021009-251_R1_5dpi","BR","human","3","0"
"2186","182-W2021009-251_R1_5dpi","CC","human","3","0"
"2187","182-W2021009-251_R1_5dpi","DG","human","3","0"
"2188","182-W2021009-251_R1_5dpi","Aug31_03-06-57_2023_up0.8_dwn0.2_salth0.7","computer_vision","3","2.86"
"2189","182-W2021009-251_R1_5dpi","May10_16-42-59_2021_up0.8_dwn0.2_salth0.7","computer_vision","2","0.53"
"2190","182-W2021009-251_R1_5dpi","May11_00-29-56_2021_up0.8_dwn0.2_salth0.7","computer_vision","2","1.09"
"2191","182-W2021009-251_R1_5dpi","Jan25_15-51-04_2024_up0.8_dwn0.2_salth0.7","computer_vision","3","3.81"
"2192","182-W2021009-251_R1_5dpi","Jan29_16-28-38_2024_up0.8_dwn0.3_salth0.7","computer_vision","2","1.15"
"2193","182-W2021009-251_R1_5dpi","NW","human","3","0"
"2194","183-W2021009-295_R1_5dpi","TB","human","3","0"
"2195","183-W2021009-295_R1_5dpi","MW","human","3","20"
"2196","183-W2021009-295_R1_5dpi","BR","human","3","0"
"2197","183-W2021009-295_R1_5dpi","CC","human","3","2"
"2198","183-W2021009-295_R1_5dpi","DG","human","3","0"
"2199","183-W2021009-295_R1_5dpi","Aug31_03-06-57_2023_up0.8_dwn0.2_salth0.7","computer_vision","3","5.81"
"2200","183-W2021009-295_R1_5dpi","May10_16-42-59_2021_up0.8_dwn0.2_salth0.7","computer_vision","2","3.3"
"2201","183-W2021009-295_R1_5dpi","May11_00-29-56_2021_up0.8_dwn0.2_salth0.7","computer_vision","2","9.82"
"2202","183-W2021009-295_R1_5dpi","Jan25_15-51-04_2024_up0.8_dwn0.2_salth0.7","computer_vision","3","3.19"
"2203","183-W2021009-295_R1_5dpi","Jan29_16-28-38_2024_up0.8_dwn0.3_salth0.7","computer_vision","2","2.33"
"2204","183-W2021009-295_R1_5dpi","NW","human","3","0"
"2205","183-W2021009-295_R1_5dpi","Feb01_00-00-41_2024_up0.8_dwn0.3_salth0.7","computer_vision","3","2.88"
"2206","183-W2021009-295_R1_5dpi","Feb01_00-00-41_2024_up0.7_dwn0.3_salth0.7","computer_vision","3","4.59"
"2207","183-W2021009-295_R1_5dpi","Feb03_04-58-39_2024_up0.8_dwn0.3_salth0.7","computer_vision","2","3.61"
"2208","184-W2021009-199_R1_10dpi","MW","human","3","30"
"2209","184-W2021009-199_R1_10dpi","BR","human","3","25"
"2210","184-W2021009-199_R1_10dpi","CC","human","3","30"
"2211","184-W2021009-199_R1_10dpi","DG","human","3","6"
"2212","184-W2021009-199_R1_10dpi","Aug31_03-06-57_2023_up0.8_dwn0.2_salth0.7","computer_vision","3","19.3"
"2213","184-W2021009-199_R1_10dpi","May10_16-42-59_2021_up0.8_dwn0.2_salth0.7","computer_vision","2","22.14"
"2214","184-W2021009-199_R1_10dpi","May11_00-29-56_2021_up0.8_dwn0.2_salth0.7","computer_vision","2","30.37"
"2215","184-W2021009-199_R1_10dpi","Jan25_15-51-04_2024_up0.8_dwn0.2_salth0.7","computer_vision","3","12.63"
"2216","184-W2021009-199_R1_10dpi","Jan29_16-28-38_2024_up0.8_dwn0.3_salth0.7","computer_vision","2","25.49"
"2217","184-W2021009-199_R1_10dpi","TB","human","3","50"
"2218","184-W2021009-199_R1_10dpi","NW","human","3","18"
"2219","184-W2021009-199_R1_10dpi","Feb01_00-00-41_2024_up0.8_dwn0.3_salth0.7","computer_vision","3","22.77"
"2220","184-W2021009-199_R1_10dpi","Feb01_00-00-41_2024_up0.7_dwn0.3_salth0.7","computer_vision","3","24.81"
"2221","184-W2021009-199_R1_10dpi","Feb03_04-58-39_2024_up0.8_dwn0.3_salth0.7","computer_vision","2","24.11"
"2222","185-W2021009-199_R1_5dpi","TB","human","3","17"
"2223","185-W2021009-199_R1_5dpi","MW","human","3","10"
"2224","185-W2021009-199_R1_5dpi","BR","human","3","5"
"2225","185-W2021009-199_R1_5dpi","CC","human","3","5"
"2226","185-W2021009-199_R1_5dpi","DG","human","3","2"
"2227","185-W2021009-199_R1_5dpi","Aug31_03-06-57_2023_up0.8_dwn0.2_salth0.7","computer_vision","3","35.4"
"2228","185-W2021009-199_R1_5dpi","May10_16-42-59_2021_up0.8_dwn0.2_salth0.7","computer_vision","2","2.15"
"2229","185-W2021009-199_R1_5dpi","May11_00-29-56_2021_up0.8_dwn0.2_salth0.7","computer_vision","2","4.6"
"2230","185-W2021009-199_R1_5dpi","Jan25_15-51-04_2024_up0.8_dwn0.2_salth0.7","computer_vision","3","11.76"
"2231","185-W2021009-199_R1_5dpi","Jan29_16-28-38_2024_up0.8_dwn0.3_salth0.7","computer_vision","2","7.02"
"2232","185-W2021009-199_R1_5dpi","NW","human","3","0"
"2233","185-W2021009-199_R1_5dpi","Feb01_00-00-41_2024_up0.8_dwn0.3_salth0.7","computer_vision","3","10.48"
"2234","185-W2021009-199_R1_5dpi","Feb01_00-00-41_2024_up0.7_dwn0.3_salth0.7","computer_vision","3","13.95"
"2235","185-W2021009-199_R1_5dpi","Feb03_04-58-39_2024_up0.8_dwn0.3_salth0.7","computer_vision","2","5.8"
"2236","185-W2021009-291_R2_5dpi","TB","human","3","3"
"2237","185-W2021009-291_R2_5dpi","MW","human","3","5"
"2238","185-W2021009-291_R2_5dpi","BR","human","3","0"
"2239","185-W2021009-291_R2_5dpi","CC","human","3","1"
"2240","185-W2021009-291_R2_5dpi","DG","human","3","0"
"2241","185-W2021009-291_R2_5dpi","Aug31_03-06-57_2023_up0.8_dwn0.2_salth0.7","computer_vision","3","2.18"
"2242","185-W2021009-291_R2_5dpi","May10_16-42-59_2021_up0.8_dwn0.2_salth0.7","computer_vision","2","5.38"
"2243","185-W2021009-291_R2_5dpi","May11_00-29-56_2021_up0.8_dwn0.2_salth0.7","computer_vision","2","7"
"2244","185-W2021009-291_R2_5dpi","Jan25_15-51-04_2024_up0.8_dwn0.2_salth0.7","computer_vision","3","2.75"
"2245","185-W2021009-291_R2_5dpi","Jan29_16-28-38_2024_up0.8_dwn0.3_salth0.7","computer_vision","2","3.13"
"2246","185-W2021009-291_R2_5dpi","NW","human","3","0"
"2247","185-W2021009-291_R2_5dpi","Feb01_00-00-41_2024_up0.8_dwn0.3_salth0.7","computer_vision","3","2.81"
"2248","185-W2021009-291_R2_5dpi","Feb01_00-00-41_2024_up0.7_dwn0.3_salth0.7","computer_vision","3","3.35"
"2249","185-W2021009-291_R2_5dpi","Feb03_04-58-39_2024_up0.8_dwn0.3_salth0.7","computer_vision","2","3.16"
"2250","187-W2021010-348_R2_5dpi","TB","human","3","72"
"2251","187-W2021010-348_R2_5dpi","MW","human","3","50"
"2252","187-W2021010-348_R2_5dpi","BR","human","3","50"
"2253","187-W2021010-348_R2_5dpi","CC","human","3","40"
"2254","187-W2021010-348_R2_5dpi","DG","human","3","15"
"2255","187-W2021010-348_R2_5dpi","Aug31_03-06-57_2023_up0.8_dwn0.2_salth0.7","computer_vision","3","93.06"
"2256","187-W2021010-348_R2_5dpi","May10_16-42-59_2021_up0.8_dwn0.2_salth0.7","computer_vision","2","14.31"
"2257","187-W2021010-348_R2_5dpi","May11_00-29-56_2021_up0.8_dwn0.2_salth0.7","computer_vision","2","21.22"
"2258","187-W2021010-348_R2_5dpi","Jan25_15-51-04_2024_up0.8_dwn0.2_salth0.7","computer_vision","3","92.91"
"2259","187-W2021010-348_R2_5dpi","Jan29_16-28-38_2024_up0.8_dwn0.3_salth0.7","computer_vision","2","92.7"
"2260","187-W2021010-348_R2_5dpi","NW","human","3","0"
"2261","187-W2021010-348_R2_5dpi","Feb01_00-00-41_2024_up0.8_dwn0.3_salth0.7","computer_vision","3","97.02"
"2262","187-W2021010-348_R2_5dpi","Feb01_00-00-41_2024_up0.7_dwn0.3_salth0.7","computer_vision","3","97.08"
"2263","187-W2021010-348_R2_5dpi","Feb03_04-58-39_2024_up0.8_dwn0.3_salth0.7","computer_vision","2","66.36"
"2264","189-W2021009-257_R2_10dpi","MW","human","3","100"
"2265","189-W2021009-257_R2_10dpi","BR","human","3","100"
"2266","189-W2021009-257_R2_10dpi","CC","human","3","98"
"2267","189-W2021009-257_R2_10dpi","DG","human","3","90"
"2268","189-W2021009-257_R2_10dpi","Aug31_03-06-57_2023_up0.8_dwn0.2_salth0.7","computer_vision","3","97.72"
"2269","189-W2021009-257_R2_10dpi","May10_16-42-59_2021_up0.8_dwn0.2_salth0.7","computer_vision","2","9.69"
"2270","189-W2021009-257_R2_10dpi","May11_00-29-56_2021_up0.8_dwn0.2_salth0.7","computer_vision","2","13.42"
"2271","189-W2021009-257_R2_10dpi","Jan25_15-51-04_2024_up0.8_dwn0.2_salth0.7","computer_vision","3","96.68"
"2272","189-W2021009-257_R2_10dpi","Jan29_16-28-38_2024_up0.8_dwn0.3_salth0.7","computer_vision","2","99.86"
"2273","189-W2021009-257_R2_10dpi","TB","human","3","100"
"2274","189-W2021009-257_R2_10dpi","NW","human","3","100"
"2275","189-W2021009-257_R2_10dpi","Feb01_00-00-41_2024_up0.8_dwn0.3_salth0.7","computer_vision","3","97.09"
"2276","189-W2021009-257_R2_10dpi","Feb01_00-00-41_2024_up0.7_dwn0.3_salth0.7","computer_vision","3","99.24"
"2277","189-W2021009-257_R2_10dpi","Feb03_04-58-39_2024_up0.8_dwn0.3_salth0.7","computer_vision","2","100"
"2278","190-W2021010-449_R1_10dpi","MW","human","3","55"
"2279","190-W2021010-449_R1_10dpi","BR","human","3","32"
"2280","190-W2021010-449_R1_10dpi","CC","human","3","45"
"2281","190-W2021010-449_R1_10dpi","DG","human","3","20"
"2282","190-W2021010-449_R1_10dpi","Aug31_03-06-57_2023_up0.8_dwn0.2_salth0.7","computer_vision","3","11.97"
"2283","190-W2021010-449_R1_10dpi","May10_16-42-59_2021_up0.8_dwn0.2_salth0.7","computer_vision","2","7.98"
"2284","190-W2021010-449_R1_10dpi","May11_00-29-56_2021_up0.8_dwn0.2_salth0.7","computer_vision","2","11.66"
"2285","190-W2021010-449_R1_10dpi","Jan25_15-51-04_2024_up0.8_dwn0.2_salth0.7","computer_vision","3","12.37"
"2286","190-W2021010-449_R1_10dpi","Jan29_16-28-38_2024_up0.8_dwn0.3_salth0.7","computer_vision","2","30.36"
"2287","190-W2021010-449_R1_10dpi","TB","human","3","75"
"2288","190-W2021010-449_R1_10dpi","NW","human","3","70"
"2289","190-W2021010-449_R1_10dpi","Feb01_00-00-41_2024_up0.8_dwn0.3_salth0.7","computer_vision","3","23.28"
"2290","190-W2021010-449_R1_10dpi","Feb01_00-00-41_2024_up0.7_dwn0.3_salth0.7","computer_vision","3","28.28"
"2291","190-W2021010-449_R1_10dpi","Feb03_04-58-39_2024_up0.8_dwn0.3_salth0.7","computer_vision","2","38.74"
"2292","191-W2021010-426_R2_5dpi","TB","human","3","0"
"2293","191-W2021010-426_R2_5dpi","MW","human","3","2"
"2294","191-W2021010-426_R2_5dpi","BR","human","3","0"
"2295","191-W2021010-426_R2_5dpi","CC","human","3","0"
"2296","191-W2021010-426_R2_5dpi","DG","human","3","0"
"2297","191-W2021010-426_R2_5dpi","Aug31_03-06-57_2023_up0.8_dwn0.2_salth0.7","computer_vision","3","1.91"
"2298","191-W2021010-426_R2_5dpi","May10_16-42-59_2021_up0.8_dwn0.2_salth0.7","computer_vision","2","0.65"
"2299","191-W2021010-426_R2_5dpi","May11_00-29-56_2021_up0.8_dwn0.2_salth0.7","computer_vision","2","1.6"
"2300","191-W2021010-426_R2_5dpi","Jan25_15-51-04_2024_up0.8_dwn0.2_salth0.7","computer_vision","3","1.48"
"2301","191-W2021010-426_R2_5dpi","Jan29_16-28-38_2024_up0.8_dwn0.3_salth0.7","computer_vision","2","1.02"
"2302","191-W2021010-426_R2_5dpi","NW","human","3","0"
"2303","191-W2021010-426_R2_5dpi","Feb01_00-00-41_2024_up0.8_dwn0.3_salth0.7","computer_vision","3","2.16"
"2304","191-W2021010-426_R2_5dpi","Feb01_00-00-41_2024_up0.7_dwn0.3_salth0.7","computer_vision","3","3.82"
"2305","191-W2021010-426_R2_5dpi","Feb03_04-58-39_2024_up0.8_dwn0.3_salth0.7","computer_vision","2","4.13"
"2306","191-W2021010-449_R1_5dpi","TB","human","3","35"
"2307","191-W2021010-449_R1_5dpi","MW","human","3","60"
"2308","191-W2021010-449_R1_5dpi","BR","human","3","10"
"2309","191-W2021010-449_R1_5dpi","CC","human","3","6"
"2310","191-W2021010-449_R1_5dpi","DG","human","3","0"
"2311","191-W2021010-449_R1_5dpi","Aug31_03-06-57_2023_up0.8_dwn0.2_salth0.7","computer_vision","3","10.32"
"2312","191-W2021010-449_R1_5dpi","May10_16-42-59_2021_up0.8_dwn0.2_salth0.7","computer_vision","2","0.14"
"2313","191-W2021010-449_R1_5dpi","May11_00-29-56_2021_up0.8_dwn0.2_salth0.7","computer_vision","2","0.56"
"2314","191-W2021010-449_R1_5dpi","Jan25_15-51-04_2024_up0.8_dwn0.2_salth0.7","computer_vision","3","34.83"
"2315","191-W2021010-449_R1_5dpi","Jan29_16-28-38_2024_up0.8_dwn0.3_salth0.7","computer_vision","2","26.47"
"2316","191-W2021010-449_R1_5dpi","NW","human","3","20"
"2317","191-W2021010-449_R1_5dpi","Feb01_00-00-41_2024_up0.8_dwn0.3_salth0.7","computer_vision","3","12.37"
"2318","191-W2021010-449_R1_5dpi","Feb01_00-00-41_2024_up0.7_dwn0.3_salth0.7","computer_vision","3","14.94"
"2319","191-W2021010-449_R1_5dpi","Feb03_04-58-39_2024_up0.8_dwn0.3_salth0.7","computer_vision","2","60.34"
"2320","192-W2021006-005_R1_5dpi","TB","human","3","0"
"2321","192-W2021006-005_R1_5dpi","MW","human","3","4"
"2322","192-W2021006-005_R1_5dpi","BR","human","3","0"
"2323","192-W2021006-005_R1_5dpi","CC","human","3","1"
"2324","192-W2021006-005_R1_5dpi","DG","human","3","0"
"2325","192-W2021006-005_R1_5dpi","Aug31_03-06-57_2023_up0.8_dwn0.2_salth0.7","computer_vision","3","2.84"
"2326","192-W2021006-005_R1_5dpi","May10_16-42-59_2021_up0.8_dwn0.2_salth0.7","computer_vision","2","8.12"
"2327","192-W2021006-005_R1_5dpi","May11_00-29-56_2021_up0.8_dwn0.2_salth0.7","computer_vision","2","5.65"
"2328","192-W2021006-005_R1_5dpi","Jan25_15-51-04_2024_up0.8_dwn0.2_salth0.7","computer_vision","3","1.56"
"2329","192-W2021006-005_R1_5dpi","Jan29_16-28-38_2024_up0.8_dwn0.3_salth0.7","computer_vision","2","2.27"
"2330","192-W2021006-005_R1_5dpi","NW","human","3","0"
"2331","192-W2021006-005_R1_5dpi","Feb01_00-00-41_2024_up0.8_dwn0.3_salth0.7","computer_vision","3","2.17"
"2332","192-W2021006-005_R1_5dpi","Feb01_00-00-41_2024_up0.7_dwn0.3_salth0.7","computer_vision","3","3.47"
"2333","192-W2021006-005_R1_5dpi","Feb03_04-58-39_2024_up0.8_dwn0.3_salth0.7","computer_vision","2","0.81"
"2334","192-W2021010-449_R2_10dpi","MW","human","3","55"
"2335","192-W2021010-449_R2_10dpi","BR","human","3","45"
"2336","192-W2021010-449_R2_10dpi","CC","human","3","45"
"2337","192-W2021010-449_R2_10dpi","DG","human","3","30"
"2338","192-W2021010-449_R2_10dpi","Aug31_03-06-57_2023_up0.8_dwn0.2_salth0.7","computer_vision","3","51.02"
"2339","192-W2021010-449_R2_10dpi","May10_16-42-59_2021_up0.8_dwn0.2_salth0.7","computer_vision","2","17.61"
"2340","192-W2021010-449_R2_10dpi","May11_00-29-56_2021_up0.8_dwn0.2_salth0.7","computer_vision","2","23.98"
"2341","192-W2021010-449_R2_10dpi","Jan25_15-51-04_2024_up0.8_dwn0.2_salth0.7","computer_vision","3","64.2"
"2342","192-W2021010-449_R2_10dpi","Jan29_16-28-38_2024_up0.8_dwn0.3_salth0.7","computer_vision","2","64.29"
"2343","192-W2021010-449_R2_10dpi","TB","human","3","70"
"2344","192-W2021010-449_R2_10dpi","NW","human","3","45"
"2345","192-W2021010-449_R2_10dpi","Feb01_00-00-41_2024_up0.8_dwn0.3_salth0.7","computer_vision","3","56.85"
"2346","192-W2021010-449_R2_10dpi","Feb01_00-00-41_2024_up0.7_dwn0.3_salth0.7","computer_vision","3","60.1"
"2347","192-W2021010-449_R2_10dpi","Feb03_04-58-39_2024_up0.8_dwn0.3_salth0.7","computer_vision","2","69.38"
"2348","193-W2021010-415_R1_10dpi","MW","human","3","0"
"2349","193-W2021010-415_R1_10dpi","BR","human","3","0"
"2350","193-W2021010-415_R1_10dpi","CC","human","3","4"
"2351","193-W2021010-415_R1_10dpi","DG","human","3","0"
"2352","193-W2021010-415_R1_10dpi","Aug31_03-06-57_2023_up0.8_dwn0.2_salth0.7","computer_vision","3","1.17"
"2353","193-W2021010-415_R1_10dpi","May10_16-42-59_2021_up0.8_dwn0.2_salth0.7","computer_vision","2","15.21"
"2354","193-W2021010-415_R1_10dpi","May11_00-29-56_2021_up0.8_dwn0.2_salth0.7","computer_vision","2","24.53"
"2355","193-W2021010-415_R1_10dpi","Jan25_15-51-04_2024_up0.8_dwn0.2_salth0.7","computer_vision","3","1.74"
"2356","193-W2021010-415_R1_10dpi","Jan29_16-28-38_2024_up0.8_dwn0.3_salth0.7","computer_vision","2","2.7"
"2357","193-W2021010-415_R1_10dpi","TB","human","3","0"
"2358","193-W2021010-415_R1_10dpi","NW","human","3","0"
"2359","193-W2021010-415_R1_10dpi","Feb01_00-00-41_2024_up0.8_dwn0.3_salth0.7","computer_vision","3","0.75"
"2360","193-W2021010-415_R1_10dpi","Feb01_00-00-41_2024_up0.7_dwn0.3_salth0.7","computer_vision","3","1.19"
"2361","193-W2021010-415_R1_10dpi","Feb03_04-58-39_2024_up0.8_dwn0.3_salth0.7","computer_vision","2","3.99"
"2362","194-W2021010-339_R2_10dpi","MW","human","3","2"
"2363","194-W2021010-339_R2_10dpi","BR","human","3","0"
"2364","194-W2021010-339_R2_10dpi","CC","human","3","2"
"2365","194-W2021010-339_R2_10dpi","DG","human","3","0"
"2366","194-W2021010-339_R2_10dpi","Aug31_03-06-57_2023_up0.8_dwn0.2_salth0.7","computer_vision","3","9.16"
"2367","194-W2021010-339_R2_10dpi","May10_16-42-59_2021_up0.8_dwn0.2_salth0.7","computer_vision","2","1.71"
"2368","194-W2021010-339_R2_10dpi","May11_00-29-56_2021_up0.8_dwn0.2_salth0.7","computer_vision","2","3.04"
"2369","194-W2021010-339_R2_10dpi","Jan25_15-51-04_2024_up0.8_dwn0.2_salth0.7","computer_vision","3","3.38"
"2370","194-W2021010-339_R2_10dpi","Jan29_16-28-38_2024_up0.8_dwn0.3_salth0.7","computer_vision","2","1.33"
"2371","194-W2021010-339_R2_10dpi","TB","human","3","0"
"2372","194-W2021010-339_R2_10dpi","NW","human","3","0"
"2373","194-W2021010-339_R2_10dpi","Feb01_00-00-41_2024_up0.8_dwn0.3_salth0.7","computer_vision","3","9.34"
"2374","194-W2021010-339_R2_10dpi","Feb01_00-00-41_2024_up0.7_dwn0.3_salth0.7","computer_vision","3","14.52"
"2375","194-W2021010-339_R2_10dpi","Feb03_04-58-39_2024_up0.8_dwn0.3_salth0.7","computer_vision","2","0.94"
"2376","206-W2021009-271_R2_10dpi","MW","human","3","65"
"2377","206-W2021009-271_R2_10dpi","BR","human","3","75"
"2378","206-W2021009-271_R2_10dpi","CC","human","3","70"
"2379","206-W2021009-271_R2_10dpi","DG","human","3","25"
"2380","206-W2021009-271_R2_10dpi","Aug31_03-06-57_2023_up0.8_dwn0.2_salth0.7","computer_vision","3","71.89"
"2381","206-W2021009-271_R2_10dpi","May10_16-42-59_2021_up0.8_dwn0.2_salth0.7","computer_vision","2","48.18"
"2382","206-W2021009-271_R2_10dpi","May11_00-29-56_2021_up0.8_dwn0.2_salth0.7","computer_vision","2","48.01"
"2383","206-W2021009-271_R2_10dpi","Jan25_15-51-04_2024_up0.8_dwn0.2_salth0.7","computer_vision","3","74.49"
"2384","206-W2021009-271_R2_10dpi","Jan29_16-28-38_2024_up0.8_dwn0.3_salth0.7","computer_vision","2","76.68"
"2385","206-W2021009-271_R2_10dpi","TB","human","3","95"
"2386","206-W2021009-271_R2_10dpi","NW","human","3","85"
"2387","206-W2021009-271_R2_10dpi","Feb01_00-00-41_2024_up0.8_dwn0.3_salth0.7","computer_vision","3","68.26"
"2388","206-W2021009-271_R2_10dpi","Feb01_00-00-41_2024_up0.7_dwn0.3_salth0.7","computer_vision","3","74.09"
"2389","206-W2021009-271_R2_10dpi","Feb03_04-58-39_2024_up0.8_dwn0.3_salth0.7","computer_vision","2","87.54"
"2390","206-W2021010-344_R1_5dpi","TB","human","3","0"
"2391","206-W2021010-344_R1_5dpi","MW","human","3","10"
"2392","206-W2021010-344_R1_5dpi","BR","human","3","0"
"2393","206-W2021010-344_R1_5dpi","CC","human","3","0"
"2394","206-W2021010-344_R1_5dpi","DG","human","3","0"
"2395","206-W2021010-344_R1_5dpi","Aug31_03-06-57_2023_up0.8_dwn0.2_salth0.7","computer_vision","3","1.89"
"2396","206-W2021010-344_R1_5dpi","May10_16-42-59_2021_up0.8_dwn0.2_salth0.7","computer_vision","2","0.15"
"2397","206-W2021010-344_R1_5dpi","May11_00-29-56_2021_up0.8_dwn0.2_salth0.7","computer_vision","2","0.32"
"2398","206-W2021010-344_R1_5dpi","Jan25_15-51-04_2024_up0.8_dwn0.2_salth0.7","computer_vision","3","21.28"
"2399","206-W2021010-344_R1_5dpi","Jan29_16-28-38_2024_up0.8_dwn0.3_salth0.7","computer_vision","2","0.32"
"2400","206-W2021010-344_R1_5dpi","NW","human","3","0"
"2401","206-W2021010-344_R1_5dpi","Feb01_00-00-41_2024_up0.8_dwn0.3_salth0.7","computer_vision","3","0"
"2402","206-W2021010-344_R1_5dpi","Feb01_00-00-41_2024_up0.7_dwn0.3_salth0.7","computer_vision","3","0.16"
"2403","206-W2021010-344_R1_5dpi","Feb03_04-58-39_2024_up0.8_dwn0.3_salth0.7","computer_vision","2","2.81"
"2404","207-W2021009-271_R1_10dpi","MW","human","3","20"
"2405","207-W2021009-271_R1_10dpi","BR","human","3","35"
"2406","207-W2021009-271_R1_10dpi","CC","human","3","50"
"2407","207-W2021009-271_R1_10dpi","DG","human","3","10"
"2408","207-W2021009-271_R1_10dpi","Aug31_03-06-57_2023_up0.8_dwn0.2_salth0.7","computer_vision","3","22.8"
"2409","207-W2021009-271_R1_10dpi","May10_16-42-59_2021_up0.8_dwn0.2_salth0.7","computer_vision","2","21.17"
"2410","207-W2021009-271_R1_10dpi","May11_00-29-56_2021_up0.8_dwn0.2_salth0.7","computer_vision","2","20.55"
"2411","207-W2021009-271_R1_10dpi","Jan25_15-51-04_2024_up0.8_dwn0.2_salth0.7","computer_vision","3","27.88"
"2412","207-W2021009-271_R1_10dpi","Jan29_16-28-38_2024_up0.8_dwn0.3_salth0.7","computer_vision","2","30.55"
"2413","207-W2021009-271_R1_10dpi","TB","human","3","45"
"2414","207-W2021009-271_R1_10dpi","NW","human","3","30"
"2415","207-W2021009-271_R1_10dpi","Feb01_00-00-41_2024_up0.8_dwn0.3_salth0.7","computer_vision","3","24.41"
"2416","207-W2021009-271_R1_10dpi","Feb01_00-00-41_2024_up0.7_dwn0.3_salth0.7","computer_vision","3","27.88"
"2417","207-W2021009-271_R1_10dpi","Feb03_04-58-39_2024_up0.8_dwn0.3_salth0.7","computer_vision","2","39.87"
"2418","207-W2021009-287_R1_10dpi","MW","human","3","5"
"2419","207-W2021009-287_R1_10dpi","BR","human","3","7"
"2420","207-W2021009-287_R1_10dpi","CC","human","3","10"
"2421","207-W2021009-287_R1_10dpi","DG","human","3","8"
"2422","207-W2021009-287_R1_10dpi","Aug31_03-06-57_2023_up0.8_dwn0.2_salth0.7","computer_vision","3","1.64"
"2423","207-W2021009-287_R1_10dpi","May10_16-42-59_2021_up0.8_dwn0.2_salth0.7","computer_vision","2","9.52"
"2424","207-W2021009-287_R1_10dpi","May11_00-29-56_2021_up0.8_dwn0.2_salth0.7","computer_vision","2","12.12"
"2425","207-W2021009-287_R1_10dpi","Jan25_15-51-04_2024_up0.8_dwn0.2_salth0.7","computer_vision","3","3.72"
"2426","207-W2021009-287_R1_10dpi","Jan29_16-28-38_2024_up0.8_dwn0.3_salth0.7","computer_vision","2","5.75"
"2427","207-W2021009-287_R1_10dpi","TB","human","3","0"
"2428","207-W2021009-287_R1_10dpi","NW","human","3","0"
"2429","207-W2021009-287_R1_10dpi","Feb01_00-00-41_2024_up0.8_dwn0.3_salth0.7","computer_vision","3","7.3"
"2430","207-W2021009-287_R1_10dpi","Feb01_00-00-41_2024_up0.7_dwn0.3_salth0.7","computer_vision","3","8.61"
"2431","207-W2021009-287_R1_10dpi","Feb03_04-58-39_2024_up0.8_dwn0.3_salth0.7","computer_vision","2","7.26"
"2432","207-W2021009-287_R2_5dpi","TB","human","3","0"
"2433","207-W2021009-287_R2_5dpi","MW","human","3","3"
"2434","207-W2021009-287_R2_5dpi","BR","human","3","0"
"2435","207-W2021009-287_R2_5dpi","CC","human","3","0"
"2436","207-W2021009-287_R2_5dpi","DG","human","3","0"
"2437","207-W2021009-287_R2_5dpi","Aug31_03-06-57_2023_up0.8_dwn0.2_salth0.7","computer_vision","3","0.15"
"2438","207-W2021009-287_R2_5dpi","May10_16-42-59_2021_up0.8_dwn0.2_salth0.7","computer_vision","2","0"
"2439","207-W2021009-287_R2_5dpi","May11_00-29-56_2021_up0.8_dwn0.2_salth0.7","computer_vision","2","0.59"
"2440","207-W2021009-287_R2_5dpi","Jan25_15-51-04_2024_up0.8_dwn0.2_salth0.7","computer_vision","3","0.17"
"2441","207-W2021009-287_R2_5dpi","Jan29_16-28-38_2024_up0.8_dwn0.3_salth0.7","computer_vision","2","0"
"2442","207-W2021009-287_R2_5dpi","NW","human","3","0"
"2443","207-W2021009-287_R2_5dpi","Feb01_00-00-41_2024_up0.8_dwn0.3_salth0.7","computer_vision","3","0"
"2444","207-W2021009-287_R2_5dpi","Feb01_00-00-41_2024_up0.7_dwn0.3_salth0.7","computer_vision","3","0.15"
"2445","207-W2021009-287_R2_5dpi","Feb03_04-58-39_2024_up0.8_dwn0.3_salth0.7","computer_vision","2","0"
"2446","208-W2021009-268_R2_5dpi","TB","human","3","25"
"2447","208-W2021009-268_R2_5dpi","MW","human","3","40"
"2448","208-W2021009-268_R2_5dpi","BR","human","3","10"
"2449","208-W2021009-268_R2_5dpi","CC","human","3","8"
"2450","208-W2021009-268_R2_5dpi","DG","human","3","2"
"2451","208-W2021009-268_R2_5dpi","Aug31_03-06-57_2023_up0.8_dwn0.2_salth0.7","computer_vision","3","24.04"
"2452","208-W2021009-268_R2_5dpi","May10_16-42-59_2021_up0.8_dwn0.2_salth0.7","computer_vision","2","9.26"
"2453","208-W2021009-268_R2_5dpi","May11_00-29-56_2021_up0.8_dwn0.2_salth0.7","computer_vision","2","15.95"
"2454","208-W2021009-268_R2_5dpi","Jan25_15-51-04_2024_up0.8_dwn0.2_salth0.7","computer_vision","3","14.85"
"2455","208-W2021009-268_R2_5dpi","Jan29_16-28-38_2024_up0.8_dwn0.3_salth0.7","computer_vision","2","22.01"
"2456","208-W2021009-268_R2_5dpi","NW","human","3","15"
"2457","208-W2021009-268_R2_5dpi","Feb01_00-00-41_2024_up0.8_dwn0.3_salth0.7","computer_vision","3","37.43"
"2458","208-W2021009-268_R2_5dpi","Feb01_00-00-41_2024_up0.7_dwn0.3_salth0.7","computer_vision","3","40.47"
"2459","208-W2021009-268_R2_5dpi","Feb03_04-58-39_2024_up0.8_dwn0.3_salth0.7","computer_vision","2","25.82"
"2460","209-W2021010-439_R2_10dpi","Feb01_00-00-41_2024_up0.8_dwn0.3_salth0.7","computer_vision","3","34.44"
"2461","209-W2021010-439_R2_10dpi","Feb01_00-00-41_2024_up0.7_dwn0.3_salth0.7","computer_vision","3","38.73"
"2462","209-W2021010-439_R2_10dpi","Feb03_04-58-39_2024_up0.8_dwn0.3_salth0.7","computer_vision","2","45.18"
"2463","209-W2021010-439_R2_5dpi","Feb01_00-00-41_2024_up0.8_dwn0.3_salth0.7","computer_vision","3","33.39"
"2464","209-W2021010-439_R2_5dpi","Feb01_00-00-41_2024_up0.7_dwn0.3_salth0.7","computer_vision","3","34.92"
"2465","209-W2021010-439_R2_5dpi","Feb03_04-58-39_2024_up0.8_dwn0.3_salth0.7","computer_vision","2","34.3"
"2466","209-W2021010-439_R2_10dpi","MW","human","3","65"
"2467","209-W2021010-439_R2_10dpi","BR","human","3","70"
"2468","209-W2021010-439_R2_10dpi","CC","human","3","40"
"2469","209-W2021010-439_R2_10dpi","DG","human","3","25"
"2470","209-W2021010-439_R2_10dpi","Aug31_03-06-57_2023_up0.8_dwn0.2_salth0.7","computer_vision","3","30.47"
"2471","209-W2021010-439_R2_10dpi","May10_16-42-59_2021_up0.8_dwn0.2_salth0.7","computer_vision","2","57.99"
"2472","209-W2021010-439_R2_10dpi","May11_00-29-56_2021_up0.8_dwn0.2_salth0.7","computer_vision","2","59.46"
"2473","209-W2021010-439_R2_10dpi","Jan25_15-51-04_2024_up0.8_dwn0.2_salth0.7","computer_vision","3","32.54"
"2474","209-W2021010-439_R2_10dpi","Jan29_16-28-38_2024_up0.8_dwn0.3_salth0.7","computer_vision","2","46.96"
"2475","209-W2021010-439_R2_10dpi","TB","human","3","60"
"2476","209-W2021010-439_R2_10dpi","NW","human","3","0"
"2477","209-W2021010-439_R2_5dpi","TB","human","3","45"
"2478","209-W2021010-439_R2_5dpi","MW","human","3","75"
"2479","209-W2021010-439_R2_5dpi","BR","human","3","30"
"2480","209-W2021010-439_R2_5dpi","CC","human","3","16"
"2481","209-W2021010-439_R2_5dpi","DG","human","3","10"
"2482","209-W2021010-439_R2_5dpi","Aug31_03-06-57_2023_up0.8_dwn0.2_salth0.7","computer_vision","3","47.31"
"2483","209-W2021010-439_R2_5dpi","May10_16-42-59_2021_up0.8_dwn0.2_salth0.7","computer_vision","2","5.51"
"2484","209-W2021010-439_R2_5dpi","May11_00-29-56_2021_up0.8_dwn0.2_salth0.7","computer_vision","2","15.99"
"2485","209-W2021010-439_R2_5dpi","Jan25_15-51-04_2024_up0.8_dwn0.2_salth0.7","computer_vision","3","33.48"
"2486","209-W2021010-439_R2_5dpi","Jan29_16-28-38_2024_up0.8_dwn0.3_salth0.7","computer_vision","2","32.23"
"2487","209-W2021010-439_R2_5dpi","NW","human","3","25"
"2488","211-W2021011-598_R2_5dpi","TB","human","3","25"
"2489","211-W2021011-598_R2_5dpi","MW","human","3","32"
"2490","211-W2021011-598_R2_5dpi","BR","human","3","5"
"2491","211-W2021011-598_R2_5dpi","CC","human","3","11"
"2492","211-W2021011-598_R2_5dpi","DG","human","3","2"
"2493","211-W2021011-598_R2_5dpi","Aug31_03-06-57_2023_up0.8_dwn0.2_salth0.7","computer_vision","3","4.7"
"2494","211-W2021011-598_R2_5dpi","May10_16-42-59_2021_up0.8_dwn0.2_salth0.7","computer_vision","2","9.97"
"2495","211-W2021011-598_R2_5dpi","May11_00-29-56_2021_up0.8_dwn0.2_salth0.7","computer_vision","2","18.17"
"2496","211-W2021011-598_R2_5dpi","Jan25_15-51-04_2024_up0.8_dwn0.2_salth0.7","computer_vision","3","1.98"
"2497","211-W2021011-598_R2_5dpi","Jan29_16-28-38_2024_up0.8_dwn0.3_salth0.7","computer_vision","2","11.73"
"2498","211-W2021011-598_R2_5dpi","NW","human","3","0"
"2499","211-W2021011-598_R2_5dpi","Feb01_00-00-41_2024_up0.8_dwn0.3_salth0.7","computer_vision","3","13.16"
"2500","211-W2021011-598_R2_5dpi","Feb01_00-00-41_2024_up0.7_dwn0.3_salth0.7","computer_vision","3","14.9"
"2501","211-W2021011-598_R2_5dpi","Feb03_04-58-39_2024_up0.8_dwn0.3_salth0.7","computer_vision","2","9.27"
"2502","214-W2021006-045_R2_10dpi","MW","human","3","13"
"2503","214-W2021006-045_R2_10dpi","BR","human","3","10"
"2504","214-W2021006-045_R2_10dpi","CC","human","3","20"
"2505","214-W2021006-045_R2_10dpi","DG","human","3","8"
"2506","214-W2021006-045_R2_10dpi","Aug31_03-06-57_2023_up0.8_dwn0.2_salth0.7","computer_vision","3","18.23"
"2507","214-W2021006-045_R2_10dpi","May10_16-42-59_2021_up0.8_dwn0.2_salth0.7","computer_vision","2","26.27"
"2508","214-W2021006-045_R2_10dpi","May11_00-29-56_2021_up0.8_dwn0.2_salth0.7","computer_vision","2","27.94"
"2509","214-W2021006-045_R2_10dpi","Jan25_15-51-04_2024_up0.8_dwn0.2_salth0.7","computer_vision","3","8.48"
"2510","214-W2021006-045_R2_10dpi","Jan29_16-28-38_2024_up0.8_dwn0.3_salth0.7","computer_vision","2","21.98"
"2511","214-W2021006-045_R2_10dpi","TB","human","3","36"
"2512","214-W2021006-045_R2_10dpi","NW","human","3","20"
"2513","214-W2021006-045_R2_10dpi","Feb01_00-00-41_2024_up0.8_dwn0.3_salth0.7","computer_vision","3","19.28"
"2514","214-W2021006-045_R2_10dpi","Feb01_00-00-41_2024_up0.7_dwn0.3_salth0.7","computer_vision","3","21.51"
"2515","214-W2021006-045_R2_10dpi","Feb03_04-58-39_2024_up0.8_dwn0.3_salth0.7","computer_vision","2","22.71"
"2516","215-W2021006-045_R1_10dpi","MW","human","3","70"
"2517","215-W2021006-045_R1_10dpi","BR","human","3","55"
"2518","215-W2021006-045_R1_10dpi","CC","human","3","50"
"2519","215-W2021006-045_R1_10dpi","DG","human","3","50"
"2520","215-W2021006-045_R1_10dpi","Aug31_03-06-57_2023_up0.8_dwn0.2_salth0.7","computer_vision","3","50.65"
"2521","215-W2021006-045_R1_10dpi","May10_16-42-59_2021_up0.8_dwn0.2_salth0.7","computer_vision","2","42.86"
"2522","215-W2021006-045_R1_10dpi","May11_00-29-56_2021_up0.8_dwn0.2_salth0.7","computer_vision","2","48.7"
"2523","215-W2021006-045_R1_10dpi","Jan25_15-51-04_2024_up0.8_dwn0.2_salth0.7","computer_vision","3","52.4"
"2524","215-W2021006-045_R1_10dpi","Jan29_16-28-38_2024_up0.8_dwn0.3_salth0.7","computer_vision","2","74.44"
"2525","215-W2021006-045_R1_10dpi","TB","human","3","85"
"2526","215-W2021006-045_R1_10dpi","NW","human","3","83"
"2527","215-W2021006-045_R1_10dpi","Feb01_00-00-41_2024_up0.8_dwn0.3_salth0.7","computer_vision","3","61.54"
"2528","215-W2021006-045_R1_10dpi","Feb01_00-00-41_2024_up0.7_dwn0.3_salth0.7","computer_vision","3","66.06"
"2529","215-W2021006-045_R1_10dpi","Feb03_04-58-39_2024_up0.8_dwn0.3_salth0.7","computer_vision","2","76.47"
"2530","215-W2021006-045_R2_5dpi","TB","human","3","15"
"2531","215-W2021006-045_R2_5dpi","MW","human","3","12"
"2532","215-W2021006-045_R2_5dpi","BR","human","3","5"
"2533","215-W2021006-045_R2_5dpi","CC","human","3","6"
"2534","215-W2021006-045_R2_5dpi","DG","human","3","3"
"2535","215-W2021006-045_R2_5dpi","Aug31_03-06-57_2023_up0.8_dwn0.2_salth0.7","computer_vision","3","8.75"
"2536","215-W2021006-045_R2_5dpi","May10_16-42-59_2021_up0.8_dwn0.2_salth0.7","computer_vision","2","2.82"
"2537","215-W2021006-045_R2_5dpi","May11_00-29-56_2021_up0.8_dwn0.2_salth0.7","computer_vision","2","8.44"
"2538","215-W2021006-045_R2_5dpi","Jan25_15-51-04_2024_up0.8_dwn0.2_salth0.7","computer_vision","3","10.92"
"2539","215-W2021006-045_R2_5dpi","Jan29_16-28-38_2024_up0.8_dwn0.3_salth0.7","computer_vision","2","8.57"
"2540","215-W2021006-045_R2_5dpi","NW","human","3","0"
"2541","215-W2021006-045_R2_5dpi","Feb01_00-00-41_2024_up0.8_dwn0.3_salth0.7","computer_vision","3","6.4"
"2542","215-W2021006-045_R2_5dpi","Feb01_00-00-41_2024_up0.7_dwn0.3_salth0.7","computer_vision","3","7.02"
"2543","215-W2021006-045_R2_5dpi","Feb03_04-58-39_2024_up0.8_dwn0.3_salth0.7","computer_vision","2","9.41"
"2544","223-W2021010-442_R2_5dpi","TB","human","3","40"
"2545","223-W2021010-442_R2_5dpi","MW","human","3","75"
"2546","223-W2021010-442_R2_5dpi","BR","human","3","20"
"2547","223-W2021010-442_R2_5dpi","CC","human","3","15"
"2548","223-W2021010-442_R2_5dpi","DG","human","3","1"
"2549","223-W2021010-442_R2_5dpi","Aug31_03-06-57_2023_up0.8_dwn0.2_salth0.7","computer_vision","3","46.98"
"2550","223-W2021010-442_R2_5dpi","May10_16-42-59_2021_up0.8_dwn0.2_salth0.7","computer_vision","2","3.86"
"2551","223-W2021010-442_R2_5dpi","May11_00-29-56_2021_up0.8_dwn0.2_salth0.7","computer_vision","2","11.21"
"2552","223-W2021010-442_R2_5dpi","Jan25_15-51-04_2024_up0.8_dwn0.2_salth0.7","computer_vision","3","35.23"
"2553","223-W2021010-442_R2_5dpi","Jan29_16-28-38_2024_up0.8_dwn0.3_salth0.7","computer_vision","2","32.39"
"2554","223-W2021010-442_R2_5dpi","NW","human","3","0"
"2555","223-W2021010-442_R2_5dpi","Feb01_00-00-41_2024_up0.8_dwn0.3_salth0.7","computer_vision","3","33.14"
"2556","223-W2021010-442_R2_5dpi","Feb01_00-00-41_2024_up0.7_dwn0.3_salth0.7","computer_vision","3","36.96"
"2557","223-W2021010-442_R2_5dpi","Feb03_04-58-39_2024_up0.8_dwn0.3_salth0.7","computer_vision","2","33.88"
"2558","225-W2021010-327_R2_10dpi","MW","human","3","75"
"2559","225-W2021010-327_R2_10dpi","BR","human","3","40"
"2560","225-W2021010-327_R2_10dpi","CC","human","3","50"
"2561","225-W2021010-327_R2_10dpi","DG","human","3","30"
"2562","225-W2021010-327_R2_10dpi","Aug31_03-06-57_2023_up0.8_dwn0.2_salth0.7","computer_vision","3","71.48"
"2563","225-W2021010-327_R2_10dpi","May10_16-42-59_2021_up0.8_dwn0.2_salth0.7","computer_vision","2","1.21"
"2564","225-W2021010-327_R2_10dpi","May11_00-29-56_2021_up0.8_dwn0.2_salth0.7","computer_vision","2","1.46"
"2565","225-W2021010-327_R2_10dpi","Jan25_15-51-04_2024_up0.8_dwn0.2_salth0.7","computer_vision","3","68.83"
"2566","225-W2021010-327_R2_10dpi","Jan29_16-28-38_2024_up0.8_dwn0.3_salth0.7","computer_vision","2","78.39"
"2567","225-W2021010-327_R2_10dpi","TB","human","3","95"
"2568","225-W2021010-327_R2_10dpi","NW","human","3","100"
"2569","225-W2021010-327_R2_10dpi","Feb01_00-00-41_2024_up0.8_dwn0.3_salth0.7","computer_vision","3","60.47"
"2570","225-W2021010-327_R2_10dpi","Feb01_00-00-41_2024_up0.7_dwn0.3_salth0.7","computer_vision","3","67.12"
"2571","225-W2021010-327_R2_10dpi","Feb03_04-58-39_2024_up0.8_dwn0.3_salth0.7","computer_vision","2","83.75"
"2572","226-W2021009-177_R1_10dpi","MW","human","3","5"
"2573","226-W2021009-177_R1_10dpi","BR","human","3","0"
"2574","226-W2021009-177_R1_10dpi","CC","human","3","6"
"2575","226-W2021009-177_R1_10dpi","DG","human","3","0"
"2576","226-W2021009-177_R1_10dpi","Aug31_03-06-57_2023_up0.8_dwn0.2_salth0.7","computer_vision","3","17.87"
"2577","226-W2021009-177_R1_10dpi","May10_16-42-59_2021_up0.8_dwn0.2_salth0.7","computer_vision","2","8.08"
"2578","226-W2021009-177_R1_10dpi","May11_00-29-56_2021_up0.8_dwn0.2_salth0.7","computer_vision","2","9.3"
"2579","226-W2021009-177_R1_10dpi","Jan25_15-51-04_2024_up0.8_dwn0.2_salth0.7","computer_vision","3","28"
"2580","226-W2021009-177_R1_10dpi","Jan29_16-28-38_2024_up0.8_dwn0.3_salth0.7","computer_vision","2","7.82"
"2581","226-W2021009-177_R1_10dpi","TB","human","3","0"
"2582","226-W2021009-177_R1_10dpi","NW","human","3","0"
"2583","226-W2021009-177_R1_10dpi","Feb01_00-00-41_2024_up0.8_dwn0.3_salth0.7","computer_vision","3","16.8"
"2584","226-W2021009-177_R1_10dpi","Feb01_00-00-41_2024_up0.7_dwn0.3_salth0.7","computer_vision","3","21.8"
"2585","226-W2021009-177_R1_10dpi","Feb03_04-58-39_2024_up0.8_dwn0.3_salth0.7","computer_vision","2","7.7"
"2586","226-W2021010-435_R1_5dpi","TB","human","3","0"
"2587","226-W2021010-435_R1_5dpi","MW","human","3","0"
"2588","226-W2021010-435_R1_5dpi","BR","human","3","0"
"2589","226-W2021010-435_R1_5dpi","CC","human","3","0"
"2590","226-W2021010-435_R1_5dpi","DG","human","3","0"
"2591","226-W2021010-435_R1_5dpi","Aug31_03-06-57_2023_up0.8_dwn0.2_salth0.7","computer_vision","3","1.08"
"2592","226-W2021010-435_R1_5dpi","May10_16-42-59_2021_up0.8_dwn0.2_salth0.7","computer_vision","2","0.31"
"2593","226-W2021010-435_R1_5dpi","May11_00-29-56_2021_up0.8_dwn0.2_salth0.7","computer_vision","2","1.71"
"2594","226-W2021010-435_R1_5dpi","Jan25_15-51-04_2024_up0.8_dwn0.2_salth0.7","computer_vision","3","11.43"
"2595","226-W2021010-435_R1_5dpi","Jan29_16-28-38_2024_up0.8_dwn0.3_salth0.7","computer_vision","2","2.25"
"2596","226-W2021010-435_R1_5dpi","NW","human","3","0"
"2597","226-W2021010-435_R1_5dpi","Feb01_00-00-41_2024_up0.8_dwn0.3_salth0.7","computer_vision","3","1.17"
"2598","226-W2021010-435_R1_5dpi","Feb01_00-00-41_2024_up0.7_dwn0.3_salth0.7","computer_vision","3","2.64"
"2599","226-W2021010-435_R1_5dpi","Feb03_04-58-39_2024_up0.8_dwn0.3_salth0.7","computer_vision","2","23.68"
"2600","230-W2021010-373_R2_5dpi","TB","human","3","100"
"2601","230-W2021010-373_R2_5dpi","MW","human","3","95"
"2602","230-W2021010-373_R2_5dpi","BR","human","3","100"
"2603","230-W2021010-373_R2_5dpi","CC","human","3","75"
"2604","230-W2021010-373_R2_5dpi","DG","human","3","85"
"2605","230-W2021010-373_R2_5dpi","Aug31_03-06-57_2023_up0.8_dwn0.2_salth0.7","computer_vision","3","98.5"
"2606","230-W2021010-373_R2_5dpi","May10_16-42-59_2021_up0.8_dwn0.2_salth0.7","computer_vision","2","42.63"
"2607","230-W2021010-373_R2_5dpi","May11_00-29-56_2021_up0.8_dwn0.2_salth0.7","computer_vision","2","84.44"
"2608","230-W2021010-373_R2_5dpi","Jan25_15-51-04_2024_up0.8_dwn0.2_salth0.7","computer_vision","3","96.76"
"2609","230-W2021010-373_R2_5dpi","Jan29_16-28-38_2024_up0.8_dwn0.3_salth0.7","computer_vision","2","98.09"
"2610","230-W2021010-373_R2_5dpi","NW","human","3","85"
"2611","230-W2021010-373_R2_5dpi","Feb01_00-00-41_2024_up0.8_dwn0.3_salth0.7","computer_vision","3","97.87"
"2612","230-W2021010-373_R2_5dpi","Feb01_00-00-41_2024_up0.7_dwn0.3_salth0.7","computer_vision","3","98.35"
"2613","230-W2021010-373_R2_5dpi","Feb03_04-58-39_2024_up0.8_dwn0.3_salth0.7","computer_vision","2","99.26"
"2614","233-W2021006-607_R1_10dpi","MW","human","3","15"
"2615","233-W2021006-607_R1_10dpi","BR","human","3","5"
"2616","233-W2021006-607_R1_10dpi","CC","human","3","8"
"2617","233-W2021006-607_R1_10dpi","DG","human","3","3"
"2618","233-W2021006-607_R1_10dpi","Aug31_03-06-57_2023_up0.8_dwn0.2_salth0.7","computer_vision","3","4.46"
"2619","233-W2021006-607_R1_10dpi","May10_16-42-59_2021_up0.8_dwn0.2_salth0.7","computer_vision","2","10.15"
"2620","233-W2021006-607_R1_10dpi","May11_00-29-56_2021_up0.8_dwn0.2_salth0.7","computer_vision","2","16.72"
"2621","233-W2021006-607_R1_10dpi","Jan25_15-51-04_2024_up0.8_dwn0.2_salth0.7","computer_vision","3","4.9"
"2622","233-W2021006-607_R1_10dpi","Jan29_16-28-38_2024_up0.8_dwn0.3_salth0.7","computer_vision","2","11.6"
"2623","233-W2021006-607_R1_10dpi","TB","human","3","17"
"2624","233-W2021006-607_R1_10dpi","NW","human","3","0"
"2625","233-W2021006-607_R1_10dpi","Feb01_00-00-41_2024_up0.8_dwn0.3_salth0.7","computer_vision","3","7.16"
"2626","233-W2021006-607_R1_10dpi","Feb01_00-00-41_2024_up0.7_dwn0.3_salth0.7","computer_vision","3","9.27"
"2627","233-W2021006-607_R1_10dpi","Feb03_04-58-39_2024_up0.8_dwn0.3_salth0.7","computer_vision","2","10.87"
"2628","233-W2021009-215_R2_5dpi","TB","human","3","20"
"2629","233-W2021009-215_R2_5dpi","MW","human","3","10"
"2630","233-W2021009-215_R2_5dpi","BR","human","3","20"
"2631","233-W2021009-215_R2_5dpi","CC","human","3","8"
"2632","233-W2021009-215_R2_5dpi","DG","human","3","5"
"2633","233-W2021009-215_R2_5dpi","Aug31_03-06-57_2023_up0.8_dwn0.2_salth0.7","computer_vision","3","12.4"
"2634","233-W2021009-215_R2_5dpi","May10_16-42-59_2021_up0.8_dwn0.2_salth0.7","computer_vision","2","7.35"
"2635","233-W2021009-215_R2_5dpi","May11_00-29-56_2021_up0.8_dwn0.2_salth0.7","computer_vision","2","11.37"
"2636","233-W2021009-215_R2_5dpi","Jan25_15-51-04_2024_up0.8_dwn0.2_salth0.7","computer_vision","3","14.89"
"2637","233-W2021009-215_R2_5dpi","Jan29_16-28-38_2024_up0.8_dwn0.3_salth0.7","computer_vision","2","12.7"
"2638","233-W2021009-215_R2_5dpi","NW","human","3","15"
"2639","233-W2021009-215_R2_5dpi","Feb01_00-00-41_2024_up0.8_dwn0.3_salth0.7","computer_vision","3","12.35"
"2640","233-W2021009-215_R2_5dpi","Feb01_00-00-41_2024_up0.7_dwn0.3_salth0.7","computer_vision","3","13.01"
"2641","233-W2021009-215_R2_5dpi","Feb03_04-58-39_2024_up0.8_dwn0.3_salth0.7","computer_vision","2","12.3"
"2642","238-W2021009-192_R1_10dpi","MW","human","3","74"
"2643","238-W2021009-192_R1_10dpi","BR","human","3","60"
"2644","238-W2021009-192_R1_10dpi","CC","human","3","65"
"2645","238-W2021009-192_R1_10dpi","DG","human","3","25"
"2646","238-W2021009-192_R1_10dpi","Aug31_03-06-57_2023_up0.8_dwn0.2_salth0.7","computer_vision","3","85.42"
"2647","238-W2021009-192_R1_10dpi","May10_16-42-59_2021_up0.8_dwn0.2_salth0.7","computer_vision","2","67.21"
"2648","238-W2021009-192_R1_10dpi","May11_00-29-56_2021_up0.8_dwn0.2_salth0.7","computer_vision","2","70.84"
"2649","238-W2021009-192_R1_10dpi","Jan25_15-51-04_2024_up0.8_dwn0.2_salth0.7","computer_vision","3","87.04"
"2650","238-W2021009-192_R1_10dpi","Jan29_16-28-38_2024_up0.8_dwn0.3_salth0.7","computer_vision","2","75.27"
"2651","238-W2021009-192_R1_10dpi","TB","human","3","88"
"2652","238-W2021009-192_R1_10dpi","NW","human","3","0"
"2653","238-W2021009-192_R1_10dpi","Feb01_00-00-41_2024_up0.8_dwn0.3_salth0.7","computer_vision","3","87"
"2654","238-W2021009-192_R1_10dpi","Feb01_00-00-41_2024_up0.7_dwn0.3_salth0.7","computer_vision","3","88.44"
"2655","238-W2021009-192_R1_10dpi","Feb03_04-58-39_2024_up0.8_dwn0.3_salth0.7","computer_vision","2","75.75"
"2656","240-Symphony_R2_5dpi","TB","human","3","90"
"2657","240-Symphony_R2_5dpi","MW","human","3","90"
"2658","240-Symphony_R2_5dpi","BR","human","3","81"
"2659","240-Symphony_R2_5dpi","CC","human","3","50"
"2660","240-Symphony_R2_5dpi","DG","human","3","70"
"2661","240-Symphony_R2_5dpi","Aug31_03-06-57_2023_up0.8_dwn0.2_salth0.7","computer_vision","3","86.39"
"2662","240-Symphony_R2_5dpi","May10_16-42-59_2021_up0.8_dwn0.2_salth0.7","computer_vision","2","6.83"
"2663","240-Symphony_R2_5dpi","May11_00-29-56_2021_up0.8_dwn0.2_salth0.7","computer_vision","2","37.59"
"2664","240-Symphony_R2_5dpi","Jan25_15-51-04_2024_up0.8_dwn0.2_salth0.7","computer_vision","3","79.39"
"2665","240-Symphony_R2_5dpi","Jan29_16-28-38_2024_up0.8_dwn0.3_salth0.7","computer_vision","2","81.99"
"2666","240-Symphony_R2_5dpi","NW","human","3","45"
"2667","240-Symphony_R2_5dpi","Feb01_00-00-41_2024_up0.8_dwn0.3_salth0.7","computer_vision","3","82.1"
"2668","240-Symphony_R2_5dpi","Feb01_00-00-41_2024_up0.7_dwn0.3_salth0.7","computer_vision","3","83.48"
"2669","240-Symphony_R2_5dpi","Feb03_04-58-39_2024_up0.8_dwn0.3_salth0.7","computer_vision","2","83.18"
"2670","242-W2021006-132_R2_10dpi","MW","human","3","98"
"2671","242-W2021006-132_R2_10dpi","BR","human","3","100"
"2672","242-W2021006-132_R2_10dpi","CC","human","3","95"
"2673","242-W2021006-132_R2_10dpi","DG","human","3","60"
"2674","242-W2021006-132_R2_10dpi","Aug31_03-06-57_2023_up0.8_dwn0.2_salth0.7","computer_vision","3","95.78"
"2675","242-W2021006-132_R2_10dpi","May10_16-42-59_2021_up0.8_dwn0.2_salth0.7","computer_vision","2","8.06"
"2676","242-W2021006-132_R2_10dpi","May11_00-29-56_2021_up0.8_dwn0.2_salth0.7","computer_vision","2","17.27"
"2677","242-W2021006-132_R2_10dpi","Jan25_15-51-04_2024_up0.8_dwn0.2_salth0.7","computer_vision","3","96.9"
"2678","242-W2021006-132_R2_10dpi","Jan29_16-28-38_2024_up0.8_dwn0.3_salth0.7","computer_vision","2","98.84"
"2679","242-W2021006-132_R2_10dpi","TB","human","3","100"
"2680","242-W2021006-132_R2_10dpi","NW","human","3","100"
"2681","242-W2021006-132_R2_10dpi","Feb01_00-00-41_2024_up0.8_dwn0.3_salth0.7","computer_vision","3","94.81"
"2682","242-W2021006-132_R2_10dpi","Feb01_00-00-41_2024_up0.7_dwn0.3_salth0.7","computer_vision","3","96.69"
"2683","242-W2021006-132_R2_10dpi","Feb03_04-58-39_2024_up0.8_dwn0.3_salth0.7","computer_vision","2","99.13"
"2684","254-W2021010-352_R2_5dpi","TB","human","3","0"
"2685","254-W2021010-352_R2_5dpi","MW","human","3","0"
"2686","254-W2021010-352_R2_5dpi","BR","human","3","0"
"2687","254-W2021010-352_R2_5dpi","CC","human","3","0"
"2688","254-W2021010-352_R2_5dpi","DG","human","3","0"
"2689","254-W2021010-352_R2_5dpi","Aug31_03-06-57_2023_up0.8_dwn0.2_salth0.7","computer_vision","3","1.46"
"2690","254-W2021010-352_R2_5dpi","May10_16-42-59_2021_up0.8_dwn0.2_salth0.7","computer_vision","2","0.82"
"2691","254-W2021010-352_R2_5dpi","May11_00-29-56_2021_up0.8_dwn0.2_salth0.7","computer_vision","2","1.83"
"2692","254-W2021010-352_R2_5dpi","Jan25_15-51-04_2024_up0.8_dwn0.2_salth0.7","computer_vision","3","2.65"
"2693","254-W2021010-352_R2_5dpi","Jan29_16-28-38_2024_up0.8_dwn0.3_salth0.7","computer_vision","2","2.63"
"2694","254-W2021010-352_R2_5dpi","NW","human","3","0"
"2695","254-W2021010-352_R2_5dpi","Feb01_00-00-41_2024_up0.8_dwn0.3_salth0.7","computer_vision","3","3.39"
"2696","254-W2021010-352_R2_5dpi","Feb01_00-00-41_2024_up0.7_dwn0.3_salth0.7","computer_vision","3","5.2"
"2697","254-W2021010-352_R2_5dpi","Feb03_04-58-39_2024_up0.8_dwn0.3_salth0.7","computer_vision","2","0.18"
"2698","262-W2021009-187_R2_10dpi","MW","human","3","40"
"2699","262-W2021009-187_R2_10dpi","BR","human","3","50"
"2700","262-W2021009-187_R2_10dpi","CC","human","3","70"
"2701","262-W2021009-187_R2_10dpi","DG","human","3","20"
"2702","262-W2021009-187_R2_10dpi","Aug31_03-06-57_2023_up0.8_dwn0.2_salth0.7","computer_vision","3","65.94"
"2703","262-W2021009-187_R2_10dpi","May10_16-42-59_2021_up0.8_dwn0.2_salth0.7","computer_vision","2","59"
"2704","262-W2021009-187_R2_10dpi","May11_00-29-56_2021_up0.8_dwn0.2_salth0.7","computer_vision","2","65.72"
"2705","262-W2021009-187_R2_10dpi","Jan25_15-51-04_2024_up0.8_dwn0.2_salth0.7","computer_vision","3","86.79"
"2706","262-W2021009-187_R2_10dpi","Jan29_16-28-38_2024_up0.8_dwn0.3_salth0.7","computer_vision","2","72.03"
"2707","262-W2021009-187_R2_10dpi","TB","human","3","85"
"2708","262-W2021009-187_R2_10dpi","NW","human","3","70"
"2709","262-W2021009-187_R2_10dpi","Feb01_00-00-41_2024_up0.8_dwn0.3_salth0.7","computer_vision","3","74.12"
"2710","262-W2021009-187_R2_10dpi","Feb01_00-00-41_2024_up0.7_dwn0.3_salth0.7","computer_vision","3","78.36"
"2711","262-W2021009-187_R2_10dpi","Feb03_04-58-39_2024_up0.8_dwn0.3_salth0.7","computer_vision","2","72.8"
"2712","264-W2021009-187_R1_10dpi","MW","human","3","15"
"2713","264-W2021009-187_R1_10dpi","BR","human","3","7"
"2714","264-W2021009-187_R1_10dpi","CC","human","3","30"
"2715","264-W2021009-187_R1_10dpi","DG","human","3","10"
"2716","264-W2021009-187_R1_10dpi","Aug31_03-06-57_2023_up0.8_dwn0.2_salth0.7","computer_vision","3","35.8"
"2717","264-W2021009-187_R1_10dpi","May10_16-42-59_2021_up0.8_dwn0.2_salth0.7","computer_vision","2","14.33"
"2718","264-W2021009-187_R1_10dpi","May11_00-29-56_2021_up0.8_dwn0.2_salth0.7","computer_vision","2","18.54"
"2719","264-W2021009-187_R1_10dpi","Jan25_15-51-04_2024_up0.8_dwn0.2_salth0.7","computer_vision","3","31.75"
"2720","264-W2021009-187_R1_10dpi","Jan29_16-28-38_2024_up0.8_dwn0.3_salth0.7","computer_vision","2","21.5"
"2721","264-W2021009-187_R1_10dpi","TB","human","3","29"
"2722","264-W2021009-187_R1_10dpi","NW","human","3","20"
"2723","264-W2021009-187_R1_10dpi","Feb01_00-00-41_2024_up0.8_dwn0.3_salth0.7","computer_vision","3","44.63"
"2724","264-W2021009-187_R1_10dpi","Feb01_00-00-41_2024_up0.7_dwn0.3_salth0.7","computer_vision","3","50"
"2725","264-W2021009-187_R1_10dpi","Feb03_04-58-39_2024_up0.8_dwn0.3_salth0.7","computer_vision","2","24.41"
"2726","266-W2021009-193_R1_5dpi","TB","human","3","5"
"2727","266-W2021009-193_R1_5dpi","MW","human","3","5"
"2728","266-W2021009-193_R1_5dpi","BR","human","3","3"
"2729","266-W2021009-193_R1_5dpi","CC","human","3","3"
"2730","266-W2021009-193_R1_5dpi","DG","human","3","2"
"2731","266-W2021009-193_R1_5dpi","Aug31_03-06-57_2023_up0.8_dwn0.2_salth0.7","computer_vision","3","12.89"
"2732","266-W2021009-193_R1_5dpi","May10_16-42-59_2021_up0.8_dwn0.2_salth0.7","computer_vision","2","2.72"
"2733","266-W2021009-193_R1_5dpi","May11_00-29-56_2021_up0.8_dwn0.2_salth0.7","computer_vision","2","2.34"
"2734","266-W2021009-193_R1_5dpi","Jan25_15-51-04_2024_up0.8_dwn0.2_salth0.7","computer_vision","3","15.86"
"2735","266-W2021009-193_R1_5dpi","Jan29_16-28-38_2024_up0.8_dwn0.3_salth0.7","computer_vision","2","8.3"
"2736","266-W2021009-193_R1_5dpi","NW","human","3","0"
"2737","266-W2021009-193_R1_5dpi","Feb01_00-00-41_2024_up0.8_dwn0.3_salth0.7","computer_vision","3","4.03"
"2738","266-W2021009-193_R1_5dpi","Feb01_00-00-41_2024_up0.7_dwn0.3_salth0.7","computer_vision","3","4.73"
"2739","266-W2021009-193_R1_5dpi","Feb03_04-58-39_2024_up0.8_dwn0.3_salth0.7","computer_vision","2","2.06"
"2740","285-W2021006-040_R2_10dpi","MW","human","3","23"
"2741","285-W2021006-040_R2_10dpi","BR","human","3","19"
"2742","285-W2021006-040_R2_10dpi","CC","human","3","25"
"2743","285-W2021006-040_R2_10dpi","DG","human","3","5"
"2744","285-W2021006-040_R2_10dpi","Aug31_03-06-57_2023_up0.8_dwn0.2_salth0.7","computer_vision","3","11.41"
"2745","285-W2021006-040_R2_10dpi","May10_16-42-59_2021_up0.8_dwn0.2_salth0.7","computer_vision","2","26.22"
"2746","285-W2021006-040_R2_10dpi","May11_00-29-56_2021_up0.8_dwn0.2_salth0.7","computer_vision","2","33.33"
"2747","285-W2021006-040_R2_10dpi","Jan25_15-51-04_2024_up0.8_dwn0.2_salth0.7","computer_vision","3","18"
"2748","285-W2021006-040_R2_10dpi","Jan29_16-28-38_2024_up0.8_dwn0.3_salth0.7","computer_vision","2","27.89"
"2749","285-W2021006-040_R2_10dpi","TB","human","3","45"
"2750","285-W2021006-040_R2_10dpi","NW","human","3","20"
"2751","285-W2021006-040_R2_10dpi","Feb01_00-00-41_2024_up0.8_dwn0.3_salth0.7","computer_vision","3","21.82"
"2752","285-W2021006-040_R2_10dpi","Feb01_00-00-41_2024_up0.7_dwn0.3_salth0.7","computer_vision","3","25.48"
"2753","285-W2021006-040_R2_10dpi","Feb03_04-58-39_2024_up0.8_dwn0.3_salth0.7","computer_vision","2","29.85"
"2754","293-W2021006-054_R1_10dpi","MW","human","3","57"
"2755","293-W2021006-054_R1_10dpi","BR","human","3","40"
"2756","293-W2021006-054_R1_10dpi","CC","human","3","50"
"2757","293-W2021006-054_R1_10dpi","DG","human","3","15"
"2758","293-W2021006-054_R1_10dpi","Aug31_03-06-57_2023_up0.8_dwn0.2_salth0.7","computer_vision","3","11.64"
"2759","293-W2021006-054_R1_10dpi","May10_16-42-59_2021_up0.8_dwn0.2_salth0.7","computer_vision","2","29.03"
"2760","293-W2021006-054_R1_10dpi","May11_00-29-56_2021_up0.8_dwn0.2_salth0.7","computer_vision","2","40.82"
"2761","293-W2021006-054_R1_10dpi","Jan25_15-51-04_2024_up0.8_dwn0.2_salth0.7","computer_vision","3","14.86"
"2762","293-W2021006-054_R1_10dpi","Jan29_16-28-38_2024_up0.8_dwn0.3_salth0.7","computer_vision","2","44.2"
"2763","293-W2021006-054_R1_10dpi","TB","human","3","55"
"2764","293-W2021006-054_R1_10dpi","NW","human","3","20"
"2765","293-W2021006-054_R1_10dpi","Feb01_00-00-41_2024_up0.8_dwn0.3_salth0.7","computer_vision","3","23.32"
"2766","293-W2021006-054_R1_10dpi","Feb01_00-00-41_2024_up0.7_dwn0.3_salth0.7","computer_vision","3","30.53"
"2767","293-W2021006-054_R1_10dpi","Feb03_04-58-39_2024_up0.8_dwn0.3_salth0.7","computer_vision","2","42.23"
"2768","311-W2021010-326_R2_10dpi","MW","human","3","0"
"2769","311-W2021010-326_R2_10dpi","BR","human","3","0"
"2770","311-W2021010-326_R2_10dpi","CC","human","3","0"
"2771","311-W2021010-326_R2_10dpi","DG","human","3","0"
"2772","311-W2021010-326_R2_10dpi","Aug31_03-06-57_2023_up0.8_dwn0.2_salth0.7","computer_vision","3","0.19"
"2773","311-W2021010-326_R2_10dpi","May10_16-42-59_2021_up0.8_dwn0.2_salth0.7","computer_vision","2","0.16"
"2774","311-W2021010-326_R2_10dpi","May11_00-29-56_2021_up0.8_dwn0.2_salth0.7","computer_vision","2","1.66"
"2775","311-W2021010-326_R2_10dpi","Jan25_15-51-04_2024_up0.8_dwn0.2_salth0.7","computer_vision","3","19.5"
"2776","311-W2021010-326_R2_10dpi","Jan29_16-28-38_2024_up0.8_dwn0.3_salth0.7","computer_vision","2","0.71"
"2777","311-W2021010-326_R2_10dpi","TB","human","3","0"
"2778","311-W2021010-326_R2_10dpi","NW","human","3","0"
"2779","311-W2021010-326_R2_10dpi","Feb01_00-00-41_2024_up0.8_dwn0.3_salth0.7","computer_vision","3","4.27"
"2780","311-W2021010-326_R2_10dpi","Feb01_00-00-41_2024_up0.7_dwn0.3_salth0.7","computer_vision","3","8.38"
"2781","311-W2021010-326_R2_10dpi","Feb03_04-58-39_2024_up0.8_dwn0.3_salth0.7","computer_vision","2","0.35"
"2782","313-W2021010-343_R1_5dpi","TB","human","3","0"
"2783","313-W2021010-343_R1_5dpi","MW","human","3","0"
"2784","313-W2021010-343_R1_5dpi","BR","human","3","0"
"2785","313-W2021010-343_R1_5dpi","CC","human","3","0"
"2786","313-W2021010-343_R1_5dpi","DG","human","3","0"
"2787","313-W2021010-343_R1_5dpi","Aug31_03-06-57_2023_up0.8_dwn0.2_salth0.7","computer_vision","3","1.56"
"2788","313-W2021010-343_R1_5dpi","May10_16-42-59_2021_up0.8_dwn0.2_salth0.7","computer_vision","2","0.47"
"2789","313-W2021010-343_R1_5dpi","May11_00-29-56_2021_up0.8_dwn0.2_salth0.7","computer_vision","2","3.07"
"2790","313-W2021010-343_R1_5dpi","Jan25_15-51-04_2024_up0.8_dwn0.2_salth0.7","computer_vision","3","4.51"
"2791","313-W2021010-343_R1_5dpi","Jan29_16-28-38_2024_up0.8_dwn0.3_salth0.7","computer_vision","2","0.66"
"2792","313-W2021010-343_R1_5dpi","NW","human","3","0"
"2793","313-W2021010-343_R1_5dpi","Feb01_00-00-41_2024_up0.8_dwn0.3_salth0.7","computer_vision","3","3.99"
"2794","313-W2021010-343_R1_5dpi","Feb01_00-00-41_2024_up0.7_dwn0.3_salth0.7","computer_vision","3","7.11"
"2795","313-W2021010-343_R1_5dpi","Feb03_04-58-39_2024_up0.8_dwn0.3_salth0.7","computer_vision","2","0.16"
"2796","319-W2021010-332_R1_10dpi","Aug31_03-06-57_2023_up0.8_dwn0.2_salth0.7","computer_vision","3","0.14"
"2797","319-W2021010-332_R1_10dpi","May10_16-42-59_2021_up0.8_dwn0.2_salth0.7","computer_vision","2","10.4"
"2798","319-W2021010-332_R1_10dpi","May11_00-29-56_2021_up0.8_dwn0.2_salth0.7","computer_vision","2","7.33"
"2799","319-W2021010-332_R1_10dpi","Jan25_15-51-04_2024_up0.8_dwn0.2_salth0.7","computer_vision","3","0.77"
"2800","319-W2021010-332_R1_10dpi","Jan29_16-28-38_2024_up0.8_dwn0.3_salth0.7","computer_vision","2","0.93"
"2801","319-W2021010-332_R1_10dpi","Feb01_00-00-41_2024_up0.8_dwn0.3_salth0.7","computer_vision","3","1.23"
"2802","319-W2021010-332_R1_10dpi","Feb01_00-00-41_2024_up0.7_dwn0.3_salth0.7","computer_vision","3","1.83"
"2803","319-W2021010-332_R1_10dpi","Feb03_04-58-39_2024_up0.8_dwn0.3_salth0.7","computer_vision","2","0.95"
"2804","331-W2021011-485_R2_10dpi","Aug31_03-06-57_2023_up0.8_dwn0.2_salth0.7","computer_vision","3","7.59"
"2805","331-W2021011-485_R2_10dpi","May10_16-42-59_2021_up0.8_dwn0.2_salth0.7","computer_vision","2","5.38"
"2806","331-W2021011-485_R2_10dpi","May11_00-29-56_2021_up0.8_dwn0.2_salth0.7","computer_vision","2","6.41"
"2807","331-W2021011-485_R2_10dpi","Jan25_15-51-04_2024_up0.8_dwn0.2_salth0.7","computer_vision","3","2.12"
"2808","331-W2021011-485_R2_10dpi","Jan29_16-28-38_2024_up0.8_dwn0.3_salth0.7","computer_vision","2","2.67"
"2809","331-W2021011-485_R2_10dpi","Feb01_00-00-41_2024_up0.8_dwn0.3_salth0.7","computer_vision","3","6.24"
"2810","331-W2021011-485_R2_10dpi","Feb01_00-00-41_2024_up0.7_dwn0.3_salth0.7","computer_vision","3","8.89"
"2811","331-W2021011-485_R2_10dpi","Feb03_04-58-39_2024_up0.8_dwn0.3_salth0.7","computer_vision","2","2.84"
"2812","333-W2021011-485_R1_10dpi","Aug31_03-06-57_2023_up0.8_dwn0.2_salth0.7","computer_vision","3","0.15"
"2813","333-W2021011-485_R1_10dpi","May10_16-42-59_2021_up0.8_dwn0.2_salth0.7","computer_vision","2","4.92"
"2814","333-W2021011-485_R1_10dpi","May11_00-29-56_2021_up0.8_dwn0.2_salth0.7","computer_vision","2","13.17"
"2815","333-W2021011-485_R1_10dpi","Jan25_15-51-04_2024_up0.8_dwn0.2_salth0.7","computer_vision","3","0"
"2816","333-W2021011-485_R1_10dpi","Jan29_16-28-38_2024_up0.8_dwn0.3_salth0.7","computer_vision","2","0.15"
"2817","333-W2021011-485_R1_10dpi","Feb01_00-00-41_2024_up0.8_dwn0.3_salth0.7","computer_vision","3","0.15"
"2818","333-W2021011-485_R1_10dpi","Feb01_00-00-41_2024_up0.7_dwn0.3_salth0.7","computer_vision","3","0.59"
"2819","333-W2021011-485_R1_10dpi","Feb03_04-58-39_2024_up0.8_dwn0.3_salth0.7","computer_vision","2","0.3"
"2820","336-W2021011-506_R2_5dpi","TB","human","3","65"
"2821","336-W2021011-506_R2_5dpi","MW","human","3","55"
"2822","336-W2021011-506_R2_5dpi","BR","human","3","20"
"2823","336-W2021011-506_R2_5dpi","CC","human","3","20"
"2824","336-W2021011-506_R2_5dpi","DG","human","3","4"
"2825","336-W2021011-506_R2_5dpi","Aug31_03-06-57_2023_up0.8_dwn0.2_salth0.7","computer_vision","3","69.18"
"2826","336-W2021011-506_R2_5dpi","May10_16-42-59_2021_up0.8_dwn0.2_salth0.7","computer_vision","2","22.01"
"2827","336-W2021011-506_R2_5dpi","May11_00-29-56_2021_up0.8_dwn0.2_salth0.7","computer_vision","2","29.45"
"2828","336-W2021011-506_R2_5dpi","Jan25_15-51-04_2024_up0.8_dwn0.2_salth0.7","computer_vision","3","54.71"
"2829","336-W2021011-506_R2_5dpi","Jan29_16-28-38_2024_up0.8_dwn0.3_salth0.7","computer_vision","2","53.69"
"2830","336-W2021011-506_R2_5dpi","NW","human","3","0"
"2831","336-W2021011-506_R2_5dpi","Feb01_00-00-41_2024_up0.8_dwn0.3_salth0.7","computer_vision","3","66.73"
"2832","336-W2021011-506_R2_5dpi","Feb01_00-00-41_2024_up0.7_dwn0.3_salth0.7","computer_vision","3","69.2"
"2833","336-W2021011-506_R2_5dpi","Feb03_04-58-39_2024_up0.8_dwn0.3_salth0.7","computer_vision","2","37.19"
"2834","342-W2021010-346_R2_10dpi","Aug31_03-06-57_2023_up0.8_dwn0.2_salth0.7","computer_vision","3","1.69"
"2835","342-W2021010-346_R2_10dpi","May10_16-42-59_2021_up0.8_dwn0.2_salth0.7","computer_vision","2","0.77"
"2836","342-W2021010-346_R2_10dpi","May11_00-29-56_2021_up0.8_dwn0.2_salth0.7","computer_vision","2","1.57"
"2837","342-W2021010-346_R2_10dpi","Jan25_15-51-04_2024_up0.8_dwn0.2_salth0.7","computer_vision","3","1.92"
"2838","342-W2021010-346_R2_10dpi","Jan29_16-28-38_2024_up0.8_dwn0.3_salth0.7","computer_vision","2","2.61"
"2839","342-W2021010-346_R2_10dpi","Feb01_00-00-41_2024_up0.8_dwn0.3_salth0.7","computer_vision","3","0"
"2840","342-W2021010-346_R2_10dpi","Feb01_00-00-41_2024_up0.7_dwn0.3_salth0.7","computer_vision","3","0"
"2841","342-W2021010-346_R2_10dpi","Feb03_04-58-39_2024_up0.8_dwn0.3_salth0.7","computer_vision","2","0.7"
"2842","347-W2021009-208_R1_10dpi","Aug31_03-06-57_2023_up0.8_dwn0.2_salth0.7","computer_vision","3","50.48"
"2843","347-W2021009-208_R1_10dpi","May10_16-42-59_2021_up0.8_dwn0.2_salth0.7","computer_vision","2","31.89"
"2844","347-W2021009-208_R1_10dpi","May11_00-29-56_2021_up0.8_dwn0.2_salth0.7","computer_vision","2","33.02"
"2845","347-W2021009-208_R1_10dpi","Jan25_15-51-04_2024_up0.8_dwn0.2_salth0.7","computer_vision","3","53.23"
"2846","347-W2021009-208_R1_10dpi","Jan29_16-28-38_2024_up0.8_dwn0.3_salth0.7","computer_vision","2","40.29"
"2847","347-W2021009-208_R1_10dpi","Feb01_00-00-41_2024_up0.8_dwn0.3_salth0.7","computer_vision","3","68.5"
"2848","347-W2021009-208_R1_10dpi","Feb01_00-00-41_2024_up0.7_dwn0.3_salth0.7","computer_vision","3","71.57"
"2849","347-W2021009-208_R1_10dpi","Feb03_04-58-39_2024_up0.8_dwn0.3_salth0.7","computer_vision","2","41.27"
"2850","002-W2021006-081_R1_5dpi","Feb03_16-24-20_2024_up0.8_dwn0.3_salth0.7","computer_vision","2","0"
"2851","002-W2021010-336_R2_5dpi","Feb03_16-24-20_2024_up0.8_dwn0.3_salth0.7","computer_vision","2","1.68"
"2852","005-W2021011-592_R2_5dpi","Feb03_16-24-20_2024_up0.8_dwn0.3_salth0.7","computer_vision","2","0.71"
"2853","009-W2021010-311_R2_5dpi","Feb03_16-24-20_2024_up0.8_dwn0.3_salth0.7","computer_vision","2","17.39"
"2854","010-W2021010-347_R2_5dpi","Feb03_16-24-20_2024_up0.8_dwn0.3_salth0.7","computer_vision","2","21.89"
"2855","013-W2021009-172_R2_5dpi","Feb03_16-24-20_2024_up0.8_dwn0.3_salth0.7","computer_vision","2","0.45"
"2856","015-W2021009-160_R1_5dpi","Feb03_16-24-20_2024_up0.8_dwn0.3_salth0.7","computer_vision","2","23.13"
"2857","015-W2021011-633_R1_5dpi","Feb03_16-24-20_2024_up0.8_dwn0.3_salth0.7","computer_vision","2","13.84"
"2858","017-W2021006-612_R2_5dpi","Feb03_16-24-20_2024_up0.8_dwn0.3_salth0.7","computer_vision","2","23.96"
"2859","019-W2021010-428_R2_5dpi","Feb03_16-24-20_2024_up0.8_dwn0.3_salth0.7","computer_vision","2","0"
"2860","021-W2021009-175_R1_5dpi","Feb03_16-24-20_2024_up0.8_dwn0.3_salth0.7","computer_vision","2","1.45"
"2861","022-W2021009-198_R2_5dpi","Feb03_16-24-20_2024_up0.8_dwn0.3_salth0.7","computer_vision","2","5.08"
"2862","023-W2021006-049_R1_5dpi","Feb03_16-24-20_2024_up0.8_dwn0.3_salth0.7","computer_vision","2","14.41"
"2863","023-W2021010-305_R2_5dpi","Feb03_16-24-20_2024_up0.8_dwn0.3_salth0.7","computer_vision","2","3.09"
"2864","026-W2021009-622_R2_5dpi","Feb03_16-24-20_2024_up0.8_dwn0.3_salth0.7","computer_vision","2","17.66"
"2865","032-W2021006-041_R2_5dpi","Feb03_16-24-20_2024_up0.8_dwn0.3_salth0.7","computer_vision","2","7.42"
"2866","032-W2021009-155_R1_5dpi","Feb03_16-24-20_2024_up0.8_dwn0.3_salth0.7","computer_vision","2","82.87"
"2867","036-W2021006-047_R2_5dpi","Feb03_16-24-20_2024_up0.8_dwn0.3_salth0.7","computer_vision","2","0.45"
"2868","040-W2021009-207_R1_5dpi","Feb03_16-24-20_2024_up0.8_dwn0.3_salth0.7","computer_vision","2","17.65"
"2869","042-W2021010-429_R1_5dpi","Feb03_16-24-20_2024_up0.8_dwn0.3_salth0.7","computer_vision","2","47.39"
"2870","044-W2021009-169_R2_5dpi","Feb03_16-24-20_2024_up0.8_dwn0.3_salth0.7","computer_vision","2","0.15"
"2871","044-W2021009-618_R1_5dpi","Feb03_16-24-20_2024_up0.8_dwn0.3_salth0.7","computer_vision","2","13.7"
"2872","047-W2021011-482_R1_5dpi","Feb03_16-24-20_2024_up0.8_dwn0.3_salth0.7","computer_vision","2","32.76"
"2873","048-W2021006-147_R1_5dpi","Feb03_16-24-20_2024_up0.8_dwn0.3_salth0.7","computer_vision","2","5.29"
"2874","052-W2021006-004_R2_5dpi","Feb03_16-24-20_2024_up0.8_dwn0.3_salth0.7","computer_vision","2","0"
"2875","055-W2021010-341_R2_5dpi","Feb03_16-24-20_2024_up0.8_dwn0.3_salth0.7","computer_vision","2","0.62"
"2876","055-W2021010-397_R2_5dpi","Feb03_16-24-20_2024_up0.8_dwn0.3_salth0.7","computer_vision","2","4.32"
"2877","056-W2021006-609_R1_5dpi","Feb03_16-24-20_2024_up0.8_dwn0.3_salth0.7","computer_vision","2","13.01"
"2878","059-W2021010-434_R1_5dpi","Feb03_16-24-20_2024_up0.8_dwn0.3_salth0.7","computer_vision","2","0.28"
"2879","060-W2021010-324_R2_5dpi","Feb03_16-24-20_2024_up0.8_dwn0.3_salth0.7","computer_vision","2","0.3"
"2880","061-W2021011-483_R1_5dpi","Feb03_16-24-20_2024_up0.8_dwn0.3_salth0.7","computer_vision","2","3.39"
"2881","070-W2021011-486_R2_5dpi","Feb03_16-24-20_2024_up0.8_dwn0.3_salth0.7","computer_vision","2","38.34"
"2882","071-W2021010-323_R1_5dpi","Feb03_16-24-20_2024_up0.8_dwn0.3_salth0.7","computer_vision","2","62.18"
"2883","077-W2021010-351_R2_5dpi","Feb03_16-24-20_2024_up0.8_dwn0.3_salth0.7","computer_vision","2","0"
"2884","084-W2021010-319_R1_5dpi","Feb03_16-24-20_2024_up0.8_dwn0.3_salth0.7","computer_vision","2","3.73"
"2885","085-W2021010-630_R1_5dpi","Feb03_16-24-20_2024_up0.8_dwn0.3_salth0.7","computer_vision","2","0"
"2886","091-W2021006-056_R2_5dpi","Feb03_16-24-20_2024_up0.8_dwn0.3_salth0.7","computer_vision","2","1.57"
"2887","094-W2021010-315_R2_5dpi","Feb03_16-24-20_2024_up0.8_dwn0.3_salth0.7","computer_vision","2","0.45"
"2888","095-W2021011-553_R2_5dpi","Feb03_16-24-20_2024_up0.8_dwn0.3_salth0.7","computer_vision","2","0.67"
"2889","097-W2021006-617_R2_5dpi","Feb03_16-24-20_2024_up0.8_dwn0.3_salth0.7","computer_vision","2","18.53"
"2890","097-W2021009-163_R1_5dpi","Feb03_16-24-20_2024_up0.8_dwn0.3_salth0.7","computer_vision","2","53.51"
"2891","099-W2021006-611_R2_5dpi","Feb03_16-24-20_2024_up0.8_dwn0.3_salth0.7","computer_vision","2","24.27"
"2892","101-W2021011-565_R1_5dpi","Feb03_16-24-20_2024_up0.8_dwn0.3_salth0.7","computer_vision","2","78.18"
"2893","105-W2021011-558_R1_5dpi","Feb03_16-24-20_2024_up0.8_dwn0.3_salth0.7","computer_vision","2","0.65"
"2894","110-W2021011-454_R2_5dpi","Feb03_16-24-20_2024_up0.8_dwn0.3_salth0.7","computer_vision","2","7.74"
"2895","111-W2021011-588_R2_5dpi","Feb03_16-24-20_2024_up0.8_dwn0.3_salth0.7","computer_vision","2","2.09"
"2896","121-W2021009-185_R1_5dpi","Feb03_16-24-20_2024_up0.8_dwn0.3_salth0.7","computer_vision","2","7.04"
"2897","123-W2021009-255_R2_5dpi","Feb03_16-24-20_2024_up0.8_dwn0.3_salth0.7","computer_vision","2","6.08"
"2898","123-W2021009-621_R2_5dpi","Feb03_16-24-20_2024_up0.8_dwn0.3_salth0.7","computer_vision","2","5.7"
"2899","127-W2021006-143_R2_5dpi","Feb03_16-24-20_2024_up0.8_dwn0.3_salth0.7","computer_vision","2","0.31"
"2900","127-W2021009-292_R2_5dpi","Feb03_16-24-20_2024_up0.8_dwn0.3_salth0.7","computer_vision","2","80.53"
"2901","128-W2021006-013_R1_5dpi","Feb03_16-24-20_2024_up0.8_dwn0.3_salth0.7","computer_vision","2","68.2"
"2902","129-W2021006-119_R2_5dpi","Feb03_16-24-20_2024_up0.8_dwn0.3_salth0.7","computer_vision","2","6.41"
"2903","132-W2021010-399_R1_5dpi","Feb03_16-24-20_2024_up0.8_dwn0.3_salth0.7","computer_vision","2","0.62"
"2904","132-W2021011-644_R2_5dpi","Feb03_16-24-20_2024_up0.8_dwn0.3_salth0.7","computer_vision","2","8.21"
"2905","134-W2021006-001_R1_5dpi","Feb03_16-24-20_2024_up0.8_dwn0.3_salth0.7","computer_vision","2","38.96"
"2906","134-W2021009-275_R1_5dpi","Feb03_16-24-20_2024_up0.8_dwn0.3_salth0.7","computer_vision","2","21.71"
"2907","137-W2021010-342_R2_5dpi","Feb03_16-24-20_2024_up0.8_dwn0.3_salth0.7","computer_vision","2","0.76"
"2908","138-W2021010-446_R1_5dpi","Feb03_16-24-20_2024_up0.8_dwn0.3_salth0.7","computer_vision","2","1.56"
"2909","141-W2021009-274_R1_5dpi","Feb03_16-24-20_2024_up0.8_dwn0.3_salth0.7","computer_vision","2","83.71"
"2910","143-W2021010-313_R2_5dpi","Feb03_16-24-20_2024_up0.8_dwn0.3_salth0.7","computer_vision","2","0"
"2911","148-W2021011-462_R2_5dpi","Feb03_16-24-20_2024_up0.8_dwn0.3_salth0.7","computer_vision","2","18.38"
"2912","149-W2021010-417_R1_5dpi","Feb03_16-24-20_2024_up0.8_dwn0.3_salth0.7","computer_vision","2","8.93"
"2913","154-W2021010-419_R1_5dpi","Feb03_16-24-20_2024_up0.8_dwn0.3_salth0.7","computer_vision","2","0.15"
"2914","155-W2021011-639_R1_5dpi","Feb03_16-24-20_2024_up0.8_dwn0.3_salth0.7","computer_vision","2","2.34"
"2915","156-W2021009-276_R2_5dpi","Feb03_16-24-20_2024_up0.8_dwn0.3_salth0.7","computer_vision","2","6.37"
"2916","158-W2021006-114_R1_5dpi","Feb03_16-24-20_2024_up0.8_dwn0.3_salth0.7","computer_vision","2","48.9"
"2917","167-W2021006-003_R2_5dpi","Feb03_16-24-20_2024_up0.8_dwn0.3_salth0.7","computer_vision","2","1.68"
"2918","169-W2021009-623_R2_5dpi","Feb03_16-24-20_2024_up0.8_dwn0.3_salth0.7","computer_vision","2","79.26"
"2919","169-W2021011-477_R1_5dpi","Feb03_16-24-20_2024_up0.8_dwn0.3_salth0.7","computer_vision","2","33.11"
"2920","172-W2021011-557_R2_5dpi","Feb03_16-24-20_2024_up0.8_dwn0.3_salth0.7","computer_vision","2","6.43"
"2921","173-W2021006-127_R2_5dpi","Feb03_16-24-20_2024_up0.8_dwn0.3_salth0.7","computer_vision","2","0.44"
"2922","174-W2021009-156_R2_5dpi","Feb03_16-24-20_2024_up0.8_dwn0.3_salth0.7","computer_vision","2","9.77"
"2923","176-W2021009-256_R2_5dpi","Feb03_16-24-20_2024_up0.8_dwn0.3_salth0.7","computer_vision","2","1.08"
"2924","177-W2021009-194_R1_5dpi","Feb03_16-24-20_2024_up0.8_dwn0.3_salth0.7","computer_vision","2","8.59"
"2925","180-W2021009-152_R1_5dpi","Feb03_16-24-20_2024_up0.8_dwn0.3_salth0.7","computer_vision","2","16.14"
"2926","180-W2021011-476_R2_5dpi","Feb03_16-24-20_2024_up0.8_dwn0.3_salth0.7","computer_vision","2","85.18"
"2927","182-W2021009-251_R1_5dpi","Feb03_16-24-20_2024_up0.8_dwn0.3_salth0.7","computer_vision","2","0.55"
"2928","183-W2021009-295_R1_5dpi","Feb03_16-24-20_2024_up0.8_dwn0.3_salth0.7","computer_vision","2","2.75"
"2929","185-W2021009-199_R1_5dpi","Feb03_16-24-20_2024_up0.8_dwn0.3_salth0.7","computer_vision","2","6.36"
"2930","185-W2021009-291_R2_5dpi","Feb03_16-24-20_2024_up0.8_dwn0.3_salth0.7","computer_vision","2","3.39"
"2931","187-W2021010-348_R2_5dpi","Feb03_16-24-20_2024_up0.8_dwn0.3_salth0.7","computer_vision","2","68.91"
"2932","191-W2021010-426_R2_5dpi","Feb03_16-24-20_2024_up0.8_dwn0.3_salth0.7","computer_vision","2","0.4"
"2933","191-W2021010-449_R1_5dpi","Feb03_16-24-20_2024_up0.8_dwn0.3_salth0.7","computer_vision","2","21.49"
"2934","192-W2021006-005_R1_5dpi","Feb03_16-24-20_2024_up0.8_dwn0.3_salth0.7","computer_vision","2","2.3"
"2935","206-W2021010-344_R1_5dpi","Feb03_16-24-20_2024_up0.8_dwn0.3_salth0.7","computer_vision","2","0.16"
"2936","207-W2021009-287_R2_5dpi","Feb03_16-24-20_2024_up0.8_dwn0.3_salth0.7","computer_vision","2","0.29"
"2937","208-W2021009-268_R2_5dpi","Feb03_16-24-20_2024_up0.8_dwn0.3_salth0.7","computer_vision","2","28.28"
"2938","209-W2021010-439_R2_5dpi","Feb03_16-24-20_2024_up0.8_dwn0.3_salth0.7","computer_vision","2","35.14"
"2939","211-W2021011-598_R2_5dpi","Feb03_16-24-20_2024_up0.8_dwn0.3_salth0.7","computer_vision","2","11.1"
"2940","215-W2021006-045_R2_5dpi","Feb03_16-24-20_2024_up0.8_dwn0.3_salth0.7","computer_vision","2","7.04"
"2941","223-W2021010-442_R2_5dpi","Feb03_16-24-20_2024_up0.8_dwn0.3_salth0.7","computer_vision","2","37.27"
"2942","226-W2021010-435_R1_5dpi","Feb03_16-24-20_2024_up0.8_dwn0.3_salth0.7","computer_vision","2","2.01"
"2943","230-W2021010-373_R2_5dpi","Feb03_16-24-20_2024_up0.8_dwn0.3_salth0.7","computer_vision","2","98.54"
"2944","233-W2021009-215_R2_5dpi","Feb03_16-24-20_2024_up0.8_dwn0.3_salth0.7","computer_vision","2","12.94"
"2945","240-Symphony_R2_5dpi","Feb03_16-24-20_2024_up0.8_dwn0.3_salth0.7","computer_vision","2","81.8"
"2946","254-W2021010-352_R2_5dpi","Feb03_16-24-20_2024_up0.8_dwn0.3_salth0.7","computer_vision","2","0"
"2947","266-W2021009-193_R1_5dpi","Feb03_16-24-20_2024_up0.8_dwn0.3_salth0.7","computer_vision","2","2.9"
"2948","313-W2021010-343_R1_5dpi","Feb03_16-24-20_2024_up0.8_dwn0.3_salth0.7","computer_vision","2","0.33"
"2949","336-W2021011-506_R2_5dpi","Feb03_16-24-20_2024_up0.8_dwn0.3_salth0.7","computer_vision","2","39.5"
"2950","001-W2021006-099_R2_10dpi","Feb03_16-24-20_2024_up0.8_dwn0.3_salth0.7","computer_vision","2","0.47"
"2951","003-W2021006-150_R1_10dpi","Feb03_16-24-20_2024_up0.8_dwn0.3_salth0.7","computer_vision","2","1.13"
"2952","004-NUGGET_R2_10dpi","Feb03_16-24-20_2024_up0.8_dwn0.3_salth0.7","computer_vision","2","36.4"
"2953","012-W2021011-458_R2_10dpi","Feb03_16-24-20_2024_up0.8_dwn0.3_salth0.7","computer_vision","2","0"
"2954","013-W2021009-172_R1_10dpi","Feb03_16-24-20_2024_up0.8_dwn0.3_salth0.7","computer_vision","2","4.6"
"2955","013-W2021011-633_R2_10dpi","Feb03_16-24-20_2024_up0.8_dwn0.3_salth0.7","computer_vision","2","24.45"
"2956","015-W2021010-355_R2_10dpi","Feb03_16-24-20_2024_up0.8_dwn0.3_salth0.7","computer_vision","2","2.45"
"2957","017-W2021010-405_R2_10dpi","Feb03_16-24-20_2024_up0.8_dwn0.3_salth0.7","computer_vision","2","0"
"2958","018-W2021010-405_R1_10dpi","Feb03_16-24-20_2024_up0.8_dwn0.3_salth0.7","computer_vision","2","2.6"
"2959","018-W2021010-405_R2_10dpi","Feb03_16-24-20_2024_up0.8_dwn0.3_salth0.7","computer_vision","2","0"
"2960","025-W2021009-622_R1_10dpi","Feb03_16-24-20_2024_up0.8_dwn0.3_salth0.7","computer_vision","2","83.38"
"2961","026-W2021010-346_R2_10dpi","Feb03_16-24-20_2024_up0.8_dwn0.3_salth0.7","computer_vision","2","0.14"
"2962","027-W2021009-622_R2_10dpi","Feb03_16-24-20_2024_up0.8_dwn0.3_salth0.7","computer_vision","2","53.04"
"2963","028-W2021010-354_R2_10dpi","Feb03_16-24-20_2024_up0.8_dwn0.3_salth0.7","computer_vision","2","19.79"
"2964","029-W2021010-354_R1_10dpi","Feb03_16-24-20_2024_up0.8_dwn0.3_salth0.7","computer_vision","2","56.73"
"2965","037-W2021009-198_R2_10dpi","Feb03_16-24-20_2024_up0.8_dwn0.3_salth0.7","computer_vision","2","0.32"
"2966","037-W2021009-277_R1_10dpi","Feb03_16-24-20_2024_up0.8_dwn0.3_salth0.7","computer_vision","2","88.49"
"2967","042-W2021006-015_R1_10dpi","Feb03_16-24-20_2024_up0.8_dwn0.3_salth0.7","computer_vision","2","11.09"
"2968","046-W2021009-208_R2_10dpi","Feb03_16-24-20_2024_up0.8_dwn0.3_salth0.7","computer_vision","2","3.07"
"2969","049-W2021011-583_R1_10dpi","Feb03_16-24-20_2024_up0.8_dwn0.3_salth0.7","computer_vision","2","27.8"
"2970","051-W2021010-443_R1_10dpi","Feb03_16-24-20_2024_up0.8_dwn0.3_salth0.7","computer_vision","2","0.15"
"2971","051-W2021011-583_R1_10dpi","Feb03_16-24-20_2024_up0.8_dwn0.3_salth0.7","computer_vision","2","86.75"
"2972","051-W2021011-583_R2_10dpi","Feb03_16-24-20_2024_up0.8_dwn0.3_salth0.7","computer_vision","2","29.13"
"2973","057-W2021011-504_R2_10dpi","Feb03_16-24-20_2024_up0.8_dwn0.3_salth0.7","computer_vision","2","3.87"
"2974","061-W2021011-483_R1_10dpi","Feb03_16-24-20_2024_up0.8_dwn0.3_salth0.7","computer_vision","2","12.16"
"2975","062-W2021010-432_R2_10dpi","Feb03_16-24-20_2024_up0.8_dwn0.3_salth0.7","computer_vision","2","54.59"
"2976","062-W2021011-483_R2_10dpi","Feb03_16-24-20_2024_up0.8_dwn0.3_salth0.7","computer_vision","2","52.85"
"2977","063-W2021011-594_R1_10dpi","Feb03_16-24-20_2024_up0.8_dwn0.3_salth0.7","computer_vision","2","53.8"
"2978","068-W2021011-574_R2_10dpi","Feb03_16-24-20_2024_up0.8_dwn0.3_salth0.7","computer_vision","2","36.98"
"2979","069-W2021011-574_R1_10dpi","Feb03_16-24-20_2024_up0.8_dwn0.3_salth0.7","computer_vision","2","10.69"
"2980","071-W2021006-142_R1_10dpi","Feb03_16-24-20_2024_up0.8_dwn0.3_salth0.7","computer_vision","2","42.08"
"2981","080-W2021011-586_R2_10dpi","Feb03_16-24-20_2024_up0.8_dwn0.3_salth0.7","computer_vision","2","93.16"
"2982","088-W2021009-288_R2_10dpi","Feb03_16-24-20_2024_up0.8_dwn0.3_salth0.7","computer_vision","2","90.18"
"2983","091-W2021010-394_R2_10dpi","Feb03_16-24-20_2024_up0.8_dwn0.3_salth0.7","computer_vision","2","0.27"
"2984","092-W2021010-394_R1_10dpi","Feb03_16-24-20_2024_up0.8_dwn0.3_salth0.7","computer_vision","2","10.54"
"2985","095-W2021009-283_R1_10dpi","Feb03_16-24-20_2024_up0.8_dwn0.3_salth0.7","computer_vision","2","6.46"
"2986","097-W2021006-126_R2_10dpi","Feb03_16-24-20_2024_up0.8_dwn0.3_salth0.7","computer_vision","2","86.26"
"2987","097-W2021006-611_R1_10dpi","Feb03_16-24-20_2024_up0.8_dwn0.3_salth0.7","computer_vision","2","100"
"2988","098-W2021006-126_R1_10dpi","Feb03_16-24-20_2024_up0.8_dwn0.3_salth0.7","computer_vision","2","79.51"
"2989","099-W2021006-611_R2_10dpi","Feb03_16-24-20_2024_up0.8_dwn0.3_salth0.7","computer_vision","2","26.44"
"2990","102-W2021011-565_R2_10dpi","Feb03_16-24-20_2024_up0.8_dwn0.3_salth0.7","computer_vision","2","90.41"
"2991","103-W2021011-591_R2_10dpi","Feb03_16-24-20_2024_up0.8_dwn0.3_salth0.7","computer_vision","2","44.35"
"2992","105-W2021010-625_R1_10dpi","Feb03_16-24-20_2024_up0.8_dwn0.3_salth0.7","computer_vision","2","60"
"2993","108-W2021011-550_R2_10dpi","Feb03_16-24-20_2024_up0.8_dwn0.3_salth0.7","computer_vision","2","12.01"
"2994","109-W2021006-102_R2_10dpi","Feb03_16-24-20_2024_up0.8_dwn0.3_salth0.7","computer_vision","2","94.93"
"2995","112-W2021006-046_R1_10dpi","Feb03_16-24-20_2024_up0.8_dwn0.3_salth0.7","computer_vision","2","2.05"
"2996","112-W2021011-554_R1_10dpi","Feb03_16-24-20_2024_up0.8_dwn0.3_salth0.7","computer_vision","2","13.82"
"2997","115-W2021011-638_R1_10dpi","Feb03_16-24-20_2024_up0.8_dwn0.3_salth0.7","computer_vision","2","50.42"
"2998","116-W2021011-504_R2_10dpi","Feb03_16-24-20_2024_up0.8_dwn0.3_salth0.7","computer_vision","2","4.08"
"2999","117-W2021011-504_R1_10dpi","Feb03_16-24-20_2024_up0.8_dwn0.3_salth0.7","computer_vision","2","3.11"
"3000","119-W2021009-171_R2_10dpi","Feb03_16-24-20_2024_up0.8_dwn0.3_salth0.7","computer_vision","2","29.12"
"3001","119-W2021009-299_R2_10dpi","Feb03_16-24-20_2024_up0.8_dwn0.3_salth0.7","computer_vision","2","74.71"
"3002","122-W2021009-267_R2_10dpi","Feb03_16-24-20_2024_up0.8_dwn0.3_salth0.7","computer_vision","2","1.29"
"3003","124-W2021009-278_R1_10dpi","Feb03_16-24-20_2024_up0.8_dwn0.3_salth0.7","computer_vision","2","35.1"
"3004","126-W2021009-278_R2_10dpi","Feb03_16-24-20_2024_up0.8_dwn0.3_salth0.7","computer_vision","2","39.38"
"3005","131-W2021009-252_R2_10dpi","Feb03_16-24-20_2024_up0.8_dwn0.3_salth0.7","computer_vision","2","5.82"
"3006","132-W2021009-252_R1_10dpi","Feb03_16-24-20_2024_up0.8_dwn0.3_salth0.7","computer_vision","2","0.31"
"3007","135-W2021011-581_R1_10dpi","Feb03_16-24-20_2024_up0.8_dwn0.3_salth0.7","computer_vision","2","35.23"
"3008","137-W2021006-128_R2_10dpi","Feb03_16-24-20_2024_up0.8_dwn0.3_salth0.7","computer_vision","2","91.73"
"3009","146-W2021006-613_R1_10dpi","Feb03_16-24-20_2024_up0.8_dwn0.3_salth0.7","computer_vision","2","54.97"
"3010","149-W2021011-462_R1_10dpi","Feb03_16-24-20_2024_up0.8_dwn0.3_salth0.7","computer_vision","2","80.13"
"3011","151-W2021011-479_R2_10dpi","Feb03_16-24-20_2024_up0.8_dwn0.3_salth0.7","computer_vision","2","98.91"
"3012","152-W2021010-301_R2_10dpi","Feb03_16-24-20_2024_up0.8_dwn0.3_salth0.7","computer_vision","2","0.14"
"3013","152-W2021011-479_R1_10dpi","Feb03_16-24-20_2024_up0.8_dwn0.3_salth0.7","computer_vision","2","38.93"
"3014","154-W2021010-419_R2_10dpi","Feb03_16-24-20_2024_up0.8_dwn0.3_salth0.7","computer_vision","2","0.16"
"3015","162-W2021011-551_R2_10dpi","Feb03_16-24-20_2024_up0.8_dwn0.3_salth0.7","computer_vision","2","82.5"
"3016","166-W2021006-123_R1_10dpi","Feb03_16-24-20_2024_up0.8_dwn0.3_salth0.7","computer_vision","2","0.49"
"3017","166-W2021006-146_R1_10dpi","Feb03_16-24-20_2024_up0.8_dwn0.3_salth0.7","computer_vision","2","47.63"
"3018","166-W2021006-146_R2_10dpi","Feb03_16-24-20_2024_up0.8_dwn0.3_salth0.7","computer_vision","2","12.08"
"3019","171-W2021011-584_R1_10dpi","Feb03_16-24-20_2024_up0.8_dwn0.3_salth0.7","computer_vision","2","58.35"
"3020","171-W2021011-584_R2_10dpi","Feb03_16-24-20_2024_up0.8_dwn0.3_salth0.7","computer_vision","2","96.63"
"3021","172-W2021009-156_R2_10dpi","Feb03_16-24-20_2024_up0.8_dwn0.3_salth0.7","computer_vision","2","2.35"
"3022","176-W2021009-256_R2_10dpi","Feb03_16-24-20_2024_up0.8_dwn0.3_salth0.7","computer_vision","2","0.74"
"3023","177-W2021009-194_R2_10dpi","Feb03_16-24-20_2024_up0.8_dwn0.3_salth0.7","computer_vision","2","84.41"
"3024","177-W2021009-256_R1_10dpi","Feb03_16-24-20_2024_up0.8_dwn0.3_salth0.7","computer_vision","2","3.93"
"3025","181-W2021009-251_R2_10dpi","Feb03_16-24-20_2024_up0.8_dwn0.3_salth0.7","computer_vision","2","4.72"
"3026","181-W2021009-295_R2_10dpi","Feb03_16-24-20_2024_up0.8_dwn0.3_salth0.7","computer_vision","2","20.77"
"3027","182-W2021009-251_R1_10dpi","Feb03_16-24-20_2024_up0.8_dwn0.3_salth0.7","computer_vision","2","2.89"
"3028","184-W2021009-199_R1_10dpi","Feb03_16-24-20_2024_up0.8_dwn0.3_salth0.7","computer_vision","2","25.13"
"3029","189-W2021009-257_R2_10dpi","Feb03_16-24-20_2024_up0.8_dwn0.3_salth0.7","computer_vision","2","99.86"
"3030","190-W2021010-449_R1_10dpi","Feb03_16-24-20_2024_up0.8_dwn0.3_salth0.7","computer_vision","2","34.57"
"3031","192-W2021010-449_R2_10dpi","Feb03_16-24-20_2024_up0.8_dwn0.3_salth0.7","computer_vision","2","63.07"
"3032","193-W2021010-415_R1_10dpi","Feb03_16-24-20_2024_up0.8_dwn0.3_salth0.7","computer_vision","2","1.05"
"3033","194-W2021010-339_R2_10dpi","Feb03_16-24-20_2024_up0.8_dwn0.3_salth0.7","computer_vision","2","0.78"
"3034","206-W2021009-271_R2_10dpi","Feb03_16-24-20_2024_up0.8_dwn0.3_salth0.7","computer_vision","2","81.93"
"3035","207-W2021009-271_R1_10dpi","Feb03_16-24-20_2024_up0.8_dwn0.3_salth0.7","computer_vision","2","35.36"
"3036","207-W2021009-287_R1_10dpi","Feb03_16-24-20_2024_up0.8_dwn0.3_salth0.7","computer_vision","2","7.69"
"3037","209-W2021010-439_R2_10dpi","Feb03_16-24-20_2024_up0.8_dwn0.3_salth0.7","computer_vision","2","49.83"
"3038","214-W2021006-045_R2_10dpi","Feb03_16-24-20_2024_up0.8_dwn0.3_salth0.7","computer_vision","2","23.31"
"3039","215-W2021006-045_R1_10dpi","Feb03_16-24-20_2024_up0.8_dwn0.3_salth0.7","computer_vision","2","74.92"
"3040","225-W2021010-327_R2_10dpi","Feb03_16-24-20_2024_up0.8_dwn0.3_salth0.7","computer_vision","2","77.19"
"3041","226-W2021009-177_R1_10dpi","Feb03_16-24-20_2024_up0.8_dwn0.3_salth0.7","computer_vision","2","7.15"
"3042","233-W2021006-607_R1_10dpi","Feb03_16-24-20_2024_up0.8_dwn0.3_salth0.7","computer_vision","2","10.03"
"3043","238-W2021009-192_R1_10dpi","Feb03_16-24-20_2024_up0.8_dwn0.3_salth0.7","computer_vision","2","77.83"
"3044","242-W2021006-132_R2_10dpi","Feb03_16-24-20_2024_up0.8_dwn0.3_salth0.7","computer_vision","2","99.13"
"3045","262-W2021009-187_R2_10dpi","Feb03_16-24-20_2024_up0.8_dwn0.3_salth0.7","computer_vision","2","77.3"
"3046","264-W2021009-187_R1_10dpi","Feb03_16-24-20_2024_up0.8_dwn0.3_salth0.7","computer_vision","2","23.41"
"3047","285-W2021006-040_R2_10dpi","Feb03_16-24-20_2024_up0.8_dwn0.3_salth0.7","computer_vision","2","28.14"
"3048","293-W2021006-054_R1_10dpi","Feb03_16-24-20_2024_up0.8_dwn0.3_salth0.7","computer_vision","2","36.27"
"3049","311-W2021010-326_R2_10dpi","Feb03_16-24-20_2024_up0.8_dwn0.3_salth0.7","computer_vision","2","0"
"3050","319-W2021010-332_R1_10dpi","Feb03_16-24-20_2024_up0.8_dwn0.3_salth0.7","computer_vision","2","1.06"
"3051","331-W2021011-485_R2_10dpi","Feb03_16-24-20_2024_up0.8_dwn0.3_salth0.7","computer_vision","2","2.47"
"3052","333-W2021011-485_R1_10dpi","Feb03_16-24-20_2024_up0.8_dwn0.3_salth0.7","computer_vision","2","0.29"
"3053","342-W2021010-346_R2_10dpi","Feb03_16-24-20_2024_up0.8_dwn0.3_salth0.7","computer_vision","2","0.16"
"3054","347-W2021009-208_R1_10dpi","Feb03_16-24-20_2024_up0.8_dwn0.3_salth0.7","computer_vision","2","43.83"
"3055","046-W2021009-208_R2_10dpi","Feb14_15-53-04_2024_up0.5_dwn0.1_salth0.7","computer_vision","2","4.56"
"3056","151-W2021011-479_R2_10dpi","Feb14_15-53-04_2024_up0.5_dwn0.1_salth0.7","computer_vision","2","100"
"3057","152-W2021010-301_R2_10dpi","Feb14_15-53-04_2024_up0.5_dwn0.1_salth0.7","computer_vision","2","0.28"
"3058","152-W2021011-479_R1_10dpi","Feb14_15-53-04_2024_up0.5_dwn0.1_salth0.7","computer_vision","2","44.77"
"3059","162-W2021011-551_R2_10dpi","Feb14_15-53-04_2024_up0.5_dwn0.1_salth0.7","computer_vision","2","87.43"
"3060","166-W2021006-123_R1_10dpi","Feb14_15-53-04_2024_up0.5_dwn0.1_salth0.7","computer_vision","2","1.44"
"3061","166-W2021006-146_R1_10dpi","Feb14_15-53-04_2024_up0.5_dwn0.1_salth0.7","computer_vision","2","56.67"
"3062","166-W2021006-146_R2_10dpi","Feb14_15-53-04_2024_up0.5_dwn0.1_salth0.7","computer_vision","2","15.81"
"3063","171-W2021011-584_R1_10dpi","Feb14_15-53-04_2024_up0.5_dwn0.1_salth0.7","computer_vision","2","74.43"
"3064","181-W2021009-295_R2_10dpi","Feb14_15-53-04_2024_up0.5_dwn0.1_salth0.7","computer_vision","2","28.59"
"3065","182-W2021009-251_R1_10dpi","Feb14_15-53-04_2024_up0.5_dwn0.1_salth0.7","computer_vision","2","7.52"
"3066","192-W2021010-449_R2_10dpi","Feb14_15-53-04_2024_up0.5_dwn0.1_salth0.7","computer_vision","2","69.82"
"3067","206-W2021009-271_R2_10dpi","Feb14_15-53-04_2024_up0.5_dwn0.1_salth0.7","computer_vision","2","88.24"
"3068","207-W2021009-271_R1_10dpi","Feb14_15-53-04_2024_up0.5_dwn0.1_salth0.7","computer_vision","2","42.71"
"3069","233-W2021006-607_R1_10dpi","Feb14_15-53-04_2024_up0.5_dwn0.1_salth0.7","computer_vision","2","21.37"
"3070","005-W2021011-592_R2_5dpi","Feb14_15-53-04_2024_up0.5_dwn0.1_salth0.7","computer_vision","2","1.3"
"3071","022-W2021009-198_R2_5dpi","Feb14_15-53-04_2024_up0.5_dwn0.1_salth0.7","computer_vision","2","4.17"
"3072","047-W2021011-482_R1_5dpi","Feb14_15-53-04_2024_up0.5_dwn0.1_salth0.7","computer_vision","2","40.43"
"3073","055-W2021010-397_R2_5dpi","Feb14_15-53-04_2024_up0.5_dwn0.1_salth0.7","computer_vision","2","8.07"
"3074","121-W2021009-185_R1_5dpi","Feb14_15-53-04_2024_up0.5_dwn0.1_salth0.7","computer_vision","2","0.86"
"3075","128-W2021006-013_R1_5dpi","Feb14_15-53-04_2024_up0.5_dwn0.1_salth0.7","computer_vision","2","77.76"
"3076","149-W2021010-417_R1_5dpi","Feb14_15-53-04_2024_up0.5_dwn0.1_salth0.7","computer_vision","2","10.92"
"3077","156-W2021009-276_R2_5dpi","Feb14_15-53-04_2024_up0.5_dwn0.1_salth0.7","computer_vision","2","10.75"
"3078","172-W2021011-557_R2_5dpi","Feb14_15-53-04_2024_up0.5_dwn0.1_salth0.7","computer_vision","2","8.64"
"3079","180-W2021011-476_R2_5dpi","Feb14_15-53-04_2024_up0.5_dwn0.1_salth0.7","computer_vision","2","52.14"
"3080","183-W2021009-295_R1_5dpi","Feb14_15-53-04_2024_up0.5_dwn0.1_salth0.7","computer_vision","2","8.06"
"3081","187-W2021010-348_R2_5dpi","Feb14_15-53-04_2024_up0.5_dwn0.1_salth0.7","computer_vision","2","77.87"
"3082","206-W2021010-344_R1_5dpi","Feb14_15-53-04_2024_up0.5_dwn0.1_salth0.7","computer_vision","2","1.76"
"3083","208-W2021009-268_R2_5dpi","Feb14_15-53-04_2024_up0.5_dwn0.1_salth0.7","computer_vision","2","34.25"
"3084","254-W2021010-352_R2_5dpi","Feb14_15-53-04_2024_up0.5_dwn0.1_salth0.7","computer_vision","2","0.8"
"3085","046-W2021009-208_R2_10dpi","Jan22_10-21-00_2026_up0.5_dwn0.1_infg0.3_spth0.7_salth0.7","computer_vision","3","5.39"
"3086","151-W2021011-479_R2_10dpi","Jan22_10-21-00_2026_up0.5_dwn0.1_infg0.3_spth0.7_salth0.7","computer_vision","3","99.36"
"3087","152-W2021010-301_R2_10dpi","Jan22_10-21-00_2026_up0.5_dwn0.1_infg0.3_spth0.7_salth0.7","computer_vision","3","2.39"
"3088","152-W2021011-479_R1_10dpi","Jan22_10-21-00_2026_up0.5_dwn0.1_infg0.3_spth0.7_salth0.7","computer_vision","3","44.96"
"3089","162-W2021011-551_R2_10dpi","Jan22_10-21-00_2026_up0.5_dwn0.1_infg0.3_spth0.7_salth0.7","computer_vision","3","84.53"
"3090","166-W2021006-123_R1_10dpi","Jan22_10-21-00_2026_up0.5_dwn0.1_infg0.3_spth0.7_salth0.7","computer_vision","3","2.03"
"3091","166-W2021006-146_R1_10dpi","Jan22_10-21-00_2026_up0.5_dwn0.1_infg0.3_spth0.7_salth0.7","computer_vision","3","55.13"
"3092","166-W2021006-146_R2_10dpi","Jan22_10-21-00_2026_up0.5_dwn0.1_infg0.3_spth0.7_salth0.7","computer_vision","3","19.15"
"3093","171-W2021011-584_R1_10dpi","Jan22_10-21-00_2026_up0.5_dwn0.1_infg0.3_spth0.7_salth0.7","computer_vision","3","71.83"
"3094","181-W2021009-295_R2_10dpi","Jan22_10-21-00_2026_up0.5_dwn0.1_infg0.3_spth0.7_salth0.7","computer_vision","3","30.08"
"3095","182-W2021009-251_R1_10dpi","Jan22_10-21-00_2026_up0.5_dwn0.1_infg0.3_spth0.7_salth0.7","computer_vision","3","10.03"
"3096","192-W2021010-449_R2_10dpi","Jan22_10-21-00_2026_up0.5_dwn0.1_infg0.3_spth0.7_salth0.7","computer_vision","3","68.49"
"3097","206-W2021009-271_R2_10dpi","Jan22_10-21-00_2026_up0.5_dwn0.1_infg0.3_spth0.7_salth0.7","computer_vision","3","84.95"
"3098","207-W2021009-271_R1_10dpi","Jan22_10-21-00_2026_up0.5_dwn0.1_infg0.3_spth0.7_salth0.7","computer_vision","3","42.8"
"3099","233-W2021006-607_R1_10dpi","Jan22_10-21-00_2026_up0.5_dwn0.1_infg0.3_spth0.7_salth0.7","computer_vision","3","25.61"
"3100","046-W2021009-208_R2_10dpi","Jan22_10-21-00_2026_up0.5_dwn0.1_infg0.3_spth0.9_salth0.7","computer_vision","3","5.39"
"3101","151-W2021011-479_R2_10dpi","Jan22_10-21-00_2026_up0.5_dwn0.1_infg0.3_spth0.9_salth0.7","computer_vision","3","99.36"
"3102","152-W2021010-301_R2_10dpi","Jan22_10-21-00_2026_up0.5_dwn0.1_infg0.3_spth0.9_salth0.7","computer_vision","3","2.39"
"3103","152-W2021011-479_R1_10dpi","Jan22_10-21-00_2026_up0.5_dwn0.1_infg0.3_spth0.9_salth0.7","computer_vision","3","44.96"
"3104","162-W2021011-551_R2_10dpi","Jan22_10-21-00_2026_up0.5_dwn0.1_infg0.3_spth0.9_salth0.7","computer_vision","3","84.53"
"3105","166-W2021006-123_R1_10dpi","Jan22_10-21-00_2026_up0.5_dwn0.1_infg0.3_spth0.9_salth0.7","computer_vision","3","2.03"
"3106","166-W2021006-146_R1_10dpi","Jan22_10-21-00_2026_up0.5_dwn0.1_infg0.3_spth0.9_salth0.7","computer_vision","3","55.13"
"3107","166-W2021006-146_R2_10dpi","Jan22_10-21-00_2026_up0.5_dwn0.1_infg0.3_spth0.9_salth0.7","computer_vision","3","19.15"
"3108","171-W2021011-584_R1_10dpi","Jan22_10-21-00_2026_up0.5_dwn0.1_infg0.3_spth0.9_salth0.7","computer_vision","3","71.83"
"3109","181-W2021009-295_R2_10dpi","Jan22_10-21-00_2026_up0.5_dwn0.1_infg0.3_spth0.9_salth0.7","computer_vision","3","30.08"
"3110","182-W2021009-251_R1_10dpi","Jan22_10-21-00_2026_up0.5_dwn0.1_infg0.3_spth0.9_salth0.7","computer_vision","3","10.03"
"3111","192-W2021010-449_R2_10dpi","Jan22_10-21-00_2026_up0.5_dwn0.1_infg0.3_spth0.9_salth0.7","computer_vision","3","68.49"
"3112","206-W2021009-271_R2_10dpi","Jan22_10-21-00_2026_up0.5_dwn0.1_infg0.3_spth0.9_salth0.7","computer_vision","3","84.95"
"3113","207-W2021009-271_R1_10dpi","Jan22_10-21-00_2026_up0.5_dwn0.1_infg0.3_spth0.9_salth0.7","computer_vision","3","42.8"
"3114","233-W2021006-607_R1_10dpi","Jan22_10-21-00_2026_up0.5_dwn0.1_infg0.3_spth0.9_salth0.7","computer_vision","3","25.61"
"3115","046-W2021009-208_R2_10dpi","Jan22_10-21-00_2026_up0.5_dwn0.1_infg0.5_spth0.7_salth0.7","computer_vision","3","5.39"
"3116","151-W2021011-479_R2_10dpi","Jan22_10-21-00_2026_up0.5_dwn0.1_infg0.5_spth0.7_salth0.7","computer_vision","3","99.36"
"3117","152-W2021010-301_R2_10dpi","Jan22_10-21-00_2026_up0.5_dwn0.1_infg0.5_spth0.7_salth0.7","computer_vision","3","2.39"
"3118","152-W2021011-479_R1_10dpi","Jan22_10-21-00_2026_up0.5_dwn0.1_infg0.5_spth0.7_salth0.7","computer_vision","3","44.96"
"3119","162-W2021011-551_R2_10dpi","Jan22_10-21-00_2026_up0.5_dwn0.1_infg0.5_spth0.7_salth0.7","computer_vision","3","84.53"
"3120","166-W2021006-123_R1_10dpi","Jan22_10-21-00_2026_up0.5_dwn0.1_infg0.5_spth0.7_salth0.7","computer_vision","3","2.03"
"3121","166-W2021006-146_R1_10dpi","Jan22_10-21-00_2026_up0.5_dwn0.1_infg0.5_spth0.7_salth0.7","computer_vision","3","55.13"
"3122","166-W2021006-146_R2_10dpi","Jan22_10-21-00_2026_up0.5_dwn0.1_infg0.5_spth0.7_salth0.7","computer_vision","3","19.15"
"3123","171-W2021011-584_R1_10dpi","Jan22_10-21-00_2026_up0.5_dwn0.1_infg0.5_spth0.7_salth0.7","computer_vision","3","71.83"
"3124","181-W2021009-295_R2_10dpi","Jan22_10-21-00_2026_up0.5_dwn0.1_infg0.5_spth0.7_salth0.7","computer_vision","3","30.08"
"3125","182-W2021009-251_R1_10dpi","Jan22_10-21-00_2026_up0.5_dwn0.1_infg0.5_spth0.7_salth0.7","computer_vision","3","10.03"
"3126","192-W2021010-449_R2_10dpi","Jan22_10-21-00_2026_up0.5_dwn0.1_infg0.5_spth0.7_salth0.7","computer_vision","3","68.49"
"3127","206-W2021009-271_R2_10dpi","Jan22_10-21-00_2026_up0.5_dwn0.1_infg0.5_spth0.7_salth0.7","computer_vision","3","84.95"
"3128","207-W2021009-271_R1_10dpi","Jan22_10-21-00_2026_up0.5_dwn0.1_infg0.5_spth0.7_salth0.7","computer_vision","3","42.8"
"3129","233-W2021006-607_R1_10dpi","Jan22_10-21-00_2026_up0.5_dwn0.1_infg0.5_spth0.7_salth0.7","computer_vision","3","25.61"
"3130","046-W2021009-208_R2_10dpi","Jan22_10-21-00_2026_up0.5_dwn0.1_infg0.5_spth0.9_salth0.7","computer_vision","3","5.39"
"3131","151-W2021011-479_R2_10dpi","Jan22_10-21-00_2026_up0.5_dwn0.1_infg0.5_spth0.9_salth0.7","computer_vision","3","99.36"
"3132","152-W2021010-301_R2_10dpi","Jan22_10-21-00_2026_up0.5_dwn0.1_infg0.5_spth0.9_salth0.7","computer_vision","3","2.39"
"3133","152-W2021011-479_R1_10dpi","Jan22_10-21-00_2026_up0.5_dwn0.1_infg0.5_spth0.9_salth0.7","computer_vision","3","44.96"
"3134","162-W2021011-551_R2_10dpi","Jan22_10-21-00_2026_up0.5_dwn0.1_infg0.5_spth0.9_salth0.7","computer_vision","3","84.53"
"3135","166-W2021006-123_R1_10dpi","Jan22_10-21-00_2026_up0.5_dwn0.1_infg0.5_spth0.9_salth0.7","computer_vision","3","2.03"
"3136","166-W2021006-146_R1_10dpi","Jan22_10-21-00_2026_up0.5_dwn0.1_infg0.5_spth0.9_salth0.7","computer_vision","3","55.13"
"3137","166-W2021006-146_R2_10dpi","Jan22_10-21-00_2026_up0.5_dwn0.1_infg0.5_spth0.9_salth0.7","computer_vision","3","19.15"
"3138","171-W2021011-584_R1_10dpi","Jan22_10-21-00_2026_up0.5_dwn0.1_infg0.5_spth0.9_salth0.7","computer_vision","3","71.83"
"3139","181-W2021009-295_R2_10dpi","Jan22_10-21-00_2026_up0.5_dwn0.1_infg0.5_spth0.9_salth0.7","computer_vision","3","30.08"
"3140","182-W2021009-251_R1_10dpi","Jan22_10-21-00_2026_up0.5_dwn0.1_infg0.5_spth0.9_salth0.7","computer_vision","3","10.03"
"3141","192-W2021010-449_R2_10dpi","Jan22_10-21-00_2026_up0.5_dwn0.1_infg0.5_spth0.9_salth0.7","computer_vision","3","68.49"
"3142","206-W2021009-271_R2_10dpi","Jan22_10-21-00_2026_up0.5_dwn0.1_infg0.5_spth0.9_salth0.7","computer_vision","3","84.95"
"3143","207-W2021009-271_R1_10dpi","Jan22_10-21-00_2026_up0.5_dwn0.1_infg0.5_spth0.9_salth0.7","computer_vision","3","42.8"
"3144","233-W2021006-607_R1_10dpi","Jan22_10-21-00_2026_up0.5_dwn0.1_infg0.5_spth0.9_salth0.7","computer_vision","3","25.61"
"3145","005-W2021011-592_R2_5dpi","Jan22_10-21-00_2026_up0.5_dwn0.1_infg0.3_spth0.7_salth0.7","computer_vision","3","0.85"
"3146","022-W2021009-198_R2_5dpi","Jan22_10-21-00_2026_up0.5_dwn0.1_infg0.3_spth0.7_salth0.7","computer_vision","3","23.31"
"3147","047-W2021011-482_R1_5dpi","Jan22_10-21-00_2026_up0.5_dwn0.1_infg0.3_spth0.7_salth0.7","computer_vision","3","42.93"
"3148","055-W2021010-397_R2_5dpi","Jan22_10-21-00_2026_up0.5_dwn0.1_infg0.3_spth0.7_salth0.7","computer_vision","3","13.23"
"3149","121-W2021009-185_R1_5dpi","Jan22_10-21-00_2026_up0.5_dwn0.1_infg0.3_spth0.7_salth0.7","computer_vision","3","12.2"
"3150","128-W2021006-013_R1_5dpi","Jan22_10-21-00_2026_up0.5_dwn0.1_infg0.3_spth0.7_salth0.7","computer_vision","3","78.21"
"3151","149-W2021010-417_R1_5dpi","Jan22_10-21-00_2026_up0.5_dwn0.1_infg0.3_spth0.7_salth0.7","computer_vision","3","13.53"
"3152","156-W2021009-276_R2_5dpi","Jan22_10-21-00_2026_up0.5_dwn0.1_infg0.3_spth0.7_salth0.7","computer_vision","3","8.43"
"3153","172-W2021011-557_R2_5dpi","Jan22_10-21-00_2026_up0.5_dwn0.1_infg0.3_spth0.7_salth0.7","computer_vision","3","9.39"
"3154","180-W2021011-476_R2_5dpi","Jan22_10-21-00_2026_up0.5_dwn0.1_infg0.3_spth0.7_salth0.7","computer_vision","3","79.5"
"3155","183-W2021009-295_R1_5dpi","Jan22_10-21-00_2026_up0.5_dwn0.1_infg0.3_spth0.7_salth0.7","computer_vision","3","6.98"
"3156","187-W2021010-348_R2_5dpi","Jan22_10-21-00_2026_up0.5_dwn0.1_infg0.3_spth0.7_salth0.7","computer_vision","3","85.69"
"3157","206-W2021010-344_R1_5dpi","Jan22_10-21-00_2026_up0.5_dwn0.1_infg0.3_spth0.7_salth0.7","computer_vision","3","6.7"
"3158","208-W2021009-268_R2_5dpi","Jan22_10-21-00_2026_up0.5_dwn0.1_infg0.3_spth0.7_salth0.7","computer_vision","3","32.39"
"3159","254-W2021010-352_R2_5dpi","Jan22_10-21-00_2026_up0.5_dwn0.1_infg0.3_spth0.7_salth0.7","computer_vision","3","2.56"
"3160","005-W2021011-592_R2_5dpi","Jan22_10-21-00_2026_up0.5_dwn0.1_infg0.3_spth0.9_salth0.7","computer_vision","3","0.85"
"3161","022-W2021009-198_R2_5dpi","Jan22_10-21-00_2026_up0.5_dwn0.1_infg0.3_spth0.9_salth0.7","computer_vision","3","23.31"
"3162","047-W2021011-482_R1_5dpi","Jan22_10-21-00_2026_up0.5_dwn0.1_infg0.3_spth0.9_salth0.7","computer_vision","3","42.93"
"3163","055-W2021010-397_R2_5dpi","Jan22_10-21-00_2026_up0.5_dwn0.1_infg0.3_spth0.9_salth0.7","computer_vision","3","13.23"
"3164","121-W2021009-185_R1_5dpi","Jan22_10-21-00_2026_up0.5_dwn0.1_infg0.3_spth0.9_salth0.7","computer_vision","3","12.2"
"3165","128-W2021006-013_R1_5dpi","Jan22_10-21-00_2026_up0.5_dwn0.1_infg0.3_spth0.9_salth0.7","computer_vision","3","78.21"
"3166","149-W2021010-417_R1_5dpi","Jan22_10-21-00_2026_up0.5_dwn0.1_infg0.3_spth0.9_salth0.7","computer_vision","3","13.53"
"3167","156-W2021009-276_R2_5dpi","Jan22_10-21-00_2026_up0.5_dwn0.1_infg0.3_spth0.9_salth0.7","computer_vision","3","8.43"
"3168","172-W2021011-557_R2_5dpi","Jan22_10-21-00_2026_up0.5_dwn0.1_infg0.3_spth0.9_salth0.7","computer_vision","3","9.39"
"3169","180-W2021011-476_R2_5dpi","Jan22_10-21-00_2026_up0.5_dwn0.1_infg0.3_spth0.9_salth0.7","computer_vision","3","79.5"
"3170","183-W2021009-295_R1_5dpi","Jan22_10-21-00_2026_up0.5_dwn0.1_infg0.3_spth0.9_salth0.7","computer_vision","3","6.98"
"3171","187-W2021010-348_R2_5dpi","Jan22_10-21-00_2026_up0.5_dwn0.1_infg0.3_spth0.9_salth0.7","computer_vision","3","85.69"
"3172","206-W2021010-344_R1_5dpi","Jan22_10-21-00_2026_up0.5_dwn0.1_infg0.3_spth0.9_salth0.7","computer_vision","3","6.7"
"3173","208-W2021009-268_R2_5dpi","Jan22_10-21-00_2026_up0.5_dwn0.1_infg0.3_spth0.9_salth0.7","computer_vision","3","32.39"
"3174","254-W2021010-352_R2_5dpi","Jan22_10-21-00_2026_up0.5_dwn0.1_infg0.3_spth0.9_salth0.7","computer_vision","3","2.56"
"3175","005-W2021011-592_R2_5dpi","Jan22_10-21-00_2026_up0.5_dwn0.1_infg0.5_spth0.7_salth0.7","computer_vision","3","0.85"
"3176","022-W2021009-198_R2_5dpi","Jan22_10-21-00_2026_up0.5_dwn0.1_infg0.5_spth0.7_salth0.7","computer_vision","3","23.31"
"3177","047-W2021011-482_R1_5dpi","Jan22_10-21-00_2026_up0.5_dwn0.1_infg0.5_spth0.7_salth0.7","computer_vision","3","42.93"
"3178","055-W2021010-397_R2_5dpi","Jan22_10-21-00_2026_up0.5_dwn0.1_infg0.5_spth0.7_salth0.7","computer_vision","3","13.23"
"3179","121-W2021009-185_R1_5dpi","Jan22_10-21-00_2026_up0.5_dwn0.1_infg0.5_spth0.7_salth0.7","computer_vision","3","12.2"
"3180","128-W2021006-013_R1_5dpi","Jan22_10-21-00_2026_up0.5_dwn0.1_infg0.5_spth0.7_salth0.7","computer_vision","3","78.21"
"3181","149-W2021010-417_R1_5dpi","Jan22_10-21-00_2026_up0.5_dwn0.1_infg0.5_spth0.7_salth0.7","computer_vision","3","13.53"
"3182","156-W2021009-276_R2_5dpi","Jan22_10-21-00_2026_up0.5_dwn0.1_infg0.5_spth0.7_salth0.7","computer_vision","3","8.43"
"3183","172-W2021011-557_R2_5dpi","Jan22_10-21-00_2026_up0.5_dwn0.1_infg0.5_spth0.7_salth0.7","computer_vision","3","9.39"
"3184","180-W2021011-476_R2_5dpi","Jan22_10-21-00_2026_up0.5_dwn0.1_infg0.5_spth0.7_salth0.7","computer_vision","3","79.5"
"3185","183-W2021009-295_R1_5dpi","Jan22_10-21-00_2026_up0.5_dwn0.1_infg0.5_spth0.7_salth0.7","computer_vision","3","6.98"
"3186","187-W2021010-348_R2_5dpi","Jan22_10-21-00_2026_up0.5_dwn0.1_infg0.5_spth0.7_salth0.7","computer_vision","3","85.69"
"3187","206-W2021010-344_R1_5dpi","Jan22_10-21-00_2026_up0.5_dwn0.1_infg0.5_spth0.7_salth0.7","computer_vision","3","6.7"
"3188","208-W2021009-268_R2_5dpi","Jan22_10-21-00_2026_up0.5_dwn0.1_infg0.5_spth0.7_salth0.7","computer_vision","3","32.39"
"3189","254-W2021010-352_R2_5dpi","Jan22_10-21-00_2026_up0.5_dwn0.1_infg0.5_spth0.7_salth0.7","computer_vision","3","2.56"
"3190","005-W2021011-592_R2_5dpi","Jan22_10-21-00_2026_up0.5_dwn0.1_infg0.5_spth0.9_salth0.7","computer_vision","3","0.85"
"3191","022-W2021009-198_R2_5dpi","Jan22_10-21-00_2026_up0.5_dwn0.1_infg0.5_spth0.9_salth0.7","computer_vision","3","23.31"
"3192","047-W2021011-482_R1_5dpi","Jan22_10-21-00_2026_up0.5_dwn0.1_infg0.5_spth0.9_salth0.7","computer_vision","3","42.93"
"3193","055-W2021010-397_R2_5dpi","Jan22_10-21-00_2026_up0.5_dwn0.1_infg0.5_spth0.9_salth0.7","computer_vision","3","13.23"
"3194","121-W2021009-185_R1_5dpi","Jan22_10-21-00_2026_up0.5_dwn0.1_infg0.5_spth0.9_salth0.7","computer_vision","3","12.2"
"3195","128-W2021006-013_R1_5dpi","Jan22_10-21-00_2026_up0.5_dwn0.1_infg0.5_spth0.9_salth0.7","computer_vision","3","78.21"
"3196","149-W2021010-417_R1_5dpi","Jan22_10-21-00_2026_up0.5_dwn0.1_infg0.5_spth0.9_salth0.7","computer_vision","3","13.53"
"3197","156-W2021009-276_R2_5dpi","Jan22_10-21-00_2026_up0.5_dwn0.1_infg0.5_spth0.9_salth0.7","computer_vision","3","8.43"
"3198","172-W2021011-557_R2_5dpi","Jan22_10-21-00_2026_up0.5_dwn0.1_infg0.5_spth0.9_salth0.7","computer_vision","3","9.39"
"3199","180-W2021011-476_R2_5dpi","Jan22_10-21-00_2026_up0.5_dwn0.1_infg0.5_spth0.9_salth0.7","computer_vision","3","79.5"
"3200","183-W2021009-295_R1_5dpi","Jan22_10-21-00_2026_up0.5_dwn0.1_infg0.5_spth0.9_salth0.7","computer_vision","3","6.98"
"3201","187-W2021010-348_R2_5dpi","Jan22_10-21-00_2026_up0.5_dwn0.1_infg0.5_spth0.9_salth0.7","computer_vision","3","85.69"
"3202","206-W2021010-344_R1_5dpi","Jan22_10-21-00_2026_up0.5_dwn0.1_infg0.5_spth0.9_salth0.7","computer_vision","3","6.7"
"3203","208-W2021009-268_R2_5dpi","Jan22_10-21-00_2026_up0.5_dwn0.1_infg0.5_spth0.9_salth0.7","computer_vision","3","32.39"
"3204","254-W2021010-352_R2_5dpi","Jan22_10-21-00_2026_up0.5_dwn0.1_infg0.5_spth0.9_salth0.7","computer_vision","3","2.56"
"3205","046-W2021009-208_R2_10dpi","Feb14_15-53-04_2024_up0.5_dwn0.3_salth0.7","computer_vision","2","4.36"
"3206","151-W2021011-479_R2_10dpi","Feb14_15-53-04_2024_up0.5_dwn0.3_salth0.7","computer_vision","2","99.2"
"3207","152-W2021010-301_R2_10dpi","Feb14_15-53-04_2024_up0.5_dwn0.3_salth0.7","computer_vision","2","0.27"
"3208","152-W2021011-479_R1_10dpi","Feb14_15-53-04_2024_up0.5_dwn0.3_salth0.7","computer_vision","2","42.64"
"3209","162-W2021011-551_R2_10dpi","Feb14_15-53-04_2024_up0.5_dwn0.3_salth0.7","computer_vision","2","83.79"
"3210","166-W2021006-123_R1_10dpi","Feb14_15-53-04_2024_up0.5_dwn0.3_salth0.7","computer_vision","2","1.32"
"3211","166-W2021006-146_R1_10dpi","Feb14_15-53-04_2024_up0.5_dwn0.3_salth0.7","computer_vision","2","54.76"
"3212","166-W2021006-146_R2_10dpi","Feb14_15-53-04_2024_up0.5_dwn0.3_salth0.7","computer_vision","2","14.66"
"3213","171-W2021011-584_R1_10dpi","Feb14_15-53-04_2024_up0.5_dwn0.3_salth0.7","computer_vision","2","69.17"
"3214","181-W2021009-295_R2_10dpi","Feb14_15-53-04_2024_up0.5_dwn0.3_salth0.7","computer_vision","2","27.35"
"3215","182-W2021009-251_R1_10dpi","Feb14_15-53-04_2024_up0.5_dwn0.3_salth0.7","computer_vision","2","6.76"
"3216","192-W2021010-449_R2_10dpi","Feb14_15-53-04_2024_up0.5_dwn0.3_salth0.7","computer_vision","2","66.92"
"3217","206-W2021009-271_R2_10dpi","Feb14_15-53-04_2024_up0.5_dwn0.3_salth0.7","computer_vision","2","83.82"
"3218","207-W2021009-271_R1_10dpi","Feb14_15-53-04_2024_up0.5_dwn0.3_salth0.7","computer_vision","2","39"
"3219","233-W2021006-607_R1_10dpi","Feb14_15-53-04_2024_up0.5_dwn0.3_salth0.7","computer_vision","2","20.13"
"3220","005-W2021011-592_R2_5dpi","Feb14_15-53-04_2024_up0.5_dwn0.3_salth0.7","computer_vision","2","1.27"
"3221","022-W2021009-198_R2_5dpi","Feb14_15-53-04_2024_up0.5_dwn0.3_salth0.7","computer_vision","2","3.5"
"3222","047-W2021011-482_R1_5dpi","Feb14_15-53-04_2024_up0.5_dwn0.3_salth0.7","computer_vision","2","35.84"
"3223","055-W2021010-397_R2_5dpi","Feb14_15-53-04_2024_up0.5_dwn0.3_salth0.7","computer_vision","2","7.29"
"3224","121-W2021009-185_R1_5dpi","Feb14_15-53-04_2024_up0.5_dwn0.3_salth0.7","computer_vision","2","0.82"
"3225","128-W2021006-013_R1_5dpi","Feb14_15-53-04_2024_up0.5_dwn0.3_salth0.7","computer_vision","2","71.06"
"3226","149-W2021010-417_R1_5dpi","Feb14_15-53-04_2024_up0.5_dwn0.3_salth0.7","computer_vision","2","10.33"
"3227","156-W2021009-276_R2_5dpi","Feb14_15-53-04_2024_up0.5_dwn0.3_salth0.7","computer_vision","2","9.78"
"3228","172-W2021011-557_R2_5dpi","Feb14_15-53-04_2024_up0.5_dwn0.3_salth0.7","computer_vision","2","8.36"
"3229","180-W2021011-476_R2_5dpi","Feb14_15-53-04_2024_up0.5_dwn0.3_salth0.7","computer_vision","2","47.71"
"3230","183-W2021009-295_R1_5dpi","Feb14_15-53-04_2024_up0.5_dwn0.3_salth0.7","computer_vision","2","7.13"
"3231","187-W2021010-348_R2_5dpi","Feb14_15-53-04_2024_up0.5_dwn0.3_salth0.7","computer_vision","2","65.48"
"3232","206-W2021010-344_R1_5dpi","Feb14_15-53-04_2024_up0.5_dwn0.3_salth0.7","computer_vision","2","1.58"
"3233","208-W2021009-268_R2_5dpi","Feb14_15-53-04_2024_up0.5_dwn0.3_salth0.7","computer_vision","2","29.31"
"3234","254-W2021010-352_R2_5dpi","Feb14_15-53-04_2024_up0.5_dwn0.3_salth0.7","computer_vision","2","0.71"
"3235","046-W2021009-208_R2_10dpi","Jan22_10-21-00_2026_up0.5_dwn0.3_infg0.3_spth0.7_salth0.7","computer_vision","3","5.27"
"3236","151-W2021011-479_R2_10dpi","Jan22_10-21-00_2026_up0.5_dwn0.3_infg0.3_spth0.7_salth0.7","computer_vision","3","98.89"
"3237","152-W2021010-301_R2_10dpi","Jan22_10-21-00_2026_up0.5_dwn0.3_infg0.3_spth0.7_salth0.7","computer_vision","3","2.3"
"3238","152-W2021011-479_R1_10dpi","Jan22_10-21-00_2026_up0.5_dwn0.3_infg0.3_spth0.7_salth0.7","computer_vision","3","44.21"
"3239","162-W2021011-551_R2_10dpi","Jan22_10-21-00_2026_up0.5_dwn0.3_infg0.3_spth0.7_salth0.7","computer_vision","3","83.22"
"3240","166-W2021006-123_R1_10dpi","Jan22_10-21-00_2026_up0.5_dwn0.3_infg0.3_spth0.7_salth0.7","computer_vision","3","1.96"
"3241","166-W2021006-146_R1_10dpi","Jan22_10-21-00_2026_up0.5_dwn0.3_infg0.3_spth0.7_salth0.7","computer_vision","3","53.69"
"3242","166-W2021006-146_R2_10dpi","Jan22_10-21-00_2026_up0.5_dwn0.3_infg0.3_spth0.7_salth0.7","computer_vision","3","18.13"
"3243","171-W2021011-584_R1_10dpi","Jan22_10-21-00_2026_up0.5_dwn0.3_infg0.3_spth0.7_salth0.7","computer_vision","3","69.75"
"3244","181-W2021009-295_R2_10dpi","Jan22_10-21-00_2026_up0.5_dwn0.3_infg0.3_spth0.7_salth0.7","computer_vision","3","28.82"
"3245","182-W2021009-251_R1_10dpi","Jan22_10-21-00_2026_up0.5_dwn0.3_infg0.3_spth0.7_salth0.7","computer_vision","3","9.41"
"3246","192-W2021010-449_R2_10dpi","Jan22_10-21-00_2026_up0.5_dwn0.3_infg0.3_spth0.7_salth0.7","computer_vision","3","66.82"
"3247","206-W2021009-271_R2_10dpi","Jan22_10-21-00_2026_up0.5_dwn0.3_infg0.3_spth0.7_salth0.7","computer_vision","3","83.74"
"3248","207-W2021009-271_R1_10dpi","Jan22_10-21-00_2026_up0.5_dwn0.3_infg0.3_spth0.7_salth0.7","computer_vision","3","41.8"
"3249","233-W2021006-607_R1_10dpi","Jan22_10-21-00_2026_up0.5_dwn0.3_infg0.3_spth0.7_salth0.7","computer_vision","3","23.99"
"3250","046-W2021009-208_R2_10dpi","Jan22_10-21-00_2026_up0.5_dwn0.3_infg0.3_spth0.9_salth0.7","computer_vision","3","5.27"
"3251","151-W2021011-479_R2_10dpi","Jan22_10-21-00_2026_up0.5_dwn0.3_infg0.3_spth0.9_salth0.7","computer_vision","3","98.89"
"3252","152-W2021010-301_R2_10dpi","Jan22_10-21-00_2026_up0.5_dwn0.3_infg0.3_spth0.9_salth0.7","computer_vision","3","2.3"
"3253","152-W2021011-479_R1_10dpi","Jan22_10-21-00_2026_up0.5_dwn0.3_infg0.3_spth0.9_salth0.7","computer_vision","3","44.21"
"3254","162-W2021011-551_R2_10dpi","Jan22_10-21-00_2026_up0.5_dwn0.3_infg0.3_spth0.9_salth0.7","computer_vision","3","83.22"
"3255","166-W2021006-123_R1_10dpi","Jan22_10-21-00_2026_up0.5_dwn0.3_infg0.3_spth0.9_salth0.7","computer_vision","3","1.96"
"3256","166-W2021006-146_R1_10dpi","Jan22_10-21-00_2026_up0.5_dwn0.3_infg0.3_spth0.9_salth0.7","computer_vision","3","53.69"
"3257","166-W2021006-146_R2_10dpi","Jan22_10-21-00_2026_up0.5_dwn0.3_infg0.3_spth0.9_salth0.7","computer_vision","3","18.13"
"3258","171-W2021011-584_R1_10dpi","Jan22_10-21-00_2026_up0.5_dwn0.3_infg0.3_spth0.9_salth0.7","computer_vision","3","69.75"
"3259","181-W2021009-295_R2_10dpi","Jan22_10-21-00_2026_up0.5_dwn0.3_infg0.3_spth0.9_salth0.7","computer_vision","3","28.82"
"3260","182-W2021009-251_R1_10dpi","Jan22_10-21-00_2026_up0.5_dwn0.3_infg0.3_spth0.9_salth0.7","computer_vision","3","9.41"
"3261","192-W2021010-449_R2_10dpi","Jan22_10-21-00_2026_up0.5_dwn0.3_infg0.3_spth0.9_salth0.7","computer_vision","3","66.82"
"3262","206-W2021009-271_R2_10dpi","Jan22_10-21-00_2026_up0.5_dwn0.3_infg0.3_spth0.9_salth0.7","computer_vision","3","83.74"
"3263","207-W2021009-271_R1_10dpi","Jan22_10-21-00_2026_up0.5_dwn0.3_infg0.3_spth0.9_salth0.7","computer_vision","3","41.8"
"3264","233-W2021006-607_R1_10dpi","Jan22_10-21-00_2026_up0.5_dwn0.3_infg0.3_spth0.9_salth0.7","computer_vision","3","23.99"
"3265","046-W2021009-208_R2_10dpi","Jan22_10-21-00_2026_up0.5_dwn0.3_infg0.5_spth0.7_salth0.7","computer_vision","3","5.27"
"3266","151-W2021011-479_R2_10dpi","Jan22_10-21-00_2026_up0.5_dwn0.3_infg0.5_spth0.7_salth0.7","computer_vision","3","98.89"
"3267","152-W2021010-301_R2_10dpi","Jan22_10-21-00_2026_up0.5_dwn0.3_infg0.5_spth0.7_salth0.7","computer_vision","3","2.3"
"3268","152-W2021011-479_R1_10dpi","Jan22_10-21-00_2026_up0.5_dwn0.3_infg0.5_spth0.7_salth0.7","computer_vision","3","44.21"
"3269","162-W2021011-551_R2_10dpi","Jan22_10-21-00_2026_up0.5_dwn0.3_infg0.5_spth0.7_salth0.7","computer_vision","3","83.22"
"3270","166-W2021006-123_R1_10dpi","Jan22_10-21-00_2026_up0.5_dwn0.3_infg0.5_spth0.7_salth0.7","computer_vision","3","1.96"
"3271","166-W2021006-146_R1_10dpi","Jan22_10-21-00_2026_up0.5_dwn0.3_infg0.5_spth0.7_salth0.7","computer_vision","3","53.69"
"3272","166-W2021006-146_R2_10dpi","Jan22_10-21-00_2026_up0.5_dwn0.3_infg0.5_spth0.7_salth0.7","computer_vision","3","18.13"
"3273","171-W2021011-584_R1_10dpi","Jan22_10-21-00_2026_up0.5_dwn0.3_infg0.5_spth0.7_salth0.7","computer_vision","3","69.75"
"3274","181-W2021009-295_R2_10dpi","Jan22_10-21-00_2026_up0.5_dwn0.3_infg0.5_spth0.7_salth0.7","computer_vision","3","28.82"
"3275","182-W2021009-251_R1_10dpi","Jan22_10-21-00_2026_up0.5_dwn0.3_infg0.5_spth0.7_salth0.7","computer_vision","3","9.41"
"3276","192-W2021010-449_R2_10dpi","Jan22_10-21-00_2026_up0.5_dwn0.3_infg0.5_spth0.7_salth0.7","computer_vision","3","66.82"
"3277","206-W2021009-271_R2_10dpi","Jan22_10-21-00_2026_up0.5_dwn0.3_infg0.5_spth0.7_salth0.7","computer_vision","3","83.74"
"3278","207-W2021009-271_R1_10dpi","Jan22_10-21-00_2026_up0.5_dwn0.3_infg0.5_spth0.7_salth0.7","computer_vision","3","41.8"
"3279","233-W2021006-607_R1_10dpi","Jan22_10-21-00_2026_up0.5_dwn0.3_infg0.5_spth0.7_salth0.7","computer_vision","3","23.99"
"3280","046-W2021009-208_R2_10dpi","Jan22_10-21-00_2026_up0.5_dwn0.3_infg0.5_spth0.9_salth0.7","computer_vision","3","5.27"
"3281","151-W2021011-479_R2_10dpi","Jan22_10-21-00_2026_up0.5_dwn0.3_infg0.5_spth0.9_salth0.7","computer_vision","3","98.89"
"3282","152-W2021010-301_R2_10dpi","Jan22_10-21-00_2026_up0.5_dwn0.3_infg0.5_spth0.9_salth0.7","computer_vision","3","2.3"
"3283","152-W2021011-479_R1_10dpi","Jan22_10-21-00_2026_up0.5_dwn0.3_infg0.5_spth0.9_salth0.7","computer_vision","3","44.21"
"3284","162-W2021011-551_R2_10dpi","Jan22_10-21-00_2026_up0.5_dwn0.3_infg0.5_spth0.9_salth0.7","computer_vision","3","83.22"
"3285","166-W2021006-123_R1_10dpi","Jan22_10-21-00_2026_up0.5_dwn0.3_infg0.5_spth0.9_salth0.7","computer_vision","3","1.96"
"3286","166-W2021006-146_R1_10dpi","Jan22_10-21-00_2026_up0.5_dwn0.3_infg0.5_spth0.9_salth0.7","computer_vision","3","53.69"
"3287","166-W2021006-146_R2_10dpi","Jan22_10-21-00_2026_up0.5_dwn0.3_infg0.5_spth0.9_salth0.7","computer_vision","3","18.13"
"3288","171-W2021011-584_R1_10dpi","Jan22_10-21-00_2026_up0.5_dwn0.3_infg0.5_spth0.9_salth0.7","computer_vision","3","69.75"
"3289","181-W2021009-295_R2_10dpi","Jan22_10-21-00_2026_up0.5_dwn0.3_infg0.5_spth0.9_salth0.7","computer_vision","3","28.82"
"3290","182-W2021009-251_R1_10dpi","Jan22_10-21-00_2026_up0.5_dwn0.3_infg0.5_spth0.9_salth0.7","computer_vision","3","9.41"
"3291","192-W2021010-449_R2_10dpi","Jan22_10-21-00_2026_up0.5_dwn0.3_infg0.5_spth0.9_salth0.7","computer_vision","3","66.82"
"3292","206-W2021009-271_R2_10dpi","Jan22_10-21-00_2026_up0.5_dwn0.3_infg0.5_spth0.9_salth0.7","computer_vision","3","83.74"
"3293","207-W2021009-271_R1_10dpi","Jan22_10-21-00_2026_up0.5_dwn0.3_infg0.5_spth0.9_salth0.7","computer_vision","3","41.8"
"3294","233-W2021006-607_R1_10dpi","Jan22_10-21-00_2026_up0.5_dwn0.3_infg0.5_spth0.9_salth0.7","computer_vision","3","23.99"
"3295","005-W2021011-592_R2_5dpi","Jan22_10-21-00_2026_up0.5_dwn0.3_infg0.3_spth0.7_salth0.7","computer_vision","3","0.84"
"3296","022-W2021009-198_R2_5dpi","Jan22_10-21-00_2026_up0.5_dwn0.3_infg0.3_spth0.7_salth0.7","computer_vision","3","20.6"
"3297","047-W2021011-482_R1_5dpi","Jan22_10-21-00_2026_up0.5_dwn0.3_infg0.3_spth0.7_salth0.7","computer_vision","3","39.97"
"3298","055-W2021010-397_R2_5dpi","Jan22_10-21-00_2026_up0.5_dwn0.3_infg0.3_spth0.7_salth0.7","computer_vision","3","12.56"
"3299","121-W2021009-185_R1_5dpi","Jan22_10-21-00_2026_up0.5_dwn0.3_infg0.3_spth0.7_salth0.7","computer_vision","3","11.82"
"3300","128-W2021006-013_R1_5dpi","Jan22_10-21-00_2026_up0.5_dwn0.3_infg0.3_spth0.7_salth0.7","computer_vision","3","74.68"
"3301","149-W2021010-417_R1_5dpi","Jan22_10-21-00_2026_up0.5_dwn0.3_infg0.3_spth0.7_salth0.7","computer_vision","3","12.95"
"3302","156-W2021009-276_R2_5dpi","Jan22_10-21-00_2026_up0.5_dwn0.3_infg0.3_spth0.7_salth0.7","computer_vision","3","8.12"
"3303","172-W2021011-557_R2_5dpi","Jan22_10-21-00_2026_up0.5_dwn0.3_infg0.3_spth0.7_salth0.7","computer_vision","3","9.14"
"3304","180-W2021011-476_R2_5dpi","Jan22_10-21-00_2026_up0.5_dwn0.3_infg0.3_spth0.7_salth0.7","computer_vision","3","75.8"
"3305","183-W2021009-295_R1_5dpi","Jan22_10-21-00_2026_up0.5_dwn0.3_infg0.3_spth0.7_salth0.7","computer_vision","3","6.8"
"3306","187-W2021010-348_R2_5dpi","Jan22_10-21-00_2026_up0.5_dwn0.3_infg0.3_spth0.7_salth0.7","computer_vision","3","82.53"
"3307","206-W2021010-344_R1_5dpi","Jan22_10-21-00_2026_up0.5_dwn0.3_infg0.3_spth0.7_salth0.7","computer_vision","3","6.18"
"3308","208-W2021009-268_R2_5dpi","Jan22_10-21-00_2026_up0.5_dwn0.3_infg0.3_spth0.7_salth0.7","computer_vision","3","30.13"
"3309","254-W2021010-352_R2_5dpi","Jan22_10-21-00_2026_up0.5_dwn0.3_infg0.3_spth0.7_salth0.7","computer_vision","3","2.5"
"3310","005-W2021011-592_R2_5dpi","Jan22_10-21-00_2026_up0.5_dwn0.3_infg0.3_spth0.9_salth0.7","computer_vision","3","0.84"
"3311","022-W2021009-198_R2_5dpi","Jan22_10-21-00_2026_up0.5_dwn0.3_infg0.3_spth0.9_salth0.7","computer_vision","3","20.6"
"3312","047-W2021011-482_R1_5dpi","Jan22_10-21-00_2026_up0.5_dwn0.3_infg0.3_spth0.9_salth0.7","computer_vision","3","39.97"
"3313","055-W2021010-397_R2_5dpi","Jan22_10-21-00_2026_up0.5_dwn0.3_infg0.3_spth0.9_salth0.7","computer_vision","3","12.56"
"3314","121-W2021009-185_R1_5dpi","Jan22_10-21-00_2026_up0.5_dwn0.3_infg0.3_spth0.9_salth0.7","computer_vision","3","11.82"
"3315","128-W2021006-013_R1_5dpi","Jan22_10-21-00_2026_up0.5_dwn0.3_infg0.3_spth0.9_salth0.7","computer_vision","3","74.68"
"3316","149-W2021010-417_R1_5dpi","Jan22_10-21-00_2026_up0.5_dwn0.3_infg0.3_spth0.9_salth0.7","computer_vision","3","12.95"
"3317","156-W2021009-276_R2_5dpi","Jan22_10-21-00_2026_up0.5_dwn0.3_infg0.3_spth0.9_salth0.7","computer_vision","3","8.12"
"3318","172-W2021011-557_R2_5dpi","Jan22_10-21-00_2026_up0.5_dwn0.3_infg0.3_spth0.9_salth0.7","computer_vision","3","9.14"
"3319","180-W2021011-476_R2_5dpi","Jan22_10-21-00_2026_up0.5_dwn0.3_infg0.3_spth0.9_salth0.7","computer_vision","3","75.8"
"3320","183-W2021009-295_R1_5dpi","Jan22_10-21-00_2026_up0.5_dwn0.3_infg0.3_spth0.9_salth0.7","computer_vision","3","6.8"
"3321","187-W2021010-348_R2_5dpi","Jan22_10-21-00_2026_up0.5_dwn0.3_infg0.3_spth0.9_salth0.7","computer_vision","3","82.53"
"3322","206-W2021010-344_R1_5dpi","Jan22_10-21-00_2026_up0.5_dwn0.3_infg0.3_spth0.9_salth0.7","computer_vision","3","6.18"
"3323","208-W2021009-268_R2_5dpi","Jan22_10-21-00_2026_up0.5_dwn0.3_infg0.3_spth0.9_salth0.7","computer_vision","3","30.13"
"3324","254-W2021010-352_R2_5dpi","Jan22_10-21-00_2026_up0.5_dwn0.3_infg0.3_spth0.9_salth0.7","computer_vision","3","2.5"
"3325","005-W2021011-592_R2_5dpi","Jan22_10-21-00_2026_up0.5_dwn0.3_infg0.5_spth0.7_salth0.7","computer_vision","3","0.84"
"3326","022-W2021009-198_R2_5dpi","Jan22_10-21-00_2026_up0.5_dwn0.3_infg0.5_spth0.7_salth0.7","computer_vision","3","20.6"
"3327","047-W2021011-482_R1_5dpi","Jan22_10-21-00_2026_up0.5_dwn0.3_infg0.5_spth0.7_salth0.7","computer_vision","3","39.97"
"3328","055-W2021010-397_R2_5dpi","Jan22_10-21-00_2026_up0.5_dwn0.3_infg0.5_spth0.7_salth0.7","computer_vision","3","12.56"
"3329","121-W2021009-185_R1_5dpi","Jan22_10-21-00_2026_up0.5_dwn0.3_infg0.5_spth0.7_salth0.7","computer_vision","3","11.82"
"3330","128-W2021006-013_R1_5dpi","Jan22_10-21-00_2026_up0.5_dwn0.3_infg0.5_spth0.7_salth0.7","computer_vision","3","74.68"
"3331","149-W2021010-417_R1_5dpi","Jan22_10-21-00_2026_up0.5_dwn0.3_infg0.5_spth0.7_salth0.7","computer_vision","3","12.95"
"3332","156-W2021009-276_R2_5dpi","Jan22_10-21-00_2026_up0.5_dwn0.3_infg0.5_spth0.7_salth0.7","computer_vision","3","8.12"
"3333","172-W2021011-557_R2_5dpi","Jan22_10-21-00_2026_up0.5_dwn0.3_infg0.5_spth0.7_salth0.7","computer_vision","3","9.14"
"3334","180-W2021011-476_R2_5dpi","Jan22_10-21-00_2026_up0.5_dwn0.3_infg0.5_spth0.7_salth0.7","computer_vision","3","75.8"
"3335","183-W2021009-295_R1_5dpi","Jan22_10-21-00_2026_up0.5_dwn0.3_infg0.5_spth0.7_salth0.7","computer_vision","3","6.8"
"3336","187-W2021010-348_R2_5dpi","Jan22_10-21-00_2026_up0.5_dwn0.3_infg0.5_spth0.7_salth0.7","computer_vision","3","82.53"
"3337","206-W2021010-344_R1_5dpi","Jan22_10-21-00_2026_up0.5_dwn0.3_infg0.5_spth0.7_salth0.7","computer_vision","3","6.18"
"3338","208-W2021009-268_R2_5dpi","Jan22_10-21-00_2026_up0.5_dwn0.3_infg0.5_spth0.7_salth0.7","computer_vision","3","30.13"
"3339","254-W2021010-352_R2_5dpi","Jan22_10-21-00_2026_up0.5_dwn0.3_infg0.5_spth0.7_salth0.7","computer_vision","3","2.5"
"3340","005-W2021011-592_R2_5dpi","Jan22_10-21-00_2026_up0.5_dwn0.3_infg0.5_spth0.9_salth0.7","computer_vision","3","0.84"
"3341","022-W2021009-198_R2_5dpi","Jan22_10-21-00_2026_up0.5_dwn0.3_infg0.5_spth0.9_salth0.7","computer_vision","3","20.6"
"3342","047-W2021011-482_R1_5dpi","Jan22_10-21-00_2026_up0.5_dwn0.3_infg0.5_spth0.9_salth0.7","computer_vision","3","39.97"
"3343","055-W2021010-397_R2_5dpi","Jan22_10-21-00_2026_up0.5_dwn0.3_infg0.5_spth0.9_salth0.7","computer_vision","3","12.56"
"3344","121-W2021009-185_R1_5dpi","Jan22_10-21-00_2026_up0.5_dwn0.3_infg0.5_spth0.9_salth0.7","computer_vision","3","11.82"
"3345","128-W2021006-013_R1_5dpi","Jan22_10-21-00_2026_up0.5_dwn0.3_infg0.5_spth0.9_salth0.7","computer_vision","3","74.68"
"3346","149-W2021010-417_R1_5dpi","Jan22_10-21-00_2026_up0.5_dwn0.3_infg0.5_spth0.9_salth0.7","computer_vision","3","12.95"
"3347","156-W2021009-276_R2_5dpi","Jan22_10-21-00_2026_up0.5_dwn0.3_infg0.5_spth0.9_salth0.7","computer_vision","3","8.12"
"3348","172-W2021011-557_R2_5dpi","Jan22_10-21-00_2026_up0.5_dwn0.3_infg0.5_spth0.9_salth0.7","computer_vision","3","9.14"
"3349","180-W2021011-476_R2_5dpi","Jan22_10-21-00_2026_up0.5_dwn0.3_infg0.5_spth0.9_salth0.7","computer_vision","3","75.8"
"3350","183-W2021009-295_R1_5dpi","Jan22_10-21-00_2026_up0.5_dwn0.3_infg0.5_spth0.9_salth0.7","computer_vision","3","6.8"
"3351","187-W2021010-348_R2_5dpi","Jan22_10-21-00_2026_up0.5_dwn0.3_infg0.5_spth0.9_salth0.7","computer_vision","3","82.53"
"3352","206-W2021010-344_R1_5dpi","Jan22_10-21-00_2026_up0.5_dwn0.3_infg0.5_spth0.9_salth0.7","computer_vision","3","6.18"
"3353","208-W2021009-268_R2_5dpi","Jan22_10-21-00_2026_up0.5_dwn0.3_infg0.5_spth0.9_salth0.7","computer_vision","3","30.13"
"3354","254-W2021010-352_R2_5dpi","Jan22_10-21-00_2026_up0.5_dwn0.3_infg0.5_spth0.9_salth0.7","computer_vision","3","2.5"
"3355","068-W2021011-574_R2_10dpi","Jan29_22-02-46_2026_up0.55_dwn0.15_spth0.65_salth0.774431645870209","computer_vision","3","45.05"
"3356","097-W2021006-126_R2_10dpi","Jan29_22-02-46_2026_up0.55_dwn0.15_spth0.65_salth0.774431645870209","computer_vision","3","88.28"
"3357","098-W2021006-126_R1_10dpi","Jan29_22-02-46_2026_up0.55_dwn0.15_spth0.65_salth0.774431645870209","computer_vision","3","87.96"
"3358","162-W2021011-551_R2_10dpi","Jan29_22-02-46_2026_up0.55_dwn0.15_spth0.65_salth0.774431645870209","computer_vision","3","89.81"
"3359","225-W2021010-327_R2_10dpi","Jan29_22-02-46_2026_up0.55_dwn0.15_spth0.65_salth0.774431645870209","computer_vision","3","81.74"
"3360","001-W2021006-099_R2_10dpi","Jan29_22-02-46_2026_up0.55_dwn0.15_infg0.3_spth0.65_salth0.5","computer_vision","3","1.87"
"3361","003-W2021006-150_R1_10dpi","Jan29_22-02-46_2026_up0.55_dwn0.15_infg0.3_spth0.65_salth0.5","computer_vision","3","0.81"
"3362","004-NUGGET_R2_10dpi","Jan29_22-02-46_2026_up0.55_dwn0.15_infg0.3_spth0.65_salth0.5","computer_vision","3","39"
"3363","012-W2021011-458_R2_10dpi","Jan29_22-02-46_2026_up0.55_dwn0.15_infg0.3_spth0.65_salth0.5","computer_vision","3","0.15"
"3364","013-W2021009-172_R1_10dpi","Jan29_22-02-46_2026_up0.55_dwn0.15_infg0.3_spth0.65_salth0.5","computer_vision","3","3.36"
"3365","013-W2021011-633_R2_10dpi","Jan29_22-02-46_2026_up0.55_dwn0.15_infg0.3_spth0.65_salth0.5","computer_vision","3","26.99"
"3366","015-W2021010-355_R2_10dpi","Jan29_22-02-46_2026_up0.55_dwn0.15_infg0.3_spth0.65_salth0.5","computer_vision","3","4.71"
"3367","017-W2021010-405_R2_10dpi","Jan29_22-02-46_2026_up0.55_dwn0.15_infg0.3_spth0.65_salth0.5","computer_vision","3","0.58"
"3368","018-W2021010-405_R1_10dpi","Jan29_22-02-46_2026_up0.55_dwn0.15_infg0.3_spth0.65_salth0.5","computer_vision","3","7.63"
"3369","018-W2021010-405_R2_10dpi","Jan29_22-02-46_2026_up0.55_dwn0.15_infg0.3_spth0.65_salth0.5","computer_vision","3","0.15"
"3370","025-W2021009-622_R1_10dpi","Jan29_22-02-46_2026_up0.55_dwn0.15_infg0.3_spth0.65_salth0.5","computer_vision","3","85.99"
"3371","026-W2021010-346_R2_10dpi","Jan29_22-02-46_2026_up0.55_dwn0.15_infg0.3_spth0.65_salth0.5","computer_vision","3","0"
"3372","027-W2021009-622_R2_10dpi","Jan29_22-02-46_2026_up0.55_dwn0.15_infg0.3_spth0.65_salth0.5","computer_vision","3","64.1"
"3373","028-W2021010-354_R2_10dpi","Jan29_22-02-46_2026_up0.55_dwn0.15_infg0.3_spth0.65_salth0.5","computer_vision","3","24.02"
"3374","029-W2021010-354_R1_10dpi","Jan29_22-02-46_2026_up0.55_dwn0.15_infg0.3_spth0.65_salth0.5","computer_vision","3","66.72"
"3375","037-W2021009-198_R2_10dpi","Jan29_22-02-46_2026_up0.55_dwn0.15_infg0.3_spth0.65_salth0.5","computer_vision","3","0.31"
"3376","037-W2021009-277_R1_10dpi","Jan29_22-02-46_2026_up0.55_dwn0.15_infg0.3_spth0.65_salth0.5","computer_vision","3","89.11"
"3377","042-W2021006-015_R1_10dpi","Jan29_22-02-46_2026_up0.55_dwn0.15_infg0.3_spth0.65_salth0.5","computer_vision","3","18.05"
"3378","046-W2021009-208_R2_10dpi","Jan29_22-02-46_2026_up0.55_dwn0.15_infg0.3_spth0.65_salth0.5","computer_vision","3","4.66"
"3379","049-W2021011-583_R1_10dpi","Jan29_22-02-46_2026_up0.55_dwn0.15_infg0.3_spth0.65_salth0.5","computer_vision","3","31.52"
"3380","051-W2021010-443_R1_10dpi","Jan29_22-02-46_2026_up0.55_dwn0.15_infg0.3_spth0.65_salth0.5","computer_vision","3","0.14"
"3381","051-W2021011-583_R1_10dpi","Jan29_22-02-46_2026_up0.55_dwn0.15_infg0.3_spth0.65_salth0.5","computer_vision","3","86.77"
"3382","051-W2021011-583_R2_10dpi","Jan29_22-02-46_2026_up0.55_dwn0.15_infg0.3_spth0.65_salth0.5","computer_vision","3","33.24"
"3383","057-W2021011-504_R2_10dpi","Jan29_22-02-46_2026_up0.55_dwn0.15_infg0.3_spth0.65_salth0.5","computer_vision","3","1.87"
"3384","061-W2021011-483_R1_10dpi","Jan29_22-02-46_2026_up0.55_dwn0.15_infg0.3_spth0.65_salth0.5","computer_vision","3","12.01"
"3385","062-W2021010-432_R2_10dpi","Jan29_22-02-46_2026_up0.55_dwn0.15_infg0.3_spth0.65_salth0.5","computer_vision","3","65.27"
"3386","062-W2021011-483_R2_10dpi","Jan29_22-02-46_2026_up0.55_dwn0.15_infg0.3_spth0.65_salth0.5","computer_vision","3","60"
"3387","063-W2021011-594_R1_10dpi","Jan29_22-02-46_2026_up0.55_dwn0.15_infg0.3_spth0.65_salth0.5","computer_vision","3","55.09"
"3388","068-W2021011-574_R2_10dpi","Jan29_22-02-46_2026_up0.55_dwn0.15_infg0.3_spth0.65_salth0.5","computer_vision","3","42.23"
"3389","069-W2021011-574_R1_10dpi","Jan29_22-02-46_2026_up0.55_dwn0.15_infg0.3_spth0.65_salth0.5","computer_vision","3","12.31"
"3390","071-W2021006-142_R1_10dpi","Jan29_22-02-46_2026_up0.55_dwn0.15_infg0.3_spth0.65_salth0.5","computer_vision","3","56.28"
"3391","080-W2021011-586_R2_10dpi","Jan29_22-02-46_2026_up0.55_dwn0.15_infg0.3_spth0.65_salth0.5","computer_vision","3","94.65"
"3392","088-W2021009-288_R2_10dpi","Jan29_22-02-46_2026_up0.55_dwn0.15_infg0.3_spth0.65_salth0.5","computer_vision","3","89.35"
"3393","091-W2021010-394_R2_10dpi","Jan29_22-02-46_2026_up0.55_dwn0.15_infg0.3_spth0.65_salth0.5","computer_vision","3","0.67"
"3394","092-W2021010-394_R1_10dpi","Jan29_22-02-46_2026_up0.55_dwn0.15_infg0.3_spth0.65_salth0.5","computer_vision","3","19.79"
"3395","095-W2021009-283_R1_10dpi","Jan29_22-02-46_2026_up0.55_dwn0.15_infg0.3_spth0.65_salth0.5","computer_vision","3","5.71"
"3396","097-W2021006-126_R2_10dpi","Jan29_22-02-46_2026_up0.55_dwn0.15_infg0.3_spth0.65_salth0.5","computer_vision","3","86.37"
"3397","097-W2021006-611_R1_10dpi","Jan29_22-02-46_2026_up0.55_dwn0.15_infg0.3_spth0.65_salth0.5","computer_vision","3","99.46"
"3398","098-W2021006-126_R1_10dpi","Jan29_22-02-46_2026_up0.55_dwn0.15_infg0.3_spth0.65_salth0.5","computer_vision","3","83.09"
"3399","099-W2021006-611_R2_10dpi","Jan29_22-02-46_2026_up0.55_dwn0.15_infg0.3_spth0.65_salth0.5","computer_vision","3","32.62"
"3400","102-W2021011-565_R2_10dpi","Jan29_22-02-46_2026_up0.55_dwn0.15_infg0.3_spth0.65_salth0.5","computer_vision","3","94.25"
"3401","103-W2021011-591_R2_10dpi","Jan29_22-02-46_2026_up0.55_dwn0.15_infg0.3_spth0.65_salth0.5","computer_vision","3","48.66"
"3402","105-W2021010-625_R1_10dpi","Jan29_22-02-46_2026_up0.55_dwn0.15_infg0.3_spth0.65_salth0.5","computer_vision","3","77.39"
"3403","106-21326M_R1_10dpi","Jan29_22-02-46_2026_up0.55_dwn0.15_infg0.3_spth0.65_salth0.5","computer_vision","3","41.58"
"3404","108-W2021011-550_R2_10dpi","Jan29_22-02-46_2026_up0.55_dwn0.15_infg0.3_spth0.65_salth0.5","computer_vision","3","14.95"
"3405","109-W2021006-102_R2_10dpi","Jan29_22-02-46_2026_up0.55_dwn0.15_infg0.3_spth0.65_salth0.5","computer_vision","3","94.9"
"3406","112-W2021006-046_R1_10dpi","Jan29_22-02-46_2026_up0.55_dwn0.15_infg0.3_spth0.65_salth0.5","computer_vision","3","3.7"
"3407","112-W2021011-554_R1_10dpi","Jan29_22-02-46_2026_up0.55_dwn0.15_infg0.3_spth0.65_salth0.5","computer_vision","3","13.54"
"3408","115-W2021011-638_R1_10dpi","Jan29_22-02-46_2026_up0.55_dwn0.15_infg0.3_spth0.65_salth0.5","computer_vision","3","59.21"
"3409","116-W2021011-504_R2_10dpi","Jan29_22-02-46_2026_up0.55_dwn0.15_infg0.3_spth0.65_salth0.5","computer_vision","3","2.5"
"3410","117-W2021011-504_R1_10dpi","Jan29_22-02-46_2026_up0.55_dwn0.15_infg0.3_spth0.65_salth0.5","computer_vision","3","2.42"
"3411","119-W2021009-171_R2_10dpi","Jan29_22-02-46_2026_up0.55_dwn0.15_infg0.3_spth0.65_salth0.5","computer_vision","3","35.73"
"3412","119-W2021009-299_R2_10dpi","Jan29_22-02-46_2026_up0.55_dwn0.15_infg0.3_spth0.65_salth0.5","computer_vision","3","73.84"
"3413","122-W2021009-267_R2_10dpi","Jan29_22-02-46_2026_up0.55_dwn0.15_infg0.3_spth0.65_salth0.5","computer_vision","3","2.68"
"3414","124-W2021009-278_R1_10dpi","Jan29_22-02-46_2026_up0.55_dwn0.15_infg0.3_spth0.65_salth0.5","computer_vision","3","43.43"
"3415","126-W2021009-278_R2_10dpi","Jan29_22-02-46_2026_up0.55_dwn0.15_infg0.3_spth0.65_salth0.5","computer_vision","3","44.31"
"3416","131-W2021009-252_R2_10dpi","Jan29_22-02-46_2026_up0.55_dwn0.15_infg0.3_spth0.65_salth0.5","computer_vision","3","7.72"
"3417","132-W2021009-252_R1_10dpi","Jan29_22-02-46_2026_up0.55_dwn0.15_infg0.3_spth0.65_salth0.5","computer_vision","3","1.23"
"3418","135-W2021011-581_R1_10dpi","Jan29_22-02-46_2026_up0.55_dwn0.15_infg0.3_spth0.65_salth0.5","computer_vision","3","44.25"
"3419","137-W2021006-128_R2_10dpi","Jan29_22-02-46_2026_up0.55_dwn0.15_infg0.3_spth0.65_salth0.5","computer_vision","3","91.22"
"3420","146-W2021006-613_R1_10dpi","Jan29_22-02-46_2026_up0.55_dwn0.15_infg0.3_spth0.65_salth0.5","computer_vision","3","78.18"
"3421","149-W2021011-462_R1_10dpi","Jan29_22-02-46_2026_up0.55_dwn0.15_infg0.3_spth0.65_salth0.5","computer_vision","3","87.18"
"3422","151-W2021011-479_R2_10dpi","Jan29_22-02-46_2026_up0.55_dwn0.15_infg0.3_spth0.65_salth0.5","computer_vision","3","99.2"
"3423","152-W2021010-301_R2_10dpi","Jan29_22-02-46_2026_up0.55_dwn0.15_infg0.3_spth0.65_salth0.5","computer_vision","3","0.27"
"3424","152-W2021011-479_R1_10dpi","Jan29_22-02-46_2026_up0.55_dwn0.15_infg0.3_spth0.65_salth0.5","computer_vision","3","45.13"
"3425","154-W2021010-419_R2_10dpi","Jan29_22-02-46_2026_up0.55_dwn0.15_infg0.3_spth0.65_salth0.5","computer_vision","3","1.75"
"3426","162-W2021011-551_R2_10dpi","Jan29_22-02-46_2026_up0.55_dwn0.15_infg0.3_spth0.65_salth0.5","computer_vision","3","84.13"
"3427","166-W2021006-123_R1_10dpi","Jan29_22-02-46_2026_up0.55_dwn0.15_infg0.3_spth0.65_salth0.5","computer_vision","3","0.83"
"3428","166-W2021006-146_R1_10dpi","Jan29_22-02-46_2026_up0.55_dwn0.15_infg0.3_spth0.65_salth0.5","computer_vision","3","53.36"
"3429","166-W2021006-146_R2_10dpi","Jan29_22-02-46_2026_up0.55_dwn0.15_infg0.3_spth0.65_salth0.5","computer_vision","3","13.77"
"3430","171-W2021011-584_R1_10dpi","Jan29_22-02-46_2026_up0.55_dwn0.15_infg0.3_spth0.65_salth0.5","computer_vision","3","70.43"
"3431","171-W2021011-584_R2_10dpi","Jan29_22-02-46_2026_up0.55_dwn0.15_infg0.3_spth0.65_salth0.5","computer_vision","3","98.74"
"3432","172-W2021009-156_R2_10dpi","Jan29_22-02-46_2026_up0.55_dwn0.15_infg0.3_spth0.65_salth0.5","computer_vision","3","6.05"
"3433","176-W2021009-256_R2_10dpi","Jan29_22-02-46_2026_up0.55_dwn0.15_infg0.3_spth0.65_salth0.5","computer_vision","3","4.11"
"3434","177-W2021009-194_R2_10dpi","Jan29_22-02-46_2026_up0.55_dwn0.15_infg0.3_spth0.65_salth0.5","computer_vision","3","87.6"
"3435","177-W2021009-256_R1_10dpi","Jan29_22-02-46_2026_up0.55_dwn0.15_infg0.3_spth0.65_salth0.5","computer_vision","3","4.76"
"3436","181-W2021009-251_R2_10dpi","Jan29_22-02-46_2026_up0.55_dwn0.15_infg0.3_spth0.65_salth0.5","computer_vision","3","9.29"
"3437","181-W2021009-295_R2_10dpi","Jan29_22-02-46_2026_up0.55_dwn0.15_infg0.3_spth0.65_salth0.5","computer_vision","3","23.97"
"3438","182-W2021009-251_R1_10dpi","Jan29_22-02-46_2026_up0.55_dwn0.15_infg0.3_spth0.65_salth0.5","computer_vision","3","7.46"
"3439","184-W2021009-199_R1_10dpi","Jan29_22-02-46_2026_up0.55_dwn0.15_infg0.3_spth0.65_salth0.5","computer_vision","3","30.96"
"3440","189-W2021009-257_R2_10dpi","Jan29_22-02-46_2026_up0.55_dwn0.15_infg0.3_spth0.65_salth0.5","computer_vision","3","100"
"3441","190-W2021010-449_R1_10dpi","Jan29_22-02-46_2026_up0.55_dwn0.15_infg0.3_spth0.65_salth0.5","computer_vision","3","35.09"
"3442","192-W2021010-449_R2_10dpi","Jan29_22-02-46_2026_up0.55_dwn0.15_infg0.3_spth0.65_salth0.5","computer_vision","3","66.15"
"3443","193-W2021010-415_R1_10dpi","Jan29_22-02-46_2026_up0.55_dwn0.15_infg0.3_spth0.65_salth0.5","computer_vision","3","3.78"
"3444","194-W2021010-339_R2_10dpi","Jan29_22-02-46_2026_up0.55_dwn0.15_infg0.3_spth0.65_salth0.5","computer_vision","3","2.67"
"3445","206-W2021009-271_R2_10dpi","Jan29_22-02-46_2026_up0.55_dwn0.15_infg0.3_spth0.65_salth0.5","computer_vision","3","84.62"
"3446","207-W2021009-271_R1_10dpi","Jan29_22-02-46_2026_up0.55_dwn0.15_infg0.3_spth0.65_salth0.5","computer_vision","3","39.44"
"3447","207-W2021009-287_R1_10dpi","Jan29_22-02-46_2026_up0.55_dwn0.15_infg0.3_spth0.65_salth0.5","computer_vision","3","8.17"
"3448","209-W2021010-439_R2_10dpi","Jan29_22-02-46_2026_up0.55_dwn0.15_infg0.3_spth0.65_salth0.5","computer_vision","3","60.65"
"3449","214-W2021006-045_R2_10dpi","Jan29_22-02-46_2026_up0.55_dwn0.15_infg0.3_spth0.65_salth0.5","computer_vision","3","30.13"
"3450","215-W2021006-045_R1_10dpi","Jan29_22-02-46_2026_up0.55_dwn0.15_infg0.3_spth0.65_salth0.5","computer_vision","3","76.39"
"3451","225-W2021010-327_R2_10dpi","Jan29_22-02-46_2026_up0.55_dwn0.15_infg0.3_spth0.65_salth0.5","computer_vision","3","71.27"
"3452","226-W2021009-177_R1_10dpi","Jan29_22-02-46_2026_up0.55_dwn0.15_infg0.3_spth0.65_salth0.5","computer_vision","3","9.55"
"3453","233-W2021006-607_R1_10dpi","Jan29_22-02-46_2026_up0.55_dwn0.15_infg0.3_spth0.65_salth0.5","computer_vision","3","16.89"
"3454","238-W2021009-192_R1_10dpi","Jan29_22-02-46_2026_up0.55_dwn0.15_infg0.3_spth0.65_salth0.5","computer_vision","3","80.49"
"3455","242-W2021006-132_R2_10dpi","Jan29_22-02-46_2026_up0.55_dwn0.15_infg0.3_spth0.65_salth0.5","computer_vision","3","99.28"
"3456","262-W2021009-187_R2_10dpi","Jan29_22-02-46_2026_up0.55_dwn0.15_infg0.3_spth0.65_salth0.5","computer_vision","3","78.16"
"3457","264-W2021009-187_R1_10dpi","Jan29_22-02-46_2026_up0.55_dwn0.15_infg0.3_spth0.65_salth0.5","computer_vision","3","27.26"
"3458","285-W2021006-040_R2_10dpi","Jan29_22-02-46_2026_up0.55_dwn0.15_infg0.3_spth0.65_salth0.5","computer_vision","3","38.83"
"3459","293-W2021006-054_R1_10dpi","Jan29_22-02-46_2026_up0.55_dwn0.15_infg0.3_spth0.65_salth0.5","computer_vision","3","50.56"
"3460","311-W2021010-326_R2_10dpi","Jan29_22-02-46_2026_up0.55_dwn0.15_infg0.3_spth0.65_salth0.5","computer_vision","3","1"
"3461","002-W2021006-081_R1_5dpi","Jan29_22-02-46_2026_up0.55_dwn0.15_infg0.3_spth0.65_salth0.5","computer_vision","3","0.45"
"3462","002-W2021010-336_R2_5dpi","Jan29_22-02-46_2026_up0.55_dwn0.15_infg0.3_spth0.65_salth0.5","computer_vision","3","5.44"
"3463","005-W2021011-592_R2_5dpi","Jan29_22-02-46_2026_up0.55_dwn0.15_infg0.3_spth0.65_salth0.5","computer_vision","3","0.7"
"3464","009-W2021010-311_R2_5dpi","Jan29_22-02-46_2026_up0.55_dwn0.15_infg0.3_spth0.65_salth0.5","computer_vision","3","23.11"
"3465","010-W2021010-347_R2_5dpi","Jan29_22-02-46_2026_up0.55_dwn0.15_infg0.3_spth0.65_salth0.5","computer_vision","3","25.32"
"3466","013-W2021009-172_R2_5dpi","Jan29_22-02-46_2026_up0.55_dwn0.15_infg0.3_spth0.65_salth0.5","computer_vision","3","0.59"
"3467","015-W2021009-160_R1_5dpi","Jan29_22-02-46_2026_up0.55_dwn0.15_infg0.3_spth0.65_salth0.5","computer_vision","3","24.71"
"3468","015-W2021011-633_R1_5dpi","Jan29_22-02-46_2026_up0.55_dwn0.15_infg0.3_spth0.65_salth0.5","computer_vision","3","16.69"
"3469","017-W2021006-612_R2_5dpi","Jan29_22-02-46_2026_up0.55_dwn0.15_infg0.3_spth0.65_salth0.5","computer_vision","3","28.26"
"3470","019-W2021010-428_R2_5dpi","Jan29_22-02-46_2026_up0.55_dwn0.15_infg0.3_spth0.65_salth0.5","computer_vision","3","0"
"3471","021-W2021009-175_R1_5dpi","Jan29_22-02-46_2026_up0.55_dwn0.15_infg0.3_spth0.65_salth0.5","computer_vision","3","1.59"
"3472","022-W2021009-198_R2_5dpi","Jan29_22-02-46_2026_up0.55_dwn0.15_infg0.3_spth0.65_salth0.5","computer_vision","3","9.61"
"3473","023-W2021006-049_R1_5dpi","Jan29_22-02-46_2026_up0.55_dwn0.15_infg0.3_spth0.65_salth0.5","computer_vision","3","15.81"
"3474","023-W2021010-305_R2_5dpi","Jan29_22-02-46_2026_up0.55_dwn0.15_infg0.3_spth0.65_salth0.5","computer_vision","3","5.34"
"3475","026-W2021009-622_R2_5dpi","Jan29_22-02-46_2026_up0.55_dwn0.15_infg0.3_spth0.65_salth0.5","computer_vision","3","19.91"
"3476","032-W2021006-041_R2_5dpi","Jan29_22-02-46_2026_up0.55_dwn0.15_infg0.3_spth0.65_salth0.5","computer_vision","3","8.32"
"3477","032-W2021009-155_R1_5dpi","Jan29_22-02-46_2026_up0.55_dwn0.15_infg0.3_spth0.65_salth0.5","computer_vision","3","86.13"
"3478","036-W2021006-047_R2_5dpi","Jan29_22-02-46_2026_up0.55_dwn0.15_infg0.3_spth0.65_salth0.5","computer_vision","3","0.45"
"3479","040-W2021009-207_R1_5dpi","Jan29_22-02-46_2026_up0.55_dwn0.15_infg0.3_spth0.65_salth0.5","computer_vision","3","23.18"
"3480","042-W2021010-429_R1_5dpi","Jan29_22-02-46_2026_up0.55_dwn0.15_infg0.3_spth0.65_salth0.5","computer_vision","3","49.77"
"3481","044-W2021009-169_R2_5dpi","Jan29_22-02-46_2026_up0.55_dwn0.15_infg0.3_spth0.65_salth0.5","computer_vision","3","0.3"
"3482","044-W2021009-618_R1_5dpi","Jan29_22-02-46_2026_up0.55_dwn0.15_infg0.3_spth0.65_salth0.5","computer_vision","3","15.49"
"3483","047-W2021011-482_R1_5dpi","Jan29_22-02-46_2026_up0.55_dwn0.15_infg0.3_spth0.65_salth0.5","computer_vision","3","32.84"
"3484","048-W2021006-147_R1_5dpi","Jan29_22-02-46_2026_up0.55_dwn0.15_infg0.3_spth0.65_salth0.5","computer_vision","3","5.74"
"3485","052-W2021006-004_R2_5dpi","Jan29_22-02-46_2026_up0.55_dwn0.15_infg0.3_spth0.65_salth0.5","computer_vision","3","0.99"
"3486","055-W2021010-341_R2_5dpi","Jan29_22-02-46_2026_up0.55_dwn0.15_infg0.3_spth0.65_salth0.5","computer_vision","3","1.77"
"3487","055-W2021010-397_R2_5dpi","Jan29_22-02-46_2026_up0.55_dwn0.15_infg0.3_spth0.65_salth0.5","computer_vision","3","5.66"
"3488","056-W2021006-609_R1_5dpi","Jan29_22-02-46_2026_up0.55_dwn0.15_infg0.3_spth0.65_salth0.5","computer_vision","3","13.6"
"3489","059-W2021010-434_R1_5dpi","Jan29_22-02-46_2026_up0.55_dwn0.15_infg0.3_spth0.65_salth0.5","computer_vision","3","0.42"
"3490","060-W2021010-324_R2_5dpi","Jan29_22-02-46_2026_up0.55_dwn0.15_infg0.3_spth0.65_salth0.5","computer_vision","3","1.07"
"3491","061-W2021011-483_R1_5dpi","Jan29_22-02-46_2026_up0.55_dwn0.15_infg0.3_spth0.65_salth0.5","computer_vision","3","6.37"
"3492","070-W2021011-486_R2_5dpi","Jan29_22-02-46_2026_up0.55_dwn0.15_infg0.3_spth0.65_salth0.5","computer_vision","3","42.83"
"3493","071-W2021010-323_R1_5dpi","Jan29_22-02-46_2026_up0.55_dwn0.15_infg0.3_spth0.65_salth0.5","computer_vision","3","62.17"
"3494","077-W2021010-351_R2_5dpi","Jan29_22-02-46_2026_up0.55_dwn0.15_infg0.3_spth0.65_salth0.5","computer_vision","3","0.46"
"3495","084-W2021010-319_R1_5dpi","Jan29_22-02-46_2026_up0.55_dwn0.15_infg0.3_spth0.65_salth0.5","computer_vision","3","0.48"
"3496","085-W2021010-630_R1_5dpi","Jan29_22-02-46_2026_up0.55_dwn0.15_infg0.3_spth0.65_salth0.5","computer_vision","3","0"
"3497","091-W2021006-056_R2_5dpi","Jan29_22-02-46_2026_up0.55_dwn0.15_infg0.3_spth0.65_salth0.5","computer_vision","3","1.58"
"3498","094-W2021010-315_R2_5dpi","Jan29_22-02-46_2026_up0.55_dwn0.15_infg0.3_spth0.65_salth0.5","computer_vision","3","0.15"
"3499","095-W2021011-553_R2_5dpi","Jan29_22-02-46_2026_up0.55_dwn0.15_infg0.3_spth0.65_salth0.5","computer_vision","3","1.52"
"3500","097-W2021006-617_R2_5dpi","Jan29_22-02-46_2026_up0.55_dwn0.15_infg0.3_spth0.65_salth0.5","computer_vision","3","22.12"
"3501","097-W2021009-163_R1_5dpi","Jan29_22-02-46_2026_up0.55_dwn0.15_infg0.3_spth0.65_salth0.5","computer_vision","3","58.58"
"3502","099-W2021006-611_R2_5dpi","Jan29_22-02-46_2026_up0.55_dwn0.15_infg0.3_spth0.65_salth0.5","computer_vision","3","24.6"
"3503","101-W2021011-565_R1_5dpi","Jan29_22-02-46_2026_up0.55_dwn0.15_infg0.3_spth0.65_salth0.5","computer_vision","3","79.8"
"3504","105-W2021011-558_R1_5dpi","Jan29_22-02-46_2026_up0.55_dwn0.15_infg0.3_spth0.65_salth0.5","computer_vision","3","0.48"
"3505","110-W2021011-454_R2_5dpi","Jan29_22-02-46_2026_up0.55_dwn0.15_infg0.3_spth0.65_salth0.5","computer_vision","3","9.59"
"3506","111-W2021011-588_R2_5dpi","Jan29_22-02-46_2026_up0.55_dwn0.15_infg0.3_spth0.65_salth0.5","computer_vision","3","5.38"
"3507","121-W2021009-185_R1_5dpi","Jan29_22-02-46_2026_up0.55_dwn0.15_infg0.3_spth0.65_salth0.5","computer_vision","3","4.42"
"3508","123-W2021009-255_R2_5dpi","Jan29_22-02-46_2026_up0.55_dwn0.15_infg0.3_spth0.65_salth0.5","computer_vision","3","8.29"
"3509","123-W2021009-621_R2_5dpi","Jan29_22-02-46_2026_up0.55_dwn0.15_infg0.3_spth0.65_salth0.5","computer_vision","3","6.62"
"3510","127-W2021006-143_R2_5dpi","Jan29_22-02-46_2026_up0.55_dwn0.15_infg0.3_spth0.65_salth0.5","computer_vision","3","0.31"
"3511","127-W2021009-292_R2_5dpi","Jan29_22-02-46_2026_up0.55_dwn0.15_infg0.3_spth0.65_salth0.5","computer_vision","3","81.27"
"3512","128-W2021006-013_R1_5dpi","Jan29_22-02-46_2026_up0.55_dwn0.15_infg0.3_spth0.65_salth0.5","computer_vision","3","66.32"
"3513","129-W2021006-119_R2_5dpi","Jan29_22-02-46_2026_up0.55_dwn0.15_infg0.3_spth0.65_salth0.5","computer_vision","3","5.52"
"3514","132-W2021010-399_R1_5dpi","Jan29_22-02-46_2026_up0.55_dwn0.15_infg0.3_spth0.65_salth0.5","computer_vision","3","0.47"
"3515","132-W2021011-644_R2_5dpi","Jan29_22-02-46_2026_up0.55_dwn0.15_infg0.3_spth0.65_salth0.5","computer_vision","3","10.76"
"3516","134-W2021006-001_R1_5dpi","Jan29_22-02-46_2026_up0.55_dwn0.15_infg0.3_spth0.65_salth0.5","computer_vision","3","41.45"
"3517","134-W2021009-275_R1_5dpi","Jan29_22-02-46_2026_up0.55_dwn0.15_infg0.3_spth0.65_salth0.5","computer_vision","3","22.85"
"3518","137-W2021010-342_R2_5dpi","Jan29_22-02-46_2026_up0.55_dwn0.15_infg0.3_spth0.65_salth0.5","computer_vision","3","2.15"
"3519","138-W2021010-446_R1_5dpi","Jan29_22-02-46_2026_up0.55_dwn0.15_infg0.3_spth0.65_salth0.5","computer_vision","3","1.66"
"3520","141-W2021009-274_R1_5dpi","Jan29_22-02-46_2026_up0.55_dwn0.15_infg0.3_spth0.65_salth0.5","computer_vision","3","85.58"
"3521","143-W2021010-313_R2_5dpi","Jan29_22-02-46_2026_up0.55_dwn0.15_infg0.3_spth0.65_salth0.5","computer_vision","3","0.15"
"3522","148-W2021011-462_R2_5dpi","Jan29_22-02-46_2026_up0.55_dwn0.15_infg0.3_spth0.65_salth0.5","computer_vision","3","24.66"
"3523","149-W2021010-417_R1_5dpi","Jan29_22-02-46_2026_up0.55_dwn0.15_infg0.3_spth0.65_salth0.5","computer_vision","3","8.11"
"3524","154-W2021010-419_R1_5dpi","Jan29_22-02-46_2026_up0.55_dwn0.15_infg0.3_spth0.65_salth0.5","computer_vision","3","0.59"
"3525","155-W2021011-639_R1_5dpi","Jan29_22-02-46_2026_up0.55_dwn0.15_infg0.3_spth0.65_salth0.5","computer_vision","3","2.92"
"3526","156-W2021009-276_R2_5dpi","Jan29_22-02-46_2026_up0.55_dwn0.15_infg0.3_spth0.65_salth0.5","computer_vision","3","6.86"
"3527","158-W2021006-114_R1_5dpi","Jan29_22-02-46_2026_up0.55_dwn0.15_infg0.3_spth0.65_salth0.5","computer_vision","3","45.3"
"3528","167-W2021006-003_R2_5dpi","Jan29_22-02-46_2026_up0.55_dwn0.15_infg0.3_spth0.65_salth0.5","computer_vision","3","3.38"
"3529","169-W2021009-623_R2_5dpi","Jan29_22-02-46_2026_up0.55_dwn0.15_infg0.3_spth0.65_salth0.5","computer_vision","3","79.09"
"3530","169-W2021011-477_R1_5dpi","Jan29_22-02-46_2026_up0.55_dwn0.15_infg0.3_spth0.65_salth0.5","computer_vision","3","32.87"
"3531","172-W2021011-557_R2_5dpi","Jan29_22-02-46_2026_up0.55_dwn0.15_infg0.3_spth0.65_salth0.5","computer_vision","3","8.5"
"3532","173-W2021006-127_R2_5dpi","Jan29_22-02-46_2026_up0.55_dwn0.15_infg0.3_spth0.65_salth0.5","computer_vision","3","1.76"
"3533","174-W2021009-156_R2_5dpi","Jan29_22-02-46_2026_up0.55_dwn0.15_infg0.3_spth0.65_salth0.5","computer_vision","3","10.72"
"3534","176-W2021009-256_R2_5dpi","Jan29_22-02-46_2026_up0.55_dwn0.15_infg0.3_spth0.65_salth0.5","computer_vision","3","1.26"
"3535","177-W2021009-194_R1_5dpi","Jan29_22-02-46_2026_up0.55_dwn0.15_infg0.3_spth0.65_salth0.5","computer_vision","3","7.2"
"3536","180-W2021009-152_R1_5dpi","Jan29_22-02-46_2026_up0.55_dwn0.15_infg0.3_spth0.65_salth0.5","computer_vision","3","17.01"
"3537","180-W2021011-476_R2_5dpi","Jan29_22-02-46_2026_up0.55_dwn0.15_infg0.3_spth0.65_salth0.5","computer_vision","3","71.88"
"3538","182-W2021009-251_R1_5dpi","Jan29_22-02-46_2026_up0.55_dwn0.15_infg0.3_spth0.65_salth0.5","computer_vision","3","0.41"
"3539","183-W2021009-295_R1_5dpi","Jan29_22-02-46_2026_up0.55_dwn0.15_infg0.3_spth0.65_salth0.5","computer_vision","3","3.23"
"3540","185-W2021009-199_R1_5dpi","Jan29_22-02-46_2026_up0.55_dwn0.15_infg0.3_spth0.65_salth0.5","computer_vision","3","8.01"
"3541","185-W2021009-291_R2_5dpi","Jan29_22-02-46_2026_up0.55_dwn0.15_infg0.3_spth0.65_salth0.5","computer_vision","3","3.41"
"3542","187-W2021010-348_R2_5dpi","Jan29_22-02-46_2026_up0.55_dwn0.15_infg0.3_spth0.65_salth0.5","computer_vision","3","77.16"
"3543","191-W2021010-426_R2_5dpi","Jan29_22-02-46_2026_up0.55_dwn0.15_infg0.3_spth0.65_salth0.5","computer_vision","3","0.94"
"3544","191-W2021010-449_R1_5dpi","Jan29_22-02-46_2026_up0.55_dwn0.15_infg0.3_spth0.65_salth0.5","computer_vision","3","12.98"
"3545","192-W2021006-005_R1_5dpi","Jan29_22-02-46_2026_up0.55_dwn0.15_infg0.3_spth0.65_salth0.5","computer_vision","3","1.62"
"3546","206-W2021010-344_R1_5dpi","Jan29_22-02-46_2026_up0.55_dwn0.15_infg0.3_spth0.65_salth0.5","computer_vision","3","1.81"
"3547","207-W2021009-287_R2_5dpi","Jan29_22-02-46_2026_up0.55_dwn0.15_infg0.3_spth0.65_salth0.5","computer_vision","3","0.75"
"3548","208-W2021009-268_R2_5dpi","Jan29_22-02-46_2026_up0.55_dwn0.15_infg0.3_spth0.65_salth0.5","computer_vision","3","30.94"
"3549","209-W2021010-439_R2_5dpi","Jan29_22-02-46_2026_up0.55_dwn0.15_infg0.3_spth0.65_salth0.5","computer_vision","3","36.94"
"3550","211-W2021011-598_R2_5dpi","Jan29_22-02-46_2026_up0.55_dwn0.15_infg0.3_spth0.65_salth0.5","computer_vision","3","14.66"
"3551","215-W2021006-045_R2_5dpi","Jan29_22-02-46_2026_up0.55_dwn0.15_infg0.3_spth0.65_salth0.5","computer_vision","3","10.8"
"3552","223-W2021010-442_R2_5dpi","Jan29_22-02-46_2026_up0.55_dwn0.15_infg0.3_spth0.65_salth0.5","computer_vision","3","40.1"
"3553","226-W2021010-435_R1_5dpi","Jan29_22-02-46_2026_up0.55_dwn0.15_infg0.3_spth0.65_salth0.5","computer_vision","3","1.57"
"3554","230-W2021010-373_R2_5dpi","Jan29_22-02-46_2026_up0.55_dwn0.15_infg0.3_spth0.65_salth0.5","computer_vision","3","98.12"
"3555","233-W2021009-215_R2_5dpi","Jan29_22-02-46_2026_up0.55_dwn0.15_infg0.3_spth0.65_salth0.5","computer_vision","3","13.29"
"3556","240-Symphony_R2_5dpi","Jan29_22-02-46_2026_up0.55_dwn0.15_infg0.3_spth0.65_salth0.5","computer_vision","3","79.59"
"3557","254-W2021010-352_R2_5dpi","Jan29_22-02-46_2026_up0.55_dwn0.15_infg0.3_spth0.65_salth0.5","computer_vision","3","0.91"
"3558","266-W2021009-193_R1_5dpi","Jan29_22-02-46_2026_up0.55_dwn0.15_infg0.3_spth0.65_salth0.5","computer_vision","3","3.27"
"3559","313-W2021010-343_R1_5dpi","Jan29_22-02-46_2026_up0.55_dwn0.15_infg0.3_spth0.65_salth0.5","computer_vision","3","1.16"
"3560","336-W2021011-506_R2_5dpi","Jan29_22-02-46_2026_up0.55_dwn0.15_infg0.3_spth0.65_salth0.5","computer_vision","3","43.8"
"3561","024-W2023023_030_whole_images","Jan29_22-02-46_2026_up0.55_dwn0.15_spth0.65_salth0.743059277534485","computer_vision","3","48.47"
"3562","027-W2023018_086_whole_images","Jan29_22-02-46_2026_up0.55_dwn0.15_spth0.65_salth0.743059277534485","computer_vision","3","1.44"
"3563","035-W2023023_087_r2_whole_images","Jan29_22-02-46_2026_up0.55_dwn0.15_spth0.65_salth0.743059277534485","computer_vision","3","47.86"
"3564","036-W2023023_087_r2_whole_images","Jan29_22-02-46_2026_up0.55_dwn0.15_spth0.65_salth0.743059277534485","computer_vision","3","64.78"
"3565","043-W2023025_033_whole_images","Jan29_22-02-46_2026_up0.55_dwn0.15_spth0.65_salth0.743059277534485","computer_vision","3","38.2"
"3566","070-W2023025_007_whole_images","Jan29_22-02-46_2026_up0.55_dwn0.15_spth0.65_salth0.743059277534485","computer_vision","3","5.27"
"3567","077-W2023027_032_r2_whole_images","Jan29_22-02-46_2026_up0.55_dwn0.15_spth0.65_salth0.743059277534485","computer_vision","3","61.93"
"3568","080-W2023071_034_r2_whole_images","Jan29_22-02-46_2026_up0.55_dwn0.15_spth0.65_salth0.743059277534485","computer_vision","3","0.44"
"3569","100-W2023023_003_whole_images","Jan29_22-02-46_2026_up0.55_dwn0.15_spth0.65_salth0.743059277534485","computer_vision","3","60.68"
"3570","108-W2023025_015_whole_images","Jan29_22-02-46_2026_up0.55_dwn0.15_spth0.65_salth0.743059277534485","computer_vision","3","30.25"
"3571","134-W2023024_087_r2_whole_images","Jan29_22-02-46_2026_up0.55_dwn0.15_spth0.65_salth0.743059277534485","computer_vision","3","92.18"
"3572","164-W2023028_092_r2_whole_images","Jan29_22-02-46_2026_up0.55_dwn0.15_spth0.65_salth0.743059277534485","computer_vision","3","62.43"
"3573","169-W2023022_048_whole_images","Jan29_22-02-46_2026_up0.55_dwn0.15_spth0.65_salth0.743059277534485","computer_vision","3","2.73"
"3574","232-W2023026_056_r2_whole_images","Jan29_22-02-46_2026_up0.55_dwn0.15_spth0.65_salth0.743059277534485","computer_vision","3","21.56"
"3575","233-W2023026_056_r2_whole_images","Jan29_22-02-46_2026_up0.55_dwn0.15_spth0.65_salth0.743059277534485","computer_vision","3","76.87"
"3576","238-W2023025_065_whole_images","Jan29_22-02-46_2026_up0.55_dwn0.15_spth0.65_salth0.743059277534485","computer_vision","3","57.22"
"3577","239-W2023025_065_r2_whole_images","Jan29_22-02-46_2026_up0.55_dwn0.15_spth0.65_salth0.743059277534485","computer_vision","3","25.96"
"3578","242-W2023026_016_whole_images","Jan29_22-02-46_2026_up0.55_dwn0.15_spth0.65_salth0.743059277534485","computer_vision","3","41.2"
"3579","242-W2023026_016_r2_whole_images","Jan29_22-02-46_2026_up0.55_dwn0.15_spth0.65_salth0.743059277534485","computer_vision","3","79.79"
"3580","244-W2023018_085_whole_images","Jan29_22-02-46_2026_up0.55_dwn0.15_spth0.65_salth0.743059277534485","computer_vision","3","81.28"
"3581","253-W2023023_025_whole_images","Jan29_22-02-46_2026_up0.55_dwn0.15_spth0.65_salth0.743059277534485","computer_vision","3","63.13"
"3582","253-W2023023_025_r2_whole_images","Jan29_22-02-46_2026_up0.55_dwn0.15_spth0.65_salth0.743059277534485","computer_vision","3","37.41"
"3583","255-W2023023_025_r2_whole_images","Jan29_22-02-46_2026_up0.55_dwn0.15_spth0.65_salth0.743059277534485","computer_vision","3","68.73"
"3584","271-W2023027_071_r2_whole_images","Jan29_22-02-46_2026_up0.55_dwn0.15_spth0.65_salth0.743059277534485","computer_vision","3","67.77"
"3585","272-W2023027_071_whole_images","Jan29_22-02-46_2026_up0.55_dwn0.15_spth0.65_salth0.743059277534485","computer_vision","3","87.09"
"3586","273-W2023027_071_whole_images","Jan29_22-02-46_2026_up0.55_dwn0.15_spth0.65_salth0.743059277534485","computer_vision","3","86.25"
"3587","283-W2023027_085_whole_images","Jan29_22-02-46_2026_up0.55_dwn0.15_spth0.65_salth0.743059277534485","computer_vision","3","74.95"
"3588","046-W2021009-208_R2_10dpi","Jan22_10-21-00_2026_up0.7_dwn0.1_infg0.3_spth0.7_salth0.7","computer_vision","3","4.81"
"3589","151-W2021011-479_R2_10dpi","Jan22_10-21-00_2026_up0.7_dwn0.1_infg0.3_spth0.7_salth0.7","computer_vision","3","99.36"
"3590","152-W2021010-301_R2_10dpi","Jan22_10-21-00_2026_up0.7_dwn0.1_infg0.3_spth0.7_salth0.7","computer_vision","3","1.84"
"3591","152-W2021011-479_R1_10dpi","Jan22_10-21-00_2026_up0.7_dwn0.1_infg0.3_spth0.7_salth0.7","computer_vision","3","44.79"
"3592","162-W2021011-551_R2_10dpi","Jan22_10-21-00_2026_up0.7_dwn0.1_infg0.3_spth0.7_salth0.7","computer_vision","3","84.35"
"3593","166-W2021006-123_R1_10dpi","Jan22_10-21-00_2026_up0.7_dwn0.1_infg0.3_spth0.7_salth0.7","computer_vision","3","1.2"
"3594","166-W2021006-146_R1_10dpi","Jan22_10-21-00_2026_up0.7_dwn0.1_infg0.3_spth0.7_salth0.7","computer_vision","3","54.72"
"3595","166-W2021006-146_R2_10dpi","Jan22_10-21-00_2026_up0.7_dwn0.1_infg0.3_spth0.7_salth0.7","computer_vision","3","17.39"
"3596","171-W2021011-584_R1_10dpi","Jan22_10-21-00_2026_up0.7_dwn0.1_infg0.3_spth0.7_salth0.7","computer_vision","3","71.26"
"3597","181-W2021009-295_R2_10dpi","Jan22_10-21-00_2026_up0.7_dwn0.1_infg0.3_spth0.7_salth0.7","computer_vision","3","28.68"
"3598","182-W2021009-251_R1_10dpi","Jan22_10-21-00_2026_up0.7_dwn0.1_infg0.3_spth0.7_salth0.7","computer_vision","3","6.97"
"3599","192-W2021010-449_R2_10dpi","Jan22_10-21-00_2026_up0.7_dwn0.1_infg0.3_spth0.7_salth0.7","computer_vision","3","68.09"
"3600","206-W2021009-271_R2_10dpi","Jan22_10-21-00_2026_up0.7_dwn0.1_infg0.3_spth0.7_salth0.7","computer_vision","3","84.77"
"3601","207-W2021009-271_R1_10dpi","Jan22_10-21-00_2026_up0.7_dwn0.1_infg0.3_spth0.7_salth0.7","computer_vision","3","41.84"
"3602","233-W2021006-607_R1_10dpi","Jan22_10-21-00_2026_up0.7_dwn0.1_infg0.3_spth0.7_salth0.7","computer_vision","3","23.62"
"3603","005-W2021011-592_R2_5dpi","Jan22_10-21-00_2026_up0.7_dwn0.1_infg0.3_spth0.7_salth0.7","computer_vision","3","0.85"
"3604","022-W2021009-198_R2_5dpi","Jan22_10-21-00_2026_up0.7_dwn0.1_infg0.3_spth0.7_salth0.7","computer_vision","3","18.2"
"3605","047-W2021011-482_R1_5dpi","Jan22_10-21-00_2026_up0.7_dwn0.1_infg0.3_spth0.7_salth0.7","computer_vision","3","41.15"
"3606","055-W2021010-397_R2_5dpi","Jan22_10-21-00_2026_up0.7_dwn0.1_infg0.3_spth0.7_salth0.7","computer_vision","3","10.7"
"3607","121-W2021009-185_R1_5dpi","Jan22_10-21-00_2026_up0.7_dwn0.1_infg0.3_spth0.7_salth0.7","computer_vision","3","9.91"
"3608","128-W2021006-013_R1_5dpi","Jan22_10-21-00_2026_up0.7_dwn0.1_infg0.3_spth0.7_salth0.7","computer_vision","3","77.37"
"3609","149-W2021010-417_R1_5dpi","Jan22_10-21-00_2026_up0.7_dwn0.1_infg0.3_spth0.7_salth0.7","computer_vision","3","12.44"
"3610","156-W2021009-276_R2_5dpi","Jan22_10-21-00_2026_up0.7_dwn0.1_infg0.3_spth0.7_salth0.7","computer_vision","3","7.24"
"3611","172-W2021011-557_R2_5dpi","Jan22_10-21-00_2026_up0.7_dwn0.1_infg0.3_spth0.7_salth0.7","computer_vision","3","8.12"
"3612","180-W2021011-476_R2_5dpi","Jan22_10-21-00_2026_up0.7_dwn0.1_infg0.3_spth0.7_salth0.7","computer_vision","3","78.63"
"3613","183-W2021009-295_R1_5dpi","Jan22_10-21-00_2026_up0.7_dwn0.1_infg0.3_spth0.7_salth0.7","computer_vision","3","6.19"
"3614","187-W2021010-348_R2_5dpi","Jan22_10-21-00_2026_up0.7_dwn0.1_infg0.3_spth0.7_salth0.7","computer_vision","3","85.17"
"3615","206-W2021010-344_R1_5dpi","Jan22_10-21-00_2026_up0.7_dwn0.1_infg0.3_spth0.7_salth0.7","computer_vision","3","5.24"
"3616","208-W2021009-268_R2_5dpi","Jan22_10-21-00_2026_up0.7_dwn0.1_infg0.3_spth0.7_salth0.7","computer_vision","3","30.43"
"3617","254-W2021010-352_R2_5dpi","Jan22_10-21-00_2026_up0.7_dwn0.1_infg0.3_spth0.7_salth0.7","computer_vision","3","1.84"
"3618","046-W2021009-208_R2_10dpi","Feb14_15-53-04_2024_up0.8_dwn0.1_salth0.7","computer_vision","2","3.5"
"3619","151-W2021011-479_R2_10dpi","Feb14_15-53-04_2024_up0.8_dwn0.1_salth0.7","computer_vision","2","100"
"3620","152-W2021010-301_R2_10dpi","Feb14_15-53-04_2024_up0.8_dwn0.1_salth0.7","computer_vision","2","0.14"
"3621","152-W2021011-479_R1_10dpi","Feb14_15-53-04_2024_up0.8_dwn0.1_salth0.7","computer_vision","2","42.55"
"3622","162-W2021011-551_R2_10dpi","Feb14_15-53-04_2024_up0.8_dwn0.1_salth0.7","computer_vision","2","86.96"
"3623","166-W2021006-123_R1_10dpi","Feb14_15-53-04_2024_up0.8_dwn0.1_salth0.7","computer_vision","2","0.73"
"3624","166-W2021006-146_R1_10dpi","Feb14_15-53-04_2024_up0.8_dwn0.1_salth0.7","computer_vision","2","54.31"
"3625","166-W2021006-146_R2_10dpi","Feb14_15-53-04_2024_up0.8_dwn0.1_salth0.7","computer_vision","2","14.22"
"3626","171-W2021011-584_R1_10dpi","Feb14_15-53-04_2024_up0.8_dwn0.1_salth0.7","computer_vision","2","71.28"
"3627","181-W2021009-295_R2_10dpi","Feb14_15-53-04_2024_up0.8_dwn0.1_salth0.7","computer_vision","2","24.72"
"3628","182-W2021009-251_R1_10dpi","Feb14_15-53-04_2024_up0.8_dwn0.1_salth0.7","computer_vision","2","4.78"
"3629","192-W2021010-449_R2_10dpi","Feb14_15-53-04_2024_up0.8_dwn0.1_salth0.7","computer_vision","2","68.77"
"3630","206-W2021009-271_R2_10dpi","Feb14_15-53-04_2024_up0.8_dwn0.1_salth0.7","computer_vision","2","87.68"
"3631","207-W2021009-271_R1_10dpi","Feb14_15-53-04_2024_up0.8_dwn0.1_salth0.7","computer_vision","2","38.21"
"3632","233-W2021006-607_R1_10dpi","Feb14_15-53-04_2024_up0.8_dwn0.1_salth0.7","computer_vision","2","15.6"
"3633","005-W2021011-592_R2_5dpi","Feb14_15-53-04_2024_up0.8_dwn0.1_salth0.7","computer_vision","2","0.87"
"3634","022-W2021009-198_R2_5dpi","Feb14_15-53-04_2024_up0.8_dwn0.1_salth0.7","computer_vision","2","1.6"
"3635","047-W2021011-482_R1_5dpi","Feb14_15-53-04_2024_up0.8_dwn0.1_salth0.7","computer_vision","2","36.05"
"3636","055-W2021010-397_R2_5dpi","Feb14_15-53-04_2024_up0.8_dwn0.1_salth0.7","computer_vision","2","5.26"
"3637","121-W2021009-185_R1_5dpi","Feb14_15-53-04_2024_up0.8_dwn0.1_salth0.7","computer_vision","2","0.17"
"3638","128-W2021006-013_R1_5dpi","Feb14_15-53-04_2024_up0.8_dwn0.1_salth0.7","computer_vision","2","75.68"
"3639","149-W2021010-417_R1_5dpi","Feb14_15-53-04_2024_up0.8_dwn0.1_salth0.7","computer_vision","2","8.46"
"3640","156-W2021009-276_R2_5dpi","Feb14_15-53-04_2024_up0.8_dwn0.1_salth0.7","computer_vision","2","6.59"
"3641","172-W2021011-557_R2_5dpi","Feb14_15-53-04_2024_up0.8_dwn0.1_salth0.7","computer_vision","2","7.34"
"3642","180-W2021011-476_R2_5dpi","Feb14_15-53-04_2024_up0.8_dwn0.1_salth0.7","computer_vision","2","49.53"
"3643","183-W2021009-295_R1_5dpi","Feb14_15-53-04_2024_up0.8_dwn0.1_salth0.7","computer_vision","2","3.82"
"3644","187-W2021010-348_R2_5dpi","Feb14_15-53-04_2024_up0.8_dwn0.1_salth0.7","computer_vision","2","76.03"
"3645","206-W2021010-344_R1_5dpi","Feb14_15-53-04_2024_up0.8_dwn0.1_salth0.7","computer_vision","2","0.36"
"3646","208-W2021009-268_R2_5dpi","Feb14_15-53-04_2024_up0.8_dwn0.1_salth0.7","computer_vision","2","30.8"
"3647","254-W2021010-352_R2_5dpi","Feb14_15-53-04_2024_up0.8_dwn0.1_salth0.7","computer_vision","2","0.2"
"3648","046-W2021009-208_R2_10dpi","Jan22_10-21-00_2026_up0.8_dwn0.1_infg0.3_spth0.7_salth0.7","computer_vision","3","4.66"
"3649","151-W2021011-479_R2_10dpi","Jan22_10-21-00_2026_up0.8_dwn0.1_infg0.3_spth0.7_salth0.7","computer_vision","3","99.36"
"3650","152-W2021010-301_R2_10dpi","Jan22_10-21-00_2026_up0.8_dwn0.1_infg0.3_spth0.7_salth0.7","computer_vision","3","1.42"
"3651","152-W2021011-479_R1_10dpi","Jan22_10-21-00_2026_up0.8_dwn0.1_infg0.3_spth0.7_salth0.7","computer_vision","3","44.27"
"3652","162-W2021011-551_R2_10dpi","Jan22_10-21-00_2026_up0.8_dwn0.1_infg0.3_spth0.7_salth0.7","computer_vision","3","84.26"
"3653","166-W2021006-123_R1_10dpi","Jan22_10-21-00_2026_up0.8_dwn0.1_infg0.3_spth0.7_salth0.7","computer_vision","3","0.86"
"3654","166-W2021006-146_R1_10dpi","Jan22_10-21-00_2026_up0.8_dwn0.1_infg0.3_spth0.7_salth0.7","computer_vision","3","54.45"
"3655","166-W2021006-146_R2_10dpi","Jan22_10-21-00_2026_up0.8_dwn0.1_infg0.3_spth0.7_salth0.7","computer_vision","3","16.61"
"3656","171-W2021011-584_R1_10dpi","Jan22_10-21-00_2026_up0.8_dwn0.1_infg0.3_spth0.7_salth0.7","computer_vision","3","70.8"
"3657","181-W2021009-295_R2_10dpi","Jan22_10-21-00_2026_up0.8_dwn0.1_infg0.3_spth0.7_salth0.7","computer_vision","3","28.24"
"3658","182-W2021009-251_R1_10dpi","Jan22_10-21-00_2026_up0.8_dwn0.1_infg0.3_spth0.7_salth0.7","computer_vision","3","6.53"
"3659","192-W2021010-449_R2_10dpi","Jan22_10-21-00_2026_up0.8_dwn0.1_infg0.3_spth0.7_salth0.7","computer_vision","3","68.04"
"3660","206-W2021009-271_R2_10dpi","Jan22_10-21-00_2026_up0.8_dwn0.1_infg0.3_spth0.7_salth0.7","computer_vision","3","84.66"
"3661","207-W2021009-271_R1_10dpi","Jan22_10-21-00_2026_up0.8_dwn0.1_infg0.3_spth0.7_salth0.7","computer_vision","3","41.06"
"3662","233-W2021006-607_R1_10dpi","Jan22_10-21-00_2026_up0.8_dwn0.1_infg0.3_spth0.7_salth0.7","computer_vision","3","22.52"
"3663","046-W2021009-208_R2_10dpi","Jan22_10-21-00_2026_up0.8_dwn0.1_infg0.3_spth0.9_salth0.7","computer_vision","3","4.66"
"3664","151-W2021011-479_R2_10dpi","Jan22_10-21-00_2026_up0.8_dwn0.1_infg0.3_spth0.9_salth0.7","computer_vision","3","99.36"
"3665","152-W2021010-301_R2_10dpi","Jan22_10-21-00_2026_up0.8_dwn0.1_infg0.3_spth0.9_salth0.7","computer_vision","3","1.42"
"3666","152-W2021011-479_R1_10dpi","Jan22_10-21-00_2026_up0.8_dwn0.1_infg0.3_spth0.9_salth0.7","computer_vision","3","44.27"
"3667","162-W2021011-551_R2_10dpi","Jan22_10-21-00_2026_up0.8_dwn0.1_infg0.3_spth0.9_salth0.7","computer_vision","3","84.26"
"3668","166-W2021006-123_R1_10dpi","Jan22_10-21-00_2026_up0.8_dwn0.1_infg0.3_spth0.9_salth0.7","computer_vision","3","0.86"
"3669","166-W2021006-146_R1_10dpi","Jan22_10-21-00_2026_up0.8_dwn0.1_infg0.3_spth0.9_salth0.7","computer_vision","3","54.38"
"3670","166-W2021006-146_R2_10dpi","Jan22_10-21-00_2026_up0.8_dwn0.1_infg0.3_spth0.9_salth0.7","computer_vision","3","16.61"
"3671","171-W2021011-584_R1_10dpi","Jan22_10-21-00_2026_up0.8_dwn0.1_infg0.3_spth0.9_salth0.7","computer_vision","3","70.75"
"3672","181-W2021009-295_R2_10dpi","Jan22_10-21-00_2026_up0.8_dwn0.1_infg0.3_spth0.9_salth0.7","computer_vision","3","28.24"
"3673","182-W2021009-251_R1_10dpi","Jan22_10-21-00_2026_up0.8_dwn0.1_infg0.3_spth0.9_salth0.7","computer_vision","3","6.53"
"3674","192-W2021010-449_R2_10dpi","Jan22_10-21-00_2026_up0.8_dwn0.1_infg0.3_spth0.9_salth0.7","computer_vision","3","68.04"
"3675","206-W2021009-271_R2_10dpi","Jan22_10-21-00_2026_up0.8_dwn0.1_infg0.3_spth0.9_salth0.7","computer_vision","3","84.66"
"3676","207-W2021009-271_R1_10dpi","Jan22_10-21-00_2026_up0.8_dwn0.1_infg0.3_spth0.9_salth0.7","computer_vision","3","41.06"
"3677","233-W2021006-607_R1_10dpi","Jan22_10-21-00_2026_up0.8_dwn0.1_infg0.3_spth0.9_salth0.7","computer_vision","3","22.52"
"3678","046-W2021009-208_R2_10dpi","Jan22_10-21-00_2026_up0.8_dwn0.1_infg0.5_spth0.7_salth0.7","computer_vision","3","4.66"
"3679","151-W2021011-479_R2_10dpi","Jan22_10-21-00_2026_up0.8_dwn0.1_infg0.5_spth0.7_salth0.7","computer_vision","3","99.36"
"3680","152-W2021010-301_R2_10dpi","Jan22_10-21-00_2026_up0.8_dwn0.1_infg0.5_spth0.7_salth0.7","computer_vision","3","1.42"
"3681","152-W2021011-479_R1_10dpi","Jan22_10-21-00_2026_up0.8_dwn0.1_infg0.5_spth0.7_salth0.7","computer_vision","3","44.27"
"3682","162-W2021011-551_R2_10dpi","Jan22_10-21-00_2026_up0.8_dwn0.1_infg0.5_spth0.7_salth0.7","computer_vision","3","84.26"
"3683","166-W2021006-123_R1_10dpi","Jan22_10-21-00_2026_up0.8_dwn0.1_infg0.5_spth0.7_salth0.7","computer_vision","3","0.86"
"3684","166-W2021006-146_R1_10dpi","Jan22_10-21-00_2026_up0.8_dwn0.1_infg0.5_spth0.7_salth0.7","computer_vision","3","54.45"
"3685","166-W2021006-146_R2_10dpi","Jan22_10-21-00_2026_up0.8_dwn0.1_infg0.5_spth0.7_salth0.7","computer_vision","3","16.61"
"3686","171-W2021011-584_R1_10dpi","Jan22_10-21-00_2026_up0.8_dwn0.1_infg0.5_spth0.7_salth0.7","computer_vision","3","70.8"
"3687","181-W2021009-295_R2_10dpi","Jan22_10-21-00_2026_up0.8_dwn0.1_infg0.5_spth0.7_salth0.7","computer_vision","3","28.24"
"3688","182-W2021009-251_R1_10dpi","Jan22_10-21-00_2026_up0.8_dwn0.1_infg0.5_spth0.7_salth0.7","computer_vision","3","6.53"
"3689","192-W2021010-449_R2_10dpi","Jan22_10-21-00_2026_up0.8_dwn0.1_infg0.5_spth0.7_salth0.7","computer_vision","3","68.04"
"3690","206-W2021009-271_R2_10dpi","Jan22_10-21-00_2026_up0.8_dwn0.1_infg0.5_spth0.7_salth0.7","computer_vision","3","84.66"
"3691","207-W2021009-271_R1_10dpi","Jan22_10-21-00_2026_up0.8_dwn0.1_infg0.5_spth0.7_salth0.7","computer_vision","3","41.06"
"3692","233-W2021006-607_R1_10dpi","Jan22_10-21-00_2026_up0.8_dwn0.1_infg0.5_spth0.7_salth0.7","computer_vision","3","22.52"
"3693","046-W2021009-208_R2_10dpi","Jan22_10-21-00_2026_up0.8_dwn0.1_infg0.5_spth0.9_salth0.7","computer_vision","3","4.66"
"3694","151-W2021011-479_R2_10dpi","Jan22_10-21-00_2026_up0.8_dwn0.1_infg0.5_spth0.9_salth0.7","computer_vision","3","99.36"
"3695","152-W2021010-301_R2_10dpi","Jan22_10-21-00_2026_up0.8_dwn0.1_infg0.5_spth0.9_salth0.7","computer_vision","3","1.42"
"3696","152-W2021011-479_R1_10dpi","Jan22_10-21-00_2026_up0.8_dwn0.1_infg0.5_spth0.9_salth0.7","computer_vision","3","44.27"
"3697","162-W2021011-551_R2_10dpi","Jan22_10-21-00_2026_up0.8_dwn0.1_infg0.5_spth0.9_salth0.7","computer_vision","3","84.26"
"3698","166-W2021006-123_R1_10dpi","Jan22_10-21-00_2026_up0.8_dwn0.1_infg0.5_spth0.9_salth0.7","computer_vision","3","0.86"
"3699","166-W2021006-146_R1_10dpi","Jan22_10-21-00_2026_up0.8_dwn0.1_infg0.5_spth0.9_salth0.7","computer_vision","3","54.38"
"3700","166-W2021006-146_R2_10dpi","Jan22_10-21-00_2026_up0.8_dwn0.1_infg0.5_spth0.9_salth0.7","computer_vision","3","16.61"
"3701","171-W2021011-584_R1_10dpi","Jan22_10-21-00_2026_up0.8_dwn0.1_infg0.5_spth0.9_salth0.7","computer_vision","3","70.75"
"3702","181-W2021009-295_R2_10dpi","Jan22_10-21-00_2026_up0.8_dwn0.1_infg0.5_spth0.9_salth0.7","computer_vision","3","28.24"
"3703","182-W2021009-251_R1_10dpi","Jan22_10-21-00_2026_up0.8_dwn0.1_infg0.5_spth0.9_salth0.7","computer_vision","3","6.53"
"3704","192-W2021010-449_R2_10dpi","Jan22_10-21-00_2026_up0.8_dwn0.1_infg0.5_spth0.9_salth0.7","computer_vision","3","68.04"
"3705","206-W2021009-271_R2_10dpi","Jan22_10-21-00_2026_up0.8_dwn0.1_infg0.5_spth0.9_salth0.7","computer_vision","3","84.66"
"3706","207-W2021009-271_R1_10dpi","Jan22_10-21-00_2026_up0.8_dwn0.1_infg0.5_spth0.9_salth0.7","computer_vision","3","41.06"
"3707","233-W2021006-607_R1_10dpi","Jan22_10-21-00_2026_up0.8_dwn0.1_infg0.5_spth0.9_salth0.7","computer_vision","3","22.52"
"3708","005-W2021011-592_R2_5dpi","Jan22_10-21-00_2026_up0.8_dwn0.1_infg0.3_spth0.7_salth0.7","computer_vision","3","0.85"
"3709","022-W2021009-198_R2_5dpi","Jan22_10-21-00_2026_up0.8_dwn0.1_infg0.3_spth0.7_salth0.7","computer_vision","3","15.61"
"3710","047-W2021011-482_R1_5dpi","Jan22_10-21-00_2026_up0.8_dwn0.1_infg0.3_spth0.7_salth0.7","computer_vision","3","40.63"
"3711","055-W2021010-397_R2_5dpi","Jan22_10-21-00_2026_up0.8_dwn0.1_infg0.3_spth0.7_salth0.7","computer_vision","3","8.47"
"3712","121-W2021009-185_R1_5dpi","Jan22_10-21-00_2026_up0.8_dwn0.1_infg0.3_spth0.7_salth0.7","computer_vision","3","7.99"
"3713","128-W2021006-013_R1_5dpi","Jan22_10-21-00_2026_up0.8_dwn0.1_infg0.3_spth0.7_salth0.7","computer_vision","3","76.84"
"3714","149-W2021010-417_R1_5dpi","Jan22_10-21-00_2026_up0.8_dwn0.1_infg0.3_spth0.7_salth0.7","computer_vision","3","11.32"
"3715","156-W2021009-276_R2_5dpi","Jan22_10-21-00_2026_up0.8_dwn0.1_infg0.3_spth0.7_salth0.7","computer_vision","3","6.83"
"3716","172-W2021011-557_R2_5dpi","Jan22_10-21-00_2026_up0.8_dwn0.1_infg0.3_spth0.7_salth0.7","computer_vision","3","7.74"
"3717","180-W2021011-476_R2_5dpi","Jan22_10-21-00_2026_up0.8_dwn0.1_infg0.3_spth0.7_salth0.7","computer_vision","3","78.18"
"3718","183-W2021009-295_R1_5dpi","Jan22_10-21-00_2026_up0.8_dwn0.1_infg0.3_spth0.7_salth0.7","computer_vision","3","5.86"
"3719","187-W2021010-348_R2_5dpi","Jan22_10-21-00_2026_up0.8_dwn0.1_infg0.3_spth0.7_salth0.7","computer_vision","3","84.91"
"3720","206-W2021010-344_R1_5dpi","Jan22_10-21-00_2026_up0.8_dwn0.1_infg0.3_spth0.7_salth0.7","computer_vision","3","4.74"
"3721","208-W2021009-268_R2_5dpi","Jan22_10-21-00_2026_up0.8_dwn0.1_infg0.3_spth0.7_salth0.7","computer_vision","3","29.53"
"3722","254-W2021010-352_R2_5dpi","Jan22_10-21-00_2026_up0.8_dwn0.1_infg0.3_spth0.7_salth0.7","computer_vision","3","1.48"
"3723","005-W2021011-592_R2_5dpi","Jan22_10-21-00_2026_up0.8_dwn0.1_infg0.3_spth0.9_salth0.7","computer_vision","3","0.85"
"3724","022-W2021009-198_R2_5dpi","Jan22_10-21-00_2026_up0.8_dwn0.1_infg0.3_spth0.9_salth0.7","computer_vision","3","15.61"
"3725","047-W2021011-482_R1_5dpi","Jan22_10-21-00_2026_up0.8_dwn0.1_infg0.3_spth0.9_salth0.7","computer_vision","3","40.63"
"3726","055-W2021010-397_R2_5dpi","Jan22_10-21-00_2026_up0.8_dwn0.1_infg0.3_spth0.9_salth0.7","computer_vision","3","8.47"
"3727","121-W2021009-185_R1_5dpi","Jan22_10-21-00_2026_up0.8_dwn0.1_infg0.3_spth0.9_salth0.7","computer_vision","3","7.99"
"3728","128-W2021006-013_R1_5dpi","Jan22_10-21-00_2026_up0.8_dwn0.1_infg0.3_spth0.9_salth0.7","computer_vision","3","76.84"
"3729","149-W2021010-417_R1_5dpi","Jan22_10-21-00_2026_up0.8_dwn0.1_infg0.3_spth0.9_salth0.7","computer_vision","3","11.32"
"3730","156-W2021009-276_R2_5dpi","Jan22_10-21-00_2026_up0.8_dwn0.1_infg0.3_spth0.9_salth0.7","computer_vision","3","6.83"
"3731","172-W2021011-557_R2_5dpi","Jan22_10-21-00_2026_up0.8_dwn0.1_infg0.3_spth0.9_salth0.7","computer_vision","3","7.74"
"3732","180-W2021011-476_R2_5dpi","Jan22_10-21-00_2026_up0.8_dwn0.1_infg0.3_spth0.9_salth0.7","computer_vision","3","78.18"
"3733","183-W2021009-295_R1_5dpi","Jan22_10-21-00_2026_up0.8_dwn0.1_infg0.3_spth0.9_salth0.7","computer_vision","3","5.86"
"3734","187-W2021010-348_R2_5dpi","Jan22_10-21-00_2026_up0.8_dwn0.1_infg0.3_spth0.9_salth0.7","computer_vision","3","84.91"
"3735","206-W2021010-344_R1_5dpi","Jan22_10-21-00_2026_up0.8_dwn0.1_infg0.3_spth0.9_salth0.7","computer_vision","3","4.74"
"3736","208-W2021009-268_R2_5dpi","Jan22_10-21-00_2026_up0.8_dwn0.1_infg0.3_spth0.9_salth0.7","computer_vision","3","29.53"
"3737","254-W2021010-352_R2_5dpi","Jan22_10-21-00_2026_up0.8_dwn0.1_infg0.3_spth0.9_salth0.7","computer_vision","3","1.48"
"3738","005-W2021011-592_R2_5dpi","Jan22_10-21-00_2026_up0.8_dwn0.1_infg0.5_spth0.7_salth0.7","computer_vision","3","0.85"
"3739","022-W2021009-198_R2_5dpi","Jan22_10-21-00_2026_up0.8_dwn0.1_infg0.5_spth0.7_salth0.7","computer_vision","3","15.61"
"3740","047-W2021011-482_R1_5dpi","Jan22_10-21-00_2026_up0.8_dwn0.1_infg0.5_spth0.7_salth0.7","computer_vision","3","40.63"
"3741","055-W2021010-397_R2_5dpi","Jan22_10-21-00_2026_up0.8_dwn0.1_infg0.5_spth0.7_salth0.7","computer_vision","3","8.47"
"3742","121-W2021009-185_R1_5dpi","Jan22_10-21-00_2026_up0.8_dwn0.1_infg0.5_spth0.7_salth0.7","computer_vision","3","7.99"
"3743","128-W2021006-013_R1_5dpi","Jan22_10-21-00_2026_up0.8_dwn0.1_infg0.5_spth0.7_salth0.7","computer_vision","3","76.84"
"3744","149-W2021010-417_R1_5dpi","Jan22_10-21-00_2026_up0.8_dwn0.1_infg0.5_spth0.7_salth0.7","computer_vision","3","11.32"
"3745","156-W2021009-276_R2_5dpi","Jan22_10-21-00_2026_up0.8_dwn0.1_infg0.5_spth0.7_salth0.7","computer_vision","3","6.83"
"3746","172-W2021011-557_R2_5dpi","Jan22_10-21-00_2026_up0.8_dwn0.1_infg0.5_spth0.7_salth0.7","computer_vision","3","7.74"
"3747","180-W2021011-476_R2_5dpi","Jan22_10-21-00_2026_up0.8_dwn0.1_infg0.5_spth0.7_salth0.7","computer_vision","3","78.18"
"3748","183-W2021009-295_R1_5dpi","Jan22_10-21-00_2026_up0.8_dwn0.1_infg0.5_spth0.7_salth0.7","computer_vision","3","5.86"
"3749","187-W2021010-348_R2_5dpi","Jan22_10-21-00_2026_up0.8_dwn0.1_infg0.5_spth0.7_salth0.7","computer_vision","3","84.91"
"3750","206-W2021010-344_R1_5dpi","Jan22_10-21-00_2026_up0.8_dwn0.1_infg0.5_spth0.7_salth0.7","computer_vision","3","4.74"
"3751","208-W2021009-268_R2_5dpi","Jan22_10-21-00_2026_up0.8_dwn0.1_infg0.5_spth0.7_salth0.7","computer_vision","3","29.53"
"3752","254-W2021010-352_R2_5dpi","Jan22_10-21-00_2026_up0.8_dwn0.1_infg0.5_spth0.7_salth0.7","computer_vision","3","1.48"
"3753","005-W2021011-592_R2_5dpi","Jan22_10-21-00_2026_up0.8_dwn0.1_infg0.5_spth0.9_salth0.7","computer_vision","3","0.85"
"3754","022-W2021009-198_R2_5dpi","Jan22_10-21-00_2026_up0.8_dwn0.1_infg0.5_spth0.9_salth0.7","computer_vision","3","15.61"
"3755","047-W2021011-482_R1_5dpi","Jan22_10-21-00_2026_up0.8_dwn0.1_infg0.5_spth0.9_salth0.7","computer_vision","3","40.63"
"3756","055-W2021010-397_R2_5dpi","Jan22_10-21-00_2026_up0.8_dwn0.1_infg0.5_spth0.9_salth0.7","computer_vision","3","8.47"
"3757","121-W2021009-185_R1_5dpi","Jan22_10-21-00_2026_up0.8_dwn0.1_infg0.5_spth0.9_salth0.7","computer_vision","3","7.99"
"3758","128-W2021006-013_R1_5dpi","Jan22_10-21-00_2026_up0.8_dwn0.1_infg0.5_spth0.9_salth0.7","computer_vision","3","76.84"
"3759","149-W2021010-417_R1_5dpi","Jan22_10-21-00_2026_up0.8_dwn0.1_infg0.5_spth0.9_salth0.7","computer_vision","3","11.32"
"3760","156-W2021009-276_R2_5dpi","Jan22_10-21-00_2026_up0.8_dwn0.1_infg0.5_spth0.9_salth0.7","computer_vision","3","6.83"
"3761","172-W2021011-557_R2_5dpi","Jan22_10-21-00_2026_up0.8_dwn0.1_infg0.5_spth0.9_salth0.7","computer_vision","3","7.74"
"3762","180-W2021011-476_R2_5dpi","Jan22_10-21-00_2026_up0.8_dwn0.1_infg0.5_spth0.9_salth0.7","computer_vision","3","78.18"
"3763","183-W2021009-295_R1_5dpi","Jan22_10-21-00_2026_up0.8_dwn0.1_infg0.5_spth0.9_salth0.7","computer_vision","3","5.86"
"3764","187-W2021010-348_R2_5dpi","Jan22_10-21-00_2026_up0.8_dwn0.1_infg0.5_spth0.9_salth0.7","computer_vision","3","84.91"
"3765","206-W2021010-344_R1_5dpi","Jan22_10-21-00_2026_up0.8_dwn0.1_infg0.5_spth0.9_salth0.7","computer_vision","3","4.74"
"3766","208-W2021009-268_R2_5dpi","Jan22_10-21-00_2026_up0.8_dwn0.1_infg0.5_spth0.9_salth0.7","computer_vision","3","29.53"
"3767","254-W2021010-352_R2_5dpi","Jan22_10-21-00_2026_up0.8_dwn0.1_infg0.5_spth0.9_salth0.7","computer_vision","3","1.48"
"3768","013-W2021011-633_R2_10dpi","Feb14_15-53-04_2024_up0.8_dwn0.3_salth0.7","computer_vision","2","26.6"
"3769","026-W2021010-346_R2_10dpi","Feb14_15-53-04_2024_up0.8_dwn0.3_salth0.7","computer_vision","2","0"
"3770","042-W2021006-015_R1_10dpi","Feb14_15-53-04_2024_up0.8_dwn0.3_salth0.7","computer_vision","2","15.19"
"3771","057-W2021011-504_R2_10dpi","Feb14_15-53-04_2024_up0.8_dwn0.3_salth0.7","computer_vision","2","2.07"
"3772","069-W2021011-574_R1_10dpi","Feb14_15-53-04_2024_up0.8_dwn0.3_salth0.7","computer_vision","2","12.31"
"3773","095-W2021009-283_R1_10dpi","Feb14_15-53-04_2024_up0.8_dwn0.3_salth0.7","computer_vision","2","2.63"
"3774","103-W2021011-591_R2_10dpi","Feb14_15-53-04_2024_up0.8_dwn0.3_salth0.7","computer_vision","2","46.72"
"3775","115-W2021011-638_R1_10dpi","Feb14_15-53-04_2024_up0.8_dwn0.3_salth0.7","computer_vision","2","52.9"
"3776","124-W2021009-278_R1_10dpi","Feb14_15-53-04_2024_up0.8_dwn0.3_salth0.7","computer_vision","2","40.99"
"3777","162-W2021011-551_R2_10dpi","Feb14_15-53-04_2024_up0.8_dwn0.3_salth0.7","computer_vision","2","83.21"
"3778","172-W2021009-156_R2_10dpi","Feb14_15-53-04_2024_up0.8_dwn0.3_salth0.7","computer_vision","2","3.45"
"3779","182-W2021009-251_R1_10dpi","Feb14_15-53-04_2024_up0.8_dwn0.3_salth0.7","computer_vision","2","4.28"
"3780","194-W2021010-339_R2_10dpi","Feb14_15-53-04_2024_up0.8_dwn0.3_salth0.7","computer_vision","2","1.95"
"3781","215-W2021006-045_R1_10dpi","Feb14_15-53-04_2024_up0.8_dwn0.3_salth0.7","computer_vision","2","75.91"
"3782","262-W2021009-187_R2_10dpi","Feb14_15-53-04_2024_up0.8_dwn0.3_salth0.7","computer_vision","2","77.54"
"3783","152-W2021011-479_R1_10dpi","Feb14_15-53-04_2024_up0.8_dwn0.3_salth0.7","computer_vision","2","40.45"
"3784","181-W2021009-295_R2_10dpi","Feb14_15-53-04_2024_up0.8_dwn0.3_salth0.7","computer_vision","2","23.59"
"3785","192-W2021010-449_R2_10dpi","Feb14_15-53-04_2024_up0.8_dwn0.3_salth0.7","computer_vision","2","65.82"
"3786","207-W2021009-271_R1_10dpi","Feb14_15-53-04_2024_up0.8_dwn0.3_salth0.7","computer_vision","2","34.65"
"3787","233-W2021006-607_R1_10dpi","Feb14_15-53-04_2024_up0.8_dwn0.3_salth0.7","computer_vision","2","14.63"
"3788","046-W2021009-208_R2_10dpi","Feb14_15-53-04_2024_up0.8_dwn0.3_salth0.7","computer_vision","2","3.34"
"3789","151-W2021011-479_R2_10dpi","Feb14_15-53-04_2024_up0.8_dwn0.3_salth0.7","computer_vision","2","99.18"
"3790","152-W2021010-301_R2_10dpi","Feb14_15-53-04_2024_up0.8_dwn0.3_salth0.7","computer_vision","2","0.14"
"3791","162-W2021011-551_R2_10dpi","Feb14_15-53-04_2024_up0.8_dwn0.3_salth0.7","computer_vision","2","83.21"
"3792","166-W2021006-123_R1_10dpi","Feb14_15-53-04_2024_up0.8_dwn0.3_salth0.7","computer_vision","2","0.66"
"3793","166-W2021006-146_R1_10dpi","Feb14_15-53-04_2024_up0.8_dwn0.3_salth0.7","computer_vision","2","52.39"
"3794","166-W2021006-146_R2_10dpi","Feb14_15-53-04_2024_up0.8_dwn0.3_salth0.7","computer_vision","2","13.16"
"3795","171-W2021011-584_R1_10dpi","Feb14_15-53-04_2024_up0.8_dwn0.3_salth0.7","computer_vision","2","65.67"
"3796","182-W2021009-251_R1_10dpi","Feb14_15-53-04_2024_up0.8_dwn0.3_salth0.7","computer_vision","2","4.28"
"3797","206-W2021009-271_R2_10dpi","Feb14_15-53-04_2024_up0.8_dwn0.3_salth0.7","computer_vision","2","83.1"
"3798","001-W2021006-099_R2_10dpi","Feb14_15-53-04_2024_up0.8_dwn0.3_salth0.7","computer_vision","2","1.12"
"3799","003-W2021006-150_R1_10dpi","Feb14_15-53-04_2024_up0.8_dwn0.3_salth0.7","computer_vision","2","0.33"
"3800","004-NUGGET_R2_10dpi","Feb14_15-53-04_2024_up0.8_dwn0.3_salth0.7","computer_vision","2","36.87"
"3801","012-W2021011-458_R2_10dpi","Feb14_15-53-04_2024_up0.8_dwn0.3_salth0.7","computer_vision","2","0"
"3802","013-W2021009-172_R1_10dpi","Feb14_15-53-04_2024_up0.8_dwn0.3_salth0.7","computer_vision","2","1.79"
"3803","013-W2021011-633_R2_10dpi","Feb14_15-53-04_2024_up0.8_dwn0.3_salth0.7","computer_vision","2","26.6"
"3804","015-W2021010-355_R2_10dpi","Feb14_15-53-04_2024_up0.8_dwn0.3_salth0.7","computer_vision","2","2.01"
"3805","017-W2021010-405_R2_10dpi","Feb14_15-53-04_2024_up0.8_dwn0.3_salth0.7","computer_vision","2","0.29"
"3806","018-W2021010-405_R1_10dpi","Feb14_15-53-04_2024_up0.8_dwn0.3_salth0.7","computer_vision","2","5.12"
"3807","018-W2021010-405_R2_10dpi","Feb14_15-53-04_2024_up0.8_dwn0.3_salth0.7","computer_vision","2","0"
"3808","025-W2021009-622_R1_10dpi","Feb14_15-53-04_2024_up0.8_dwn0.3_salth0.7","computer_vision","2","85.91"
"3809","026-W2021010-346_R2_10dpi","Feb14_15-53-04_2024_up0.8_dwn0.3_salth0.7","computer_vision","2","0"
"3810","027-W2021009-622_R2_10dpi","Feb14_15-53-04_2024_up0.8_dwn0.3_salth0.7","computer_vision","2","59.22"
"3811","028-W2021010-354_R2_10dpi","Feb14_15-53-04_2024_up0.8_dwn0.3_salth0.7","computer_vision","2","21.36"
"3812","029-W2021010-354_R1_10dpi","Feb14_15-53-04_2024_up0.8_dwn0.3_salth0.7","computer_vision","2","64.39"
"3813","037-W2021009-198_R2_10dpi","Feb14_15-53-04_2024_up0.8_dwn0.3_salth0.7","computer_vision","2","0"
"3814","037-W2021009-277_R1_10dpi","Feb14_15-53-04_2024_up0.8_dwn0.3_salth0.7","computer_vision","2","89.13"
"3815","042-W2021006-015_R1_10dpi","Feb14_15-53-04_2024_up0.8_dwn0.3_salth0.7","computer_vision","2","15.19"
"3816","046-W2021009-208_R2_10dpi","Feb14_15-53-04_2024_up0.8_dwn0.3_salth0.7","computer_vision","2","3.34"
"3817","049-W2021011-583_R1_10dpi","Feb14_15-53-04_2024_up0.8_dwn0.3_salth0.7","computer_vision","2","28.11"
"3818","051-W2021010-443_R1_10dpi","Feb14_15-53-04_2024_up0.8_dwn0.3_salth0.7","computer_vision","2","0"
"3819","051-W2021011-583_R1_10dpi","Feb14_15-53-04_2024_up0.8_dwn0.3_salth0.7","computer_vision","2","85.99"
"3820","051-W2021011-583_R2_10dpi","Feb14_15-53-04_2024_up0.8_dwn0.3_salth0.7","computer_vision","2","32.03"
"3821","057-W2021011-504_R2_10dpi","Feb14_15-53-04_2024_up0.8_dwn0.3_salth0.7","computer_vision","2","2.07"
"3822","061-W2021011-483_R1_10dpi","Feb14_15-53-04_2024_up0.8_dwn0.3_salth0.7","computer_vision","2","6.5"
"3823","062-W2021010-432_R2_10dpi","Feb14_15-53-04_2024_up0.8_dwn0.3_salth0.7","computer_vision","2","63.38"
"3824","062-W2021011-483_R2_10dpi","Feb14_15-53-04_2024_up0.8_dwn0.3_salth0.7","computer_vision","2","57.95"
"3825","063-W2021011-594_R1_10dpi","Feb14_15-53-04_2024_up0.8_dwn0.3_salth0.7","computer_vision","2","51.82"
"3826","068-W2021011-574_R2_10dpi","Feb14_15-53-04_2024_up0.8_dwn0.3_salth0.7","computer_vision","2","38.81"
"3827","069-W2021011-574_R1_10dpi","Feb14_15-53-04_2024_up0.8_dwn0.3_salth0.7","computer_vision","2","12.31"
"3828","071-W2021006-142_R1_10dpi","Feb14_15-53-04_2024_up0.8_dwn0.3_salth0.7","computer_vision","2","57.7"
"3829","080-W2021011-586_R2_10dpi","Feb14_15-53-04_2024_up0.8_dwn0.3_salth0.7","computer_vision","2","93.23"
"3830","088-W2021009-288_R2_10dpi","Feb14_15-53-04_2024_up0.8_dwn0.3_salth0.7","computer_vision","2","91.2"
"3831","091-W2021010-394_R2_10dpi","Feb14_15-53-04_2024_up0.8_dwn0.3_salth0.7","computer_vision","2","0.82"
"3832","092-W2021010-394_R1_10dpi","Feb14_15-53-04_2024_up0.8_dwn0.3_salth0.7","computer_vision","2","13.07"
"3833","095-W2021009-283_R1_10dpi","Feb14_15-53-04_2024_up0.8_dwn0.3_salth0.7","computer_vision","2","2.63"
"3834","097-W2021006-126_R2_10dpi","Feb14_15-53-04_2024_up0.8_dwn0.3_salth0.7","computer_vision","2","86.88"
"3835","097-W2021006-611_R1_10dpi","Feb14_15-53-04_2024_up0.8_dwn0.3_salth0.7","computer_vision","2","99.64"
"3836","098-W2021006-126_R1_10dpi","Feb14_15-53-04_2024_up0.8_dwn0.3_salth0.7","computer_vision","2","81.42"
"3837","099-W2021006-611_R2_10dpi","Feb14_15-53-04_2024_up0.8_dwn0.3_salth0.7","computer_vision","2","29.15"
"3838","102-W2021011-565_R2_10dpi","Feb14_15-53-04_2024_up0.8_dwn0.3_salth0.7","computer_vision","2","92.79"
"3839","103-W2021011-591_R2_10dpi","Feb14_15-53-04_2024_up0.8_dwn0.3_salth0.7","computer_vision","2","46.72"
"3840","105-W2021010-625_R1_10dpi","Feb14_15-53-04_2024_up0.8_dwn0.3_salth0.7","computer_vision","2","74.92"
"3841","108-W2021011-550_R2_10dpi","Feb14_15-53-04_2024_up0.8_dwn0.3_salth0.7","computer_vision","2","13.35"
"3842","109-W2021006-102_R2_10dpi","Feb14_15-53-04_2024_up0.8_dwn0.3_salth0.7","computer_vision","2","94.99"
"3843","112-W2021006-046_R1_10dpi","Feb14_15-53-04_2024_up0.8_dwn0.3_salth0.7","computer_vision","2","4.12"
"3844","112-W2021011-554_R1_10dpi","Feb14_15-53-04_2024_up0.8_dwn0.3_salth0.7","computer_vision","2","12.58"
"3845","115-W2021011-638_R1_10dpi","Feb14_15-53-04_2024_up0.8_dwn0.3_salth0.7","computer_vision","2","52.9"
"3846","116-W2021011-504_R2_10dpi","Feb14_15-53-04_2024_up0.8_dwn0.3_salth0.7","computer_vision","2","0.43"
"3847","117-W2021011-504_R1_10dpi","Feb14_15-53-04_2024_up0.8_dwn0.3_salth0.7","computer_vision","2","1.88"
"3848","119-W2021009-171_R2_10dpi","Feb14_15-53-04_2024_up0.8_dwn0.3_salth0.7","computer_vision","2","28.29"
"3849","119-W2021009-299_R2_10dpi","Feb14_15-53-04_2024_up0.8_dwn0.3_salth0.7","computer_vision","2","76.08"
"3850","122-W2021009-267_R2_10dpi","Feb14_15-53-04_2024_up0.8_dwn0.3_salth0.7","computer_vision","2","1.19"
"3851","124-W2021009-278_R1_10dpi","Feb14_15-53-04_2024_up0.8_dwn0.3_salth0.7","computer_vision","2","40.99"
"3852","126-W2021009-278_R2_10dpi","Feb14_15-53-04_2024_up0.8_dwn0.3_salth0.7","computer_vision","2","43.86"
"3853","131-W2021009-252_R2_10dpi","Feb14_15-53-04_2024_up0.8_dwn0.3_salth0.7","computer_vision","2","7.41"
"3854","132-W2021009-252_R1_10dpi","Feb14_15-53-04_2024_up0.8_dwn0.3_salth0.7","computer_vision","2","0.62"
"3855","135-W2021011-581_R1_10dpi","Feb14_15-53-04_2024_up0.8_dwn0.3_salth0.7","computer_vision","2","44.07"
"3856","137-W2021006-128_R2_10dpi","Feb14_15-53-04_2024_up0.8_dwn0.3_salth0.7","computer_vision","2","91.39"
"3857","146-W2021006-613_R1_10dpi","Feb14_15-53-04_2024_up0.8_dwn0.3_salth0.7","computer_vision","2","73.13"
"3858","149-W2021011-462_R1_10dpi","Feb14_15-53-04_2024_up0.8_dwn0.3_salth0.7","computer_vision","2","81.07"
"3859","151-W2021011-479_R2_10dpi","Feb14_15-53-04_2024_up0.8_dwn0.3_salth0.7","computer_vision","2","99.18"
"3860","152-W2021010-301_R2_10dpi","Feb14_15-53-04_2024_up0.8_dwn0.3_salth0.7","computer_vision","2","0.14"
"3861","152-W2021011-479_R1_10dpi","Feb14_15-53-04_2024_up0.8_dwn0.3_salth0.7","computer_vision","2","40.45"
"3862","154-W2021010-419_R2_10dpi","Feb14_15-53-04_2024_up0.8_dwn0.3_salth0.7","computer_vision","2","0.48"
"3863","162-W2021011-551_R2_10dpi","Feb14_15-53-04_2024_up0.8_dwn0.3_salth0.7","computer_vision","2","83.21"
"3864","166-W2021006-123_R1_10dpi","Feb14_15-53-04_2024_up0.8_dwn0.3_salth0.7","computer_vision","2","0.66"
"3865","166-W2021006-146_R1_10dpi","Feb14_15-53-04_2024_up0.8_dwn0.3_salth0.7","computer_vision","2","52.39"
"3866","166-W2021006-146_R2_10dpi","Feb14_15-53-04_2024_up0.8_dwn0.3_salth0.7","computer_vision","2","13.16"
"3867","171-W2021011-584_R1_10dpi","Feb14_15-53-04_2024_up0.8_dwn0.3_salth0.7","computer_vision","2","65.67"
"3868","171-W2021011-584_R2_10dpi","Feb14_15-53-04_2024_up0.8_dwn0.3_salth0.7","computer_vision","2","98.16"
"3869","172-W2021009-156_R2_10dpi","Feb14_15-53-04_2024_up0.8_dwn0.3_salth0.7","computer_vision","2","3.45"
"3870","176-W2021009-256_R2_10dpi","Feb14_15-53-04_2024_up0.8_dwn0.3_salth0.7","computer_vision","2","2.07"
"3871","177-W2021009-194_R2_10dpi","Feb14_15-53-04_2024_up0.8_dwn0.3_salth0.7","computer_vision","2","85.36"
"3872","177-W2021009-256_R1_10dpi","Feb14_15-53-04_2024_up0.8_dwn0.3_salth0.7","computer_vision","2","3.89"
"3873","181-W2021009-251_R2_10dpi","Feb14_15-53-04_2024_up0.8_dwn0.3_salth0.7","computer_vision","2","5.02"
"3874","181-W2021009-295_R2_10dpi","Feb14_15-53-04_2024_up0.8_dwn0.3_salth0.7","computer_vision","2","23.59"
"3875","182-W2021009-251_R1_10dpi","Feb14_15-53-04_2024_up0.8_dwn0.3_salth0.7","computer_vision","2","4.28"
"3876","184-W2021009-199_R1_10dpi","Feb14_15-53-04_2024_up0.8_dwn0.3_salth0.7","computer_vision","2","27.57"
"3877","189-W2021009-257_R2_10dpi","Feb14_15-53-04_2024_up0.8_dwn0.3_salth0.7","computer_vision","2","100"
"3878","190-W2021010-449_R1_10dpi","Feb14_15-53-04_2024_up0.8_dwn0.3_salth0.7","computer_vision","2","31.73"
"3879","192-W2021010-449_R2_10dpi","Feb14_15-53-04_2024_up0.8_dwn0.3_salth0.7","computer_vision","2","65.82"
"3880","193-W2021010-415_R1_10dpi","Feb14_15-53-04_2024_up0.8_dwn0.3_salth0.7","computer_vision","2","4.19"
"3881","194-W2021010-339_R2_10dpi","Feb14_15-53-04_2024_up0.8_dwn0.3_salth0.7","computer_vision","2","1.95"
"3882","206-W2021009-271_R2_10dpi","Feb14_15-53-04_2024_up0.8_dwn0.3_salth0.7","computer_vision","2","83.1"
"3883","207-W2021009-271_R1_10dpi","Feb14_15-53-04_2024_up0.8_dwn0.3_salth0.7","computer_vision","2","34.65"
"3884","207-W2021009-287_R1_10dpi","Feb14_15-53-04_2024_up0.8_dwn0.3_salth0.7","computer_vision","2","7.42"
"3885","209-W2021010-439_R2_10dpi","Feb14_15-53-04_2024_up0.8_dwn0.3_salth0.7","computer_vision","2","60.6"
"3886","214-W2021006-045_R2_10dpi","Feb14_15-53-04_2024_up0.8_dwn0.3_salth0.7","computer_vision","2","25.99"
"3887","215-W2021006-045_R1_10dpi","Feb14_15-53-04_2024_up0.8_dwn0.3_salth0.7","computer_vision","2","75.91"
"3888","225-W2021010-327_R2_10dpi","Feb14_15-53-04_2024_up0.8_dwn0.3_salth0.7","computer_vision","2","61.78"
"3889","226-W2021009-177_R1_10dpi","Feb14_15-53-04_2024_up0.8_dwn0.3_salth0.7","computer_vision","2","9.01"
"3890","233-W2021006-607_R1_10dpi","Feb14_15-53-04_2024_up0.8_dwn0.3_salth0.7","computer_vision","2","14.63"
"3891","238-W2021009-192_R1_10dpi","Feb14_15-53-04_2024_up0.8_dwn0.3_salth0.7","computer_vision","2","80.88"
"3892","242-W2021006-132_R2_10dpi","Feb14_15-53-04_2024_up0.8_dwn0.3_salth0.7","computer_vision","2","98.99"
"3893","262-W2021009-187_R2_10dpi","Feb14_15-53-04_2024_up0.8_dwn0.3_salth0.7","computer_vision","2","77.54"
"3894","264-W2021009-187_R1_10dpi","Feb14_15-53-04_2024_up0.8_dwn0.3_salth0.7","computer_vision","2","23.95"
"3895","285-W2021006-040_R2_10dpi","Feb14_15-53-04_2024_up0.8_dwn0.3_salth0.7","computer_vision","2","30.29"
"3896","293-W2021006-054_R1_10dpi","Feb14_15-53-04_2024_up0.8_dwn0.3_salth0.7","computer_vision","2","42.64"
"3897","311-W2021010-326_R2_10dpi","Feb14_15-53-04_2024_up0.8_dwn0.3_salth0.7","computer_vision","2","0.5"
"3898","149-W2021010-417_R1_5dpi","Feb14_15-53-04_2024_up0.8_dwn0.3_salth0.7","computer_vision","2","7.99"
"3899","180-W2021011-476_R2_5dpi","Feb14_15-53-04_2024_up0.8_dwn0.3_salth0.7","computer_vision","2","45.11"
"3900","187-W2021010-348_R2_5dpi","Feb14_15-53-04_2024_up0.8_dwn0.3_salth0.7","computer_vision","2","63.11"
"3901","206-W2021010-344_R1_5dpi","Feb14_15-53-04_2024_up0.8_dwn0.3_salth0.7","computer_vision","2","0.32"
"3902","208-W2021009-268_R2_5dpi","Feb14_15-53-04_2024_up0.8_dwn0.3_salth0.7","computer_vision","2","26.15"
"3903","005-W2021011-592_R2_5dpi","Feb14_15-53-04_2024_up0.8_dwn0.3_salth0.7","computer_vision","2","0.85"
"3904","022-W2021009-198_R2_5dpi","Feb14_15-53-04_2024_up0.8_dwn0.3_salth0.7","computer_vision","2","1.34"
"3905","047-W2021011-482_R1_5dpi","Feb14_15-53-04_2024_up0.8_dwn0.3_salth0.7","computer_vision","2","31.69"
"3906","055-W2021010-397_R2_5dpi","Feb14_15-53-04_2024_up0.8_dwn0.3_salth0.7","computer_vision","2","4.74"
"3907","121-W2021009-185_R1_5dpi","Feb14_15-53-04_2024_up0.8_dwn0.3_salth0.7","computer_vision","2","0.17"
"3908","128-W2021006-013_R1_5dpi","Feb14_15-53-04_2024_up0.8_dwn0.3_salth0.7","computer_vision","2","68.61"
"3909","156-W2021009-276_R2_5dpi","Feb14_15-53-04_2024_up0.8_dwn0.3_salth0.7","computer_vision","2","5.97"
"3910","172-W2021011-557_R2_5dpi","Feb14_15-53-04_2024_up0.8_dwn0.3_salth0.7","computer_vision","2","7.1"
"3911","183-W2021009-295_R1_5dpi","Feb14_15-53-04_2024_up0.8_dwn0.3_salth0.7","computer_vision","2","3.36"
"3912","254-W2021010-352_R2_5dpi","Feb14_15-53-04_2024_up0.8_dwn0.3_salth0.7","computer_vision","2","0.18"
"3913","002-W2021006-081_R1_5dpi","Feb14_15-53-04_2024_up0.8_dwn0.3_salth0.7","computer_vision","2","0.15"
"3914","002-W2021010-336_R2_5dpi","Feb14_15-53-04_2024_up0.8_dwn0.3_salth0.7","computer_vision","2","1.63"
"3915","005-W2021011-592_R2_5dpi","Feb14_15-53-04_2024_up0.8_dwn0.3_salth0.7","computer_vision","2","0.85"
"3916","009-W2021010-311_R2_5dpi","Feb14_15-53-04_2024_up0.8_dwn0.3_salth0.7","computer_vision","2","20"
"3917","010-W2021010-347_R2_5dpi","Feb14_15-53-04_2024_up0.8_dwn0.3_salth0.7","computer_vision","2","23.59"
"3918","013-W2021009-172_R2_5dpi","Feb14_15-53-04_2024_up0.8_dwn0.3_salth0.7","computer_vision","2","0.15"
"3919","015-W2021009-160_R1_5dpi","Feb14_15-53-04_2024_up0.8_dwn0.3_salth0.7","computer_vision","2","23.92"
"3920","015-W2021011-633_R1_5dpi","Feb14_15-53-04_2024_up0.8_dwn0.3_salth0.7","computer_vision","2","13.62"
"3921","017-W2021006-612_R2_5dpi","Feb14_15-53-04_2024_up0.8_dwn0.3_salth0.7","computer_vision","2","26.51"
"3922","019-W2021010-428_R2_5dpi","Feb14_15-53-04_2024_up0.8_dwn0.3_salth0.7","computer_vision","2","0.32"
"3923","021-W2021009-175_R1_5dpi","Feb14_15-53-04_2024_up0.8_dwn0.3_salth0.7","computer_vision","2","1.45"
"3924","022-W2021009-198_R2_5dpi","Feb14_15-53-04_2024_up0.8_dwn0.3_salth0.7","computer_vision","2","1.34"
"3925","023-W2021006-049_R1_5dpi","Feb14_15-53-04_2024_up0.8_dwn0.3_salth0.7","computer_vision","2","15.56"
"3926","023-W2021010-305_R2_5dpi","Feb14_15-53-04_2024_up0.8_dwn0.3_salth0.7","computer_vision","2","5.79"
"3927","026-W2021009-622_R2_5dpi","Feb14_15-53-04_2024_up0.8_dwn0.3_salth0.7","computer_vision","2","18.59"
"3928","032-W2021006-041_R2_5dpi","Feb14_15-53-04_2024_up0.8_dwn0.3_salth0.7","computer_vision","2","7.5"
"3929","032-W2021009-155_R1_5dpi","Feb14_15-53-04_2024_up0.8_dwn0.3_salth0.7","computer_vision","2","83.24"
"3930","036-W2021006-047_R2_5dpi","Feb14_15-53-04_2024_up0.8_dwn0.3_salth0.7","computer_vision","2","0.6"
"3931","040-W2021009-207_R1_5dpi","Feb14_15-53-04_2024_up0.8_dwn0.3_salth0.7","computer_vision","2","19.62"
"3932","042-W2021010-429_R1_5dpi","Feb14_15-53-04_2024_up0.8_dwn0.3_salth0.7","computer_vision","2","48.29"
"3933","044-W2021009-169_R2_5dpi","Feb14_15-53-04_2024_up0.8_dwn0.3_salth0.7","computer_vision","2","0.15"
"3934","044-W2021009-618_R1_5dpi","Feb14_15-53-04_2024_up0.8_dwn0.3_salth0.7","computer_vision","2","14.71"
"3935","047-W2021011-482_R1_5dpi","Feb14_15-53-04_2024_up0.8_dwn0.3_salth0.7","computer_vision","2","31.69"
"3936","048-W2021006-147_R1_5dpi","Feb14_15-53-04_2024_up0.8_dwn0.3_salth0.7","computer_vision","2","4.64"
"3937","052-W2021006-004_R2_5dpi","Feb14_15-53-04_2024_up0.8_dwn0.3_salth0.7","computer_vision","2","0.17"
"3938","055-W2021010-341_R2_5dpi","Feb14_15-53-04_2024_up0.8_dwn0.3_salth0.7","computer_vision","2","1.54"
"3939","055-W2021010-397_R2_5dpi","Feb14_15-53-04_2024_up0.8_dwn0.3_salth0.7","computer_vision","2","4.74"
"3940","056-W2021006-609_R1_5dpi","Feb14_15-53-04_2024_up0.8_dwn0.3_salth0.7","computer_vision","2","10.85"
"3941","059-W2021010-434_R1_5dpi","Feb14_15-53-04_2024_up0.8_dwn0.3_salth0.7","computer_vision","2","0.28"
"3942","060-W2021010-324_R2_5dpi","Feb14_15-53-04_2024_up0.8_dwn0.3_salth0.7","computer_vision","2","0.76"
"3943","061-W2021011-483_R1_5dpi","Feb14_15-53-04_2024_up0.8_dwn0.3_salth0.7","computer_vision","2","5.31"
"3944","070-W2021011-486_R2_5dpi","Feb14_15-53-04_2024_up0.8_dwn0.3_salth0.7","computer_vision","2","37.42"
"3945","071-W2021010-323_R1_5dpi","Feb14_15-53-04_2024_up0.8_dwn0.3_salth0.7","computer_vision","2","62.58"
"3946","077-W2021010-351_R2_5dpi","Feb14_15-53-04_2024_up0.8_dwn0.3_salth0.7","computer_vision","2","0.69"
"3947","084-W2021010-319_R1_5dpi","Feb14_15-53-04_2024_up0.8_dwn0.3_salth0.7","computer_vision","2","2.83"
"3948","085-W2021010-630_R1_5dpi","Feb14_15-53-04_2024_up0.8_dwn0.3_salth0.7","computer_vision","2","0"
"3949","091-W2021006-056_R2_5dpi","Feb14_15-53-04_2024_up0.8_dwn0.3_salth0.7","computer_vision","2","1.27"
"3950","094-W2021010-315_R2_5dpi","Feb14_15-53-04_2024_up0.8_dwn0.3_salth0.7","computer_vision","2","0.15"
"3951","095-W2021011-553_R2_5dpi","Feb14_15-53-04_2024_up0.8_dwn0.3_salth0.7","computer_vision","2","1.38"
"3952","097-W2021006-617_R2_5dpi","Feb14_15-53-04_2024_up0.8_dwn0.3_salth0.7","computer_vision","2","27.94"
"3953","097-W2021009-163_R1_5dpi","Feb14_15-53-04_2024_up0.8_dwn0.3_salth0.7","computer_vision","2","54.55"
"3954","099-W2021006-611_R2_5dpi","Feb14_15-53-04_2024_up0.8_dwn0.3_salth0.7","computer_vision","2","24.85"
"3955","101-W2021011-565_R1_5dpi","Feb14_15-53-04_2024_up0.8_dwn0.3_salth0.7","computer_vision","2","76.49"
"3956","105-W2021011-558_R1_5dpi","Feb14_15-53-04_2024_up0.8_dwn0.3_salth0.7","computer_vision","2","0.95"
"3957","110-W2021011-454_R2_5dpi","Feb14_15-53-04_2024_up0.8_dwn0.3_salth0.7","computer_vision","2","8.97"
"3958","111-W2021011-588_R2_5dpi","Feb14_15-53-04_2024_up0.8_dwn0.3_salth0.7","computer_vision","2","4.15"
"3959","121-W2021009-185_R1_5dpi","Feb14_15-53-04_2024_up0.8_dwn0.3_salth0.7","computer_vision","2","0.17"
"3960","123-W2021009-255_R2_5dpi","Feb14_15-53-04_2024_up0.8_dwn0.3_salth0.7","computer_vision","2","5.71"
"3961","123-W2021009-621_R2_5dpi","Feb14_15-53-04_2024_up0.8_dwn0.3_salth0.7","computer_vision","2","6.14"
"3962","127-W2021006-143_R2_5dpi","Feb14_15-53-04_2024_up0.8_dwn0.3_salth0.7","computer_vision","2","0.46"
"3963","127-W2021009-292_R2_5dpi","Feb14_15-53-04_2024_up0.8_dwn0.3_salth0.7","computer_vision","2","80.69"
"3964","128-W2021006-013_R1_5dpi","Feb14_15-53-04_2024_up0.8_dwn0.3_salth0.7","computer_vision","2","68.61"
"3965","129-W2021006-119_R2_5dpi","Feb14_15-53-04_2024_up0.8_dwn0.3_salth0.7","computer_vision","2","5.1"
"3966","132-W2021010-399_R1_5dpi","Feb14_15-53-04_2024_up0.8_dwn0.3_salth0.7","computer_vision","2","0.62"
"3967","132-W2021011-644_R2_5dpi","Feb14_15-53-04_2024_up0.8_dwn0.3_salth0.7","computer_vision","2","9.48"
"3968","134-W2021006-001_R1_5dpi","Feb14_15-53-04_2024_up0.8_dwn0.3_salth0.7","computer_vision","2","38.91"
"3969","134-W2021009-275_R1_5dpi","Feb14_15-53-04_2024_up0.8_dwn0.3_salth0.7","computer_vision","2","18.03"
"3970","137-W2021010-342_R2_5dpi","Feb14_15-53-04_2024_up0.8_dwn0.3_salth0.7","computer_vision","2","1.36"
"3971","138-W2021010-446_R1_5dpi","Feb14_15-53-04_2024_up0.8_dwn0.3_salth0.7","computer_vision","2","1.37"
"3972","141-W2021009-274_R1_5dpi","Feb14_15-53-04_2024_up0.8_dwn0.3_salth0.7","computer_vision","2","84.71"
"3973","143-W2021010-313_R2_5dpi","Feb14_15-53-04_2024_up0.8_dwn0.3_salth0.7","computer_vision","2","0.15"
"3974","148-W2021011-462_R2_5dpi","Feb14_15-53-04_2024_up0.8_dwn0.3_salth0.7","computer_vision","2","20.55"
"3975","149-W2021010-417_R1_5dpi","Feb14_15-53-04_2024_up0.8_dwn0.3_salth0.7","computer_vision","2","7.99"
"3976","154-W2021010-419_R1_5dpi","Feb14_15-53-04_2024_up0.8_dwn0.3_salth0.7","computer_vision","2","0.3"
"3977","155-W2021011-639_R1_5dpi","Feb14_15-53-04_2024_up0.8_dwn0.3_salth0.7","computer_vision","2","2.44"
"3978","156-W2021009-276_R2_5dpi","Feb14_15-53-04_2024_up0.8_dwn0.3_salth0.7","computer_vision","2","5.97"
"3979","158-W2021006-114_R1_5dpi","Feb14_15-53-04_2024_up0.8_dwn0.3_salth0.7","computer_vision","2","45.5"
"3980","167-W2021006-003_R2_5dpi","Feb14_15-53-04_2024_up0.8_dwn0.3_salth0.7","computer_vision","2","3.41"
"3981","169-W2021009-623_R2_5dpi","Feb14_15-53-04_2024_up0.8_dwn0.3_salth0.7","computer_vision","2","79.14"
"3982","169-W2021011-477_R1_5dpi","Feb14_15-53-04_2024_up0.8_dwn0.3_salth0.7","computer_vision","2","42.66"
"3983","172-W2021011-557_R2_5dpi","Feb14_15-53-04_2024_up0.8_dwn0.3_salth0.7","computer_vision","2","7.1"
"3984","173-W2021006-127_R2_5dpi","Feb14_15-53-04_2024_up0.8_dwn0.3_salth0.7","computer_vision","2","0.9"
"3985","174-W2021009-156_R2_5dpi","Feb14_15-53-04_2024_up0.8_dwn0.3_salth0.7","computer_vision","2","8.87"
"3986","176-W2021009-256_R2_5dpi","Feb14_15-53-04_2024_up0.8_dwn0.3_salth0.7","computer_vision","2","2.39"
"3987","177-W2021009-194_R1_5dpi","Feb14_15-53-04_2024_up0.8_dwn0.3_salth0.7","computer_vision","2","6.19"
"3988","180-W2021009-152_R1_5dpi","Feb14_15-53-04_2024_up0.8_dwn0.3_salth0.7","computer_vision","2","15.67"
"3989","180-W2021011-476_R2_5dpi","Feb14_15-53-04_2024_up0.8_dwn0.3_salth0.7","computer_vision","2","45.11"
"3990","182-W2021009-251_R1_5dpi","Feb14_15-53-04_2024_up0.8_dwn0.3_salth0.7","computer_vision","2","0.27"
"3991","183-W2021009-295_R1_5dpi","Feb14_15-53-04_2024_up0.8_dwn0.3_salth0.7","computer_vision","2","3.36"
"3992","185-W2021009-199_R1_5dpi","Feb14_15-53-04_2024_up0.8_dwn0.3_salth0.7","computer_vision","2","7.58"
"3993","185-W2021009-291_R2_5dpi","Feb14_15-53-04_2024_up0.8_dwn0.3_salth0.7","computer_vision","2","2.24"
"3994","187-W2021010-348_R2_5dpi","Feb14_15-53-04_2024_up0.8_dwn0.3_salth0.7","computer_vision","2","63.11"
"3995","191-W2021010-426_R2_5dpi","Feb14_15-53-04_2024_up0.8_dwn0.3_salth0.7","computer_vision","2","0.41"
"3996","191-W2021010-449_R1_5dpi","Feb14_15-53-04_2024_up0.8_dwn0.3_salth0.7","computer_vision","2","4.47"
"3997","192-W2021006-005_R1_5dpi","Feb14_15-53-04_2024_up0.8_dwn0.3_salth0.7","computer_vision","2","2.73"
"3998","206-W2021010-344_R1_5dpi","Feb14_15-53-04_2024_up0.8_dwn0.3_salth0.7","computer_vision","2","0.32"
"3999","207-W2021009-287_R2_5dpi","Feb14_15-53-04_2024_up0.8_dwn0.3_salth0.7","computer_vision","2","0.29"
"4000","208-W2021009-268_R2_5dpi","Feb14_15-53-04_2024_up0.8_dwn0.3_salth0.7","computer_vision","2","26.15"
"4001","209-W2021010-439_R2_5dpi","Feb14_15-53-04_2024_up0.8_dwn0.3_salth0.7","computer_vision","2","33.8"
"4002","211-W2021011-598_R2_5dpi","Feb14_15-53-04_2024_up0.8_dwn0.3_salth0.7","computer_vision","2","14.71"
"4003","215-W2021006-045_R2_5dpi","Feb14_15-53-04_2024_up0.8_dwn0.3_salth0.7","computer_vision","2","9.47"
"4004","223-W2021010-442_R2_5dpi","Feb14_15-53-04_2024_up0.8_dwn0.3_salth0.7","computer_vision","2","40.18"
"4005","226-W2021010-435_R1_5dpi","Feb14_15-53-04_2024_up0.8_dwn0.3_salth0.7","computer_vision","2","1.26"
"4006","230-W2021010-373_R2_5dpi","Feb14_15-53-04_2024_up0.8_dwn0.3_salth0.7","computer_vision","2","98.84"
"4007","233-W2021009-215_R2_5dpi","Feb14_15-53-04_2024_up0.8_dwn0.3_salth0.7","computer_vision","2","13.68"
"4008","240-Symphony_R2_5dpi","Feb14_15-53-04_2024_up0.8_dwn0.3_salth0.7","computer_vision","2","80.73"
"4009","254-W2021010-352_R2_5dpi","Feb14_15-53-04_2024_up0.8_dwn0.3_salth0.7","computer_vision","2","0.18"
"4010","266-W2021009-193_R1_5dpi","Feb14_15-53-04_2024_up0.8_dwn0.3_salth0.7","computer_vision","2","2.93"
"4011","313-W2021010-343_R1_5dpi","Feb14_15-53-04_2024_up0.8_dwn0.3_salth0.7","computer_vision","2","0.33"
"4012","336-W2021011-506_R2_5dpi","Feb14_15-53-04_2024_up0.8_dwn0.3_salth0.7","computer_vision","2","38.57"
"4013","046-W2021009-208_R2_10dpi","Jan22_10-21-00_2026_up0.8_dwn0.3_infg0.3_spth0.7_salth0.7","computer_vision","3","4.55"
"4014","151-W2021011-479_R2_10dpi","Jan22_10-21-00_2026_up0.8_dwn0.3_infg0.3_spth0.7_salth0.7","computer_vision","3","98.89"
"4015","152-W2021010-301_R2_10dpi","Jan22_10-21-00_2026_up0.8_dwn0.3_infg0.3_spth0.7_salth0.7","computer_vision","3","1.37"
"4016","152-W2021011-479_R1_10dpi","Jan22_10-21-00_2026_up0.8_dwn0.3_infg0.3_spth0.7_salth0.7","computer_vision","3","43.52"
"4017","162-W2021011-551_R2_10dpi","Jan22_10-21-00_2026_up0.8_dwn0.3_infg0.3_spth0.7_salth0.7","computer_vision","3","82.93"
"4018","166-W2021006-123_R1_10dpi","Jan22_10-21-00_2026_up0.8_dwn0.3_infg0.3_spth0.7_salth0.7","computer_vision","3","0.83"
"4019","166-W2021006-146_R1_10dpi","Jan22_10-21-00_2026_up0.8_dwn0.3_infg0.3_spth0.7_salth0.7","computer_vision","3","53.01"
"4020","166-W2021006-146_R2_10dpi","Jan22_10-21-00_2026_up0.8_dwn0.3_infg0.3_spth0.7_salth0.7","computer_vision","3","15.7"
"4021","171-W2021011-584_R1_10dpi","Jan22_10-21-00_2026_up0.8_dwn0.3_infg0.3_spth0.7_salth0.7","computer_vision","3","68.67"
"4022","181-W2021009-295_R2_10dpi","Jan22_10-21-00_2026_up0.8_dwn0.3_infg0.3_spth0.7_salth0.7","computer_vision","3","27.03"
"4023","182-W2021009-251_R1_10dpi","Jan22_10-21-00_2026_up0.8_dwn0.3_infg0.3_spth0.7_salth0.7","computer_vision","3","6.11"
"4024","192-W2021010-449_R2_10dpi","Jan22_10-21-00_2026_up0.8_dwn0.3_infg0.3_spth0.7_salth0.7","computer_vision","3","66.36"
"4025","206-W2021009-271_R2_10dpi","Jan22_10-21-00_2026_up0.8_dwn0.3_infg0.3_spth0.7_salth0.7","computer_vision","3","83.43"
"4026","207-W2021009-271_R1_10dpi","Jan22_10-21-00_2026_up0.8_dwn0.3_infg0.3_spth0.7_salth0.7","computer_vision","3","40.07"
"4027","233-W2021006-607_R1_10dpi","Jan22_10-21-00_2026_up0.8_dwn0.3_infg0.3_spth0.7_salth0.7","computer_vision","3","21.04"
"4028","046-W2021009-208_R2_10dpi","Jan22_10-21-00_2026_up0.8_dwn0.3_infg0.3_spth0.9_salth0.7","computer_vision","3","4.55"
"4029","151-W2021011-479_R2_10dpi","Jan22_10-21-00_2026_up0.8_dwn0.3_infg0.3_spth0.9_salth0.7","computer_vision","3","98.89"
"4030","152-W2021010-301_R2_10dpi","Jan22_10-21-00_2026_up0.8_dwn0.3_infg0.3_spth0.9_salth0.7","computer_vision","3","1.37"
"4031","152-W2021011-479_R1_10dpi","Jan22_10-21-00_2026_up0.8_dwn0.3_infg0.3_spth0.9_salth0.7","computer_vision","3","43.52"
"4032","162-W2021011-551_R2_10dpi","Jan22_10-21-00_2026_up0.8_dwn0.3_infg0.3_spth0.9_salth0.7","computer_vision","3","82.93"
"4033","166-W2021006-123_R1_10dpi","Jan22_10-21-00_2026_up0.8_dwn0.3_infg0.3_spth0.9_salth0.7","computer_vision","3","0.83"
"4034","166-W2021006-146_R1_10dpi","Jan22_10-21-00_2026_up0.8_dwn0.3_infg0.3_spth0.9_salth0.7","computer_vision","3","52.94"
"4035","166-W2021006-146_R2_10dpi","Jan22_10-21-00_2026_up0.8_dwn0.3_infg0.3_spth0.9_salth0.7","computer_vision","3","15.7"
"4036","171-W2021011-584_R1_10dpi","Jan22_10-21-00_2026_up0.8_dwn0.3_infg0.3_spth0.9_salth0.7","computer_vision","3","68.62"
"4037","181-W2021009-295_R2_10dpi","Jan22_10-21-00_2026_up0.8_dwn0.3_infg0.3_spth0.9_salth0.7","computer_vision","3","27.03"
"4038","182-W2021009-251_R1_10dpi","Jan22_10-21-00_2026_up0.8_dwn0.3_infg0.3_spth0.9_salth0.7","computer_vision","3","6.11"
"4039","192-W2021010-449_R2_10dpi","Jan22_10-21-00_2026_up0.8_dwn0.3_infg0.3_spth0.9_salth0.7","computer_vision","3","66.36"
"4040","206-W2021009-271_R2_10dpi","Jan22_10-21-00_2026_up0.8_dwn0.3_infg0.3_spth0.9_salth0.7","computer_vision","3","83.43"
"4041","207-W2021009-271_R1_10dpi","Jan22_10-21-00_2026_up0.8_dwn0.3_infg0.3_spth0.9_salth0.7","computer_vision","3","40.07"
"4042","233-W2021006-607_R1_10dpi","Jan22_10-21-00_2026_up0.8_dwn0.3_infg0.3_spth0.9_salth0.7","computer_vision","3","21.04"
"4043","046-W2021009-208_R2_10dpi","Jan22_10-21-00_2026_up0.8_dwn0.3_infg0.5_spth0.7_salth0.7","computer_vision","3","4.55"
"4044","151-W2021011-479_R2_10dpi","Jan22_10-21-00_2026_up0.8_dwn0.3_infg0.5_spth0.7_salth0.7","computer_vision","3","98.89"
"4045","152-W2021010-301_R2_10dpi","Jan22_10-21-00_2026_up0.8_dwn0.3_infg0.5_spth0.7_salth0.7","computer_vision","3","1.37"
"4046","152-W2021011-479_R1_10dpi","Jan22_10-21-00_2026_up0.8_dwn0.3_infg0.5_spth0.7_salth0.7","computer_vision","3","43.52"
"4047","162-W2021011-551_R2_10dpi","Jan22_10-21-00_2026_up0.8_dwn0.3_infg0.5_spth0.7_salth0.7","computer_vision","3","82.93"
"4048","166-W2021006-123_R1_10dpi","Jan22_10-21-00_2026_up0.8_dwn0.3_infg0.5_spth0.7_salth0.7","computer_vision","3","0.83"
"4049","166-W2021006-146_R1_10dpi","Jan22_10-21-00_2026_up0.8_dwn0.3_infg0.5_spth0.7_salth0.7","computer_vision","3","53.01"
"4050","166-W2021006-146_R2_10dpi","Jan22_10-21-00_2026_up0.8_dwn0.3_infg0.5_spth0.7_salth0.7","computer_vision","3","15.7"
"4051","171-W2021011-584_R1_10dpi","Jan22_10-21-00_2026_up0.8_dwn0.3_infg0.5_spth0.7_salth0.7","computer_vision","3","68.67"
"4052","181-W2021009-295_R2_10dpi","Jan22_10-21-00_2026_up0.8_dwn0.3_infg0.5_spth0.7_salth0.7","computer_vision","3","27.03"
"4053","182-W2021009-251_R1_10dpi","Jan22_10-21-00_2026_up0.8_dwn0.3_infg0.5_spth0.7_salth0.7","computer_vision","3","6.11"
"4054","192-W2021010-449_R2_10dpi","Jan22_10-21-00_2026_up0.8_dwn0.3_infg0.5_spth0.7_salth0.7","computer_vision","3","66.36"
"4055","206-W2021009-271_R2_10dpi","Jan22_10-21-00_2026_up0.8_dwn0.3_infg0.5_spth0.7_salth0.7","computer_vision","3","83.43"
"4056","207-W2021009-271_R1_10dpi","Jan22_10-21-00_2026_up0.8_dwn0.3_infg0.5_spth0.7_salth0.7","computer_vision","3","40.07"
"4057","233-W2021006-607_R1_10dpi","Jan22_10-21-00_2026_up0.8_dwn0.3_infg0.5_spth0.7_salth0.7","computer_vision","3","21.04"
"4058","046-W2021009-208_R2_10dpi","Jan22_10-21-00_2026_up0.8_dwn0.3_infg0.5_spth0.9_salth0.7","computer_vision","3","4.55"
"4059","151-W2021011-479_R2_10dpi","Jan22_10-21-00_2026_up0.8_dwn0.3_infg0.5_spth0.9_salth0.7","computer_vision","3","98.89"
"4060","152-W2021010-301_R2_10dpi","Jan22_10-21-00_2026_up0.8_dwn0.3_infg0.5_spth0.9_salth0.7","computer_vision","3","1.37"
"4061","152-W2021011-479_R1_10dpi","Jan22_10-21-00_2026_up0.8_dwn0.3_infg0.5_spth0.9_salth0.7","computer_vision","3","43.52"
"4062","162-W2021011-551_R2_10dpi","Jan22_10-21-00_2026_up0.8_dwn0.3_infg0.5_spth0.9_salth0.7","computer_vision","3","82.93"
"4063","166-W2021006-123_R1_10dpi","Jan22_10-21-00_2026_up0.8_dwn0.3_infg0.5_spth0.9_salth0.7","computer_vision","3","0.83"
"4064","166-W2021006-146_R1_10dpi","Jan22_10-21-00_2026_up0.8_dwn0.3_infg0.5_spth0.9_salth0.7","computer_vision","3","52.94"
"4065","166-W2021006-146_R2_10dpi","Jan22_10-21-00_2026_up0.8_dwn0.3_infg0.5_spth0.9_salth0.7","computer_vision","3","15.7"
"4066","171-W2021011-584_R1_10dpi","Jan22_10-21-00_2026_up0.8_dwn0.3_infg0.5_spth0.9_salth0.7","computer_vision","3","68.62"
"4067","181-W2021009-295_R2_10dpi","Jan22_10-21-00_2026_up0.8_dwn0.3_infg0.5_spth0.9_salth0.7","computer_vision","3","27.03"
"4068","182-W2021009-251_R1_10dpi","Jan22_10-21-00_2026_up0.8_dwn0.3_infg0.5_spth0.9_salth0.7","computer_vision","3","6.11"
"4069","192-W2021010-449_R2_10dpi","Jan22_10-21-00_2026_up0.8_dwn0.3_infg0.5_spth0.9_salth0.7","computer_vision","3","66.36"
"4070","206-W2021009-271_R2_10dpi","Jan22_10-21-00_2026_up0.8_dwn0.3_infg0.5_spth0.9_salth0.7","computer_vision","3","83.43"
"4071","207-W2021009-271_R1_10dpi","Jan22_10-21-00_2026_up0.8_dwn0.3_infg0.5_spth0.9_salth0.7","computer_vision","3","40.07"
"4072","233-W2021006-607_R1_10dpi","Jan22_10-21-00_2026_up0.8_dwn0.3_infg0.5_spth0.9_salth0.7","computer_vision","3","21.04"
"4073","005-W2021011-592_R2_5dpi","Jan22_10-21-00_2026_up0.8_dwn0.3_infg0.3_spth0.7_salth0.7","computer_vision","3","0.84"
"4074","022-W2021009-198_R2_5dpi","Jan22_10-21-00_2026_up0.8_dwn0.3_infg0.3_spth0.7_salth0.7","computer_vision","3","13.64"
"4075","047-W2021011-482_R1_5dpi","Jan22_10-21-00_2026_up0.8_dwn0.3_infg0.3_spth0.7_salth0.7","computer_vision","3","37.72"
"4076","055-W2021010-397_R2_5dpi","Jan22_10-21-00_2026_up0.8_dwn0.3_infg0.3_spth0.7_salth0.7","computer_vision","3","8.02"
"4077","121-W2021009-185_R1_5dpi","Jan22_10-21-00_2026_up0.8_dwn0.3_infg0.3_spth0.7_salth0.7","computer_vision","3","7.73"
"4078","128-W2021006-013_R1_5dpi","Jan22_10-21-00_2026_up0.8_dwn0.3_infg0.3_spth0.7_salth0.7","computer_vision","3","73.16"
"4079","149-W2021010-417_R1_5dpi","Jan22_10-21-00_2026_up0.8_dwn0.3_infg0.3_spth0.7_salth0.7","computer_vision","3","10.82"
"4080","156-W2021009-276_R2_5dpi","Jan22_10-21-00_2026_up0.8_dwn0.3_infg0.3_spth0.7_salth0.7","computer_vision","3","6.57"
"4081","172-W2021011-557_R2_5dpi","Jan22_10-21-00_2026_up0.8_dwn0.3_infg0.3_spth0.7_salth0.7","computer_vision","3","7.52"
"4082","180-W2021011-476_R2_5dpi","Jan22_10-21-00_2026_up0.8_dwn0.3_infg0.3_spth0.7_salth0.7","computer_vision","3","74.32"
"4083","183-W2021009-295_R1_5dpi","Jan22_10-21-00_2026_up0.8_dwn0.3_infg0.3_spth0.7_salth0.7","computer_vision","3","5.7"
"4084","187-W2021010-348_R2_5dpi","Jan22_10-21-00_2026_up0.8_dwn0.3_infg0.3_spth0.7_salth0.7","computer_vision","3","81.62"
"4085","206-W2021010-344_R1_5dpi","Jan22_10-21-00_2026_up0.8_dwn0.3_infg0.3_spth0.7_salth0.7","computer_vision","3","4.36"
"4086","208-W2021009-268_R2_5dpi","Jan22_10-21-00_2026_up0.8_dwn0.3_infg0.3_spth0.7_salth0.7","computer_vision","3","27.38"
"4087","254-W2021010-352_R2_5dpi","Jan22_10-21-00_2026_up0.8_dwn0.3_infg0.3_spth0.7_salth0.7","computer_vision","3","1.44"
"4088","005-W2021011-592_R2_5dpi","Jan22_10-21-00_2026_up0.8_dwn0.3_infg0.3_spth0.9_salth0.7","computer_vision","3","0.84"
"4089","022-W2021009-198_R2_5dpi","Jan22_10-21-00_2026_up0.8_dwn0.3_infg0.3_spth0.9_salth0.7","computer_vision","3","13.64"
"4090","047-W2021011-482_R1_5dpi","Jan22_10-21-00_2026_up0.8_dwn0.3_infg0.3_spth0.9_salth0.7","computer_vision","3","37.72"
"4091","055-W2021010-397_R2_5dpi","Jan22_10-21-00_2026_up0.8_dwn0.3_infg0.3_spth0.9_salth0.7","computer_vision","3","8.02"
"4092","121-W2021009-185_R1_5dpi","Jan22_10-21-00_2026_up0.8_dwn0.3_infg0.3_spth0.9_salth0.7","computer_vision","3","7.73"
"4093","128-W2021006-013_R1_5dpi","Jan22_10-21-00_2026_up0.8_dwn0.3_infg0.3_spth0.9_salth0.7","computer_vision","3","73.16"
"4094","149-W2021010-417_R1_5dpi","Jan22_10-21-00_2026_up0.8_dwn0.3_infg0.3_spth0.9_salth0.7","computer_vision","3","10.82"
"4095","156-W2021009-276_R2_5dpi","Jan22_10-21-00_2026_up0.8_dwn0.3_infg0.3_spth0.9_salth0.7","computer_vision","3","6.57"
"4096","172-W2021011-557_R2_5dpi","Jan22_10-21-00_2026_up0.8_dwn0.3_infg0.3_spth0.9_salth0.7","computer_vision","3","7.52"
"4097","180-W2021011-476_R2_5dpi","Jan22_10-21-00_2026_up0.8_dwn0.3_infg0.3_spth0.9_salth0.7","computer_vision","3","74.32"
"4098","183-W2021009-295_R1_5dpi","Jan22_10-21-00_2026_up0.8_dwn0.3_infg0.3_spth0.9_salth0.7","computer_vision","3","5.7"
"4099","187-W2021010-348_R2_5dpi","Jan22_10-21-00_2026_up0.8_dwn0.3_infg0.3_spth0.9_salth0.7","computer_vision","3","81.62"
"4100","206-W2021010-344_R1_5dpi","Jan22_10-21-00_2026_up0.8_dwn0.3_infg0.3_spth0.9_salth0.7","computer_vision","3","4.36"
"4101","208-W2021009-268_R2_5dpi","Jan22_10-21-00_2026_up0.8_dwn0.3_infg0.3_spth0.9_salth0.7","computer_vision","3","27.38"
"4102","254-W2021010-352_R2_5dpi","Jan22_10-21-00_2026_up0.8_dwn0.3_infg0.3_spth0.9_salth0.7","computer_vision","3","1.44"
"4103","005-W2021011-592_R2_5dpi","Jan22_10-21-00_2026_up0.8_dwn0.3_infg0.5_spth0.7_salth0.7","computer_vision","3","0.84"
"4104","022-W2021009-198_R2_5dpi","Jan22_10-21-00_2026_up0.8_dwn0.3_infg0.5_spth0.7_salth0.7","computer_vision","3","13.64"
"4105","047-W2021011-482_R1_5dpi","Jan22_10-21-00_2026_up0.8_dwn0.3_infg0.5_spth0.7_salth0.7","computer_vision","3","37.72"
"4106","055-W2021010-397_R2_5dpi","Jan22_10-21-00_2026_up0.8_dwn0.3_infg0.5_spth0.7_salth0.7","computer_vision","3","8.02"
"4107","121-W2021009-185_R1_5dpi","Jan22_10-21-00_2026_up0.8_dwn0.3_infg0.5_spth0.7_salth0.7","computer_vision","3","7.73"
"4108","128-W2021006-013_R1_5dpi","Jan22_10-21-00_2026_up0.8_dwn0.3_infg0.5_spth0.7_salth0.7","computer_vision","3","73.16"
"4109","149-W2021010-417_R1_5dpi","Jan22_10-21-00_2026_up0.8_dwn0.3_infg0.5_spth0.7_salth0.7","computer_vision","3","10.82"
"4110","156-W2021009-276_R2_5dpi","Jan22_10-21-00_2026_up0.8_dwn0.3_infg0.5_spth0.7_salth0.7","computer_vision","3","6.57"
"4111","172-W2021011-557_R2_5dpi","Jan22_10-21-00_2026_up0.8_dwn0.3_infg0.5_spth0.7_salth0.7","computer_vision","3","7.52"
"4112","180-W2021011-476_R2_5dpi","Jan22_10-21-00_2026_up0.8_dwn0.3_infg0.5_spth0.7_salth0.7","computer_vision","3","74.32"
"4113","183-W2021009-295_R1_5dpi","Jan22_10-21-00_2026_up0.8_dwn0.3_infg0.5_spth0.7_salth0.7","computer_vision","3","5.7"
"4114","187-W2021010-348_R2_5dpi","Jan22_10-21-00_2026_up0.8_dwn0.3_infg0.5_spth0.7_salth0.7","computer_vision","3","81.62"
"4115","206-W2021010-344_R1_5dpi","Jan22_10-21-00_2026_up0.8_dwn0.3_infg0.5_spth0.7_salth0.7","computer_vision","3","4.36"
"4116","208-W2021009-268_R2_5dpi","Jan22_10-21-00_2026_up0.8_dwn0.3_infg0.5_spth0.7_salth0.7","computer_vision","3","27.38"
"4117","254-W2021010-352_R2_5dpi","Jan22_10-21-00_2026_up0.8_dwn0.3_infg0.5_spth0.7_salth0.7","computer_vision","3","1.44"
"4118","005-W2021011-592_R2_5dpi","Jan22_10-21-00_2026_up0.8_dwn0.3_infg0.5_spth0.9_salth0.7","computer_vision","3","0.84"
"4119","022-W2021009-198_R2_5dpi","Jan22_10-21-00_2026_up0.8_dwn0.3_infg0.5_spth0.9_salth0.7","computer_vision","3","13.64"
"4120","047-W2021011-482_R1_5dpi","Jan22_10-21-00_2026_up0.8_dwn0.3_infg0.5_spth0.9_salth0.7","computer_vision","3","37.72"
"4121","055-W2021010-397_R2_5dpi","Jan22_10-21-00_2026_up0.8_dwn0.3_infg0.5_spth0.9_salth0.7","computer_vision","3","8.02"
"4122","121-W2021009-185_R1_5dpi","Jan22_10-21-00_2026_up0.8_dwn0.3_infg0.5_spth0.9_salth0.7","computer_vision","3","7.73"
"4123","128-W2021006-013_R1_5dpi","Jan22_10-21-00_2026_up0.8_dwn0.3_infg0.5_spth0.9_salth0.7","computer_vision","3","73.16"
"4124","149-W2021010-417_R1_5dpi","Jan22_10-21-00_2026_up0.8_dwn0.3_infg0.5_spth0.9_salth0.7","computer_vision","3","10.82"
"4125","156-W2021009-276_R2_5dpi","Jan22_10-21-00_2026_up0.8_dwn0.3_infg0.5_spth0.9_salth0.7","computer_vision","3","6.57"
"4126","172-W2021011-557_R2_5dpi","Jan22_10-21-00_2026_up0.8_dwn0.3_infg0.5_spth0.9_salth0.7","computer_vision","3","7.52"
"4127","180-W2021011-476_R2_5dpi","Jan22_10-21-00_2026_up0.8_dwn0.3_infg0.5_spth0.9_salth0.7","computer_vision","3","74.32"
"4128","183-W2021009-295_R1_5dpi","Jan22_10-21-00_2026_up0.8_dwn0.3_infg0.5_spth0.9_salth0.7","computer_vision","3","5.7"
"4129","187-W2021010-348_R2_5dpi","Jan22_10-21-00_2026_up0.8_dwn0.3_infg0.5_spth0.9_salth0.7","computer_vision","3","81.62"
"4130","206-W2021010-344_R1_5dpi","Jan22_10-21-00_2026_up0.8_dwn0.3_infg0.5_spth0.9_salth0.7","computer_vision","3","4.36"
"4131","208-W2021009-268_R2_5dpi","Jan22_10-21-00_2026_up0.8_dwn0.3_infg0.5_spth0.9_salth0.7","computer_vision","3","27.38"
"4132","254-W2021010-352_R2_5dpi","Jan22_10-21-00_2026_up0.8_dwn0.3_infg0.5_spth0.9_salth0.7","computer_vision","3","1.44"
"4133","046-W2021009-208_R2_10dpi","Jan22_10-21-00_2026_up0.9_dwn0.1_infg0.3_spth0.7_salth0.7","computer_vision","3","3.91"
"4134","151-W2021011-479_R2_10dpi","Jan22_10-21-00_2026_up0.9_dwn0.1_infg0.3_spth0.7_salth0.7","computer_vision","3","99.36"
"4135","152-W2021010-301_R2_10dpi","Jan22_10-21-00_2026_up0.9_dwn0.1_infg0.3_spth0.7_salth0.7","computer_vision","3","1.28"
"4136","152-W2021011-479_R1_10dpi","Jan22_10-21-00_2026_up0.9_dwn0.1_infg0.3_spth0.7_salth0.7","computer_vision","3","43.65"
"4137","162-W2021011-551_R2_10dpi","Jan22_10-21-00_2026_up0.9_dwn0.1_infg0.3_spth0.7_salth0.7","computer_vision","3","84.09"
"4138","166-W2021006-123_R1_10dpi","Jan22_10-21-00_2026_up0.9_dwn0.1_infg0.3_spth0.7_salth0.7","computer_vision","3","0.69"
"4139","166-W2021006-146_R1_10dpi","Jan22_10-21-00_2026_up0.9_dwn0.1_infg0.3_spth0.7_salth0.7","computer_vision","3","53.75"
"4140","166-W2021006-146_R2_10dpi","Jan22_10-21-00_2026_up0.9_dwn0.1_infg0.3_spth0.7_salth0.7","computer_vision","3","16.22"
"4141","171-W2021011-584_R1_10dpi","Jan22_10-21-00_2026_up0.9_dwn0.1_infg0.3_spth0.7_salth0.7","computer_vision","3","70.27"
"4142","181-W2021009-295_R2_10dpi","Jan22_10-21-00_2026_up0.9_dwn0.1_infg0.3_spth0.7_salth0.7","computer_vision","3","26.66"
"4143","182-W2021009-251_R1_10dpi","Jan22_10-21-00_2026_up0.9_dwn0.1_infg0.3_spth0.7_salth0.7","computer_vision","3","6.39"
"4144","192-W2021010-449_R2_10dpi","Jan22_10-21-00_2026_up0.9_dwn0.1_infg0.3_spth0.7_salth0.7","computer_vision","3","67.99"
"4145","206-W2021009-271_R2_10dpi","Jan22_10-21-00_2026_up0.9_dwn0.1_infg0.3_spth0.7_salth0.7","computer_vision","3","84.59"
"4146","207-W2021009-271_R1_10dpi","Jan22_10-21-00_2026_up0.9_dwn0.1_infg0.3_spth0.7_salth0.7","computer_vision","3","40.38"
"4147","233-W2021006-607_R1_10dpi","Jan22_10-21-00_2026_up0.9_dwn0.1_infg0.3_spth0.7_salth0.7","computer_vision","3","20.37"
"4148","005-W2021011-592_R2_5dpi","Jan22_10-21-00_2026_up0.9_dwn0.1_infg0.3_spth0.7_salth0.7","computer_vision","3","0.85"
"4149","022-W2021009-198_R2_5dpi","Jan22_10-21-00_2026_up0.9_dwn0.1_infg0.3_spth0.7_salth0.7","computer_vision","3","11.5"
"4150","047-W2021011-482_R1_5dpi","Jan22_10-21-00_2026_up0.9_dwn0.1_infg0.3_spth0.7_salth0.7","computer_vision","3","39.57"
"4151","055-W2021010-397_R2_5dpi","Jan22_10-21-00_2026_up0.9_dwn0.1_infg0.3_spth0.7_salth0.7","computer_vision","3","7.39"
"4152","121-W2021009-185_R1_5dpi","Jan22_10-21-00_2026_up0.9_dwn0.1_infg0.3_spth0.7_salth0.7","computer_vision","3","6.5"
"4153","128-W2021006-013_R1_5dpi","Jan22_10-21-00_2026_up0.9_dwn0.1_infg0.3_spth0.7_salth0.7","computer_vision","3","75.98"
"4154","149-W2021010-417_R1_5dpi","Jan22_10-21-00_2026_up0.9_dwn0.1_infg0.3_spth0.7_salth0.7","computer_vision","3","10.32"
"4155","156-W2021009-276_R2_5dpi","Jan22_10-21-00_2026_up0.9_dwn0.1_infg0.3_spth0.7_salth0.7","computer_vision","3","6.01"
"4156","172-W2021011-557_R2_5dpi","Jan22_10-21-00_2026_up0.9_dwn0.1_infg0.3_spth0.7_salth0.7","computer_vision","3","7.21"
"4157","180-W2021011-476_R2_5dpi","Jan22_10-21-00_2026_up0.9_dwn0.1_infg0.3_spth0.7_salth0.7","computer_vision","3","77.32"
"4158","183-W2021009-295_R1_5dpi","Jan22_10-21-00_2026_up0.9_dwn0.1_infg0.3_spth0.7_salth0.7","computer_vision","3","4.88"
"4159","187-W2021010-348_R2_5dpi","Jan22_10-21-00_2026_up0.9_dwn0.1_infg0.3_spth0.7_salth0.7","computer_vision","3","84.22"
"4160","206-W2021010-344_R1_5dpi","Jan22_10-21-00_2026_up0.9_dwn0.1_infg0.3_spth0.7_salth0.7","computer_vision","3","3.04"
"4161","208-W2021009-268_R2_5dpi","Jan22_10-21-00_2026_up0.9_dwn0.1_infg0.3_spth0.7_salth0.7","computer_vision","3","28.71"
"4162","254-W2021010-352_R2_5dpi","Jan22_10-21-00_2026_up0.9_dwn0.1_infg0.3_spth0.7_salth0.7","computer_vision","3","0.93"
"4163","046-W2021009-208_R2_10dpi","Jan22_10-21-00_2026_up0.9_dwn0.3_infg0.3_spth0.7_salth0.7","computer_vision","3","3.82"
"4164","151-W2021011-479_R2_10dpi","Jan22_10-21-00_2026_up0.9_dwn0.3_infg0.3_spth0.7_salth0.7","computer_vision","3","98.89"
"4165","152-W2021010-301_R2_10dpi","Jan22_10-21-00_2026_up0.9_dwn0.3_infg0.3_spth0.7_salth0.7","computer_vision","3","1.23"
"4166","152-W2021011-479_R1_10dpi","Jan22_10-21-00_2026_up0.9_dwn0.3_infg0.3_spth0.7_salth0.7","computer_vision","3","42.9"
"4167","162-W2021011-551_R2_10dpi","Jan22_10-21-00_2026_up0.9_dwn0.3_infg0.3_spth0.7_salth0.7","computer_vision","3","82.75"
"4168","166-W2021006-123_R1_10dpi","Jan22_10-21-00_2026_up0.9_dwn0.3_infg0.3_spth0.7_salth0.7","computer_vision","3","0.66"
"4169","166-W2021006-146_R1_10dpi","Jan22_10-21-00_2026_up0.9_dwn0.3_infg0.3_spth0.7_salth0.7","computer_vision","3","52.31"
"4170","166-W2021006-146_R2_10dpi","Jan22_10-21-00_2026_up0.9_dwn0.3_infg0.3_spth0.7_salth0.7","computer_vision","3","15.33"
"4171","171-W2021011-584_R1_10dpi","Jan22_10-21-00_2026_up0.9_dwn0.3_infg0.3_spth0.7_salth0.7","computer_vision","3","68.12"
"4172","181-W2021009-295_R2_10dpi","Jan22_10-21-00_2026_up0.9_dwn0.3_infg0.3_spth0.7_salth0.7","computer_vision","3","25.49"
"4173","182-W2021009-251_R1_10dpi","Jan22_10-21-00_2026_up0.9_dwn0.3_infg0.3_spth0.7_salth0.7","computer_vision","3","5.98"
"4174","192-W2021010-449_R2_10dpi","Jan22_10-21-00_2026_up0.9_dwn0.3_infg0.3_spth0.7_salth0.7","computer_vision","3","66.31"
"4175","206-W2021009-271_R2_10dpi","Jan22_10-21-00_2026_up0.9_dwn0.3_infg0.3_spth0.7_salth0.7","computer_vision","3","83.36"
"4176","207-W2021009-271_R1_10dpi","Jan22_10-21-00_2026_up0.9_dwn0.3_infg0.3_spth0.7_salth0.7","computer_vision","3","39.4"
"4177","233-W2021006-607_R1_10dpi","Jan22_10-21-00_2026_up0.9_dwn0.3_infg0.3_spth0.7_salth0.7","computer_vision","3","19"
"4178","005-W2021011-592_R2_5dpi","Jan22_10-21-00_2026_up0.9_dwn0.3_infg0.3_spth0.7_salth0.7","computer_vision","3","0.84"
"4179","022-W2021009-198_R2_5dpi","Jan22_10-21-00_2026_up0.9_dwn0.3_infg0.3_spth0.7_salth0.7","computer_vision","3","9.98"
"4180","047-W2021011-482_R1_5dpi","Jan22_10-21-00_2026_up0.9_dwn0.3_infg0.3_spth0.7_salth0.7","computer_vision","3","36.69"
"4181","055-W2021010-397_R2_5dpi","Jan22_10-21-00_2026_up0.9_dwn0.3_infg0.3_spth0.7_salth0.7","computer_vision","3","7"
"4182","121-W2021009-185_R1_5dpi","Jan22_10-21-00_2026_up0.9_dwn0.3_infg0.3_spth0.7_salth0.7","computer_vision","3","6.28"
"4183","128-W2021006-013_R1_5dpi","Jan22_10-21-00_2026_up0.9_dwn0.3_infg0.3_spth0.7_salth0.7","computer_vision","3","72.21"
"4184","149-W2021010-417_R1_5dpi","Jan22_10-21-00_2026_up0.9_dwn0.3_infg0.3_spth0.7_salth0.7","computer_vision","3","9.86"
"4185","156-W2021009-276_R2_5dpi","Jan22_10-21-00_2026_up0.9_dwn0.3_infg0.3_spth0.7_salth0.7","computer_vision","3","5.78"
"4186","172-W2021011-557_R2_5dpi","Jan22_10-21-00_2026_up0.9_dwn0.3_infg0.3_spth0.7_salth0.7","computer_vision","3","7.02"
"4187","180-W2021011-476_R2_5dpi","Jan22_10-21-00_2026_up0.9_dwn0.3_infg0.3_spth0.7_salth0.7","computer_vision","3","73.37"
"4188","183-W2021009-295_R1_5dpi","Jan22_10-21-00_2026_up0.9_dwn0.3_infg0.3_spth0.7_salth0.7","computer_vision","3","4.75"
"4189","187-W2021010-348_R2_5dpi","Jan22_10-21-00_2026_up0.9_dwn0.3_infg0.3_spth0.7_salth0.7","computer_vision","3","80.81"
"4190","206-W2021010-344_R1_5dpi","Jan22_10-21-00_2026_up0.9_dwn0.3_infg0.3_spth0.7_salth0.7","computer_vision","3","2.79"
"4191","208-W2021009-268_R2_5dpi","Jan22_10-21-00_2026_up0.9_dwn0.3_infg0.3_spth0.7_salth0.7","computer_vision","3","26.61"
"4192","254-W2021010-352_R2_5dpi","Jan22_10-21-00_2026_up0.9_dwn0.3_infg0.3_spth0.7_salth0.7","computer_vision","3","0.91"
"4193","046-W2021009-208_R2_10dpi","Jan22_10-21-00_2026_up0.95_dwn0.1_infg0.3_spth0.7_salth0.7","computer_vision","3","3.46"
"4194","151-W2021011-479_R2_10dpi","Jan22_10-21-00_2026_up0.95_dwn0.1_infg0.3_spth0.7_salth0.7","computer_vision","3","99.36"
"4195","152-W2021010-301_R2_10dpi","Jan22_10-21-00_2026_up0.95_dwn0.1_infg0.3_spth0.7_salth0.7","computer_vision","3","1"
"4196","152-W2021011-479_R1_10dpi","Jan22_10-21-00_2026_up0.95_dwn0.1_infg0.3_spth0.7_salth0.7","computer_vision","3","43.11"
"4197","162-W2021011-551_R2_10dpi","Jan22_10-21-00_2026_up0.95_dwn0.1_infg0.3_spth0.7_salth0.7","computer_vision","3","84.05"
"4198","166-W2021006-123_R1_10dpi","Jan22_10-21-00_2026_up0.95_dwn0.1_infg0.3_spth0.7_salth0.7","computer_vision","3","0.69"
"4199","166-W2021006-146_R1_10dpi","Jan22_10-21-00_2026_up0.95_dwn0.1_infg0.3_spth0.7_salth0.7","computer_vision","3","53.32"
"4200","166-W2021006-146_R2_10dpi","Jan22_10-21-00_2026_up0.95_dwn0.1_infg0.3_spth0.7_salth0.7","computer_vision","3","15.56"
"4201","171-W2021011-584_R1_10dpi","Jan22_10-21-00_2026_up0.95_dwn0.1_infg0.3_spth0.7_salth0.7","computer_vision","3","69.91"
"4202","181-W2021009-295_R2_10dpi","Jan22_10-21-00_2026_up0.95_dwn0.1_infg0.3_spth0.7_salth0.7","computer_vision","3","25.48"
"4203","182-W2021009-251_R1_10dpi","Jan22_10-21-00_2026_up0.95_dwn0.1_infg0.3_spth0.7_salth0.7","computer_vision","3","6.09"
"4204","192-W2021010-449_R2_10dpi","Jan22_10-21-00_2026_up0.95_dwn0.1_infg0.3_spth0.7_salth0.7","computer_vision","3","67.78"
"4205","206-W2021009-271_R2_10dpi","Jan22_10-21-00_2026_up0.95_dwn0.1_infg0.3_spth0.7_salth0.7","computer_vision","3","84.34"
"4206","207-W2021009-271_R1_10dpi","Jan22_10-21-00_2026_up0.95_dwn0.1_infg0.3_spth0.7_salth0.7","computer_vision","3","39.81"
"4207","233-W2021006-607_R1_10dpi","Jan22_10-21-00_2026_up0.95_dwn0.1_infg0.3_spth0.7_salth0.7","computer_vision","3","18.71"
"4208","005-W2021011-592_R2_5dpi","Jan22_10-21-00_2026_up0.95_dwn0.1_infg0.3_spth0.7_salth0.7","computer_vision","3","0.85"
"4209","022-W2021009-198_R2_5dpi","Jan22_10-21-00_2026_up0.95_dwn0.1_infg0.3_spth0.7_salth0.7","computer_vision","3","8.65"
"4210","047-W2021011-482_R1_5dpi","Jan22_10-21-00_2026_up0.95_dwn0.1_infg0.3_spth0.7_salth0.7","computer_vision","3","38.81"
"4211","055-W2021010-397_R2_5dpi","Jan22_10-21-00_2026_up0.95_dwn0.1_infg0.3_spth0.7_salth0.7","computer_vision","3","6.61"
"4212","121-W2021009-185_R1_5dpi","Jan22_10-21-00_2026_up0.95_dwn0.1_infg0.3_spth0.7_salth0.7","computer_vision","3","5.47"
"4213","128-W2021006-013_R1_5dpi","Jan22_10-21-00_2026_up0.95_dwn0.1_infg0.3_spth0.7_salth0.7","computer_vision","3","75.57"
"4214","149-W2021010-417_R1_5dpi","Jan22_10-21-00_2026_up0.95_dwn0.1_infg0.3_spth0.7_salth0.7","computer_vision","3","9.74"
"4215","156-W2021009-276_R2_5dpi","Jan22_10-21-00_2026_up0.95_dwn0.1_infg0.3_spth0.7_salth0.7","computer_vision","3","5.74"
"4216","172-W2021011-557_R2_5dpi","Jan22_10-21-00_2026_up0.95_dwn0.1_infg0.3_spth0.7_salth0.7","computer_vision","3","6.82"
"4217","180-W2021011-476_R2_5dpi","Jan22_10-21-00_2026_up0.95_dwn0.1_infg0.3_spth0.7_salth0.7","computer_vision","3","76.76"
"4218","183-W2021009-295_R1_5dpi","Jan22_10-21-00_2026_up0.95_dwn0.1_infg0.3_spth0.7_salth0.7","computer_vision","3","3.87"
"4219","187-W2021010-348_R2_5dpi","Jan22_10-21-00_2026_up0.95_dwn0.1_infg0.3_spth0.7_salth0.7","computer_vision","3","83.8"
"4220","206-W2021010-344_R1_5dpi","Jan22_10-21-00_2026_up0.95_dwn0.1_infg0.3_spth0.7_salth0.7","computer_vision","3","2.16"
"4221","208-W2021009-268_R2_5dpi","Jan22_10-21-00_2026_up0.95_dwn0.1_infg0.3_spth0.7_salth0.7","computer_vision","3","27.76"
"4222","254-W2021010-352_R2_5dpi","Jan22_10-21-00_2026_up0.95_dwn0.1_infg0.3_spth0.7_salth0.7","computer_vision","3","0.56"
"4223","106-21326M_R1_10dpi","Jan22_10-21-00_2026_up0.95_dwn0.3_spth0.5_salth0.7","computer_vision","3","42.44"
"4224","002-W2021006-081_R1_5dpi","Jan22_10-21-00_2026_up0.95_dwn0.3_spth0.7_salth0.7","computer_vision","3","0.31"
"4225","002-W2021010-336_R2_5dpi","Jan22_10-21-00_2026_up0.95_dwn0.3_spth0.7_salth0.7","computer_vision","3","1.67"
"4226","005-W2021011-592_R2_5dpi","Jan22_10-21-00_2026_up0.95_dwn0.3_spth0.7_salth0.7","computer_vision","3","0.84"
"4227","009-W2021010-311_R2_5dpi","Jan22_10-21-00_2026_up0.95_dwn0.3_spth0.7_salth0.7","computer_vision","3","20.47"
"4228","010-W2021010-347_R2_5dpi","Jan22_10-21-00_2026_up0.95_dwn0.3_spth0.7_salth0.7","computer_vision","3","29.81"
"4229","013-W2021009-172_R2_5dpi","Jan22_10-21-00_2026_up0.95_dwn0.3_spth0.7_salth0.7","computer_vision","3","0.15"
"4230","015-W2021009-160_R1_5dpi","Jan22_10-21-00_2026_up0.95_dwn0.3_spth0.7_salth0.7","computer_vision","3","26.9"
"4231","015-W2021011-633_R1_5dpi","Jan22_10-21-00_2026_up0.95_dwn0.3_spth0.7_salth0.7","computer_vision","3","15.89"
"4232","017-W2021006-612_R2_5dpi","Jan22_10-21-00_2026_up0.95_dwn0.3_spth0.7_salth0.7","computer_vision","3","33.07"
"4233","019-W2021010-428_R2_5dpi","Jan22_10-21-00_2026_up0.95_dwn0.3_spth0.7_salth0.7","computer_vision","3","0"
"4234","021-W2021009-175_R1_5dpi","Jan22_10-21-00_2026_up0.95_dwn0.3_spth0.7_salth0.7","computer_vision","3","1.89"
"4235","022-W2021009-198_R2_5dpi","Jan22_10-21-00_2026_up0.95_dwn0.3_spth0.7_salth0.7","computer_vision","3","7.48"
"4236","023-W2021006-049_R1_5dpi","Jan22_10-21-00_2026_up0.95_dwn0.3_spth0.7_salth0.7","computer_vision","3","15.91"
"4237","023-W2021010-305_R2_5dpi","Jan22_10-21-00_2026_up0.95_dwn0.3_spth0.7_salth0.7","computer_vision","3","7.85"
"4238","026-W2021009-622_R2_5dpi","Jan22_10-21-00_2026_up0.95_dwn0.3_spth0.7_salth0.7","computer_vision","3","21.94"
"4239","032-W2021006-041_R2_5dpi","Jan22_10-21-00_2026_up0.95_dwn0.3_spth0.7_salth0.7","computer_vision","3","12.02"
"4240","032-W2021009-155_R1_5dpi","Jan22_10-21-00_2026_up0.95_dwn0.3_spth0.7_salth0.7","computer_vision","3","83.14"
"4241","036-W2021006-047_R2_5dpi","Jan22_10-21-00_2026_up0.95_dwn0.3_spth0.7_salth0.7","computer_vision","3","0.45"
"4242","040-W2021009-207_R1_5dpi","Jan22_10-21-00_2026_up0.95_dwn0.3_spth0.7_salth0.7","computer_vision","3","19.08"
"4243","042-W2021010-429_R1_5dpi","Jan22_10-21-00_2026_up0.95_dwn0.3_spth0.7_salth0.7","computer_vision","3","53.88"
"4244","044-W2021009-169_R2_5dpi","Jan22_10-21-00_2026_up0.95_dwn0.3_spth0.7_salth0.7","computer_vision","3","0.61"
"4245","044-W2021009-618_R1_5dpi","Jan22_10-21-00_2026_up0.95_dwn0.3_spth0.7_salth0.7","computer_vision","3","15.29"
"4246","047-W2021011-482_R1_5dpi","Jan22_10-21-00_2026_up0.95_dwn0.3_spth0.7_salth0.7","computer_vision","3","35.95"
"4247","048-W2021006-147_R1_5dpi","Jan22_10-21-00_2026_up0.95_dwn0.3_spth0.7_salth0.7","computer_vision","3","4.86"
"4248","052-W2021006-004_R2_5dpi","Jan22_10-21-00_2026_up0.95_dwn0.3_spth0.7_salth0.7","computer_vision","3","0.5"
"4249","055-W2021010-341_R2_5dpi","Jan22_10-21-00_2026_up0.95_dwn0.3_spth0.7_salth0.7","computer_vision","3","3.48"
"4250","055-W2021010-397_R2_5dpi","Jan22_10-21-00_2026_up0.95_dwn0.3_spth0.7_salth0.7","computer_vision","3","6.25"
"4251","056-W2021006-609_R1_5dpi","Jan22_10-21-00_2026_up0.95_dwn0.3_spth0.7_salth0.7","computer_vision","3","19.29"
"4252","059-W2021010-434_R1_5dpi","Jan22_10-21-00_2026_up0.95_dwn0.3_spth0.7_salth0.7","computer_vision","3","0.29"
"4253","060-W2021010-324_R2_5dpi","Jan22_10-21-00_2026_up0.95_dwn0.3_spth0.7_salth0.7","computer_vision","3","1.37"
"4254","061-W2021011-483_R1_5dpi","Jan22_10-21-00_2026_up0.95_dwn0.3_spth0.7_salth0.7","computer_vision","3","8.72"
"4255","070-W2021011-486_R2_5dpi","Jan22_10-21-00_2026_up0.95_dwn0.3_spth0.7_salth0.7","computer_vision","3","39.5"
"4256","071-W2021010-323_R1_5dpi","Jan22_10-21-00_2026_up0.95_dwn0.3_spth0.7_salth0.7","computer_vision","3","62"
"4257","077-W2021010-351_R2_5dpi","Jan22_10-21-00_2026_up0.95_dwn0.3_spth0.7_salth0.7","computer_vision","3","2.92"
"4258","084-W2021010-319_R1_5dpi","Jan22_10-21-00_2026_up0.95_dwn0.3_spth0.7_salth0.7","computer_vision","3","0.96"
"4259","085-W2021010-630_R1_5dpi","Jan22_10-21-00_2026_up0.95_dwn0.3_spth0.7_salth0.7","computer_vision","3","0.61"
"4260","091-W2021006-056_R2_5dpi","Jan22_10-21-00_2026_up0.95_dwn0.3_spth0.7_salth0.7","computer_vision","3","2.62"
"4261","094-W2021010-315_R2_5dpi","Jan22_10-21-00_2026_up0.95_dwn0.3_spth0.7_salth0.7","computer_vision","3","0"
"4262","095-W2021011-553_R2_5dpi","Jan22_10-21-00_2026_up0.95_dwn0.3_spth0.7_salth0.7","computer_vision","3","0.67"
"4263","097-W2021006-617_R2_5dpi","Jan22_10-21-00_2026_up0.95_dwn0.3_spth0.7_salth0.7","computer_vision","3","32.34"
"4264","097-W2021009-163_R1_5dpi","Jan22_10-21-00_2026_up0.95_dwn0.3_spth0.7_salth0.7","computer_vision","3","55.94"
"4265","099-W2021006-611_R2_5dpi","Jan22_10-21-00_2026_up0.95_dwn0.3_spth0.7_salth0.7","computer_vision","3","35.93"
"4266","101-W2021011-565_R1_5dpi","Jan22_10-21-00_2026_up0.95_dwn0.3_spth0.7_salth0.7","computer_vision","3","77.38"
"4267","105-W2021011-558_R1_5dpi","Jan22_10-21-00_2026_up0.95_dwn0.3_spth0.7_salth0.7","computer_vision","3","0.82"
"4268","110-W2021011-454_R2_5dpi","Jan22_10-21-00_2026_up0.95_dwn0.3_spth0.7_salth0.7","computer_vision","3","8"
"4269","111-W2021011-588_R2_5dpi","Jan22_10-21-00_2026_up0.95_dwn0.3_spth0.7_salth0.7","computer_vision","3","2.5"
"4270","121-W2021009-185_R1_5dpi","Jan22_10-21-00_2026_up0.95_dwn0.3_spth0.7_salth0.7","computer_vision","3","5.29"
"4271","123-W2021009-255_R2_5dpi","Jan22_10-21-00_2026_up0.95_dwn0.3_spth0.7_salth0.7","computer_vision","3","5.72"
"4272","123-W2021009-621_R2_5dpi","Jan22_10-21-00_2026_up0.95_dwn0.3_spth0.7_salth0.7","computer_vision","3","4.64"
"4273","127-W2021006-143_R2_5dpi","Jan22_10-21-00_2026_up0.95_dwn0.3_spth0.7_salth0.7","computer_vision","3","0.46"
"4274","127-W2021009-292_R2_5dpi","Jan22_10-21-00_2026_up0.95_dwn0.3_spth0.7_salth0.7","computer_vision","3","81.83"
"4275","128-W2021006-013_R1_5dpi","Jan22_10-21-00_2026_up0.95_dwn0.3_spth0.7_salth0.7","computer_vision","3","71.76"
"4276","129-W2021006-119_R2_5dpi","Jan22_10-21-00_2026_up0.95_dwn0.3_spth0.7_salth0.7","computer_vision","3","6.67"
"4277","132-W2021010-399_R1_5dpi","Jan22_10-21-00_2026_up0.95_dwn0.3_spth0.7_salth0.7","computer_vision","3","0.15"
"4278","132-W2021011-644_R2_5dpi","Jan22_10-21-00_2026_up0.95_dwn0.3_spth0.7_salth0.7","computer_vision","3","9.39"
"4279","134-W2021006-001_R1_5dpi","Jan22_10-21-00_2026_up0.95_dwn0.3_spth0.7_salth0.7","computer_vision","3","43.96"
"4280","134-W2021009-275_R1_5dpi","Jan22_10-21-00_2026_up0.95_dwn0.3_spth0.7_salth0.7","computer_vision","3","26.03"
"4281","137-W2021010-342_R2_5dpi","Jan22_10-21-00_2026_up0.95_dwn0.3_spth0.7_salth0.7","computer_vision","3","1.25"
"4282","138-W2021010-446_R1_5dpi","Jan22_10-21-00_2026_up0.95_dwn0.3_spth0.7_salth0.7","computer_vision","3","2.39"
"4283","141-W2021009-274_R1_5dpi","Jan22_10-21-00_2026_up0.95_dwn0.3_spth0.7_salth0.7","computer_vision","3","84.03"
"4284","143-W2021010-313_R2_5dpi","Jan22_10-21-00_2026_up0.95_dwn0.3_spth0.7_salth0.7","computer_vision","3","0.3"
"4285","148-W2021011-462_R2_5dpi","Jan22_10-21-00_2026_up0.95_dwn0.3_spth0.7_salth0.7","computer_vision","3","21.37"
"4286","149-W2021010-417_R1_5dpi","Jan22_10-21-00_2026_up0.95_dwn0.3_spth0.7_salth0.7","computer_vision","3","9.3"
"4287","154-W2021010-419_R1_5dpi","Jan22_10-21-00_2026_up0.95_dwn0.3_spth0.7_salth0.7","computer_vision","3","0.3"
"4288","155-W2021011-639_R1_5dpi","Jan22_10-21-00_2026_up0.95_dwn0.3_spth0.7_salth0.7","computer_vision","3","5.9"
"4289","156-W2021009-276_R2_5dpi","Jan22_10-21-00_2026_up0.95_dwn0.3_spth0.7_salth0.7","computer_vision","3","5.52"
"4290","158-W2021006-114_R1_5dpi","Jan22_10-21-00_2026_up0.95_dwn0.3_spth0.7_salth0.7","computer_vision","3","47.78"
"4291","167-W2021006-003_R2_5dpi","Jan22_10-21-00_2026_up0.95_dwn0.3_spth0.7_salth0.7","computer_vision","3","1.16"
"4292","169-W2021009-623_R2_5dpi","Jan22_10-21-00_2026_up0.95_dwn0.3_spth0.7_salth0.7","computer_vision","3","80.74"
"4293","169-W2021011-477_R1_5dpi","Jan22_10-21-00_2026_up0.95_dwn0.3_spth0.7_salth0.7","computer_vision","3","48.3"
"4294","172-W2021011-557_R2_5dpi","Jan22_10-21-00_2026_up0.95_dwn0.3_spth0.7_salth0.7","computer_vision","3","6.63"
"4295","173-W2021006-127_R2_5dpi","Jan22_10-21-00_2026_up0.95_dwn0.3_spth0.7_salth0.7","computer_vision","3","1.04"
"4296","174-W2021009-156_R2_5dpi","Jan22_10-21-00_2026_up0.95_dwn0.3_spth0.7_salth0.7","computer_vision","3","11.71"
"4297","176-W2021009-256_R2_5dpi","Jan22_10-21-00_2026_up0.95_dwn0.3_spth0.7_salth0.7","computer_vision","3","1.08"
"4298","177-W2021009-194_R1_5dpi","Jan22_10-21-00_2026_up0.95_dwn0.3_spth0.7_salth0.7","computer_vision","3","8.11"
"4299","180-W2021009-152_R1_5dpi","Jan22_10-21-00_2026_up0.95_dwn0.3_spth0.7_salth0.7","computer_vision","3","15.16"
"4300","180-W2021011-476_R2_5dpi","Jan22_10-21-00_2026_up0.95_dwn0.3_spth0.7_salth0.7","computer_vision","3","72.74"
"4301","182-W2021009-251_R1_5dpi","Jan22_10-21-00_2026_up0.95_dwn0.3_spth0.7_salth0.7","computer_vision","3","1.14"
"4302","183-W2021009-295_R1_5dpi","Jan22_10-21-00_2026_up0.95_dwn0.3_spth0.7_salth0.7","computer_vision","3","3.77"
"4303","185-W2021009-199_R1_5dpi","Jan22_10-21-00_2026_up0.95_dwn0.3_spth0.7_salth0.7","computer_vision","3","7.42"
"4304","185-W2021009-291_R2_5dpi","Jan22_10-21-00_2026_up0.95_dwn0.3_spth0.7_salth0.7","computer_vision","3","3.09"
"4305","187-W2021010-348_R2_5dpi","Jan22_10-21-00_2026_up0.95_dwn0.3_spth0.7_salth0.7","computer_vision","3","80.32"
"4306","191-W2021010-426_R2_5dpi","Jan22_10-21-00_2026_up0.95_dwn0.3_spth0.7_salth0.7","computer_vision","3","3.53"
"4307","191-W2021010-449_R1_5dpi","Jan22_10-21-00_2026_up0.95_dwn0.3_spth0.7_salth0.7","computer_vision","3","15.26"
"4308","192-W2021006-005_R1_5dpi","Jan22_10-21-00_2026_up0.95_dwn0.3_spth0.7_salth0.7","computer_vision","3","2.68"
"4309","206-W2021010-344_R1_5dpi","Jan22_10-21-00_2026_up0.95_dwn0.3_spth0.7_salth0.7","computer_vision","3","1.99"
"4310","207-W2021009-287_R2_5dpi","Jan22_10-21-00_2026_up0.95_dwn0.3_spth0.7_salth0.7","computer_vision","3","0.15"
"4311","208-W2021009-268_R2_5dpi","Jan22_10-21-00_2026_up0.95_dwn0.3_spth0.7_salth0.7","computer_vision","3","25.7"
"4312","209-W2021010-439_R2_5dpi","Jan22_10-21-00_2026_up0.95_dwn0.3_spth0.7_salth0.7","computer_vision","3","35.89"
"4313","211-W2021011-598_R2_5dpi","Jan22_10-21-00_2026_up0.95_dwn0.3_spth0.7_salth0.7","computer_vision","3","12.69"
"4314","215-W2021006-045_R2_5dpi","Jan22_10-21-00_2026_up0.95_dwn0.3_spth0.7_salth0.7","computer_vision","3","8.09"
"4315","223-W2021010-442_R2_5dpi","Jan22_10-21-00_2026_up0.95_dwn0.3_spth0.7_salth0.7","computer_vision","3","35.85"
"4316","226-W2021010-435_R1_5dpi","Jan22_10-21-00_2026_up0.95_dwn0.3_spth0.7_salth0.7","computer_vision","3","5.68"
"4317","230-W2021010-373_R2_5dpi","Jan22_10-21-00_2026_up0.95_dwn0.3_spth0.7_salth0.7","computer_vision","3","98.55"
"4318","233-W2021009-215_R2_5dpi","Jan22_10-21-00_2026_up0.95_dwn0.3_spth0.7_salth0.7","computer_vision","3","13.64"
"4319","240-Symphony_R2_5dpi","Jan22_10-21-00_2026_up0.95_dwn0.3_spth0.7_salth0.7","computer_vision","3","79.73"
"4320","254-W2021010-352_R2_5dpi","Jan22_10-21-00_2026_up0.95_dwn0.3_spth0.7_salth0.7","computer_vision","3","0.55"
"4321","266-W2021009-193_R1_5dpi","Jan22_10-21-00_2026_up0.95_dwn0.3_spth0.7_salth0.7","computer_vision","3","5.13"
"4322","313-W2021010-343_R1_5dpi","Jan22_10-21-00_2026_up0.95_dwn0.3_spth0.7_salth0.7","computer_vision","3","1.35"
"4323","336-W2021011-506_R2_5dpi","Jan22_10-21-00_2026_up0.95_dwn0.3_spth0.7_salth0.7","computer_vision","3","41.73"
"4324","001-W2021006-099_R2_10dpi","Jan22_10-21-00_2026_up0.95_dwn0.3_infg0.3_spth0.5_salth0.5","computer_vision","3","2.68"
"4325","003-W2021006-150_R1_10dpi","Jan22_10-21-00_2026_up0.95_dwn0.3_infg0.3_spth0.5_salth0.5","computer_vision","3","1.62"
"4326","004-NUGGET_R2_10dpi","Jan22_10-21-00_2026_up0.95_dwn0.3_infg0.3_spth0.5_salth0.5","computer_vision","3","38.95"
"4327","012-W2021011-458_R2_10dpi","Jan22_10-21-00_2026_up0.95_dwn0.3_infg0.3_spth0.5_salth0.5","computer_vision","3","0.15"
"4328","013-W2021009-172_R1_10dpi","Jan22_10-21-00_2026_up0.95_dwn0.3_infg0.3_spth0.5_salth0.5","computer_vision","3","3.4"
"4329","013-W2021011-633_R2_10dpi","Jan22_10-21-00_2026_up0.95_dwn0.3_infg0.3_spth0.5_salth0.5","computer_vision","3","27.94"
"4330","015-W2021010-355_R2_10dpi","Jan22_10-21-00_2026_up0.95_dwn0.3_infg0.3_spth0.5_salth0.5","computer_vision","3","2.51"
"4331","017-W2021010-405_R2_10dpi","Jan22_10-21-00_2026_up0.95_dwn0.3_infg0.3_spth0.5_salth0.5","computer_vision","3","0.29"
"4332","018-W2021010-405_R1_10dpi","Jan22_10-21-00_2026_up0.95_dwn0.3_infg0.3_spth0.5_salth0.5","computer_vision","3","8.94"
"4333","018-W2021010-405_R2_10dpi","Jan22_10-21-00_2026_up0.95_dwn0.3_infg0.3_spth0.5_salth0.5","computer_vision","3","0.15"
"4334","025-W2021009-622_R1_10dpi","Jan22_10-21-00_2026_up0.95_dwn0.3_infg0.3_spth0.5_salth0.5","computer_vision","3","86.43"
"4335","026-W2021010-346_R2_10dpi","Jan22_10-21-00_2026_up0.95_dwn0.3_infg0.3_spth0.5_salth0.5","computer_vision","3","0.14"
"4336","027-W2021009-622_R2_10dpi","Jan22_10-21-00_2026_up0.95_dwn0.3_infg0.3_spth0.5_salth0.5","computer_vision","3","62.54"
"4337","028-W2021010-354_R2_10dpi","Jan22_10-21-00_2026_up0.95_dwn0.3_infg0.3_spth0.5_salth0.5","computer_vision","3","22.03"
"4338","029-W2021010-354_R1_10dpi","Jan22_10-21-00_2026_up0.95_dwn0.3_infg0.3_spth0.5_salth0.5","computer_vision","3","65.57"
"4339","037-W2021009-198_R2_10dpi","Jan22_10-21-00_2026_up0.95_dwn0.3_infg0.3_spth0.5_salth0.5","computer_vision","3","0.16"
"4340","037-W2021009-277_R1_10dpi","Jan22_10-21-00_2026_up0.95_dwn0.3_infg0.3_spth0.5_salth0.5","computer_vision","3","89.68"
"4341","042-W2021006-015_R1_10dpi","Jan22_10-21-00_2026_up0.95_dwn0.3_infg0.3_spth0.5_salth0.5","computer_vision","3","18.95"
"4342","046-W2021009-208_R2_10dpi","Jan22_10-21-00_2026_up0.95_dwn0.3_infg0.3_spth0.5_salth0.5","computer_vision","3","2.91"
"4343","049-W2021011-583_R1_10dpi","Jan22_10-21-00_2026_up0.95_dwn0.3_infg0.3_spth0.5_salth0.5","computer_vision","3","27.09"
"4344","051-W2021010-443_R1_10dpi","Jan22_10-21-00_2026_up0.95_dwn0.3_infg0.3_spth0.5_salth0.5","computer_vision","3","0.28"
"4345","051-W2021011-583_R1_10dpi","Jan22_10-21-00_2026_up0.95_dwn0.3_infg0.3_spth0.5_salth0.5","computer_vision","3","86.43"
"4346","051-W2021011-583_R2_10dpi","Jan22_10-21-00_2026_up0.95_dwn0.3_infg0.3_spth0.5_salth0.5","computer_vision","3","33.47"
"4347","057-W2021011-504_R2_10dpi","Jan22_10-21-00_2026_up0.95_dwn0.3_infg0.3_spth0.5_salth0.5","computer_vision","3","0.79"
"4348","061-W2021011-483_R1_10dpi","Jan22_10-21-00_2026_up0.95_dwn0.3_infg0.3_spth0.5_salth0.5","computer_vision","3","13.3"
"4349","062-W2021010-432_R2_10dpi","Jan22_10-21-00_2026_up0.95_dwn0.3_infg0.3_spth0.5_salth0.5","computer_vision","3","60.42"
"4350","062-W2021011-483_R2_10dpi","Jan22_10-21-00_2026_up0.95_dwn0.3_infg0.3_spth0.5_salth0.5","computer_vision","3","60.09"
"4351","063-W2021011-594_R1_10dpi","Jan22_10-21-00_2026_up0.95_dwn0.3_infg0.3_spth0.5_salth0.5","computer_vision","3","54.67"
"4352","068-W2021011-574_R2_10dpi","Jan22_10-21-00_2026_up0.95_dwn0.3_infg0.3_spth0.5_salth0.5","computer_vision","3","41.52"
"4353","069-W2021011-574_R1_10dpi","Jan22_10-21-00_2026_up0.95_dwn0.3_infg0.3_spth0.5_salth0.5","computer_vision","3","11.78"
"4354","071-W2021006-142_R1_10dpi","Jan22_10-21-00_2026_up0.95_dwn0.3_infg0.3_spth0.5_salth0.5","computer_vision","3","59.32"
"4355","080-W2021011-586_R2_10dpi","Jan22_10-21-00_2026_up0.95_dwn0.3_infg0.3_spth0.5_salth0.5","computer_vision","3","94.12"
"4356","088-W2021009-288_R2_10dpi","Jan22_10-21-00_2026_up0.95_dwn0.3_infg0.3_spth0.5_salth0.5","computer_vision","3","88.63"
"4357","091-W2021010-394_R2_10dpi","Jan22_10-21-00_2026_up0.95_dwn0.3_infg0.3_spth0.5_salth0.5","computer_vision","3","1.1"
"4358","092-W2021010-394_R1_10dpi","Jan22_10-21-00_2026_up0.95_dwn0.3_infg0.3_spth0.5_salth0.5","computer_vision","3","14.92"
"4359","095-W2021009-283_R1_10dpi","Jan22_10-21-00_2026_up0.95_dwn0.3_infg0.3_spth0.5_salth0.5","computer_vision","3","4.4"
"4360","097-W2021006-126_R2_10dpi","Jan22_10-21-00_2026_up0.95_dwn0.3_infg0.3_spth0.5_salth0.5","computer_vision","3","86.78"
"4361","097-W2021006-611_R1_10dpi","Jan22_10-21-00_2026_up0.95_dwn0.3_infg0.3_spth0.5_salth0.5","computer_vision","3","99.82"
"4362","098-W2021006-126_R1_10dpi","Jan22_10-21-00_2026_up0.95_dwn0.3_infg0.3_spth0.5_salth0.5","computer_vision","3","82.5"
"4363","099-W2021006-611_R2_10dpi","Jan22_10-21-00_2026_up0.95_dwn0.3_infg0.3_spth0.5_salth0.5","computer_vision","3","34.08"
"4364","102-W2021011-565_R2_10dpi","Jan22_10-21-00_2026_up0.95_dwn0.3_infg0.3_spth0.5_salth0.5","computer_vision","3","92.73"
"4365","103-W2021011-591_R2_10dpi","Jan22_10-21-00_2026_up0.95_dwn0.3_infg0.3_spth0.5_salth0.5","computer_vision","3","48.8"
"4366","105-W2021010-625_R1_10dpi","Jan22_10-21-00_2026_up0.95_dwn0.3_infg0.3_spth0.5_salth0.5","computer_vision","3","76.69"
"4367","108-W2021011-550_R2_10dpi","Jan22_10-21-00_2026_up0.95_dwn0.3_infg0.3_spth0.5_salth0.5","computer_vision","3","14.33"
"4368","109-W2021006-102_R2_10dpi","Jan22_10-21-00_2026_up0.95_dwn0.3_infg0.3_spth0.5_salth0.5","computer_vision","3","94.37"
"4369","112-W2021006-046_R1_10dpi","Jan22_10-21-00_2026_up0.95_dwn0.3_infg0.3_spth0.5_salth0.5","computer_vision","3","3.24"
"4370","112-W2021011-554_R1_10dpi","Jan22_10-21-00_2026_up0.95_dwn0.3_infg0.3_spth0.5_salth0.5","computer_vision","3","13.71"
"4371","115-W2021011-638_R1_10dpi","Jan22_10-21-00_2026_up0.95_dwn0.3_infg0.3_spth0.5_salth0.5","computer_vision","3","53.11"
"4372","116-W2021011-504_R2_10dpi","Jan22_10-21-00_2026_up0.95_dwn0.3_infg0.3_spth0.5_salth0.5","computer_vision","3","4.78"
"4373","117-W2021011-504_R1_10dpi","Jan22_10-21-00_2026_up0.95_dwn0.3_infg0.3_spth0.5_salth0.5","computer_vision","3","4.93"
"4374","119-W2021009-171_R2_10dpi","Jan22_10-21-00_2026_up0.95_dwn0.3_infg0.3_spth0.5_salth0.5","computer_vision","3","38.51"
"4375","119-W2021009-299_R2_10dpi","Jan22_10-21-00_2026_up0.95_dwn0.3_infg0.3_spth0.5_salth0.5","computer_vision","3","76.7"
"4376","122-W2021009-267_R2_10dpi","Jan22_10-21-00_2026_up0.95_dwn0.3_infg0.3_spth0.5_salth0.5","computer_vision","3","2.65"
"4377","124-W2021009-278_R1_10dpi","Jan22_10-21-00_2026_up0.95_dwn0.3_infg0.3_spth0.5_salth0.5","computer_vision","3","42.86"
"4378","126-W2021009-278_R2_10dpi","Jan22_10-21-00_2026_up0.95_dwn0.3_infg0.3_spth0.5_salth0.5","computer_vision","3","44.82"
"4379","131-W2021009-252_R2_10dpi","Jan22_10-21-00_2026_up0.95_dwn0.3_infg0.3_spth0.5_salth0.5","computer_vision","3","6.64"
"4380","132-W2021009-252_R1_10dpi","Jan22_10-21-00_2026_up0.95_dwn0.3_infg0.3_spth0.5_salth0.5","computer_vision","3","0.62"
"4381","135-W2021011-581_R1_10dpi","Jan22_10-21-00_2026_up0.95_dwn0.3_infg0.3_spth0.5_salth0.5","computer_vision","3","48.03"
"4382","137-W2021006-128_R2_10dpi","Jan22_10-21-00_2026_up0.95_dwn0.3_infg0.3_spth0.5_salth0.5","computer_vision","3","92.19"
"4383","146-W2021006-613_R1_10dpi","Jan22_10-21-00_2026_up0.95_dwn0.3_infg0.3_spth0.5_salth0.5","computer_vision","3","74.68"
"4384","149-W2021011-462_R1_10dpi","Jan22_10-21-00_2026_up0.95_dwn0.3_infg0.3_spth0.5_salth0.5","computer_vision","3","83.88"
"4385","151-W2021011-479_R2_10dpi","Jan22_10-21-00_2026_up0.95_dwn0.3_infg0.3_spth0.5_salth0.5","computer_vision","3","98.73"
"4386","152-W2021010-301_R2_10dpi","Jan22_10-21-00_2026_up0.95_dwn0.3_infg0.3_spth0.5_salth0.5","computer_vision","3","0.82"
"4387","152-W2021011-479_R1_10dpi","Jan22_10-21-00_2026_up0.95_dwn0.3_infg0.3_spth0.5_salth0.5","computer_vision","3","42.14"
"4388","154-W2021010-419_R2_10dpi","Jan22_10-21-00_2026_up0.95_dwn0.3_infg0.3_spth0.5_salth0.5","computer_vision","3","0.65"
"4389","162-W2021011-551_R2_10dpi","Jan22_10-21-00_2026_up0.95_dwn0.3_infg0.3_spth0.5_salth0.5","computer_vision","3","82.32"
"4390","166-W2021006-123_R1_10dpi","Jan22_10-21-00_2026_up0.95_dwn0.3_infg0.3_spth0.5_salth0.5","computer_vision","3","0.5"
"4391","166-W2021006-146_R1_10dpi","Jan22_10-21-00_2026_up0.95_dwn0.3_infg0.3_spth0.5_salth0.5","computer_vision","3","51.43"
"4392","166-W2021006-146_R2_10dpi","Jan22_10-21-00_2026_up0.95_dwn0.3_infg0.3_spth0.5_salth0.5","computer_vision","3","14.48"
"4393","171-W2021011-584_R1_10dpi","Jan22_10-21-00_2026_up0.95_dwn0.3_infg0.3_spth0.5_salth0.5","computer_vision","3","68.2"
"4394","171-W2021011-584_R2_10dpi","Jan22_10-21-00_2026_up0.95_dwn0.3_infg0.3_spth0.5_salth0.5","computer_vision","3","99.01"
"4395","172-W2021009-156_R2_10dpi","Jan22_10-21-00_2026_up0.95_dwn0.3_infg0.3_spth0.5_salth0.5","computer_vision","3","5.18"
"4396","176-W2021009-256_R2_10dpi","Jan22_10-21-00_2026_up0.95_dwn0.3_infg0.3_spth0.5_salth0.5","computer_vision","3","3.79"
"4397","177-W2021009-194_R2_10dpi","Jan22_10-21-00_2026_up0.95_dwn0.3_infg0.3_spth0.5_salth0.5","computer_vision","3","84.55"
"4398","177-W2021009-256_R1_10dpi","Jan22_10-21-00_2026_up0.95_dwn0.3_infg0.3_spth0.5_salth0.5","computer_vision","3","5.14"
"4399","181-W2021009-251_R2_10dpi","Jan22_10-21-00_2026_up0.95_dwn0.3_infg0.3_spth0.5_salth0.5","computer_vision","3","7.89"
"4400","181-W2021009-295_R2_10dpi","Jan22_10-21-00_2026_up0.95_dwn0.3_infg0.3_spth0.5_salth0.5","computer_vision","3","23.1"
"4401","182-W2021009-251_R1_10dpi","Jan22_10-21-00_2026_up0.95_dwn0.3_infg0.3_spth0.5_salth0.5","computer_vision","3","5.66"
"4402","184-W2021009-199_R1_10dpi","Jan22_10-21-00_2026_up0.95_dwn0.3_infg0.3_spth0.5_salth0.5","computer_vision","3","30.78"
"4403","189-W2021009-257_R2_10dpi","Jan22_10-21-00_2026_up0.95_dwn0.3_infg0.3_spth0.5_salth0.5","computer_vision","3","100"
"4404","190-W2021010-449_R1_10dpi","Jan22_10-21-00_2026_up0.95_dwn0.3_infg0.3_spth0.5_salth0.5","computer_vision","3","34.64"
"4405","192-W2021010-449_R2_10dpi","Jan22_10-21-00_2026_up0.95_dwn0.3_infg0.3_spth0.5_salth0.5","computer_vision","3","66.19"
"4406","193-W2021010-415_R1_10dpi","Jan22_10-21-00_2026_up0.95_dwn0.3_infg0.3_spth0.5_salth0.5","computer_vision","3","4.81"
"4407","194-W2021010-339_R2_10dpi","Jan22_10-21-00_2026_up0.95_dwn0.3_infg0.3_spth0.5_salth0.5","computer_vision","3","3.22"
"4408","206-W2021009-271_R2_10dpi","Jan22_10-21-00_2026_up0.95_dwn0.3_infg0.3_spth0.5_salth0.5","computer_vision","3","82.89"
"4409","207-W2021009-271_R1_10dpi","Jan22_10-21-00_2026_up0.95_dwn0.3_infg0.3_spth0.5_salth0.5","computer_vision","3","37.79"
"4410","207-W2021009-287_R1_10dpi","Jan22_10-21-00_2026_up0.95_dwn0.3_infg0.3_spth0.5_salth0.5","computer_vision","3","8.2"
"4411","209-W2021010-439_R2_10dpi","Jan22_10-21-00_2026_up0.95_dwn0.3_infg0.3_spth0.5_salth0.5","computer_vision","3","55.68"
"4412","214-W2021006-045_R2_10dpi","Jan22_10-21-00_2026_up0.95_dwn0.3_infg0.3_spth0.5_salth0.5","computer_vision","3","30.91"
"4413","215-W2021006-045_R1_10dpi","Jan22_10-21-00_2026_up0.95_dwn0.3_infg0.3_spth0.5_salth0.5","computer_vision","3","76"
"4414","225-W2021010-327_R2_10dpi","Jan22_10-21-00_2026_up0.95_dwn0.3_infg0.3_spth0.5_salth0.5","computer_vision","3","74.31"
"4415","226-W2021009-177_R1_10dpi","Jan22_10-21-00_2026_up0.95_dwn0.3_infg0.3_spth0.5_salth0.5","computer_vision","3","9.63"
"4416","233-W2021006-607_R1_10dpi","Jan22_10-21-00_2026_up0.95_dwn0.3_infg0.3_spth0.5_salth0.5","computer_vision","3","16.7"
"4417","238-W2021009-192_R1_10dpi","Jan22_10-21-00_2026_up0.95_dwn0.3_infg0.3_spth0.5_salth0.5","computer_vision","3","79.25"
"4418","242-W2021006-132_R2_10dpi","Jan22_10-21-00_2026_up0.95_dwn0.3_infg0.3_spth0.5_salth0.5","computer_vision","3","98.7"
"4419","262-W2021009-187_R2_10dpi","Jan22_10-21-00_2026_up0.95_dwn0.3_infg0.3_spth0.5_salth0.5","computer_vision","3","78.5"
"4420","264-W2021009-187_R1_10dpi","Jan22_10-21-00_2026_up0.95_dwn0.3_infg0.3_spth0.5_salth0.5","computer_vision","3","26.74"
"4421","285-W2021006-040_R2_10dpi","Jan22_10-21-00_2026_up0.95_dwn0.3_infg0.3_spth0.5_salth0.5","computer_vision","3","33.79"
"4422","293-W2021006-054_R1_10dpi","Jan22_10-21-00_2026_up0.95_dwn0.3_infg0.3_spth0.5_salth0.5","computer_vision","3","44.46"
"4423","311-W2021010-326_R2_10dpi","Jan22_10-21-00_2026_up0.95_dwn0.3_infg0.3_spth0.5_salth0.5","computer_vision","3","0.67"
"4424","002-W2021006-081_R1_5dpi","Jan22_10-21-00_2026_up0.95_dwn0.3_infg0.3_spth0.5_salth0.5","computer_vision","3","0.31"
"4425","002-W2021010-336_R2_5dpi","Jan22_10-21-00_2026_up0.95_dwn0.3_infg0.3_spth0.5_salth0.5","computer_vision","3","1.68"
"4426","005-W2021011-592_R2_5dpi","Jan22_10-21-00_2026_up0.95_dwn0.3_infg0.3_spth0.5_salth0.5","computer_vision","3","0.84"
"4427","009-W2021010-311_R2_5dpi","Jan22_10-21-00_2026_up0.95_dwn0.3_infg0.3_spth0.5_salth0.5","computer_vision","3","23.43"
"4428","010-W2021010-347_R2_5dpi","Jan22_10-21-00_2026_up0.95_dwn0.3_infg0.3_spth0.5_salth0.5","computer_vision","3","27.46"
"4429","013-W2021009-172_R2_5dpi","Jan22_10-21-00_2026_up0.95_dwn0.3_infg0.3_spth0.5_salth0.5","computer_vision","3","0.15"
"4430","015-W2021009-160_R1_5dpi","Jan22_10-21-00_2026_up0.95_dwn0.3_infg0.3_spth0.5_salth0.5","computer_vision","3","27.85"
"4431","015-W2021011-633_R1_5dpi","Jan22_10-21-00_2026_up0.95_dwn0.3_infg0.3_spth0.5_salth0.5","computer_vision","3","15.16"
"4432","017-W2021006-612_R2_5dpi","Jan22_10-21-00_2026_up0.95_dwn0.3_infg0.3_spth0.5_salth0.5","computer_vision","3","32.56"
"4433","019-W2021010-428_R2_5dpi","Jan22_10-21-00_2026_up0.95_dwn0.3_infg0.3_spth0.5_salth0.5","computer_vision","3","0"
"4434","021-W2021009-175_R1_5dpi","Jan22_10-21-00_2026_up0.95_dwn0.3_infg0.3_spth0.5_salth0.5","computer_vision","3","1.6"
"4435","022-W2021009-198_R2_5dpi","Jan22_10-21-00_2026_up0.95_dwn0.3_infg0.3_spth0.5_salth0.5","computer_vision","3","7.52"
"4436","023-W2021006-049_R1_5dpi","Jan22_10-21-00_2026_up0.95_dwn0.3_infg0.3_spth0.5_salth0.5","computer_vision","3","16.26"
"4437","023-W2021010-305_R2_5dpi","Jan22_10-21-00_2026_up0.95_dwn0.3_infg0.3_spth0.5_salth0.5","computer_vision","3","8.06"
"4438","026-W2021009-622_R2_5dpi","Jan22_10-21-00_2026_up0.95_dwn0.3_infg0.3_spth0.5_salth0.5","computer_vision","3","21.37"
"4439","032-W2021006-041_R2_5dpi","Jan22_10-21-00_2026_up0.95_dwn0.3_infg0.3_spth0.5_salth0.5","computer_vision","3","9.94"
"4440","032-W2021009-155_R1_5dpi","Jan22_10-21-00_2026_up0.95_dwn0.3_infg0.3_spth0.5_salth0.5","computer_vision","3","83.31"
"4441","036-W2021006-047_R2_5dpi","Jan22_10-21-00_2026_up0.95_dwn0.3_infg0.3_spth0.5_salth0.5","computer_vision","3","0.45"
"4442","040-W2021009-207_R1_5dpi","Jan22_10-21-00_2026_up0.95_dwn0.3_infg0.3_spth0.5_salth0.5","computer_vision","3","19.27"
"4443","042-W2021010-429_R1_5dpi","Jan22_10-21-00_2026_up0.95_dwn0.3_infg0.3_spth0.5_salth0.5","computer_vision","3","52.55"
"4444","044-W2021009-169_R2_5dpi","Jan22_10-21-00_2026_up0.95_dwn0.3_infg0.3_spth0.5_salth0.5","computer_vision","3","0.46"
"4445","044-W2021009-618_R1_5dpi","Jan22_10-21-00_2026_up0.95_dwn0.3_infg0.3_spth0.5_salth0.5","computer_vision","3","15.26"
"4446","047-W2021011-482_R1_5dpi","Jan22_10-21-00_2026_up0.95_dwn0.3_infg0.3_spth0.5_salth0.5","computer_vision","3","34.58"
"4447","048-W2021006-147_R1_5dpi","Jan22_10-21-00_2026_up0.95_dwn0.3_infg0.3_spth0.5_salth0.5","computer_vision","3","4.63"
"4448","052-W2021006-004_R2_5dpi","Jan22_10-21-00_2026_up0.95_dwn0.3_infg0.3_spth0.5_salth0.5","computer_vision","3","0.33"
"4449","055-W2021010-341_R2_5dpi","Jan22_10-21-00_2026_up0.95_dwn0.3_infg0.3_spth0.5_salth0.5","computer_vision","3","2.44"
"4450","055-W2021010-397_R2_5dpi","Jan22_10-21-00_2026_up0.95_dwn0.3_infg0.3_spth0.5_salth0.5","computer_vision","3","6.65"
"4451","056-W2021006-609_R1_5dpi","Jan22_10-21-00_2026_up0.95_dwn0.3_infg0.3_spth0.5_salth0.5","computer_vision","3","16.23"
"4452","059-W2021010-434_R1_5dpi","Jan22_10-21-00_2026_up0.95_dwn0.3_infg0.3_spth0.5_salth0.5","computer_vision","3","0.42"
"4453","060-W2021010-324_R2_5dpi","Jan22_10-21-00_2026_up0.95_dwn0.3_infg0.3_spth0.5_salth0.5","computer_vision","3","1.21"
"4454","061-W2021011-483_R1_5dpi","Jan22_10-21-00_2026_up0.95_dwn0.3_infg0.3_spth0.5_salth0.5","computer_vision","3","8.24"
"4455","070-W2021011-486_R2_5dpi","Jan22_10-21-00_2026_up0.95_dwn0.3_infg0.3_spth0.5_salth0.5","computer_vision","3","38"
"4456","071-W2021010-323_R1_5dpi","Jan22_10-21-00_2026_up0.95_dwn0.3_infg0.3_spth0.5_salth0.5","computer_vision","3","62.04"
"4457","077-W2021010-351_R2_5dpi","Jan22_10-21-00_2026_up0.95_dwn0.3_infg0.3_spth0.5_salth0.5","computer_vision","3","2.21"
"4458","084-W2021010-319_R1_5dpi","Jan22_10-21-00_2026_up0.95_dwn0.3_infg0.3_spth0.5_salth0.5","computer_vision","3","1.11"
"4459","085-W2021010-630_R1_5dpi","Jan22_10-21-00_2026_up0.95_dwn0.3_infg0.3_spth0.5_salth0.5","computer_vision","3","0.6"
"4460","091-W2021006-056_R2_5dpi","Jan22_10-21-00_2026_up0.95_dwn0.3_infg0.3_spth0.5_salth0.5","computer_vision","3","2.32"
"4461","094-W2021010-315_R2_5dpi","Jan22_10-21-00_2026_up0.95_dwn0.3_infg0.3_spth0.5_salth0.5","computer_vision","3","0"
"4462","095-W2021011-553_R2_5dpi","Jan22_10-21-00_2026_up0.95_dwn0.3_infg0.3_spth0.5_salth0.5","computer_vision","3","0.68"
"4463","097-W2021006-617_R2_5dpi","Jan22_10-21-00_2026_up0.95_dwn0.3_infg0.3_spth0.5_salth0.5","computer_vision","3","30.66"
"4464","097-W2021009-163_R1_5dpi","Jan22_10-21-00_2026_up0.95_dwn0.3_infg0.3_spth0.5_salth0.5","computer_vision","3","55.39"
"4465","099-W2021006-611_R2_5dpi","Jan22_10-21-00_2026_up0.95_dwn0.3_infg0.3_spth0.5_salth0.5","computer_vision","3","32.09"
"4466","101-W2021011-565_R1_5dpi","Jan22_10-21-00_2026_up0.95_dwn0.3_infg0.3_spth0.5_salth0.5","computer_vision","3","77.41"
"4467","105-W2021011-558_R1_5dpi","Jan22_10-21-00_2026_up0.95_dwn0.3_infg0.3_spth0.5_salth0.5","computer_vision","3","0.48"
"4468","110-W2021011-454_R2_5dpi","Jan22_10-21-00_2026_up0.95_dwn0.3_infg0.3_spth0.5_salth0.5","computer_vision","3","8.59"
"4469","111-W2021011-588_R2_5dpi","Jan22_10-21-00_2026_up0.95_dwn0.3_infg0.3_spth0.5_salth0.5","computer_vision","3","2.94"
"4470","121-W2021009-185_R1_5dpi","Jan22_10-21-00_2026_up0.95_dwn0.3_infg0.3_spth0.5_salth0.5","computer_vision","3","4.41"
"4471","123-W2021009-255_R2_5dpi","Jan22_10-21-00_2026_up0.95_dwn0.3_infg0.3_spth0.5_salth0.5","computer_vision","3","6.08"
"4472","123-W2021009-621_R2_5dpi","Jan22_10-21-00_2026_up0.95_dwn0.3_infg0.3_spth0.5_salth0.5","computer_vision","3","4.78"
"4473","127-W2021006-143_R2_5dpi","Jan22_10-21-00_2026_up0.95_dwn0.3_infg0.3_spth0.5_salth0.5","computer_vision","3","0.31"
"4474","127-W2021009-292_R2_5dpi","Jan22_10-21-00_2026_up0.95_dwn0.3_infg0.3_spth0.5_salth0.5","computer_vision","3","80.89"
"4475","128-W2021006-013_R1_5dpi","Jan22_10-21-00_2026_up0.95_dwn0.3_infg0.3_spth0.5_salth0.5","computer_vision","3","73.18"
"4476","129-W2021006-119_R2_5dpi","Jan22_10-21-00_2026_up0.95_dwn0.3_infg0.3_spth0.5_salth0.5","computer_vision","3","6.82"
"4477","132-W2021010-399_R1_5dpi","Jan22_10-21-00_2026_up0.95_dwn0.3_infg0.3_spth0.5_salth0.5","computer_vision","3","0.15"
"4478","132-W2021011-644_R2_5dpi","Jan22_10-21-00_2026_up0.95_dwn0.3_infg0.3_spth0.5_salth0.5","computer_vision","3","9.65"
"4479","134-W2021006-001_R1_5dpi","Jan22_10-21-00_2026_up0.95_dwn0.3_infg0.3_spth0.5_salth0.5","computer_vision","3","45.05"
"4480","134-W2021009-275_R1_5dpi","Jan22_10-21-00_2026_up0.95_dwn0.3_infg0.3_spth0.5_salth0.5","computer_vision","3","23.18"
"4481","137-W2021010-342_R2_5dpi","Jan22_10-21-00_2026_up0.95_dwn0.3_infg0.3_spth0.5_salth0.5","computer_vision","3","1.4"
"4482","138-W2021010-446_R1_5dpi","Jan22_10-21-00_2026_up0.95_dwn0.3_infg0.3_spth0.5_salth0.5","computer_vision","3","2.04"
"4483","141-W2021009-274_R1_5dpi","Jan22_10-21-00_2026_up0.95_dwn0.3_infg0.3_spth0.5_salth0.5","computer_vision","3","84.59"
"4484","143-W2021010-313_R2_5dpi","Jan22_10-21-00_2026_up0.95_dwn0.3_infg0.3_spth0.5_salth0.5","computer_vision","3","0.3"
"4485","148-W2021011-462_R2_5dpi","Jan22_10-21-00_2026_up0.95_dwn0.3_infg0.3_spth0.5_salth0.5","computer_vision","3","21.74"
"4486","149-W2021010-417_R1_5dpi","Jan22_10-21-00_2026_up0.95_dwn0.3_infg0.3_spth0.5_salth0.5","computer_vision","3","8.17"
"4487","154-W2021010-419_R1_5dpi","Jan22_10-21-00_2026_up0.95_dwn0.3_infg0.3_spth0.5_salth0.5","computer_vision","3","0.59"
"4488","155-W2021011-639_R1_5dpi","Jan22_10-21-00_2026_up0.95_dwn0.3_infg0.3_spth0.5_salth0.5","computer_vision","3","5.29"
"4489","156-W2021009-276_R2_5dpi","Jan22_10-21-00_2026_up0.95_dwn0.3_infg0.3_spth0.5_salth0.5","computer_vision","3","5.29"
"4490","158-W2021006-114_R1_5dpi","Jan22_10-21-00_2026_up0.95_dwn0.3_infg0.3_spth0.5_salth0.5","computer_vision","3","46.45"
"4491","167-W2021006-003_R2_5dpi","Jan22_10-21-00_2026_up0.95_dwn0.3_infg0.3_spth0.5_salth0.5","computer_vision","3","2.01"
"4492","169-W2021009-623_R2_5dpi","Jan22_10-21-00_2026_up0.95_dwn0.3_infg0.3_spth0.5_salth0.5","computer_vision","3","80.69"
"4493","169-W2021011-477_R1_5dpi","Jan22_10-21-00_2026_up0.95_dwn0.3_infg0.3_spth0.5_salth0.5","computer_vision","3","43.89"
"4494","172-W2021011-557_R2_5dpi","Jan22_10-21-00_2026_up0.95_dwn0.3_infg0.3_spth0.5_salth0.5","computer_vision","3","6.81"
"4495","173-W2021006-127_R2_5dpi","Jan22_10-21-00_2026_up0.95_dwn0.3_infg0.3_spth0.5_salth0.5","computer_vision","3","1.32"
"4496","174-W2021009-156_R2_5dpi","Jan22_10-21-00_2026_up0.95_dwn0.3_infg0.3_spth0.5_salth0.5","computer_vision","3","11.23"
"4497","176-W2021009-256_R2_5dpi","Jan22_10-21-00_2026_up0.95_dwn0.3_infg0.3_spth0.5_salth0.5","computer_vision","3","1.27"
"4498","177-W2021009-194_R1_5dpi","Jan22_10-21-00_2026_up0.95_dwn0.3_infg0.3_spth0.5_salth0.5","computer_vision","3","7.43"
"4499","180-W2021009-152_R1_5dpi","Jan22_10-21-00_2026_up0.95_dwn0.3_infg0.3_spth0.5_salth0.5","computer_vision","3","15.21"
"4500","180-W2021011-476_R2_5dpi","Jan22_10-21-00_2026_up0.95_dwn0.3_infg0.3_spth0.5_salth0.5","computer_vision","3","73.45"
"4501","182-W2021009-251_R1_5dpi","Jan22_10-21-00_2026_up0.95_dwn0.3_infg0.3_spth0.5_salth0.5","computer_vision","3","1.25"
"4502","183-W2021009-295_R1_5dpi","Jan22_10-21-00_2026_up0.95_dwn0.3_infg0.3_spth0.5_salth0.5","computer_vision","3","3.43"
"4503","185-W2021009-199_R1_5dpi","Jan22_10-21-00_2026_up0.95_dwn0.3_infg0.3_spth0.5_salth0.5","computer_vision","3","7.56"
"4504","185-W2021009-291_R2_5dpi","Jan22_10-21-00_2026_up0.95_dwn0.3_infg0.3_spth0.5_salth0.5","computer_vision","3","3.04"
"4505","187-W2021010-348_R2_5dpi","Jan22_10-21-00_2026_up0.95_dwn0.3_infg0.3_spth0.5_salth0.5","computer_vision","3","78.29"
"4506","191-W2021010-426_R2_5dpi","Jan22_10-21-00_2026_up0.95_dwn0.3_infg0.3_spth0.5_salth0.5","computer_vision","3","1.53"
"4507","191-W2021010-449_R1_5dpi","Jan22_10-21-00_2026_up0.95_dwn0.3_infg0.3_spth0.5_salth0.5","computer_vision","3","14.16"
"4508","192-W2021006-005_R1_5dpi","Jan22_10-21-00_2026_up0.95_dwn0.3_infg0.3_spth0.5_salth0.5","computer_vision","3","2.21"
"4509","206-W2021010-344_R1_5dpi","Jan22_10-21-00_2026_up0.95_dwn0.3_infg0.3_spth0.5_salth0.5","computer_vision","3","1.15"
"4510","207-W2021009-287_R2_5dpi","Jan22_10-21-00_2026_up0.95_dwn0.3_infg0.3_spth0.5_salth0.5","computer_vision","3","0.15"
"4511","208-W2021009-268_R2_5dpi","Jan22_10-21-00_2026_up0.95_dwn0.3_infg0.3_spth0.5_salth0.5","computer_vision","3","26.02"
"4512","209-W2021010-439_R2_5dpi","Jan22_10-21-00_2026_up0.95_dwn0.3_infg0.3_spth0.5_salth0.5","computer_vision","3","36.81"
"4513","211-W2021011-598_R2_5dpi","Jan22_10-21-00_2026_up0.95_dwn0.3_infg0.3_spth0.5_salth0.5","computer_vision","3","13.48"
"4514","215-W2021006-045_R2_5dpi","Jan22_10-21-00_2026_up0.95_dwn0.3_infg0.3_spth0.5_salth0.5","computer_vision","3","8.15"
"4515","223-W2021010-442_R2_5dpi","Jan22_10-21-00_2026_up0.95_dwn0.3_infg0.3_spth0.5_salth0.5","computer_vision","3","38.39"
"4516","226-W2021010-435_R1_5dpi","Jan22_10-21-00_2026_up0.95_dwn0.3_infg0.3_spth0.5_salth0.5","computer_vision","3","3.37"
"4517","230-W2021010-373_R2_5dpi","Jan22_10-21-00_2026_up0.95_dwn0.3_infg0.3_spth0.5_salth0.5","computer_vision","3","98.69"
"4518","233-W2021009-215_R2_5dpi","Jan22_10-21-00_2026_up0.95_dwn0.3_infg0.3_spth0.5_salth0.5","computer_vision","3","14.2"
"4519","240-Symphony_R2_5dpi","Jan22_10-21-00_2026_up0.95_dwn0.3_infg0.3_spth0.5_salth0.5","computer_vision","3","79.88"
"4520","254-W2021010-352_R2_5dpi","Jan22_10-21-00_2026_up0.95_dwn0.3_infg0.3_spth0.5_salth0.5","computer_vision","3","0.37"
"4521","266-W2021009-193_R1_5dpi","Jan22_10-21-00_2026_up0.95_dwn0.3_infg0.3_spth0.5_salth0.5","computer_vision","3","4.55"
"4522","313-W2021010-343_R1_5dpi","Jan22_10-21-00_2026_up0.95_dwn0.3_infg0.3_spth0.5_salth0.5","computer_vision","3","1.55"
"4523","336-W2021011-506_R2_5dpi","Jan22_10-21-00_2026_up0.95_dwn0.3_infg0.3_spth0.5_salth0.5","computer_vision","3","41.77"
"4524","001-W2021006-099_R2_10dpi","Jan22_10-21-00_2026_up0.95_dwn0.3_infg0.3_spth0.7_salth0.7","computer_vision","3","3.14"
"4525","003-W2021006-150_R1_10dpi","Jan22_10-21-00_2026_up0.95_dwn0.3_infg0.3_spth0.7_salth0.7","computer_vision","3","1.47"
"4526","004-NUGGET_R2_10dpi","Jan22_10-21-00_2026_up0.95_dwn0.3_infg0.3_spth0.7_salth0.7","computer_vision","3","39.58"
"4527","012-W2021011-458_R2_10dpi","Jan22_10-21-00_2026_up0.95_dwn0.3_infg0.3_spth0.7_salth0.7","computer_vision","3","0.15"
"4528","013-W2021009-172_R1_10dpi","Jan22_10-21-00_2026_up0.95_dwn0.3_infg0.3_spth0.7_salth0.7","computer_vision","3","3.08"
"4529","013-W2021011-633_R2_10dpi","Jan22_10-21-00_2026_up0.95_dwn0.3_infg0.3_spth0.7_salth0.7","computer_vision","3","27.79"
"4530","015-W2021010-355_R2_10dpi","Jan22_10-21-00_2026_up0.95_dwn0.3_infg0.3_spth0.7_salth0.7","computer_vision","3","2.5"
"4531","017-W2021010-405_R2_10dpi","Jan22_10-21-00_2026_up0.95_dwn0.3_infg0.3_spth0.7_salth0.7","computer_vision","3","0.73"
"4532","018-W2021010-405_R1_10dpi","Jan22_10-21-00_2026_up0.95_dwn0.3_infg0.3_spth0.7_salth0.7","computer_vision","3","9.26"
"4533","018-W2021010-405_R2_10dpi","Jan22_10-21-00_2026_up0.95_dwn0.3_infg0.3_spth0.7_salth0.7","computer_vision","3","0"
"4534","025-W2021009-622_R1_10dpi","Jan22_10-21-00_2026_up0.95_dwn0.3_infg0.3_spth0.7_salth0.7","computer_vision","3","87.86"
"4535","026-W2021010-346_R2_10dpi","Jan22_10-21-00_2026_up0.95_dwn0.3_infg0.3_spth0.7_salth0.7","computer_vision","3","0.14"
"4536","027-W2021009-622_R2_10dpi","Jan22_10-21-00_2026_up0.95_dwn0.3_infg0.3_spth0.7_salth0.7","computer_vision","3","63.88"
"4537","028-W2021010-354_R2_10dpi","Jan22_10-21-00_2026_up0.95_dwn0.3_infg0.3_spth0.7_salth0.7","computer_vision","3","22.64"
"4538","029-W2021010-354_R1_10dpi","Jan22_10-21-00_2026_up0.95_dwn0.3_infg0.3_spth0.7_salth0.7","computer_vision","3","66.98"
"4539","037-W2021009-198_R2_10dpi","Jan22_10-21-00_2026_up0.95_dwn0.3_infg0.3_spth0.7_salth0.7","computer_vision","3","0.32"
"4540","037-W2021009-277_R1_10dpi","Jan22_10-21-00_2026_up0.95_dwn0.3_infg0.3_spth0.7_salth0.7","computer_vision","3","90.43"
"4541","042-W2021006-015_R1_10dpi","Jan22_10-21-00_2026_up0.95_dwn0.3_infg0.3_spth0.7_salth0.7","computer_vision","3","19.8"
"4542","046-W2021009-208_R2_10dpi","Jan22_10-21-00_2026_up0.95_dwn0.3_infg0.3_spth0.7_salth0.7","computer_vision","3","3.38"
"4543","049-W2021011-583_R1_10dpi","Jan22_10-21-00_2026_up0.95_dwn0.3_infg0.3_spth0.7_salth0.7","computer_vision","3","28.12"
"4544","051-W2021010-443_R1_10dpi","Jan22_10-21-00_2026_up0.95_dwn0.3_infg0.3_spth0.7_salth0.7","computer_vision","3","0.43"
"4545","051-W2021011-583_R1_10dpi","Jan22_10-21-00_2026_up0.95_dwn0.3_infg0.3_spth0.7_salth0.7","computer_vision","3","86.68"
"4546","051-W2021011-583_R2_10dpi","Jan22_10-21-00_2026_up0.95_dwn0.3_infg0.3_spth0.7_salth0.7","computer_vision","3","34.17"
"4547","057-W2021011-504_R2_10dpi","Jan22_10-21-00_2026_up0.95_dwn0.3_infg0.3_spth0.7_salth0.7","computer_vision","3","0.96"
"4548","061-W2021011-483_R1_10dpi","Jan22_10-21-00_2026_up0.95_dwn0.3_infg0.3_spth0.7_salth0.7","computer_vision","3","14.81"
"4549","062-W2021010-432_R2_10dpi","Jan22_10-21-00_2026_up0.95_dwn0.3_infg0.3_spth0.7_salth0.7","computer_vision","3","61.13"
"4550","062-W2021011-483_R2_10dpi","Jan22_10-21-00_2026_up0.95_dwn0.3_infg0.3_spth0.7_salth0.7","computer_vision","3","60.71"
"4551","063-W2021011-594_R1_10dpi","Jan22_10-21-00_2026_up0.95_dwn0.3_infg0.3_spth0.7_salth0.7","computer_vision","3","55.27"
"4552","068-W2021011-574_R2_10dpi","Jan22_10-21-00_2026_up0.95_dwn0.3_infg0.3_spth0.7_salth0.7","computer_vision","3","42.01"
"4553","069-W2021011-574_R1_10dpi","Jan22_10-21-00_2026_up0.95_dwn0.3_infg0.3_spth0.7_salth0.7","computer_vision","3","12.46"
"4554","071-W2021006-142_R1_10dpi","Jan22_10-21-00_2026_up0.95_dwn0.3_infg0.3_spth0.7_salth0.7","computer_vision","3","58.85"
"4555","080-W2021011-586_R2_10dpi","Jan22_10-21-00_2026_up0.95_dwn0.3_infg0.3_spth0.7_salth0.7","computer_vision","3","94.39"
"4556","088-W2021009-288_R2_10dpi","Jan22_10-21-00_2026_up0.95_dwn0.3_infg0.3_spth0.7_salth0.7","computer_vision","3","88.52"
"4557","091-W2021010-394_R2_10dpi","Jan22_10-21-00_2026_up0.95_dwn0.3_infg0.3_spth0.7_salth0.7","computer_vision","3","1.11"
"4558","092-W2021010-394_R1_10dpi","Jan22_10-21-00_2026_up0.95_dwn0.3_infg0.3_spth0.7_salth0.7","computer_vision","3","15.33"
"4559","095-W2021009-283_R1_10dpi","Jan22_10-21-00_2026_up0.95_dwn0.3_infg0.3_spth0.7_salth0.7","computer_vision","3","4.88"
"4560","097-W2021006-126_R2_10dpi","Jan22_10-21-00_2026_up0.95_dwn0.3_infg0.3_spth0.7_salth0.7","computer_vision","3","87.3"
"4561","097-W2021006-611_R1_10dpi","Jan22_10-21-00_2026_up0.95_dwn0.3_infg0.3_spth0.7_salth0.7","computer_vision","3","99.82"
"4562","098-W2021006-126_R1_10dpi","Jan22_10-21-00_2026_up0.95_dwn0.3_infg0.3_spth0.7_salth0.7","computer_vision","3","82.77"
"4563","099-W2021006-611_R2_10dpi","Jan22_10-21-00_2026_up0.95_dwn0.3_infg0.3_spth0.7_salth0.7","computer_vision","3","35.41"
"4564","102-W2021011-565_R2_10dpi","Jan22_10-21-00_2026_up0.95_dwn0.3_infg0.3_spth0.7_salth0.7","computer_vision","3","92.86"
"4565","103-W2021011-591_R2_10dpi","Jan22_10-21-00_2026_up0.95_dwn0.3_infg0.3_spth0.7_salth0.7","computer_vision","3","49.04"
"4566","105-W2021010-625_R1_10dpi","Jan22_10-21-00_2026_up0.95_dwn0.3_infg0.3_spth0.7_salth0.7","computer_vision","3","77.54"
"4567","108-W2021011-550_R2_10dpi","Jan22_10-21-00_2026_up0.95_dwn0.3_infg0.3_spth0.7_salth0.7","computer_vision","3","14.81"
"4568","109-W2021006-102_R2_10dpi","Jan22_10-21-00_2026_up0.95_dwn0.3_infg0.3_spth0.7_salth0.7","computer_vision","3","94.38"
"4569","112-W2021006-046_R1_10dpi","Jan22_10-21-00_2026_up0.95_dwn0.3_infg0.3_spth0.7_salth0.7","computer_vision","3","3.97"
"4570","112-W2021011-554_R1_10dpi","Jan22_10-21-00_2026_up0.95_dwn0.3_infg0.3_spth0.7_salth0.7","computer_vision","3","14.09"
"4571","115-W2021011-638_R1_10dpi","Jan22_10-21-00_2026_up0.95_dwn0.3_infg0.3_spth0.7_salth0.7","computer_vision","3","53.2"
"4572","116-W2021011-504_R2_10dpi","Jan22_10-21-00_2026_up0.95_dwn0.3_infg0.3_spth0.7_salth0.7","computer_vision","3","5.48"
"4573","117-W2021011-504_R1_10dpi","Jan22_10-21-00_2026_up0.95_dwn0.3_infg0.3_spth0.7_salth0.7","computer_vision","3","5.39"
"4574","119-W2021009-171_R2_10dpi","Jan22_10-21-00_2026_up0.95_dwn0.3_infg0.3_spth0.7_salth0.7","computer_vision","3","39.15"
"4575","119-W2021009-299_R2_10dpi","Jan22_10-21-00_2026_up0.95_dwn0.3_infg0.3_spth0.7_salth0.7","computer_vision","3","77.87"
"4576","122-W2021009-267_R2_10dpi","Jan22_10-21-00_2026_up0.95_dwn0.3_infg0.3_spth0.7_salth0.7","computer_vision","3","2.37"
"4577","124-W2021009-278_R1_10dpi","Jan22_10-21-00_2026_up0.95_dwn0.3_infg0.3_spth0.7_salth0.7","computer_vision","3","43.55"
"4578","126-W2021009-278_R2_10dpi","Jan22_10-21-00_2026_up0.95_dwn0.3_infg0.3_spth0.7_salth0.7","computer_vision","3","45.81"
"4579","131-W2021009-252_R2_10dpi","Jan22_10-21-00_2026_up0.95_dwn0.3_infg0.3_spth0.7_salth0.7","computer_vision","3","6.49"
"4580","132-W2021009-252_R1_10dpi","Jan22_10-21-00_2026_up0.95_dwn0.3_infg0.3_spth0.7_salth0.7","computer_vision","3","0.77"
"4581","135-W2021011-581_R1_10dpi","Jan22_10-21-00_2026_up0.95_dwn0.3_infg0.3_spth0.7_salth0.7","computer_vision","3","48.21"
"4582","137-W2021006-128_R2_10dpi","Jan22_10-21-00_2026_up0.95_dwn0.3_infg0.3_spth0.7_salth0.7","computer_vision","3","92.61"
"4583","146-W2021006-613_R1_10dpi","Jan22_10-21-00_2026_up0.95_dwn0.3_infg0.3_spth0.7_salth0.7","computer_vision","3","74.09"
"4584","149-W2021011-462_R1_10dpi","Jan22_10-21-00_2026_up0.95_dwn0.3_infg0.3_spth0.7_salth0.7","computer_vision","3","84.55"
"4585","151-W2021011-479_R2_10dpi","Jan22_10-21-00_2026_up0.95_dwn0.3_infg0.3_spth0.7_salth0.7","computer_vision","3","98.89"
"4586","152-W2021010-301_R2_10dpi","Jan22_10-21-00_2026_up0.95_dwn0.3_infg0.3_spth0.7_salth0.7","computer_vision","3","0.96"
"4587","152-W2021011-479_R1_10dpi","Jan22_10-21-00_2026_up0.95_dwn0.3_infg0.3_spth0.7_salth0.7","computer_vision","3","42.36"
"4588","154-W2021010-419_R2_10dpi","Jan22_10-21-00_2026_up0.95_dwn0.3_infg0.3_spth0.7_salth0.7","computer_vision","3","1.15"
"4589","162-W2021011-551_R2_10dpi","Jan22_10-21-00_2026_up0.95_dwn0.3_infg0.3_spth0.7_salth0.7","computer_vision","3","82.7"
"4590","166-W2021006-123_R1_10dpi","Jan22_10-21-00_2026_up0.95_dwn0.3_infg0.3_spth0.7_salth0.7","computer_vision","3","0.66"
"4591","166-W2021006-146_R1_10dpi","Jan22_10-21-00_2026_up0.95_dwn0.3_infg0.3_spth0.7_salth0.7","computer_vision","3","51.88"
"4592","166-W2021006-146_R2_10dpi","Jan22_10-21-00_2026_up0.95_dwn0.3_infg0.3_spth0.7_salth0.7","computer_vision","3","14.69"
"4593","171-W2021011-584_R1_10dpi","Jan22_10-21-00_2026_up0.95_dwn0.3_infg0.3_spth0.7_salth0.7","computer_vision","3","67.75"
"4594","171-W2021011-584_R2_10dpi","Jan22_10-21-00_2026_up0.95_dwn0.3_infg0.3_spth0.7_salth0.7","computer_vision","3","99.01"
"4595","172-W2021009-156_R2_10dpi","Jan22_10-21-00_2026_up0.95_dwn0.3_infg0.3_spth0.7_salth0.7","computer_vision","3","5.9"
"4596","176-W2021009-256_R2_10dpi","Jan22_10-21-00_2026_up0.95_dwn0.3_infg0.3_spth0.7_salth0.7","computer_vision","3","4.55"
"4597","177-W2021009-194_R2_10dpi","Jan22_10-21-00_2026_up0.95_dwn0.3_infg0.3_spth0.7_salth0.7","computer_vision","3","85.12"
"4598","177-W2021009-256_R1_10dpi","Jan22_10-21-00_2026_up0.95_dwn0.3_infg0.3_spth0.7_salth0.7","computer_vision","3","5.04"
"4599","181-W2021009-251_R2_10dpi","Jan22_10-21-00_2026_up0.95_dwn0.3_infg0.3_spth0.7_salth0.7","computer_vision","3","8.08"
"4600","181-W2021009-295_R2_10dpi","Jan22_10-21-00_2026_up0.95_dwn0.3_infg0.3_spth0.7_salth0.7","computer_vision","3","24.35"
"4601","182-W2021009-251_R1_10dpi","Jan22_10-21-00_2026_up0.95_dwn0.3_infg0.3_spth0.7_salth0.7","computer_vision","3","5.7"
"4602","184-W2021009-199_R1_10dpi","Jan22_10-21-00_2026_up0.95_dwn0.3_infg0.3_spth0.7_salth0.7","computer_vision","3","31.25"
"4603","189-W2021009-257_R2_10dpi","Jan22_10-21-00_2026_up0.95_dwn0.3_infg0.3_spth0.7_salth0.7","computer_vision","3","100"
"4604","190-W2021010-449_R1_10dpi","Jan22_10-21-00_2026_up0.95_dwn0.3_infg0.3_spth0.7_salth0.7","computer_vision","3","35.35"
"4605","192-W2021010-449_R2_10dpi","Jan22_10-21-00_2026_up0.95_dwn0.3_infg0.3_spth0.7_salth0.7","computer_vision","3","66.1"
"4606","193-W2021010-415_R1_10dpi","Jan22_10-21-00_2026_up0.95_dwn0.3_infg0.3_spth0.7_salth0.7","computer_vision","3","5.17"
"4607","194-W2021010-339_R2_10dpi","Jan22_10-21-00_2026_up0.95_dwn0.3_infg0.3_spth0.7_salth0.7","computer_vision","3","3.27"
"4608","206-W2021009-271_R2_10dpi","Jan22_10-21-00_2026_up0.95_dwn0.3_infg0.3_spth0.7_salth0.7","computer_vision","3","83.09"
"4609","207-W2021009-271_R1_10dpi","Jan22_10-21-00_2026_up0.95_dwn0.3_infg0.3_spth0.7_salth0.7","computer_vision","3","38.83"
"4610","207-W2021009-287_R1_10dpi","Jan22_10-21-00_2026_up0.95_dwn0.3_infg0.3_spth0.7_salth0.7","computer_vision","3","8.67"
"4611","209-W2021010-439_R2_10dpi","Jan22_10-21-00_2026_up0.95_dwn0.3_infg0.3_spth0.7_salth0.7","computer_vision","3","56.56"
"4612","214-W2021006-045_R2_10dpi","Jan22_10-21-00_2026_up0.95_dwn0.3_infg0.3_spth0.7_salth0.7","computer_vision","3","31.43"
"4613","215-W2021006-045_R1_10dpi","Jan22_10-21-00_2026_up0.95_dwn0.3_infg0.3_spth0.7_salth0.7","computer_vision","3","76.94"
"4614","225-W2021010-327_R2_10dpi","Jan22_10-21-00_2026_up0.95_dwn0.3_infg0.3_spth0.7_salth0.7","computer_vision","3","76.1"
"4615","226-W2021009-177_R1_10dpi","Jan22_10-21-00_2026_up0.95_dwn0.3_infg0.3_spth0.7_salth0.7","computer_vision","3","10.37"
"4616","233-W2021006-607_R1_10dpi","Jan22_10-21-00_2026_up0.95_dwn0.3_infg0.3_spth0.7_salth0.7","computer_vision","3","17.43"
"4617","238-W2021009-192_R1_10dpi","Jan22_10-21-00_2026_up0.95_dwn0.3_infg0.3_spth0.7_salth0.7","computer_vision","3","79.42"
"4618","242-W2021006-132_R2_10dpi","Jan22_10-21-00_2026_up0.95_dwn0.3_infg0.3_spth0.7_salth0.7","computer_vision","3","98.85"
"4619","262-W2021009-187_R2_10dpi","Jan22_10-21-00_2026_up0.95_dwn0.3_infg0.3_spth0.7_salth0.7","computer_vision","3","78.99"
"4620","264-W2021009-187_R1_10dpi","Jan22_10-21-00_2026_up0.95_dwn0.3_infg0.3_spth0.7_salth0.7","computer_vision","3","26.53"
"4621","285-W2021006-040_R2_10dpi","Jan22_10-21-00_2026_up0.95_dwn0.3_infg0.3_spth0.7_salth0.7","computer_vision","3","34.91"
"4622","293-W2021006-054_R1_10dpi","Jan22_10-21-00_2026_up0.95_dwn0.3_infg0.3_spth0.7_salth0.7","computer_vision","3","44.07"
"4623","311-W2021010-326_R2_10dpi","Jan22_10-21-00_2026_up0.95_dwn0.3_infg0.3_spth0.7_salth0.7","computer_vision","3","0.5"
"4624","002-W2021006-081_R1_5dpi","Jan22_10-21-00_2026_up0.95_dwn0.3_infg0.3_spth0.7_salth0.7","computer_vision","3","0.31"
"4625","002-W2021010-336_R2_5dpi","Jan22_10-21-00_2026_up0.95_dwn0.3_infg0.3_spth0.7_salth0.7","computer_vision","3","1.67"
"4626","005-W2021011-592_R2_5dpi","Jan22_10-21-00_2026_up0.95_dwn0.3_infg0.3_spth0.7_salth0.7","computer_vision","3","0.84"
"4627","009-W2021010-311_R2_5dpi","Jan22_10-21-00_2026_up0.95_dwn0.3_infg0.3_spth0.7_salth0.7","computer_vision","3","20.47"
"4628","010-W2021010-347_R2_5dpi","Jan22_10-21-00_2026_up0.95_dwn0.3_infg0.3_spth0.7_salth0.7","computer_vision","3","29.81"
"4629","013-W2021009-172_R2_5dpi","Jan22_10-21-00_2026_up0.95_dwn0.3_infg0.3_spth0.7_salth0.7","computer_vision","3","0.15"
"4630","015-W2021009-160_R1_5dpi","Jan22_10-21-00_2026_up0.95_dwn0.3_infg0.3_spth0.7_salth0.7","computer_vision","3","26.9"
"4631","015-W2021011-633_R1_5dpi","Jan22_10-21-00_2026_up0.95_dwn0.3_infg0.3_spth0.7_salth0.7","computer_vision","3","15.89"
"4632","019-W2021010-428_R2_5dpi","Jan22_10-21-00_2026_up0.95_dwn0.3_infg0.3_spth0.7_salth0.7","computer_vision","3","0"
"4633","021-W2021009-175_R1_5dpi","Jan22_10-21-00_2026_up0.95_dwn0.3_infg0.3_spth0.7_salth0.7","computer_vision","3","1.89"
"4634","022-W2021009-198_R2_5dpi","Jan22_10-21-00_2026_up0.95_dwn0.3_infg0.3_spth0.7_salth0.7","computer_vision","3","7.48"
"4635","023-W2021006-049_R1_5dpi","Jan22_10-21-00_2026_up0.95_dwn0.3_infg0.3_spth0.7_salth0.7","computer_vision","3","15.91"
"4636","023-W2021010-305_R2_5dpi","Jan22_10-21-00_2026_up0.95_dwn0.3_infg0.3_spth0.7_salth0.7","computer_vision","3","7.85"
"4637","026-W2021009-622_R2_5dpi","Jan22_10-21-00_2026_up0.95_dwn0.3_infg0.3_spth0.7_salth0.7","computer_vision","3","21.94"
"4638","032-W2021006-041_R2_5dpi","Jan22_10-21-00_2026_up0.95_dwn0.3_infg0.3_spth0.7_salth0.7","computer_vision","3","12.02"
"4639","032-W2021009-155_R1_5dpi","Jan22_10-21-00_2026_up0.95_dwn0.3_infg0.3_spth0.7_salth0.7","computer_vision","3","83.14"
"4640","036-W2021006-047_R2_5dpi","Jan22_10-21-00_2026_up0.95_dwn0.3_infg0.3_spth0.7_salth0.7","computer_vision","3","0.45"
"4641","040-W2021009-207_R1_5dpi","Jan22_10-21-00_2026_up0.95_dwn0.3_infg0.3_spth0.7_salth0.7","computer_vision","3","19.08"
"4642","042-W2021010-429_R1_5dpi","Jan22_10-21-00_2026_up0.95_dwn0.3_infg0.3_spth0.7_salth0.7","computer_vision","3","53.88"
"4643","044-W2021009-169_R2_5dpi","Jan22_10-21-00_2026_up0.95_dwn0.3_infg0.3_spth0.7_salth0.7","computer_vision","3","0.61"
"4644","044-W2021009-618_R1_5dpi","Jan22_10-21-00_2026_up0.95_dwn0.3_infg0.3_spth0.7_salth0.7","computer_vision","3","15.29"
"4645","047-W2021011-482_R1_5dpi","Jan22_10-21-00_2026_up0.95_dwn0.3_infg0.3_spth0.7_salth0.7","computer_vision","3","35.95"
"4646","048-W2021006-147_R1_5dpi","Jan22_10-21-00_2026_up0.95_dwn0.3_infg0.3_spth0.7_salth0.7","computer_vision","3","4.86"
"4647","052-W2021006-004_R2_5dpi","Jan22_10-21-00_2026_up0.95_dwn0.3_infg0.3_spth0.7_salth0.7","computer_vision","3","0.5"
"4648","055-W2021010-341_R2_5dpi","Jan22_10-21-00_2026_up0.95_dwn0.3_infg0.3_spth0.7_salth0.7","computer_vision","3","3.48"
"4649","055-W2021010-397_R2_5dpi","Jan22_10-21-00_2026_up0.95_dwn0.3_infg0.3_spth0.7_salth0.7","computer_vision","3","6.25"
"4650","056-W2021006-609_R1_5dpi","Jan22_10-21-00_2026_up0.95_dwn0.3_infg0.3_spth0.7_salth0.7","computer_vision","3","19.29"
"4651","059-W2021010-434_R1_5dpi","Jan22_10-21-00_2026_up0.95_dwn0.3_infg0.3_spth0.7_salth0.7","computer_vision","3","0.29"
"4652","060-W2021010-324_R2_5dpi","Jan22_10-21-00_2026_up0.95_dwn0.3_infg0.3_spth0.7_salth0.7","computer_vision","3","1.37"
"4653","061-W2021011-483_R1_5dpi","Jan22_10-21-00_2026_up0.95_dwn0.3_infg0.3_spth0.7_salth0.7","computer_vision","3","8.72"
"4654","070-W2021011-486_R2_5dpi","Jan22_10-21-00_2026_up0.95_dwn0.3_infg0.3_spth0.7_salth0.7","computer_vision","3","39.5"
"4655","071-W2021010-323_R1_5dpi","Jan22_10-21-00_2026_up0.95_dwn0.3_infg0.3_spth0.7_salth0.7","computer_vision","3","62"
"4656","077-W2021010-351_R2_5dpi","Jan22_10-21-00_2026_up0.95_dwn0.3_infg0.3_spth0.7_salth0.7","computer_vision","3","2.92"
"4657","084-W2021010-319_R1_5dpi","Jan22_10-21-00_2026_up0.95_dwn0.3_infg0.3_spth0.7_salth0.7","computer_vision","3","0.96"
"4658","091-W2021006-056_R2_5dpi","Jan22_10-21-00_2026_up0.95_dwn0.3_infg0.3_spth0.7_salth0.7","computer_vision","3","2.62"
"4659","094-W2021010-315_R2_5dpi","Jan22_10-21-00_2026_up0.95_dwn0.3_infg0.3_spth0.7_salth0.7","computer_vision","3","0"
"4660","095-W2021011-553_R2_5dpi","Jan22_10-21-00_2026_up0.95_dwn0.3_infg0.3_spth0.7_salth0.7","computer_vision","3","0.67"
"4661","097-W2021006-617_R2_5dpi","Jan22_10-21-00_2026_up0.95_dwn0.3_infg0.3_spth0.7_salth0.7","computer_vision","3","32.34"
"4662","097-W2021009-163_R1_5dpi","Jan22_10-21-00_2026_up0.95_dwn0.3_infg0.3_spth0.7_salth0.7","computer_vision","3","55.94"
"4663","099-W2021006-611_R2_5dpi","Jan22_10-21-00_2026_up0.95_dwn0.3_infg0.3_spth0.7_salth0.7","computer_vision","3","35.93"
"4664","101-W2021011-565_R1_5dpi","Jan22_10-21-00_2026_up0.95_dwn0.3_infg0.3_spth0.7_salth0.7","computer_vision","3","77.38"
"4665","105-W2021011-558_R1_5dpi","Jan22_10-21-00_2026_up0.95_dwn0.3_infg0.3_spth0.7_salth0.7","computer_vision","3","0.82"
"4666","110-W2021011-454_R2_5dpi","Jan22_10-21-00_2026_up0.95_dwn0.3_infg0.3_spth0.7_salth0.7","computer_vision","3","8"
"4667","111-W2021011-588_R2_5dpi","Jan22_10-21-00_2026_up0.95_dwn0.3_infg0.3_spth0.7_salth0.7","computer_vision","3","2.5"
"4668","121-W2021009-185_R1_5dpi","Jan22_10-21-00_2026_up0.95_dwn0.3_infg0.3_spth0.7_salth0.7","computer_vision","3","5.29"
"4669","123-W2021009-255_R2_5dpi","Jan22_10-21-00_2026_up0.95_dwn0.3_infg0.3_spth0.7_salth0.7","computer_vision","3","5.72"
"4670","123-W2021009-621_R2_5dpi","Jan22_10-21-00_2026_up0.95_dwn0.3_infg0.3_spth0.7_salth0.7","computer_vision","3","4.64"
"4671","127-W2021006-143_R2_5dpi","Jan22_10-21-00_2026_up0.95_dwn0.3_infg0.3_spth0.7_salth0.7","computer_vision","3","0.46"
"4672","127-W2021009-292_R2_5dpi","Jan22_10-21-00_2026_up0.95_dwn0.3_infg0.3_spth0.7_salth0.7","computer_vision","3","81.83"
"4673","128-W2021006-013_R1_5dpi","Jan22_10-21-00_2026_up0.95_dwn0.3_infg0.3_spth0.7_salth0.7","computer_vision","3","71.76"
"4674","129-W2021006-119_R2_5dpi","Jan22_10-21-00_2026_up0.95_dwn0.3_infg0.3_spth0.7_salth0.7","computer_vision","3","6.67"
"4675","132-W2021011-644_R2_5dpi","Jan22_10-21-00_2026_up0.95_dwn0.3_infg0.3_spth0.7_salth0.7","computer_vision","3","9.39"
"4676","134-W2021006-001_R1_5dpi","Jan22_10-21-00_2026_up0.95_dwn0.3_infg0.3_spth0.7_salth0.7","computer_vision","3","43.96"
"4677","134-W2021009-275_R1_5dpi","Jan22_10-21-00_2026_up0.95_dwn0.3_infg0.3_spth0.7_salth0.7","computer_vision","3","26.03"
"4678","137-W2021010-342_R2_5dpi","Jan22_10-21-00_2026_up0.95_dwn0.3_infg0.3_spth0.7_salth0.7","computer_vision","3","1.25"
"4679","138-W2021010-446_R1_5dpi","Jan22_10-21-00_2026_up0.95_dwn0.3_infg0.3_spth0.7_salth0.7","computer_vision","3","2.39"
"4680","141-W2021009-274_R1_5dpi","Jan22_10-21-00_2026_up0.95_dwn0.3_infg0.3_spth0.7_salth0.7","computer_vision","3","84.03"
"4681","143-W2021010-313_R2_5dpi","Jan22_10-21-00_2026_up0.95_dwn0.3_infg0.3_spth0.7_salth0.7","computer_vision","3","0.3"
"4682","148-W2021011-462_R2_5dpi","Jan22_10-21-00_2026_up0.95_dwn0.3_infg0.3_spth0.7_salth0.7","computer_vision","3","21.37"
"4683","149-W2021010-417_R1_5dpi","Jan22_10-21-00_2026_up0.95_dwn0.3_infg0.3_spth0.7_salth0.7","computer_vision","3","9.3"
"4684","154-W2021010-419_R1_5dpi","Jan22_10-21-00_2026_up0.95_dwn0.3_infg0.3_spth0.7_salth0.7","computer_vision","3","0.3"
"4685","155-W2021011-639_R1_5dpi","Jan22_10-21-00_2026_up0.95_dwn0.3_infg0.3_spth0.7_salth0.7","computer_vision","3","5.9"
"4686","156-W2021009-276_R2_5dpi","Jan22_10-21-00_2026_up0.95_dwn0.3_infg0.3_spth0.7_salth0.7","computer_vision","3","5.52"
"4687","158-W2021006-114_R1_5dpi","Jan22_10-21-00_2026_up0.95_dwn0.3_infg0.3_spth0.7_salth0.7","computer_vision","3","47.78"
"4688","167-W2021006-003_R2_5dpi","Jan22_10-21-00_2026_up0.95_dwn0.3_infg0.3_spth0.7_salth0.7","computer_vision","3","1.16"
"4689","169-W2021009-623_R2_5dpi","Jan22_10-21-00_2026_up0.95_dwn0.3_infg0.3_spth0.7_salth0.7","computer_vision","3","80.74"
"4690","169-W2021011-477_R1_5dpi","Jan22_10-21-00_2026_up0.95_dwn0.3_infg0.3_spth0.7_salth0.7","computer_vision","3","48.3"
"4691","172-W2021011-557_R2_5dpi","Jan22_10-21-00_2026_up0.95_dwn0.3_infg0.3_spth0.7_salth0.7","computer_vision","3","6.63"
"4692","173-W2021006-127_R2_5dpi","Jan22_10-21-00_2026_up0.95_dwn0.3_infg0.3_spth0.7_salth0.7","computer_vision","3","1.04"
"4693","174-W2021009-156_R2_5dpi","Jan22_10-21-00_2026_up0.95_dwn0.3_infg0.3_spth0.7_salth0.7","computer_vision","3","11.71"
"4694","176-W2021009-256_R2_5dpi","Jan22_10-21-00_2026_up0.95_dwn0.3_infg0.3_spth0.7_salth0.7","computer_vision","3","1.08"
"4695","177-W2021009-194_R1_5dpi","Jan22_10-21-00_2026_up0.95_dwn0.3_infg0.3_spth0.7_salth0.7","computer_vision","3","8.11"
"4696","180-W2021009-152_R1_5dpi","Jan22_10-21-00_2026_up0.95_dwn0.3_infg0.3_spth0.7_salth0.7","computer_vision","3","15.16"
"4697","180-W2021011-476_R2_5dpi","Jan22_10-21-00_2026_up0.95_dwn0.3_infg0.3_spth0.7_salth0.7","computer_vision","3","72.74"
"4698","182-W2021009-251_R1_5dpi","Jan22_10-21-00_2026_up0.95_dwn0.3_infg0.3_spth0.7_salth0.7","computer_vision","3","1.14"
"4699","183-W2021009-295_R1_5dpi","Jan22_10-21-00_2026_up0.95_dwn0.3_infg0.3_spth0.7_salth0.7","computer_vision","3","3.77"
"4700","185-W2021009-199_R1_5dpi","Jan22_10-21-00_2026_up0.95_dwn0.3_infg0.3_spth0.7_salth0.7","computer_vision","3","7.42"
"4701","185-W2021009-291_R2_5dpi","Jan22_10-21-00_2026_up0.95_dwn0.3_infg0.3_spth0.7_salth0.7","computer_vision","3","3.09"
"4702","187-W2021010-348_R2_5dpi","Jan22_10-21-00_2026_up0.95_dwn0.3_infg0.3_spth0.7_salth0.7","computer_vision","3","80.32"
"4703","191-W2021010-426_R2_5dpi","Jan22_10-21-00_2026_up0.95_dwn0.3_infg0.3_spth0.7_salth0.7","computer_vision","3","3.53"
"4704","191-W2021010-449_R1_5dpi","Jan22_10-21-00_2026_up0.95_dwn0.3_infg0.3_spth0.7_salth0.7","computer_vision","3","15.26"
"4705","192-W2021006-005_R1_5dpi","Jan22_10-21-00_2026_up0.95_dwn0.3_infg0.3_spth0.7_salth0.7","computer_vision","3","2.68"
"4706","206-W2021010-344_R1_5dpi","Jan22_10-21-00_2026_up0.95_dwn0.3_infg0.3_spth0.7_salth0.7","computer_vision","3","1.99"
"4707","207-W2021009-287_R2_5dpi","Jan22_10-21-00_2026_up0.95_dwn0.3_infg0.3_spth0.7_salth0.7","computer_vision","3","0.15"
"4708","208-W2021009-268_R2_5dpi","Jan22_10-21-00_2026_up0.95_dwn0.3_infg0.3_spth0.7_salth0.7","computer_vision","3","25.7"
"4709","209-W2021010-439_R2_5dpi","Jan22_10-21-00_2026_up0.95_dwn0.3_infg0.3_spth0.7_salth0.7","computer_vision","3","35.89"
"4710","215-W2021006-045_R2_5dpi","Jan22_10-21-00_2026_up0.95_dwn0.3_infg0.3_spth0.7_salth0.7","computer_vision","3","8.09"
"4711","223-W2021010-442_R2_5dpi","Jan22_10-21-00_2026_up0.95_dwn0.3_infg0.3_spth0.7_salth0.7","computer_vision","3","35.85"
"4712","226-W2021010-435_R1_5dpi","Jan22_10-21-00_2026_up0.95_dwn0.3_infg0.3_spth0.7_salth0.7","computer_vision","3","5.68"
"4713","230-W2021010-373_R2_5dpi","Jan22_10-21-00_2026_up0.95_dwn0.3_infg0.3_spth0.7_salth0.7","computer_vision","3","98.55"
"4714","233-W2021009-215_R2_5dpi","Jan22_10-21-00_2026_up0.95_dwn0.3_infg0.3_spth0.7_salth0.7","computer_vision","3","13.64"
"4715","240-Symphony_R2_5dpi","Jan22_10-21-00_2026_up0.95_dwn0.3_infg0.3_spth0.7_salth0.7","computer_vision","3","79.73"
"4716","254-W2021010-352_R2_5dpi","Jan22_10-21-00_2026_up0.95_dwn0.3_infg0.3_spth0.7_salth0.7","computer_vision","3","0.55"
"4717","266-W2021009-193_R1_5dpi","Jan22_10-21-00_2026_up0.95_dwn0.3_infg0.3_spth0.7_salth0.7","computer_vision","3","5.13"
"4718","336-W2021011-506_R2_5dpi","Jan22_10-21-00_2026_up0.95_dwn0.3_infg0.3_spth0.7_salth0.7","computer_vision","3","41.73"
"4719","225-W2021010-327_R2_10dpi","Jan26_23-15-35_2026_up0.95_dwn0.3_infg0.3_spth0.5_salth0.5","computer_vision","3","61.34"
"4720","225-W2021010-327_R2_10dpi","Jan26_23-15-35_2026_up0.95_dwn0.3_infg0.3_spth0.5_salth0.5","computer_vision","3","61.34"
"4721","001-W2021006-099_R2_10dpi","Jan26_23-15-35_2026_up0.95_dwn0.3_infg0.3_spth0.5_salth0.5","computer_vision","3","1.88"
"4722","003-W2021006-150_R1_10dpi","Jan26_23-15-35_2026_up0.95_dwn0.3_infg0.3_spth0.5_salth0.5","computer_vision","3","0.32"
"4723","004-NUGGET_R2_10dpi","Jan26_23-15-35_2026_up0.95_dwn0.3_infg0.3_spth0.5_salth0.5","computer_vision","3","37.63"
"4724","012-W2021011-458_R2_10dpi","Jan26_23-15-35_2026_up0.95_dwn0.3_infg0.3_spth0.5_salth0.5","computer_vision","3","0.44"
"4725","013-W2021009-172_R1_10dpi","Jan26_23-15-35_2026_up0.95_dwn0.3_infg0.3_spth0.5_salth0.5","computer_vision","3","2.25"
"4726","013-W2021011-633_R2_10dpi","Jan26_23-15-35_2026_up0.95_dwn0.3_infg0.3_spth0.5_salth0.5","computer_vision","3","28.04"
"4727","015-W2021010-355_R2_10dpi","Jan26_23-15-35_2026_up0.95_dwn0.3_infg0.3_spth0.5_salth0.5","computer_vision","3","3.02"
"4728","017-W2021010-405_R2_10dpi","Jan26_23-15-35_2026_up0.95_dwn0.3_infg0.3_spth0.5_salth0.5","computer_vision","3","0.14"
"4729","018-W2021010-405_R1_10dpi","Jan26_23-15-35_2026_up0.95_dwn0.3_infg0.3_spth0.5_salth0.5","computer_vision","3","3.65"
"4730","018-W2021010-405_R2_10dpi","Jan26_23-15-35_2026_up0.95_dwn0.3_infg0.3_spth0.5_salth0.5","computer_vision","3","0"
"4731","025-W2021009-622_R1_10dpi","Jan26_23-15-35_2026_up0.95_dwn0.3_infg0.3_spth0.5_salth0.5","computer_vision","3","84.46"
"4732","026-W2021010-346_R2_10dpi","Jan26_23-15-35_2026_up0.95_dwn0.3_infg0.3_spth0.5_salth0.5","computer_vision","3","0"
"4733","027-W2021009-622_R2_10dpi","Jan26_23-15-35_2026_up0.95_dwn0.3_infg0.3_spth0.5_salth0.5","computer_vision","3","60.31"
"4734","028-W2021010-354_R2_10dpi","Jan26_23-15-35_2026_up0.95_dwn0.3_infg0.3_spth0.5_salth0.5","computer_vision","3","21.49"
"4735","029-W2021010-354_R1_10dpi","Jan26_23-15-35_2026_up0.95_dwn0.3_infg0.3_spth0.5_salth0.5","computer_vision","3","60.85"
"4736","037-W2021009-198_R2_10dpi","Jan26_23-15-35_2026_up0.95_dwn0.3_infg0.3_spth0.5_salth0.5","computer_vision","3","0.15"
"4737","037-W2021009-277_R1_10dpi","Jan26_23-15-35_2026_up0.95_dwn0.3_infg0.3_spth0.5_salth0.5","computer_vision","3","88.16"
"4738","042-W2021006-015_R1_10dpi","Jan26_23-15-35_2026_up0.95_dwn0.3_infg0.3_spth0.5_salth0.5","computer_vision","3","17.5"
"4739","046-W2021009-208_R2_10dpi","Jan26_23-15-35_2026_up0.95_dwn0.3_infg0.3_spth0.5_salth0.5","computer_vision","3","3.2"
"4740","049-W2021011-583_R1_10dpi","Jan26_23-15-35_2026_up0.95_dwn0.3_infg0.3_spth0.5_salth0.5","computer_vision","3","27.88"
"4741","051-W2021010-443_R1_10dpi","Jan26_23-15-35_2026_up0.95_dwn0.3_infg0.3_spth0.5_salth0.5","computer_vision","3","0"
"4742","051-W2021011-583_R1_10dpi","Jan26_23-15-35_2026_up0.95_dwn0.3_infg0.3_spth0.5_salth0.5","computer_vision","3","85.12"
"4743","051-W2021011-583_R2_10dpi","Jan26_23-15-35_2026_up0.95_dwn0.3_infg0.3_spth0.5_salth0.5","computer_vision","3","31.94"
"4744","057-W2021011-504_R2_10dpi","Jan26_23-15-35_2026_up0.95_dwn0.3_infg0.3_spth0.5_salth0.5","computer_vision","3","1.59"
"4745","061-W2021011-483_R1_10dpi","Jan26_23-15-35_2026_up0.95_dwn0.3_infg0.3_spth0.5_salth0.5","computer_vision","3","8.06"
"4746","062-W2021010-432_R2_10dpi","Jan26_23-15-35_2026_up0.95_dwn0.3_infg0.3_spth0.5_salth0.5","computer_vision","3","53.08"
"4747","062-W2021011-483_R2_10dpi","Jan26_23-15-35_2026_up0.95_dwn0.3_infg0.3_spth0.5_salth0.5","computer_vision","3","56.55"
"4748","063-W2021011-594_R1_10dpi","Jan26_23-15-35_2026_up0.95_dwn0.3_infg0.3_spth0.5_salth0.5","computer_vision","3","51.93"
"4749","068-W2021011-574_R2_10dpi","Jan26_23-15-35_2026_up0.95_dwn0.3_infg0.3_spth0.5_salth0.5","computer_vision","3","38.88"
"4750","069-W2021011-574_R1_10dpi","Jan26_23-15-35_2026_up0.95_dwn0.3_infg0.3_spth0.5_salth0.5","computer_vision","3","11.13"
"4751","071-W2021006-142_R1_10dpi","Jan26_23-15-35_2026_up0.95_dwn0.3_infg0.3_spth0.5_salth0.5","computer_vision","3","54.32"
"4752","080-W2021011-586_R2_10dpi","Jan26_23-15-35_2026_up0.95_dwn0.3_infg0.3_spth0.5_salth0.5","computer_vision","3","93.7"
"4753","088-W2021009-288_R2_10dpi","Jan26_23-15-35_2026_up0.95_dwn0.3_infg0.3_spth0.5_salth0.5","computer_vision","3","90.67"
"4754","091-W2021010-394_R2_10dpi","Jan26_23-15-35_2026_up0.95_dwn0.3_infg0.3_spth0.5_salth0.5","computer_vision","3","0.67"
"4755","092-W2021010-394_R1_10dpi","Jan26_23-15-35_2026_up0.95_dwn0.3_infg0.3_spth0.5_salth0.5","computer_vision","3","14.26"
"4756","095-W2021009-283_R1_10dpi","Jan26_23-15-35_2026_up0.95_dwn0.3_infg0.3_spth0.5_salth0.5","computer_vision","3","2.66"
"4757","097-W2021006-126_R2_10dpi","Jan26_23-15-35_2026_up0.95_dwn0.3_infg0.3_spth0.5_salth0.5","computer_vision","3","85.42"
"4758","097-W2021006-611_R1_10dpi","Jan26_23-15-35_2026_up0.95_dwn0.3_infg0.3_spth0.5_salth0.5","computer_vision","3","98.38"
"4759","098-W2021006-126_R1_10dpi","Jan26_23-15-35_2026_up0.95_dwn0.3_infg0.3_spth0.5_salth0.5","computer_vision","3","81.46"
"4760","099-W2021006-611_R2_10dpi","Jan26_23-15-35_2026_up0.95_dwn0.3_infg0.3_spth0.5_salth0.5","computer_vision","3","30.38"
"4761","102-W2021011-565_R2_10dpi","Jan26_23-15-35_2026_up0.95_dwn0.3_infg0.3_spth0.5_salth0.5","computer_vision","3","92.85"
"4762","103-W2021011-591_R2_10dpi","Jan26_23-15-35_2026_up0.95_dwn0.3_infg0.3_spth0.5_salth0.5","computer_vision","3","47.17"
"4763","105-W2021010-625_R1_10dpi","Jan26_23-15-35_2026_up0.95_dwn0.3_infg0.3_spth0.5_salth0.5","computer_vision","3","69.58"
"4764","106-21326M_R1_10dpi","Jan26_23-15-35_2026_up0.95_dwn0.3_infg0.3_spth0.5_salth0.5","computer_vision","3","38.44"
"4765","108-W2021011-550_R2_10dpi","Jan26_23-15-35_2026_up0.95_dwn0.3_infg0.3_spth0.5_salth0.5","computer_vision","3","12.24"
"4766","109-W2021006-102_R2_10dpi","Jan26_23-15-35_2026_up0.95_dwn0.3_infg0.3_spth0.5_salth0.5","computer_vision","3","94.62"
"4767","112-W2021006-046_R1_10dpi","Jan26_23-15-35_2026_up0.95_dwn0.3_infg0.3_spth0.5_salth0.5","computer_vision","3","1.21"
"4768","112-W2021011-554_R1_10dpi","Jan26_23-15-35_2026_up0.95_dwn0.3_infg0.3_spth0.5_salth0.5","computer_vision","3","12.48"
"4769","115-W2021011-638_R1_10dpi","Jan26_23-15-35_2026_up0.95_dwn0.3_infg0.3_spth0.5_salth0.5","computer_vision","3","53.9"
"4770","116-W2021011-504_R2_10dpi","Jan26_23-15-35_2026_up0.95_dwn0.3_infg0.3_spth0.5_salth0.5","computer_vision","3","0.96"
"4771","117-W2021011-504_R1_10dpi","Jan26_23-15-35_2026_up0.95_dwn0.3_infg0.3_spth0.5_salth0.5","computer_vision","3","1.9"
"4772","119-W2021009-171_R2_10dpi","Jan26_23-15-35_2026_up0.95_dwn0.3_infg0.3_spth0.5_salth0.5","computer_vision","3","30.15"
"4773","119-W2021009-299_R2_10dpi","Jan26_23-15-35_2026_up0.95_dwn0.3_infg0.3_spth0.5_salth0.5","computer_vision","3","69.89"
"4774","122-W2021009-267_R2_10dpi","Jan26_23-15-35_2026_up0.95_dwn0.3_infg0.3_spth0.5_salth0.5","computer_vision","3","2.31"
"4775","124-W2021009-278_R1_10dpi","Jan26_23-15-35_2026_up0.95_dwn0.3_infg0.3_spth0.5_salth0.5","computer_vision","3","43.12"
"4776","126-W2021009-278_R2_10dpi","Jan26_23-15-35_2026_up0.95_dwn0.3_infg0.3_spth0.5_salth0.5","computer_vision","3","43.15"
"4777","131-W2021009-252_R2_10dpi","Jan26_23-15-35_2026_up0.95_dwn0.3_infg0.3_spth0.5_salth0.5","computer_vision","3","6"
"4778","132-W2021009-252_R1_10dpi","Jan26_23-15-35_2026_up0.95_dwn0.3_infg0.3_spth0.5_salth0.5","computer_vision","3","0.76"
"4779","135-W2021011-581_R1_10dpi","Jan26_23-15-35_2026_up0.95_dwn0.3_infg0.3_spth0.5_salth0.5","computer_vision","3","41.01"
"4780","137-W2021006-128_R2_10dpi","Jan26_23-15-35_2026_up0.95_dwn0.3_infg0.3_spth0.5_salth0.5","computer_vision","3","91.48"
"4781","146-W2021006-613_R1_10dpi","Jan26_23-15-35_2026_up0.95_dwn0.3_infg0.3_spth0.5_salth0.5","computer_vision","3","73.52"
"4782","149-W2021011-462_R1_10dpi","Jan26_23-15-35_2026_up0.95_dwn0.3_infg0.3_spth0.5_salth0.5","computer_vision","3","82.56"
"4783","151-W2021011-479_R2_10dpi","Jan26_23-15-35_2026_up0.95_dwn0.3_infg0.3_spth0.5_salth0.5","computer_vision","3","97.27"
"4784","152-W2021010-301_R2_10dpi","Jan26_23-15-35_2026_up0.95_dwn0.3_infg0.3_spth0.5_salth0.5","computer_vision","3","0.68"
"4785","152-W2021011-479_R1_10dpi","Jan26_23-15-35_2026_up0.95_dwn0.3_infg0.3_spth0.5_salth0.5","computer_vision","3","41.16"
"4786","154-W2021010-419_R2_10dpi","Jan26_23-15-35_2026_up0.95_dwn0.3_infg0.3_spth0.5_salth0.5","computer_vision","3","0.48"
"4787","162-W2021011-551_R2_10dpi","Jan26_23-15-35_2026_up0.95_dwn0.3_infg0.3_spth0.5_salth0.5","computer_vision","3","82.58"
"4788","166-W2021006-123_R1_10dpi","Jan26_23-15-35_2026_up0.95_dwn0.3_infg0.3_spth0.5_salth0.5","computer_vision","3","0.65"
"4789","166-W2021006-146_R1_10dpi","Jan26_23-15-35_2026_up0.95_dwn0.3_infg0.3_spth0.5_salth0.5","computer_vision","3","52.85"
"4790","166-W2021006-146_R2_10dpi","Jan26_23-15-35_2026_up0.95_dwn0.3_infg0.3_spth0.5_salth0.5","computer_vision","3","12.7"
"4791","171-W2021011-584_R1_10dpi","Jan26_23-15-35_2026_up0.95_dwn0.3_infg0.3_spth0.5_salth0.5","computer_vision","3","65.72"
"4792","171-W2021011-584_R2_10dpi","Jan26_23-15-35_2026_up0.95_dwn0.3_infg0.3_spth0.5_salth0.5","computer_vision","3","99.02"
"4793","172-W2021009-156_R2_10dpi","Jan26_23-15-35_2026_up0.95_dwn0.3_infg0.3_spth0.5_salth0.5","computer_vision","3","3.96"
"4794","176-W2021009-256_R2_10dpi","Jan26_23-15-35_2026_up0.95_dwn0.3_infg0.3_spth0.5_salth0.5","computer_vision","3","2.04"
"4795","177-W2021009-194_R2_10dpi","Jan26_23-15-35_2026_up0.95_dwn0.3_infg0.3_spth0.5_salth0.5","computer_vision","3","84.49"
"4796","177-W2021009-256_R1_10dpi","Jan26_23-15-35_2026_up0.95_dwn0.3_infg0.3_spth0.5_salth0.5","computer_vision","3","4.13"
"4797","181-W2021009-251_R2_10dpi","Jan26_23-15-35_2026_up0.95_dwn0.3_infg0.3_spth0.5_salth0.5","computer_vision","3","6.65"
"4798","181-W2021009-295_R2_10dpi","Jan26_23-15-35_2026_up0.95_dwn0.3_infg0.3_spth0.5_salth0.5","computer_vision","3","22.78"
"4799","182-W2021009-251_R1_10dpi","Jan26_23-15-35_2026_up0.95_dwn0.3_infg0.3_spth0.5_salth0.5","computer_vision","3","4.83"
"4800","184-W2021009-199_R1_10dpi","Jan26_23-15-35_2026_up0.95_dwn0.3_infg0.3_spth0.5_salth0.5","computer_vision","3","26.77"
"4801","189-W2021009-257_R2_10dpi","Jan26_23-15-35_2026_up0.95_dwn0.3_infg0.3_spth0.5_salth0.5","computer_vision","3","100"
"4802","190-W2021010-449_R1_10dpi","Jan26_23-15-35_2026_up0.95_dwn0.3_infg0.3_spth0.5_salth0.5","computer_vision","3","30.7"
"4803","192-W2021010-449_R2_10dpi","Jan26_23-15-35_2026_up0.95_dwn0.3_infg0.3_spth0.5_salth0.5","computer_vision","3","65.72"
"4804","193-W2021010-415_R1_10dpi","Jan26_23-15-35_2026_up0.95_dwn0.3_infg0.3_spth0.5_salth0.5","computer_vision","3","2.42"
"4805","194-W2021010-339_R2_10dpi","Jan26_23-15-35_2026_up0.95_dwn0.3_infg0.3_spth0.5_salth0.5","computer_vision","3","1.42"
"4806","206-W2021009-271_R2_10dpi","Jan26_23-15-35_2026_up0.95_dwn0.3_infg0.3_spth0.5_salth0.5","computer_vision","3","80.12"
"4807","207-W2021009-271_R1_10dpi","Jan26_23-15-35_2026_up0.95_dwn0.3_infg0.3_spth0.5_salth0.5","computer_vision","3","36.62"
"4808","207-W2021009-287_R1_10dpi","Jan26_23-15-35_2026_up0.95_dwn0.3_infg0.3_spth0.5_salth0.5","computer_vision","3","7.07"
"4809","209-W2021010-439_R2_10dpi","Jan26_23-15-35_2026_up0.95_dwn0.3_infg0.3_spth0.5_salth0.5","computer_vision","3","54.17"
"4810","214-W2021006-045_R2_10dpi","Jan26_23-15-35_2026_up0.95_dwn0.3_infg0.3_spth0.5_salth0.5","computer_vision","3","25.82"
"4811","215-W2021006-045_R1_10dpi","Jan26_23-15-35_2026_up0.95_dwn0.3_infg0.3_spth0.5_salth0.5","computer_vision","3","74.52"
"4812","225-W2021010-327_R2_10dpi","Jan26_23-15-35_2026_up0.95_dwn0.3_infg0.3_spth0.5_salth0.5","computer_vision","3","61.34"
"4813","226-W2021009-177_R1_10dpi","Jan26_23-15-35_2026_up0.95_dwn0.3_infg0.3_spth0.5_salth0.5","computer_vision","3","6.86"
"4814","233-W2021006-607_R1_10dpi","Jan26_23-15-35_2026_up0.95_dwn0.3_infg0.3_spth0.5_salth0.5","computer_vision","3","11.43"
"4815","238-W2021009-192_R1_10dpi","Jan26_23-15-35_2026_up0.95_dwn0.3_infg0.3_spth0.5_salth0.5","computer_vision","3","79.15"
"4816","242-W2021006-132_R2_10dpi","Jan26_23-15-35_2026_up0.95_dwn0.3_infg0.3_spth0.5_salth0.5","computer_vision","3","99.14"
"4817","262-W2021009-187_R2_10dpi","Jan26_23-15-35_2026_up0.95_dwn0.3_infg0.3_spth0.5_salth0.5","computer_vision","3","74.6"
"4818","264-W2021009-187_R1_10dpi","Jan26_23-15-35_2026_up0.95_dwn0.3_infg0.3_spth0.5_salth0.5","computer_vision","3","24.23"
"4819","285-W2021006-040_R2_10dpi","Jan26_23-15-35_2026_up0.95_dwn0.3_infg0.3_spth0.5_salth0.5","computer_vision","3","30.02"
"4820","293-W2021006-054_R1_10dpi","Jan26_23-15-35_2026_up0.95_dwn0.3_infg0.3_spth0.5_salth0.5","computer_vision","3","45.02"
"4821","311-W2021010-326_R2_10dpi","Jan26_23-15-35_2026_up0.95_dwn0.3_infg0.3_spth0.5_salth0.5","computer_vision","3","0.16"
"4822","002-W2021006-081_R1_5dpi","Jan26_23-15-35_2026_up0.95_dwn0.3_infg0.3_spth0.5_salth0.5","computer_vision","3","0.46"
"4823","002-W2021010-336_R2_5dpi","Jan26_23-15-35_2026_up0.95_dwn0.3_infg0.3_spth0.5_salth0.5","computer_vision","3","2.38"
"4824","005-W2021011-592_R2_5dpi","Jan26_23-15-35_2026_up0.95_dwn0.3_infg0.3_spth0.5_salth0.5","computer_vision","3","0.56"
"4825","009-W2021010-311_R2_5dpi","Jan26_23-15-35_2026_up0.95_dwn0.3_infg0.3_spth0.5_salth0.5","computer_vision","3","22.93"
"4826","010-W2021010-347_R2_5dpi","Jan26_23-15-35_2026_up0.95_dwn0.3_infg0.3_spth0.5_salth0.5","computer_vision","3","22.51"
"4827","013-W2021009-172_R2_5dpi","Jan26_23-15-35_2026_up0.95_dwn0.3_infg0.3_spth0.5_salth0.5","computer_vision","3","0.15"
"4828","015-W2021009-160_R1_5dpi","Jan26_23-15-35_2026_up0.95_dwn0.3_infg0.3_spth0.5_salth0.5","computer_vision","3","20.04"
"4829","015-W2021011-633_R1_5dpi","Jan26_23-15-35_2026_up0.95_dwn0.3_infg0.3_spth0.5_salth0.5","computer_vision","3","14.08"
"4830","017-W2021006-612_R2_5dpi","Jan26_23-15-35_2026_up0.95_dwn0.3_infg0.3_spth0.5_salth0.5","computer_vision","3","28.87"
"4831","019-W2021010-428_R2_5dpi","Jan26_23-15-35_2026_up0.95_dwn0.3_infg0.3_spth0.5_salth0.5","computer_vision","3","0"
"4832","021-W2021009-175_R1_5dpi","Jan26_23-15-35_2026_up0.95_dwn0.3_infg0.3_spth0.5_salth0.5","computer_vision","3","1.3"
"4833","022-W2021009-198_R2_5dpi","Jan26_23-15-35_2026_up0.95_dwn0.3_infg0.3_spth0.5_salth0.5","computer_vision","3","6.6"
"4834","023-W2021006-049_R1_5dpi","Jan26_23-15-35_2026_up0.95_dwn0.3_infg0.3_spth0.5_salth0.5","computer_vision","3","16.97"
"4835","023-W2021010-305_R2_5dpi","Jan26_23-15-35_2026_up0.95_dwn0.3_infg0.3_spth0.5_salth0.5","computer_vision","3","5.71"
"4836","026-W2021009-622_R2_5dpi","Jan26_23-15-35_2026_up0.95_dwn0.3_infg0.3_spth0.5_salth0.5","computer_vision","3","18.93"
"4837","032-W2021006-041_R2_5dpi","Jan26_23-15-35_2026_up0.95_dwn0.3_infg0.3_spth0.5_salth0.5","computer_vision","3","6.7"
"4838","032-W2021009-155_R1_5dpi","Jan26_23-15-35_2026_up0.95_dwn0.3_infg0.3_spth0.5_salth0.5","computer_vision","3","85.3"
"4839","036-W2021006-047_R2_5dpi","Jan26_23-15-35_2026_up0.95_dwn0.3_infg0.3_spth0.5_salth0.5","computer_vision","3","0.45"
"4840","040-W2021009-207_R1_5dpi","Jan26_23-15-35_2026_up0.95_dwn0.3_infg0.3_spth0.5_salth0.5","computer_vision","3","18.44"
"4841","042-W2021010-429_R1_5dpi","Jan26_23-15-35_2026_up0.95_dwn0.3_infg0.3_spth0.5_salth0.5","computer_vision","3","45.47"
"4842","044-W2021009-169_R2_5dpi","Jan26_23-15-35_2026_up0.95_dwn0.3_infg0.3_spth0.5_salth0.5","computer_vision","3","0.15"
"4843","044-W2021009-618_R1_5dpi","Jan26_23-15-35_2026_up0.95_dwn0.3_infg0.3_spth0.5_salth0.5","computer_vision","3","14.35"
"4844","047-W2021011-482_R1_5dpi","Jan26_23-15-35_2026_up0.95_dwn0.3_infg0.3_spth0.5_salth0.5","computer_vision","3","31.62"
"4845","048-W2021006-147_R1_5dpi","Jan26_23-15-35_2026_up0.95_dwn0.3_infg0.3_spth0.5_salth0.5","computer_vision","3","4.02"
"4846","052-W2021006-004_R2_5dpi","Jan26_23-15-35_2026_up0.95_dwn0.3_infg0.3_spth0.5_salth0.5","computer_vision","3","0"
"4847","055-W2021010-341_R2_5dpi","Jan26_23-15-35_2026_up0.95_dwn0.3_infg0.3_spth0.5_salth0.5","computer_vision","3","1.09"
"4848","055-W2021010-397_R2_5dpi","Jan26_23-15-35_2026_up0.95_dwn0.3_infg0.3_spth0.5_salth0.5","computer_vision","3","4.97"
"4849","056-W2021006-609_R1_5dpi","Jan26_23-15-35_2026_up0.95_dwn0.3_infg0.3_spth0.5_salth0.5","computer_vision","3","9.31"
"4850","059-W2021010-434_R1_5dpi","Jan26_23-15-35_2026_up0.95_dwn0.3_infg0.3_spth0.5_salth0.5","computer_vision","3","0.58"
"4851","060-W2021010-324_R2_5dpi","Jan26_23-15-35_2026_up0.95_dwn0.3_infg0.3_spth0.5_salth0.5","computer_vision","3","0.3"
"4852","061-W2021011-483_R1_5dpi","Jan26_23-15-35_2026_up0.95_dwn0.3_infg0.3_spth0.5_salth0.5","computer_vision","3","3.19"
"4853","070-W2021011-486_R2_5dpi","Jan26_23-15-35_2026_up0.95_dwn0.3_infg0.3_spth0.5_salth0.5","computer_vision","3","35.5"
"4854","071-W2021010-323_R1_5dpi","Jan26_23-15-35_2026_up0.95_dwn0.3_infg0.3_spth0.5_salth0.5","computer_vision","3","61.58"
"4855","077-W2021010-351_R2_5dpi","Jan26_23-15-35_2026_up0.95_dwn0.3_infg0.3_spth0.5_salth0.5","computer_vision","3","0.16"
"4856","084-W2021010-319_R1_5dpi","Jan26_23-15-35_2026_up0.95_dwn0.3_infg0.3_spth0.5_salth0.5","computer_vision","3","1.71"
"4857","085-W2021010-630_R1_5dpi","Jan26_23-15-35_2026_up0.95_dwn0.3_infg0.3_spth0.5_salth0.5","computer_vision","3","0"
"4858","091-W2021006-056_R2_5dpi","Jan26_23-15-35_2026_up0.95_dwn0.3_infg0.3_spth0.5_salth0.5","computer_vision","3","1.12"
"4859","094-W2021010-315_R2_5dpi","Jan26_23-15-35_2026_up0.95_dwn0.3_infg0.3_spth0.5_salth0.5","computer_vision","3","0.15"
"4860","095-W2021011-553_R2_5dpi","Jan26_23-15-35_2026_up0.95_dwn0.3_infg0.3_spth0.5_salth0.5","computer_vision","3","0.67"
"4861","097-W2021006-617_R2_5dpi","Jan26_23-15-35_2026_up0.95_dwn0.3_infg0.3_spth0.5_salth0.5","computer_vision","3","20.81"
"4862","097-W2021009-163_R1_5dpi","Jan26_23-15-35_2026_up0.95_dwn0.3_infg0.3_spth0.5_salth0.5","computer_vision","3","55.71"
"4863","099-W2021006-611_R2_5dpi","Jan26_23-15-35_2026_up0.95_dwn0.3_infg0.3_spth0.5_salth0.5","computer_vision","3","20.24"
"4864","101-W2021011-565_R1_5dpi","Jan26_23-15-35_2026_up0.95_dwn0.3_infg0.3_spth0.5_salth0.5","computer_vision","3","76.26"
"4865","105-W2021011-558_R1_5dpi","Jan26_23-15-35_2026_up0.95_dwn0.3_infg0.3_spth0.5_salth0.5","computer_vision","3","0.16"
"4866","110-W2021011-454_R2_5dpi","Jan26_23-15-35_2026_up0.95_dwn0.3_infg0.3_spth0.5_salth0.5","computer_vision","3","7.6"
"4867","111-W2021011-588_R2_5dpi","Jan26_23-15-35_2026_up0.95_dwn0.3_infg0.3_spth0.5_salth0.5","computer_vision","3","4.14"
"4868","121-W2021009-185_R1_5dpi","Jan26_23-15-35_2026_up0.95_dwn0.3_infg0.3_spth0.5_salth0.5","computer_vision","3","1.01"
"4869","123-W2021009-255_R2_5dpi","Jan26_23-15-35_2026_up0.95_dwn0.3_infg0.3_spth0.5_salth0.5","computer_vision","3","4.78"
"4870","123-W2021009-621_R2_5dpi","Jan26_23-15-35_2026_up0.95_dwn0.3_infg0.3_spth0.5_salth0.5","computer_vision","3","4.88"
"4871","127-W2021006-143_R2_5dpi","Jan26_23-15-35_2026_up0.95_dwn0.3_infg0.3_spth0.5_salth0.5","computer_vision","3","0.46"
"4872","127-W2021009-292_R2_5dpi","Jan26_23-15-35_2026_up0.95_dwn0.3_infg0.3_spth0.5_salth0.5","computer_vision","3","78.31"
"4873","128-W2021006-013_R1_5dpi","Jan26_23-15-35_2026_up0.95_dwn0.3_infg0.3_spth0.5_salth0.5","computer_vision","3","66.96"
"4874","129-W2021006-119_R2_5dpi","Jan26_23-15-35_2026_up0.95_dwn0.3_infg0.3_spth0.5_salth0.5","computer_vision","3","6.11"
"4875","132-W2021010-399_R1_5dpi","Jan26_23-15-35_2026_up0.95_dwn0.3_infg0.3_spth0.5_salth0.5","computer_vision","3","0.16"
"4876","132-W2021011-644_R2_5dpi","Jan26_23-15-35_2026_up0.95_dwn0.3_infg0.3_spth0.5_salth0.5","computer_vision","3","10.01"
"4877","134-W2021006-001_R1_5dpi","Jan26_23-15-35_2026_up0.95_dwn0.3_infg0.3_spth0.5_salth0.5","computer_vision","3","42.05"
"4878","134-W2021009-275_R1_5dpi","Jan26_23-15-35_2026_up0.95_dwn0.3_infg0.3_spth0.5_salth0.5","computer_vision","3","17.26"
"4879","137-W2021010-342_R2_5dpi","Jan26_23-15-35_2026_up0.95_dwn0.3_infg0.3_spth0.5_salth0.5","computer_vision","3","1.05"
"4880","138-W2021010-446_R1_5dpi","Jan26_23-15-35_2026_up0.95_dwn0.3_infg0.3_spth0.5_salth0.5","computer_vision","3","0.45"
"4881","141-W2021009-274_R1_5dpi","Jan26_23-15-35_2026_up0.95_dwn0.3_infg0.3_spth0.5_salth0.5","computer_vision","3","82.85"
"4882","143-W2021010-313_R2_5dpi","Jan26_23-15-35_2026_up0.95_dwn0.3_infg0.3_spth0.5_salth0.5","computer_vision","3","0.15"
"4883","148-W2021011-462_R2_5dpi","Jan26_23-15-35_2026_up0.95_dwn0.3_infg0.3_spth0.5_salth0.5","computer_vision","3","22.26"
"4884","149-W2021010-417_R1_5dpi","Jan26_23-15-35_2026_up0.95_dwn0.3_infg0.3_spth0.5_salth0.5","computer_vision","3","8.13"
"4885","154-W2021010-419_R1_5dpi","Jan26_23-15-35_2026_up0.95_dwn0.3_infg0.3_spth0.5_salth0.5","computer_vision","3","0.44"
"4886","155-W2021011-639_R1_5dpi","Jan26_23-15-35_2026_up0.95_dwn0.3_infg0.3_spth0.5_salth0.5","computer_vision","3","2.15"
"4887","156-W2021009-276_R2_5dpi","Jan26_23-15-35_2026_up0.95_dwn0.3_infg0.3_spth0.5_salth0.5","computer_vision","3","4.12"
"4888","158-W2021006-114_R1_5dpi","Jan26_23-15-35_2026_up0.95_dwn0.3_infg0.3_spth0.5_salth0.5","computer_vision","3","44.28"
"4889","167-W2021006-003_R2_5dpi","Jan26_23-15-35_2026_up0.95_dwn0.3_infg0.3_spth0.5_salth0.5","computer_vision","3","2.63"
"4890","169-W2021009-623_R2_5dpi","Jan26_23-15-35_2026_up0.95_dwn0.3_infg0.3_spth0.5_salth0.5","computer_vision","3","76.45"
"4891","169-W2021011-477_R1_5dpi","Jan26_23-15-35_2026_up0.95_dwn0.3_infg0.3_spth0.5_salth0.5","computer_vision","3","31.66"
"4892","172-W2021011-557_R2_5dpi","Jan26_23-15-35_2026_up0.95_dwn0.3_infg0.3_spth0.5_salth0.5","computer_vision","3","7.35"
"4893","173-W2021006-127_R2_5dpi","Jan26_23-15-35_2026_up0.95_dwn0.3_infg0.3_spth0.5_salth0.5","computer_vision","3","0.73"
"4894","174-W2021009-156_R2_5dpi","Jan26_23-15-35_2026_up0.95_dwn0.3_infg0.3_spth0.5_salth0.5","computer_vision","3","9.55"
"4895","176-W2021009-256_R2_5dpi","Jan26_23-15-35_2026_up0.95_dwn0.3_infg0.3_spth0.5_salth0.5","computer_vision","3","0.42"
"4896","177-W2021009-194_R1_5dpi","Jan26_23-15-35_2026_up0.95_dwn0.3_infg0.3_spth0.5_salth0.5","computer_vision","3","5.73"
"4897","180-W2021009-152_R1_5dpi","Jan26_23-15-35_2026_up0.95_dwn0.3_infg0.3_spth0.5_salth0.5","computer_vision","3","12.79"
"4898","180-W2021011-476_R2_5dpi","Jan26_23-15-35_2026_up0.95_dwn0.3_infg0.3_spth0.5_salth0.5","computer_vision","3","63.44"
"4899","182-W2021009-251_R1_5dpi","Jan26_23-15-35_2026_up0.95_dwn0.3_infg0.3_spth0.5_salth0.5","computer_vision","3","0.13"
"4900","183-W2021009-295_R1_5dpi","Jan26_23-15-35_2026_up0.95_dwn0.3_infg0.3_spth0.5_salth0.5","computer_vision","3","1.86"
"4901","185-W2021009-199_R1_5dpi","Jan26_23-15-35_2026_up0.95_dwn0.3_infg0.3_spth0.5_salth0.5","computer_vision","3","6.15"
"4902","185-W2021009-291_R2_5dpi","Jan26_23-15-35_2026_up0.95_dwn0.3_infg0.3_spth0.5_salth0.5","computer_vision","3","2.75"
"4903","187-W2021010-348_R2_5dpi","Jan26_23-15-35_2026_up0.95_dwn0.3_infg0.3_spth0.5_salth0.5","computer_vision","3","73.77"
"4904","191-W2021010-426_R2_5dpi","Jan26_23-15-35_2026_up0.95_dwn0.3_infg0.3_spth0.5_salth0.5","computer_vision","3","0.53"
"4905","191-W2021010-449_R1_5dpi","Jan26_23-15-35_2026_up0.95_dwn0.3_infg0.3_spth0.5_salth0.5","computer_vision","3","9.64"
"4906","192-W2021006-005_R1_5dpi","Jan26_23-15-35_2026_up0.95_dwn0.3_infg0.3_spth0.5_salth0.5","computer_vision","3","1.3"
"4907","206-W2021010-344_R1_5dpi","Jan26_23-15-35_2026_up0.95_dwn0.3_infg0.3_spth0.5_salth0.5","computer_vision","3","0.16"
"4908","207-W2021009-287_R2_5dpi","Jan26_23-15-35_2026_up0.95_dwn0.3_infg0.3_spth0.5_salth0.5","computer_vision","3","0.29"
"4909","208-W2021009-268_R2_5dpi","Jan26_23-15-35_2026_up0.95_dwn0.3_infg0.3_spth0.5_salth0.5","computer_vision","3","25.39"
"4910","209-W2021010-439_R2_5dpi","Jan26_23-15-35_2026_up0.95_dwn0.3_infg0.3_spth0.5_salth0.5","computer_vision","3","32.98"
"4911","211-W2021011-598_R2_5dpi","Jan26_23-15-35_2026_up0.95_dwn0.3_infg0.3_spth0.5_salth0.5","computer_vision","3","13.24"
"4912","215-W2021006-045_R2_5dpi","Jan26_23-15-35_2026_up0.95_dwn0.3_infg0.3_spth0.5_salth0.5","computer_vision","3","6.94"
"4913","223-W2021010-442_R2_5dpi","Jan26_23-15-35_2026_up0.95_dwn0.3_infg0.3_spth0.5_salth0.5","computer_vision","3","37.39"
"4914","226-W2021010-435_R1_5dpi","Jan26_23-15-35_2026_up0.95_dwn0.3_infg0.3_spth0.5_salth0.5","computer_vision","3","0.62"
"4915","230-W2021010-373_R2_5dpi","Jan26_23-15-35_2026_up0.95_dwn0.3_infg0.3_spth0.5_salth0.5","computer_vision","3","97.97"
"4916","233-W2021009-215_R2_5dpi","Jan26_23-15-35_2026_up0.95_dwn0.3_infg0.3_spth0.5_salth0.5","computer_vision","3","13.17"
"4917","240-Symphony_R2_5dpi","Jan26_23-15-35_2026_up0.95_dwn0.3_infg0.3_spth0.5_salth0.5","computer_vision","3","77.46"
"4918","254-W2021010-352_R2_5dpi","Jan26_23-15-35_2026_up0.95_dwn0.3_infg0.3_spth0.5_salth0.5","computer_vision","3","0"
"4919","266-W2021009-193_R1_5dpi","Jan26_23-15-35_2026_up0.95_dwn0.3_infg0.3_spth0.5_salth0.5","computer_vision","3","2.56"
"4920","313-W2021010-343_R1_5dpi","Jan26_23-15-35_2026_up0.95_dwn0.3_infg0.3_spth0.5_salth0.5","computer_vision","3","0.33"
"4921","336-W2021011-506_R2_5dpi","Jan26_23-15-35_2026_up0.95_dwn0.3_infg0.3_spth0.5_salth0.5","computer_vision","3","39.41"
"4922","001-W2021006-099_R2_10dpi","Jan26_23-15-35_2026_up0.95_dwn0.3_infg0.3_spth0.5_salth0.5","computer_vision","3","1.88"
"4923","003-W2021006-150_R1_10dpi","Jan26_23-15-35_2026_up0.95_dwn0.3_infg0.3_spth0.5_salth0.5","computer_vision","3","0.32"
"4924","004-NUGGET_R2_10dpi","Jan26_23-15-35_2026_up0.95_dwn0.3_infg0.3_spth0.5_salth0.5","computer_vision","3","37.63"
"4925","012-W2021011-458_R2_10dpi","Jan26_23-15-35_2026_up0.95_dwn0.3_infg0.3_spth0.5_salth0.5","computer_vision","3","0.44"
"4926","013-W2021009-172_R1_10dpi","Jan26_23-15-35_2026_up0.95_dwn0.3_infg0.3_spth0.5_salth0.5","computer_vision","3","2.25"
"4927","013-W2021011-633_R2_10dpi","Jan26_23-15-35_2026_up0.95_dwn0.3_infg0.3_spth0.5_salth0.5","computer_vision","3","28.04"
"4928","015-W2021010-355_R2_10dpi","Jan26_23-15-35_2026_up0.95_dwn0.3_infg0.3_spth0.5_salth0.5","computer_vision","3","3.02"
"4929","017-W2021010-405_R2_10dpi","Jan26_23-15-35_2026_up0.95_dwn0.3_infg0.3_spth0.5_salth0.5","computer_vision","3","0.14"
"4930","018-W2021010-405_R1_10dpi","Jan26_23-15-35_2026_up0.95_dwn0.3_infg0.3_spth0.5_salth0.5","computer_vision","3","3.65"
"4931","018-W2021010-405_R2_10dpi","Jan26_23-15-35_2026_up0.95_dwn0.3_infg0.3_spth0.5_salth0.5","computer_vision","3","0"
"4932","025-W2021009-622_R1_10dpi","Jan26_23-15-35_2026_up0.95_dwn0.3_infg0.3_spth0.5_salth0.5","computer_vision","3","84.46"
"4933","026-W2021010-346_R2_10dpi","Jan26_23-15-35_2026_up0.95_dwn0.3_infg0.3_spth0.5_salth0.5","computer_vision","3","0"
"4934","027-W2021009-622_R2_10dpi","Jan26_23-15-35_2026_up0.95_dwn0.3_infg0.3_spth0.5_salth0.5","computer_vision","3","60.31"
"4935","028-W2021010-354_R2_10dpi","Jan26_23-15-35_2026_up0.95_dwn0.3_infg0.3_spth0.5_salth0.5","computer_vision","3","21.49"
"4936","029-W2021010-354_R1_10dpi","Jan26_23-15-35_2026_up0.95_dwn0.3_infg0.3_spth0.5_salth0.5","computer_vision","3","60.85"
"4937","037-W2021009-198_R2_10dpi","Jan26_23-15-35_2026_up0.95_dwn0.3_infg0.3_spth0.5_salth0.5","computer_vision","3","0.15"
"4938","037-W2021009-277_R1_10dpi","Jan26_23-15-35_2026_up0.95_dwn0.3_infg0.3_spth0.5_salth0.5","computer_vision","3","88.16"
"4939","042-W2021006-015_R1_10dpi","Jan26_23-15-35_2026_up0.95_dwn0.3_infg0.3_spth0.5_salth0.5","computer_vision","3","17.5"
"4940","046-W2021009-208_R2_10dpi","Jan26_23-15-35_2026_up0.95_dwn0.3_infg0.3_spth0.5_salth0.5","computer_vision","3","3.2"
"4941","049-W2021011-583_R1_10dpi","Jan26_23-15-35_2026_up0.95_dwn0.3_infg0.3_spth0.5_salth0.5","computer_vision","3","27.88"
"4942","051-W2021010-443_R1_10dpi","Jan26_23-15-35_2026_up0.95_dwn0.3_infg0.3_spth0.5_salth0.5","computer_vision","3","0"
"4943","051-W2021011-583_R1_10dpi","Jan26_23-15-35_2026_up0.95_dwn0.3_infg0.3_spth0.5_salth0.5","computer_vision","3","85.12"
"4944","051-W2021011-583_R2_10dpi","Jan26_23-15-35_2026_up0.95_dwn0.3_infg0.3_spth0.5_salth0.5","computer_vision","3","31.94"
"4945","057-W2021011-504_R2_10dpi","Jan26_23-15-35_2026_up0.95_dwn0.3_infg0.3_spth0.5_salth0.5","computer_vision","3","1.59"
"4946","061-W2021011-483_R1_10dpi","Jan26_23-15-35_2026_up0.95_dwn0.3_infg0.3_spth0.5_salth0.5","computer_vision","3","8.06"
"4947","062-W2021010-432_R2_10dpi","Jan26_23-15-35_2026_up0.95_dwn0.3_infg0.3_spth0.5_salth0.5","computer_vision","3","53.08"
"4948","062-W2021011-483_R2_10dpi","Jan26_23-15-35_2026_up0.95_dwn0.3_infg0.3_spth0.5_salth0.5","computer_vision","3","56.55"
"4949","063-W2021011-594_R1_10dpi","Jan26_23-15-35_2026_up0.95_dwn0.3_infg0.3_spth0.5_salth0.5","computer_vision","3","51.93"
"4950","068-W2021011-574_R2_10dpi","Jan26_23-15-35_2026_up0.95_dwn0.3_infg0.3_spth0.5_salth0.5","computer_vision","3","38.88"
"4951","069-W2021011-574_R1_10dpi","Jan26_23-15-35_2026_up0.95_dwn0.3_infg0.3_spth0.5_salth0.5","computer_vision","3","11.13"
"4952","071-W2021006-142_R1_10dpi","Jan26_23-15-35_2026_up0.95_dwn0.3_infg0.3_spth0.5_salth0.5","computer_vision","3","54.32"
"4953","080-W2021011-586_R2_10dpi","Jan26_23-15-35_2026_up0.95_dwn0.3_infg0.3_spth0.5_salth0.5","computer_vision","3","93.7"
"4954","088-W2021009-288_R2_10dpi","Jan26_23-15-35_2026_up0.95_dwn0.3_infg0.3_spth0.5_salth0.5","computer_vision","3","90.67"
"4955","091-W2021010-394_R2_10dpi","Jan26_23-15-35_2026_up0.95_dwn0.3_infg0.3_spth0.5_salth0.5","computer_vision","3","0.67"
"4956","092-W2021010-394_R1_10dpi","Jan26_23-15-35_2026_up0.95_dwn0.3_infg0.3_spth0.5_salth0.5","computer_vision","3","14.26"
"4957","095-W2021009-283_R1_10dpi","Jan26_23-15-35_2026_up0.95_dwn0.3_infg0.3_spth0.5_salth0.5","computer_vision","3","2.66"
"4958","097-W2021006-126_R2_10dpi","Jan26_23-15-35_2026_up0.95_dwn0.3_infg0.3_spth0.5_salth0.5","computer_vision","3","85.42"
"4959","097-W2021006-611_R1_10dpi","Jan26_23-15-35_2026_up0.95_dwn0.3_infg0.3_spth0.5_salth0.5","computer_vision","3","98.38"
"4960","098-W2021006-126_R1_10dpi","Jan26_23-15-35_2026_up0.95_dwn0.3_infg0.3_spth0.5_salth0.5","computer_vision","3","81.46"
"4961","099-W2021006-611_R2_10dpi","Jan26_23-15-35_2026_up0.95_dwn0.3_infg0.3_spth0.5_salth0.5","computer_vision","3","30.38"
"4962","102-W2021011-565_R2_10dpi","Jan26_23-15-35_2026_up0.95_dwn0.3_infg0.3_spth0.5_salth0.5","computer_vision","3","92.85"
"4963","103-W2021011-591_R2_10dpi","Jan26_23-15-35_2026_up0.95_dwn0.3_infg0.3_spth0.5_salth0.5","computer_vision","3","47.17"
"4964","105-W2021010-625_R1_10dpi","Jan26_23-15-35_2026_up0.95_dwn0.3_infg0.3_spth0.5_salth0.5","computer_vision","3","69.58"
"4965","106-21326M_R1_10dpi","Jan26_23-15-35_2026_up0.95_dwn0.3_infg0.3_spth0.5_salth0.5","computer_vision","3","38.44"
"4966","108-W2021011-550_R2_10dpi","Jan26_23-15-35_2026_up0.95_dwn0.3_infg0.3_spth0.5_salth0.5","computer_vision","3","12.24"
"4967","109-W2021006-102_R2_10dpi","Jan26_23-15-35_2026_up0.95_dwn0.3_infg0.3_spth0.5_salth0.5","computer_vision","3","94.62"
"4968","112-W2021006-046_R1_10dpi","Jan26_23-15-35_2026_up0.95_dwn0.3_infg0.3_spth0.5_salth0.5","computer_vision","3","1.21"
"4969","112-W2021011-554_R1_10dpi","Jan26_23-15-35_2026_up0.95_dwn0.3_infg0.3_spth0.5_salth0.5","computer_vision","3","12.48"
"4970","115-W2021011-638_R1_10dpi","Jan26_23-15-35_2026_up0.95_dwn0.3_infg0.3_spth0.5_salth0.5","computer_vision","3","53.9"
"4971","116-W2021011-504_R2_10dpi","Jan26_23-15-35_2026_up0.95_dwn0.3_infg0.3_spth0.5_salth0.5","computer_vision","3","0.96"
"4972","117-W2021011-504_R1_10dpi","Jan26_23-15-35_2026_up0.95_dwn0.3_infg0.3_spth0.5_salth0.5","computer_vision","3","1.9"
"4973","119-W2021009-171_R2_10dpi","Jan26_23-15-35_2026_up0.95_dwn0.3_infg0.3_spth0.5_salth0.5","computer_vision","3","30.15"
"4974","119-W2021009-299_R2_10dpi","Jan26_23-15-35_2026_up0.95_dwn0.3_infg0.3_spth0.5_salth0.5","computer_vision","3","69.89"
"4975","122-W2021009-267_R2_10dpi","Jan26_23-15-35_2026_up0.95_dwn0.3_infg0.3_spth0.5_salth0.5","computer_vision","3","2.31"
"4976","124-W2021009-278_R1_10dpi","Jan26_23-15-35_2026_up0.95_dwn0.3_infg0.3_spth0.5_salth0.5","computer_vision","3","43.12"
"4977","126-W2021009-278_R2_10dpi","Jan26_23-15-35_2026_up0.95_dwn0.3_infg0.3_spth0.5_salth0.5","computer_vision","3","43.15"
"4978","131-W2021009-252_R2_10dpi","Jan26_23-15-35_2026_up0.95_dwn0.3_infg0.3_spth0.5_salth0.5","computer_vision","3","6"
"4979","132-W2021009-252_R1_10dpi","Jan26_23-15-35_2026_up0.95_dwn0.3_infg0.3_spth0.5_salth0.5","computer_vision","3","0.76"
"4980","135-W2021011-581_R1_10dpi","Jan26_23-15-35_2026_up0.95_dwn0.3_infg0.3_spth0.5_salth0.5","computer_vision","3","41.01"
"4981","137-W2021006-128_R2_10dpi","Jan26_23-15-35_2026_up0.95_dwn0.3_infg0.3_spth0.5_salth0.5","computer_vision","3","91.48"
"4982","146-W2021006-613_R1_10dpi","Jan26_23-15-35_2026_up0.95_dwn0.3_infg0.3_spth0.5_salth0.5","computer_vision","3","73.52"
"4983","149-W2021011-462_R1_10dpi","Jan26_23-15-35_2026_up0.95_dwn0.3_infg0.3_spth0.5_salth0.5","computer_vision","3","82.56"
"4984","151-W2021011-479_R2_10dpi","Jan26_23-15-35_2026_up0.95_dwn0.3_infg0.3_spth0.5_salth0.5","computer_vision","3","97.27"
"4985","152-W2021010-301_R2_10dpi","Jan26_23-15-35_2026_up0.95_dwn0.3_infg0.3_spth0.5_salth0.5","computer_vision","3","0.68"
"4986","152-W2021011-479_R1_10dpi","Jan26_23-15-35_2026_up0.95_dwn0.3_infg0.3_spth0.5_salth0.5","computer_vision","3","41.16"
"4987","154-W2021010-419_R2_10dpi","Jan26_23-15-35_2026_up0.95_dwn0.3_infg0.3_spth0.5_salth0.5","computer_vision","3","0.48"
"4988","162-W2021011-551_R2_10dpi","Jan26_23-15-35_2026_up0.95_dwn0.3_infg0.3_spth0.5_salth0.5","computer_vision","3","82.58"
"4989","166-W2021006-123_R1_10dpi","Jan26_23-15-35_2026_up0.95_dwn0.3_infg0.3_spth0.5_salth0.5","computer_vision","3","0.65"
"4990","166-W2021006-146_R1_10dpi","Jan26_23-15-35_2026_up0.95_dwn0.3_infg0.3_spth0.5_salth0.5","computer_vision","3","52.85"
"4991","166-W2021006-146_R2_10dpi","Jan26_23-15-35_2026_up0.95_dwn0.3_infg0.3_spth0.5_salth0.5","computer_vision","3","12.7"
"4992","171-W2021011-584_R1_10dpi","Jan26_23-15-35_2026_up0.95_dwn0.3_infg0.3_spth0.5_salth0.5","computer_vision","3","65.72"
"4993","171-W2021011-584_R2_10dpi","Jan26_23-15-35_2026_up0.95_dwn0.3_infg0.3_spth0.5_salth0.5","computer_vision","3","99.02"
"4994","172-W2021009-156_R2_10dpi","Jan26_23-15-35_2026_up0.95_dwn0.3_infg0.3_spth0.5_salth0.5","computer_vision","3","3.96"
"4995","176-W2021009-256_R2_10dpi","Jan26_23-15-35_2026_up0.95_dwn0.3_infg0.3_spth0.5_salth0.5","computer_vision","3","2.04"
"4996","177-W2021009-194_R2_10dpi","Jan26_23-15-35_2026_up0.95_dwn0.3_infg0.3_spth0.5_salth0.5","computer_vision","3","84.49"
"4997","177-W2021009-256_R1_10dpi","Jan26_23-15-35_2026_up0.95_dwn0.3_infg0.3_spth0.5_salth0.5","computer_vision","3","4.13"
"4998","181-W2021009-251_R2_10dpi","Jan26_23-15-35_2026_up0.95_dwn0.3_infg0.3_spth0.5_salth0.5","computer_vision","3","6.65"
"4999","181-W2021009-295_R2_10dpi","Jan26_23-15-35_2026_up0.95_dwn0.3_infg0.3_spth0.5_salth0.5","computer_vision","3","22.78"
"5000","182-W2021009-251_R1_10dpi","Jan26_23-15-35_2026_up0.95_dwn0.3_infg0.3_spth0.5_salth0.5","computer_vision","3","4.83"
"5001","184-W2021009-199_R1_10dpi","Jan26_23-15-35_2026_up0.95_dwn0.3_infg0.3_spth0.5_salth0.5","computer_vision","3","26.77"
"5002","189-W2021009-257_R2_10dpi","Jan26_23-15-35_2026_up0.95_dwn0.3_infg0.3_spth0.5_salth0.5","computer_vision","3","100"
"5003","190-W2021010-449_R1_10dpi","Jan26_23-15-35_2026_up0.95_dwn0.3_infg0.3_spth0.5_salth0.5","computer_vision","3","30.7"
"5004","192-W2021010-449_R2_10dpi","Jan26_23-15-35_2026_up0.95_dwn0.3_infg0.3_spth0.5_salth0.5","computer_vision","3","65.72"
"5005","193-W2021010-415_R1_10dpi","Jan26_23-15-35_2026_up0.95_dwn0.3_infg0.3_spth0.5_salth0.5","computer_vision","3","2.42"
"5006","194-W2021010-339_R2_10dpi","Jan26_23-15-35_2026_up0.95_dwn0.3_infg0.3_spth0.5_salth0.5","computer_vision","3","1.42"
"5007","206-W2021009-271_R2_10dpi","Jan26_23-15-35_2026_up0.95_dwn0.3_infg0.3_spth0.5_salth0.5","computer_vision","3","80.12"
"5008","207-W2021009-271_R1_10dpi","Jan26_23-15-35_2026_up0.95_dwn0.3_infg0.3_spth0.5_salth0.5","computer_vision","3","36.62"
"5009","207-W2021009-287_R1_10dpi","Jan26_23-15-35_2026_up0.95_dwn0.3_infg0.3_spth0.5_salth0.5","computer_vision","3","7.07"
"5010","209-W2021010-439_R2_10dpi","Jan26_23-15-35_2026_up0.95_dwn0.3_infg0.3_spth0.5_salth0.5","computer_vision","3","54.17"
"5011","214-W2021006-045_R2_10dpi","Jan26_23-15-35_2026_up0.95_dwn0.3_infg0.3_spth0.5_salth0.5","computer_vision","3","25.82"
"5012","215-W2021006-045_R1_10dpi","Jan26_23-15-35_2026_up0.95_dwn0.3_infg0.3_spth0.5_salth0.5","computer_vision","3","74.52"
"5013","225-W2021010-327_R2_10dpi","Jan26_23-15-35_2026_up0.95_dwn0.3_infg0.3_spth0.5_salth0.5","computer_vision","3","61.34"
"5014","226-W2021009-177_R1_10dpi","Jan26_23-15-35_2026_up0.95_dwn0.3_infg0.3_spth0.5_salth0.5","computer_vision","3","6.86"
"5015","233-W2021006-607_R1_10dpi","Jan26_23-15-35_2026_up0.95_dwn0.3_infg0.3_spth0.5_salth0.5","computer_vision","3","11.43"
"5016","238-W2021009-192_R1_10dpi","Jan26_23-15-35_2026_up0.95_dwn0.3_infg0.3_spth0.5_salth0.5","computer_vision","3","79.15"
"5017","242-W2021006-132_R2_10dpi","Jan26_23-15-35_2026_up0.95_dwn0.3_infg0.3_spth0.5_salth0.5","computer_vision","3","99.14"
"5018","262-W2021009-187_R2_10dpi","Jan26_23-15-35_2026_up0.95_dwn0.3_infg0.3_spth0.5_salth0.5","computer_vision","3","74.6"
"5019","264-W2021009-187_R1_10dpi","Jan26_23-15-35_2026_up0.95_dwn0.3_infg0.3_spth0.5_salth0.5","computer_vision","3","24.23"
"5020","285-W2021006-040_R2_10dpi","Jan26_23-15-35_2026_up0.95_dwn0.3_infg0.3_spth0.5_salth0.5","computer_vision","3","30.02"
"5021","293-W2021006-054_R1_10dpi","Jan26_23-15-35_2026_up0.95_dwn0.3_infg0.3_spth0.5_salth0.5","computer_vision","3","45.02"
"5022","311-W2021010-326_R2_10dpi","Jan26_23-15-35_2026_up0.95_dwn0.3_infg0.3_spth0.5_salth0.5","computer_vision","3","0.16"
"5023","004-NUGGET_R2_10dpi","Jan26_23-15-35_2026_up0.95_dwn0.3_infg0.3_spth0.5_salth0.7","computer_vision","3","39.52"
"5024","037-W2021009-277_R1_10dpi","Jan26_23-15-35_2026_up0.95_dwn0.3_infg0.3_spth0.5_salth0.7","computer_vision","3","91.54"
"5025","051-W2021011-583_R1_10dpi","Jan26_23-15-35_2026_up0.95_dwn0.3_infg0.3_spth0.5_salth0.7","computer_vision","3","87.41"
"5026","206-W2021009-271_R2_10dpi","Jan26_23-15-35_2026_up0.95_dwn0.3_infg0.3_spth0.5_salth0.7","computer_vision","3","82.17"
"5027","001-W2021006-099_R2_10dpi","Jan26_23-15-35_2026_up0.95_dwn0.3_infg0.3_spth0.5_salth0.7","computer_vision","3","2.2"
"5028","003-W2021006-150_R1_10dpi","Jan26_23-15-35_2026_up0.95_dwn0.3_infg0.3_spth0.5_salth0.7","computer_vision","3","0.65"
"5029","004-NUGGET_R2_10dpi","Jan26_23-15-35_2026_up0.95_dwn0.3_infg0.3_spth0.5_salth0.7","computer_vision","3","39.52"
"5030","012-W2021011-458_R2_10dpi","Jan26_23-15-35_2026_up0.95_dwn0.3_infg0.3_spth0.5_salth0.7","computer_vision","3","0.15"
"5031","013-W2021009-172_R1_10dpi","Jan26_23-15-35_2026_up0.95_dwn0.3_infg0.3_spth0.5_salth0.7","computer_vision","3","2.12"
"5032","013-W2021011-633_R2_10dpi","Jan26_23-15-35_2026_up0.95_dwn0.3_infg0.3_spth0.5_salth0.7","computer_vision","3","26.79"
"5033","015-W2021010-355_R2_10dpi","Jan26_23-15-35_2026_up0.95_dwn0.3_infg0.3_spth0.5_salth0.7","computer_vision","3","3.44"
"5034","017-W2021010-405_R2_10dpi","Jan26_23-15-35_2026_up0.95_dwn0.3_infg0.3_spth0.5_salth0.7","computer_vision","3","0.44"
"5035","018-W2021010-405_R1_10dpi","Jan26_23-15-35_2026_up0.95_dwn0.3_infg0.3_spth0.5_salth0.7","computer_vision","3","3.6"
"5036","018-W2021010-405_R2_10dpi","Jan26_23-15-35_2026_up0.95_dwn0.3_infg0.3_spth0.5_salth0.7","computer_vision","3","0.15"
"5037","025-W2021009-622_R1_10dpi","Jan26_23-15-35_2026_up0.95_dwn0.3_infg0.3_spth0.5_salth0.7","computer_vision","3","87.12"
"5038","026-W2021010-346_R2_10dpi","Jan26_23-15-35_2026_up0.95_dwn0.3_infg0.3_spth0.5_salth0.7","computer_vision","3","0"
"5039","027-W2021009-622_R2_10dpi","Jan26_23-15-35_2026_up0.95_dwn0.3_infg0.3_spth0.5_salth0.7","computer_vision","3","64.86"
"5040","028-W2021010-354_R2_10dpi","Jan26_23-15-35_2026_up0.95_dwn0.3_infg0.3_spth0.5_salth0.7","computer_vision","3","23.92"
"5041","029-W2021010-354_R1_10dpi","Jan26_23-15-35_2026_up0.95_dwn0.3_infg0.3_spth0.5_salth0.7","computer_vision","3","71.57"
"5042","037-W2021009-198_R2_10dpi","Jan26_23-15-35_2026_up0.95_dwn0.3_infg0.3_spth0.5_salth0.7","computer_vision","3","0.16"
"5043","037-W2021009-277_R1_10dpi","Jan26_23-15-35_2026_up0.95_dwn0.3_infg0.3_spth0.5_salth0.7","computer_vision","3","91.54"
"5044","042-W2021006-015_R1_10dpi","Jan26_23-15-35_2026_up0.95_dwn0.3_infg0.3_spth0.5_salth0.7","computer_vision","3","26"
"5045","046-W2021009-208_R2_10dpi","Jan26_23-15-35_2026_up0.95_dwn0.3_infg0.3_spth0.5_salth0.7","computer_vision","3","3.65"
"5046","049-W2021011-583_R1_10dpi","Jan26_23-15-35_2026_up0.95_dwn0.3_infg0.3_spth0.5_salth0.7","computer_vision","3","33.02"
"5047","051-W2021010-443_R1_10dpi","Jan26_23-15-35_2026_up0.95_dwn0.3_infg0.3_spth0.5_salth0.7","computer_vision","3","0.28"
"5048","051-W2021011-583_R1_10dpi","Jan26_23-15-35_2026_up0.95_dwn0.3_infg0.3_spth0.5_salth0.7","computer_vision","3","87.41"
"5049","051-W2021011-583_R2_10dpi","Jan26_23-15-35_2026_up0.95_dwn0.3_infg0.3_spth0.5_salth0.7","computer_vision","3","33.93"
"5050","057-W2021011-504_R2_10dpi","Jan26_23-15-35_2026_up0.95_dwn0.3_infg0.3_spth0.5_salth0.7","computer_vision","3","2.07"
"5051","061-W2021011-483_R1_10dpi","Jan26_23-15-35_2026_up0.95_dwn0.3_infg0.3_spth0.5_salth0.7","computer_vision","3","11.56"
"5052","062-W2021010-432_R2_10dpi","Jan26_23-15-35_2026_up0.95_dwn0.3_infg0.3_spth0.5_salth0.7","computer_vision","3","53.66"
"5053","062-W2021011-483_R2_10dpi","Jan26_23-15-35_2026_up0.95_dwn0.3_infg0.3_spth0.5_salth0.7","computer_vision","3","57.32"
"5054","063-W2021011-594_R1_10dpi","Jan26_23-15-35_2026_up0.95_dwn0.3_infg0.3_spth0.5_salth0.7","computer_vision","3","55.85"
"5055","068-W2021011-574_R2_10dpi","Jan26_23-15-35_2026_up0.95_dwn0.3_infg0.3_spth0.5_salth0.7","computer_vision","3","40.59"
"5056","069-W2021011-574_R1_10dpi","Jan26_23-15-35_2026_up0.95_dwn0.3_infg0.3_spth0.5_salth0.7","computer_vision","3","12.05"
"5057","071-W2021006-142_R1_10dpi","Jan26_23-15-35_2026_up0.95_dwn0.3_infg0.3_spth0.5_salth0.7","computer_vision","3","52.4"
"5058","080-W2021011-586_R2_10dpi","Jan26_23-15-35_2026_up0.95_dwn0.3_infg0.3_spth0.5_salth0.7","computer_vision","3","94.35"
"5059","088-W2021009-288_R2_10dpi","Jan26_23-15-35_2026_up0.95_dwn0.3_infg0.3_spth0.5_salth0.7","computer_vision","3","90.85"
"5060","091-W2021010-394_R2_10dpi","Jan26_23-15-35_2026_up0.95_dwn0.3_infg0.3_spth0.5_salth0.7","computer_vision","3","1.38"
"5061","092-W2021010-394_R1_10dpi","Jan26_23-15-35_2026_up0.95_dwn0.3_infg0.3_spth0.5_salth0.7","computer_vision","3","22.99"
"5062","095-W2021009-283_R1_10dpi","Jan26_23-15-35_2026_up0.95_dwn0.3_infg0.3_spth0.5_salth0.7","computer_vision","3","3.36"
"5063","097-W2021006-126_R2_10dpi","Jan26_23-15-35_2026_up0.95_dwn0.3_infg0.3_spth0.5_salth0.7","computer_vision","3","86.48"
"5064","097-W2021006-611_R1_10dpi","Jan26_23-15-35_2026_up0.95_dwn0.3_infg0.3_spth0.5_salth0.7","computer_vision","3","99.82"
"5065","098-W2021006-126_R1_10dpi","Jan26_23-15-35_2026_up0.95_dwn0.3_infg0.3_spth0.5_salth0.7","computer_vision","3","82.89"
"5066","099-W2021006-611_R2_10dpi","Jan26_23-15-35_2026_up0.95_dwn0.3_infg0.3_spth0.5_salth0.7","computer_vision","3","33.28"
"5067","102-W2021011-565_R2_10dpi","Jan26_23-15-35_2026_up0.95_dwn0.3_infg0.3_spth0.5_salth0.7","computer_vision","3","93.88"
"5068","103-W2021011-591_R2_10dpi","Jan26_23-15-35_2026_up0.95_dwn0.3_infg0.3_spth0.5_salth0.7","computer_vision","3","50.78"
"5069","105-W2021010-625_R1_10dpi","Jan26_23-15-35_2026_up0.95_dwn0.3_infg0.3_spth0.5_salth0.7","computer_vision","3","71.5"
"5070","106-21326M_R1_10dpi","Jan26_23-15-35_2026_up0.95_dwn0.3_infg0.3_spth0.5_salth0.7","computer_vision","3","41.9"
"5071","108-W2021011-550_R2_10dpi","Jan26_23-15-35_2026_up0.95_dwn0.3_infg0.3_spth0.5_salth0.7","computer_vision","3","13.6"
"5072","109-W2021006-102_R2_10dpi","Jan26_23-15-35_2026_up0.95_dwn0.3_infg0.3_spth0.5_salth0.7","computer_vision","3","95.6"
"5073","112-W2021006-046_R1_10dpi","Jan26_23-15-35_2026_up0.95_dwn0.3_infg0.3_spth0.5_salth0.7","computer_vision","3","0.76"
"5074","112-W2021011-554_R1_10dpi","Jan26_23-15-35_2026_up0.95_dwn0.3_infg0.3_spth0.5_salth0.7","computer_vision","3","13.11"
"5075","115-W2021011-638_R1_10dpi","Jan26_23-15-35_2026_up0.95_dwn0.3_infg0.3_spth0.5_salth0.7","computer_vision","3","61.68"
"5076","116-W2021011-504_R2_10dpi","Jan26_23-15-35_2026_up0.95_dwn0.3_infg0.3_spth0.5_salth0.7","computer_vision","3","3.14"
"5077","117-W2021011-504_R1_10dpi","Jan26_23-15-35_2026_up0.95_dwn0.3_infg0.3_spth0.5_salth0.7","computer_vision","3","2.07"
"5078","119-W2021009-171_R2_10dpi","Jan26_23-15-35_2026_up0.95_dwn0.3_infg0.3_spth0.5_salth0.7","computer_vision","3","38.73"
"5079","119-W2021009-299_R2_10dpi","Jan26_23-15-35_2026_up0.95_dwn0.3_infg0.3_spth0.5_salth0.7","computer_vision","3","75.04"
"5080","122-W2021009-267_R2_10dpi","Jan26_23-15-35_2026_up0.95_dwn0.3_infg0.3_spth0.5_salth0.7","computer_vision","3","1.75"
"5081","124-W2021009-278_R1_10dpi","Jan26_23-15-35_2026_up0.95_dwn0.3_infg0.3_spth0.5_salth0.7","computer_vision","3","46.43"
"5082","126-W2021009-278_R2_10dpi","Jan26_23-15-35_2026_up0.95_dwn0.3_infg0.3_spth0.5_salth0.7","computer_vision","3","45.22"
"5083","131-W2021009-252_R2_10dpi","Jan26_23-15-35_2026_up0.95_dwn0.3_infg0.3_spth0.5_salth0.7","computer_vision","3","5.53"
"5084","132-W2021009-252_R1_10dpi","Jan26_23-15-35_2026_up0.95_dwn0.3_infg0.3_spth0.5_salth0.7","computer_vision","3","0.92"
"5085","135-W2021011-581_R1_10dpi","Jan26_23-15-35_2026_up0.95_dwn0.3_infg0.3_spth0.5_salth0.7","computer_vision","3","46.91"
"5086","137-W2021006-128_R2_10dpi","Jan26_23-15-35_2026_up0.95_dwn0.3_infg0.3_spth0.5_salth0.7","computer_vision","3","93.29"
"5087","146-W2021006-613_R1_10dpi","Jan26_23-15-35_2026_up0.95_dwn0.3_infg0.3_spth0.5_salth0.7","computer_vision","3","78.72"
"5088","149-W2021011-462_R1_10dpi","Jan26_23-15-35_2026_up0.95_dwn0.3_infg0.3_spth0.5_salth0.7","computer_vision","3","87.26"
"5089","151-W2021011-479_R2_10dpi","Jan26_23-15-35_2026_up0.95_dwn0.3_infg0.3_spth0.5_salth0.7","computer_vision","3","99.05"
"5090","152-W2021010-301_R2_10dpi","Jan26_23-15-35_2026_up0.95_dwn0.3_infg0.3_spth0.5_salth0.7","computer_vision","3","1.61"
"5091","152-W2021011-479_R1_10dpi","Jan26_23-15-35_2026_up0.95_dwn0.3_infg0.3_spth0.5_salth0.7","computer_vision","3","42.95"
"5092","154-W2021010-419_R2_10dpi","Jan26_23-15-35_2026_up0.95_dwn0.3_infg0.3_spth0.5_salth0.7","computer_vision","3","0.49"
"5093","162-W2021011-551_R2_10dpi","Jan26_23-15-35_2026_up0.95_dwn0.3_infg0.3_spth0.5_salth0.7","computer_vision","3","82.82"
"5094","166-W2021006-123_R1_10dpi","Jan26_23-15-35_2026_up0.95_dwn0.3_infg0.3_spth0.5_salth0.7","computer_vision","3","0"
"5095","166-W2021006-146_R1_10dpi","Jan26_23-15-35_2026_up0.95_dwn0.3_infg0.3_spth0.5_salth0.7","computer_vision","3","55.93"
"5096","166-W2021006-146_R2_10dpi","Jan26_23-15-35_2026_up0.95_dwn0.3_infg0.3_spth0.5_salth0.7","computer_vision","3","14.11"
"5097","171-W2021011-584_R1_10dpi","Jan26_23-15-35_2026_up0.95_dwn0.3_infg0.3_spth0.5_salth0.7","computer_vision","3","67.06"
"5098","171-W2021011-584_R2_10dpi","Jan26_23-15-35_2026_up0.95_dwn0.3_infg0.3_spth0.5_salth0.7","computer_vision","3","99.58"
"5099","172-W2021009-156_R2_10dpi","Jan26_23-15-35_2026_up0.95_dwn0.3_infg0.3_spth0.5_salth0.7","computer_vision","3","5.05"
"5100","176-W2021009-256_R2_10dpi","Jan26_23-15-35_2026_up0.95_dwn0.3_infg0.3_spth0.5_salth0.7","computer_vision","3","3.54"
"5101","177-W2021009-194_R2_10dpi","Jan26_23-15-35_2026_up0.95_dwn0.3_infg0.3_spth0.5_salth0.7","computer_vision","3","89.4"
"5102","177-W2021009-256_R1_10dpi","Jan26_23-15-35_2026_up0.95_dwn0.3_infg0.3_spth0.5_salth0.7","computer_vision","3","4.31"
"5103","181-W2021009-251_R2_10dpi","Jan26_23-15-35_2026_up0.95_dwn0.3_infg0.3_spth0.5_salth0.7","computer_vision","3","7.47"
"5104","181-W2021009-295_R2_10dpi","Jan26_23-15-35_2026_up0.95_dwn0.3_infg0.3_spth0.5_salth0.7","computer_vision","3","25.88"
"5105","182-W2021009-251_R1_10dpi","Jan26_23-15-35_2026_up0.95_dwn0.3_infg0.3_spth0.5_salth0.7","computer_vision","3","6.37"
"5106","184-W2021009-199_R1_10dpi","Jan26_23-15-35_2026_up0.95_dwn0.3_infg0.3_spth0.5_salth0.7","computer_vision","3","29.56"
"5107","189-W2021009-257_R2_10dpi","Jan26_23-15-35_2026_up0.95_dwn0.3_infg0.3_spth0.5_salth0.7","computer_vision","3","100"
"5108","190-W2021010-449_R1_10dpi","Jan26_23-15-35_2026_up0.95_dwn0.3_infg0.3_spth0.5_salth0.7","computer_vision","3","40.23"
"5109","192-W2021010-449_R2_10dpi","Jan26_23-15-35_2026_up0.95_dwn0.3_infg0.3_spth0.5_salth0.7","computer_vision","3","66.19"
"5110","193-W2021010-415_R1_10dpi","Jan26_23-15-35_2026_up0.95_dwn0.3_infg0.3_spth0.5_salth0.7","computer_vision","3","2.91"
"5111","194-W2021010-339_R2_10dpi","Jan26_23-15-35_2026_up0.95_dwn0.3_infg0.3_spth0.5_salth0.7","computer_vision","3","2.5"
"5112","206-W2021009-271_R2_10dpi","Jan26_23-15-35_2026_up0.95_dwn0.3_infg0.3_spth0.5_salth0.7","computer_vision","3","82.17"
"5113","207-W2021009-271_R1_10dpi","Jan26_23-15-35_2026_up0.95_dwn0.3_infg0.3_spth0.5_salth0.7","computer_vision","3","37.88"
"5114","207-W2021009-287_R1_10dpi","Jan26_23-15-35_2026_up0.95_dwn0.3_infg0.3_spth0.5_salth0.7","computer_vision","3","8.05"
"5115","209-W2021010-439_R2_10dpi","Jan26_23-15-35_2026_up0.95_dwn0.3_infg0.3_spth0.5_salth0.7","computer_vision","3","57"
"5116","214-W2021006-045_R2_10dpi","Jan26_23-15-35_2026_up0.95_dwn0.3_infg0.3_spth0.5_salth0.7","computer_vision","3","28.71"
"5117","215-W2021006-045_R1_10dpi","Jan26_23-15-35_2026_up0.95_dwn0.3_infg0.3_spth0.5_salth0.7","computer_vision","3","77.45"
"5118","225-W2021010-327_R2_10dpi","Jan26_23-15-35_2026_up0.95_dwn0.3_infg0.3_spth0.5_salth0.7","computer_vision","3","75.57"
"5119","226-W2021009-177_R1_10dpi","Jan26_23-15-35_2026_up0.95_dwn0.3_infg0.3_spth0.5_salth0.7","computer_vision","3","8.79"
"5120","233-W2021006-607_R1_10dpi","Jan26_23-15-35_2026_up0.95_dwn0.3_infg0.3_spth0.5_salth0.7","computer_vision","3","13.38"
"5121","238-W2021009-192_R1_10dpi","Jan26_23-15-35_2026_up0.95_dwn0.3_infg0.3_spth0.5_salth0.7","computer_vision","3","79.54"
"5122","242-W2021006-132_R2_10dpi","Jan26_23-15-35_2026_up0.95_dwn0.3_infg0.3_spth0.5_salth0.7","computer_vision","3","99.28"
"5123","262-W2021009-187_R2_10dpi","Jan26_23-15-35_2026_up0.95_dwn0.3_infg0.3_spth0.5_salth0.7","computer_vision","3","76.69"
"5124","264-W2021009-187_R1_10dpi","Jan26_23-15-35_2026_up0.95_dwn0.3_infg0.3_spth0.5_salth0.7","computer_vision","3","26.83"
"5125","285-W2021006-040_R2_10dpi","Jan26_23-15-35_2026_up0.95_dwn0.3_infg0.3_spth0.5_salth0.7","computer_vision","3","33.63"
"5126","293-W2021006-054_R1_10dpi","Jan26_23-15-35_2026_up0.95_dwn0.3_infg0.3_spth0.5_salth0.7","computer_vision","3","52.97"
"5127","311-W2021010-326_R2_10dpi","Jan26_23-15-35_2026_up0.95_dwn0.3_infg0.3_spth0.5_salth0.7","computer_vision","3","0.33"
"5128","002-W2021006-081_R1_5dpi","Jan26_23-15-35_2026_up0.95_dwn0.3_infg0.3_spth0.5_salth0.7","computer_vision","3","0.46"
"5129","002-W2021010-336_R2_5dpi","Jan26_23-15-35_2026_up0.95_dwn0.3_infg0.3_spth0.5_salth0.7","computer_vision","3","2.38"
"5130","005-W2021011-592_R2_5dpi","Jan26_23-15-35_2026_up0.95_dwn0.3_infg0.3_spth0.5_salth0.7","computer_vision","3","0.56"
"5131","009-W2021010-311_R2_5dpi","Jan26_23-15-35_2026_up0.95_dwn0.3_infg0.3_spth0.5_salth0.7","computer_vision","3","22.93"
"5132","010-W2021010-347_R2_5dpi","Jan26_23-15-35_2026_up0.95_dwn0.3_infg0.3_spth0.5_salth0.7","computer_vision","3","22.51"
"5133","013-W2021009-172_R2_5dpi","Jan26_23-15-35_2026_up0.95_dwn0.3_infg0.3_spth0.5_salth0.7","computer_vision","3","0.15"
"5134","015-W2021009-160_R1_5dpi","Jan26_23-15-35_2026_up0.95_dwn0.3_infg0.3_spth0.5_salth0.7","computer_vision","3","20.04"
"5135","015-W2021011-633_R1_5dpi","Jan26_23-15-35_2026_up0.95_dwn0.3_infg0.3_spth0.5_salth0.7","computer_vision","3","14.08"
"5136","017-W2021006-612_R2_5dpi","Jan26_23-15-35_2026_up0.95_dwn0.3_infg0.3_spth0.5_salth0.7","computer_vision","3","28.87"
"5137","019-W2021010-428_R2_5dpi","Jan26_23-15-35_2026_up0.95_dwn0.3_infg0.3_spth0.5_salth0.7","computer_vision","3","0"
"5138","021-W2021009-175_R1_5dpi","Jan26_23-15-35_2026_up0.95_dwn0.3_infg0.3_spth0.5_salth0.7","computer_vision","3","1.3"
"5139","022-W2021009-198_R2_5dpi","Jan26_23-15-35_2026_up0.95_dwn0.3_infg0.3_spth0.5_salth0.7","computer_vision","3","6.6"
"5140","023-W2021006-049_R1_5dpi","Jan26_23-15-35_2026_up0.95_dwn0.3_infg0.3_spth0.5_salth0.7","computer_vision","3","16.97"
"5141","023-W2021010-305_R2_5dpi","Jan26_23-15-35_2026_up0.95_dwn0.3_infg0.3_spth0.5_salth0.7","computer_vision","3","5.71"
"5142","026-W2021009-622_R2_5dpi","Jan26_23-15-35_2026_up0.95_dwn0.3_infg0.3_spth0.5_salth0.7","computer_vision","3","18.93"
"5143","032-W2021006-041_R2_5dpi","Jan26_23-15-35_2026_up0.95_dwn0.3_infg0.3_spth0.5_salth0.7","computer_vision","3","6.7"
"5144","032-W2021009-155_R1_5dpi","Jan26_23-15-35_2026_up0.95_dwn0.3_infg0.3_spth0.5_salth0.7","computer_vision","3","85.3"
"5145","036-W2021006-047_R2_5dpi","Jan26_23-15-35_2026_up0.95_dwn0.3_infg0.3_spth0.5_salth0.7","computer_vision","3","0.45"
"5146","040-W2021009-207_R1_5dpi","Jan26_23-15-35_2026_up0.95_dwn0.3_infg0.3_spth0.5_salth0.7","computer_vision","3","18.44"
"5147","042-W2021010-429_R1_5dpi","Jan26_23-15-35_2026_up0.95_dwn0.3_infg0.3_spth0.5_salth0.7","computer_vision","3","45.47"
"5148","044-W2021009-169_R2_5dpi","Jan26_23-15-35_2026_up0.95_dwn0.3_infg0.3_spth0.5_salth0.7","computer_vision","3","0.15"
"5149","044-W2021009-618_R1_5dpi","Jan26_23-15-35_2026_up0.95_dwn0.3_infg0.3_spth0.5_salth0.7","computer_vision","3","14.35"
"5150","047-W2021011-482_R1_5dpi","Jan26_23-15-35_2026_up0.95_dwn0.3_infg0.3_spth0.5_salth0.7","computer_vision","3","31.62"
"5151","048-W2021006-147_R1_5dpi","Jan26_23-15-35_2026_up0.95_dwn0.3_infg0.3_spth0.5_salth0.7","computer_vision","3","4.02"
"5152","052-W2021006-004_R2_5dpi","Jan26_23-15-35_2026_up0.95_dwn0.3_infg0.3_spth0.5_salth0.7","computer_vision","3","0"
"5153","055-W2021010-341_R2_5dpi","Jan26_23-15-35_2026_up0.95_dwn0.3_infg0.3_spth0.5_salth0.7","computer_vision","3","1.09"
"5154","055-W2021010-397_R2_5dpi","Jan26_23-15-35_2026_up0.95_dwn0.3_infg0.3_spth0.5_salth0.7","computer_vision","3","4.97"
"5155","056-W2021006-609_R1_5dpi","Jan26_23-15-35_2026_up0.95_dwn0.3_infg0.3_spth0.5_salth0.7","computer_vision","3","9.31"
"5156","059-W2021010-434_R1_5dpi","Jan26_23-15-35_2026_up0.95_dwn0.3_infg0.3_spth0.5_salth0.7","computer_vision","3","0.58"
"5157","060-W2021010-324_R2_5dpi","Jan26_23-15-35_2026_up0.95_dwn0.3_infg0.3_spth0.5_salth0.7","computer_vision","3","0.3"
"5158","061-W2021011-483_R1_5dpi","Jan26_23-15-35_2026_up0.95_dwn0.3_infg0.3_spth0.5_salth0.7","computer_vision","3","3.19"
"5159","070-W2021011-486_R2_5dpi","Jan26_23-15-35_2026_up0.95_dwn0.3_infg0.3_spth0.5_salth0.7","computer_vision","3","35.5"
"5160","071-W2021010-323_R1_5dpi","Jan26_23-15-35_2026_up0.95_dwn0.3_infg0.3_spth0.5_salth0.7","computer_vision","3","61.58"
"5161","077-W2021010-351_R2_5dpi","Jan26_23-15-35_2026_up0.95_dwn0.3_infg0.3_spth0.5_salth0.7","computer_vision","3","0.16"
"5162","084-W2021010-319_R1_5dpi","Jan26_23-15-35_2026_up0.95_dwn0.3_infg0.3_spth0.5_salth0.7","computer_vision","3","1.71"
"5163","085-W2021010-630_R1_5dpi","Jan26_23-15-35_2026_up0.95_dwn0.3_infg0.3_spth0.5_salth0.7","computer_vision","3","0"
"5164","091-W2021006-056_R2_5dpi","Jan26_23-15-35_2026_up0.95_dwn0.3_infg0.3_spth0.5_salth0.7","computer_vision","3","1.12"
"5165","094-W2021010-315_R2_5dpi","Jan26_23-15-35_2026_up0.95_dwn0.3_infg0.3_spth0.5_salth0.7","computer_vision","3","0.15"
"5166","095-W2021011-553_R2_5dpi","Jan26_23-15-35_2026_up0.95_dwn0.3_infg0.3_spth0.5_salth0.7","computer_vision","3","0.67"
"5167","097-W2021006-617_R2_5dpi","Jan26_23-15-35_2026_up0.95_dwn0.3_infg0.3_spth0.5_salth0.7","computer_vision","3","20.81"
"5168","097-W2021009-163_R1_5dpi","Jan26_23-15-35_2026_up0.95_dwn0.3_infg0.3_spth0.5_salth0.7","computer_vision","3","55.71"
"5169","099-W2021006-611_R2_5dpi","Jan26_23-15-35_2026_up0.95_dwn0.3_infg0.3_spth0.5_salth0.7","computer_vision","3","20.24"
"5170","101-W2021011-565_R1_5dpi","Jan26_23-15-35_2026_up0.95_dwn0.3_infg0.3_spth0.5_salth0.7","computer_vision","3","76.26"
"5171","105-W2021011-558_R1_5dpi","Jan26_23-15-35_2026_up0.95_dwn0.3_infg0.3_spth0.5_salth0.7","computer_vision","3","0.16"
"5172","110-W2021011-454_R2_5dpi","Jan26_23-15-35_2026_up0.95_dwn0.3_infg0.3_spth0.5_salth0.7","computer_vision","3","7.6"
"5173","111-W2021011-588_R2_5dpi","Jan26_23-15-35_2026_up0.95_dwn0.3_infg0.3_spth0.5_salth0.7","computer_vision","3","4.14"
"5174","121-W2021009-185_R1_5dpi","Jan26_23-15-35_2026_up0.95_dwn0.3_infg0.3_spth0.5_salth0.7","computer_vision","3","1.01"
"5175","123-W2021009-255_R2_5dpi","Jan26_23-15-35_2026_up0.95_dwn0.3_infg0.3_spth0.5_salth0.7","computer_vision","3","4.78"
"5176","123-W2021009-621_R2_5dpi","Jan26_23-15-35_2026_up0.95_dwn0.3_infg0.3_spth0.5_salth0.7","computer_vision","3","4.88"
"5177","127-W2021006-143_R2_5dpi","Jan26_23-15-35_2026_up0.95_dwn0.3_infg0.3_spth0.5_salth0.7","computer_vision","3","0.46"
"5178","127-W2021009-292_R2_5dpi","Jan26_23-15-35_2026_up0.95_dwn0.3_infg0.3_spth0.5_salth0.7","computer_vision","3","78.31"
"5179","128-W2021006-013_R1_5dpi","Jan26_23-15-35_2026_up0.95_dwn0.3_infg0.3_spth0.5_salth0.7","computer_vision","3","66.96"
"5180","129-W2021006-119_R2_5dpi","Jan26_23-15-35_2026_up0.95_dwn0.3_infg0.3_spth0.5_salth0.7","computer_vision","3","6.11"
"5181","132-W2021010-399_R1_5dpi","Jan26_23-15-35_2026_up0.95_dwn0.3_infg0.3_spth0.5_salth0.7","computer_vision","3","0.16"
"5182","132-W2021011-644_R2_5dpi","Jan26_23-15-35_2026_up0.95_dwn0.3_infg0.3_spth0.5_salth0.7","computer_vision","3","10.01"
"5183","134-W2021006-001_R1_5dpi","Jan26_23-15-35_2026_up0.95_dwn0.3_infg0.3_spth0.5_salth0.7","computer_vision","3","42.05"
"5184","134-W2021009-275_R1_5dpi","Jan26_23-15-35_2026_up0.95_dwn0.3_infg0.3_spth0.5_salth0.7","computer_vision","3","17.26"
"5185","137-W2021010-342_R2_5dpi","Jan26_23-15-35_2026_up0.95_dwn0.3_infg0.3_spth0.5_salth0.7","computer_vision","3","1.05"
"5186","138-W2021010-446_R1_5dpi","Jan26_23-15-35_2026_up0.95_dwn0.3_infg0.3_spth0.5_salth0.7","computer_vision","3","0.45"
"5187","141-W2021009-274_R1_5dpi","Jan26_23-15-35_2026_up0.95_dwn0.3_infg0.3_spth0.5_salth0.7","computer_vision","3","82.85"
"5188","143-W2021010-313_R2_5dpi","Jan26_23-15-35_2026_up0.95_dwn0.3_infg0.3_spth0.5_salth0.7","computer_vision","3","0.15"
"5189","148-W2021011-462_R2_5dpi","Jan26_23-15-35_2026_up0.95_dwn0.3_infg0.3_spth0.5_salth0.7","computer_vision","3","22.26"
"5190","149-W2021010-417_R1_5dpi","Jan26_23-15-35_2026_up0.95_dwn0.3_infg0.3_spth0.5_salth0.7","computer_vision","3","8.13"
"5191","154-W2021010-419_R1_5dpi","Jan26_23-15-35_2026_up0.95_dwn0.3_infg0.3_spth0.5_salth0.7","computer_vision","3","0.44"
"5192","155-W2021011-639_R1_5dpi","Jan26_23-15-35_2026_up0.95_dwn0.3_infg0.3_spth0.5_salth0.7","computer_vision","3","2.15"
"5193","156-W2021009-276_R2_5dpi","Jan26_23-15-35_2026_up0.95_dwn0.3_infg0.3_spth0.5_salth0.7","computer_vision","3","4.12"
"5194","158-W2021006-114_R1_5dpi","Jan26_23-15-35_2026_up0.95_dwn0.3_infg0.3_spth0.5_salth0.7","computer_vision","3","44.28"
"5195","167-W2021006-003_R2_5dpi","Jan26_23-15-35_2026_up0.95_dwn0.3_infg0.3_spth0.5_salth0.7","computer_vision","3","2.63"
"5196","169-W2021009-623_R2_5dpi","Jan26_23-15-35_2026_up0.95_dwn0.3_infg0.3_spth0.5_salth0.7","computer_vision","3","76.45"
"5197","169-W2021011-477_R1_5dpi","Jan26_23-15-35_2026_up0.95_dwn0.3_infg0.3_spth0.5_salth0.7","computer_vision","3","31.66"
"5198","172-W2021011-557_R2_5dpi","Jan26_23-15-35_2026_up0.95_dwn0.3_infg0.3_spth0.5_salth0.7","computer_vision","3","7.35"
"5199","173-W2021006-127_R2_5dpi","Jan26_23-15-35_2026_up0.95_dwn0.3_infg0.3_spth0.5_salth0.7","computer_vision","3","0.73"
"5200","174-W2021009-156_R2_5dpi","Jan26_23-15-35_2026_up0.95_dwn0.3_infg0.3_spth0.5_salth0.7","computer_vision","3","9.55"
"5201","176-W2021009-256_R2_5dpi","Jan26_23-15-35_2026_up0.95_dwn0.3_infg0.3_spth0.5_salth0.7","computer_vision","3","0.42"
"5202","177-W2021009-194_R1_5dpi","Jan26_23-15-35_2026_up0.95_dwn0.3_infg0.3_spth0.5_salth0.7","computer_vision","3","5.73"
"5203","180-W2021009-152_R1_5dpi","Jan26_23-15-35_2026_up0.95_dwn0.3_infg0.3_spth0.5_salth0.7","computer_vision","3","12.79"
"5204","180-W2021011-476_R2_5dpi","Jan26_23-15-35_2026_up0.95_dwn0.3_infg0.3_spth0.5_salth0.7","computer_vision","3","63.44"
"5205","182-W2021009-251_R1_5dpi","Jan26_23-15-35_2026_up0.95_dwn0.3_infg0.3_spth0.5_salth0.7","computer_vision","3","0.13"
"5206","183-W2021009-295_R1_5dpi","Jan26_23-15-35_2026_up0.95_dwn0.3_infg0.3_spth0.5_salth0.7","computer_vision","3","1.86"
"5207","185-W2021009-199_R1_5dpi","Jan26_23-15-35_2026_up0.95_dwn0.3_infg0.3_spth0.5_salth0.7","computer_vision","3","6.15"
"5208","185-W2021009-291_R2_5dpi","Jan26_23-15-35_2026_up0.95_dwn0.3_infg0.3_spth0.5_salth0.7","computer_vision","3","2.75"
"5209","187-W2021010-348_R2_5dpi","Jan26_23-15-35_2026_up0.95_dwn0.3_infg0.3_spth0.5_salth0.7","computer_vision","3","73.77"
"5210","191-W2021010-426_R2_5dpi","Jan26_23-15-35_2026_up0.95_dwn0.3_infg0.3_spth0.5_salth0.7","computer_vision","3","0.53"
"5211","191-W2021010-449_R1_5dpi","Jan26_23-15-35_2026_up0.95_dwn0.3_infg0.3_spth0.5_salth0.7","computer_vision","3","9.64"
"5212","192-W2021006-005_R1_5dpi","Jan26_23-15-35_2026_up0.95_dwn0.3_infg0.3_spth0.5_salth0.7","computer_vision","3","1.3"
"5213","206-W2021010-344_R1_5dpi","Jan26_23-15-35_2026_up0.95_dwn0.3_infg0.3_spth0.5_salth0.7","computer_vision","3","0.16"
"5214","207-W2021009-287_R2_5dpi","Jan26_23-15-35_2026_up0.95_dwn0.3_infg0.3_spth0.5_salth0.7","computer_vision","3","0.29"
"5215","208-W2021009-268_R2_5dpi","Jan26_23-15-35_2026_up0.95_dwn0.3_infg0.3_spth0.5_salth0.7","computer_vision","3","25.39"
"5216","209-W2021010-439_R2_5dpi","Jan26_23-15-35_2026_up0.95_dwn0.3_infg0.3_spth0.5_salth0.7","computer_vision","3","32.98"
"5217","211-W2021011-598_R2_5dpi","Jan26_23-15-35_2026_up0.95_dwn0.3_infg0.3_spth0.5_salth0.7","computer_vision","3","13.24"
"5218","215-W2021006-045_R2_5dpi","Jan26_23-15-35_2026_up0.95_dwn0.3_infg0.3_spth0.5_salth0.7","computer_vision","3","6.94"
"5219","223-W2021010-442_R2_5dpi","Jan26_23-15-35_2026_up0.95_dwn0.3_infg0.3_spth0.5_salth0.7","computer_vision","3","37.39"
"5220","226-W2021010-435_R1_5dpi","Jan26_23-15-35_2026_up0.95_dwn0.3_infg0.3_spth0.5_salth0.7","computer_vision","3","0.62"
"5221","230-W2021010-373_R2_5dpi","Jan26_23-15-35_2026_up0.95_dwn0.3_infg0.3_spth0.5_salth0.7","computer_vision","3","97.97"
"5222","233-W2021009-215_R2_5dpi","Jan26_23-15-35_2026_up0.95_dwn0.3_infg0.3_spth0.5_salth0.7","computer_vision","3","13.17"
"5223","240-Symphony_R2_5dpi","Jan26_23-15-35_2026_up0.95_dwn0.3_infg0.3_spth0.5_salth0.7","computer_vision","3","77.46"
"5224","254-W2021010-352_R2_5dpi","Jan26_23-15-35_2026_up0.95_dwn0.3_infg0.3_spth0.5_salth0.7","computer_vision","3","0"
"5225","266-W2021009-193_R1_5dpi","Jan26_23-15-35_2026_up0.95_dwn0.3_infg0.3_spth0.5_salth0.7","computer_vision","3","2.56"
"5226","313-W2021010-343_R1_5dpi","Jan26_23-15-35_2026_up0.95_dwn0.3_infg0.3_spth0.5_salth0.7","computer_vision","3","0.33"
"5227","336-W2021011-506_R2_5dpi","Jan26_23-15-35_2026_up0.95_dwn0.3_infg0.3_spth0.5_salth0.7","computer_vision","3","39.41"
"5228","004-NUGGET_R2_10dpi","Jan26_23-15-35_2026_up0.95_dwn0.3_spth0.7_salth0.5","computer_vision","3","40"
"5229","037-W2021009-277_R1_10dpi","Jan26_23-15-35_2026_up0.95_dwn0.3_spth0.7_salth0.5","computer_vision","3","92.18"
"5230","051-W2021011-583_R1_10dpi","Jan26_23-15-35_2026_up0.95_dwn0.3_spth0.7_salth0.5","computer_vision","3","87.47"
"5231","206-W2021009-271_R2_10dpi","Jan26_23-15-35_2026_up0.95_dwn0.3_spth0.7_salth0.5","computer_vision","3","82.81"
"5232","004-NUGGET_R2_10dpi","Jan26_23-15-35_2026_up0.95_dwn0.3_spth0.7_salth0.7","computer_vision","3","40"
"5233","037-W2021009-277_R1_10dpi","Jan26_23-15-35_2026_up0.95_dwn0.3_spth0.7_salth0.7","computer_vision","3","92.18"
"5234","051-W2021011-583_R1_10dpi","Jan26_23-15-35_2026_up0.95_dwn0.3_spth0.7_salth0.7","computer_vision","3","87.47"
"5235","206-W2021009-271_R2_10dpi","Jan26_23-15-35_2026_up0.95_dwn0.3_spth0.7_salth0.7","computer_vision","3","82.81"
"5236","002-W2021006-081_R1_5dpi","Jan26_23-15-35_2026_up0.95_dwn0.3_spth0.5_salth0.05","computer_vision","3","0.48"
"5237","023-W2021010-305_R2_5dpi","Jan26_23-15-35_2026_up0.95_dwn0.3_spth0.5_salth0.05","computer_vision","3","5.56"
"5238","055-W2021010-397_R2_5dpi","Jan26_23-15-35_2026_up0.95_dwn0.3_spth0.5_salth0.05","computer_vision","3","5"
"5239","127-W2021009-292_R2_5dpi","Jan26_23-15-35_2026_up0.95_dwn0.3_spth0.5_salth0.05","computer_vision","3","78.57"
"5240","141-W2021009-274_R1_5dpi","Jan26_23-15-35_2026_up0.95_dwn0.3_spth0.5_salth0.05","computer_vision","3","83.43"
"5241","158-W2021006-114_R1_5dpi","Jan26_23-15-35_2026_up0.95_dwn0.3_spth0.5_salth0.05","computer_vision","3","44.37"
"5242","169-W2021009-623_R2_5dpi","Jan26_23-15-35_2026_up0.95_dwn0.3_spth0.5_salth0.05","computer_vision","3","76.42"
"5243","169-W2021011-477_R1_5dpi","Jan26_23-15-35_2026_up0.95_dwn0.3_spth0.5_salth0.05","computer_vision","3","31.76"
"5244","180-W2021011-476_R2_5dpi","Jan26_23-15-35_2026_up0.95_dwn0.3_spth0.5_salth0.05","computer_vision","3","63.98"
"5245","185-W2021009-199_R1_5dpi","Jan26_23-15-35_2026_up0.95_dwn0.3_spth0.5_salth0.05","computer_vision","3","6.16"
"5246","187-W2021010-348_R2_5dpi","Jan26_23-15-35_2026_up0.95_dwn0.3_spth0.5_salth0.05","computer_vision","3","73.94"
"5247","208-W2021009-268_R2_5dpi","Jan26_23-15-35_2026_up0.95_dwn0.3_spth0.5_salth0.05","computer_vision","3","27.3"
"5248","209-W2021010-439_R2_5dpi","Jan26_23-15-35_2026_up0.95_dwn0.3_spth0.5_salth0.05","computer_vision","3","33.18"
"5249","230-W2021010-373_R2_5dpi","Jan26_23-15-35_2026_up0.95_dwn0.3_spth0.5_salth0.05","computer_vision","3","98.1"
"5250","240-Symphony_R2_5dpi","Jan26_23-15-35_2026_up0.95_dwn0.3_spth0.5_salth0.05","computer_vision","3","77.36"
"5251","002-W2021006-081_R1_5dpi","Jan26_23-15-35_2026_up0.95_dwn0.3_spth0.5_salth0.1","computer_vision","3","0.48"
"5252","023-W2021010-305_R2_5dpi","Jan26_23-15-35_2026_up0.95_dwn0.3_spth0.5_salth0.1","computer_vision","3","5.56"
"5253","055-W2021010-397_R2_5dpi","Jan26_23-15-35_2026_up0.95_dwn0.3_spth0.5_salth0.1","computer_vision","3","5"
"5254","127-W2021009-292_R2_5dpi","Jan26_23-15-35_2026_up0.95_dwn0.3_spth0.5_salth0.1","computer_vision","3","78.57"
"5255","141-W2021009-274_R1_5dpi","Jan26_23-15-35_2026_up0.95_dwn0.3_spth0.5_salth0.1","computer_vision","3","83.43"
"5256","158-W2021006-114_R1_5dpi","Jan26_23-15-35_2026_up0.95_dwn0.3_spth0.5_salth0.1","computer_vision","3","44.37"
"5257","169-W2021009-623_R2_5dpi","Jan26_23-15-35_2026_up0.95_dwn0.3_spth0.5_salth0.1","computer_vision","3","76.42"
"5258","169-W2021011-477_R1_5dpi","Jan26_23-15-35_2026_up0.95_dwn0.3_spth0.5_salth0.1","computer_vision","3","31.76"
"5259","180-W2021011-476_R2_5dpi","Jan26_23-15-35_2026_up0.95_dwn0.3_spth0.5_salth0.1","computer_vision","3","63.98"
"5260","185-W2021009-199_R1_5dpi","Jan26_23-15-35_2026_up0.95_dwn0.3_spth0.5_salth0.1","computer_vision","3","6.16"
"5261","187-W2021010-348_R2_5dpi","Jan26_23-15-35_2026_up0.95_dwn0.3_spth0.5_salth0.1","computer_vision","3","73.94"
"5262","208-W2021009-268_R2_5dpi","Jan26_23-15-35_2026_up0.95_dwn0.3_spth0.5_salth0.1","computer_vision","3","27.3"
"5263","209-W2021010-439_R2_5dpi","Jan26_23-15-35_2026_up0.95_dwn0.3_spth0.5_salth0.1","computer_vision","3","33.18"
"5264","230-W2021010-373_R2_5dpi","Jan26_23-15-35_2026_up0.95_dwn0.3_spth0.5_salth0.1","computer_vision","3","98.1"
"5265","240-Symphony_R2_5dpi","Jan26_23-15-35_2026_up0.95_dwn0.3_spth0.5_salth0.1","computer_vision","3","77.36"
"5266","002-W2021006-081_R1_5dpi","Jan26_23-15-35_2026_up0.95_dwn0.3_spth0.5_salth0.2","computer_vision","3","0.48"
"5267","023-W2021010-305_R2_5dpi","Jan26_23-15-35_2026_up0.95_dwn0.3_spth0.5_salth0.2","computer_vision","3","5.56"
"5268","055-W2021010-397_R2_5dpi","Jan26_23-15-35_2026_up0.95_dwn0.3_spth0.5_salth0.2","computer_vision","3","5"
"5269","127-W2021009-292_R2_5dpi","Jan26_23-15-35_2026_up0.95_dwn0.3_spth0.5_salth0.2","computer_vision","3","78.57"
"5270","141-W2021009-274_R1_5dpi","Jan26_23-15-35_2026_up0.95_dwn0.3_spth0.5_salth0.2","computer_vision","3","83.43"
"5271","158-W2021006-114_R1_5dpi","Jan26_23-15-35_2026_up0.95_dwn0.3_spth0.5_salth0.2","computer_vision","3","44.37"
"5272","169-W2021009-623_R2_5dpi","Jan26_23-15-35_2026_up0.95_dwn0.3_spth0.5_salth0.2","computer_vision","3","76.42"
"5273","169-W2021011-477_R1_5dpi","Jan26_23-15-35_2026_up0.95_dwn0.3_spth0.5_salth0.2","computer_vision","3","31.76"
"5274","180-W2021011-476_R2_5dpi","Jan26_23-15-35_2026_up0.95_dwn0.3_spth0.5_salth0.2","computer_vision","3","63.98"
"5275","185-W2021009-199_R1_5dpi","Jan26_23-15-35_2026_up0.95_dwn0.3_spth0.5_salth0.2","computer_vision","3","6.16"
"5276","187-W2021010-348_R2_5dpi","Jan26_23-15-35_2026_up0.95_dwn0.3_spth0.5_salth0.2","computer_vision","3","73.94"
"5277","208-W2021009-268_R2_5dpi","Jan26_23-15-35_2026_up0.95_dwn0.3_spth0.5_salth0.2","computer_vision","3","27.3"
"5278","209-W2021010-439_R2_5dpi","Jan26_23-15-35_2026_up0.95_dwn0.3_spth0.5_salth0.2","computer_vision","3","33.18"
"5279","230-W2021010-373_R2_5dpi","Jan26_23-15-35_2026_up0.95_dwn0.3_spth0.5_salth0.2","computer_vision","3","98.1"
"5280","240-Symphony_R2_5dpi","Jan26_23-15-35_2026_up0.95_dwn0.3_spth0.5_salth0.2","computer_vision","3","77.36"
"5281","002-W2021006-081_R1_5dpi","Jan26_23-15-35_2026_up0.95_dwn0.3_spth0.5_salth0.3","computer_vision","3","0.48"
"5282","023-W2021010-305_R2_5dpi","Jan26_23-15-35_2026_up0.95_dwn0.3_spth0.5_salth0.3","computer_vision","3","5.56"
"5283","055-W2021010-397_R2_5dpi","Jan26_23-15-35_2026_up0.95_dwn0.3_spth0.5_salth0.3","computer_vision","3","5"
"5284","127-W2021009-292_R2_5dpi","Jan26_23-15-35_2026_up0.95_dwn0.3_spth0.5_salth0.3","computer_vision","3","78.57"
"5285","141-W2021009-274_R1_5dpi","Jan26_23-15-35_2026_up0.95_dwn0.3_spth0.5_salth0.3","computer_vision","3","83.43"
"5286","158-W2021006-114_R1_5dpi","Jan26_23-15-35_2026_up0.95_dwn0.3_spth0.5_salth0.3","computer_vision","3","44.37"
"5287","169-W2021009-623_R2_5dpi","Jan26_23-15-35_2026_up0.95_dwn0.3_spth0.5_salth0.3","computer_vision","3","76.42"
"5288","169-W2021011-477_R1_5dpi","Jan26_23-15-35_2026_up0.95_dwn0.3_spth0.5_salth0.3","computer_vision","3","31.76"
"5289","180-W2021011-476_R2_5dpi","Jan26_23-15-35_2026_up0.95_dwn0.3_spth0.5_salth0.3","computer_vision","3","63.98"
"5290","185-W2021009-199_R1_5dpi","Jan26_23-15-35_2026_up0.95_dwn0.3_spth0.5_salth0.3","computer_vision","3","6.16"
"5291","187-W2021010-348_R2_5dpi","Jan26_23-15-35_2026_up0.95_dwn0.3_spth0.5_salth0.3","computer_vision","3","73.94"
"5292","208-W2021009-268_R2_5dpi","Jan26_23-15-35_2026_up0.95_dwn0.3_spth0.5_salth0.3","computer_vision","3","27.3"
"5293","209-W2021010-439_R2_5dpi","Jan26_23-15-35_2026_up0.95_dwn0.3_spth0.5_salth0.3","computer_vision","3","33.18"
"5294","230-W2021010-373_R2_5dpi","Jan26_23-15-35_2026_up0.95_dwn0.3_spth0.5_salth0.3","computer_vision","3","98.1"
"5295","240-Symphony_R2_5dpi","Jan26_23-15-35_2026_up0.95_dwn0.3_spth0.5_salth0.3","computer_vision","3","77.36"
